product,effective_date,rate_label,base_label,tier_seq,initial,maintenance,currency,source_file,capture_ts,fmt,conflict_flag
6E,2000-01-01,Hedge/Member,hedge/member,1,1620.0,1620.0,USD,EC_prior_to_2009.pdf,20121109075907,OLD-B,
6E,2000-01-01,Spec,spec,1,2187.0,1620.0,USD,EC_prior_to_2009.pdf,20121109075907,OLD-B,
6E,2000-02-03,Hedge/Member,hedge/member,1,1800.0,1800.0,USD,EC_prior_to_2009.pdf,20121109075907,OLD-B,
6E,2000-02-03,Spec,spec,1,2430.0,1800.0,USD,EC_prior_to_2009.pdf,20121109075907,OLD-B,
6E,2000-05-30,Hedge/Member,hedge/member,1,2400.0,2400.0,USD,EC_prior_to_2009.pdf,20121109075907,OLD-B,
6E,2000-05-30,Spec,spec,1,3240.0,2400.0,USD,EC_prior_to_2009.pdf,20121109075907,OLD-B,
6E,2000-06-29,Hedge/Member,hedge/member,1,1800.0,1800.0,USD,EC_prior_to_2009.pdf,20121109075907,OLD-B,
6E,2000-06-29,Spec,spec,1,2430.0,1800.0,USD,EC_prior_to_2009.pdf,20121109075907,OLD-B,
6E,2000-08-31,Hedge/Member,hedge/member,1,1500.0,1500.0,USD,EC_prior_to_2009.pdf,20121109075907,OLD-B,
6E,2000-08-31,Spec,spec,1,2025.0,1500.0,USD,EC_prior_to_2009.pdf,20121109075907,OLD-B,
6E,2000-10-05,Hedge/Member,hedge/member,1,2400.0,2400.0,USD,EC_prior_to_2009.pdf,20121109075907,OLD-B,
6E,2000-10-05,Spec,spec,1,3240.0,2400.0,USD,EC_prior_to_2009.pdf,20121109075907,OLD-B,
6E,2000-11-02,Hedge/Member,hedge/member,1,2160.0,2160.0,USD,EC_prior_to_2009.pdf,20121109075907,OLD-B,
6E,2000-11-02,Spec,spec,1,2916.0,2160.0,USD,EC_prior_to_2009.pdf,20121109075907,OLD-B,
6E,2000-12-07,Hedge/Member,hedge/member,1,1800.0,1800.0,USD,EC_prior_to_2009.pdf,20121109075907,OLD-B,
6E,2000-12-07,Spec,spec,1,2430.0,1800.0,USD,EC_prior_to_2009.pdf,20121109075907,OLD-B,
6E,2001-01-04,Hedge/Member,hedge/member,1,1650.0,1650.0,USD,EC_prior_to_2009.pdf,20121109075907,OLD-B,
6E,2001-01-04,Spec,spec,1,2228.0,1650.0,USD,EC_prior_to_2009.pdf,20121109075907,OLD-B,
6E,2001-02-01,Hedge/Member,hedge/member,1,2520.0,2520.0,USD,EC_prior_to_2009.pdf,20121109075907,OLD-B,
6E,2001-02-01,Spec,spec,1,3402.0,2520.0,USD,EC_prior_to_2009.pdf,20121109075907,OLD-B,
6E,2001-03-01,Hedge/Member,hedge/member,1,1860.0,1860.0,USD,EC_prior_to_2009.pdf,20121109075907,OLD-B,
6E,2001-03-01,Spec,spec,1,2511.0,1860.0,USD,EC_prior_to_2009.pdf,20121109075907,OLD-B,
6E,2001-03-29,Hedge/Member,hedge/member,1,1980.0,1980.0,USD,EC_prior_to_2009.pdf,20121109075907,OLD-B,
6E,2001-03-29,Spec,spec,1,2673.0,1980.0,USD,EC_prior_to_2009.pdf,20121109075907,OLD-B,
6E,2001-05-03,Hedge/Member,hedge/member,1,1860.0,1860.0,USD,EC_prior_to_2009.pdf,20121109075907,OLD-B,
6E,2001-05-03,Spec,spec,1,2511.0,1860.0,USD,EC_prior_to_2009.pdf,20121109075907,OLD-B,
6E,2001-06-07,Hedge/Member,hedge/member,1,1740.0,1740.0,USD,EC_prior_to_2009.pdf,20121109075907,OLD-B,
6E,2001-06-07,Spec,spec,1,2349.0,1740.0,USD,EC_prior_to_2009.pdf,20121109075907,OLD-B,
6E,2001-09-06,Hedge/Member,hedge/member,1,1600.0,1600.0,USD,EC_prior_to_2009.pdf,20121109075907,OLD-B,
6E,2001-09-06,Spec,spec,1,2160.0,1600.0,USD,EC_prior_to_2009.pdf,20121109075907,OLD-B,
6E,2001-11-01,Hedge/Member,hedge/member,1,1500.0,1500.0,USD,EC_prior_to_2009.pdf,20121109075907,OLD-B,
6E,2001-11-01,Spec,spec,1,2025.0,1500.0,USD,EC_prior_to_2009.pdf,20121109075907,OLD-B,
6E,2002-01-31,Hedge/Member,hedge/member,1,1600.0,1600.0,USD,EC_prior_to_2009.pdf,20121109075907,OLD-B,
6E,2002-01-31,Spec,spec,1,2160.0,1600.0,USD,EC_prior_to_2009.pdf,20121109075907,OLD-B,
6E,2002-03-12,Hedge/Member,hedge/member,1,1500.0,1500.0,USD,EC_prior_to_2009.pdf,20121109075907,OLD-B,
6E,2002-03-12,Spec,spec,1,2025.0,1500.0,USD,EC_prior_to_2009.pdf,20121109075907,OLD-B,
6E,2002-05-30,Hedge/Member,hedge/member,1,1400.0,1400.0,USD,EC_prior_to_2009.pdf,20121109075907,OLD-B,
6E,2002-05-30,Spec,spec,1,1890.0,1400.0,USD,EC_prior_to_2009.pdf,20121109075907,OLD-B,
6E,2002-08-01,Hedge/Member,hedge/member,1,1800.0,1800.0,USD,EC_prior_to_2009.pdf,20121109075907,OLD-B,
6E,2002-08-01,Spec,spec,1,2430.0,1800.0,USD,EC_prior_to_2009.pdf,20121109075907,OLD-B,
6E,2002-08-29,Hedge/Member,hedge/member,1,2000.0,2000.0,USD,EC_prior_to_2009.pdf,20121109075907,OLD-B,
6E,2002-08-29,Spec,spec,1,2700.0,2000.0,USD,EC_prior_to_2009.pdf,20121109075907,OLD-B,
6E,2002-10-29,Hedge/Member,hedge/member,1,1900.0,1900.0,USD,EC_prior_to_2009.pdf,20121109075907,OLD-B,
6E,2002-10-29,Spec,spec,1,2565.0,1900.0,USD,EC_prior_to_2009.pdf,20121109075907,OLD-B,
6E,2002-12-05,Hedge/Member,hedge/member,1,1700.0,1700.0,USD,EC_prior_to_2009.pdf,20121109075907,OLD-B,
6E,2002-12-05,Spec,spec,1,2295.0,1700.0,USD,EC_prior_to_2009.pdf,20121109075907,OLD-B,
6E,2003-02-06,Hedge/Member,hedge/member,1,1600.0,1600.0,USD,EC_prior_to_2009.pdf,20121109075907,OLD-B,
6E,2003-02-06,Spec,spec,1,2160.0,1600.0,USD,EC_prior_to_2009.pdf,20121109075907,OLD-B,
6E,2003-03-06,Hedge/Member,hedge/member,1,1400.0,1400.0,USD,EC_prior_to_2009.pdf,20121109075907,OLD-B,
6E,2003-03-06,Spec,spec,1,1890.0,1400.0,USD,EC_prior_to_2009.pdf,20121109075907,OLD-B,
6E,2003-05-08,Hedge/Member,hedge/member,1,1700.0,1700.0,USD,EC_prior_to_2009.pdf,20121109075907,OLD-B,
6E,2003-05-08,Spec,spec,1,2295.0,1700.0,USD,EC_prior_to_2009.pdf,20121109075907,OLD-B,
6E,2003-06-05,Hedge/Member,hedge/member,1,2000.0,2000.0,USD,EC_prior_to_2009.pdf,20121109075907,OLD-B,
6E,2003-06-05,Spec,spec,1,2700.0,2000.0,USD,EC_prior_to_2009.pdf,20121109075907,OLD-B,
6E,2003-08-05,Hedge/Member,hedge/member,1,1800.0,1800.0,USD,EC_prior_to_2009.pdf,20121109075907,OLD-B,
6E,2003-08-05,Spec,spec,1,2430.0,1800.0,USD,EC_prior_to_2009.pdf,20121109075907,OLD-B,
6E,2003-10-02,Hedge/Member,hedge/member,1,1850.0,1850.0,USD,EC_prior_to_2009.pdf,20121109075907,OLD-B,
6E,2003-10-02,Spec,spec,1,2498.0,1850.0,USD,EC_prior_to_2009.pdf,20121109075907,OLD-B,
6E,2004-01-30,Hedge/Member,hedge/member,1,2400.0,2400.0,USD,EC_prior_to_2009.pdf,20121109075907,OLD-B,
6E,2004-01-30,Spec,spec,1,3240.0,2400.0,USD,EC_prior_to_2009.pdf,20121109075907,OLD-B,
6E,2004-03-15,Hedge/Member,hedge/member,1,2400.0,2400.0,USD,EC_prior_to_2009.pdf,20121109075907,OLD-B,
6E,2004-03-15,Spec,spec,1,3240.0,2400.0,USD,EC_prior_to_2009.pdf,20121109075907,OLD-B,
6E,2004-09-28,Hedge/Member,hedge/member,1,2000.0,2000.0,USD,EC_prior_to_2009.pdf,20121109075907,OLD-B,
6E,2004-09-28,Spec,spec,1,2700.0,2000.0,USD,EC_prior_to_2009.pdf,20121109075907,OLD-B,
6E,2004-12-20,Hedge/Member,hedge/member,1,2200.0,2200.0,USD,EC_prior_to_2009.pdf,20121109075907,OLD-B,
6E,2004-12-20,Spec,spec,1,2970.0,2200.0,USD,EC_prior_to_2009.pdf,20121109075907,OLD-B,
6E,2005-04-01,Hedge/Member,hedge/member,1,2000.0,2000.0,USD,EC_prior_to_2009.pdf,20121109075907,OLD-B,
6E,2005-04-01,Spec,spec,1,2700.0,2000.0,USD,EC_prior_to_2009.pdf,20121109075907,OLD-B,
6E,2005-04-28,Hedge/Member,hedge/member,1,1900.0,1900.0,USD,EC_prior_to_2009.pdf,20121109075907,OLD-B,
6E,2005-04-28,Spec,spec,1,2565.0,1900.0,USD,EC_prior_to_2009.pdf,20121109075907,OLD-B,
6E,2005-07-01,Hedge/Member,hedge/member,1,2300.0,2300.0,USD,EC_prior_to_2009.pdf,20121109075907,OLD-B,
6E,2005-07-01,Spec,spec,1,3105.0,2300.0,USD,EC_prior_to_2009.pdf,20121109075907,OLD-B,
6E,2005-10-05,Hedge/Member,hedge/member,1,2100.0,2100.0,USD,EC_prior_to_2009.pdf,20121109075907,OLD-B,
6E,2005-10-05,Spec,spec,1,2835.0,2100.0,USD,EC_prior_to_2009.pdf,20121109075907,OLD-B,
6E,2006-10-17,Hedge/Member,hedge/member,1,1900.0,1900.0,USD,EC_prior_to_2009.pdf,20121109075907,OLD-B,
6E,2006-10-17,Spec,spec,1,2565.0,1900.0,USD,EC_prior_to_2009.pdf,20121109075907,OLD-B,
6E,2007-01-25,Hedge/Member,hedge/member,1,1700.0,1700.0,USD,EC_prior_to_2009.pdf,20121109075907,OLD-B,
6E,2007-01-25,Spec,spec,1,2295.0,1700.0,USD,EC_prior_to_2009.pdf,20121109075907,OLD-B,
6E,2007-04-26,Hedge/Member,hedge/member,1,1500.0,1500.0,USD,EC_prior_to_2009.pdf,20121109075907,OLD-B,
6E,2007-04-26,Spec,spec,1,2025.0,1500.0,USD,EC_prior_to_2009.pdf,20121109075907,OLD-B,
6E,2007-12-10,Hedge/Member,hedge/member,1,1900.0,1900.0,USD,EC_prior_to_2009.pdf,20121109075907,OLD-B,
6E,2007-12-10,Spec,spec,1,2565.0,1900.0,USD,EC_prior_to_2009.pdf,20121109075907,OLD-B,
6E,2008-01-28,Hedge/Member,hedge/member,1,2100.0,2100.0,USD,EC_2008_to_present.pdf,20121109075818,OLD-A,
6E,2008-01-28,Spec,spec,1,2835.0,2100.0,USD,EC_2008_to_present.pdf,20121109075818,OLD-A,initial_restated
6E,2008-03-18,Hedge/Member,hedge/member,1,2200.0,2200.0,USD,EC_2008_to_present.pdf,20121109075818,OLD-A,
6E,2008-03-18,Spec,spec,1,2970.0,2200.0,USD,EC_2008_to_present.pdf,20121109075818,OLD-A,initial_restated
6E,2008-03-25,Hedge/Member,hedge/member,1,2300.0,2300.0,USD,EC_2008_to_present.pdf,20121109075818,OLD-A,
6E,2008-03-25,Spec,spec,1,3105.0,2300.0,USD,EC_2008_to_present.pdf,20121109075818,OLD-A,initial_restated
6E,2008-03-28,Hedge/Member,hedge/member,1,2600.0,2600.0,USD,EC_2008_to_present.pdf,20121109075818,OLD-A,
6E,2008-03-28,Spec,spec,1,3510.0,2600.0,USD,EC_2008_to_present.pdf,20121109075818,OLD-A,initial_restated
6E,2008-06-05,Hedge/Member,hedge/member,1,2300.0,2300.0,USD,EC_2008_to_present.pdf,20121109075818,OLD-A,
6E,2008-06-05,Spec,spec,1,3105.0,2300.0,USD,EC_2008_to_present.pdf,20121109075818,OLD-A,initial_restated
6E,2008-07-17,Hedge/Member,hedge/member,1,2400.0,2400.0,USD,EC_2008_to_present.pdf,20121109075818,OLD-A,
6E,2008-07-17,Spec,spec,1,3240.0,2400.0,USD,EC_2008_to_present.pdf,20121109075818,OLD-A,initial_restated
6E,2008-09-24,Hedge/Member,hedge/member,1,3400.0,3400.0,USD,EC_2008_to_present.pdf,20121109075818,OLD-A,
6E,2008-09-24,Spec,spec,1,4590.0,3400.0,USD,EC_2008_to_present.pdf,20121109075818,OLD-A,initial_restated
6E,2008-10-02,Hedge/Member,hedge/member,1,4300.0,4300.0,USD,EC_2008_to_present.pdf,20121109075818,OLD-A,
6E,2008-10-02,Spec,spec,1,5805.0,4300.0,USD,EC_2008_to_present.pdf,20121109075818,OLD-A,initial_restated
6E,2008-10-09,Hedge/Member,hedge/member,1,4500.0,4500.0,USD,EC_2008_to_present.pdf,20121109075818,OLD-A,
6E,2008-10-09,Spec,spec,1,6075.0,4500.0,USD,EC_2008_to_present.pdf,20121109075818,OLD-A,initial_restated
6E,2008-12-24,Hedge/Member,hedge/member,1,4700.0,4700.0,USD,EC_2008_to_present.pdf,20121109075818,OLD-A,
6E,2008-12-24,Spec,spec,1,6345.0,4700.0,USD,EC_2008_to_present.pdf,20121109075818,OLD-A,initial_restated
6E,2009-03-12,Hedge/Member,hedge/member,1,4500.0,4500.0,USD,EC_2008_to_present.pdf,20121109075818,OLD-A,
6E,2009-03-12,Spec,spec,1,6075.0,4500.0,USD,EC_2008_to_present.pdf,20121109075818,OLD-A,initial_restated
6E,2009-05-01,Hedge/Member,hedge/member,1,3500.0,3500.0,USD,EC_2008_to_present.pdf,20121109075818,OLD-A,
6E,2009-05-01,Spec,spec,1,4725.0,3500.0,USD,EC_2008_to_present.pdf,20121109075818,OLD-A,initial_restated
6E,2009-10-13,Hedge/Member,hedge/member,1,3000.0,3000.0,USD,EC_2008_to_present.pdf,20121109075818,OLD-A,
6E,2009-10-13,Spec,spec,1,4050.0,3000.0,USD,EC_2008_to_present.pdf,20121109075818,OLD-A,initial_restated
6E,2010-03-09,Hedge/Member,hedge/member,1,2500.0,2500.0,USD,EC_2008_to_present.pdf,20121109075818,OLD-A,
6E,2010-03-09,Spec,spec,1,3375.0,2500.0,USD,EC_2008_to_present.pdf,20121109075818,OLD-A,initial_restated
6E,2010-05-10,Hedge/Member,hedge/member,1,3000.0,3000.0,USD,EC_2008_to_present.pdf,20121109075818,OLD-A,
6E,2010-05-10,Spec,spec,1,4050.0,3000.0,USD,EC_2008_to_present.pdf,20121109075818,OLD-A,initial_restated
6E,2010-11-19,Hedge/Member,hedge/member,1,3200.0,3200.0,USD,EC_2008_to_present.pdf,20121109075818,OLD-A,
6E,2010-11-19,Spec,spec,1,4320.0,3200.0,USD,EC_2008_to_present.pdf,20121109075818,OLD-A,initial_restated
6E,2011-03-28,Hedge/Member,hedge/member,1,3000.0,3000.0,USD,EC_2008_to_present.pdf,20121109075818,OLD-A,
6E,2011-03-28,Spec,spec,1,4050.0,3000.0,USD,EC_2008_to_present.pdf,20121109075818,OLD-A,initial_restated
6E,2011-05-10,Hedge/Member,hedge/member,1,4000.0,4000.0,USD,EC_2008_to_present.pdf,20121109075818,OLD-A,
6E,2011-05-10,Spec,spec,1,5400.0,4000.0,USD,EC_2008_to_present.pdf,20121109075818,OLD-A,initial_restated
6E,2012-03-26,Hedge/Member,hedge/member,1,3500.0,3500.0,USD,EC_2008_to_present.pdf,20121109075818,OLD-A,
6E,2012-03-26,Spec,spec,1,4725.0,3500.0,USD,EC_2008_to_present.pdf,20121109075818,OLD-A,initial_restated
6E,2012-06-29,Hedge/Member,hedge/member,1,3000.0,3000.0,USD,EC_2008_to_present.pdf,20121109075818,OLD-A,
6E,2012-06-29,Spec,spec,1,4050.0,3000.0,USD,EC_2008_to_present.pdf,20121109075818,OLD-A,initial_restated
6E,2012-12-26,Hedge/Member,hedge/member,1,2500.0,2500.0,USD,EC_2008_to_present.pdf,20130326062952,OLD-A,
6E,2012-12-26,Spec,spec,1,2750.0,2500.0,USD,EC_2008_to_present.pdf,20130326062952,OLD-A,
6E,2013-01-15,Hedge/Member,hedge/member,1,2250.0,2250.0,USD,EC_2008_to_present.pdf,20130326062952,OLD-A,
6E,2013-01-15,Spec,spec,1,2475.0,2250.0,USD,EC_2008_to_present.pdf,20130326062952,OLD-A,
6E,2013-07-02,Hedge/Member,hedge/member,1,2250.0,2250.0,USD,EC_2008_to_present.pdf,20150501043052,OLD-A,
6E,2013-07-02,Spec,spec,1,2475.0,2250.0,USD,EC_2008_to_present.pdf,20150501043052,OLD-A,
6E,2013-07-16,Hedge/Member,hedge/member,1,2500.0,2500.0,USD,EC_2008_to_present.pdf,20150501043052,OLD-A,
6E,2013-07-16,Spec,spec,1,2750.0,2500.0,USD,EC_2008_to_present.pdf,20150501043052,OLD-A,
6E,2013-11-22,Hedge/Member,hedge/member,1,2250.0,2250.0,USD,EC_2008_to_present.pdf,20150501043052,OLD-A,
6E,2013-11-22,Spec,spec,1,2475.0,2250.0,USD,EC_2008_to_present.pdf,20150501043052,OLD-A,
6E,2014-05-30,Hedge/Member,hedge/member,1,2000.0,2000.0,USD,EC_2008_to_present.pdf,20150501043052,OLD-A,
6E,2014-05-30,Spec,spec,1,2200.0,2000.0,USD,EC_2008_to_present.pdf,20150501043052,OLD-A,
6E,2014-07-18,Hedge/Member,hedge/member,1,1750.0,1750.0,USD,EC_2008_to_present.pdf,20150501043052,OLD-A,
6E,2014-07-18,Spec,spec,1,1925.0,1750.0,USD,EC_2008_to_present.pdf,20150501043052,OLD-A,
6E,2014-09-12,Hedge/Member,hedge/member,1,2000.0,2000.0,USD,EC_2008_to_present.pdf,20150501043052,OLD-A,
6E,2014-09-12,Spec,spec,1,2200.0,2000.0,USD,EC_2008_to_present.pdf,20150501043052,OLD-A,
6E,2014-10-31,Hedge/Member,hedge/member,1,2100.0,2100.0,USD,EC_2008_to_present.pdf,20150501043052,OLD-A,
6E,2014-10-31,Spec,spec,1,2310.0,2100.0,USD,EC_2008_to_present.pdf,20150501043052,OLD-A,
6E,2014-12-05,Hedge/Member,hedge/member,1,2400.0,2400.0,USD,EC_2008_to_present.pdf,20150501043052,OLD-A,
6E,2014-12-05,Spec,spec,1,2640.0,2400.0,USD,EC_2008_to_present.pdf,20150501043052,OLD-A,
6E,2015-01-09,Hedge/Member,hedge/member,1,2600.0,2600.0,USD,EC_2008_to_present.pdf,20150501043052,OLD-A,
6E,2015-01-09,Spec,spec,1,2860.0,2600.0,USD,EC_2008_to_present.pdf,20150501043052,OLD-A,
6E,2015-01-16,Hedge/Member,hedge/member,1,2800.0,2800.0,USD,EC_2008_to_present.pdf,20150501043052,OLD-A,
6E,2015-01-16,Spec,spec,1,3080.0,2800.0,USD,EC_2008_to_present.pdf,20150501043052,OLD-A,
6E,2015-01-20,Hedge/Member,hedge/member,1,3100.0,3100.0,USD,EC_2008_to_present.pdf,20150501043052,OLD-A,
6E,2015-01-20,Spec,spec,1,3410.0,3100.0,USD,EC_2008_to_present.pdf,20150501043052,OLD-A,
6E,2015-05-01,Hedge/Member,hedge/member,1,3300.0,3300.0,USD,EC_2008_to_present.pdf,20161130152107,OLD-A,
6E,2015-05-01,Spec,spec,1,3630.0,3300.0,USD,EC_2008_to_present.pdf,20161130152107,OLD-A,
6E,2015-07-01,Hedge/Member,hedge/member,1,3550.0,3550.0,USD,EC_2008_to_present.pdf,20161130152107,OLD-A,
6E,2015-07-01,Spec,spec,1,3905.0,3550.0,USD,EC_2008_to_present.pdf,20161130152107,OLD-A,
6E,2015-10-30,Hedge/Member,hedge/member,1,3300.0,3300.0,USD,EC_2008_to_present.pdf,20161130152107,OLD-A,
6E,2015-10-30,Spec,spec,1,3630.0,3300.0,USD,EC_2008_to_present.pdf,20161130152107,OLD-A,
6E,2015-12-07,Hedge/Member,hedge/member,1,3550.0,3550.0,USD,EC_2008_to_present.pdf,20161130152107,OLD-A,
6E,2015-12-07,Spec,spec,1,3905.0,3550.0,USD,EC_2008_to_present.pdf,20161130152107,OLD-A,
6E,2016-04-15,Hedge/Member,hedge/member,1,3350.0,3350.0,USD,EC_2008_to_present.pdf,20161130152107,OLD-A,
6E,2016-04-15,Spec,spec,1,3685.0,3350.0,USD,EC_2008_to_present.pdf,20161130152107,OLD-A,
6E,2016-06-27,Hedge/Member,hedge/member,1,3675.0,3675.0,USD,EC_2008_to_present.pdf,20161130152107,OLD-A,
6E,2016-06-27,Spec,spec,1,4042.5,3675.0,USD,EC_2008_to_present.pdf,20161130152107,OLD-A,
6E,2016-07-29,Hedge/Member,hedge/member,1,3350.0,3350.0,USD,EC_2008_to_present.pdf,20161130152107,OLD-A,
6E,2016-07-29,Spec,spec,1,3685.0,3350.0,USD,EC_2008_to_present.pdf,20161130152107,OLD-A,
6J,2000-02-03,Hedge/Member,hedge/member,1,2100.0,2100.0,USD,JY_prior_to_2009.pdf,20121109080040,OLD-B,
6J,2000-02-03,Spec,spec,1,2835.0,2100.0,USD,JY_prior_to_2009.pdf,20121109080040,OLD-B,
6J,2000-04-24,Hedge/Member,hedge/member,1,3120.0,3120.0,USD,JY_prior_to_2009.pdf,20121109080040,OLD-B,
6J,2000-04-24,Spec,spec,1,4212.0,3120.0,USD,JY_prior_to_2009.pdf,20121109080040,OLD-B,
6J,2000-08-03,Hedge/Member,hedge/member,1,2700.0,2700.0,USD,JY_prior_to_2009.pdf,20121109080040,OLD-B,
6J,2000-08-03,Spec,spec,1,3645.0,2700.0,USD,JY_prior_to_2009.pdf,20121109080040,OLD-B,
6J,2000-10-05,Hedge/Member,hedge/member,1,2400.0,2400.0,USD,JY_prior_to_2009.pdf,20121109080040,OLD-B,
6J,2000-10-05,Spec,spec,1,3240.0,2400.0,USD,JY_prior_to_2009.pdf,20121109080040,OLD-B,
6J,2000-11-02,Hedge/Member,hedge/member,1,2100.0,2100.0,USD,JY_prior_to_2009.pdf,20121109080040,OLD-B,
6J,2000-11-02,Spec,spec,1,2835.0,2100.0,USD,JY_prior_to_2009.pdf,20121109080040,OLD-B,
6J,2000-12-07,Hedge/Member,hedge/member,1,1800.0,1800.0,USD,JY_prior_to_2009.pdf,20121109080040,OLD-B,
6J,2000-12-07,Spec,spec,1,2430.0,1800.0,USD,JY_prior_to_2009.pdf,20121109080040,OLD-B,
6J,2001-01-04,Hedge/Member,hedge/member,1,1500.0,1500.0,USD,JY_prior_to_2009.pdf,20121109080040,OLD-B,
6J,2001-01-04,Spec,spec,1,2025.0,1500.0,USD,JY_prior_to_2009.pdf,20121109080040,OLD-B,
6J,2001-02-01,Hedge/Member,hedge/member,1,2100.0,2100.0,USD,JY_prior_to_2009.pdf,20121109080040,OLD-B,
6J,2001-02-01,Spec,spec,1,2835.0,2100.0,USD,JY_prior_to_2009.pdf,20121109080040,OLD-B,
6J,2001-03-01,Hedge/Member,hedge/member,1,1500.0,1500.0,USD,JY_prior_to_2009.pdf,20121109080040,OLD-B,
6J,2001-03-01,Spec,spec,1,2025.0,1500.0,USD,JY_prior_to_2009.pdf,20121109080040,OLD-B,
6J,2001-05-03,Hedge/Member,hedge/member,1,2100.0,2100.0,USD,JY_prior_to_2009.pdf,20121109080040,OLD-B,
6J,2001-05-03,Spec,spec,1,2835.0,2100.0,USD,JY_prior_to_2009.pdf,20121109080040,OLD-B,
6J,2001-08-01,Hedge/Member,hedge/member,1,1500.0,1500.0,USD,JY_prior_to_2009.pdf,20121109080040,OLD-B,
6J,2001-08-01,Spec,spec,1,2025.0,1500.0,USD,JY_prior_to_2009.pdf,20121109080040,OLD-B,
6J,2002-03-12,Hedge/Member,hedge/member,1,1400.0,1400.0,USD,JY_prior_to_2009.pdf,20121109080040,OLD-B,
6J,2002-03-12,Spec,spec,1,1890.0,1400.0,USD,JY_prior_to_2009.pdf,20121109080040,OLD-B,
6J,2002-04-09,Hedge/Member,hedge/member,1,2000.0,2000.0,USD,JY_prior_to_2009.pdf,20121109080040,OLD-B,
6J,2002-04-09,Spec,spec,1,2700.0,2000.0,USD,JY_prior_to_2009.pdf,20121109080040,OLD-B,
6J,2002-05-30,Hedge/Member,hedge/member,1,1800.0,1800.0,USD,JY_prior_to_2009.pdf,20121109080040,OLD-B,
6J,2002-05-30,Spec,spec,1,2430.0,1800.0,USD,JY_prior_to_2009.pdf,20121109080040,OLD-B,
6J,2002-12-05,Hedge/Member,hedge/member,1,1700.0,1700.0,USD,JY_prior_to_2009.pdf,20121109080040,OLD-B,
6J,2002-12-05,Spec,spec,1,2295.0,1700.0,USD,JY_prior_to_2009.pdf,20121109080040,OLD-B,
6J,2003-03-06,Hedge/Member,hedge/member,1,1600.0,1600.0,USD,JY_prior_to_2009.pdf,20121109080040,OLD-B,
6J,2003-03-06,Spec,spec,1,2160.0,1600.0,USD,JY_prior_to_2009.pdf,20121109080040,OLD-B,
6J,2003-07-07,Hedge/Member,hedge/member,1,1400.0,1400.0,USD,JY_prior_to_2009.pdf,20121109080040,OLD-B,
6J,2003-07-07,Spec,spec,1,1890.0,1400.0,USD,JY_prior_to_2009.pdf,20121109080040,OLD-B,
6J,2003-10-02,Hedge/Member,hedge/member,1,1300.0,1300.0,USD,JY_prior_to_2009.pdf,20121109080040,OLD-B,
6J,2003-10-02,Spec,spec,1,1755.0,1300.0,USD,JY_prior_to_2009.pdf,20121109080040,OLD-B,
6J,2004-03-25,Hedge/Member,hedge/member,1,1650.0,1650.0,USD,JY_prior_to_2009.pdf,20121109080040,OLD-B,
6J,2004-03-25,Spec,spec,1,2228.0,1650.0,USD,JY_prior_to_2009.pdf,20121109080040,OLD-B,
6J,2004-05-27,Hedge/Member,hedge/member,1,2300.0,2300.0,USD,JY_prior_to_2009.pdf,20121109080040,OLD-B,
6J,2004-05-27,Spec,spec,1,3105.0,2300.0,USD,JY_prior_to_2009.pdf,20121109080040,OLD-B,
6J,2004-07-30,Hedge/Member,hedge/member,1,2100.0,2100.0,USD,JY_prior_to_2009.pdf,20121109080040,OLD-B,
6J,2004-07-30,Spec,spec,1,2835.0,2100.0,USD,JY_prior_to_2009.pdf,20121109080040,OLD-B,
6J,2004-09-01,Hedge/Member,hedge/member,1,2000.0,2000.0,USD,JY_prior_to_2009.pdf,20121109080040,OLD-B,
6J,2004-09-01,Spec,spec,1,2700.0,2000.0,USD,JY_prior_to_2009.pdf,20121109080040,OLD-B,
6J,2004-09-28,Hedge/Member,hedge/member,1,1800.0,1800.0,USD,JY_prior_to_2009.pdf,20121109080040,OLD-B,
6J,2004-09-28,Spec,spec,1,2430.0,1800.0,USD,JY_prior_to_2009.pdf,20121109080040,OLD-B,
6J,2004-12-27,Hedge/Member,hedge/member,1,1650.0,1650.0,USD,JY_prior_to_2009.pdf,20121109080040,OLD-B,
6J,2004-12-27,Spec,spec,1,2228.0,1650.0,USD,JY_prior_to_2009.pdf,20121109080040,OLD-B,
6J,2005-01-14,Hedge/Member,hedge/member,1,1900.0,1900.0,USD,JY_prior_to_2009.pdf,20121109080040,OLD-B,
6J,2005-01-14,Spec,spec,1,2565.0,1900.0,USD,JY_prior_to_2009.pdf,20121109080040,OLD-B,
6J,2005-04-01,Hedge/Member,hedge/member,1,1750.0,1750.0,USD,JY_prior_to_2009.pdf,20121109080040,OLD-B,
6J,2005-04-01,Spec,spec,1,2363.0,1750.0,USD,JY_prior_to_2009.pdf,20121109080040,OLD-B,
6J,2005-04-28,Hedge/Member,hedge/member,1,1600.0,1600.0,USD,JY_prior_to_2009.pdf,20121109080040,OLD-B,
6J,2005-04-28,Spec,spec,1,2160.0,1600.0,USD,JY_prior_to_2009.pdf,20121109080040,OLD-B,
6J,2005-07-26,Hedge/Member,hedge/member,1,2000.0,2000.0,USD,JY_prior_to_2009.pdf,20121109080040,OLD-B,
6J,2005-07-26,Spec,spec,1,2700.0,2000.0,USD,JY_prior_to_2009.pdf,20121109080040,OLD-B,
6J,2005-11-02,Hedge/Member,hedge/member,1,1700.0,1700.0,USD,JY_prior_to_2009.pdf,20121109080040,OLD-B,
6J,2005-11-02,Spec,spec,1,2295.0,1700.0,USD,JY_prior_to_2009.pdf,20121109080040,OLD-B,
6J,2005-12-08,Hedge/Member,hedge/member,1,1500.0,1500.0,USD,JY_prior_to_2009.pdf,20121109080040,OLD-B,
6J,2005-12-08,Spec,spec,1,2025.0,1500.0,USD,JY_prior_to_2009.pdf,20121109080040,OLD-B,
6J,2005-12-15,Hedge/Member,hedge/member,1,2600.0,2600.0,USD,JY_prior_to_2009.pdf,20121109080040,OLD-B,
6J,2005-12-15,Spec,spec,1,3510.0,2600.0,USD,JY_prior_to_2009.pdf,20121109080040,OLD-B,
6J,2006-02-06,Hedge/Member,hedge/member,1,2300.0,2300.0,USD,JY_prior_to_2009.pdf,20121109080040,OLD-B,
6J,2006-02-06,Spec,spec,1,3105.0,2300.0,USD,JY_prior_to_2009.pdf,20121109080040,OLD-B,
6J,2006-03-15,Hedge/Member,hedge/member,1,2000.0,2000.0,USD,JY_prior_to_2009.pdf,20121109080040,OLD-B,
6J,2006-03-15,Spec,spec,1,2700.0,2000.0,USD,JY_prior_to_2009.pdf,20121109080040,OLD-B,
6J,2006-10-17,Hedge/Member,hedge/member,1,1800.0,1800.0,USD,JY_prior_to_2009.pdf,20121109080040,OLD-B,
6J,2006-10-17,Spec,spec,1,2430.0,1800.0,USD,JY_prior_to_2009.pdf,20121109080040,OLD-B,
6J,2007-01-25,Hedge/Member,hedge/member,1,1600.0,1600.0,USD,JY_prior_to_2009.pdf,20121109080040,OLD-B,
6J,2007-01-25,Spec,spec,1,2160.0,1600.0,USD,JY_prior_to_2009.pdf,20121109080040,OLD-B,
6J,2007-03-01,Hedge/Member,hedge/member,1,2000.0,2000.0,USD,JY_prior_to_2009.pdf,20121109080040,OLD-B,
6J,2007-03-01,Spec,spec,1,2700.0,2000.0,USD,JY_prior_to_2009.pdf,20121109080040,OLD-B,
6J,2007-06-11,Hedge/Member,hedge/member,1,1800.0,1800.0,USD,JY_prior_to_2009.pdf,20121109080040,OLD-B,
6J,2007-06-11,Spec,spec,1,2430.0,1800.0,USD,JY_prior_to_2009.pdf,20121109080040,OLD-B,
6J,2007-07-31,Hedge/Member,hedge/member,1,1500.0,1500.0,USD,JY_prior_to_2009.pdf,20121109080040,OLD-B,
6J,2007-07-31,Spec,spec,1,2025.0,1500.0,USD,JY_prior_to_2009.pdf,20121109080040,OLD-B,
6J,2007-08-17,Hedge/Member,hedge/member,1,2000.0,2000.0,USD,JY_prior_to_2009.pdf,20121109080040,OLD-B,
6J,2007-08-17,Spec,spec,1,2700.0,2000.0,USD,JY_prior_to_2009.pdf,20121109080040,OLD-B,
6J,2008-01-01,Hedge/Member,hedge/member,1,2000.0,2000.0,USD,JY_2008_to_present.pdf,20121109075722,OLD-A,
6J,2008-01-01,Spec,spec,1,2700.0,2000.0,USD,JY_2008_to_present.pdf,20121109075722,OLD-A,initial_restated
6J,2008-03-18,Hedge/Member,hedge/member,1,2300.0,2300.0,USD,JY_2008_to_present.pdf,20121109075722,OLD-A,
6J,2008-03-18,Spec,spec,1,3105.0,2300.0,USD,JY_2008_to_present.pdf,20121109075722,OLD-A,initial_restated
6J,2008-04-07,Hedge/Member,hedge/member,1,2800.0,2800.0,USD,JY_2008_to_present.pdf,20121109075722,OLD-A,
6J,2008-04-07,Spec,spec,1,3780.0,2800.0,USD,JY_2008_to_present.pdf,20121109075722,OLD-A,initial_restated
6J,2008-05-16,Hedge/Member,hedge/member,1,2500.0,2500.0,USD,JY_2008_to_present.pdf,20121109075722,OLD-A,
6J,2008-05-16,Spec,spec,1,3375.0,2500.0,USD,JY_2008_to_present.pdf,20121109075722,OLD-A,initial_restated
6J,2008-07-17,Hedge/Member,hedge/member,1,2000.0,2000.0,USD,JY_2008_to_present.pdf,20121109075722,OLD-A,
6J,2008-07-17,Spec,spec,1,2700.0,2000.0,USD,JY_2008_to_present.pdf,20121109075722,OLD-A,initial_restated
6J,2008-09-24,Hedge/Member,hedge/member,1,2200.0,2200.0,USD,JY_2008_to_present.pdf,20121109075722,OLD-A,
6J,2008-09-24,Spec,spec,1,2970.0,2200.0,USD,JY_2008_to_present.pdf,20121109075722,OLD-A,initial_restated
6J,2008-10-09,Hedge/Member,hedge/member,1,3200.0,3200.0,USD,JY_2008_to_present.pdf,20121109075722,OLD-A,
6J,2008-10-09,Spec,spec,1,4320.0,3200.0,USD,JY_2008_to_present.pdf,20121109075722,OLD-A,initial_restated
6J,2008-10-24,Hedge/Member,hedge/member,1,3600.0,3600.0,USD,JY_2008_to_present.pdf,20121109075722,OLD-A,
6J,2008-10-24,Spec,spec,1,4860.0,3600.0,USD,JY_2008_to_present.pdf,20121109075722,OLD-A,initial_restated
6J,2008-11-04,Hedge/Member,hedge/member,1,4500.0,4500.0,USD,JY_2008_to_present.pdf,20121109075722,OLD-A,
6J,2008-11-04,Spec,spec,1,6075.0,4500.0,USD,JY_2008_to_present.pdf,20121109075722,OLD-A,initial_restated
6J,2008-12-24,Hedge/Member,hedge/member,1,3600.0,3600.0,USD,JY_2008_to_present.pdf,20121109075722,OLD-A,
6J,2008-12-24,Spec,spec,1,4860.0,3600.0,USD,JY_2008_to_present.pdf,20121109075722,OLD-A,initial_restated
6J,2009-05-01,Hedge/Member,hedge/member,1,3000.0,3000.0,USD,JY_2008_to_present.pdf,20121109075722,OLD-A,
6J,2009-05-01,Spec,spec,1,4050.0,3000.0,USD,JY_2008_to_present.pdf,20121109075722,OLD-A,initial_restated
6J,2010-03-09,Hedge/Member,hedge/member,1,2800.0,2800.0,USD,JY_2008_to_present.pdf,20121109075722,OLD-A,
6J,2010-03-09,Spec,spec,1,3780.0,2800.0,USD,JY_2008_to_present.pdf,20121109075722,OLD-A,initial_restated
6J,2010-05-10,Hedge/Member,hedge/member,1,3200.0,3200.0,USD,JY_2008_to_present.pdf,20121109075722,OLD-A,
6J,2010-05-10,Spec,spec,1,4320.0,3200.0,USD,JY_2008_to_present.pdf,20121109075722,OLD-A,initial_restated
6J,2010-06-07,Hedge/Member,hedge/member,1,4000.0,4000.0,USD,JY_2008_to_present.pdf,20121109075722,OLD-A,
6J,2010-06-07,Spec,spec,1,5400.0,4000.0,USD,JY_2008_to_present.pdf,20121109075722,OLD-A,initial_restated
6J,2010-10-15,Hedge/Member,hedge/member,1,4500.0,4500.0,USD,JY_2008_to_present.pdf,20121109075722,OLD-A,
6J,2010-10-15,Spec,spec,1,6075.0,4500.0,USD,JY_2008_to_present.pdf,20121109075722,OLD-A,initial_restated
6J,2011-05-10,Hedge/Member,hedge/member,1,4000.0,4000.0,USD,JY_2008_to_present.pdf,20121109075722,OLD-A,
6J,2011-05-10,Spec,spec,1,5400.0,4000.0,USD,JY_2008_to_present.pdf,20121109075722,OLD-A,initial_restated
6J,2011-06-21,Hedge/Member,hedge/member,1,2500.0,2500.0,USD,JY_2008_to_present.pdf,20121109075722,OLD-A,
6J,2011-06-21,Spec,spec,1,3375.0,2500.0,USD,JY_2008_to_present.pdf,20121109075722,OLD-A,initial_restated
6J,2011-08-03,Hedge/Member,hedge/member,1,2000.0,2000.0,USD,JY_2008_to_present.pdf,20121109075722,OLD-A,
6J,2011-08-03,Spec,spec,1,2700.0,2000.0,USD,JY_2008_to_present.pdf,20121109075722,OLD-A,initial_restated
6J,2011-08-08,Hedge/Member,hedge/member,1,2600.0,2600.0,USD,JY_2008_to_present.pdf,20121109075722,OLD-A,
6J,2011-08-08,Spec,spec,1,3510.0,2600.0,USD,JY_2008_to_present.pdf,20121109075722,OLD-A,initial_restated
6J,2011-08-11,Hedge/Member,hedge/member,1,3250.0,3250.0,USD,JY_2008_to_present.pdf,20121109075722,OLD-A,
6J,2011-08-11,Spec,spec,1,4387.5,3250.0,USD,JY_2008_to_present.pdf,20121109075722,OLD-A,initial_restated
6J,2011-09-06,Hedge/Member,hedge/member,1,4000.0,4000.0,USD,JY_2008_to_present.pdf,20121109075722,OLD-A,
6J,2011-09-06,Spec,spec,1,5400.0,4000.0,USD,JY_2008_to_present.pdf,20121109075722,OLD-A,initial_restated
6J,2011-10-31,Hedge/Member,hedge/member,1,3250.0,3250.0,USD,JY_2008_to_present.pdf,20121109075722,OLD-A,
6J,2011-10-31,Spec,spec,1,4387.5,3250.0,USD,JY_2008_to_present.pdf,20121109075722,OLD-A,initial_restated
6J,2011-12-05,Hedge/Member,hedge/member,1,4000.0,4000.0,USD,JY_2008_to_present.pdf,20121109075722,OLD-A,
6J,2011-12-05,Spec,spec,1,5400.0,4000.0,USD,JY_2008_to_present.pdf,20121109075722,OLD-A,initial_restated
6J,2012-01-17,Hedge/Member,hedge/member,1,3600.0,3600.0,USD,JY_2008_to_present.pdf,20121109075722,OLD-A,
6J,2012-01-17,Spec,spec,1,4860.0,3600.0,USD,JY_2008_to_present.pdf,20121109075722,OLD-A,initial_restated
6J,2012-06-04,Hedge/Member,hedge/member,1,3000.0,3000.0,USD,JY_2008_to_present.pdf,20121109075722,OLD-A,
6J,2012-06-04,Spec,spec,1,4050.0,3000.0,USD,JY_2008_to_present.pdf,20121109075722,OLD-A,initial_restated
6J,2012-10-23,Hedge/Member,hedge/member,1,2750.0,2750.0,USD,JY_2008_to_present.pdf,20130326062820,OLD-A,
6J,2012-10-23,Spec,spec,1,3025.0,2750.0,USD,JY_2008_to_present.pdf,20130326062820,OLD-A,
6J,2013-01-15,Hedge/Member,hedge/member,1,2250.0,2250.0,USD,JY_2008_to_present.pdf,20130326062820,OLD-A,
6J,2013-01-15,Spec,spec,1,2475.0,2250.0,USD,JY_2008_to_present.pdf,20130326062820,OLD-A,
6J,2013-02-08,Hedge/Member,hedge/member,1,2600.0,2600.0,USD,JY_2008_to_present.pdf,20130326062820,OLD-A,
6J,2013-02-08,Spec,spec,1,2860.0,2600.0,USD,JY_2008_to_present.pdf,20130326062820,OLD-A,
6J,2013-04-05,Hedge/Member,hedge/member,1,3100.0,3100.0,USD,JY_2008_to_present.pdf,20140826232236,OLD-A,
6J,2013-04-05,Spec,spec,1,3410.0,3100.0,USD,JY_2008_to_present.pdf,20140826232236,OLD-A,
6J,2013-06-18,Hedge/Member,hedge/member,1,3500.0,3500.0,USD,JY_2008_to_present.pdf,20140826232236,OLD-A,
6J,2013-06-18,Spec,spec,1,3850.0,3500.0,USD,JY_2008_to_present.pdf,20140826232236,OLD-A,
6J,2013-07-02,Hedge/Member,hedge/member,1,3500.0,3500.0,USD,JY_2008_to_present.pdf,20140826232236,OLD-A,
6J,2013-07-02,Spec,spec,1,3850.0,3500.0,USD,JY_2008_to_present.pdf,20140826232236,OLD-A,
6J,2013-11-22,Hedge/Member,hedge/member,1,3150.0,3150.0,USD,JY_2008_to_present.pdf,20140826232236,OLD-A,
6J,2013-11-22,Spec,spec,1,3465.0,3150.0,USD,JY_2008_to_present.pdf,20140826232236,OLD-A,
6J,2014-05-30,Hedge/Member,hedge/member,1,3000.0,3000.0,USD,JY_2008_to_present.pdf,20140826232236,OLD-A,
6J,2014-05-30,Spec,spec,1,3300.0,3000.0,USD,JY_2008_to_present.pdf,20140826232236,OLD-A,
6J,2014-07-18,Hedge/Member,hedge/member,1,2750.0,2750.0,USD,JY_2008_to_present.pdf,20150528073736,OLD-A,
6J,2014-07-18,Spec,spec,1,3025.0,2750.0,USD,JY_2008_to_present.pdf,20150528073736,OLD-A,
6J,2014-09-05,Hedge/Member,hedge/member,1,2250.0,2250.0,USD,JY_2008_to_present.pdf,20150528073736,OLD-A,
6J,2014-09-05,Spec,spec,1,2475.0,2250.0,USD,JY_2008_to_present.pdf,20150528073736,OLD-A,
6J,2015-01-20,Hedge/Member,hedge/member,1,2600.0,2600.0,USD,JY_2008_to_present.pdf,20150528073736,OLD-A,
6J,2015-01-20,Spec,spec,1,2860.0,2600.0,USD,JY_2008_to_present.pdf,20150528073736,OLD-A,
6J,2015-01-23,Hedge/Member,hedge/member,1,3000.0,3000.0,USD,JY_2008_to_present.pdf,20150528073736,OLD-A,
6J,2015-01-23,Spec,spec,1,3300.0,3000.0,USD,JY_2008_to_present.pdf,20150528073736,OLD-A,
CL,2009-01-12,Hedge/Member,hedge/member,1,6750.0,6750.0,USD,CL_2009_to_present.pdf,20121109080028,OLD-A,
CL,2009-01-12,Hedge/Member,hedge/member,2,3000.0,3000.0,USD,CL_2009_to_present.pdf,20121109080028,OLD-A,
CL,2009-01-12,Spec,spec,1,9112.5,6750.0,USD,CL_2009_to_present.pdf,20121109080028,OLD-A,initial_restated
CL,2009-01-12,Spec,spec,2,4050.0,3000.0,USD,CL_2009_to_present.pdf,20121109080028,OLD-A,initial_restated
CL,2009-02-26,Hedge/Member Mnth 1,hedge/member,1,6750.0,6750.0,USD,CL_2009_to_present.pdf,20121109080028,OLD-A,
CL,2009-02-26,Hedge/Member Mnth 2-4,hedge/member,2,6750.0,6750.0,USD,CL_2009_to_present.pdf,20121109080028,OLD-A,
CL,2009-02-26,Hedge/Member Mnth 1,hedge/member,3,3000.0,3000.0,USD,CL_2009_to_present.pdf,20121109080028,OLD-A,
CL,2009-02-26,Spec Mnth 1,spec,1,9112.5,6750.0,USD,CL_2009_to_present.pdf,20121109080028,OLD-A,initial_restated
CL,2009-02-26,Spec Mnth 2-4,spec,2,9112.5,6750.0,USD,CL_2009_to_present.pdf,20121109080028,OLD-A,initial_restated
CL,2009-02-26,Spec Mnth 1,spec,3,4050.0,3000.0,USD,CL_2009_to_present.pdf,20121109080028,OLD-A,initial_restated
CL,2009-03-02,Hedge/Member Mnth 1,hedge/member,1,5250.0,5250.0,USD,CL_2009_to_present.pdf,20121109080028,OLD-A,
CL,2009-03-02,Hedge/Member Mnth 2-4,hedge/member,2,5250.0,5250.0,USD,CL_2009_to_present.pdf,20121109080028,OLD-A,
CL,2009-03-02,Spec Mnth 1,spec,1,7087.5,5250.0,USD,CL_2009_to_present.pdf,20121109080028,OLD-A,initial_restated
CL,2009-03-02,Spec Mnth 2-4,spec,2,7087.5,5250.0,USD,CL_2009_to_present.pdf,20121109080028,OLD-A,initial_restated
CL,2009-03-26,Hedge/Member Mnth 1,hedge/member,1,5750.0,5750.0,USD,CL_2009_to_present.pdf,20121109080028,OLD-A,
CL,2009-03-26,Hedge/Member Mnth 2-4,hedge/member,2,5750.0,5750.0,USD,CL_2009_to_present.pdf,20121109080028,OLD-A,
CL,2009-03-26,Spec Mnth 1,spec,1,7762.5,5750.0,USD,CL_2009_to_present.pdf,20121109080028,OLD-A,initial_restated
CL,2009-03-26,Spec Mnth 2-4,spec,2,7762.5,5750.0,USD,CL_2009_to_present.pdf,20121109080028,OLD-A,initial_restated
CL,2009-04-21,Hedge/Member,hedge/member,1,5750.0,5750.0,USD,CL_2009_to_present.pdf,20121109080028,OLD-A,
CL,2009-04-21,Hedge/Member,hedge/member,2,5750.0,5750.0,USD,CL_2009_to_present.pdf,20121109080028,OLD-A,
CL,2009-04-21,Spec,spec,1,7762.5,5750.0,USD,CL_2009_to_present.pdf,20121109080028,OLD-A,initial_restated
CL,2009-04-21,Spec,spec,2,7762.5,5750.0,USD,CL_2009_to_present.pdf,20121109080028,OLD-A,initial_restated
CL,2009-06-05,Hedge/Member Mnth 5-10,hedge/member,1,5750.0,5750.0,USD,CL_2009_to_present.pdf,20121109080028,OLD-A,
CL,2009-06-05,Hedge/Member Mnth 11-18,hedge/member,2,5750.0,5750.0,USD,CL_2009_to_present.pdf,20121109080028,OLD-A,
CL,2009-06-05,Hedge/Member,hedge/member,3,5750.0,5750.0,USD,CL_2009_to_present.pdf,20121109080028,OLD-A,
CL,2009-06-05,Hedge/Member,hedge/member,4,5750.0,5750.0,USD,CL_2009_to_present.pdf,20121109080028,OLD-A,
CL,2009-06-05,Hedge/Member Mnth 5-10,hedge/member,5,3000.0,3000.0,USD,CL_2009_to_present.pdf,20121109080028,OLD-A,
CL,2009-06-05,Spec Mnth 5-10,spec,1,7762.5,5750.0,USD,CL_2009_to_present.pdf,20121109080028,OLD-A,initial_restated
CL,2009-06-05,Spec Mnth 11-18,spec,2,7762.5,5750.0,USD,CL_2009_to_present.pdf,20121109080028,OLD-A,initial_restated
CL,2009-06-05,Spec,spec,3,7762.5,5750.0,USD,CL_2009_to_present.pdf,20121109080028,OLD-A,initial_restated
CL,2009-06-05,Spec,spec,4,7762.5,5750.0,USD,CL_2009_to_present.pdf,20121109080028,OLD-A,initial_restated
CL,2009-06-05,Spec Mnth 5-10,spec,5,4050.0,3000.0,USD,CL_2009_to_present.pdf,20121109080028,OLD-A,initial_restated
CL,2009-06-16,Hedge/Member,hedge/member,1,5750.0,5750.0,USD,CL_2009_to_present.pdf,20121109080028,OLD-A,
CL,2009-06-16,Spec,spec,1,7762.5,5750.0,USD,CL_2009_to_present.pdf,20121109080028,OLD-A,initial_restated
CL,2009-06-17,Hedge/Member,hedge/member,1,5750.0,5750.0,USD,CL_2009_to_present.pdf,20121109080028,OLD-A,
CL,2009-06-17,Spec,spec,1,7762.5,5750.0,USD,CL_2009_to_present.pdf,20121109080028,OLD-A,initial_restated
CL,2009-07-01,Hedge/Member Mnth 19-28,hedge/member,1,5750.0,5750.0,USD,CL_2009_to_present.pdf,20121109080028,OLD-A,
CL,2009-07-01,Hedge/Member Mnth 29-40,hedge/member,2,5750.0,5750.0,USD,CL_2009_to_present.pdf,20121109080028,OLD-A,
CL,2009-07-01,Spec Mnth 19-28,spec,1,7762.5,5750.0,USD,CL_2009_to_present.pdf,20121109080028,OLD-A,initial_restated
CL,2009-07-01,Spec Mnth 29-40,spec,2,7762.5,5750.0,USD,CL_2009_to_present.pdf,20121109080028,OLD-A,initial_restated
CL,2009-08-07,Hedge/Member Tier 7,hedge/member,1,5750.0,5750.0,USD,CL_2009_to_present.pdf,20121109080028,OLD-A,
CL,2009-08-07,Spec Tier 7,spec,1,7762.5,5750.0,USD,CL_2009_to_present.pdf,20121109080028,OLD-A,initial_restated
CL,2009-08-21,Hedge/Member Mnth 1,hedge/member,1,5250.0,5250.0,USD,CL_2009_to_present.pdf,20121109080028,OLD-A,
CL,2009-08-21,Hedge/Member Mnth 2-4,hedge/member,2,5250.0,5250.0,USD,CL_2009_to_present.pdf,20121109080028,OLD-A,
CL,2009-08-21,Hedge/Member Mnth 5-10,hedge/member,3,5250.0,5250.0,USD,CL_2009_to_present.pdf,20121109080028,OLD-A,
CL,2009-08-21,Hedge/Member Mnth 11-18,hedge/member,4,5000.0,5000.0,USD,CL_2009_to_present.pdf,20121109080028,OLD-A,
CL,2009-08-21,Hedge/Member Mnth 19-28,hedge/member,5,5000.0,5000.0,USD,CL_2009_to_present.pdf,20121109080028,OLD-A,
CL,2009-08-21,Hedge/Member Mnth 29-40,hedge/member,6,5000.0,5000.0,USD,CL_2009_to_present.pdf,20121109080028,OLD-A,
CL,2009-08-21,Hedge/Member Tier 7,hedge/member,7,5000.0,5000.0,USD,CL_2009_to_present.pdf,20121109080028,OLD-A,
CL,2009-08-21,Spec Mnth 1,spec,1,7087.5,5250.0,USD,CL_2009_to_present.pdf,20121109080028,OLD-A,initial_restated
CL,2009-08-21,Spec Mnth 2-4,spec,2,7087.5,5250.0,USD,CL_2009_to_present.pdf,20121109080028,OLD-A,initial_restated
CL,2009-08-21,Spec Mnth 5-10,spec,3,7087.5,5250.0,USD,CL_2009_to_present.pdf,20121109080028,OLD-A,initial_restated
CL,2009-08-21,Spec Mnth 11-18,spec,4,6750.0,5000.0,USD,CL_2009_to_present.pdf,20121109080028,OLD-A,initial_restated
CL,2009-08-21,Spec Mnth 19-28,spec,5,6750.0,5000.0,USD,CL_2009_to_present.pdf,20121109080028,OLD-A,initial_restated
CL,2009-08-21,Spec Mnth 29-40,spec,6,6750.0,5000.0,USD,CL_2009_to_present.pdf,20121109080028,OLD-A,initial_restated
CL,2009-08-21,Spec Tier 7,spec,7,6750.0,5000.0,USD,CL_2009_to_present.pdf,20121109080028,OLD-A,initial_restated
CL,2009-08-24,Hedge/Member Mnth 19-28,hedge/member,1,5250.0,5250.0,USD,CL_2009_to_present.pdf,20121109080028,OLD-A,
CL,2009-08-24,Hedge/Member Mnth 5-10,hedge/member,2,5000.0,5000.0,USD,CL_2009_to_present.pdf,20121109080028,OLD-A,
CL,2009-08-24,Hedge/Member Mnth 11-18,hedge/member,3,5000.0,5000.0,USD,CL_2009_to_present.pdf,20121109080028,OLD-A,
CL,2009-08-24,Spec Mnth 19-28,spec,1,7087.5,5250.0,USD,CL_2009_to_present.pdf,20121109080028,OLD-A,initial_restated
CL,2009-08-24,Spec Mnth 5-10,spec,2,6750.0,5000.0,USD,CL_2009_to_present.pdf,20121109080028,OLD-A,initial_restated
CL,2009-08-24,Spec Mnth 11-18,spec,3,6750.0,5000.0,USD,CL_2009_to_present.pdf,20121109080028,OLD-A,initial_restated
CL,2009-08-31,Hedge/Member Mnth 5-10,hedge/member,1,5250.0,5250.0,USD,CL_2009_to_present.pdf,20121109080028,OLD-A,
CL,2009-08-31,Spec Mnth 5-10,spec,1,7087.5,5250.0,USD,CL_2009_to_present.pdf,20121109080028,OLD-A,initial_restated
CL,2009-09-16,Hedge/Member Mnth 1,hedge/member,1,4500.0,4500.0,USD,CL_2009_to_present.pdf,20121109080028,OLD-A,
CL,2009-09-16,Hedge/Member Mnth 2-4,hedge/member,2,4000.0,4000.0,USD,CL_2009_to_present.pdf,20121109080028,OLD-A,
CL,2009-09-16,Hedge/Member Mnth 19-28,hedge/member,3,4000.0,4000.0,USD,CL_2009_to_present.pdf,20121109080028,OLD-A,
CL,2009-09-16,Hedge/Member Mnth 5-10,hedge/member,4,4000.0,4000.0,USD,CL_2009_to_present.pdf,20121109080028,OLD-A,
CL,2009-09-16,Hedge/Member Mnth 11-18,hedge/member,5,4000.0,4000.0,USD,CL_2009_to_present.pdf,20121109080028,OLD-A,
CL,2009-09-16,Hedge/Member Mnth 29-40,hedge/member,6,4000.0,4000.0,USD,CL_2009_to_present.pdf,20121109080028,OLD-A,
CL,2009-09-16,Hedge/Member Tier 7,hedge/member,7,4000.0,4000.0,USD,CL_2009_to_present.pdf,20121109080028,OLD-A,
CL,2009-09-16,Spec Mnth 1,spec,1,6075.0,4500.0,USD,CL_2009_to_present.pdf,20121109080028,OLD-A,initial_restated
CL,2009-09-16,Spec Mnth 2-4,spec,2,5400.0,4000.0,USD,CL_2009_to_present.pdf,20121109080028,OLD-A,initial_restated
CL,2009-09-16,Spec Mnth 19-28,spec,3,5400.0,4000.0,USD,CL_2009_to_present.pdf,20121109080028,OLD-A,initial_restated
CL,2009-09-16,Spec Mnth 5-10,spec,4,5400.0,4000.0,USD,CL_2009_to_present.pdf,20121109080028,OLD-A,initial_restated
CL,2009-09-16,Spec Mnth 11-18,spec,5,5400.0,4000.0,USD,CL_2009_to_present.pdf,20121109080028,OLD-A,initial_restated
CL,2009-09-16,Spec Mnth 29-40,spec,6,5400.0,4000.0,USD,CL_2009_to_present.pdf,20121109080028,OLD-A,initial_restated
CL,2009-09-16,Spec Tier 7,spec,7,5400.0,4000.0,USD,CL_2009_to_present.pdf,20121109080028,OLD-A,initial_restated
CL,2009-11-13,Hedge/Member Mnth 1,hedge/member,1,4000.0,4000.0,USD,CL_2009_to_present.pdf,20121109080028,OLD-A,
CL,2009-11-13,Hedge/Member Mnth 2-4,hedge/member,2,3500.0,3500.0,USD,CL_2009_to_present.pdf,20121109080028,OLD-A,
CL,2009-11-13,Hedge/Member Mnth 19-28,hedge/member,3,3500.0,3500.0,USD,CL_2009_to_present.pdf,20121109080028,OLD-A,
CL,2009-11-13,Hedge/Member Mnth 5-10,hedge/member,4,3500.0,3500.0,USD,CL_2009_to_present.pdf,20121109080028,OLD-A,
CL,2009-11-13,Hedge/Member Mnth 11-18,hedge/member,5,3500.0,3500.0,USD,CL_2009_to_present.pdf,20121109080028,OLD-A,
CL,2009-11-13,Hedge/Member Mnth 29-40,hedge/member,6,3500.0,3500.0,USD,CL_2009_to_present.pdf,20121109080028,OLD-A,
CL,2009-11-13,Hedge/Member Tier 7,hedge/member,7,3500.0,3500.0,USD,CL_2009_to_present.pdf,20121109080028,OLD-A,
CL,2009-11-13,Spec Mnth 1,spec,1,5400.0,4000.0,USD,CL_2009_to_present.pdf,20121109080028,OLD-A,initial_restated
CL,2009-11-13,Spec Mnth 2-4,spec,2,4725.0,3500.0,USD,CL_2009_to_present.pdf,20121109080028,OLD-A,initial_restated
CL,2009-11-13,Spec Mnth 19-28,spec,3,4725.0,3500.0,USD,CL_2009_to_present.pdf,20121109080028,OLD-A,initial_restated
CL,2009-11-13,Spec Mnth 5-10,spec,4,4725.0,3500.0,USD,CL_2009_to_present.pdf,20121109080028,OLD-A,initial_restated
CL,2009-11-13,Spec Mnth 11-18,spec,5,4725.0,3500.0,USD,CL_2009_to_present.pdf,20121109080028,OLD-A,initial_restated
CL,2009-11-13,Spec Mnth 29-40,spec,6,4725.0,3500.0,USD,CL_2009_to_present.pdf,20121109080028,OLD-A,initial_restated
CL,2009-11-13,Spec Tier 7,spec,7,4725.0,3500.0,USD,CL_2009_to_present.pdf,20121109080028,OLD-A,initial_restated
CL,2009-12-23,Hedge/Member Mnth 5-10,hedge/member,1,3500.0,3500.0,USD,CL_2009_to_present.pdf,20121109080028,OLD-A,
CL,2009-12-23,Hedge/Member Mnth 11-18,hedge/member,2,3500.0,3500.0,USD,CL_2009_to_present.pdf,20121109080028,OLD-A,
CL,2009-12-23,Hedge/Member Mnth 19-28,hedge/member,3,3500.0,3500.0,USD,CL_2009_to_present.pdf,20121109080028,OLD-A,
CL,2009-12-23,Spec Mnth 5-10,spec,1,4725.0,3500.0,USD,CL_2009_to_present.pdf,20121109080028,OLD-A,initial_restated
CL,2009-12-23,Spec Mnth 11-18,spec,2,4725.0,3500.0,USD,CL_2009_to_present.pdf,20121109080028,OLD-A,initial_restated
CL,2009-12-23,Spec Mnth 19-28,spec,3,4725.0,3500.0,USD,CL_2009_to_present.pdf,20121109080028,OLD-A,initial_restated
CL,2010-04-23,Hedge/Member Mnth 1,hedge/member,1,3750.0,3750.0,USD,CL_2009_to_present.pdf,20121109080028,OLD-A,
CL,2010-04-23,Hedge/Member Mnth 2-4,hedge/member,2,3250.0,3250.0,USD,CL_2009_to_present.pdf,20121109080028,OLD-A,
CL,2010-04-23,Hedge/Member Mnth 5-10,hedge/member,3,3250.0,3250.0,USD,CL_2009_to_present.pdf,20121109080028,OLD-A,
CL,2010-04-23,Hedge/Member Mnth 11-18,hedge/member,4,3250.0,3250.0,USD,CL_2009_to_present.pdf,20121109080028,OLD-A,
CL,2010-04-23,Hedge/Member Mnth 19-28,hedge/member,5,3250.0,3250.0,USD,CL_2009_to_present.pdf,20121109080028,OLD-A,
CL,2010-04-23,Hedge/Member Mnth 29-40,hedge/member,6,3250.0,3250.0,USD,CL_2009_to_present.pdf,20121109080028,OLD-A,
CL,2010-04-23,Spec Mnth 1,spec,1,5062.5,3750.0,USD,CL_2009_to_present.pdf,20121109080028,OLD-A,initial_restated
CL,2010-04-23,Spec Mnth 2-4,spec,2,4387.5,3250.0,USD,CL_2009_to_present.pdf,20121109080028,OLD-A,initial_restated
CL,2010-04-23,Spec Mnth 5-10,spec,3,4387.5,3250.0,USD,CL_2009_to_present.pdf,20121109080028,OLD-A,initial_restated
CL,2010-04-23,Spec Mnth 11-18,spec,4,4387.5,3250.0,USD,CL_2009_to_present.pdf,20121109080028,OLD-A,initial_restated
CL,2010-04-23,Spec Mnth 19-28,spec,5,4387.5,3250.0,USD,CL_2009_to_present.pdf,20121109080028,OLD-A,initial_restated
CL,2010-04-23,Spec Mnth 29-40,spec,6,4387.5,3250.0,USD,CL_2009_to_present.pdf,20121109080028,OLD-A,initial_restated
CL,2010-05-21,Hedge/Member Mnth 2-4,hedge/member,1,3750.0,3750.0,USD,CL_2009_to_present.pdf,20121109080028,OLD-A,
CL,2010-05-21,Hedge/Member Mnth 5-10,hedge/member,2,3750.0,3750.0,USD,CL_2009_to_present.pdf,20121109080028,OLD-A,
CL,2010-05-21,Hedge/Member Mnth 11-18,hedge/member,3,3750.0,3750.0,USD,CL_2009_to_present.pdf,20121109080028,OLD-A,
CL,2010-05-21,Spec Mnth 2-4,spec,1,5062.5,3750.0,USD,CL_2009_to_present.pdf,20121109080028,OLD-A,initial_restated
CL,2010-05-21,Spec Mnth 5-10,spec,2,5062.5,3750.0,USD,CL_2009_to_present.pdf,20121109080028,OLD-A,initial_restated
CL,2010-05-21,Spec Mnth 11-18,spec,3,5062.5,3750.0,USD,CL_2009_to_present.pdf,20121109080028,OLD-A,initial_restated
CL,2011-02-25,Hedge/Member Mnth 1,hedge/member,1,4500.0,4500.0,USD,CL_2009_to_present.pdf,20121109080028,OLD-A,
CL,2011-02-25,Hedge/Member Mnth 2-4,hedge/member,2,4500.0,4500.0,USD,CL_2009_to_present.pdf,20121109080028,OLD-A,
CL,2011-02-25,Hedge/Member Mnth 5-10,hedge/member,3,4000.0,4000.0,USD,CL_2009_to_present.pdf,20121109080028,OLD-A,
CL,2011-02-25,Spec Mnth 1,spec,1,6075.0,4500.0,USD,CL_2009_to_present.pdf,20121109080028,OLD-A,initial_restated
CL,2011-02-25,Spec Mnth 2-4,spec,2,6075.0,4500.0,USD,CL_2009_to_present.pdf,20121109080028,OLD-A,initial_restated
CL,2011-02-25,Spec Mnth 5-10,spec,3,5400.0,4000.0,USD,CL_2009_to_present.pdf,20121109080028,OLD-A,initial_restated
CL,2011-03-04,Hedge/Member Mnth 1,hedge/member,1,5000.0,5000.0,USD,CL_2009_to_present.pdf,20121109080028,OLD-A,
CL,2011-03-04,Hedge/Member Mnth 2-4,hedge/member,2,4750.0,4750.0,USD,CL_2009_to_present.pdf,20121109080028,OLD-A,
CL,2011-03-04,Spec Mnth 1,spec,1,6750.0,5000.0,USD,CL_2009_to_present.pdf,20121109080028,OLD-A,initial_restated
CL,2011-03-04,Spec Mnth 2-4,spec,2,6412.5,4750.0,USD,CL_2009_to_present.pdf,20121109080028,OLD-A,initial_restated
CL,2011-04-15,Hedge/Member Mnth 5-10,hedge/member,1,4250.0,4250.0,USD,CL_2009_to_present.pdf,20121109080028,OLD-A,
CL,2011-04-15,Hedge/Member Mnth 11-18,hedge/member,2,4000.0,4000.0,USD,CL_2009_to_present.pdf,20121109080028,OLD-A,
CL,2011-04-15,Hedge/Member Mnth 19-28,hedge/member,3,3750.0,3750.0,USD,CL_2009_to_present.pdf,20121109080028,OLD-A,
CL,2011-04-15,Hedge/Member Mnth 29-40,hedge/member,4,3750.0,3750.0,USD,CL_2009_to_present.pdf,20121109080028,OLD-A,
CL,2011-04-15,Spec Mnth 5-10,spec,1,5737.5,4250.0,USD,CL_2009_to_present.pdf,20121109080028,OLD-A,initial_restated
CL,2011-04-15,Spec Mnth 11-18,spec,2,5400.0,4000.0,USD,CL_2009_to_present.pdf,20121109080028,OLD-A,initial_restated
CL,2011-04-15,Spec Mnth 19-28,spec,3,5062.5,3750.0,USD,CL_2009_to_present.pdf,20121109080028,OLD-A,initial_restated
CL,2011-04-15,Spec Mnth 29-40,spec,4,5062.5,3750.0,USD,CL_2009_to_present.pdf,20121109080028,OLD-A,initial_restated
CL,2011-05-10,Hedge/Member Mnth 1,hedge/member,1,6250.0,6250.0,USD,CL_2009_to_present.pdf,20121109080028,OLD-A,
CL,2011-05-10,Hedge/Member Mnth 2-4,hedge/member,2,6000.0,6000.0,USD,CL_2009_to_present.pdf,20121109080028,OLD-A,
CL,2011-05-10,Hedge/Member Mnth 5-10,hedge/member,3,5500.0,5500.0,USD,CL_2009_to_present.pdf,20121109080028,OLD-A,
CL,2011-05-10,Hedge/Member Mnth 11-18,hedge/member,4,5250.0,5250.0,USD,CL_2009_to_present.pdf,20121109080028,OLD-A,maintenance_back_tier_regroup
CL,2011-05-10,Hedge/Member Mnth 19-28,hedge/member,4,5000.0,5000.0,USD,CL_2008_to_present.pdf,20150906023638,OLD-A,maintenance_back_tier_regroup
CL,2011-05-10,Hedge/Member Mnth 19-28,hedge/member,5,5000.0,5000.0,USD,CL_2009_to_present.pdf,20121109080028,OLD-A,
CL,2011-05-10,Hedge/Member Mnth 29-40,hedge/member,6,5000.0,5000.0,USD,CL_2009_to_present.pdf,20121109080028,OLD-A,
CL,2011-05-10,Spec Mnth 1,spec,1,8437.5,6250.0,USD,CL_2009_to_present.pdf,20121109080028,OLD-A,initial_restated
CL,2011-05-10,Spec Mnth 2-4,spec,2,8100.0,6000.0,USD,CL_2009_to_present.pdf,20121109080028,OLD-A,initial_restated
CL,2011-05-10,Spec Mnth 5-10,spec,3,7425.0,5500.0,USD,CL_2009_to_present.pdf,20121109080028,OLD-A,initial_restated
CL,2011-05-10,Spec Mnth 11-18,spec,4,7087.5,5250.0,USD,CL_2009_to_present.pdf,20121109080028,OLD-A,maintenance_back_tier_regroup
CL,2011-05-10,Spec Mnth 11-18,spec,4,5775.0,5250.0,USD,CL_2009_to_present.pdf,20130326063102,OLD-A,maintenance_back_tier_regroup
CL,2011-05-10,Spec Mnth 29-40,spec,4,5500.0,5000.0,USD,CL_2008_to_present.pdf,20150906023638,OLD-A,maintenance_back_tier_regroup
CL,2011-05-10,Spec Mnth 19-28,spec,5,6750.0,5000.0,USD,CL_2009_to_present.pdf,20121109080028,OLD-A,initial_restated
CL,2011-05-10,Spec Mnth 29-40,spec,6,6750.0,5000.0,USD,CL_2009_to_present.pdf,20121109080028,OLD-A,initial_restated
CL,2011-05-31,Hedge/Member Mnth 41+,hedge/member,1,5000.0,5000.0,USD,CL_2009_to_present.pdf,20121109080028,OLD-A,
CL,2011-05-31,Spec Mnth 41+,spec,1,6750.0,5000.0,USD,CL_2009_to_present.pdf,20121109080028,OLD-A,initial_restated
CL,2011-08-29,Hedge/Member Mnth 1,hedge/member,1,6000.0,6000.0,USD,CL_2009_to_present.pdf,20121109080028,OLD-A,
CL,2011-08-29,Hedge/Member Mnth 2-4,hedge/member,2,5750.0,5750.0,USD,CL_2009_to_present.pdf,20121109080028,OLD-A,
CL,2011-08-29,Spec Mnth 1,spec,1,8100.0,6000.0,USD,CL_2009_to_present.pdf,20121109080028,OLD-A,initial_restated
CL,2011-08-29,Spec Mnth 2-4,spec,2,7762.5,5750.0,USD,CL_2009_to_present.pdf,20121109080028,OLD-A,initial_restated
CL,2011-12-12,Hedge/Member Mnth 1,hedge/member,1,5600.0,5600.0,USD,CL_2009_to_present.pdf,20121109080028,OLD-A,
CL,2011-12-12,Hedge/Member Mnth 2-4,hedge/member,2,5350.0,5350.0,USD,CL_2009_to_present.pdf,20121109080028,OLD-A,
CL,2011-12-12,Hedge/Member Mnth 5-10,hedge/member,3,5100.0,5100.0,USD,CL_2009_to_present.pdf,20121109080028,OLD-A,
CL,2011-12-12,Hedge/Member Mnth 11-18,hedge/member,4,4850.0,4850.0,USD,CL_2009_to_present.pdf,20121109080028,OLD-A,
CL,2011-12-12,Hedge/Member Mnth 19-28,hedge/member,5,4600.0,4600.0,USD,CL_2009_to_present.pdf,20121109080028,OLD-A,
CL,2011-12-12,Hedge/Member Mnth 29-40,hedge/member,6,4600.0,4600.0,USD,CL_2009_to_present.pdf,20121109080028,OLD-A,
CL,2011-12-12,Hedge/Member Mnth 41+,hedge/member,7,4600.0,4600.0,USD,CL_2009_to_present.pdf,20121109080028,OLD-A,
CL,2011-12-12,Spec Mnth 1,spec,1,7560.0,5600.0,USD,CL_2009_to_present.pdf,20121109080028,OLD-A,initial_restated
CL,2011-12-12,Spec Mnth 2-4,spec,2,7222.5,5350.0,USD,CL_2009_to_present.pdf,20121109080028,OLD-A,initial_restated
CL,2011-12-12,Spec Mnth 5-10,spec,3,6885.0,5100.0,USD,CL_2009_to_present.pdf,20121109080028,OLD-A,initial_restated
CL,2011-12-12,Spec Mnth 11-18,spec,4,6547.5,4850.0,USD,CL_2009_to_present.pdf,20121109080028,OLD-A,initial_restated
CL,2011-12-12,Spec Mnth 19-28,spec,5,6210.0,4600.0,USD,CL_2009_to_present.pdf,20121109080028,OLD-A,initial_restated
CL,2011-12-12,Spec Mnth 29-40,spec,6,6210.0,4600.0,USD,CL_2009_to_present.pdf,20121109080028,OLD-A,initial_restated
CL,2011-12-12,Spec Mnth 41+,spec,7,6210.0,4600.0,USD,CL_2009_to_present.pdf,20121109080028,OLD-A,initial_restated
CL,2012-02-13,Hedge/Member Mnth 1,hedge/member,1,5100.0,5100.0,USD,CL_2009_to_present.pdf,20121109080028,OLD-A,
CL,2012-02-13,Hedge/Member Mnth 2-4,hedge/member,2,4850.0,4850.0,USD,CL_2009_to_present.pdf,20121109080028,OLD-A,
CL,2012-02-13,Hedge/Member Mnth 5-10,hedge/member,3,4600.0,4600.0,USD,CL_2009_to_present.pdf,20121109080028,OLD-A,
CL,2012-02-13,Hedge/Member Mnth 11-18,hedge/member,4,4350.0,4350.0,USD,CL_2009_to_present.pdf,20121109080028,OLD-A,
CL,2012-02-13,Hedge/Member Mnth 19-28,hedge/member,5,4100.0,4100.0,USD,CL_2009_to_present.pdf,20121109080028,OLD-A,
CL,2012-02-13,Hedge/Member Mnth 29-40,hedge/member,6,4100.0,4100.0,USD,CL_2009_to_present.pdf,20121109080028,OLD-A,
CL,2012-02-13,Hedge/Member Mnth 41+,hedge/member,7,4100.0,4100.0,USD,CL_2009_to_present.pdf,20121109080028,OLD-A,
CL,2012-02-13,Spec Mnth 1,spec,1,6885.0,5100.0,USD,CL_2009_to_present.pdf,20121109080028,OLD-A,initial_restated
CL,2012-02-13,Spec Mnth 2-4,spec,2,6547.5,4850.0,USD,CL_2009_to_present.pdf,20121109080028,OLD-A,initial_restated
CL,2012-02-13,Spec Mnth 5-10,spec,3,6210.0,4600.0,USD,CL_2009_to_present.pdf,20121109080028,OLD-A,initial_restated
CL,2012-02-13,Spec Mnth 11-18,spec,4,5872.5,4350.0,USD,CL_2009_to_present.pdf,20121109080028,OLD-A,initial_restated
CL,2012-02-13,Spec Mnth 19-28,spec,5,5535.0,4100.0,USD,CL_2009_to_present.pdf,20121109080028,OLD-A,initial_restated
CL,2012-02-13,Spec Mnth 29-40,spec,6,5535.0,4100.0,USD,CL_2009_to_present.pdf,20121109080028,OLD-A,initial_restated
CL,2012-02-13,Spec Mnth 41+,spec,7,5535.0,4100.0,USD,CL_2009_to_present.pdf,20121109080028,OLD-A,initial_restated
CL,2012-05-29,Hedge/Member Mnth 1,hedge/member,1,4600.0,4600.0,USD,CL_2009_to_present.pdf,20121109080028,OLD-A,
CL,2012-05-29,Hedge/Member Mnth 2-4,hedge/member,2,4350.0,4350.0,USD,CL_2009_to_present.pdf,20121109080028,OLD-A,
CL,2012-05-29,Hedge/Member Mnth 5-10,hedge/member,3,4100.0,4100.0,USD,CL_2009_to_present.pdf,20121109080028,OLD-A,
CL,2012-05-29,Hedge/Member Mnth 11-18,hedge/member,4,3850.0,3850.0,USD,CL_2009_to_present.pdf,20121109080028,OLD-A,
CL,2012-05-29,Hedge/Member Mnth 19-28,hedge/member,5,3600.0,3600.0,USD,CL_2009_to_present.pdf,20121109080028,OLD-A,
CL,2012-05-29,Hedge/Member Mnth 29-40,hedge/member,6,3600.0,3600.0,USD,CL_2009_to_present.pdf,20121109080028,OLD-A,
CL,2012-05-29,Hedge/Member Mnth 41+,hedge/member,7,3600.0,3600.0,USD,CL_2009_to_present.pdf,20121109080028,OLD-A,
CL,2012-05-29,Spec Mnth 1,spec,1,6210.0,4600.0,USD,CL_2009_to_present.pdf,20121109080028,OLD-A,initial_restated
CL,2012-05-29,Spec Mnth 2-4,spec,2,5872.5,4350.0,USD,CL_2009_to_present.pdf,20121109080028,OLD-A,initial_restated
CL,2012-05-29,Spec Mnth 5-10,spec,3,5535.0,4100.0,USD,CL_2009_to_present.pdf,20121109080028,OLD-A,initial_restated
CL,2012-05-29,Spec Mnth 11-18,spec,4,5197.5,3850.0,USD,CL_2009_to_present.pdf,20121109080028,OLD-A,initial_restated
CL,2012-05-29,Spec Mnth 19-28,spec,5,4860.0,3600.0,USD,CL_2009_to_present.pdf,20121109080028,OLD-A,initial_restated
CL,2012-05-29,Spec Mnth 29-40,spec,6,4860.0,3600.0,USD,CL_2009_to_present.pdf,20121109080028,OLD-A,initial_restated
CL,2012-05-29,Spec Mnth 41+,spec,7,4860.0,3600.0,USD,CL_2009_to_present.pdf,20121109080028,OLD-A,initial_restated
CL,2012-07-09,Hedge/Member Mnth 1,hedge/member,1,5100.0,5100.0,USD,CL_2009_to_present.pdf,20121109080028,OLD-A,
CL,2012-07-09,Hedge/Member Mnth 2-4,hedge/member,2,4850.0,4850.0,USD,CL_2009_to_present.pdf,20121109080028,OLD-A,
CL,2012-07-09,Hedge/Member Mnth 5-10,hedge/member,3,4600.0,4600.0,USD,CL_2009_to_present.pdf,20121109080028,OLD-A,
CL,2012-07-09,Hedge/Member Mnth 11-18,hedge/member,4,4350.0,4350.0,USD,CL_2009_to_present.pdf,20121109080028,OLD-A,
CL,2012-07-09,Hedge/Member Mnth 19-28,hedge/member,5,4100.0,4100.0,USD,CL_2009_to_present.pdf,20121109080028,OLD-A,
CL,2012-07-09,Hedge/Member Mnth 29-40,hedge/member,6,4100.0,4100.0,USD,CL_2009_to_present.pdf,20121109080028,OLD-A,
CL,2012-07-09,Hedge/Member Mnth 41+,hedge/member,7,4100.0,4100.0,USD,CL_2009_to_present.pdf,20121109080028,OLD-A,
CL,2012-07-09,Spec Mnth 1,spec,1,6885.0,5100.0,USD,CL_2009_to_present.pdf,20121109080028,OLD-A,initial_restated
CL,2012-07-09,Spec Mnth 2-4,spec,2,6547.5,4850.0,USD,CL_2009_to_present.pdf,20121109080028,OLD-A,initial_restated
CL,2012-07-09,Spec Mnth 5-10,spec,3,6210.0,4600.0,USD,CL_2009_to_present.pdf,20121109080028,OLD-A,initial_restated
CL,2012-07-09,Spec Mnth 11-18,spec,4,5872.5,4350.0,USD,CL_2009_to_present.pdf,20121109080028,OLD-A,initial_restated
CL,2012-07-09,Spec Mnth 19-28,spec,5,5535.0,4100.0,USD,CL_2009_to_present.pdf,20121109080028,OLD-A,initial_restated
CL,2012-07-09,Spec Mnth 29-40,spec,6,5535.0,4100.0,USD,CL_2009_to_present.pdf,20121109080028,OLD-A,initial_restated
CL,2012-07-09,Spec Mnth 41+,spec,7,5535.0,4100.0,USD,CL_2009_to_present.pdf,20121109080028,OLD-A,initial_restated
CL,2012-08-13,Hedge/Member Mnth 19-28,hedge/member,1,4250.0,4250.0,USD,CL_2009_to_present.pdf,20130326063102,OLD-A,
CL,2012-08-13,Spec Mnth 19-28,spec,1,4675.0,4250.0,USD,CL_2009_to_present.pdf,20130326063102,OLD-A,
CL,2013-01-29,Hedge/Member Mnth 1,hedge/member,1,4500.0,4500.0,USD,CL_2009_to_present.pdf,20130326063102,OLD-A,
CL,2013-01-29,Hedge/Member Mnth 2-4,hedge/member,2,4250.0,4250.0,USD,CL_2009_to_present.pdf,20130326063102,OLD-A,
CL,2013-01-29,Hedge/Member Mnth 5-10,hedge/member,3,4000.0,4000.0,USD,CL_2009_to_present.pdf,20130326063102,OLD-A,
CL,2013-01-29,Hedge/Member Mnth 11-18,hedge/member,4,3750.0,3750.0,USD,CL_2009_to_present.pdf,20130326063102,OLD-A,
CL,2013-01-29,Hedge/Member Mnth 19-28,hedge/member,5,3650.0,3650.0,USD,CL_2009_to_present.pdf,20130326063102,OLD-A,
CL,2013-01-29,Hedge/Member Mnth 29-40,hedge/member,6,3500.0,3500.0,USD,CL_2009_to_present.pdf,20130326063102,OLD-A,
CL,2013-01-29,Hedge/Member Mnth 41+,hedge/member,7,3500.0,3500.0,USD,CL_2009_to_present.pdf,20130326063102,OLD-A,
CL,2013-01-29,Spec Mnth 1,spec,1,4950.0,4500.0,USD,CL_2009_to_present.pdf,20130326063102,OLD-A,
CL,2013-01-29,Spec Mnth 2-4,spec,2,4675.0,4250.0,USD,CL_2009_to_present.pdf,20130326063102,OLD-A,
CL,2013-01-29,Spec Mnth 5-10,spec,3,4400.0,4000.0,USD,CL_2009_to_present.pdf,20130326063102,OLD-A,
CL,2013-01-29,Spec Mnth 11-18,spec,4,4125.0,3750.0,USD,CL_2009_to_present.pdf,20130326063102,OLD-A,
CL,2013-01-29,Spec Mnth 19-28,spec,5,4015.0,3650.0,USD,CL_2009_to_present.pdf,20130326063102,OLD-A,
CL,2013-01-29,Spec Mnth 29-40,spec,6,3850.0,3500.0,USD,CL_2009_to_present.pdf,20130326063102,OLD-A,
CL,2013-01-29,Spec Mnth 41+,spec,7,3850.0,3500.0,USD,CL_2009_to_present.pdf,20130326063102,OLD-A,
CL,2013-04-30,Hedge/Member Mnth 1,hedge/member,1,4100.0,4100.0,USD,CL_2009_to_present.pdf,20140826230415,OLD-A,
CL,2013-04-30,Hedge/Member Mnth 2-4,hedge/member,2,3850.0,3850.0,USD,CL_2009_to_present.pdf,20140826230415,OLD-A,
CL,2013-04-30,Hedge/Member Mnth 5-10,hedge/member,3,3600.0,3600.0,USD,CL_2009_to_present.pdf,20140826230415,OLD-A,
CL,2013-04-30,Hedge/Member Mnth 11-18,hedge/member,4,3350.0,3350.0,USD,CL_2009_to_present.pdf,20140826230415,OLD-A,
CL,2013-04-30,Hedge/Member Mnth 19-28,hedge/member,5,3250.0,3250.0,USD,CL_2009_to_present.pdf,20140826230415,OLD-A,
CL,2013-04-30,Hedge/Member Mnth 29-40,hedge/member,6,3100.0,3100.0,USD,CL_2009_to_present.pdf,20140826230415,OLD-A,
CL,2013-04-30,Hedge/Member Mnth 41+,hedge/member,7,3100.0,3100.0,USD,CL_2009_to_present.pdf,20140826230415,OLD-A,
CL,2013-04-30,Spec Mnth 1,spec,1,4510.0,4100.0,USD,CL_2009_to_present.pdf,20140826230415,OLD-A,
CL,2013-04-30,Spec Mnth 2-4,spec,2,4235.0,3850.0,USD,CL_2009_to_present.pdf,20140826230415,OLD-A,
CL,2013-04-30,Spec Mnth 5-10,spec,3,3960.0,3600.0,USD,CL_2009_to_present.pdf,20140826230415,OLD-A,
CL,2013-04-30,Spec Mnth 11-18,spec,4,3685.0,3350.0,USD,CL_2009_to_present.pdf,20140826230415,OLD-A,
CL,2013-04-30,Spec Mnth 19-28,spec,5,3575.0,3250.0,USD,CL_2009_to_present.pdf,20140826230415,OLD-A,
CL,2013-04-30,Spec Mnth 29-40,spec,6,3410.0,3100.0,USD,CL_2009_to_present.pdf,20140826230415,OLD-A,
CL,2013-04-30,Spec Mnth 41+,spec,7,3410.0,3100.0,USD,CL_2009_to_present.pdf,20140826230415,OLD-A,
CL,2013-11-05,Hedge/Member Mnth 1,hedge/member,1,3700.0,3700.0,USD,CL_2009_to_present.pdf,20140826230415,OLD-A,
CL,2013-11-05,Hedge/Member Mnth 2-4,hedge/member,2,3450.0,3450.0,USD,CL_2009_to_present.pdf,20140826230415,OLD-A,
CL,2013-11-05,Hedge/Member Mnth 5-10,hedge/member,3,3200.0,3200.0,USD,CL_2009_to_present.pdf,20140826230415,OLD-A,
CL,2013-11-05,Hedge/Member Mnth 11-18,hedge/member,4,2950.0,2950.0,USD,CL_2009_to_present.pdf,20140826230415,OLD-A,
CL,2013-11-05,Hedge/Member Mnth 19-28,hedge/member,5,2850.0,2850.0,USD,CL_2009_to_present.pdf,20140826230415,OLD-A,
CL,2013-11-05,Hedge/Member Mnth 29-40,hedge/member,6,2700.0,2700.0,USD,CL_2009_to_present.pdf,20140826230415,OLD-A,
CL,2013-11-05,Hedge/Member Mnth 41+,hedge/member,7,2700.0,2700.0,USD,CL_2009_to_present.pdf,20140826230415,OLD-A,
CL,2013-11-05,Spec Mnth 1,spec,1,4070.0,3700.0,USD,CL_2009_to_present.pdf,20140826230415,OLD-A,
CL,2013-11-05,Spec Mnth 2-4,spec,2,3795.0,3450.0,USD,CL_2009_to_present.pdf,20140826230415,OLD-A,
CL,2013-11-05,Spec Mnth 5-10,spec,3,3520.0,3200.0,USD,CL_2009_to_present.pdf,20140826230415,OLD-A,
CL,2013-11-05,Spec Mnth 11-18,spec,4,3245.0,2950.0,USD,CL_2009_to_present.pdf,20140826230415,OLD-A,
CL,2013-11-05,Spec Mnth 19-28,spec,5,3135.0,2850.0,USD,CL_2009_to_present.pdf,20140826230415,OLD-A,
CL,2013-11-05,Spec Mnth 29-40,spec,6,2970.0,2700.0,USD,CL_2009_to_present.pdf,20140826230415,OLD-A,
CL,2013-11-05,Spec Mnth 41+,spec,7,2970.0,2700.0,USD,CL_2009_to_present.pdf,20140826230415,OLD-A,
CL,2013-11-22,Hedge/Member Mnth 1,hedge/member,1,3400.0,3400.0,USD,CL_2009_to_present.pdf,20140826230415,OLD-A,
CL,2013-11-22,Hedge/Member Mnth 2-4,hedge/member,2,3150.0,3150.0,USD,CL_2009_to_present.pdf,20140826230415,OLD-A,
CL,2013-11-22,Hedge/Member Mnth 5-10,hedge/member,3,2900.0,2900.0,USD,CL_2009_to_present.pdf,20140826230415,OLD-A,
CL,2013-11-22,Hedge/Member Mnth 11-18,hedge/member,4,2650.0,2650.0,USD,CL_2009_to_present.pdf,20140826230415,OLD-A,
CL,2013-11-22,Hedge/Member Mnth 19-28,hedge/member,5,2550.0,2550.0,USD,CL_2009_to_present.pdf,20140826230415,OLD-A,
CL,2013-11-22,Hedge/Member Mnth 29-40,hedge/member,6,2400.0,2400.0,USD,CL_2009_to_present.pdf,20140826230415,OLD-A,
CL,2013-11-22,Hedge/Member Mnth 41+,hedge/member,7,2400.0,2400.0,USD,CL_2009_to_present.pdf,20140826230415,OLD-A,
CL,2013-11-22,Spec Mnth 1,spec,1,3740.0,3400.0,USD,CL_2009_to_present.pdf,20140826230415,OLD-A,
CL,2013-11-22,Spec Mnth 2-4,spec,2,3465.0,3150.0,USD,CL_2009_to_present.pdf,20140826230415,OLD-A,
CL,2013-11-22,Spec Mnth 5-10,spec,3,3190.0,2900.0,USD,CL_2009_to_present.pdf,20140826230415,OLD-A,
CL,2013-11-22,Spec Mnth 11-18,spec,4,2915.0,2650.0,USD,CL_2009_to_present.pdf,20140826230415,OLD-A,
CL,2013-11-22,Spec Mnth 19-28,spec,5,2805.0,2550.0,USD,CL_2009_to_present.pdf,20140826230415,OLD-A,
CL,2013-11-22,Spec Mnth 29-40,spec,6,2640.0,2400.0,USD,CL_2009_to_present.pdf,20140826230415,OLD-A,
CL,2013-11-22,Spec Mnth 41+,spec,7,2640.0,2400.0,USD,CL_2009_to_present.pdf,20140826230415,OLD-A,
CL,2014-02-28,Hedge/Member Mnth 1,hedge/member,1,3100.0,3100.0,USD,CL_2009_to_present.pdf,20140826230415,OLD-A,
CL,2014-02-28,Hedge/Member Mnth 2-4,hedge/member,2,2850.0,2850.0,USD,CL_2009_to_present.pdf,20140826230415,OLD-A,
CL,2014-02-28,Hedge/Member Mnth 5-10,hedge/member,3,2600.0,2600.0,USD,CL_2009_to_present.pdf,20140826230415,OLD-A,
CL,2014-02-28,Hedge/Member Mnth 11-18,hedge/member,4,2350.0,2350.0,USD,CL_2009_to_present.pdf,20140826230415,OLD-A,
CL,2014-02-28,Hedge/Member Mnth 19-28,hedge/member,5,2250.0,2250.0,USD,CL_2009_to_present.pdf,20140826230415,OLD-A,
CL,2014-02-28,Hedge/Member Mnth 29-40,hedge/member,6,2100.0,2100.0,USD,CL_2009_to_present.pdf,20140826230415,OLD-A,
CL,2014-02-28,Hedge/Member Mnth 41+,hedge/member,7,2100.0,2100.0,USD,CL_2009_to_present.pdf,20140826230415,OLD-A,
CL,2014-02-28,Spec Mnth 1,spec,1,3410.0,3100.0,USD,CL_2009_to_present.pdf,20140826230415,OLD-A,
CL,2014-02-28,Spec Mnth 2-4,spec,2,3135.0,2850.0,USD,CL_2009_to_present.pdf,20140826230415,OLD-A,
CL,2014-02-28,Spec Mnth 5-10,spec,3,2860.0,2600.0,USD,CL_2009_to_present.pdf,20140826230415,OLD-A,
CL,2014-02-28,Spec Mnth 11-18,spec,4,2585.0,2350.0,USD,CL_2009_to_present.pdf,20140826230415,OLD-A,
CL,2014-02-28,Spec Mnth 19-28,spec,5,2475.0,2250.0,USD,CL_2009_to_present.pdf,20140826230415,OLD-A,
CL,2014-02-28,Spec Mnth 29-40,spec,6,2310.0,2100.0,USD,CL_2009_to_present.pdf,20140826230415,OLD-A,
CL,2014-02-28,Spec Mnth 41+,spec,7,2310.0,2100.0,USD,CL_2009_to_present.pdf,20140826230415,OLD-A,
CL,2014-03-14,Hedge/Member Mnth 19-28,hedge/member,1,1950.0,1950.0,USD,CL_2009_to_present.pdf,20140826230415,OLD-A,
CL,2014-03-14,Hedge/Member Mnth 29-40,hedge/member,2,1800.0,1800.0,USD,CL_2009_to_present.pdf,20140826230415,OLD-A,
CL,2014-03-14,Hedge/Member Mnth 41+,hedge/member,3,1800.0,1800.0,USD,CL_2009_to_present.pdf,20140826230415,OLD-A,
CL,2014-03-14,Spec Mnth 19-28,spec,1,2145.0,1950.0,USD,CL_2009_to_present.pdf,20140826230415,OLD-A,
CL,2014-03-14,Spec Mnth 29-40,spec,2,1980.0,1800.0,USD,CL_2009_to_present.pdf,20140826230415,OLD-A,
CL,2014-03-14,Spec Mnth 41+,spec,3,1980.0,1800.0,USD,CL_2009_to_present.pdf,20140826230415,OLD-A,
CL,2014-04-04,Hedge/Member Mnth1,hedge/member,1,2900.0,2900.0,USD,CL_2009_to_present.pdf,20140826230415,OLD-A,
CL,2014-04-04,Hedge/Member Mnth2,hedge/member,2,2850.0,2850.0,USD,CL_2009_to_present.pdf,20140826230415,OLD-A,
CL,2014-04-04,Hedge/Member Mnth3,hedge/member,3,2800.0,2800.0,USD,CL_2009_to_present.pdf,20140826230415,OLD-A,
CL,2014-04-04,Hedge/Member Mnth4,hedge/member,4,2650.0,2650.0,USD,CL_2009_to_present.pdf,20140826230415,OLD-A,
CL,2014-04-04,Hedge/Member Mnth5,hedge/member,5,2500.0,2500.0,USD,CL_2009_to_present.pdf,20140826230415,OLD-A,
CL,2014-04-04,Hedge/Member Mnth6,hedge/member,6,2400.0,2400.0,USD,CL_2009_to_present.pdf,20140826230415,OLD-A,
CL,2014-04-04,Hedge/Member Mnth7,hedge/member,7,2300.0,2300.0,USD,CL_2009_to_present.pdf,20140826230415,OLD-A,
CL,2014-04-04,Hedge/Member Mnth8,hedge/member,8,2250.0,2250.0,USD,CL_2009_to_present.pdf,20140826230415,OLD-A,
CL,2014-04-04,Hedge/Member Mnth9,hedge/member,9,2200.0,2200.0,USD,CL_2009_to_present.pdf,20140826230415,OLD-A,
CL,2014-04-04,Hedge/Member Mnth10,hedge/member,10,2150.0,2150.0,USD,CL_2009_to_present.pdf,20140826230415,OLD-A,
CL,2014-04-04,Hedge/Member Mnth11,hedge/member,11,2100.0,2100.0,USD,CL_2009_to_present.pdf,20140826230415,OLD-A,
CL,2014-04-04,Hedge/Member Mnth12,hedge/member,12,2100.0,2100.0,USD,CL_2009_to_present.pdf,20140826230415,OLD-A,
CL,2014-04-04,Hedge/Member Mnth13,hedge/member,13,2100.0,2100.0,USD,CL_2009_to_present.pdf,20140826230415,OLD-A,
CL,2014-04-04,Hedge/Member Mnth14,hedge/member,14,2100.0,2100.0,USD,CL_2009_to_present.pdf,20140826230415,OLD-A,
CL,2014-04-04,Hedge/Member Mnth15,hedge/member,15,2000.0,2000.0,USD,CL_2009_to_present.pdf,20140826230415,OLD-A,
CL,2014-04-04,Hedge/Member Mnth16,hedge/member,16,2000.0,2000.0,USD,CL_2009_to_present.pdf,20140826230415,OLD-A,
CL,2014-04-04,Hedge/Member Mnth17,hedge/member,17,2000.0,2000.0,USD,CL_2009_to_present.pdf,20140826230415,OLD-A,
CL,2014-04-04,Hedge/Member Mnth18,hedge/member,18,1950.0,1950.0,USD,CL_2009_to_present.pdf,20140826230415,OLD-A,
CL,2014-04-04,Hedge/Member Mnth19,hedge/member,19,1950.0,1950.0,USD,CL_2009_to_present.pdf,20140826230415,OLD-A,
CL,2014-04-04,Hedge/Member Mnth20,hedge/member,20,1950.0,1950.0,USD,CL_2009_to_present.pdf,20140826230415,OLD-A,
CL,2014-04-04,Hedge/Member Mnth21,hedge/member,21,1900.0,1900.0,USD,CL_2009_to_present.pdf,20140826230415,OLD-A,
CL,2014-04-04,Hedge/Member Mnth22,hedge/member,22,1900.0,1900.0,USD,CL_2009_to_present.pdf,20140826230415,OLD-A,
CL,2014-04-04,Hedge/Member Mnth23,hedge/member,23,1850.0,1850.0,USD,CL_2009_to_present.pdf,20140826230415,OLD-A,
CL,2014-04-04,Hedge/Member Mnth24,hedge/member,24,1850.0,1850.0,USD,CL_2009_to_present.pdf,20140826230415,OLD-A,
CL,2014-04-04,Hedge/Member Mnth25,hedge/member,25,1850.0,1850.0,USD,CL_2009_to_present.pdf,20140826230415,OLD-A,
CL,2014-04-04,Hedge/Member Mnth26,hedge/member,26,1800.0,1800.0,USD,CL_2009_to_present.pdf,20140826230415,OLD-A,
CL,2014-04-04,Hedge/Member Mnth27,hedge/member,27,1800.0,1800.0,USD,CL_2009_to_present.pdf,20140826230415,OLD-A,
CL,2014-04-04,Hedge/Member Mnth28,hedge/member,28,1800.0,1800.0,USD,CL_2009_to_present.pdf,20140826230415,OLD-A,
CL,2014-04-04,Hedge/Member Mnth29,hedge/member,29,1700.0,1700.0,USD,CL_2009_to_present.pdf,20140826230415,OLD-A,
CL,2014-04-04,Hedge/Member Mnth30,hedge/member,30,1700.0,1700.0,USD,CL_2009_to_present.pdf,20140826230415,OLD-A,
CL,2014-04-04,Hedge/Member Mnth31,hedge/member,31,1700.0,1700.0,USD,CL_2009_to_present.pdf,20140826230415,OLD-A,
CL,2014-04-04,Hedge/Member Mnth32,hedge/member,32,1700.0,1700.0,USD,CL_2009_to_present.pdf,20140826230415,OLD-A,
CL,2014-04-04,Hedge/Member Mnth33,hedge/member,33,1700.0,1700.0,USD,CL_2009_to_present.pdf,20140826230415,OLD-A,
CL,2014-04-04,Hedge/Member Mnth34,hedge/member,34,1700.0,1700.0,USD,CL_2009_to_present.pdf,20140826230415,OLD-A,
CL,2014-04-04,Hedge/Member Mnth35,hedge/member,35,1700.0,1700.0,USD,CL_2009_to_present.pdf,20140826230415,OLD-A,
CL,2014-04-04,Hedge/Member Mnth36,hedge/member,36,1700.0,1700.0,USD,CL_2009_to_present.pdf,20140826230415,OLD-A,
CL,2014-04-04,Hedge/Member Mnth37,hedge/member,37,1700.0,1700.0,USD,CL_2009_to_present.pdf,20140826230415,OLD-A,
CL,2014-04-04,Hedge/Member Mnth38,hedge/member,38,1700.0,1700.0,USD,CL_2009_to_present.pdf,20140826230415,OLD-A,
CL,2014-04-04,Hedge/Member Mnth39,hedge/member,39,1700.0,1700.0,USD,CL_2009_to_present.pdf,20140826230415,OLD-A,
CL,2014-04-04,Hedge/Member Mnth40,hedge/member,40,1700.0,1700.0,USD,CL_2009_to_present.pdf,20140826230415,OLD-A,
CL,2014-04-04,Hedge/Member Mnth41,hedge/member,41,1700.0,1700.0,USD,CL_2009_to_present.pdf,20140826230415,OLD-A,
CL,2014-04-04,Hedge/Member Mnth42,hedge/member,42,1700.0,1700.0,USD,CL_2009_to_present.pdf,20140826230415,OLD-A,
CL,2014-04-04,Hedge/Member Mnth43,hedge/member,43,1700.0,1700.0,USD,CL_2009_to_present.pdf,20140826230415,OLD-A,
CL,2014-04-04,Hedge/Member Mnth44,hedge/member,44,1700.0,1700.0,USD,CL_2009_to_present.pdf,20140826230415,OLD-A,
CL,2014-04-04,Hedge/Member Mnth45,hedge/member,45,1700.0,1700.0,USD,CL_2009_to_present.pdf,20140826230415,OLD-A,
CL,2014-04-04,Hedge/Member Mnth46,hedge/member,46,1700.0,1700.0,USD,CL_2009_to_present.pdf,20140826230415,OLD-A,
CL,2014-04-04,Hedge/Member Mnth47,hedge/member,47,1700.0,1700.0,USD,CL_2009_to_present.pdf,20140826230415,OLD-A,
CL,2014-04-04,Hedge/Member Mnth48,hedge/member,48,1700.0,1700.0,USD,CL_2009_to_present.pdf,20140826230415,OLD-A,
CL,2014-04-04,Hedge/Member Mnth49,hedge/member,49,1700.0,1700.0,USD,CL_2009_to_present.pdf,20140826230415,OLD-A,
CL,2014-04-04,Hedge/Member Mnth50,hedge/member,50,1700.0,1700.0,USD,CL_2009_to_present.pdf,20140826230415,OLD-A,
CL,2014-04-04,Hedge/Member Mnth51,hedge/member,51,1700.0,1700.0,USD,CL_2009_to_present.pdf,20140826230415,OLD-A,
CL,2014-04-04,Hedge/Member Mnth52,hedge/member,52,1700.0,1700.0,USD,CL_2009_to_present.pdf,20140826230415,OLD-A,
CL,2014-04-04,Hedge/Member Mnth53,hedge/member,53,1700.0,1700.0,USD,CL_2009_to_present.pdf,20140826230415,OLD-A,
CL,2014-04-04,Hedge/Member Mnth54,hedge/member,54,1700.0,1700.0,USD,CL_2009_to_present.pdf,20140826230415,OLD-A,
CL,2014-04-04,Hedge/Member Mnth55,hedge/member,55,1700.0,1700.0,USD,CL_2009_to_present.pdf,20140826230415,OLD-A,
CL,2014-04-04,Hedge/Member Mnth56,hedge/member,56,1700.0,1700.0,USD,CL_2009_to_present.pdf,20140826230415,OLD-A,
CL,2014-04-04,Hedge/Member Mnth57,hedge/member,57,1700.0,1700.0,USD,CL_2009_to_present.pdf,20140826230415,OLD-A,
CL,2014-04-04,Hedge/Member Mnth58,hedge/member,58,1700.0,1700.0,USD,CL_2009_to_present.pdf,20140826230415,OLD-A,
CL,2014-04-04,Hedge/Member Mnth59,hedge/member,59,1700.0,1700.0,USD,CL_2009_to_present.pdf,20140826230415,OLD-A,
CL,2014-04-04,Hedge/Member Mnth60,hedge/member,60,1700.0,1700.0,USD,CL_2009_to_present.pdf,20140826230415,OLD-A,
CL,2014-04-04,Hedge/Member Mnth61,hedge/member,61,1700.0,1700.0,USD,CL_2009_to_present.pdf,20140826230415,OLD-A,
CL,2014-04-04,Hedge/Member Mnth62,hedge/member,62,1700.0,1700.0,USD,CL_2009_to_present.pdf,20140826230415,OLD-A,
CL,2014-04-04,Hedge/Member Mnth63,hedge/member,63,1700.0,1700.0,USD,CL_2009_to_present.pdf,20140826230415,OLD-A,
CL,2014-04-04,Hedge/Member Mnth64,hedge/member,64,1700.0,1700.0,USD,CL_2009_to_present.pdf,20140826230415,OLD-A,
CL,2014-04-04,Hedge/Member Mnth65+,hedge/member,65,1700.0,1700.0,USD,CL_2009_to_present.pdf,20140826230415,OLD-A,
CL,2014-04-04,Spec Mnth1,spec,1,3190.0,2900.0,USD,CL_2009_to_present.pdf,20140826230415,OLD-A,
CL,2014-04-04,Spec Mnth2,spec,2,3135.0,2850.0,USD,CL_2009_to_present.pdf,20140826230415,OLD-A,
CL,2014-04-04,Spec Mnth3,spec,3,3080.0,2800.0,USD,CL_2009_to_present.pdf,20140826230415,OLD-A,
CL,2014-04-04,Spec Mnth4,spec,4,2915.0,2650.0,USD,CL_2009_to_present.pdf,20140826230415,OLD-A,
CL,2014-04-04,Spec Mnth5,spec,5,2750.0,2500.0,USD,CL_2009_to_present.pdf,20140826230415,OLD-A,
CL,2014-04-04,Spec Mnth6,spec,6,2640.0,2400.0,USD,CL_2009_to_present.pdf,20140826230415,OLD-A,
CL,2014-04-04,Spec Mnth7,spec,7,2530.0,2300.0,USD,CL_2009_to_present.pdf,20140826230415,OLD-A,
CL,2014-04-04,Spec Mnth8,spec,8,2475.0,2250.0,USD,CL_2009_to_present.pdf,20140826230415,OLD-A,
CL,2014-04-04,Spec Mnth9,spec,9,2420.0,2200.0,USD,CL_2009_to_present.pdf,20140826230415,OLD-A,
CL,2014-04-04,Spec Mnth10,spec,10,2365.0,2150.0,USD,CL_2009_to_present.pdf,20140826230415,OLD-A,
CL,2014-04-04,Spec Mnth11,spec,11,2310.0,2100.0,USD,CL_2009_to_present.pdf,20140826230415,OLD-A,
CL,2014-04-04,Spec Mnth12,spec,12,2310.0,2100.0,USD,CL_2009_to_present.pdf,20140826230415,OLD-A,
CL,2014-04-04,Spec Mnth13,spec,13,2310.0,2100.0,USD,CL_2009_to_present.pdf,20140826230415,OLD-A,
CL,2014-04-04,Spec Mnth14,spec,14,2310.0,2100.0,USD,CL_2009_to_present.pdf,20140826230415,OLD-A,
CL,2014-04-04,Spec Mnth15,spec,15,2200.0,2000.0,USD,CL_2009_to_present.pdf,20140826230415,OLD-A,
CL,2014-04-04,Spec Mnth16,spec,16,2200.0,2000.0,USD,CL_2009_to_present.pdf,20140826230415,OLD-A,
CL,2014-04-04,Spec Mnth17,spec,17,2200.0,2000.0,USD,CL_2009_to_present.pdf,20140826230415,OLD-A,
CL,2014-04-04,Spec Mnth18,spec,18,2145.0,1950.0,USD,CL_2009_to_present.pdf,20140826230415,OLD-A,
CL,2014-04-04,Spec Mnth19,spec,19,2145.0,1950.0,USD,CL_2009_to_present.pdf,20140826230415,OLD-A,
CL,2014-04-04,Spec Mnth20,spec,20,2145.0,1950.0,USD,CL_2009_to_present.pdf,20140826230415,OLD-A,
CL,2014-04-04,Spec Mnth21,spec,21,2090.0,1900.0,USD,CL_2009_to_present.pdf,20140826230415,OLD-A,
CL,2014-04-04,Spec Mnth22,spec,22,2090.0,1900.0,USD,CL_2009_to_present.pdf,20140826230415,OLD-A,
CL,2014-04-04,Spec Mnth23,spec,23,2035.0,1850.0,USD,CL_2009_to_present.pdf,20140826230415,OLD-A,
CL,2014-04-04,Spec Mnth24,spec,24,2035.0,1850.0,USD,CL_2009_to_present.pdf,20140826230415,OLD-A,
CL,2014-04-04,Spec Mnth25,spec,25,2035.0,1850.0,USD,CL_2009_to_present.pdf,20140826230415,OLD-A,
CL,2014-04-04,Spec Mnth26,spec,26,1980.0,1800.0,USD,CL_2009_to_present.pdf,20140826230415,OLD-A,
CL,2014-04-04,Spec Mnth27,spec,27,1980.0,1800.0,USD,CL_2009_to_present.pdf,20140826230415,OLD-A,
CL,2014-04-04,Spec Mnth28,spec,28,1980.0,1800.0,USD,CL_2009_to_present.pdf,20140826230415,OLD-A,
CL,2014-04-04,Spec Mnth29,spec,29,1870.0,1700.0,USD,CL_2009_to_present.pdf,20140826230415,OLD-A,
CL,2014-04-04,Spec Mnth30,spec,30,1870.0,1700.0,USD,CL_2009_to_present.pdf,20140826230415,OLD-A,
CL,2014-04-04,Spec Mnth31,spec,31,1870.0,1700.0,USD,CL_2009_to_present.pdf,20140826230415,OLD-A,
CL,2014-04-04,Spec Mnth32,spec,32,1870.0,1700.0,USD,CL_2009_to_present.pdf,20140826230415,OLD-A,
CL,2014-04-04,Spec Mnth33,spec,33,1870.0,1700.0,USD,CL_2009_to_present.pdf,20140826230415,OLD-A,
CL,2014-04-04,Spec Mnth34,spec,34,1870.0,1700.0,USD,CL_2009_to_present.pdf,20140826230415,OLD-A,
CL,2014-04-04,Spec Mnth35,spec,35,1870.0,1700.0,USD,CL_2009_to_present.pdf,20140826230415,OLD-A,
CL,2014-04-04,Spec Mnth36,spec,36,1870.0,1700.0,USD,CL_2009_to_present.pdf,20140826230415,OLD-A,
CL,2014-04-04,Spec Mnth37,spec,37,1870.0,1700.0,USD,CL_2009_to_present.pdf,20140826230415,OLD-A,
CL,2014-04-04,Spec Mnth38,spec,38,1870.0,1700.0,USD,CL_2009_to_present.pdf,20140826230415,OLD-A,
CL,2014-04-04,Spec Mnth39,spec,39,1870.0,1700.0,USD,CL_2009_to_present.pdf,20140826230415,OLD-A,
CL,2014-04-04,Spec Mnth40,spec,40,1870.0,1700.0,USD,CL_2009_to_present.pdf,20140826230415,OLD-A,
CL,2014-04-04,Spec Mnth41,spec,41,1870.0,1700.0,USD,CL_2009_to_present.pdf,20140826230415,OLD-A,
CL,2014-04-04,Spec Mnth42,spec,42,1870.0,1700.0,USD,CL_2009_to_present.pdf,20140826230415,OLD-A,
CL,2014-04-04,Spec Mnth43,spec,43,1870.0,1700.0,USD,CL_2009_to_present.pdf,20140826230415,OLD-A,
CL,2014-04-04,Spec Mnth44,spec,44,1870.0,1700.0,USD,CL_2009_to_present.pdf,20140826230415,OLD-A,
CL,2014-04-04,Spec Mnth45,spec,45,1870.0,1700.0,USD,CL_2009_to_present.pdf,20140826230415,OLD-A,
CL,2014-04-04,Spec Mnth46,spec,46,1870.0,1700.0,USD,CL_2009_to_present.pdf,20140826230415,OLD-A,
CL,2014-04-04,Spec Mnth47,spec,47,1870.0,1700.0,USD,CL_2009_to_present.pdf,20140826230415,OLD-A,
CL,2014-04-04,Spec Mnth48,spec,48,1870.0,1700.0,USD,CL_2009_to_present.pdf,20140826230415,OLD-A,
CL,2014-04-04,Spec Mnth49,spec,49,1870.0,1700.0,USD,CL_2009_to_present.pdf,20140826230415,OLD-A,
CL,2014-04-04,Spec Mnth50,spec,50,1870.0,1700.0,USD,CL_2009_to_present.pdf,20140826230415,OLD-A,
CL,2014-04-04,Spec Mnth51,spec,51,1870.0,1700.0,USD,CL_2009_to_present.pdf,20140826230415,OLD-A,
CL,2014-04-04,Spec Mnth52,spec,52,1870.0,1700.0,USD,CL_2009_to_present.pdf,20140826230415,OLD-A,
CL,2014-04-04,Spec Mnth53,spec,53,1870.0,1700.0,USD,CL_2009_to_present.pdf,20140826230415,OLD-A,
CL,2014-04-04,Spec Mnth54,spec,54,1870.0,1700.0,USD,CL_2009_to_present.pdf,20140826230415,OLD-A,
CL,2014-04-04,Spec Mnth55,spec,55,1870.0,1700.0,USD,CL_2009_to_present.pdf,20140826230415,OLD-A,
CL,2014-04-04,Spec Mnth56,spec,56,1870.0,1700.0,USD,CL_2009_to_present.pdf,20140826230415,OLD-A,
CL,2014-04-04,Spec Mnth57,spec,57,1870.0,1700.0,USD,CL_2009_to_present.pdf,20140826230415,OLD-A,
CL,2014-04-04,Spec Mnth58,spec,58,1870.0,1700.0,USD,CL_2009_to_present.pdf,20140826230415,OLD-A,
CL,2014-04-04,Spec Mnth59,spec,59,1870.0,1700.0,USD,CL_2009_to_present.pdf,20140826230415,OLD-A,
CL,2014-04-04,Spec Mnth60,spec,60,1870.0,1700.0,USD,CL_2009_to_present.pdf,20140826230415,OLD-A,
CL,2014-04-04,Spec Mnth61,spec,61,1870.0,1700.0,USD,CL_2009_to_present.pdf,20140826230415,OLD-A,
CL,2014-04-04,Spec Mnth62,spec,62,1870.0,1700.0,USD,CL_2009_to_present.pdf,20140826230415,OLD-A,
CL,2014-04-04,Spec Mnth63,spec,63,1870.0,1700.0,USD,CL_2009_to_present.pdf,20140826230415,OLD-A,
CL,2014-04-04,Spec Mnth64,spec,64,1870.0,1700.0,USD,CL_2009_to_present.pdf,20140826230415,OLD-A,
CL,2014-04-04,Spec Mnth65+,spec,65,1870.0,1700.0,USD,CL_2009_to_present.pdf,20140826230415,OLD-A,
CL,2014-08-11,Hedge/Member Mnth1,hedge/member,1,2700.0,2700.0,USD,CL_2008_to_present.pdf,20150528091914,OLD-A,
CL,2014-08-11,Hedge/Member Mnth2,hedge/member,2,2650.0,2650.0,USD,CL_2008_to_present.pdf,20150528091914,OLD-A,
CL,2014-08-11,Hedge/Member Mnth3,hedge/member,3,2600.0,2600.0,USD,CL_2008_to_present.pdf,20150528091914,OLD-A,
CL,2014-08-11,Hedge/Member Mnth4,hedge/member,4,2450.0,2450.0,USD,CL_2008_to_present.pdf,20150528091914,OLD-A,
CL,2014-08-11,Hedge/Member Mnth5,hedge/member,5,2300.0,2300.0,USD,CL_2008_to_present.pdf,20150528091914,OLD-A,
CL,2014-08-11,Hedge/Member Mnth6,hedge/member,6,2200.0,2200.0,USD,CL_2008_to_present.pdf,20150528091914,OLD-A,
CL,2014-08-11,Hedge/Member Mnth7,hedge/member,7,2100.0,2100.0,USD,CL_2008_to_present.pdf,20150528091914,OLD-A,
CL,2014-08-11,Hedge/Member Mnth8,hedge/member,8,2050.0,2050.0,USD,CL_2008_to_present.pdf,20150528091914,OLD-A,
CL,2014-08-11,Hedge/Member Mnth9,hedge/member,9,2000.0,2000.0,USD,CL_2008_to_present.pdf,20150528091914,OLD-A,
CL,2014-08-11,Hedge/Member Mnth10,hedge/member,10,1950.0,1950.0,USD,CL_2008_to_present.pdf,20150528091914,OLD-A,
CL,2014-08-11,Hedge/Member Mnth11,hedge/member,11,1900.0,1900.0,USD,CL_2008_to_present.pdf,20150528091914,OLD-A,
CL,2014-08-11,Hedge/Member Mnth12,hedge/member,12,1900.0,1900.0,USD,CL_2008_to_present.pdf,20150528091914,OLD-A,
CL,2014-08-11,Hedge/Member Mnth13,hedge/member,13,1900.0,1900.0,USD,CL_2008_to_present.pdf,20150528091914,OLD-A,
CL,2014-08-11,Hedge/Member Mnth14,hedge/member,14,1900.0,1900.0,USD,CL_2008_to_present.pdf,20150528091914,OLD-A,
CL,2014-08-11,Hedge/Member Mnth15,hedge/member,15,1800.0,1800.0,USD,CL_2008_to_present.pdf,20150528091914,OLD-A,
CL,2014-08-11,Hedge/Member Mnth16,hedge/member,16,1800.0,1800.0,USD,CL_2008_to_present.pdf,20150528091914,OLD-A,
CL,2014-08-11,Hedge/Member Mnth17,hedge/member,17,1800.0,1800.0,USD,CL_2008_to_present.pdf,20150528091914,OLD-A,
CL,2014-08-11,Hedge/Member Mnth18,hedge/member,18,1750.0,1750.0,USD,CL_2008_to_present.pdf,20150528091914,OLD-A,
CL,2014-08-11,Hedge/Member Mnth19,hedge/member,19,1750.0,1750.0,USD,CL_2008_to_present.pdf,20150528091914,OLD-A,
CL,2014-08-11,Hedge/Member Mnth20,hedge/member,20,1750.0,1750.0,USD,CL_2008_to_present.pdf,20150528091914,OLD-A,
CL,2014-08-11,Hedge/Member Mnth21,hedge/member,21,1700.0,1700.0,USD,CL_2008_to_present.pdf,20150528091914,OLD-A,
CL,2014-08-11,Hedge/Member Mnth22,hedge/member,22,1700.0,1700.0,USD,CL_2008_to_present.pdf,20150528091914,OLD-A,
CL,2014-08-11,Hedge/Member Mnth23,hedge/member,23,1650.0,1650.0,USD,CL_2008_to_present.pdf,20150528091914,OLD-A,
CL,2014-08-11,Hedge/Member Mnth24,hedge/member,24,1650.0,1650.0,USD,CL_2008_to_present.pdf,20150528091914,OLD-A,
CL,2014-08-11,Hedge/Member Mnth25,hedge/member,25,1650.0,1650.0,USD,CL_2008_to_present.pdf,20150528091914,OLD-A,
CL,2014-08-11,Hedge/Member Mnth26,hedge/member,26,1600.0,1600.0,USD,CL_2008_to_present.pdf,20150528091914,OLD-A,
CL,2014-08-11,Hedge/Member Mnth27,hedge/member,27,1600.0,1600.0,USD,CL_2008_to_present.pdf,20150528091914,OLD-A,
CL,2014-08-11,Hedge/Member Mnth28,hedge/member,28,1600.0,1600.0,USD,CL_2008_to_present.pdf,20150528091914,OLD-A,
CL,2014-08-11,Hedge/Member Mnth29,hedge/member,29,1500.0,1500.0,USD,CL_2008_to_present.pdf,20150528091914,OLD-A,
CL,2014-08-11,Hedge/Member Mnth30,hedge/member,30,1500.0,1500.0,USD,CL_2008_to_present.pdf,20150528091914,OLD-A,
CL,2014-08-11,Hedge/Member Mnth31,hedge/member,31,1500.0,1500.0,USD,CL_2008_to_present.pdf,20150528091914,OLD-A,
CL,2014-08-11,Hedge/Member Mnth32,hedge/member,32,1500.0,1500.0,USD,CL_2008_to_present.pdf,20150528091914,OLD-A,
CL,2014-08-11,Hedge/Member Mnth33,hedge/member,33,1500.0,1500.0,USD,CL_2008_to_present.pdf,20150528091914,OLD-A,
CL,2014-08-11,Hedge/Member Mnth34,hedge/member,34,1500.0,1500.0,USD,CL_2008_to_present.pdf,20150528091914,OLD-A,
CL,2014-08-11,Hedge/Member Mnth35,hedge/member,35,1500.0,1500.0,USD,CL_2008_to_present.pdf,20150528091914,OLD-A,
CL,2014-08-11,Hedge/Member Mnth36,hedge/member,36,1500.0,1500.0,USD,CL_2008_to_present.pdf,20150528091914,OLD-A,
CL,2014-08-11,Hedge/Member Mnth37,hedge/member,37,1500.0,1500.0,USD,CL_2008_to_present.pdf,20150528091914,OLD-A,
CL,2014-08-11,Hedge/Member Mnth38,hedge/member,38,1500.0,1500.0,USD,CL_2008_to_present.pdf,20150528091914,OLD-A,
CL,2014-08-11,Hedge/Member Mnth39,hedge/member,39,1500.0,1500.0,USD,CL_2008_to_present.pdf,20150528091914,OLD-A,
CL,2014-08-11,Hedge/Member Mnth40,hedge/member,40,1500.0,1500.0,USD,CL_2008_to_present.pdf,20150528091914,OLD-A,
CL,2014-08-11,Hedge/Member Mnth41,hedge/member,41,1500.0,1500.0,USD,CL_2008_to_present.pdf,20150528091914,OLD-A,
CL,2014-08-11,Hedge/Member Mnth42,hedge/member,42,1500.0,1500.0,USD,CL_2008_to_present.pdf,20150528091914,OLD-A,
CL,2014-08-11,Hedge/Member Mnth43,hedge/member,43,1500.0,1500.0,USD,CL_2008_to_present.pdf,20150528091914,OLD-A,
CL,2014-08-11,Hedge/Member Mnth44,hedge/member,44,1500.0,1500.0,USD,CL_2008_to_present.pdf,20150528091914,OLD-A,
CL,2014-08-11,Hedge/Member Mnth45,hedge/member,45,1500.0,1500.0,USD,CL_2008_to_present.pdf,20150528091914,OLD-A,
CL,2014-08-11,Hedge/Member Mnth46,hedge/member,46,1500.0,1500.0,USD,CL_2008_to_present.pdf,20150528091914,OLD-A,
CL,2014-08-11,Hedge/Member Mnth47,hedge/member,47,1500.0,1500.0,USD,CL_2008_to_present.pdf,20150528091914,OLD-A,
CL,2014-08-11,Hedge/Member Mnth48,hedge/member,48,1500.0,1500.0,USD,CL_2008_to_present.pdf,20150528091914,OLD-A,
CL,2014-08-11,Hedge/Member Mnth49,hedge/member,49,1500.0,1500.0,USD,CL_2008_to_present.pdf,20150528091914,OLD-A,
CL,2014-08-11,Hedge/Member Mnth50,hedge/member,50,1500.0,1500.0,USD,CL_2008_to_present.pdf,20150528091914,OLD-A,
CL,2014-08-11,Hedge/Member Mnth51,hedge/member,51,1500.0,1500.0,USD,CL_2008_to_present.pdf,20150528091914,OLD-A,
CL,2014-08-11,Hedge/Member Mnth52,hedge/member,52,1500.0,1500.0,USD,CL_2008_to_present.pdf,20150528091914,OLD-A,
CL,2014-08-11,Hedge/Member Mnth53,hedge/member,53,1500.0,1500.0,USD,CL_2008_to_present.pdf,20150528091914,OLD-A,
CL,2014-08-11,Hedge/Member Mnth54,hedge/member,54,1500.0,1500.0,USD,CL_2008_to_present.pdf,20150528091914,OLD-A,
CL,2014-08-11,Hedge/Member Mnth55,hedge/member,55,1500.0,1500.0,USD,CL_2008_to_present.pdf,20150528091914,OLD-A,
CL,2014-08-11,Hedge/Member Mnth56,hedge/member,56,1500.0,1500.0,USD,CL_2008_to_present.pdf,20150528091914,OLD-A,
CL,2014-08-11,Hedge/Member Mnth57,hedge/member,57,1500.0,1500.0,USD,CL_2008_to_present.pdf,20150528091914,OLD-A,
CL,2014-08-11,Hedge/Member Mnth58,hedge/member,58,1500.0,1500.0,USD,CL_2008_to_present.pdf,20150528091914,OLD-A,
CL,2014-08-11,Hedge/Member Mnth59,hedge/member,59,1500.0,1500.0,USD,CL_2008_to_present.pdf,20150528091914,OLD-A,
CL,2014-08-11,Hedge/Member Mnth60,hedge/member,60,1500.0,1500.0,USD,CL_2008_to_present.pdf,20150528091914,OLD-A,
CL,2014-08-11,Hedge/Member Mnth61,hedge/member,61,1500.0,1500.0,USD,CL_2008_to_present.pdf,20150528091914,OLD-A,
CL,2014-08-11,Hedge/Member Mnth62,hedge/member,62,1500.0,1500.0,USD,CL_2008_to_present.pdf,20150528091914,OLD-A,
CL,2014-08-11,Hedge/Member Mnth63,hedge/member,63,1500.0,1500.0,USD,CL_2008_to_present.pdf,20150528091914,OLD-A,
CL,2014-08-11,Hedge/Member Mnth64,hedge/member,64,1500.0,1500.0,USD,CL_2008_to_present.pdf,20150528091914,OLD-A,
CL,2014-08-11,Hedge/Member Mnth65+,hedge/member,65,1500.0,1500.0,USD,CL_2008_to_present.pdf,20150528091914,OLD-A,
CL,2014-08-11,Spec Mnth1,spec,1,2970.0,2700.0,USD,CL_2008_to_present.pdf,20150528091914,OLD-A,
CL,2014-08-11,Spec Mnth2,spec,2,2915.0,2650.0,USD,CL_2008_to_present.pdf,20150528091914,OLD-A,
CL,2014-08-11,Spec Mnth3,spec,3,2860.0,2600.0,USD,CL_2008_to_present.pdf,20150528091914,OLD-A,
CL,2014-08-11,Spec Mnth4,spec,4,2695.0,2450.0,USD,CL_2008_to_present.pdf,20150528091914,OLD-A,
CL,2014-08-11,Spec Mnth5,spec,5,2530.0,2300.0,USD,CL_2008_to_present.pdf,20150528091914,OLD-A,
CL,2014-08-11,Spec Mnth6,spec,6,2420.0,2200.0,USD,CL_2008_to_present.pdf,20150528091914,OLD-A,
CL,2014-08-11,Spec Mnth7,spec,7,2310.0,2100.0,USD,CL_2008_to_present.pdf,20150528091914,OLD-A,
CL,2014-08-11,Spec Mnth8,spec,8,2255.0,2050.0,USD,CL_2008_to_present.pdf,20150528091914,OLD-A,
CL,2014-08-11,Spec Mnth9,spec,9,2200.0,2000.0,USD,CL_2008_to_present.pdf,20150528091914,OLD-A,
CL,2014-08-11,Spec Mnth10,spec,10,2145.0,1950.0,USD,CL_2008_to_present.pdf,20150528091914,OLD-A,
CL,2014-08-11,Spec Mnth11,spec,11,2090.0,1900.0,USD,CL_2008_to_present.pdf,20150528091914,OLD-A,
CL,2014-08-11,Spec Mnth12,spec,12,2090.0,1900.0,USD,CL_2008_to_present.pdf,20150528091914,OLD-A,
CL,2014-08-11,Spec Mnth13,spec,13,2090.0,1900.0,USD,CL_2008_to_present.pdf,20150528091914,OLD-A,
CL,2014-08-11,Spec Mnth14,spec,14,2090.0,1900.0,USD,CL_2008_to_present.pdf,20150528091914,OLD-A,
CL,2014-08-11,Spec Mnth15,spec,15,1980.0,1800.0,USD,CL_2008_to_present.pdf,20150528091914,OLD-A,
CL,2014-08-11,Spec Mnth16,spec,16,1980.0,1800.0,USD,CL_2008_to_present.pdf,20150528091914,OLD-A,
CL,2014-08-11,Spec Mnth17,spec,17,1980.0,1800.0,USD,CL_2008_to_present.pdf,20150528091914,OLD-A,
CL,2014-08-11,Spec Mnth18,spec,18,1925.0,1750.0,USD,CL_2008_to_present.pdf,20150528091914,OLD-A,
CL,2014-08-11,Spec Mnth19,spec,19,1925.0,1750.0,USD,CL_2008_to_present.pdf,20150528091914,OLD-A,
CL,2014-08-11,Spec Mnth20,spec,20,1925.0,1750.0,USD,CL_2008_to_present.pdf,20150528091914,OLD-A,
CL,2014-08-11,Spec Mnth21,spec,21,1870.0,1700.0,USD,CL_2008_to_present.pdf,20150528091914,OLD-A,
CL,2014-08-11,Spec Mnth22,spec,22,1870.0,1700.0,USD,CL_2008_to_present.pdf,20150528091914,OLD-A,
CL,2014-08-11,Spec Mnth23,spec,23,1815.0,1650.0,USD,CL_2008_to_present.pdf,20150528091914,OLD-A,
CL,2014-08-11,Spec Mnth24,spec,24,1815.0,1650.0,USD,CL_2008_to_present.pdf,20150528091914,OLD-A,
CL,2014-08-11,Spec Mnth25,spec,25,1815.0,1650.0,USD,CL_2008_to_present.pdf,20150528091914,OLD-A,
CL,2014-08-11,Spec Mnth26,spec,26,1760.0,1600.0,USD,CL_2008_to_present.pdf,20150528091914,OLD-A,
CL,2014-08-11,Spec Mnth27,spec,27,1760.0,1600.0,USD,CL_2008_to_present.pdf,20150528091914,OLD-A,
CL,2014-08-11,Spec Mnth28,spec,28,1760.0,1600.0,USD,CL_2008_to_present.pdf,20150528091914,OLD-A,
CL,2014-08-11,Spec Mnth29,spec,29,1650.0,1500.0,USD,CL_2008_to_present.pdf,20150528091914,OLD-A,
CL,2014-08-11,Spec Mnth30,spec,30,1650.0,1500.0,USD,CL_2008_to_present.pdf,20150528091914,OLD-A,
CL,2014-08-11,Spec Mnth31,spec,31,1650.0,1500.0,USD,CL_2008_to_present.pdf,20150528091914,OLD-A,
CL,2014-08-11,Spec Mnth32,spec,32,1650.0,1500.0,USD,CL_2008_to_present.pdf,20150528091914,OLD-A,
CL,2014-08-11,Spec Mnth33,spec,33,1650.0,1500.0,USD,CL_2008_to_present.pdf,20150528091914,OLD-A,
CL,2014-08-11,Spec Mnth34,spec,34,1650.0,1500.0,USD,CL_2008_to_present.pdf,20150528091914,OLD-A,
CL,2014-08-11,Spec Mnth35,spec,35,1650.0,1500.0,USD,CL_2008_to_present.pdf,20150528091914,OLD-A,
CL,2014-08-11,Spec Mnth36,spec,36,1650.0,1500.0,USD,CL_2008_to_present.pdf,20150528091914,OLD-A,
CL,2014-08-11,Spec Mnth37,spec,37,1650.0,1500.0,USD,CL_2008_to_present.pdf,20150528091914,OLD-A,
CL,2014-08-11,Spec Mnth38,spec,38,1650.0,1500.0,USD,CL_2008_to_present.pdf,20150528091914,OLD-A,
CL,2014-08-11,Spec Mnth39,spec,39,1650.0,1500.0,USD,CL_2008_to_present.pdf,20150528091914,OLD-A,
CL,2014-08-11,Spec Mnth40,spec,40,1650.0,1500.0,USD,CL_2008_to_present.pdf,20150528091914,OLD-A,
CL,2014-08-11,Spec Mnth41,spec,41,1650.0,1500.0,USD,CL_2008_to_present.pdf,20150528091914,OLD-A,
CL,2014-08-11,Spec Mnth42,spec,42,1650.0,1500.0,USD,CL_2008_to_present.pdf,20150528091914,OLD-A,
CL,2014-08-11,Spec Mnth43,spec,43,1650.0,1500.0,USD,CL_2008_to_present.pdf,20150528091914,OLD-A,
CL,2014-08-11,Spec Mnth44,spec,44,1650.0,1500.0,USD,CL_2008_to_present.pdf,20150528091914,OLD-A,
CL,2014-08-11,Spec Mnth45,spec,45,1650.0,1500.0,USD,CL_2008_to_present.pdf,20150528091914,OLD-A,
CL,2014-08-11,Spec Mnth46,spec,46,1650.0,1500.0,USD,CL_2008_to_present.pdf,20150528091914,OLD-A,
CL,2014-08-11,Spec Mnth47,spec,47,1650.0,1500.0,USD,CL_2008_to_present.pdf,20150528091914,OLD-A,
CL,2014-08-11,Spec Mnth48,spec,48,1650.0,1500.0,USD,CL_2008_to_present.pdf,20150528091914,OLD-A,
CL,2014-08-11,Spec Mnth49,spec,49,1650.0,1500.0,USD,CL_2008_to_present.pdf,20150528091914,OLD-A,
CL,2014-08-11,Spec Mnth50,spec,50,1650.0,1500.0,USD,CL_2008_to_present.pdf,20150528091914,OLD-A,
CL,2014-08-11,Spec Mnth51,spec,51,1650.0,1500.0,USD,CL_2008_to_present.pdf,20150528091914,OLD-A,
CL,2014-08-11,Spec Mnth52,spec,52,1650.0,1500.0,USD,CL_2008_to_present.pdf,20150528091914,OLD-A,
CL,2014-08-11,Spec Mnth53,spec,53,1650.0,1500.0,USD,CL_2008_to_present.pdf,20150528091914,OLD-A,
CL,2014-08-11,Spec Mnth54,spec,54,1650.0,1500.0,USD,CL_2008_to_present.pdf,20150528091914,OLD-A,
CL,2014-08-11,Spec Mnth55,spec,55,1650.0,1500.0,USD,CL_2008_to_present.pdf,20150528091914,OLD-A,
CL,2014-08-11,Spec Mnth56,spec,56,1650.0,1500.0,USD,CL_2008_to_present.pdf,20150528091914,OLD-A,
CL,2014-08-11,Spec Mnth57,spec,57,1650.0,1500.0,USD,CL_2008_to_present.pdf,20150528091914,OLD-A,
CL,2014-08-11,Spec Mnth58,spec,58,1650.0,1500.0,USD,CL_2008_to_present.pdf,20150528091914,OLD-A,
CL,2014-08-11,Spec Mnth59,spec,59,1650.0,1500.0,USD,CL_2008_to_present.pdf,20150528091914,OLD-A,
CL,2014-08-11,Spec Mnth60,spec,60,1650.0,1500.0,USD,CL_2008_to_present.pdf,20150528091914,OLD-A,
CL,2014-08-11,Spec Mnth61,spec,61,1650.0,1500.0,USD,CL_2008_to_present.pdf,20150528091914,OLD-A,
CL,2014-08-11,Spec Mnth62,spec,62,1650.0,1500.0,USD,CL_2008_to_present.pdf,20150528091914,OLD-A,
CL,2014-08-11,Spec Mnth63,spec,63,1650.0,1500.0,USD,CL_2008_to_present.pdf,20150528091914,OLD-A,
CL,2014-08-11,Spec Mnth64,spec,64,1650.0,1500.0,USD,CL_2008_to_present.pdf,20150528091914,OLD-A,
CL,2014-08-11,Spec Mnth65+,spec,65,1650.0,1500.0,USD,CL_2008_to_present.pdf,20150528091914,OLD-A,
CL,2014-10-03,Hedge/Member Mnth1,hedge/member,1,2950.0,2950.0,USD,CL_2008_to_present.pdf,20150528091914,OLD-A,
CL,2014-10-03,Hedge/Member Mnth2,hedge/member,2,2900.0,2900.0,USD,CL_2008_to_present.pdf,20150528091914,OLD-A,
CL,2014-10-03,Hedge/Member Mnth3,hedge/member,3,2850.0,2850.0,USD,CL_2008_to_present.pdf,20150528091914,OLD-A,
CL,2014-10-03,Hedge/Member Mnth4,hedge/member,4,2700.0,2700.0,USD,CL_2008_to_present.pdf,20150528091914,OLD-A,
CL,2014-10-03,Hedge/Member Mnth5,hedge/member,5,2550.0,2550.0,USD,CL_2008_to_present.pdf,20150528091914,OLD-A,
CL,2014-10-03,Hedge/Member Mnth6,hedge/member,6,2450.0,2450.0,USD,CL_2008_to_present.pdf,20150528091914,OLD-A,
CL,2014-10-03,Hedge/Member Mnth7,hedge/member,7,2350.0,2350.0,USD,CL_2008_to_present.pdf,20150528091914,OLD-A,
CL,2014-10-03,Hedge/Member Mnth8,hedge/member,8,2300.0,2300.0,USD,CL_2008_to_present.pdf,20150528091914,OLD-A,
CL,2014-10-03,Hedge/Member Mnth9,hedge/member,9,2250.0,2250.0,USD,CL_2008_to_present.pdf,20150528091914,OLD-A,
CL,2014-10-03,Hedge/Member Mnth10,hedge/member,10,2200.0,2200.0,USD,CL_2008_to_present.pdf,20150528091914,OLD-A,
CL,2014-10-03,Hedge/Member Mnth11,hedge/member,11,2150.0,2150.0,USD,CL_2008_to_present.pdf,20150528091914,OLD-A,
CL,2014-10-03,Hedge/Member Mnth12,hedge/member,12,2100.0,2100.0,USD,CL_2008_to_present.pdf,20150528091914,OLD-A,
CL,2014-10-03,Hedge/Member Mnth13,hedge/member,13,2100.0,2100.0,USD,CL_2008_to_present.pdf,20150528091914,OLD-A,
CL,2014-10-03,Hedge/Member Mnth14,hedge/member,14,2050.0,2050.0,USD,CL_2008_to_present.pdf,20150528091914,OLD-A,
CL,2014-10-03,Hedge/Member Mnth15,hedge/member,15,1950.0,1950.0,USD,CL_2008_to_present.pdf,20150528091914,OLD-A,
CL,2014-10-03,Hedge/Member Mnth16,hedge/member,16,1900.0,1900.0,USD,CL_2008_to_present.pdf,20150528091914,OLD-A,
CL,2014-10-03,Hedge/Member Mnth17,hedge/member,17,1900.0,1900.0,USD,CL_2008_to_present.pdf,20150528091914,OLD-A,
CL,2014-10-03,Hedge/Member Mnth18,hedge/member,18,1800.0,1800.0,USD,CL_2008_to_present.pdf,20150528091914,OLD-A,
CL,2014-10-03,Hedge/Member Mnth19,hedge/member,19,1800.0,1800.0,USD,CL_2008_to_present.pdf,20150528091914,OLD-A,
CL,2014-10-03,Spec Mnth1,spec,1,3245.0,2950.0,USD,CL_2008_to_present.pdf,20150528091914,OLD-A,
CL,2014-10-03,Spec Mnth2,spec,2,3190.0,2900.0,USD,CL_2008_to_present.pdf,20150528091914,OLD-A,
CL,2014-10-03,Spec Mnth3,spec,3,3135.0,2850.0,USD,CL_2008_to_present.pdf,20150528091914,OLD-A,
CL,2014-10-03,Spec Mnth4,spec,4,2970.0,2700.0,USD,CL_2008_to_present.pdf,20150528091914,OLD-A,
CL,2014-10-03,Spec Mnth5,spec,5,2805.0,2550.0,USD,CL_2008_to_present.pdf,20150528091914,OLD-A,
CL,2014-10-03,Spec Mnth6,spec,6,2695.0,2450.0,USD,CL_2008_to_present.pdf,20150528091914,OLD-A,
CL,2014-10-03,Spec Mnth7,spec,7,2585.0,2350.0,USD,CL_2008_to_present.pdf,20150528091914,OLD-A,
CL,2014-10-03,Spec Mnth8,spec,8,2530.0,2300.0,USD,CL_2008_to_present.pdf,20150528091914,OLD-A,
CL,2014-10-03,Spec Mnth9,spec,9,2475.0,2250.0,USD,CL_2008_to_present.pdf,20150528091914,OLD-A,
CL,2014-10-03,Spec Mnth10,spec,10,2420.0,2200.0,USD,CL_2008_to_present.pdf,20150528091914,OLD-A,
CL,2014-10-03,Spec Mnth11,spec,11,2365.0,2150.0,USD,CL_2008_to_present.pdf,20150528091914,OLD-A,
CL,2014-10-03,Spec Mnth12,spec,12,2310.0,2100.0,USD,CL_2008_to_present.pdf,20150528091914,OLD-A,
CL,2014-10-03,Spec Mnth13,spec,13,2310.0,2100.0,USD,CL_2008_to_present.pdf,20150528091914,OLD-A,
CL,2014-10-03,Spec Mnth14,spec,14,2255.0,2050.0,USD,CL_2008_to_present.pdf,20150528091914,OLD-A,
CL,2014-10-03,Spec Mnth15,spec,15,2145.0,1950.0,USD,CL_2008_to_present.pdf,20150528091914,OLD-A,
CL,2014-10-03,Spec Mnth16,spec,16,2090.0,1900.0,USD,CL_2008_to_present.pdf,20150528091914,OLD-A,
CL,2014-10-03,Spec Mnth17,spec,17,2090.0,1900.0,USD,CL_2008_to_present.pdf,20150528091914,OLD-A,
CL,2014-10-03,Spec Mnth18,spec,18,1980.0,1800.0,USD,CL_2008_to_present.pdf,20150528091914,OLD-A,
CL,2014-10-03,Spec Mnth19,spec,19,1980.0,1800.0,USD,CL_2008_to_present.pdf,20150528091914,OLD-A,
CL,2014-10-17,Hedge/Member Mnth1,hedge/member,1,3400.0,3400.0,USD,CL_2008_to_present.pdf,20150528091914,OLD-A,
CL,2014-10-17,Hedge/Member Mnth2,hedge/member,2,3300.0,3300.0,USD,CL_2008_to_present.pdf,20150528091914,OLD-A,
CL,2014-10-17,Hedge/Member Mnth3,hedge/member,3,3200.0,3200.0,USD,CL_2008_to_present.pdf,20150528091914,OLD-A,
CL,2014-10-17,Hedge/Member Mnth4,hedge/member,4,3000.0,3000.0,USD,CL_2008_to_present.pdf,20150528091914,OLD-A,
CL,2014-10-17,Hedge/Member Mnth5,hedge/member,5,2850.0,2850.0,USD,CL_2008_to_present.pdf,20150528091914,OLD-A,
CL,2014-10-17,Hedge/Member Mnth6,hedge/member,6,2750.0,2750.0,USD,CL_2008_to_present.pdf,20150528091914,OLD-A,
CL,2014-10-17,Hedge/Member Mnth7,hedge/member,7,2650.0,2650.0,USD,CL_2008_to_present.pdf,20150528091914,OLD-A,
CL,2014-10-17,Hedge/Member Mnth8,hedge/member,8,2600.0,2600.0,USD,CL_2008_to_present.pdf,20150528091914,OLD-A,
CL,2014-10-17,Hedge/Member Mnth9,hedge/member,9,2550.0,2550.0,USD,CL_2008_to_present.pdf,20150528091914,OLD-A,
CL,2014-10-17,Hedge/Member Mnth10,hedge/member,10,2500.0,2500.0,USD,CL_2008_to_present.pdf,20150528091914,OLD-A,
CL,2014-10-17,Hedge/Member Mnth11,hedge/member,11,2450.0,2450.0,USD,CL_2008_to_present.pdf,20150528091914,OLD-A,
CL,2014-10-17,Hedge/Member Mnth12,hedge/member,12,2400.0,2400.0,USD,CL_2008_to_present.pdf,20150528091914,OLD-A,
CL,2014-10-17,Hedge/Member Mnth13,hedge/member,13,2400.0,2400.0,USD,CL_2008_to_present.pdf,20150528091914,OLD-A,
CL,2014-10-17,Hedge/Member Mnth14,hedge/member,14,2350.0,2350.0,USD,CL_2008_to_present.pdf,20150528091914,OLD-A,
CL,2014-10-17,Hedge/Member Mnth15,hedge/member,15,2250.0,2250.0,USD,CL_2008_to_present.pdf,20150528091914,OLD-A,
CL,2014-10-17,Hedge/Member Mnth16,hedge/member,16,2200.0,2200.0,USD,CL_2008_to_present.pdf,20150528091914,OLD-A,
CL,2014-10-17,Hedge/Member Mnth17,hedge/member,17,2200.0,2200.0,USD,CL_2008_to_present.pdf,20150528091914,OLD-A,
CL,2014-10-17,Hedge/Member Mnth18,hedge/member,18,2100.0,2100.0,USD,CL_2008_to_present.pdf,20150528091914,OLD-A,
CL,2014-10-17,Hedge/Member Mnth19,hedge/member,19,2100.0,2100.0,USD,CL_2008_to_present.pdf,20150528091914,OLD-A,
CL,2014-10-17,Hedge/Member Mnth20,hedge/member,20,2050.0,2050.0,USD,CL_2008_to_present.pdf,20150528091914,OLD-A,
CL,2014-10-17,Hedge/Member Mnth21,hedge/member,21,2000.0,2000.0,USD,CL_2008_to_present.pdf,20150528091914,OLD-A,
CL,2014-10-17,Hedge/Member Mnth22,hedge/member,22,2000.0,2000.0,USD,CL_2008_to_present.pdf,20150528091914,OLD-A,
CL,2014-10-17,Hedge/Member Mnth23,hedge/member,23,1950.0,1950.0,USD,CL_2008_to_present.pdf,20150528091914,OLD-A,
CL,2014-10-17,Hedge/Member Mnth24,hedge/member,24,1950.0,1950.0,USD,CL_2008_to_present.pdf,20150528091914,OLD-A,
CL,2014-10-17,Hedge/Member Mnth25,hedge/member,25,1950.0,1950.0,USD,CL_2008_to_present.pdf,20150528091914,OLD-A,
CL,2014-10-17,Hedge/Member Mnth26,hedge/member,26,1900.0,1900.0,USD,CL_2008_to_present.pdf,20150528091914,OLD-A,
CL,2014-10-17,Hedge/Member Mnth27,hedge/member,27,1900.0,1900.0,USD,CL_2008_to_present.pdf,20150528091914,OLD-A,
CL,2014-10-17,Hedge/Member Mnth28,hedge/member,28,1900.0,1900.0,USD,CL_2008_to_present.pdf,20150528091914,OLD-A,
CL,2014-10-17,Hedge/Member Mnth29,hedge/member,29,1800.0,1800.0,USD,CL_2008_to_present.pdf,20150528091914,OLD-A,
CL,2014-10-17,Hedge/Member Mnth30,hedge/member,30,1800.0,1800.0,USD,CL_2008_to_present.pdf,20150528091914,OLD-A,
CL,2014-10-17,Hedge/Member Mnth31,hedge/member,31,1800.0,1800.0,USD,CL_2008_to_present.pdf,20150528091914,OLD-A,
CL,2014-10-17,Hedge/Member Mnth32,hedge/member,32,1700.0,1700.0,USD,CL_2008_to_present.pdf,20150528091914,OLD-A,
CL,2014-10-17,Hedge/Member Mnth33,hedge/member,33,1700.0,1700.0,USD,CL_2008_to_present.pdf,20150528091914,OLD-A,
CL,2014-10-17,Hedge/Member Mnth34,hedge/member,34,1700.0,1700.0,USD,CL_2008_to_present.pdf,20150528091914,OLD-A,
CL,2014-10-17,Hedge/Member Mnth35,hedge/member,35,1700.0,1700.0,USD,CL_2008_to_present.pdf,20150528091914,OLD-A,
CL,2014-10-17,Hedge/Member Mnth36,hedge/member,36,1700.0,1700.0,USD,CL_2008_to_present.pdf,20150528091914,OLD-A,
CL,2014-10-17,Hedge/Member Mnth37,hedge/member,37,1700.0,1700.0,USD,CL_2008_to_present.pdf,20150528091914,OLD-A,
CL,2014-10-17,Hedge/Member Mnth38,hedge/member,38,1700.0,1700.0,USD,CL_2008_to_present.pdf,20150528091914,OLD-A,
CL,2014-10-17,Hedge/Member Mnth39,hedge/member,39,1700.0,1700.0,USD,CL_2008_to_present.pdf,20150528091914,OLD-A,
CL,2014-10-17,Hedge/Member Mnth40,hedge/member,40,1700.0,1700.0,USD,CL_2008_to_present.pdf,20150528091914,OLD-A,
CL,2014-10-17,Hedge/Member Mnth41,hedge/member,41,1700.0,1700.0,USD,CL_2008_to_present.pdf,20150528091914,OLD-A,
CL,2014-10-17,Hedge/Member Mnth42,hedge/member,42,1700.0,1700.0,USD,CL_2008_to_present.pdf,20150528091914,OLD-A,
CL,2014-10-17,Hedge/Member Mnth43,hedge/member,43,1700.0,1700.0,USD,CL_2008_to_present.pdf,20150528091914,OLD-A,
CL,2014-10-17,Hedge/Member Mnth44,hedge/member,44,1700.0,1700.0,USD,CL_2008_to_present.pdf,20150528091914,OLD-A,
CL,2014-10-17,Hedge/Member Mnth45,hedge/member,45,1700.0,1700.0,USD,CL_2008_to_present.pdf,20150528091914,OLD-A,
CL,2014-10-17,Hedge/Member Mnth46,hedge/member,46,1700.0,1700.0,USD,CL_2008_to_present.pdf,20150528091914,OLD-A,
CL,2014-10-17,Hedge/Member Mnth47,hedge/member,47,1700.0,1700.0,USD,CL_2008_to_present.pdf,20150528091914,OLD-A,
CL,2014-10-17,Hedge/Member Mnth48,hedge/member,48,1700.0,1700.0,USD,CL_2008_to_present.pdf,20150528091914,OLD-A,
CL,2014-10-17,Hedge/Member Mnth49,hedge/member,49,1700.0,1700.0,USD,CL_2008_to_present.pdf,20150528091914,OLD-A,
CL,2014-10-17,Hedge/Member Mnth50,hedge/member,50,1700.0,1700.0,USD,CL_2008_to_present.pdf,20150528091914,OLD-A,
CL,2014-10-17,Hedge/Member Mnth51,hedge/member,51,1700.0,1700.0,USD,CL_2008_to_present.pdf,20150528091914,OLD-A,
CL,2014-10-17,Hedge/Member Mnth52,hedge/member,52,1700.0,1700.0,USD,CL_2008_to_present.pdf,20150528091914,OLD-A,
CL,2014-10-17,Hedge/Member Mnth53,hedge/member,53,1700.0,1700.0,USD,CL_2008_to_present.pdf,20150528091914,OLD-A,
CL,2014-10-17,Hedge/Member Mnth54,hedge/member,54,1700.0,1700.0,USD,CL_2008_to_present.pdf,20150528091914,OLD-A,
CL,2014-10-17,Hedge/Member Mnth55,hedge/member,55,1700.0,1700.0,USD,CL_2008_to_present.pdf,20150528091914,OLD-A,
CL,2014-10-17,Hedge/Member Mnth56,hedge/member,56,1700.0,1700.0,USD,CL_2008_to_present.pdf,20150528091914,OLD-A,
CL,2014-10-17,Hedge/Member Mnth57,hedge/member,57,1700.0,1700.0,USD,CL_2008_to_present.pdf,20150528091914,OLD-A,
CL,2014-10-17,Hedge/Member Mnth58,hedge/member,58,1700.0,1700.0,USD,CL_2008_to_present.pdf,20150528091914,OLD-A,
CL,2014-10-17,Hedge/Member Mnth59,hedge/member,59,1700.0,1700.0,USD,CL_2008_to_present.pdf,20150528091914,OLD-A,
CL,2014-10-17,Hedge/Member Mnth60,hedge/member,60,1700.0,1700.0,USD,CL_2008_to_present.pdf,20150528091914,OLD-A,
CL,2014-10-17,Hedge/Member Mnth61,hedge/member,61,1700.0,1700.0,USD,CL_2008_to_present.pdf,20150528091914,OLD-A,
CL,2014-10-17,Hedge/Member Mnth62,hedge/member,62,1700.0,1700.0,USD,CL_2008_to_present.pdf,20150528091914,OLD-A,
CL,2014-10-17,Hedge/Member Mnth63,hedge/member,63,1700.0,1700.0,USD,CL_2008_to_present.pdf,20150528091914,OLD-A,
CL,2014-10-17,Hedge/Member Mnth64,hedge/member,64,1700.0,1700.0,USD,CL_2008_to_present.pdf,20150528091914,OLD-A,
CL,2014-10-17,Hedge/Member Mnth65+,hedge/member,65,1700.0,1700.0,USD,CL_2008_to_present.pdf,20150528091914,OLD-A,
CL,2014-10-17,Spec Mnth1,spec,1,3740.0,3400.0,USD,CL_2008_to_present.pdf,20150528091914,OLD-A,
CL,2014-10-17,Spec Mnth2,spec,2,3630.0,3300.0,USD,CL_2008_to_present.pdf,20150528091914,OLD-A,
CL,2014-10-17,Spec Mnth3,spec,3,3520.0,3200.0,USD,CL_2008_to_present.pdf,20150528091914,OLD-A,
CL,2014-10-17,Spec Mnth4,spec,4,3300.0,3000.0,USD,CL_2008_to_present.pdf,20150528091914,OLD-A,
CL,2014-10-17,Spec Mnth5,spec,5,3135.0,2850.0,USD,CL_2008_to_present.pdf,20150528091914,OLD-A,
CL,2014-10-17,Spec Mnth6,spec,6,3025.0,2750.0,USD,CL_2008_to_present.pdf,20150528091914,OLD-A,
CL,2014-10-17,Spec Mnth7,spec,7,2915.0,2650.0,USD,CL_2008_to_present.pdf,20150528091914,OLD-A,
CL,2014-10-17,Spec Mnth8,spec,8,2860.0,2600.0,USD,CL_2008_to_present.pdf,20150528091914,OLD-A,
CL,2014-10-17,Spec Mnth9,spec,9,2805.0,2550.0,USD,CL_2008_to_present.pdf,20150528091914,OLD-A,
CL,2014-10-17,Spec Mnth10,spec,10,2750.0,2500.0,USD,CL_2008_to_present.pdf,20150528091914,OLD-A,
CL,2014-10-17,Spec Mnth11,spec,11,2695.0,2450.0,USD,CL_2008_to_present.pdf,20150528091914,OLD-A,
CL,2014-10-17,Spec Mnth12,spec,12,2640.0,2400.0,USD,CL_2008_to_present.pdf,20150528091914,OLD-A,
CL,2014-10-17,Spec Mnth13,spec,13,2640.0,2400.0,USD,CL_2008_to_present.pdf,20150528091914,OLD-A,
CL,2014-10-17,Spec Mnth14,spec,14,2585.0,2350.0,USD,CL_2008_to_present.pdf,20150528091914,OLD-A,
CL,2014-10-17,Spec Mnth15,spec,15,2475.0,2250.0,USD,CL_2008_to_present.pdf,20150528091914,OLD-A,
CL,2014-10-17,Spec Mnth16,spec,16,2420.0,2200.0,USD,CL_2008_to_present.pdf,20150528091914,OLD-A,
CL,2014-10-17,Spec Mnth17,spec,17,2420.0,2200.0,USD,CL_2008_to_present.pdf,20150528091914,OLD-A,
CL,2014-10-17,Spec Mnth18,spec,18,2310.0,2100.0,USD,CL_2008_to_present.pdf,20150528091914,OLD-A,
CL,2014-10-17,Spec Mnth19,spec,19,2310.0,2100.0,USD,CL_2008_to_present.pdf,20150528091914,OLD-A,
CL,2014-10-17,Spec Mnth20,spec,20,2255.0,2050.0,USD,CL_2008_to_present.pdf,20150528091914,OLD-A,
CL,2014-10-17,Spec Mnth21,spec,21,2200.0,2000.0,USD,CL_2008_to_present.pdf,20150528091914,OLD-A,
CL,2014-10-17,Spec Mnth22,spec,22,2200.0,2000.0,USD,CL_2008_to_present.pdf,20150528091914,OLD-A,
CL,2014-10-17,Spec Mnth23,spec,23,2145.0,1950.0,USD,CL_2008_to_present.pdf,20150528091914,OLD-A,
CL,2014-10-17,Spec Mnth24,spec,24,2145.0,1950.0,USD,CL_2008_to_present.pdf,20150528091914,OLD-A,
CL,2014-10-17,Spec Mnth25,spec,25,2145.0,1950.0,USD,CL_2008_to_present.pdf,20150528091914,OLD-A,
CL,2014-10-17,Spec Mnth26,spec,26,2090.0,1900.0,USD,CL_2008_to_present.pdf,20150528091914,OLD-A,
CL,2014-10-17,Spec Mnth27,spec,27,2090.0,1900.0,USD,CL_2008_to_present.pdf,20150528091914,OLD-A,
CL,2014-10-17,Spec Mnth28,spec,28,2090.0,1900.0,USD,CL_2008_to_present.pdf,20150528091914,OLD-A,
CL,2014-10-17,Spec Mnth29,spec,29,1980.0,1800.0,USD,CL_2008_to_present.pdf,20150528091914,OLD-A,
CL,2014-10-17,Spec Mnth30,spec,30,1980.0,1800.0,USD,CL_2008_to_present.pdf,20150528091914,OLD-A,
CL,2014-10-17,Spec Mnth31,spec,31,1980.0,1800.0,USD,CL_2008_to_present.pdf,20150528091914,OLD-A,
CL,2014-10-17,Spec Mnth32,spec,32,1870.0,1700.0,USD,CL_2008_to_present.pdf,20150528091914,OLD-A,
CL,2014-10-17,Spec Mnth33,spec,33,1870.0,1700.0,USD,CL_2008_to_present.pdf,20150528091914,OLD-A,
CL,2014-10-17,Spec Mnth34,spec,34,1870.0,1700.0,USD,CL_2008_to_present.pdf,20150528091914,OLD-A,
CL,2014-10-17,Spec Mnth35,spec,35,1870.0,1700.0,USD,CL_2008_to_present.pdf,20150528091914,OLD-A,
CL,2014-10-17,Spec Mnth36,spec,36,1870.0,1700.0,USD,CL_2008_to_present.pdf,20150528091914,OLD-A,
CL,2014-10-17,Spec Mnth37,spec,37,1870.0,1700.0,USD,CL_2008_to_present.pdf,20150528091914,OLD-A,
CL,2014-10-17,Spec Mnth38,spec,38,1870.0,1700.0,USD,CL_2008_to_present.pdf,20150528091914,OLD-A,
CL,2014-10-17,Spec Mnth39,spec,39,1870.0,1700.0,USD,CL_2008_to_present.pdf,20150528091914,OLD-A,
CL,2014-10-17,Spec Mnth40,spec,40,1870.0,1700.0,USD,CL_2008_to_present.pdf,20150528091914,OLD-A,
CL,2014-10-17,Spec Mnth41,spec,41,1870.0,1700.0,USD,CL_2008_to_present.pdf,20150528091914,OLD-A,
CL,2014-10-17,Spec Mnth42,spec,42,1870.0,1700.0,USD,CL_2008_to_present.pdf,20150528091914,OLD-A,
CL,2014-10-17,Spec Mnth43,spec,43,1870.0,1700.0,USD,CL_2008_to_present.pdf,20150528091914,OLD-A,
CL,2014-10-17,Spec Mnth44,spec,44,1870.0,1700.0,USD,CL_2008_to_present.pdf,20150528091914,OLD-A,
CL,2014-10-17,Spec Mnth45,spec,45,1870.0,1700.0,USD,CL_2008_to_present.pdf,20150528091914,OLD-A,
CL,2014-10-17,Spec Mnth46,spec,46,1870.0,1700.0,USD,CL_2008_to_present.pdf,20150528091914,OLD-A,
CL,2014-10-17,Spec Mnth47,spec,47,1870.0,1700.0,USD,CL_2008_to_present.pdf,20150528091914,OLD-A,
CL,2014-10-17,Spec Mnth48,spec,48,1870.0,1700.0,USD,CL_2008_to_present.pdf,20150528091914,OLD-A,
CL,2014-10-17,Spec Mnth49,spec,49,1870.0,1700.0,USD,CL_2008_to_present.pdf,20150528091914,OLD-A,
CL,2014-10-17,Spec Mnth50,spec,50,1870.0,1700.0,USD,CL_2008_to_present.pdf,20150528091914,OLD-A,
CL,2014-10-17,Spec Mnth51,spec,51,1870.0,1700.0,USD,CL_2008_to_present.pdf,20150528091914,OLD-A,
CL,2014-10-17,Spec Mnth52,spec,52,1870.0,1700.0,USD,CL_2008_to_present.pdf,20150528091914,OLD-A,
CL,2014-10-17,Spec Mnth53,spec,53,1870.0,1700.0,USD,CL_2008_to_present.pdf,20150528091914,OLD-A,
CL,2014-10-17,Spec Mnth54,spec,54,1870.0,1700.0,USD,CL_2008_to_present.pdf,20150528091914,OLD-A,
CL,2014-10-17,Spec Mnth55,spec,55,1870.0,1700.0,USD,CL_2008_to_present.pdf,20150528091914,OLD-A,
CL,2014-10-17,Spec Mnth56,spec,56,1870.0,1700.0,USD,CL_2008_to_present.pdf,20150528091914,OLD-A,
CL,2014-10-17,Spec Mnth57,spec,57,1870.0,1700.0,USD,CL_2008_to_present.pdf,20150528091914,OLD-A,
CL,2014-10-17,Spec Mnth58,spec,58,1870.0,1700.0,USD,CL_2008_to_present.pdf,20150528091914,OLD-A,
CL,2014-10-17,Spec Mnth59,spec,59,1870.0,1700.0,USD,CL_2008_to_present.pdf,20150528091914,OLD-A,
CL,2014-10-17,Spec Mnth60,spec,60,1870.0,1700.0,USD,CL_2008_to_present.pdf,20150528091914,OLD-A,
CL,2014-10-17,Spec Mnth61,spec,61,1870.0,1700.0,USD,CL_2008_to_present.pdf,20150528091914,OLD-A,
CL,2014-10-17,Spec Mnth62,spec,62,1870.0,1700.0,USD,CL_2008_to_present.pdf,20150528091914,OLD-A,
CL,2014-10-17,Spec Mnth63,spec,63,1870.0,1700.0,USD,CL_2008_to_present.pdf,20150528091914,OLD-A,
CL,2014-10-17,Spec Mnth64,spec,64,1870.0,1700.0,USD,CL_2008_to_present.pdf,20150528091914,OLD-A,
CL,2014-10-17,Spec Mnth65+,spec,65,1870.0,1700.0,USD,CL_2008_to_present.pdf,20150528091914,OLD-A,
CL,2014-11-17,Hedge/Member Mnth1,hedge/member,1,3700.0,3700.0,USD,CL_2008_to_present.pdf,20150528091914,OLD-A,
CL,2014-11-17,Hedge/Member Mnth2,hedge/member,2,3600.0,3600.0,USD,CL_2008_to_present.pdf,20150528091914,OLD-A,
CL,2014-11-17,Hedge/Member Mnth3,hedge/member,3,3500.0,3500.0,USD,CL_2008_to_present.pdf,20150528091914,OLD-A,
CL,2014-11-17,Hedge/Member Mnth4,hedge/member,4,3300.0,3300.0,USD,CL_2008_to_present.pdf,20150528091914,OLD-A,
CL,2014-11-17,Hedge/Member Mnth5,hedge/member,5,3150.0,3150.0,USD,CL_2008_to_present.pdf,20150528091914,OLD-A,
CL,2014-11-17,Hedge/Member Mnth6,hedge/member,6,3050.0,3050.0,USD,CL_2008_to_present.pdf,20150528091914,OLD-A,
CL,2014-11-17,Hedge/Member Mnth7,hedge/member,7,2950.0,2950.0,USD,CL_2008_to_present.pdf,20150528091914,OLD-A,
CL,2014-11-17,Hedge/Member Mnth8,hedge/member,8,2900.0,2900.0,USD,CL_2008_to_present.pdf,20150528091914,OLD-A,
CL,2014-11-17,Hedge/Member Mnth9,hedge/member,9,2850.0,2850.0,USD,CL_2008_to_present.pdf,20150528091914,OLD-A,
CL,2014-11-17,Hedge/Member Mnth10,hedge/member,10,2800.0,2800.0,USD,CL_2008_to_present.pdf,20150528091914,OLD-A,
CL,2014-11-17,Hedge/Member Mnth11,hedge/member,11,2750.0,2750.0,USD,CL_2008_to_present.pdf,20150528091914,OLD-A,
CL,2014-11-17,Hedge/Member Mnth12,hedge/member,12,2700.0,2700.0,USD,CL_2008_to_present.pdf,20150528091914,OLD-A,
CL,2014-11-17,Hedge/Member Mnth13,hedge/member,13,2700.0,2700.0,USD,CL_2008_to_present.pdf,20150528091914,OLD-A,
CL,2014-11-17,Hedge/Member Mnth14,hedge/member,14,2650.0,2650.0,USD,CL_2008_to_present.pdf,20150528091914,OLD-A,
CL,2014-11-17,Hedge/Member Mnth15,hedge/member,15,2550.0,2550.0,USD,CL_2008_to_present.pdf,20150528091914,OLD-A,
CL,2014-11-17,Hedge/Member Mnth16,hedge/member,16,2500.0,2500.0,USD,CL_2008_to_present.pdf,20150528091914,OLD-A,
CL,2014-11-17,Hedge/Member Mnth17,hedge/member,17,2500.0,2500.0,USD,CL_2008_to_present.pdf,20150528091914,OLD-A,
CL,2014-11-17,Hedge/Member Mnth18,hedge/member,18,2400.0,2400.0,USD,CL_2008_to_present.pdf,20150528091914,OLD-A,
CL,2014-11-17,Hedge/Member Mnth19,hedge/member,19,2400.0,2400.0,USD,CL_2008_to_present.pdf,20150528091914,OLD-A,
CL,2014-11-17,Hedge/Member Mnth20,hedge/member,20,2350.0,2350.0,USD,CL_2008_to_present.pdf,20150528091914,OLD-A,
CL,2014-11-17,Hedge/Member Mnth21,hedge/member,21,2300.0,2300.0,USD,CL_2008_to_present.pdf,20150528091914,OLD-A,
CL,2014-11-17,Hedge/Member Mnth22,hedge/member,22,2300.0,2300.0,USD,CL_2008_to_present.pdf,20150528091914,OLD-A,
CL,2014-11-17,Hedge/Member Mnth23,hedge/member,23,2250.0,2250.0,USD,CL_2008_to_present.pdf,20150528091914,OLD-A,
CL,2014-11-17,Hedge/Member Mnth24,hedge/member,24,2250.0,2250.0,USD,CL_2008_to_present.pdf,20150528091914,OLD-A,
CL,2014-11-17,Hedge/Member Mnth25,hedge/member,25,2250.0,2250.0,USD,CL_2008_to_present.pdf,20150528091914,OLD-A,
CL,2014-11-17,Hedge/Member Mnth26,hedge/member,26,2200.0,2200.0,USD,CL_2008_to_present.pdf,20150528091914,OLD-A,
CL,2014-11-17,Hedge/Member Mnth27,hedge/member,27,2200.0,2200.0,USD,CL_2008_to_present.pdf,20150528091914,OLD-A,
CL,2014-11-17,Hedge/Member Mnth28,hedge/member,28,2200.0,2200.0,USD,CL_2008_to_present.pdf,20150528091914,OLD-A,
CL,2014-11-17,Hedge/Member Mnth29,hedge/member,29,2100.0,2100.0,USD,CL_2008_to_present.pdf,20150528091914,OLD-A,
CL,2014-11-17,Hedge/Member Mnth30,hedge/member,30,2100.0,2100.0,USD,CL_2008_to_present.pdf,20150528091914,OLD-A,
CL,2014-11-17,Hedge/Member Mnth31,hedge/member,31,2100.0,2100.0,USD,CL_2008_to_present.pdf,20150528091914,OLD-A,
CL,2014-11-17,Hedge/Member Mnth32,hedge/member,32,2000.0,2000.0,USD,CL_2008_to_present.pdf,20150528091914,OLD-A,
CL,2014-11-17,Hedge/Member Mnth33,hedge/member,33,2000.0,2000.0,USD,CL_2008_to_present.pdf,20150528091914,OLD-A,
CL,2014-11-17,Hedge/Member Mnth34,hedge/member,34,2000.0,2000.0,USD,CL_2008_to_present.pdf,20150528091914,OLD-A,
CL,2014-11-17,Hedge/Member Mnth35,hedge/member,35,2000.0,2000.0,USD,CL_2008_to_present.pdf,20150528091914,OLD-A,
CL,2014-11-17,Hedge/Member Mnth36,hedge/member,36,2000.0,2000.0,USD,CL_2008_to_present.pdf,20150528091914,OLD-A,
CL,2014-11-17,Hedge/Member Mnth37,hedge/member,37,2000.0,2000.0,USD,CL_2008_to_present.pdf,20150528091914,OLD-A,
CL,2014-11-17,Hedge/Member Mnth38,hedge/member,38,2000.0,2000.0,USD,CL_2008_to_present.pdf,20150528091914,OLD-A,
CL,2014-11-17,Hedge/Member Mnth39,hedge/member,39,2000.0,2000.0,USD,CL_2008_to_present.pdf,20150528091914,OLD-A,
CL,2014-11-17,Hedge/Member Mnth40,hedge/member,40,2000.0,2000.0,USD,CL_2008_to_present.pdf,20150528091914,OLD-A,
CL,2014-11-17,Hedge/Member Mnth41,hedge/member,41,2000.0,2000.0,USD,CL_2008_to_present.pdf,20150528091914,OLD-A,
CL,2014-11-17,Hedge/Member Mnth42,hedge/member,42,2000.0,2000.0,USD,CL_2008_to_present.pdf,20150528091914,OLD-A,
CL,2014-11-17,Hedge/Member Mnth43,hedge/member,43,2000.0,2000.0,USD,CL_2008_to_present.pdf,20150528091914,OLD-A,
CL,2014-11-17,Hedge/Member Mnth44,hedge/member,44,2000.0,2000.0,USD,CL_2008_to_present.pdf,20150528091914,OLD-A,
CL,2014-11-17,Hedge/Member Mnth45,hedge/member,45,2000.0,2000.0,USD,CL_2008_to_present.pdf,20150528091914,OLD-A,
CL,2014-11-17,Hedge/Member Mnth46,hedge/member,46,2000.0,2000.0,USD,CL_2008_to_present.pdf,20150528091914,OLD-A,
CL,2014-11-17,Hedge/Member Mnth47,hedge/member,47,2000.0,2000.0,USD,CL_2008_to_present.pdf,20150528091914,OLD-A,
CL,2014-11-17,Hedge/Member Mnth48,hedge/member,48,2000.0,2000.0,USD,CL_2008_to_present.pdf,20150528091914,OLD-A,
CL,2014-11-17,Hedge/Member Mnth49,hedge/member,49,2000.0,2000.0,USD,CL_2008_to_present.pdf,20150528091914,OLD-A,
CL,2014-11-17,Hedge/Member Mnth50,hedge/member,50,2000.0,2000.0,USD,CL_2008_to_present.pdf,20150528091914,OLD-A,
CL,2014-11-17,Hedge/Member Mnth51,hedge/member,51,2000.0,2000.0,USD,CL_2008_to_present.pdf,20150528091914,OLD-A,
CL,2014-11-17,Hedge/Member Mnth52,hedge/member,52,2000.0,2000.0,USD,CL_2008_to_present.pdf,20150528091914,OLD-A,
CL,2014-11-17,Hedge/Member Mnth53,hedge/member,53,2000.0,2000.0,USD,CL_2008_to_present.pdf,20150528091914,OLD-A,
CL,2014-11-17,Hedge/Member Mnth54,hedge/member,54,2000.0,2000.0,USD,CL_2008_to_present.pdf,20150528091914,OLD-A,
CL,2014-11-17,Hedge/Member Mnth55,hedge/member,55,2000.0,2000.0,USD,CL_2008_to_present.pdf,20150528091914,OLD-A,
CL,2014-11-17,Hedge/Member Mnth56,hedge/member,56,2000.0,2000.0,USD,CL_2008_to_present.pdf,20150528091914,OLD-A,
CL,2014-11-17,Hedge/Member Mnth57,hedge/member,57,2000.0,2000.0,USD,CL_2008_to_present.pdf,20150528091914,OLD-A,
CL,2014-11-17,Hedge/Member Mnth58,hedge/member,58,2000.0,2000.0,USD,CL_2008_to_present.pdf,20150528091914,OLD-A,
CL,2014-11-17,Hedge/Member Mnth59,hedge/member,59,2000.0,2000.0,USD,CL_2008_to_present.pdf,20150528091914,OLD-A,
CL,2014-11-17,Hedge/Member Mnth60,hedge/member,60,2000.0,2000.0,USD,CL_2008_to_present.pdf,20150528091914,OLD-A,
CL,2014-11-17,Hedge/Member Mnth61,hedge/member,61,2000.0,2000.0,USD,CL_2008_to_present.pdf,20150528091914,OLD-A,
CL,2014-11-17,Hedge/Member Mnth62,hedge/member,62,2000.0,2000.0,USD,CL_2008_to_present.pdf,20150528091914,OLD-A,
CL,2014-11-17,Hedge/Member Mnth63,hedge/member,63,2000.0,2000.0,USD,CL_2008_to_present.pdf,20150528091914,OLD-A,
CL,2014-11-17,Hedge/Member Mnth64,hedge/member,64,2000.0,2000.0,USD,CL_2008_to_present.pdf,20150528091914,OLD-A,
CL,2014-11-17,Hedge/Member Mnth65+,hedge/member,65,2000.0,2000.0,USD,CL_2008_to_present.pdf,20150528091914,OLD-A,
CL,2014-11-17,Spec Mnth1,spec,1,4070.0,3700.0,USD,CL_2008_to_present.pdf,20150528091914,OLD-A,
CL,2014-11-17,Spec Mnth2,spec,2,3960.0,3600.0,USD,CL_2008_to_present.pdf,20150528091914,OLD-A,
CL,2014-11-17,Spec Mnth3,spec,3,3850.0,3500.0,USD,CL_2008_to_present.pdf,20150528091914,OLD-A,
CL,2014-11-17,Spec Mnth4,spec,4,3630.0,3300.0,USD,CL_2008_to_present.pdf,20150528091914,OLD-A,
CL,2014-11-17,Spec Mnth5,spec,5,3465.0,3150.0,USD,CL_2008_to_present.pdf,20150528091914,OLD-A,
CL,2014-11-17,Spec Mnth6,spec,6,3355.0,3050.0,USD,CL_2008_to_present.pdf,20150528091914,OLD-A,
CL,2014-11-17,Spec Mnth7,spec,7,3245.0,2950.0,USD,CL_2008_to_present.pdf,20150528091914,OLD-A,
CL,2014-11-17,Spec Mnth8,spec,8,3190.0,2900.0,USD,CL_2008_to_present.pdf,20150528091914,OLD-A,
CL,2014-11-17,Spec Mnth9,spec,9,3135.0,2850.0,USD,CL_2008_to_present.pdf,20150528091914,OLD-A,
CL,2014-11-17,Spec Mnth10,spec,10,3080.0,2800.0,USD,CL_2008_to_present.pdf,20150528091914,OLD-A,
CL,2014-11-17,Spec Mnth11,spec,11,3025.0,2750.0,USD,CL_2008_to_present.pdf,20150528091914,OLD-A,
CL,2014-11-17,Spec Mnth12,spec,12,2970.0,2700.0,USD,CL_2008_to_present.pdf,20150528091914,OLD-A,
CL,2014-11-17,Spec Mnth13,spec,13,2970.0,2700.0,USD,CL_2008_to_present.pdf,20150528091914,OLD-A,
CL,2014-11-17,Spec Mnth14,spec,14,2915.0,2650.0,USD,CL_2008_to_present.pdf,20150528091914,OLD-A,
CL,2014-11-17,Spec Mnth15,spec,15,2805.0,2550.0,USD,CL_2008_to_present.pdf,20150528091914,OLD-A,
CL,2014-11-17,Spec Mnth16,spec,16,2750.0,2500.0,USD,CL_2008_to_present.pdf,20150528091914,OLD-A,
CL,2014-11-17,Spec Mnth17,spec,17,2750.0,2500.0,USD,CL_2008_to_present.pdf,20150528091914,OLD-A,
CL,2014-11-17,Spec Mnth18,spec,18,2640.0,2400.0,USD,CL_2008_to_present.pdf,20150528091914,OLD-A,
CL,2014-11-17,Spec Mnth19,spec,19,2640.0,2400.0,USD,CL_2008_to_present.pdf,20150528091914,OLD-A,
CL,2014-11-17,Spec Mnth20,spec,20,2585.0,2350.0,USD,CL_2008_to_present.pdf,20150528091914,OLD-A,
CL,2014-11-17,Spec Mnth21,spec,21,2530.0,2300.0,USD,CL_2008_to_present.pdf,20150528091914,OLD-A,
CL,2014-11-17,Spec Mnth22,spec,22,2530.0,2300.0,USD,CL_2008_to_present.pdf,20150528091914,OLD-A,
CL,2014-11-17,Spec Mnth23,spec,23,2475.0,2250.0,USD,CL_2008_to_present.pdf,20150528091914,OLD-A,
CL,2014-11-17,Spec Mnth24,spec,24,2475.0,2250.0,USD,CL_2008_to_present.pdf,20150528091914,OLD-A,
CL,2014-11-17,Spec Mnth25,spec,25,2475.0,2250.0,USD,CL_2008_to_present.pdf,20150528091914,OLD-A,
CL,2014-11-17,Spec Mnth26,spec,26,2420.0,2200.0,USD,CL_2008_to_present.pdf,20150528091914,OLD-A,
CL,2014-11-17,Spec Mnth27,spec,27,2420.0,2200.0,USD,CL_2008_to_present.pdf,20150528091914,OLD-A,
CL,2014-11-17,Spec Mnth28,spec,28,2420.0,2200.0,USD,CL_2008_to_present.pdf,20150528091914,OLD-A,
CL,2014-11-17,Spec Mnth29,spec,29,2310.0,2100.0,USD,CL_2008_to_present.pdf,20150528091914,OLD-A,
CL,2014-11-17,Spec Mnth30,spec,30,2310.0,2100.0,USD,CL_2008_to_present.pdf,20150528091914,OLD-A,
CL,2014-11-17,Spec Mnth31,spec,31,2310.0,2100.0,USD,CL_2008_to_present.pdf,20150528091914,OLD-A,
CL,2014-11-17,Spec Mnth32,spec,32,2200.0,2000.0,USD,CL_2008_to_present.pdf,20150528091914,OLD-A,
CL,2014-11-17,Spec Mnth33,spec,33,2200.0,2000.0,USD,CL_2008_to_present.pdf,20150528091914,OLD-A,
CL,2014-11-17,Spec Mnth34,spec,34,2200.0,2000.0,USD,CL_2008_to_present.pdf,20150528091914,OLD-A,
CL,2014-11-17,Spec Mnth35,spec,35,2200.0,2000.0,USD,CL_2008_to_present.pdf,20150528091914,OLD-A,
CL,2014-11-17,Spec Mnth36,spec,36,2200.0,2000.0,USD,CL_2008_to_present.pdf,20150528091914,OLD-A,
CL,2014-11-17,Spec Mnth37,spec,37,2200.0,2000.0,USD,CL_2008_to_present.pdf,20150528091914,OLD-A,
CL,2014-11-17,Spec Mnth38,spec,38,2200.0,2000.0,USD,CL_2008_to_present.pdf,20150528091914,OLD-A,
CL,2014-11-17,Spec Mnth39,spec,39,2200.0,2000.0,USD,CL_2008_to_present.pdf,20150528091914,OLD-A,
CL,2014-11-17,Spec Mnth40,spec,40,2200.0,2000.0,USD,CL_2008_to_present.pdf,20150528091914,OLD-A,
CL,2014-11-17,Spec Mnth41,spec,41,2200.0,2000.0,USD,CL_2008_to_present.pdf,20150528091914,OLD-A,
CL,2014-11-17,Spec Mnth42,spec,42,2200.0,2000.0,USD,CL_2008_to_present.pdf,20150528091914,OLD-A,
CL,2014-11-17,Spec Mnth43,spec,43,2200.0,2000.0,USD,CL_2008_to_present.pdf,20150528091914,OLD-A,
CL,2014-11-17,Spec Mnth44,spec,44,2200.0,2000.0,USD,CL_2008_to_present.pdf,20150528091914,OLD-A,
CL,2014-11-17,Spec Mnth45,spec,45,2200.0,2000.0,USD,CL_2008_to_present.pdf,20150528091914,OLD-A,
CL,2014-11-17,Spec Mnth46,spec,46,2200.0,2000.0,USD,CL_2008_to_present.pdf,20150528091914,OLD-A,
CL,2014-11-17,Spec Mnth47,spec,47,2200.0,2000.0,USD,CL_2008_to_present.pdf,20150528091914,OLD-A,
CL,2014-11-17,Spec Mnth48,spec,48,2200.0,2000.0,USD,CL_2008_to_present.pdf,20150528091914,OLD-A,
CL,2014-11-17,Spec Mnth49,spec,49,2200.0,2000.0,USD,CL_2008_to_present.pdf,20150528091914,OLD-A,
CL,2014-11-17,Spec Mnth50,spec,50,2200.0,2000.0,USD,CL_2008_to_present.pdf,20150528091914,OLD-A,
CL,2014-11-17,Spec Mnth51,spec,51,2200.0,2000.0,USD,CL_2008_to_present.pdf,20150528091914,OLD-A,
CL,2014-11-17,Spec Mnth52,spec,52,2200.0,2000.0,USD,CL_2008_to_present.pdf,20150528091914,OLD-A,
CL,2014-11-17,Spec Mnth53,spec,53,2200.0,2000.0,USD,CL_2008_to_present.pdf,20150528091914,OLD-A,
CL,2014-11-17,Spec Mnth54,spec,54,2200.0,2000.0,USD,CL_2008_to_present.pdf,20150528091914,OLD-A,
CL,2014-11-17,Spec Mnth55,spec,55,2200.0,2000.0,USD,CL_2008_to_present.pdf,20150528091914,OLD-A,
CL,2014-11-17,Spec Mnth56,spec,56,2200.0,2000.0,USD,CL_2008_to_present.pdf,20150528091914,OLD-A,
CL,2014-11-17,Spec Mnth57,spec,57,2200.0,2000.0,USD,CL_2008_to_present.pdf,20150528091914,OLD-A,
CL,2014-11-17,Spec Mnth58,spec,58,2200.0,2000.0,USD,CL_2008_to_present.pdf,20150528091914,OLD-A,
CL,2014-11-17,Spec Mnth59,spec,59,2200.0,2000.0,USD,CL_2008_to_present.pdf,20150528091914,OLD-A,
CL,2014-11-17,Spec Mnth60,spec,60,2200.0,2000.0,USD,CL_2008_to_present.pdf,20150528091914,OLD-A,
CL,2014-11-17,Spec Mnth61,spec,61,2200.0,2000.0,USD,CL_2008_to_present.pdf,20150528091914,OLD-A,
CL,2014-11-17,Spec Mnth62,spec,62,2200.0,2000.0,USD,CL_2008_to_present.pdf,20150528091914,OLD-A,
CL,2014-11-17,Spec Mnth63,spec,63,2200.0,2000.0,USD,CL_2008_to_present.pdf,20150528091914,OLD-A,
CL,2014-11-17,Spec Mnth64,spec,64,2200.0,2000.0,USD,CL_2008_to_present.pdf,20150528091914,OLD-A,
CL,2014-11-17,Spec Mnth65+,spec,65,2200.0,2000.0,USD,CL_2008_to_present.pdf,20150528091914,OLD-A,
CL,2014-11-26,Hedge/Member Mnth1,hedge/member,1,3850.0,3850.0,USD,CL_2008_to_present.pdf,20150528091914,OLD-A,
CL,2014-11-26,Hedge/Member Mnth2,hedge/member,2,3750.0,3750.0,USD,CL_2008_to_present.pdf,20150528091914,OLD-A,
CL,2014-11-26,Hedge/Member Mnth3,hedge/member,3,3650.0,3650.0,USD,CL_2008_to_present.pdf,20150528091914,OLD-A,
CL,2014-11-26,Hedge/Member Mnth4,hedge/member,4,3450.0,3450.0,USD,CL_2008_to_present.pdf,20150528091914,OLD-A,
CL,2014-11-26,Hedge/Member Mnth5,hedge/member,5,3300.0,3300.0,USD,CL_2008_to_present.pdf,20150528091914,OLD-A,
CL,2014-11-26,Hedge/Member Mnth6,hedge/member,6,3200.0,3200.0,USD,CL_2008_to_present.pdf,20150528091914,OLD-A,
CL,2014-11-26,Hedge/Member Mnth7,hedge/member,7,3100.0,3100.0,USD,CL_2008_to_present.pdf,20150528091914,OLD-A,
CL,2014-11-26,Hedge/Member Mnth8,hedge/member,8,3050.0,3050.0,USD,CL_2008_to_present.pdf,20150528091914,OLD-A,
CL,2014-11-26,Hedge/Member Mnth9,hedge/member,9,3000.0,3000.0,USD,CL_2008_to_present.pdf,20150528091914,OLD-A,
CL,2014-11-26,Hedge/Member Mnth10,hedge/member,10,2950.0,2950.0,USD,CL_2008_to_present.pdf,20150528091914,OLD-A,
CL,2014-11-26,Hedge/Member Mnth11,hedge/member,11,2900.0,2900.0,USD,CL_2008_to_present.pdf,20150528091914,OLD-A,
CL,2014-11-26,Hedge/Member Mnth12,hedge/member,12,2850.0,2850.0,USD,CL_2008_to_present.pdf,20150528091914,OLD-A,
CL,2014-11-26,Hedge/Member Mnth13,hedge/member,13,2850.0,2850.0,USD,CL_2008_to_present.pdf,20150528091914,OLD-A,
CL,2014-11-26,Hedge/Member Mnth14,hedge/member,14,2800.0,2800.0,USD,CL_2008_to_present.pdf,20150528091914,OLD-A,
CL,2014-11-26,Hedge/Member Mnth15,hedge/member,15,2700.0,2700.0,USD,CL_2008_to_present.pdf,20150528091914,OLD-A,
CL,2014-11-26,Hedge/Member Mnth16,hedge/member,16,2650.0,2650.0,USD,CL_2008_to_present.pdf,20150528091914,OLD-A,
CL,2014-11-26,Hedge/Member Mnth17,hedge/member,17,2650.0,2650.0,USD,CL_2008_to_present.pdf,20150528091914,OLD-A,
CL,2014-11-26,Hedge/Member Mnth18,hedge/member,18,2550.0,2550.0,USD,CL_2008_to_present.pdf,20150528091914,OLD-A,
CL,2014-11-26,Hedge/Member Mnth19,hedge/member,19,2550.0,2550.0,USD,CL_2008_to_present.pdf,20150528091914,OLD-A,
CL,2014-11-26,Hedge/Member Mnth20,hedge/member,20,2500.0,2500.0,USD,CL_2008_to_present.pdf,20150528091914,OLD-A,
CL,2014-11-26,Hedge/Member Mnth21,hedge/member,21,2450.0,2450.0,USD,CL_2008_to_present.pdf,20150528091914,OLD-A,
CL,2014-11-26,Hedge/Member Mnth22,hedge/member,22,2450.0,2450.0,USD,CL_2008_to_present.pdf,20150528091914,OLD-A,
CL,2014-11-26,Hedge/Member Mnth23,hedge/member,23,2400.0,2400.0,USD,CL_2008_to_present.pdf,20150528091914,OLD-A,
CL,2014-11-26,Hedge/Member Mnth24,hedge/member,24,2400.0,2400.0,USD,CL_2008_to_present.pdf,20150528091914,OLD-A,
CL,2014-11-26,Hedge/Member Mnth25,hedge/member,25,2400.0,2400.0,USD,CL_2008_to_present.pdf,20150528091914,OLD-A,
CL,2014-11-26,Hedge/Member Mnth26,hedge/member,26,2350.0,2350.0,USD,CL_2008_to_present.pdf,20150528091914,OLD-A,
CL,2014-11-26,Hedge/Member Mnth27,hedge/member,27,2350.0,2350.0,USD,CL_2008_to_present.pdf,20150528091914,OLD-A,
CL,2014-11-26,Hedge/Member Mnth28,hedge/member,28,2350.0,2350.0,USD,CL_2008_to_present.pdf,20150528091914,OLD-A,
CL,2014-11-26,Hedge/Member Mnth29,hedge/member,29,2250.0,2250.0,USD,CL_2008_to_present.pdf,20150528091914,OLD-A,
CL,2014-11-26,Hedge/Member Mnth30,hedge/member,30,2250.0,2250.0,USD,CL_2008_to_present.pdf,20150528091914,OLD-A,
CL,2014-11-26,Hedge/Member Mnth31,hedge/member,31,2250.0,2250.0,USD,CL_2008_to_present.pdf,20150528091914,OLD-A,
CL,2014-11-26,Hedge/Member Mnth32,hedge/member,32,2150.0,2150.0,USD,CL_2008_to_present.pdf,20150528091914,OLD-A,
CL,2014-11-26,Hedge/Member Mnth33,hedge/member,33,2150.0,2150.0,USD,CL_2008_to_present.pdf,20150528091914,OLD-A,
CL,2014-11-26,Hedge/Member Mnth34,hedge/member,34,2150.0,2150.0,USD,CL_2008_to_present.pdf,20150528091914,OLD-A,
CL,2014-11-26,Hedge/Member Mnth35,hedge/member,35,2150.0,2150.0,USD,CL_2008_to_present.pdf,20150528091914,OLD-A,
CL,2014-11-26,Hedge/Member Mnth36,hedge/member,36,2150.0,2150.0,USD,CL_2008_to_present.pdf,20150528091914,OLD-A,
CL,2014-11-26,Hedge/Member Mnth37,hedge/member,37,2150.0,2150.0,USD,CL_2008_to_present.pdf,20150528091914,OLD-A,
CL,2014-11-26,Hedge/Member Mnth38,hedge/member,38,2150.0,2150.0,USD,CL_2008_to_present.pdf,20150528091914,OLD-A,
CL,2014-11-26,Hedge/Member Mnth39,hedge/member,39,2150.0,2150.0,USD,CL_2008_to_present.pdf,20150528091914,OLD-A,
CL,2014-11-26,Hedge/Member Mnth40,hedge/member,40,2150.0,2150.0,USD,CL_2008_to_present.pdf,20150528091914,OLD-A,
CL,2014-11-26,Hedge/Member Mnth41,hedge/member,41,2150.0,2150.0,USD,CL_2008_to_present.pdf,20150528091914,OLD-A,
CL,2014-11-26,Hedge/Member Mnth42,hedge/member,42,2150.0,2150.0,USD,CL_2008_to_present.pdf,20150528091914,OLD-A,
CL,2014-11-26,Hedge/Member Mnth43,hedge/member,43,2150.0,2150.0,USD,CL_2008_to_present.pdf,20150528091914,OLD-A,
CL,2014-11-26,Hedge/Member Mnth44,hedge/member,44,2150.0,2150.0,USD,CL_2008_to_present.pdf,20150528091914,OLD-A,
CL,2014-11-26,Hedge/Member Mnth45,hedge/member,45,2150.0,2150.0,USD,CL_2008_to_present.pdf,20150528091914,OLD-A,
CL,2014-11-26,Hedge/Member Mnth46,hedge/member,46,2150.0,2150.0,USD,CL_2008_to_present.pdf,20150528091914,OLD-A,
CL,2014-11-26,Hedge/Member Mnth47,hedge/member,47,2150.0,2150.0,USD,CL_2008_to_present.pdf,20150528091914,OLD-A,
CL,2014-11-26,Hedge/Member Mnth48,hedge/member,48,2150.0,2150.0,USD,CL_2008_to_present.pdf,20150528091914,OLD-A,
CL,2014-11-26,Hedge/Member Mnth49,hedge/member,49,2150.0,2150.0,USD,CL_2008_to_present.pdf,20150528091914,OLD-A,
CL,2014-11-26,Hedge/Member Mnth50,hedge/member,50,2150.0,2150.0,USD,CL_2008_to_present.pdf,20150528091914,OLD-A,
CL,2014-11-26,Hedge/Member Mnth51,hedge/member,51,2150.0,2150.0,USD,CL_2008_to_present.pdf,20150528091914,OLD-A,
CL,2014-11-26,Hedge/Member Mnth52,hedge/member,52,2150.0,2150.0,USD,CL_2008_to_present.pdf,20150528091914,OLD-A,
CL,2014-11-26,Hedge/Member Mnth53,hedge/member,53,2150.0,2150.0,USD,CL_2008_to_present.pdf,20150528091914,OLD-A,
CL,2014-11-26,Hedge/Member Mnth54,hedge/member,54,2150.0,2150.0,USD,CL_2008_to_present.pdf,20150528091914,OLD-A,
CL,2014-11-26,Hedge/Member Mnth55,hedge/member,55,2150.0,2150.0,USD,CL_2008_to_present.pdf,20150528091914,OLD-A,
CL,2014-11-26,Hedge/Member Mnth56,hedge/member,56,2150.0,2150.0,USD,CL_2008_to_present.pdf,20150528091914,OLD-A,
CL,2014-11-26,Hedge/Member Mnth57,hedge/member,57,2150.0,2150.0,USD,CL_2008_to_present.pdf,20150528091914,OLD-A,
CL,2014-11-26,Hedge/Member Mnth58,hedge/member,58,2150.0,2150.0,USD,CL_2008_to_present.pdf,20150528091914,OLD-A,
CL,2014-11-26,Hedge/Member Mnth59,hedge/member,59,2150.0,2150.0,USD,CL_2008_to_present.pdf,20150528091914,OLD-A,
CL,2014-11-26,Hedge/Member Mnth60,hedge/member,60,2150.0,2150.0,USD,CL_2008_to_present.pdf,20150528091914,OLD-A,
CL,2014-11-26,Hedge/Member Mnth61,hedge/member,61,2150.0,2150.0,USD,CL_2008_to_present.pdf,20150528091914,OLD-A,
CL,2014-11-26,Hedge/Member Mnth62,hedge/member,62,2150.0,2150.0,USD,CL_2008_to_present.pdf,20150528091914,OLD-A,
CL,2014-11-26,Hedge/Member Mnth63,hedge/member,63,2150.0,2150.0,USD,CL_2008_to_present.pdf,20150528091914,OLD-A,
CL,2014-11-26,Hedge/Member Mnth64,hedge/member,64,2150.0,2150.0,USD,CL_2008_to_present.pdf,20150528091914,OLD-A,
CL,2014-11-26,Hedge/Member Mnth65+,hedge/member,65,2150.0,2150.0,USD,CL_2008_to_present.pdf,20150528091914,OLD-A,
CL,2014-11-26,Spec Mnth1,spec,1,4235.0,3850.0,USD,CL_2008_to_present.pdf,20150528091914,OLD-A,
CL,2014-11-26,Spec Mnth2,spec,2,4125.0,3750.0,USD,CL_2008_to_present.pdf,20150528091914,OLD-A,
CL,2014-11-26,Spec Mnth3,spec,3,4015.0,3650.0,USD,CL_2008_to_present.pdf,20150528091914,OLD-A,
CL,2014-11-26,Spec Mnth4,spec,4,3795.0,3450.0,USD,CL_2008_to_present.pdf,20150528091914,OLD-A,
CL,2014-11-26,Spec Mnth5,spec,5,3630.0,3300.0,USD,CL_2008_to_present.pdf,20150528091914,OLD-A,
CL,2014-11-26,Spec Mnth6,spec,6,3520.0,3200.0,USD,CL_2008_to_present.pdf,20150528091914,OLD-A,
CL,2014-11-26,Spec Mnth7,spec,7,3410.0,3100.0,USD,CL_2008_to_present.pdf,20150528091914,OLD-A,
CL,2014-11-26,Spec Mnth8,spec,8,3355.0,3050.0,USD,CL_2008_to_present.pdf,20150528091914,OLD-A,
CL,2014-11-26,Spec Mnth9,spec,9,3300.0,3000.0,USD,CL_2008_to_present.pdf,20150528091914,OLD-A,
CL,2014-11-26,Spec Mnth10,spec,10,3245.0,2950.0,USD,CL_2008_to_present.pdf,20150528091914,OLD-A,
CL,2014-11-26,Spec Mnth11,spec,11,3190.0,2900.0,USD,CL_2008_to_present.pdf,20150528091914,OLD-A,
CL,2014-11-26,Spec Mnth12,spec,12,3135.0,2850.0,USD,CL_2008_to_present.pdf,20150528091914,OLD-A,
CL,2014-11-26,Spec Mnth13,spec,13,3135.0,2850.0,USD,CL_2008_to_present.pdf,20150528091914,OLD-A,
CL,2014-11-26,Spec Mnth14,spec,14,3080.0,2800.0,USD,CL_2008_to_present.pdf,20150528091914,OLD-A,
CL,2014-11-26,Spec Mnth15,spec,15,2970.0,2700.0,USD,CL_2008_to_present.pdf,20150528091914,OLD-A,
CL,2014-11-26,Spec Mnth16,spec,16,2915.0,2650.0,USD,CL_2008_to_present.pdf,20150528091914,OLD-A,
CL,2014-11-26,Spec Mnth17,spec,17,2915.0,2650.0,USD,CL_2008_to_present.pdf,20150528091914,OLD-A,
CL,2014-11-26,Spec Mnth18,spec,18,2805.0,2550.0,USD,CL_2008_to_present.pdf,20150528091914,OLD-A,
CL,2014-11-26,Spec Mnth19,spec,19,2805.0,2550.0,USD,CL_2008_to_present.pdf,20150528091914,OLD-A,
CL,2014-11-26,Spec Mnth20,spec,20,2750.0,2500.0,USD,CL_2008_to_present.pdf,20150528091914,OLD-A,
CL,2014-11-26,Spec Mnth21,spec,21,2695.0,2450.0,USD,CL_2008_to_present.pdf,20150528091914,OLD-A,
CL,2014-11-26,Spec Mnth22,spec,22,2695.0,2450.0,USD,CL_2008_to_present.pdf,20150528091914,OLD-A,
CL,2014-11-26,Spec Mnth23,spec,23,2640.0,2400.0,USD,CL_2008_to_present.pdf,20150528091914,OLD-A,
CL,2014-11-26,Spec Mnth24,spec,24,2640.0,2400.0,USD,CL_2008_to_present.pdf,20150528091914,OLD-A,
CL,2014-11-26,Spec Mnth25,spec,25,2640.0,2400.0,USD,CL_2008_to_present.pdf,20150528091914,OLD-A,
CL,2014-11-26,Spec Mnth26,spec,26,2585.0,2350.0,USD,CL_2008_to_present.pdf,20150528091914,OLD-A,
CL,2014-11-26,Spec Mnth27,spec,27,2585.0,2350.0,USD,CL_2008_to_present.pdf,20150528091914,OLD-A,
CL,2014-11-26,Spec Mnth28,spec,28,2585.0,2350.0,USD,CL_2008_to_present.pdf,20150528091914,OLD-A,
CL,2014-11-26,Spec Mnth29,spec,29,2475.0,2250.0,USD,CL_2008_to_present.pdf,20150528091914,OLD-A,
CL,2014-11-26,Spec Mnth30,spec,30,2475.0,2250.0,USD,CL_2008_to_present.pdf,20150528091914,OLD-A,
CL,2014-11-26,Spec Mnth31,spec,31,2475.0,2250.0,USD,CL_2008_to_present.pdf,20150528091914,OLD-A,
CL,2014-11-26,Spec Mnth32,spec,32,2365.0,2150.0,USD,CL_2008_to_present.pdf,20150528091914,OLD-A,
CL,2014-11-26,Spec Mnth33,spec,33,2365.0,2150.0,USD,CL_2008_to_present.pdf,20150528091914,OLD-A,
CL,2014-11-26,Spec Mnth34,spec,34,2365.0,2150.0,USD,CL_2008_to_present.pdf,20150528091914,OLD-A,
CL,2014-11-26,Spec Mnth35,spec,35,2365.0,2150.0,USD,CL_2008_to_present.pdf,20150528091914,OLD-A,
CL,2014-11-26,Spec Mnth36,spec,36,2365.0,2150.0,USD,CL_2008_to_present.pdf,20150528091914,OLD-A,
CL,2014-11-26,Spec Mnth37,spec,37,2365.0,2150.0,USD,CL_2008_to_present.pdf,20150528091914,OLD-A,
CL,2014-11-26,Spec Mnth38,spec,38,2365.0,2150.0,USD,CL_2008_to_present.pdf,20150528091914,OLD-A,
CL,2014-11-26,Spec Mnth39,spec,39,2365.0,2150.0,USD,CL_2008_to_present.pdf,20150528091914,OLD-A,
CL,2014-11-26,Spec Mnth40,spec,40,2365.0,2150.0,USD,CL_2008_to_present.pdf,20150528091914,OLD-A,
CL,2014-11-26,Spec Mnth41,spec,41,2365.0,2150.0,USD,CL_2008_to_present.pdf,20150528091914,OLD-A,
CL,2014-11-26,Spec Mnth42,spec,42,2365.0,2150.0,USD,CL_2008_to_present.pdf,20150528091914,OLD-A,
CL,2014-11-26,Spec Mnth43,spec,43,2365.0,2150.0,USD,CL_2008_to_present.pdf,20150528091914,OLD-A,
CL,2014-11-26,Spec Mnth44,spec,44,2365.0,2150.0,USD,CL_2008_to_present.pdf,20150528091914,OLD-A,
CL,2014-11-26,Spec Mnth45,spec,45,2365.0,2150.0,USD,CL_2008_to_present.pdf,20150528091914,OLD-A,
CL,2014-11-26,Spec Mnth46,spec,46,2365.0,2150.0,USD,CL_2008_to_present.pdf,20150528091914,OLD-A,
CL,2014-11-26,Spec Mnth47,spec,47,2365.0,2150.0,USD,CL_2008_to_present.pdf,20150528091914,OLD-A,
CL,2014-11-26,Spec Mnth48,spec,48,2365.0,2150.0,USD,CL_2008_to_present.pdf,20150528091914,OLD-A,
CL,2014-11-26,Spec Mnth49,spec,49,2365.0,2150.0,USD,CL_2008_to_present.pdf,20150528091914,OLD-A,
CL,2014-11-26,Spec Mnth50,spec,50,2365.0,2150.0,USD,CL_2008_to_present.pdf,20150528091914,OLD-A,
CL,2014-11-26,Spec Mnth51,spec,51,2365.0,2150.0,USD,CL_2008_to_present.pdf,20150528091914,OLD-A,
CL,2014-11-26,Spec Mnth52,spec,52,2365.0,2150.0,USD,CL_2008_to_present.pdf,20150528091914,OLD-A,
CL,2014-11-26,Spec Mnth53,spec,53,2365.0,2150.0,USD,CL_2008_to_present.pdf,20150528091914,OLD-A,
CL,2014-11-26,Spec Mnth54,spec,54,2365.0,2150.0,USD,CL_2008_to_present.pdf,20150528091914,OLD-A,
CL,2014-11-26,Spec Mnth55,spec,55,2365.0,2150.0,USD,CL_2008_to_present.pdf,20150528091914,OLD-A,
CL,2014-11-26,Spec Mnth56,spec,56,2365.0,2150.0,USD,CL_2008_to_present.pdf,20150528091914,OLD-A,
CL,2014-11-26,Spec Mnth57,spec,57,2365.0,2150.0,USD,CL_2008_to_present.pdf,20150528091914,OLD-A,
CL,2014-11-26,Spec Mnth58,spec,58,2365.0,2150.0,USD,CL_2008_to_present.pdf,20150528091914,OLD-A,
CL,2014-11-26,Spec Mnth59,spec,59,2365.0,2150.0,USD,CL_2008_to_present.pdf,20150528091914,OLD-A,
CL,2014-11-26,Spec Mnth60,spec,60,2365.0,2150.0,USD,CL_2008_to_present.pdf,20150528091914,OLD-A,
CL,2014-11-26,Spec Mnth61,spec,61,2365.0,2150.0,USD,CL_2008_to_present.pdf,20150528091914,OLD-A,
CL,2014-11-26,Spec Mnth62,spec,62,2365.0,2150.0,USD,CL_2008_to_present.pdf,20150528091914,OLD-A,
CL,2014-11-26,Spec Mnth63,spec,63,2365.0,2150.0,USD,CL_2008_to_present.pdf,20150528091914,OLD-A,
CL,2014-11-26,Spec Mnth64,spec,64,2365.0,2150.0,USD,CL_2008_to_present.pdf,20150528091914,OLD-A,
CL,2014-11-26,Spec Mnth65+,spec,65,2365.0,2150.0,USD,CL_2008_to_present.pdf,20150528091914,OLD-A,
CL,2014-12-02,Hedge/Member Mnth1,hedge/member,1,4450.0,4450.0,USD,CL_2008_to_present.pdf,20150528091914,OLD-A,
CL,2014-12-02,Hedge/Member Mnth2,hedge/member,2,4350.0,4350.0,USD,CL_2008_to_present.pdf,20150528091914,OLD-A,
CL,2014-12-02,Hedge/Member Mnth3,hedge/member,3,4250.0,4250.0,USD,CL_2008_to_present.pdf,20150528091914,OLD-A,
CL,2014-12-02,Hedge/Member Mnth4,hedge/member,4,4050.0,4050.0,USD,CL_2008_to_present.pdf,20150528091914,OLD-A,
CL,2014-12-02,Hedge/Member Mnth5,hedge/member,5,3900.0,3900.0,USD,CL_2008_to_present.pdf,20150528091914,OLD-A,
CL,2014-12-02,Hedge/Member Mnth6,hedge/member,6,3800.0,3800.0,USD,CL_2008_to_present.pdf,20150528091914,OLD-A,
CL,2014-12-02,Hedge/Member Mnth7,hedge/member,7,3700.0,3700.0,USD,CL_2008_to_present.pdf,20150528091914,OLD-A,
CL,2014-12-02,Hedge/Member Mnth8,hedge/member,8,3650.0,3650.0,USD,CL_2008_to_present.pdf,20150528091914,OLD-A,
CL,2014-12-02,Hedge/Member Mnth9,hedge/member,9,3600.0,3600.0,USD,CL_2008_to_present.pdf,20150528091914,OLD-A,
CL,2014-12-02,Hedge/Member Mnth10,hedge/member,10,3550.0,3550.0,USD,CL_2008_to_present.pdf,20150528091914,OLD-A,
CL,2014-12-02,Hedge/Member Mnth11,hedge/member,11,3500.0,3500.0,USD,CL_2008_to_present.pdf,20150528091914,OLD-A,
CL,2014-12-02,Hedge/Member Mnth12,hedge/member,12,3450.0,3450.0,USD,CL_2008_to_present.pdf,20150528091914,OLD-A,
CL,2014-12-02,Hedge/Member Mnth13,hedge/member,13,3450.0,3450.0,USD,CL_2008_to_present.pdf,20150528091914,OLD-A,
CL,2014-12-02,Hedge/Member Mnth14,hedge/member,14,3400.0,3400.0,USD,CL_2008_to_present.pdf,20150528091914,OLD-A,
CL,2014-12-02,Hedge/Member Mnth15,hedge/member,15,3300.0,3300.0,USD,CL_2008_to_present.pdf,20150528091914,OLD-A,
CL,2014-12-02,Hedge/Member Mnth16,hedge/member,16,3250.0,3250.0,USD,CL_2008_to_present.pdf,20150528091914,OLD-A,
CL,2014-12-02,Hedge/Member Mnth17,hedge/member,17,3250.0,3250.0,USD,CL_2008_to_present.pdf,20150528091914,OLD-A,
CL,2014-12-02,Hedge/Member Mnth18,hedge/member,18,3150.0,3150.0,USD,CL_2008_to_present.pdf,20150528091914,OLD-A,
CL,2014-12-02,Hedge/Member Mnth19,hedge/member,19,3150.0,3150.0,USD,CL_2008_to_present.pdf,20150528091914,OLD-A,
CL,2014-12-02,Hedge/Member Mnth20,hedge/member,20,3100.0,3100.0,USD,CL_2008_to_present.pdf,20150528091914,OLD-A,
CL,2014-12-02,Hedge/Member Mnth21,hedge/member,21,3050.0,3050.0,USD,CL_2008_to_present.pdf,20150528091914,OLD-A,
CL,2014-12-02,Hedge/Member Mnth22,hedge/member,22,3050.0,3050.0,USD,CL_2008_to_present.pdf,20150528091914,OLD-A,
CL,2014-12-02,Hedge/Member Mnth23,hedge/member,23,3000.0,3000.0,USD,CL_2008_to_present.pdf,20150528091914,OLD-A,
CL,2014-12-02,Hedge/Member Mnth24,hedge/member,24,3000.0,3000.0,USD,CL_2008_to_present.pdf,20150528091914,OLD-A,
CL,2014-12-02,Hedge/Member Mnth25,hedge/member,25,3000.0,3000.0,USD,CL_2008_to_present.pdf,20150528091914,OLD-A,
CL,2014-12-02,Hedge/Member Mnth26,hedge/member,26,2950.0,2950.0,USD,CL_2008_to_present.pdf,20150528091914,OLD-A,
CL,2014-12-02,Hedge/Member Mnth27,hedge/member,27,2950.0,2950.0,USD,CL_2008_to_present.pdf,20150528091914,OLD-A,
CL,2014-12-02,Hedge/Member Mnth28,hedge/member,28,2950.0,2950.0,USD,CL_2008_to_present.pdf,20150528091914,OLD-A,
CL,2014-12-02,Hedge/Member Mnth29,hedge/member,29,2850.0,2850.0,USD,CL_2008_to_present.pdf,20150528091914,OLD-A,
CL,2014-12-02,Hedge/Member Mnth30,hedge/member,30,2850.0,2850.0,USD,CL_2008_to_present.pdf,20150528091914,OLD-A,
CL,2014-12-02,Hedge/Member Mnth31,hedge/member,31,2850.0,2850.0,USD,CL_2008_to_present.pdf,20150528091914,OLD-A,
CL,2014-12-02,Hedge/Member Mnth32,hedge/member,32,2750.0,2750.0,USD,CL_2008_to_present.pdf,20150528091914,OLD-A,
CL,2014-12-02,Hedge/Member Mnth33,hedge/member,33,2750.0,2750.0,USD,CL_2008_to_present.pdf,20150528091914,OLD-A,
CL,2014-12-02,Hedge/Member Mnth34,hedge/member,34,2750.0,2750.0,USD,CL_2008_to_present.pdf,20150528091914,OLD-A,
CL,2014-12-02,Hedge/Member Mnth35,hedge/member,35,2750.0,2750.0,USD,CL_2008_to_present.pdf,20150528091914,OLD-A,
CL,2014-12-02,Hedge/Member Mnth36,hedge/member,36,2750.0,2750.0,USD,CL_2008_to_present.pdf,20150528091914,OLD-A,
CL,2014-12-02,Hedge/Member Mnth37,hedge/member,37,2750.0,2750.0,USD,CL_2008_to_present.pdf,20150528091914,OLD-A,
CL,2014-12-02,Hedge/Member Mnth38,hedge/member,38,2750.0,2750.0,USD,CL_2008_to_present.pdf,20150528091914,OLD-A,
CL,2014-12-02,Hedge/Member Mnth39,hedge/member,39,2750.0,2750.0,USD,CL_2008_to_present.pdf,20150528091914,OLD-A,
CL,2014-12-02,Hedge/Member Mnth40,hedge/member,40,2750.0,2750.0,USD,CL_2008_to_present.pdf,20150528091914,OLD-A,
CL,2014-12-02,Hedge/Member Mnth41,hedge/member,41,2750.0,2750.0,USD,CL_2008_to_present.pdf,20150528091914,OLD-A,
CL,2014-12-02,Hedge/Member Mnth42,hedge/member,42,2750.0,2750.0,USD,CL_2008_to_present.pdf,20150528091914,OLD-A,
CL,2014-12-02,Hedge/Member Mnth43,hedge/member,43,2750.0,2750.0,USD,CL_2008_to_present.pdf,20150528091914,OLD-A,
CL,2014-12-02,Hedge/Member Mnth44,hedge/member,44,2750.0,2750.0,USD,CL_2008_to_present.pdf,20150528091914,OLD-A,
CL,2014-12-02,Hedge/Member Mnth45,hedge/member,45,2750.0,2750.0,USD,CL_2008_to_present.pdf,20150528091914,OLD-A,
CL,2014-12-02,Hedge/Member Mnth46,hedge/member,46,2750.0,2750.0,USD,CL_2008_to_present.pdf,20150528091914,OLD-A,
CL,2014-12-02,Hedge/Member Mnth47,hedge/member,47,2750.0,2750.0,USD,CL_2008_to_present.pdf,20150528091914,OLD-A,
CL,2014-12-02,Hedge/Member Mnth48,hedge/member,48,2750.0,2750.0,USD,CL_2008_to_present.pdf,20150528091914,OLD-A,
CL,2014-12-02,Hedge/Member Mnth49,hedge/member,49,2750.0,2750.0,USD,CL_2008_to_present.pdf,20150528091914,OLD-A,
CL,2014-12-02,Hedge/Member Mnth50,hedge/member,50,2750.0,2750.0,USD,CL_2008_to_present.pdf,20150528091914,OLD-A,
CL,2014-12-02,Hedge/Member Mnth51,hedge/member,51,2750.0,2750.0,USD,CL_2008_to_present.pdf,20150528091914,OLD-A,
CL,2014-12-02,Hedge/Member Mnth52,hedge/member,52,2750.0,2750.0,USD,CL_2008_to_present.pdf,20150528091914,OLD-A,
CL,2014-12-02,Hedge/Member Mnth53,hedge/member,53,2750.0,2750.0,USD,CL_2008_to_present.pdf,20150528091914,OLD-A,
CL,2014-12-02,Hedge/Member Mnth54,hedge/member,54,2750.0,2750.0,USD,CL_2008_to_present.pdf,20150528091914,OLD-A,
CL,2014-12-02,Hedge/Member Mnth55,hedge/member,55,2750.0,2750.0,USD,CL_2008_to_present.pdf,20150528091914,OLD-A,
CL,2014-12-02,Hedge/Member Mnth56,hedge/member,56,2750.0,2750.0,USD,CL_2008_to_present.pdf,20150528091914,OLD-A,
CL,2014-12-02,Hedge/Member Mnth57,hedge/member,57,2750.0,2750.0,USD,CL_2008_to_present.pdf,20150528091914,OLD-A,
CL,2014-12-02,Hedge/Member Mnth58,hedge/member,58,2750.0,2750.0,USD,CL_2008_to_present.pdf,20150528091914,OLD-A,
CL,2014-12-02,Hedge/Member Mnth59,hedge/member,59,2750.0,2750.0,USD,CL_2008_to_present.pdf,20150528091914,OLD-A,
CL,2014-12-02,Hedge/Member Mnth60,hedge/member,60,2750.0,2750.0,USD,CL_2008_to_present.pdf,20150528091914,OLD-A,
CL,2014-12-02,Hedge/Member Mnth61,hedge/member,61,2750.0,2750.0,USD,CL_2008_to_present.pdf,20150528091914,OLD-A,
CL,2014-12-02,Hedge/Member Mnth62,hedge/member,62,2750.0,2750.0,USD,CL_2008_to_present.pdf,20150528091914,OLD-A,
CL,2014-12-02,Hedge/Member Mnth63,hedge/member,63,2750.0,2750.0,USD,CL_2008_to_present.pdf,20150528091914,OLD-A,
CL,2014-12-02,Hedge/Member Mnth64,hedge/member,64,2750.0,2750.0,USD,CL_2008_to_present.pdf,20150528091914,OLD-A,
CL,2014-12-02,Hedge/Member Mnth65+,hedge/member,65,2750.0,2750.0,USD,CL_2008_to_present.pdf,20150528091914,OLD-A,
CL,2014-12-02,Spec Mnth1,spec,1,4895.0,4450.0,USD,CL_2008_to_present.pdf,20150528091914,OLD-A,
CL,2014-12-02,Spec Mnth2,spec,2,4785.0,4350.0,USD,CL_2008_to_present.pdf,20150528091914,OLD-A,
CL,2014-12-02,Spec Mnth3,spec,3,4675.0,4250.0,USD,CL_2008_to_present.pdf,20150528091914,OLD-A,
CL,2014-12-02,Spec Mnth4,spec,4,4455.0,4050.0,USD,CL_2008_to_present.pdf,20150528091914,OLD-A,
CL,2014-12-02,Spec Mnth5,spec,5,4290.0,3900.0,USD,CL_2008_to_present.pdf,20150528091914,OLD-A,
CL,2014-12-02,Spec Mnth6,spec,6,4180.0,3800.0,USD,CL_2008_to_present.pdf,20150528091914,OLD-A,
CL,2014-12-02,Spec Mnth7,spec,7,4070.0,3700.0,USD,CL_2008_to_present.pdf,20150528091914,OLD-A,
CL,2014-12-02,Spec Mnth8,spec,8,4015.0,3650.0,USD,CL_2008_to_present.pdf,20150528091914,OLD-A,
CL,2014-12-02,Spec Mnth9,spec,9,3960.0,3600.0,USD,CL_2008_to_present.pdf,20150528091914,OLD-A,
CL,2014-12-02,Spec Mnth10,spec,10,3905.0,3550.0,USD,CL_2008_to_present.pdf,20150528091914,OLD-A,
CL,2014-12-02,Spec Mnth11,spec,11,3850.0,3500.0,USD,CL_2008_to_present.pdf,20150528091914,OLD-A,
CL,2014-12-02,Spec Mnth12,spec,12,3795.0,3450.0,USD,CL_2008_to_present.pdf,20150528091914,OLD-A,
CL,2014-12-02,Spec Mnth13,spec,13,3795.0,3450.0,USD,CL_2008_to_present.pdf,20150528091914,OLD-A,
CL,2014-12-02,Spec Mnth14,spec,14,3740.0,3400.0,USD,CL_2008_to_present.pdf,20150528091914,OLD-A,
CL,2014-12-02,Spec Mnth15,spec,15,3630.0,3300.0,USD,CL_2008_to_present.pdf,20150528091914,OLD-A,
CL,2014-12-02,Spec Mnth16,spec,16,3575.0,3250.0,USD,CL_2008_to_present.pdf,20150528091914,OLD-A,
CL,2014-12-02,Spec Mnth17,spec,17,3575.0,3250.0,USD,CL_2008_to_present.pdf,20150528091914,OLD-A,
CL,2014-12-02,Spec Mnth18,spec,18,3465.0,3150.0,USD,CL_2008_to_present.pdf,20150528091914,OLD-A,
CL,2014-12-02,Spec Mnth19,spec,19,3465.0,3150.0,USD,CL_2008_to_present.pdf,20150528091914,OLD-A,
CL,2014-12-02,Spec Mnth20,spec,20,3410.0,3100.0,USD,CL_2008_to_present.pdf,20150528091914,OLD-A,
CL,2014-12-02,Spec Mnth21,spec,21,3355.0,3050.0,USD,CL_2008_to_present.pdf,20150528091914,OLD-A,
CL,2014-12-02,Spec Mnth22,spec,22,3355.0,3050.0,USD,CL_2008_to_present.pdf,20150528091914,OLD-A,
CL,2014-12-02,Spec Mnth23,spec,23,3300.0,3000.0,USD,CL_2008_to_present.pdf,20150528091914,OLD-A,
CL,2014-12-02,Spec Mnth24,spec,24,3300.0,3000.0,USD,CL_2008_to_present.pdf,20150528091914,OLD-A,
CL,2014-12-02,Spec Mnth25,spec,25,3300.0,3000.0,USD,CL_2008_to_present.pdf,20150528091914,OLD-A,
CL,2014-12-02,Spec Mnth26,spec,26,3245.0,2950.0,USD,CL_2008_to_present.pdf,20150528091914,OLD-A,
CL,2014-12-02,Spec Mnth27,spec,27,3245.0,2950.0,USD,CL_2008_to_present.pdf,20150528091914,OLD-A,
CL,2014-12-02,Spec Mnth28,spec,28,3245.0,2950.0,USD,CL_2008_to_present.pdf,20150528091914,OLD-A,
CL,2014-12-02,Spec Mnth29,spec,29,3135.0,2850.0,USD,CL_2008_to_present.pdf,20150528091914,OLD-A,
CL,2014-12-02,Spec Mnth30,spec,30,3135.0,2850.0,USD,CL_2008_to_present.pdf,20150528091914,OLD-A,
CL,2014-12-02,Spec Mnth31,spec,31,3135.0,2850.0,USD,CL_2008_to_present.pdf,20150528091914,OLD-A,
CL,2014-12-02,Spec Mnth32,spec,32,3025.0,2750.0,USD,CL_2008_to_present.pdf,20150528091914,OLD-A,
CL,2014-12-02,Spec Mnth33,spec,33,3025.0,2750.0,USD,CL_2008_to_present.pdf,20150528091914,OLD-A,
CL,2014-12-02,Spec Mnth34,spec,34,3025.0,2750.0,USD,CL_2008_to_present.pdf,20150528091914,OLD-A,
CL,2014-12-02,Spec Mnth35,spec,35,3025.0,2750.0,USD,CL_2008_to_present.pdf,20150528091914,OLD-A,
CL,2014-12-02,Spec Mnth36,spec,36,3025.0,2750.0,USD,CL_2008_to_present.pdf,20150528091914,OLD-A,
CL,2014-12-02,Spec Mnth37,spec,37,3025.0,2750.0,USD,CL_2008_to_present.pdf,20150528091914,OLD-A,
CL,2014-12-02,Spec Mnth38,spec,38,3025.0,2750.0,USD,CL_2008_to_present.pdf,20150528091914,OLD-A,
CL,2014-12-02,Spec Mnth39,spec,39,3025.0,2750.0,USD,CL_2008_to_present.pdf,20150528091914,OLD-A,
CL,2014-12-02,Spec Mnth40,spec,40,3025.0,2750.0,USD,CL_2008_to_present.pdf,20150528091914,OLD-A,
CL,2014-12-02,Spec Mnth41,spec,41,3025.0,2750.0,USD,CL_2008_to_present.pdf,20150528091914,OLD-A,
CL,2014-12-02,Spec Mnth42,spec,42,3025.0,2750.0,USD,CL_2008_to_present.pdf,20150528091914,OLD-A,
CL,2014-12-02,Spec Mnth43,spec,43,3025.0,2750.0,USD,CL_2008_to_present.pdf,20150528091914,OLD-A,
CL,2014-12-02,Spec Mnth44,spec,44,3025.0,2750.0,USD,CL_2008_to_present.pdf,20150528091914,OLD-A,
CL,2014-12-02,Spec Mnth45,spec,45,3025.0,2750.0,USD,CL_2008_to_present.pdf,20150528091914,OLD-A,
CL,2014-12-02,Spec Mnth46,spec,46,3025.0,2750.0,USD,CL_2008_to_present.pdf,20150528091914,OLD-A,
CL,2014-12-02,Spec Mnth47,spec,47,3025.0,2750.0,USD,CL_2008_to_present.pdf,20150528091914,OLD-A,
CL,2014-12-02,Spec Mnth48,spec,48,3025.0,2750.0,USD,CL_2008_to_present.pdf,20150528091914,OLD-A,
CL,2014-12-02,Spec Mnth49,spec,49,3025.0,2750.0,USD,CL_2008_to_present.pdf,20150528091914,OLD-A,
CL,2014-12-02,Spec Mnth50,spec,50,3025.0,2750.0,USD,CL_2008_to_present.pdf,20150528091914,OLD-A,
CL,2014-12-02,Spec Mnth51,spec,51,3025.0,2750.0,USD,CL_2008_to_present.pdf,20150528091914,OLD-A,
CL,2014-12-02,Spec Mnth52,spec,52,3025.0,2750.0,USD,CL_2008_to_present.pdf,20150528091914,OLD-A,
CL,2014-12-02,Spec Mnth53,spec,53,3025.0,2750.0,USD,CL_2008_to_present.pdf,20150528091914,OLD-A,
CL,2014-12-02,Spec Mnth54,spec,54,3025.0,2750.0,USD,CL_2008_to_present.pdf,20150528091914,OLD-A,
CL,2014-12-02,Spec Mnth55,spec,55,3025.0,2750.0,USD,CL_2008_to_present.pdf,20150528091914,OLD-A,
CL,2014-12-02,Spec Mnth56,spec,56,3025.0,2750.0,USD,CL_2008_to_present.pdf,20150528091914,OLD-A,
CL,2014-12-02,Spec Mnth57,spec,57,3025.0,2750.0,USD,CL_2008_to_present.pdf,20150528091914,OLD-A,
CL,2014-12-02,Spec Mnth58,spec,58,3025.0,2750.0,USD,CL_2008_to_present.pdf,20150528091914,OLD-A,
CL,2014-12-02,Spec Mnth59,spec,59,3025.0,2750.0,USD,CL_2008_to_present.pdf,20150528091914,OLD-A,
CL,2014-12-02,Spec Mnth60,spec,60,3025.0,2750.0,USD,CL_2008_to_present.pdf,20150528091914,OLD-A,
CL,2014-12-02,Spec Mnth61,spec,61,3025.0,2750.0,USD,CL_2008_to_present.pdf,20150528091914,OLD-A,
CL,2014-12-02,Spec Mnth62,spec,62,3025.0,2750.0,USD,CL_2008_to_present.pdf,20150528091914,OLD-A,
CL,2014-12-02,Spec Mnth63,spec,63,3025.0,2750.0,USD,CL_2008_to_present.pdf,20150528091914,OLD-A,
CL,2014-12-02,Spec Mnth64,spec,64,3025.0,2750.0,USD,CL_2008_to_present.pdf,20150528091914,OLD-A,
CL,2014-12-02,Spec Mnth65+,spec,65,3025.0,2750.0,USD,CL_2008_to_present.pdf,20150528091914,OLD-A,
CL,2015-02-06,Hedge/Member Mnth1,hedge/member,1,4900.0,4900.0,USD,CL_2008_to_present.pdf,20150528091914,OLD-A,
CL,2015-02-06,Hedge/Member Mnth2,hedge/member,2,4800.0,4800.0,USD,CL_2008_to_present.pdf,20150528091914,OLD-A,
CL,2015-02-06,Hedge/Member Mnth3,hedge/member,3,4700.0,4700.0,USD,CL_2008_to_present.pdf,20150528091914,OLD-A,
CL,2015-02-06,Hedge/Member Mnth4,hedge/member,4,4500.0,4500.0,USD,CL_2008_to_present.pdf,20150528091914,OLD-A,
CL,2015-02-06,Hedge/Member Mnth5,hedge/member,5,4350.0,4350.0,USD,CL_2008_to_present.pdf,20150528091914,OLD-A,
CL,2015-02-06,Hedge/Member Mnth6,hedge/member,6,4250.0,4250.0,USD,CL_2008_to_present.pdf,20150528091914,OLD-A,
CL,2015-02-06,Hedge/Member Mnth7,hedge/member,7,4150.0,4150.0,USD,CL_2008_to_present.pdf,20150528091914,OLD-A,
CL,2015-02-06,Hedge/Member Mnth8,hedge/member,8,4100.0,4100.0,USD,CL_2008_to_present.pdf,20150528091914,OLD-A,
CL,2015-02-06,Hedge/Member Mnth9,hedge/member,9,4050.0,4050.0,USD,CL_2008_to_present.pdf,20150528091914,OLD-A,
CL,2015-02-06,Hedge/Member Mnth10,hedge/member,10,4000.0,4000.0,USD,CL_2008_to_present.pdf,20150528091914,OLD-A,
CL,2015-02-06,Hedge/Member Mnth11,hedge/member,11,3950.0,3950.0,USD,CL_2008_to_present.pdf,20150528091914,OLD-A,
CL,2015-02-06,Hedge/Member Mnth12,hedge/member,12,3900.0,3900.0,USD,CL_2008_to_present.pdf,20150528091914,OLD-A,
CL,2015-02-06,Hedge/Member Mnth13,hedge/member,13,3900.0,3900.0,USD,CL_2008_to_present.pdf,20150528091914,OLD-A,
CL,2015-02-06,Hedge/Member Mnth14,hedge/member,14,3850.0,3850.0,USD,CL_2008_to_present.pdf,20150528091914,OLD-A,
CL,2015-02-06,Hedge/Member Mnth15,hedge/member,15,3750.0,3750.0,USD,CL_2008_to_present.pdf,20150528091914,OLD-A,
CL,2015-02-06,Hedge/Member Mnth16,hedge/member,16,3700.0,3700.0,USD,CL_2008_to_present.pdf,20150528091914,OLD-A,
CL,2015-02-06,Hedge/Member Mnth17,hedge/member,17,3700.0,3700.0,USD,CL_2008_to_present.pdf,20150528091914,OLD-A,
CL,2015-02-06,Hedge/Member Mnth18,hedge/member,18,3600.0,3600.0,USD,CL_2008_to_present.pdf,20150528091914,OLD-A,
CL,2015-02-06,Hedge/Member Mnth19,hedge/member,19,3600.0,3600.0,USD,CL_2008_to_present.pdf,20150528091914,OLD-A,
CL,2015-02-06,Hedge/Member Mnth20,hedge/member,20,3550.0,3550.0,USD,CL_2008_to_present.pdf,20150528091914,OLD-A,
CL,2015-02-06,Hedge/Member Mnth21,hedge/member,21,3500.0,3500.0,USD,CL_2008_to_present.pdf,20150528091914,OLD-A,
CL,2015-02-06,Hedge/Member Mnth22,hedge/member,22,3500.0,3500.0,USD,CL_2008_to_present.pdf,20150528091914,OLD-A,
CL,2015-02-06,Hedge/Member Mnth23,hedge/member,23,3450.0,3450.0,USD,CL_2008_to_present.pdf,20150528091914,OLD-A,
CL,2015-02-06,Hedge/Member Mnth24,hedge/member,24,3450.0,3450.0,USD,CL_2008_to_present.pdf,20150528091914,OLD-A,
CL,2015-02-06,Hedge/Member Mnth25,hedge/member,25,3450.0,3450.0,USD,CL_2008_to_present.pdf,20150528091914,OLD-A,
CL,2015-02-06,Hedge/Member Mnth26,hedge/member,26,3400.0,3400.0,USD,CL_2008_to_present.pdf,20150528091914,OLD-A,
CL,2015-02-06,Hedge/Member Mnth27,hedge/member,27,3400.0,3400.0,USD,CL_2008_to_present.pdf,20150528091914,OLD-A,
CL,2015-02-06,Hedge/Member Mnth28,hedge/member,28,3400.0,3400.0,USD,CL_2008_to_present.pdf,20150528091914,OLD-A,
CL,2015-02-06,Hedge/Member Mnth29,hedge/member,29,3300.0,3300.0,USD,CL_2008_to_present.pdf,20150528091914,OLD-A,
CL,2015-02-06,Hedge/Member Mnth30,hedge/member,30,3300.0,3300.0,USD,CL_2008_to_present.pdf,20150528091914,OLD-A,
CL,2015-02-06,Hedge/Member Mnth31,hedge/member,31,3300.0,3300.0,USD,CL_2008_to_present.pdf,20150528091914,OLD-A,
CL,2015-02-06,Hedge/Member Mnth32,hedge/member,32,3200.0,3200.0,USD,CL_2008_to_present.pdf,20150528091914,OLD-A,
CL,2015-02-06,Hedge/Member Mnth33,hedge/member,33,3200.0,3200.0,USD,CL_2008_to_present.pdf,20150528091914,OLD-A,
CL,2015-02-06,Hedge/Member Mnth34,hedge/member,34,3200.0,3200.0,USD,CL_2008_to_present.pdf,20150528091914,OLD-A,
CL,2015-02-06,Hedge/Member Mnth35,hedge/member,35,3200.0,3200.0,USD,CL_2008_to_present.pdf,20150528091914,OLD-A,
CL,2015-02-06,Hedge/Member Mnth36,hedge/member,36,3200.0,3200.0,USD,CL_2008_to_present.pdf,20150528091914,OLD-A,
CL,2015-02-06,Hedge/Member Mnth37,hedge/member,37,3200.0,3200.0,USD,CL_2008_to_present.pdf,20150528091914,OLD-A,
CL,2015-02-06,Hedge/Member Mnth38,hedge/member,38,3200.0,3200.0,USD,CL_2008_to_present.pdf,20150528091914,OLD-A,
CL,2015-02-06,Hedge/Member Mnth39,hedge/member,39,3200.0,3200.0,USD,CL_2008_to_present.pdf,20150528091914,OLD-A,
CL,2015-02-06,Hedge/Member Mnth40,hedge/member,40,3200.0,3200.0,USD,CL_2008_to_present.pdf,20150528091914,OLD-A,
CL,2015-02-06,Hedge/Member Mnth41,hedge/member,41,3200.0,3200.0,USD,CL_2008_to_present.pdf,20150528091914,OLD-A,
CL,2015-02-06,Hedge/Member Mnth42,hedge/member,42,3200.0,3200.0,USD,CL_2008_to_present.pdf,20150528091914,OLD-A,
CL,2015-02-06,Hedge/Member Mnth43,hedge/member,43,3200.0,3200.0,USD,CL_2008_to_present.pdf,20150528091914,OLD-A,
CL,2015-02-06,Hedge/Member Mnth44,hedge/member,44,3200.0,3200.0,USD,CL_2008_to_present.pdf,20150528091914,OLD-A,
CL,2015-02-06,Hedge/Member Mnth45,hedge/member,45,3200.0,3200.0,USD,CL_2008_to_present.pdf,20150528091914,OLD-A,
CL,2015-02-06,Hedge/Member Mnth46,hedge/member,46,3200.0,3200.0,USD,CL_2008_to_present.pdf,20150528091914,OLD-A,
CL,2015-02-06,Hedge/Member Mnth47,hedge/member,47,3200.0,3200.0,USD,CL_2008_to_present.pdf,20150528091914,OLD-A,
CL,2015-02-06,Hedge/Member Mnth48,hedge/member,48,3200.0,3200.0,USD,CL_2008_to_present.pdf,20150528091914,OLD-A,
CL,2015-02-06,Hedge/Member Mnth49,hedge/member,49,3200.0,3200.0,USD,CL_2008_to_present.pdf,20150528091914,OLD-A,
CL,2015-02-06,Hedge/Member Mnth50,hedge/member,50,3200.0,3200.0,USD,CL_2008_to_present.pdf,20150528091914,OLD-A,
CL,2015-02-06,Hedge/Member Mnth51,hedge/member,51,3200.0,3200.0,USD,CL_2008_to_present.pdf,20150528091914,OLD-A,
CL,2015-02-06,Hedge/Member Mnth52,hedge/member,52,3200.0,3200.0,USD,CL_2008_to_present.pdf,20150528091914,OLD-A,
CL,2015-02-06,Hedge/Member Mnth53,hedge/member,53,3200.0,3200.0,USD,CL_2008_to_present.pdf,20150528091914,OLD-A,
CL,2015-02-06,Hedge/Member Mnth54,hedge/member,54,3200.0,3200.0,USD,CL_2008_to_present.pdf,20150528091914,OLD-A,
CL,2015-02-06,Hedge/Member Mnth55,hedge/member,55,3200.0,3200.0,USD,CL_2008_to_present.pdf,20150528091914,OLD-A,
CL,2015-02-06,Hedge/Member Mnth56,hedge/member,56,3200.0,3200.0,USD,CL_2008_to_present.pdf,20150528091914,OLD-A,
CL,2015-02-06,Hedge/Member Mnth57,hedge/member,57,3200.0,3200.0,USD,CL_2008_to_present.pdf,20150528091914,OLD-A,
CL,2015-02-06,Hedge/Member Mnth58,hedge/member,58,3200.0,3200.0,USD,CL_2008_to_present.pdf,20150528091914,OLD-A,
CL,2015-02-06,Hedge/Member Mnth59,hedge/member,59,3200.0,3200.0,USD,CL_2008_to_present.pdf,20150528091914,OLD-A,
CL,2015-02-06,Hedge/Member Mnth60,hedge/member,60,3200.0,3200.0,USD,CL_2008_to_present.pdf,20150528091914,OLD-A,
CL,2015-02-06,Hedge/Member Mnth61,hedge/member,61,3200.0,3200.0,USD,CL_2008_to_present.pdf,20150528091914,OLD-A,
CL,2015-02-06,Hedge/Member Mnth62,hedge/member,62,3200.0,3200.0,USD,CL_2008_to_present.pdf,20150528091914,OLD-A,
CL,2015-02-06,Hedge/Member Mnth63,hedge/member,63,3200.0,3200.0,USD,CL_2008_to_present.pdf,20150528091914,OLD-A,
CL,2015-02-06,Hedge/Member Mnth64,hedge/member,64,3200.0,3200.0,USD,CL_2008_to_present.pdf,20150528091914,OLD-A,
CL,2015-02-06,Hedge/Member Mnth65+,hedge/member,65,3200.0,3200.0,USD,CL_2008_to_present.pdf,20150528091914,OLD-A,
CL,2015-02-06,Spec Mnth1,spec,1,5390.0,4900.0,USD,CL_2008_to_present.pdf,20150528091914,OLD-A,
CL,2015-02-06,Spec Mnth2,spec,2,5280.0,4800.0,USD,CL_2008_to_present.pdf,20150528091914,OLD-A,
CL,2015-02-06,Spec Mnth3,spec,3,5170.0,4700.0,USD,CL_2008_to_present.pdf,20150528091914,OLD-A,
CL,2015-02-06,Spec Mnth4,spec,4,4950.0,4500.0,USD,CL_2008_to_present.pdf,20150528091914,OLD-A,
CL,2015-02-06,Spec Mnth5,spec,5,4785.0,4350.0,USD,CL_2008_to_present.pdf,20150528091914,OLD-A,
CL,2015-02-06,Spec Mnth6,spec,6,4675.0,4250.0,USD,CL_2008_to_present.pdf,20150528091914,OLD-A,
CL,2015-02-06,Spec Mnth7,spec,7,4565.0,4150.0,USD,CL_2008_to_present.pdf,20150528091914,OLD-A,
CL,2015-02-06,Spec Mnth8,spec,8,4510.0,4100.0,USD,CL_2008_to_present.pdf,20150528091914,OLD-A,
CL,2015-02-06,Spec Mnth9,spec,9,4455.0,4050.0,USD,CL_2008_to_present.pdf,20150528091914,OLD-A,
CL,2015-02-06,Spec Mnth10,spec,10,4400.0,4000.0,USD,CL_2008_to_present.pdf,20150528091914,OLD-A,
CL,2015-02-06,Spec Mnth11,spec,11,4345.0,3950.0,USD,CL_2008_to_present.pdf,20150528091914,OLD-A,
CL,2015-02-06,Spec Mnth12,spec,12,4290.0,3900.0,USD,CL_2008_to_present.pdf,20150528091914,OLD-A,
CL,2015-02-06,Spec Mnth13,spec,13,4290.0,3900.0,USD,CL_2008_to_present.pdf,20150528091914,OLD-A,
CL,2015-02-06,Spec Mnth14,spec,14,4235.0,3850.0,USD,CL_2008_to_present.pdf,20150528091914,OLD-A,
CL,2015-02-06,Spec Mnth15,spec,15,4125.0,3750.0,USD,CL_2008_to_present.pdf,20150528091914,OLD-A,
CL,2015-02-06,Spec Mnth16,spec,16,4070.0,3700.0,USD,CL_2008_to_present.pdf,20150528091914,OLD-A,
CL,2015-02-06,Spec Mnth17,spec,17,4070.0,3700.0,USD,CL_2008_to_present.pdf,20150528091914,OLD-A,
CL,2015-02-06,Spec Mnth18,spec,18,3960.0,3600.0,USD,CL_2008_to_present.pdf,20150528091914,OLD-A,
CL,2015-02-06,Spec Mnth19,spec,19,3960.0,3600.0,USD,CL_2008_to_present.pdf,20150528091914,OLD-A,
CL,2015-02-06,Spec Mnth20,spec,20,3905.0,3550.0,USD,CL_2008_to_present.pdf,20150528091914,OLD-A,
CL,2015-02-06,Spec Mnth21,spec,21,3850.0,3500.0,USD,CL_2008_to_present.pdf,20150528091914,OLD-A,
CL,2015-02-06,Spec Mnth22,spec,22,3850.0,3500.0,USD,CL_2008_to_present.pdf,20150528091914,OLD-A,
CL,2015-02-06,Spec Mnth23,spec,23,3795.0,3450.0,USD,CL_2008_to_present.pdf,20150528091914,OLD-A,
CL,2015-02-06,Spec Mnth24,spec,24,3795.0,3450.0,USD,CL_2008_to_present.pdf,20150528091914,OLD-A,
CL,2015-02-06,Spec Mnth25,spec,25,3795.0,3450.0,USD,CL_2008_to_present.pdf,20150528091914,OLD-A,
CL,2015-02-06,Spec Mnth26,spec,26,3740.0,3400.0,USD,CL_2008_to_present.pdf,20150528091914,OLD-A,
CL,2015-02-06,Spec Mnth27,spec,27,3740.0,3400.0,USD,CL_2008_to_present.pdf,20150528091914,OLD-A,
CL,2015-02-06,Spec Mnth28,spec,28,3740.0,3400.0,USD,CL_2008_to_present.pdf,20150528091914,OLD-A,
CL,2015-02-06,Spec Mnth29,spec,29,3630.0,3300.0,USD,CL_2008_to_present.pdf,20150528091914,OLD-A,
CL,2015-02-06,Spec Mnth30,spec,30,3630.0,3300.0,USD,CL_2008_to_present.pdf,20150528091914,OLD-A,
CL,2015-02-06,Spec Mnth31,spec,31,3630.0,3300.0,USD,CL_2008_to_present.pdf,20150528091914,OLD-A,
CL,2015-02-06,Spec Mnth32,spec,32,3520.0,3200.0,USD,CL_2008_to_present.pdf,20150528091914,OLD-A,
CL,2015-02-06,Spec Mnth33,spec,33,3520.0,3200.0,USD,CL_2008_to_present.pdf,20150528091914,OLD-A,
CL,2015-02-06,Spec Mnth34,spec,34,3520.0,3200.0,USD,CL_2008_to_present.pdf,20150528091914,OLD-A,
CL,2015-02-06,Spec Mnth35,spec,35,3520.0,3200.0,USD,CL_2008_to_present.pdf,20150528091914,OLD-A,
CL,2015-02-06,Spec Mnth36,spec,36,3520.0,3200.0,USD,CL_2008_to_present.pdf,20150528091914,OLD-A,
CL,2015-02-06,Spec Mnth37,spec,37,3520.0,3200.0,USD,CL_2008_to_present.pdf,20150528091914,OLD-A,
CL,2015-02-06,Spec Mnth38,spec,38,3520.0,3200.0,USD,CL_2008_to_present.pdf,20150528091914,OLD-A,
CL,2015-02-06,Spec Mnth39,spec,39,3520.0,3200.0,USD,CL_2008_to_present.pdf,20150528091914,OLD-A,
CL,2015-02-06,Spec Mnth40,spec,40,3520.0,3200.0,USD,CL_2008_to_present.pdf,20150528091914,OLD-A,
CL,2015-02-06,Spec Mnth41,spec,41,3520.0,3200.0,USD,CL_2008_to_present.pdf,20150528091914,OLD-A,
CL,2015-02-06,Spec Mnth42,spec,42,3520.0,3200.0,USD,CL_2008_to_present.pdf,20150528091914,OLD-A,
CL,2015-02-06,Spec Mnth43,spec,43,3520.0,3200.0,USD,CL_2008_to_present.pdf,20150528091914,OLD-A,
CL,2015-02-06,Spec Mnth44,spec,44,3520.0,3200.0,USD,CL_2008_to_present.pdf,20150528091914,OLD-A,
CL,2015-02-06,Spec Mnth45,spec,45,3520.0,3200.0,USD,CL_2008_to_present.pdf,20150528091914,OLD-A,
CL,2015-02-06,Spec Mnth46,spec,46,3520.0,3200.0,USD,CL_2008_to_present.pdf,20150528091914,OLD-A,
CL,2015-02-06,Spec Mnth47,spec,47,3520.0,3200.0,USD,CL_2008_to_present.pdf,20150528091914,OLD-A,
CL,2015-02-06,Spec Mnth48,spec,48,3520.0,3200.0,USD,CL_2008_to_present.pdf,20150528091914,OLD-A,
CL,2015-02-06,Spec Mnth49,spec,49,3520.0,3200.0,USD,CL_2008_to_present.pdf,20150528091914,OLD-A,
CL,2015-02-06,Spec Mnth50,spec,50,3520.0,3200.0,USD,CL_2008_to_present.pdf,20150528091914,OLD-A,
CL,2015-02-06,Spec Mnth51,spec,51,3520.0,3200.0,USD,CL_2008_to_present.pdf,20150528091914,OLD-A,
CL,2015-02-06,Spec Mnth52,spec,52,3520.0,3200.0,USD,CL_2008_to_present.pdf,20150528091914,OLD-A,
CL,2015-02-06,Spec Mnth53,spec,53,3520.0,3200.0,USD,CL_2008_to_present.pdf,20150528091914,OLD-A,
CL,2015-02-06,Spec Mnth54,spec,54,3520.0,3200.0,USD,CL_2008_to_present.pdf,20150528091914,OLD-A,
CL,2015-02-06,Spec Mnth55,spec,55,3520.0,3200.0,USD,CL_2008_to_present.pdf,20150528091914,OLD-A,
CL,2015-02-06,Spec Mnth56,spec,56,3520.0,3200.0,USD,CL_2008_to_present.pdf,20150528091914,OLD-A,
CL,2015-02-06,Spec Mnth57,spec,57,3520.0,3200.0,USD,CL_2008_to_present.pdf,20150528091914,OLD-A,
CL,2015-02-06,Spec Mnth58,spec,58,3520.0,3200.0,USD,CL_2008_to_present.pdf,20150528091914,OLD-A,
CL,2015-02-06,Spec Mnth59,spec,59,3520.0,3200.0,USD,CL_2008_to_present.pdf,20150528091914,OLD-A,
CL,2015-02-06,Spec Mnth60,spec,60,3520.0,3200.0,USD,CL_2008_to_present.pdf,20150528091914,OLD-A,
CL,2015-02-06,Spec Mnth61,spec,61,3520.0,3200.0,USD,CL_2008_to_present.pdf,20150528091914,OLD-A,
CL,2015-02-06,Spec Mnth62,spec,62,3520.0,3200.0,USD,CL_2008_to_present.pdf,20150528091914,OLD-A,
CL,2015-02-06,Spec Mnth63,spec,63,3520.0,3200.0,USD,CL_2008_to_present.pdf,20150528091914,OLD-A,
CL,2015-02-06,Spec Mnth64,spec,64,3520.0,3200.0,USD,CL_2008_to_present.pdf,20150528091914,OLD-A,
CL,2015-02-06,Spec Mnth65+,spec,65,3520.0,3200.0,USD,CL_2008_to_present.pdf,20150528091914,OLD-A,
GC,2009-01-08,Hedge/Member,hedge/member,1,4302.0,4302.0,USD,GC_2009_to_august_2011.pdf,20120627071902,OLD-A,
GC,2009-01-08,Spec,spec,1,5807.7,4302.0,USD,GC_2009_to_august_2011.pdf,20120627071902,OLD-A,initial_restated
GC,2009-01-22,Hedge/Member,hedge/member,1,3999.0,3999.0,USD,GC_2009_to_august_2011.pdf,20120627071902,OLD-A,
GC,2009-01-22,Spec,spec,1,5398.65,3999.0,USD,GC_2009_to_august_2011.pdf,20120627071902,OLD-A,initial_restated
GC,2009-08-21,Hedge/Member,hedge/member,1,3333.0,3333.0,USD,GC_2009_to_august_2011.pdf,20120627071902,OLD-A,
GC,2009-08-21,Spec,spec,1,4499.55,3333.0,USD,GC_2009_to_august_2011.pdf,20120627071902,OLD-A,initial_restated
GC,2009-12-15,Hedge/Member,hedge/member,1,4002.0,4002.0,USD,GC_2009_to_august_2011.pdf,20120627071902,OLD-A,
GC,2009-12-15,Spec,spec,1,5402.7,4002.0,USD,GC_2009_to_august_2011.pdf,20120627071902,OLD-A,initial_restated
GC,2010-02-12,Hedge/Member,hedge/member,1,4998.0,4998.0,USD,GC_2009_to_august_2011.pdf,20120627071902,OLD-A,
GC,2010-02-12,Spec,spec,1,6747.3,4998.0,USD,GC_2009_to_august_2011.pdf,20120627071902,OLD-A,initial_restated
GC,2010-03-02,Hedge/Member Tier 1,hedge/member,1,4998.0,4998.0,USD,GC_2009_to_august_2011.pdf,20120627071902,OLD-A,
GC,2010-03-02,Hedge/Member Tier 2,hedge/member,2,4998.0,4998.0,USD,GC_2009_to_august_2011.pdf,20120627071902,OLD-A,
GC,2010-03-02,Spec Tier 1,spec,1,6747.3,4998.0,USD,GC_2009_to_august_2011.pdf,20120627071902,OLD-A,initial_restated
GC,2010-03-02,Spec Tier 2,spec,2,6747.3,4998.0,USD,GC_2009_to_august_2011.pdf,20120627071902,OLD-A,initial_restated
GC,2010-04-30,Hedge/Member Tier 1,hedge/member,1,4251.0,4251.0,USD,GC_2009_to_august_2011.pdf,20120627071902,OLD-A,
GC,2010-04-30,Hedge/Member Tier 2,hedge/member,2,4251.0,4251.0,USD,GC_2009_to_august_2011.pdf,20120627071902,OLD-A,
GC,2010-04-30,Spec Tier 1,spec,1,5738.85,4251.0,USD,GC_2009_to_august_2011.pdf,20120627071902,OLD-A,initial_restated
GC,2010-04-30,Spec Tier 2,spec,2,5738.85,4251.0,USD,GC_2009_to_august_2011.pdf,20120627071902,OLD-A,initial_restated
GC,2010-10-01,Hedge/Member Tier 3,hedge/member,1,4251.0,4251.0,USD,GC_2009_to_august_2011.pdf,20120627071902,OLD-A,
GC,2010-10-01,Spec Tier 3,spec,1,5738.85,4251.0,USD,GC_2009_to_august_2011.pdf,20120627071902,OLD-A,initial_restated
GC,2010-11-16,Hedge/Member Tier 1,hedge/member,1,4500.0,4500.0,USD,GC_2009_to_august_2011.pdf,20120627071902,OLD-A,
GC,2010-11-16,Hedge/Member Tier 2,hedge/member,2,4500.0,4500.0,USD,GC_2009_to_august_2011.pdf,20120627071902,OLD-A,
GC,2010-11-16,Hedge/Member Tier 3,hedge/member,3,4500.0,4500.0,USD,GC_2009_to_august_2011.pdf,20120627071902,OLD-A,
GC,2010-11-16,Spec Tier 1,spec,1,6075.0,4500.0,USD,GC_2009_to_august_2011.pdf,20120627071902,OLD-A,initial_restated
GC,2010-11-16,Spec Tier 2,spec,2,6075.0,4500.0,USD,GC_2009_to_august_2011.pdf,20120627071902,OLD-A,initial_restated
GC,2010-11-16,Spec Tier 3,spec,3,6075.0,4500.0,USD,GC_2009_to_august_2011.pdf,20120627071902,OLD-A,initial_restated
GC,2011-01-21,Hedge/Member Tier 1,hedge/member,1,5001.0,5001.0,USD,GC_2009_to_august_2011.pdf,20120627071902,OLD-A,
GC,2011-01-21,Hedge/Member Tier 2,hedge/member,2,5001.0,5001.0,USD,GC_2009_to_august_2011.pdf,20120627071902,OLD-A,
GC,2011-01-21,Hedge/Member Tier 3,hedge/member,3,5001.0,5001.0,USD,GC_2009_to_august_2011.pdf,20120627071902,OLD-A,
GC,2011-01-21,Spec Tier 1,spec,1,6751.35,5001.0,USD,GC_2009_to_august_2011.pdf,20120627071902,OLD-A,initial_restated
GC,2011-01-21,Spec Tier 2,spec,2,6751.35,5001.0,USD,GC_2009_to_august_2011.pdf,20120627071902,OLD-A,initial_restated
GC,2011-01-21,Spec Tier 3,spec,3,6751.35,5001.0,USD,GC_2009_to_august_2011.pdf,20120627071902,OLD-A,initial_restated
GC,2011-02-04,Hedge/Member Tier 4,hedge/member,1,5001.0,5001.0,USD,GC_2009_to_august_2011.pdf,20120627071902,OLD-A,
GC,2011-02-04,Spec Tier 4,spec,1,6751.35,5001.0,USD,GC_2009_to_august_2011.pdf,20120627071902,OLD-A,initial_restated
GC,2011-06-20,Hedge/Member Tier 1,hedge/member,1,4500.0,4500.0,USD,GC_2009_to_august_2011.pdf,20120627071902,OLD-A,
GC,2011-06-20,Hedge/Member Tier 2,hedge/member,2,4500.0,4500.0,USD,GC_2009_to_august_2011.pdf,20120627071902,OLD-A,
GC,2011-06-20,Hedge/Member Tier 3,hedge/member,3,4500.0,4500.0,USD,GC_2009_to_august_2011.pdf,20120627071902,OLD-A,
GC,2011-06-20,Hedge/Member Tier 4,hedge/member,4,4500.0,4500.0,USD,GC_2009_to_august_2011.pdf,20120627071902,OLD-A,
GC,2011-06-20,Spec Tier 1,spec,1,6075.0,4500.0,USD,GC_2009_to_august_2011.pdf,20120627071902,OLD-A,initial_restated
GC,2011-06-20,Spec Tier 2,spec,2,6075.0,4500.0,USD,GC_2009_to_august_2011.pdf,20120627071902,OLD-A,initial_restated
GC,2011-06-20,Spec Tier 3,spec,3,6075.0,4500.0,USD,GC_2009_to_august_2011.pdf,20120627071902,OLD-A,initial_restated
GC,2011-06-20,Spec Tier 4,spec,4,6075.0,4500.0,USD,GC_2009_to_august_2011.pdf,20120627071902,OLD-A,initial_restated
GC,2011-08-11,Hedge/Member Tier 1,hedge/member,1,5500.0,5500.0,USD,GC_2009_to_august_2011.pdf,20120627071902,OLD-A,
GC,2011-08-11,Hedge/Member Tier 2,hedge/member,2,5500.0,5500.0,USD,GC_2009_to_august_2011.pdf,20120627071902,OLD-A,
GC,2011-08-11,Hedge/Member Tier 3,hedge/member,3,5500.0,5500.0,USD,GC_2009_to_august_2011.pdf,20120627071902,OLD-A,
GC,2011-08-11,Hedge/Member Tier 4,hedge/member,4,5500.0,5500.0,USD,GC_2009_to_august_2011.pdf,20120627071902,OLD-A,
GC,2011-08-11,Spec Tier 1,spec,1,7425.0,5500.0,USD,GC_2009_to_august_2011.pdf,20120627071902,OLD-A,initial_restated
GC,2011-08-11,Spec Tier 2,spec,2,7425.0,5500.0,USD,GC_2009_to_august_2011.pdf,20120627071902,OLD-A,initial_restated
GC,2011-08-11,Spec Tier 3,spec,3,7425.0,5500.0,USD,GC_2009_to_august_2011.pdf,20120627071902,OLD-A,initial_restated
GC,2011-08-11,Spec Tier 4,spec,4,7425.0,5500.0,USD,GC_2009_to_august_2011.pdf,20120627071902,OLD-A,initial_restated
GC,2011-08-25,Hedge/Member Mths 1-4,hedge/member,1,7000.0,7000.0,USD,GC_2009-2011.pdf,20121109075714,OLD-A,
GC,2011-08-25,Hedge/Member Mths 5-6,hedge/member,2,7000.0,7000.0,USD,GC_2009-2011.pdf,20121109075714,OLD-A,
GC,2011-08-25,Hedge/Member Mths 7-12,hedge/member,3,7000.0,7000.0,USD,GC_2009-2011.pdf,20121109075714,OLD-A,
GC,2011-08-25,Hedge/Member Mths 13+,hedge/member,4,7000.0,7000.0,USD,GC_2009-2011.pdf,20121109075714,OLD-A,
GC,2011-08-25,Spec Mths 1-4,spec,1,9450.0,7000.0,USD,GC_2009-2011.pdf,20121109075714,OLD-A,initial_restated
GC,2011-08-25,Spec Mths 5-6,spec,2,9450.0,7000.0,USD,GC_2009-2011.pdf,20121109075714,OLD-A,initial_restated
GC,2011-08-25,Spec Mths 7-12,spec,3,9450.0,7000.0,USD,GC_2009-2011.pdf,20121109075714,OLD-A,initial_restated
GC,2011-08-25,Spec Mths 13+,spec,4,9450.0,7000.0,USD,GC_2009-2011.pdf,20121109075714,OLD-A,initial_restated
GC,2011-09-26,Hedge/Member Mths 1-4,hedge/member,1,8500.0,8500.0,USD,GC_2009-2011.pdf,20121109075714,OLD-A,
GC,2011-09-26,Hedge/Member Mths 5-6,hedge/member,2,8500.0,8500.0,USD,GC_2009-2011.pdf,20121109075714,OLD-A,
GC,2011-09-26,Hedge/Member Mths 7-12,hedge/member,3,8500.0,8500.0,USD,GC_2009-2011.pdf,20121109075714,OLD-A,
GC,2011-09-26,Hedge/Member Mths 13+,hedge/member,4,8500.0,8500.0,USD,GC_2009-2011.pdf,20121109075714,OLD-A,
GC,2011-09-26,Spec Mths 1-4,spec,1,11475.0,8500.0,USD,GC_2009-2011.pdf,20121109075714,OLD-A,initial_restated
GC,2011-09-26,Spec Mths 5-6,spec,2,11475.0,8500.0,USD,GC_2009-2011.pdf,20121109075714,OLD-A,initial_restated
GC,2011-09-26,Spec Mths 7-12,spec,3,11475.0,8500.0,USD,GC_2009-2011.pdf,20121109075714,OLD-A,initial_restated
GC,2011-09-26,Spec Mths 13+,spec,4,11475.0,8500.0,USD,GC_2009-2011.pdf,20121109075714,OLD-A,initial_restated
GC,2012-02-13,Hedge/Member Mths 1-4,hedge/member,1,7500.0,7500.0,USD,GC_2009-2011.pdf,20121109075714,OLD-A,
GC,2012-02-13,Hedge/Member Mths 5-6,hedge/member,2,7500.0,7500.0,USD,GC_2009-2011.pdf,20121109075714,OLD-A,
GC,2012-02-13,Hedge/Member Mths 7-12,hedge/member,3,7500.0,7500.0,USD,GC_2009-2011.pdf,20121109075714,OLD-A,
GC,2012-02-13,Hedge/Member Mths 13+,hedge/member,4,7500.0,7500.0,USD,GC_2009-2011.pdf,20121109075714,OLD-A,
GC,2012-02-13,Spec Mths 1-4,spec,1,10125.0,7500.0,USD,GC_2009-2011.pdf,20121109075714,OLD-A,initial_restated
GC,2012-02-13,Spec Mths 5-6,spec,2,10125.0,7500.0,USD,GC_2009-2011.pdf,20121109075714,OLD-A,initial_restated
GC,2012-02-13,Spec Mths 7-12,spec,3,10125.0,7500.0,USD,GC_2009-2011.pdf,20121109075714,OLD-A,initial_restated
GC,2012-02-13,Spec Mths 13+,spec,4,10125.0,7500.0,USD,GC_2009-2011.pdf,20121109075714,OLD-A,initial_restated
GC,2012-05-29,Hedge/Member Mths 1-4,hedge/member,1,6750.0,6750.0,USD,GC_2009-2011.pdf,20121109075714,OLD-A,
GC,2012-05-29,Hedge/Member Mths 5-6,hedge/member,2,6750.0,6750.0,USD,GC_2009-2011.pdf,20121109075714,OLD-A,
GC,2012-05-29,Hedge/Member Mths 7-12,hedge/member,3,6750.0,6750.0,USD,GC_2009-2011.pdf,20121109075714,OLD-A,
GC,2012-05-29,Hedge/Member Mths 13+,hedge/member,4,6750.0,6750.0,USD,GC_2009-2011.pdf,20121109075714,OLD-A,
GC,2012-05-29,Spec Mths 1-4,spec,1,9112.5,6750.0,USD,GC_2009-2011.pdf,20121109075714,OLD-A,initial_restated
GC,2012-05-29,Spec Mths 5-6,spec,2,9112.5,6750.0,USD,GC_2009-2011.pdf,20121109075714,OLD-A,initial_restated
GC,2012-05-29,Spec Mths 7-12,spec,3,9112.5,6750.0,USD,GC_2009-2011.pdf,20121109075714,OLD-A,initial_restated
GC,2012-05-29,Spec Mths 13+,spec,4,9112.5,6750.0,USD,GC_2009-2011.pdf,20121109075714,OLD-A,initial_restated
GC,2012-11-20,Hedge/Member Mths 1-4,hedge/member,1,6750.0,6750.0,USD,GC_2009_to_present.pdf,20140828163145,OLD-A,
GC,2012-11-20,Spec Mths 1-4,spec,1,7425.0,6750.0,USD,GC_2009_to_present.pdf,20140828163145,OLD-A,
GC,2013-01-02,Hedge/Member Mths 1-4,hedge/member,1,6000.0,6000.0,USD,GC_2009_to_present.pdf,20140828163145,OLD-A,
GC,2013-01-02,Hedge/Member Mths 5-6,hedge/member,2,6000.0,6000.0,USD,GC_2009_to_present.pdf,20140828163145,OLD-A,
GC,2013-01-02,Hedge/Member Mths 7-12,hedge/member,3,6000.0,6000.0,USD,GC_2009_to_present.pdf,20140828163145,OLD-A,
GC,2013-01-02,Hedge/Member Mths 13-16,hedge/member,4,6000.0,6000.0,USD,GC_2009_to_present.pdf,20140828163145,OLD-A,
GC,2013-01-02,Spec Mths 1-4,spec,1,6600.0,6000.0,USD,GC_2009_to_present.pdf,20140828163145,OLD-A,
GC,2013-01-02,Spec Mths 5-6,spec,2,6600.0,6000.0,USD,GC_2009_to_present.pdf,20140828163145,OLD-A,
GC,2013-01-02,Spec Mths 7-12,spec,3,6600.0,6000.0,USD,GC_2009_to_present.pdf,20140828163145,OLD-A,
GC,2013-01-02,Spec Mths 13-16,spec,4,6600.0,6000.0,USD,GC_2009_to_present.pdf,20140828163145,OLD-A,
GC,2013-02-12,Hedge/Member Mths 1-4,hedge/member,1,5400.0,5400.0,USD,GC_2009_to_present.pdf,20140828163145,OLD-A,
GC,2013-02-12,Hedge/Member Mths 5-6,hedge/member,2,5400.0,5400.0,USD,GC_2009_to_present.pdf,20140828163145,OLD-A,
GC,2013-02-12,Hedge/Member Mths 7-12,hedge/member,3,5400.0,5400.0,USD,GC_2009_to_present.pdf,20140828163145,OLD-A,
GC,2013-02-12,Hedge/Member Mths 13-16,hedge/member,4,5400.0,5400.0,USD,GC_2009_to_present.pdf,20140828163145,OLD-A,
GC,2013-02-12,Spec Mths 1-4,spec,1,5940.0,5400.0,USD,GC_2009_to_present.pdf,20140828163145,OLD-A,
GC,2013-02-12,Spec Mths 5-6,spec,2,5940.0,5400.0,USD,GC_2009_to_present.pdf,20140828163145,OLD-A,
GC,2013-02-12,Spec Mths 7-12,spec,3,5940.0,5400.0,USD,GC_2009_to_present.pdf,20140828163145,OLD-A,
GC,2013-02-12,Spec Mths 13-16,spec,4,5940.0,5400.0,USD,GC_2009_to_present.pdf,20140828163145,OLD-A,
GC,2013-04-16,Hedge/Member Mths 1-4,hedge/member,1,6400.0,6400.0,USD,GC_2009_to_present.pdf,20140828163145,OLD-A,
GC,2013-04-16,Hedge/Member Mths 5-6,hedge/member,2,6400.0,6400.0,USD,GC_2009_to_present.pdf,20140828163145,OLD-A,
GC,2013-04-16,Hedge/Member Mths 7-12,hedge/member,3,6400.0,6400.0,USD,GC_2009_to_present.pdf,20140828163145,OLD-A,
GC,2013-04-16,Hedge/Member Mths 13-16,hedge/member,4,6400.0,6400.0,USD,GC_2009_to_present.pdf,20140828163145,OLD-A,
GC,2013-04-16,Spec Mths 1-4,spec,1,7040.0,6400.0,USD,GC_2009_to_present.pdf,20140828163145,OLD-A,
GC,2013-04-16,Spec Mths 5-6,spec,2,7040.0,6400.0,USD,GC_2009_to_present.pdf,20140828163145,OLD-A,
GC,2013-04-16,Spec Mths 7-12,spec,3,7040.0,6400.0,USD,GC_2009_to_present.pdf,20140828163145,OLD-A,
GC,2013-04-16,Spec Mths 13-16,spec,4,7040.0,6400.0,USD,GC_2009_to_present.pdf,20140828163145,OLD-A,
GC,2013-06-21,Hedge/Member Mths 1-4,hedge/member,1,8000.0,8000.0,USD,GC_2009_to_present.pdf,20140828163145,OLD-A,
GC,2013-06-21,Hedge/Member Mths 5-6,hedge/member,2,8000.0,8000.0,USD,GC_2009_to_present.pdf,20140828163145,OLD-A,
GC,2013-06-21,Hedge/Member Mths 7-12,hedge/member,3,8000.0,8000.0,USD,GC_2009_to_present.pdf,20140828163145,OLD-A,
GC,2013-06-21,Hedge/Member Mths 13-16,hedge/member,4,8000.0,8000.0,USD,GC_2009_to_present.pdf,20140828163145,OLD-A,
GC,2013-06-21,Spec Mths 1-4,spec,1,8800.0,8000.0,USD,GC_2009_to_present.pdf,20140828163145,OLD-A,
GC,2013-06-21,Spec Mths 5-6,spec,2,8800.0,8000.0,USD,GC_2009_to_present.pdf,20140828163145,OLD-A,
GC,2013-06-21,Spec Mths 7-12,spec,3,8800.0,8000.0,USD,GC_2009_to_present.pdf,20140828163145,OLD-A,
GC,2013-06-21,Spec Mths 13-16,spec,4,8800.0,8000.0,USD,GC_2009_to_present.pdf,20140828163145,OLD-A,
GC,2013-11-22,Hedge/Member Mths 1-4,hedge/member,1,7250.0,7250.0,USD,GC_2009_to_present.pdf,20140828163145,OLD-A,
GC,2013-11-22,Hedge/Member Mths 5-6,hedge/member,2,7250.0,7250.0,USD,GC_2009_to_present.pdf,20140828163145,OLD-A,
GC,2013-11-22,Hedge/Member Mths 7-12,hedge/member,3,7250.0,7250.0,USD,GC_2009_to_present.pdf,20140828163145,OLD-A,
GC,2013-11-22,Hedge/Member Mths 13-16,hedge/member,4,7250.0,7250.0,USD,GC_2009_to_present.pdf,20140828163145,OLD-A,
GC,2013-11-22,Spec Mths 1-4,spec,1,7975.0,7250.0,USD,GC_2009_to_present.pdf,20140828163145,OLD-A,
GC,2013-11-22,Spec Mths 5-6,spec,2,7975.0,7250.0,USD,GC_2009_to_present.pdf,20140828163145,OLD-A,
GC,2013-11-22,Spec Mths 7-12,spec,3,7975.0,7250.0,USD,GC_2009_to_present.pdf,20140828163145,OLD-A,
GC,2013-11-22,Spec Mths 13-16,spec,4,7975.0,7250.0,USD,GC_2009_to_present.pdf,20140828163145,OLD-A,
GC,2014-04-04,Hedge/Member Mths 1-4,hedge/member,1,6500.0,6500.0,USD,GC_2009_to_present.pdf,20140828163145,OLD-A,
GC,2014-04-04,Hedge/Member Mths 5-6,hedge/member,2,6500.0,6500.0,USD,GC_2009_to_present.pdf,20140828163145,OLD-A,
GC,2014-04-04,Hedge/Member Mths 7-12,hedge/member,3,6500.0,6500.0,USD,GC_2009_to_present.pdf,20140828163145,OLD-A,
GC,2014-04-04,Hedge/Member Mths 13-16,hedge/member,4,6500.0,6500.0,USD,GC_2009_to_present.pdf,20140828163145,OLD-A,
GC,2014-04-04,Spec Mths 1-4,spec,1,7150.0,6500.0,USD,GC_2009_to_present.pdf,20140828163145,OLD-A,
GC,2014-04-04,Spec Mths 5-6,spec,2,7150.0,6500.0,USD,GC_2009_to_present.pdf,20140828163145,OLD-A,
GC,2014-04-04,Spec Mths 7-12,spec,3,7150.0,6500.0,USD,GC_2009_to_present.pdf,20140828163145,OLD-A,
GC,2014-04-04,Spec Mths 13-16,spec,4,7150.0,6500.0,USD,GC_2009_to_present.pdf,20140828163145,OLD-A,
GC,2014-05-16,Hedge/Member Mths 1-4,hedge/member,1,6000.0,6000.0,USD,GC_2008_to_present.pdf,20150528073842,OLD-A,
GC,2014-05-16,Hedge/Member Mths 5-6,hedge/member,2,6000.0,6000.0,USD,GC_2008_to_present.pdf,20150528073842,OLD-A,
GC,2014-05-16,Hedge/Member Mths 7-12,hedge/member,3,6000.0,6000.0,USD,GC_2008_to_present.pdf,20150528073842,OLD-A,
GC,2014-05-16,Hedge/Member Mths 13-16,hedge/member,4,6000.0,6000.0,USD,GC_2008_to_present.pdf,20150528073842,OLD-A,
GC,2014-05-16,Spec Mths 1-4,spec,1,6600.0,6000.0,USD,GC_2008_to_present.pdf,20150528073842,OLD-A,
GC,2014-05-16,Spec Mths 5-6,spec,2,6600.0,6000.0,USD,GC_2008_to_present.pdf,20150528073842,OLD-A,
GC,2014-05-16,Spec Mths 7-12,spec,3,6600.0,6000.0,USD,GC_2008_to_present.pdf,20150528073842,OLD-A,
GC,2014-05-16,Spec Mths 13-16,spec,4,6600.0,6000.0,USD,GC_2008_to_present.pdf,20150528073842,OLD-A,
GC,2014-06-04,Hedge/Member Mths 17+,hedge/member,1,6000.0,6000.0,USD,GC_2008_to_present.pdf,20150528073842,OLD-A,
GC,2014-06-04,Spec Mths 17+,spec,1,6600.0,6000.0,USD,GC_2008_to_present.pdf,20150528073842,OLD-A,
GC,2014-07-14,Hedge/Member Mths 1-4,hedge/member,1,5400.0,5400.0,USD,GC_2009_to_present.pdf,20140828163145,OLD-A,
GC,2014-07-14,Hedge/Member Mths 5-6,hedge/member,2,5400.0,5400.0,USD,GC_2009_to_present.pdf,20140828163145,OLD-A,
GC,2014-07-14,Hedge/Member Mths 7-12,hedge/member,3,5400.0,5400.0,USD,GC_2009_to_present.pdf,20140828163145,OLD-A,
GC,2014-07-14,Hedge/Member Mths 13-16,hedge/member,4,5400.0,5400.0,USD,GC_2009_to_present.pdf,20140828163145,OLD-A,
GC,2014-07-14,Hedge/Member Mths 17+,hedge/member,5,5400.0,5400.0,USD,GC_2009_to_present.pdf,20140828163145,OLD-A,
GC,2014-07-14,Spec Mths 1-4,spec,1,5940.0,5400.0,USD,GC_2009_to_present.pdf,20140828163145,OLD-A,
GC,2014-07-14,Spec Mths 5-6,spec,2,5940.0,5400.0,USD,GC_2009_to_present.pdf,20140828163145,OLD-A,
GC,2014-07-14,Spec Mths 7-12,spec,3,5940.0,5400.0,USD,GC_2009_to_present.pdf,20140828163145,OLD-A,
GC,2014-07-14,Spec Mths 13-16,spec,4,5940.0,5400.0,USD,GC_2009_to_present.pdf,20140828163145,OLD-A,
GC,2014-07-14,Spec Mths 17+,spec,5,5940.0,5400.0,USD,GC_2009_to_present.pdf,20140828163145,OLD-A,
GC,2014-08-22,Hedge/Member Mths 1-4,hedge/member,1,4600.0,4600.0,USD,GC_2008_to_present.pdf,20150528073842,OLD-A,
GC,2014-08-22,Hedge/Member Mths 5-6,hedge/member,2,4600.0,4600.0,USD,GC_2008_to_present.pdf,20150528073842,OLD-A,
GC,2014-08-22,Hedge/Member Mths 7-12,hedge/member,3,4600.0,4600.0,USD,GC_2008_to_present.pdf,20150528073842,OLD-A,
GC,2014-08-22,Hedge/Member Mths 13-16,hedge/member,4,4600.0,4600.0,USD,GC_2008_to_present.pdf,20150528073842,OLD-A,
GC,2014-08-22,Hedge/Member Mths 17+,hedge/member,5,4600.0,4600.0,USD,GC_2008_to_present.pdf,20150528073842,OLD-A,
GC,2014-08-22,Spec Mths 1-4,spec,1,5060.0,4600.0,USD,GC_2008_to_present.pdf,20150528073842,OLD-A,
GC,2014-08-22,Spec Mths 5-6,spec,2,5060.0,4600.0,USD,GC_2008_to_present.pdf,20150528073842,OLD-A,
GC,2014-08-22,Spec Mths 7-12,spec,3,5060.0,4600.0,USD,GC_2008_to_present.pdf,20150528073842,OLD-A,
GC,2014-08-22,Spec Mths 13-16,spec,4,5060.0,4600.0,USD,GC_2008_to_present.pdf,20150528073842,OLD-A,
GC,2014-08-22,Spec Mths 17+,spec,5,5060.0,4600.0,USD,GC_2008_to_present.pdf,20150528073842,OLD-A,
GC,2014-10-10,Hedge/Member Mths 1-4,hedge/member,1,4000.0,4000.0,USD,GC_2008_to_present.pdf,20150528073842,OLD-A,
GC,2014-10-10,Hedge/Member Mths 5-6,hedge/member,2,4000.0,4000.0,USD,GC_2008_to_present.pdf,20150528073842,OLD-A,
GC,2014-10-10,Hedge/Member Mths 7-12,hedge/member,3,4000.0,4000.0,USD,GC_2008_to_present.pdf,20150528073842,OLD-A,
GC,2014-10-10,Hedge/Member Mths 13-16,hedge/member,4,4000.0,4000.0,USD,GC_2008_to_present.pdf,20150528073842,OLD-A,
GC,2014-10-10,Hedge/Member Mths 17+,hedge/member,5,4000.0,4000.0,USD,GC_2008_to_present.pdf,20150528073842,OLD-A,
GC,2014-10-10,Spec Mths 1-4,spec,1,4400.0,4000.0,USD,GC_2008_to_present.pdf,20150528073842,OLD-A,
GC,2014-10-10,Spec Mths 5-6,spec,2,4400.0,4000.0,USD,GC_2008_to_present.pdf,20150528073842,OLD-A,
GC,2014-10-10,Spec Mths 7-12,spec,3,4400.0,4000.0,USD,GC_2008_to_present.pdf,20150528073842,OLD-A,
GC,2014-10-10,Spec Mths 13-16,spec,4,4400.0,4000.0,USD,GC_2008_to_present.pdf,20150528073842,OLD-A,
GC,2014-10-10,Spec Mths 17+,spec,5,4400.0,4000.0,USD,GC_2008_to_present.pdf,20150528073842,OLD-A,
GC,2015-05-22,Hedge/Member Mths 1-4,hedge/member,1,3750.0,3750.0,USD,GC_2008_to_present.pdf,20160909201258,OLD-A,
GC,2015-05-22,Hedge/Member Mths 5-6,hedge/member,2,3750.0,3750.0,USD,GC_2008_to_present.pdf,20160909201258,OLD-A,
GC,2015-05-22,Hedge/Member Mths 7-12,hedge/member,3,3750.0,3750.0,USD,GC_2008_to_present.pdf,20160909201258,OLD-A,
GC,2015-05-22,Hedge/Member Mths 13-16,hedge/member,4,3750.0,3750.0,USD,GC_2008_to_present.pdf,20160909201258,OLD-A,
GC,2015-05-22,Hedge/Member Mths 17+,hedge/member,5,3750.0,3750.0,USD,GC_2008_to_present.pdf,20160909201258,OLD-A,
GC,2015-05-22,Spec Mths 1-4,spec,1,4125.0,3750.0,USD,GC_2008_to_present.pdf,20160909201258,OLD-A,
GC,2015-05-22,Spec Mths 5-6,spec,2,4125.0,3750.0,USD,GC_2008_to_present.pdf,20160909201258,OLD-A,
GC,2015-05-22,Spec Mths 7-12,spec,3,4125.0,3750.0,USD,GC_2008_to_present.pdf,20160909201258,OLD-A,
GC,2015-05-22,Spec Mths 13-16,spec,4,4125.0,3750.0,USD,GC_2008_to_present.pdf,20160909201258,OLD-A,
GC,2015-05-22,Spec Mths 17+,spec,5,4125.0,3750.0,USD,GC_2008_to_present.pdf,20160909201258,OLD-A,
GC,2016-02-12,Hedge/Member Mths 1-4,hedge/member,1,4250.0,4250.0,USD,GC_2008_to_present.pdf,20160909201258,OLD-A,
GC,2016-02-12,Hedge/Member Mths 5-6,hedge/member,2,4250.0,4250.0,USD,GC_2008_to_present.pdf,20160909201258,OLD-A,
GC,2016-02-12,Hedge/Member Mths 7-12,hedge/member,3,4250.0,4250.0,USD,GC_2008_to_present.pdf,20160909201258,OLD-A,
GC,2016-02-12,Hedge/Member Mths 13-16,hedge/member,4,4250.0,4250.0,USD,GC_2008_to_present.pdf,20160909201258,OLD-A,
GC,2016-02-12,Hedge/Member Mths 17+,hedge/member,5,4250.0,4250.0,USD,GC_2008_to_present.pdf,20160909201258,OLD-A,
GC,2016-02-12,Spec Mths 1-4,spec,1,4675.0,4250.0,USD,GC_2008_to_present.pdf,20160909201258,OLD-A,
GC,2016-02-12,Spec Mths 5-6,spec,2,4675.0,4250.0,USD,GC_2008_to_present.pdf,20160909201258,OLD-A,
GC,2016-02-12,Spec Mths 7-12,spec,3,4675.0,4250.0,USD,GC_2008_to_present.pdf,20160909201258,OLD-A,
GC,2016-02-12,Spec Mths 13-16,spec,4,4675.0,4250.0,USD,GC_2008_to_present.pdf,20160909201258,OLD-A,
GC,2016-02-12,Spec Mths 17+,spec,5,4675.0,4250.0,USD,GC_2008_to_present.pdf,20160909201258,OLD-A,
GC,2016-02-26,Hedge/Member Mths 1-4,hedge/member,1,4500.0,4500.0,USD,GC_2008_to_present.pdf,20160909201258,OLD-A,
GC,2016-02-26,Hedge/Member Mths 5-6,hedge/member,2,4500.0,4500.0,USD,GC_2008_to_present.pdf,20160909201258,OLD-A,
GC,2016-02-26,Hedge/Member Mths 7-12,hedge/member,3,4500.0,4500.0,USD,GC_2008_to_present.pdf,20160909201258,OLD-A,
GC,2016-02-26,Hedge/Member Mths 13-16,hedge/member,4,4500.0,4500.0,USD,GC_2008_to_present.pdf,20160909201258,OLD-A,
GC,2016-02-26,Hedge/Member Mths 17+,hedge/member,5,4500.0,4500.0,USD,GC_2008_to_present.pdf,20160909201258,OLD-A,
GC,2016-02-26,Spec Mths 1-4,spec,1,4950.0,4500.0,USD,GC_2008_to_present.pdf,20160909201258,OLD-A,
GC,2016-02-26,Spec Mths 5-6,spec,2,4950.0,4500.0,USD,GC_2008_to_present.pdf,20160909201258,OLD-A,
GC,2016-02-26,Spec Mths 7-12,spec,3,4950.0,4500.0,USD,GC_2008_to_present.pdf,20160909201258,OLD-A,
GC,2016-02-26,Spec Mths 13-16,spec,4,4950.0,4500.0,USD,GC_2008_to_present.pdf,20160909201258,OLD-A,
GC,2016-02-26,Spec Mths 17+,spec,5,4950.0,4500.0,USD,GC_2008_to_present.pdf,20160909201258,OLD-A,
GC,2016-06-27,Hedge/Member Mths 1-4,hedge/member,1,5500.0,5500.0,USD,GC_2008_to_present.pdf,20160909201258,OLD-A,
GC,2016-06-27,Hedge/Member Mths 5-6,hedge/member,2,5500.0,5500.0,USD,GC_2008_to_present.pdf,20160909201258,OLD-A,
GC,2016-06-27,Hedge/Member Mths 7-12,hedge/member,3,5500.0,5500.0,USD,GC_2008_to_present.pdf,20160909201258,OLD-A,
GC,2016-06-27,Hedge/Member Mths 13-16,hedge/member,4,5500.0,5500.0,USD,GC_2008_to_present.pdf,20160909201258,OLD-A,
GC,2016-06-27,Hedge/Member Mths 17+,hedge/member,5,5500.0,5500.0,USD,GC_2008_to_present.pdf,20160909201258,OLD-A,
GC,2016-06-27,Spec Mths 1-4,spec,1,6050.0,5500.0,USD,GC_2008_to_present.pdf,20160909201258,OLD-A,
GC,2016-06-27,Spec Mths 5-6,spec,2,6050.0,5500.0,USD,GC_2008_to_present.pdf,20160909201258,OLD-A,
GC,2016-06-27,Spec Mths 7-12,spec,3,6050.0,5500.0,USD,GC_2008_to_present.pdf,20160909201258,OLD-A,
GC,2016-06-27,Spec Mths 13-16,spec,4,6050.0,5500.0,USD,GC_2008_to_present.pdf,20160909201258,OLD-A,
GC,2016-06-27,Spec Mths 17+,spec,5,6050.0,5500.0,USD,GC_2008_to_present.pdf,20160909201258,OLD-A,
GC,2016-07-01,Hedge/Member Mths 1-4,hedge/member,1,6000.0,6000.0,USD,GC_2008_to_present.pdf,20160909201258,OLD-A,
GC,2016-07-01,Hedge/Member Mths 5-6,hedge/member,2,6000.0,6000.0,USD,GC_2008_to_present.pdf,20160909201258,OLD-A,
GC,2016-07-01,Hedge/Member Mths 7-12,hedge/member,3,6000.0,6000.0,USD,GC_2008_to_present.pdf,20160909201258,OLD-A,
GC,2016-07-01,Hedge/Member Mths 13-16,hedge/member,4,6000.0,6000.0,USD,GC_2008_to_present.pdf,20160909201258,OLD-A,
GC,2016-07-01,Hedge/Member Mths 17+,hedge/member,5,6000.0,6000.0,USD,GC_2008_to_present.pdf,20160909201258,OLD-A,
GC,2016-07-01,Spec Mths 1-4,spec,1,6600.0,6000.0,USD,GC_2008_to_present.pdf,20160909201258,OLD-A,
GC,2016-07-01,Spec Mths 5-6,spec,2,6600.0,6000.0,USD,GC_2008_to_present.pdf,20160909201258,OLD-A,
GC,2016-07-01,Spec Mths 7-12,spec,3,6600.0,6000.0,USD,GC_2008_to_present.pdf,20160909201258,OLD-A,
GC,2016-07-01,Spec Mths 13-16,spec,4,6600.0,6000.0,USD,GC_2008_to_present.pdf,20160909201258,OLD-A,
GC,2016-07-01,Spec Mths 17+,spec,5,6600.0,6000.0,USD,GC_2008_to_present.pdf,20160909201258,OLD-A,
GC,2016-08-11,Hedge/Member Mnth1,hedge/member,1,6000.0,6000.0,USD,GC_2008_to_present.pdf,20160909201258,OLD-A,
GC,2016-08-11,Hedge/Member Mnth2,hedge/member,2,6000.0,6000.0,USD,GC_2008_to_present.pdf,20160909201258,OLD-A,
GC,2016-08-11,Hedge/Member Mnth3,hedge/member,3,6000.0,6000.0,USD,GC_2008_to_present.pdf,20160909201258,OLD-A,
GC,2016-08-11,Hedge/Member Mnth4,hedge/member,4,6000.0,6000.0,USD,GC_2008_to_present.pdf,20160909201258,OLD-A,
GC,2016-08-11,Hedge/Member Mnth5,hedge/member,5,6000.0,6000.0,USD,GC_2008_to_present.pdf,20160909201258,OLD-A,
GC,2016-08-11,Hedge/Member Mnth6,hedge/member,6,6000.0,6000.0,USD,GC_2008_to_present.pdf,20160909201258,OLD-A,
GC,2016-08-11,Hedge/Member Mnth7,hedge/member,7,6000.0,6000.0,USD,GC_2008_to_present.pdf,20160909201258,OLD-A,
GC,2016-08-11,Hedge/Member Mnth8,hedge/member,8,6000.0,6000.0,USD,GC_2008_to_present.pdf,20160909201258,OLD-A,
GC,2016-08-11,Hedge/Member Mnth9,hedge/member,9,6000.0,6000.0,USD,GC_2008_to_present.pdf,20160909201258,OLD-A,
GC,2016-08-11,Hedge/Member Mnth10,hedge/member,10,6000.0,6000.0,USD,GC_2008_to_present.pdf,20160909201258,OLD-A,
GC,2016-08-11,Hedge/Member Mnth11,hedge/member,11,6000.0,6000.0,USD,GC_2008_to_present.pdf,20160909201258,OLD-A,
GC,2016-08-11,Hedge/Member Mnth12,hedge/member,12,6000.0,6000.0,USD,GC_2008_to_present.pdf,20160909201258,OLD-A,
GC,2016-08-11,Hedge/Member Mnth13,hedge/member,13,6000.0,6000.0,USD,GC_2008_to_present.pdf,20160909201258,OLD-A,
GC,2016-08-11,Hedge/Member Mnth14,hedge/member,14,6000.0,6000.0,USD,GC_2008_to_present.pdf,20160909201258,OLD-A,
GC,2016-08-11,Hedge/Member Mnth15,hedge/member,15,6000.0,6000.0,USD,GC_2008_to_present.pdf,20160909201258,OLD-A,
GC,2016-08-11,Hedge/Member Mnth16,hedge/member,16,6000.0,6000.0,USD,GC_2008_to_present.pdf,20160909201258,OLD-A,
GC,2016-08-11,Hedge/Member Mnth17+,hedge/member,17,6000.0,6000.0,USD,GC_2008_to_present.pdf,20160909201258,OLD-A,
GC,2016-08-11,Spec Mnth1,spec,1,6600.0,6000.0,USD,GC_2008_to_present.pdf,20160909201258,OLD-A,
GC,2016-08-11,Spec Mnth2,spec,2,6600.0,6000.0,USD,GC_2008_to_present.pdf,20160909201258,OLD-A,
GC,2016-08-11,Spec Mnth3,spec,3,6600.0,6000.0,USD,GC_2008_to_present.pdf,20160909201258,OLD-A,
GC,2016-08-11,Spec Mnth4,spec,4,6600.0,6000.0,USD,GC_2008_to_present.pdf,20160909201258,OLD-A,
GC,2016-08-11,Spec Mnth5,spec,5,6600.0,6000.0,USD,GC_2008_to_present.pdf,20160909201258,OLD-A,
GC,2016-08-11,Spec Mnth6,spec,6,6600.0,6000.0,USD,GC_2008_to_present.pdf,20160909201258,OLD-A,
GC,2016-08-11,Spec Mnth7,spec,7,6600.0,6000.0,USD,GC_2008_to_present.pdf,20160909201258,OLD-A,
GC,2016-08-11,Spec Mnth8,spec,8,6600.0,6000.0,USD,GC_2008_to_present.pdf,20160909201258,OLD-A,
GC,2016-08-11,Spec Mnth9,spec,9,6600.0,6000.0,USD,GC_2008_to_present.pdf,20160909201258,OLD-A,
GC,2016-08-11,Spec Mnth10,spec,10,6600.0,6000.0,USD,GC_2008_to_present.pdf,20160909201258,OLD-A,
GC,2016-08-11,Spec Mnth11,spec,11,6600.0,6000.0,USD,GC_2008_to_present.pdf,20160909201258,OLD-A,
GC,2016-08-11,Spec Mnth12,spec,12,6600.0,6000.0,USD,GC_2008_to_present.pdf,20160909201258,OLD-A,
GC,2016-08-11,Spec Mnth13,spec,13,6600.0,6000.0,USD,GC_2008_to_present.pdf,20160909201258,OLD-A,
GC,2016-08-11,Spec Mnth14,spec,14,6600.0,6000.0,USD,GC_2008_to_present.pdf,20160909201258,OLD-A,
GC,2016-08-11,Spec Mnth15,spec,15,6600.0,6000.0,USD,GC_2008_to_present.pdf,20160909201258,OLD-A,
GC,2016-08-11,Spec Mnth16,spec,16,6600.0,6000.0,USD,GC_2008_to_present.pdf,20160909201258,OLD-A,
GC,2016-08-11,Spec Mnth17+,spec,17,6600.0,6000.0,USD,GC_2008_to_present.pdf,20160909201258,OLD-A,
HG,2009-01-08,Hedge/Member,hedge/member,1,5750.0,5750.0,USD,HG_2009_to_present.pdf,20121109075740,OLD-A,
HG,2009-01-08,Spec,spec,1,7762.5,5750.0,USD,HG_2009_to_present.pdf,20121109075740,OLD-A,initial_restated
HG,2009-08-21,Hedge/Member,hedge/member,1,4500.0,4500.0,USD,HG_2009_to_present.pdf,20121109075740,OLD-A,
HG,2009-08-21,Spec,spec,1,6075.0,4500.0,USD,HG_2009_to_present.pdf,20121109075740,OLD-A,initial_restated
HG,2009-12-15,Hedge/Member,hedge/member,1,3500.0,3500.0,USD,HG_2009_to_present.pdf,20121109075740,OLD-A,
HG,2009-12-15,Spec,spec,1,4725.0,3500.0,USD,HG_2009_to_present.pdf,20121109075740,OLD-A,initial_restated
HG,2010-04-30,Hedge/Member,hedge/member,1,4250.0,4250.0,USD,HG_2009_to_present.pdf,20121109075740,OLD-A,
HG,2010-04-30,Spec,spec,1,5737.5,4250.0,USD,HG_2009_to_present.pdf,20121109075740,OLD-A,initial_restated
HG,2010-06-07,Hedge/Member,hedge/member,1,5000.0,5000.0,USD,HG_2009_to_present.pdf,20121109075740,OLD-A,
HG,2010-06-07,Spec,spec,1,6750.0,5000.0,USD,HG_2009_to_present.pdf,20121109075740,OLD-A,initial_restated
HG,2010-09-02,Hedge/Member,hedge/member,1,4000.0,4000.0,USD,HG_2009_to_present.pdf,20121109075740,OLD-A,
HG,2010-09-02,Spec,spec,1,5400.0,4000.0,USD,HG_2009_to_present.pdf,20121109075740,OLD-A,initial_restated
HG,2010-12-17,Hedge/Member,hedge/member,1,4750.0,4750.0,USD,HG_2009_to_present.pdf,20121109075740,OLD-A,
HG,2010-12-17,Spec,spec,1,6412.5,4750.0,USD,HG_2009_to_present.pdf,20121109075740,OLD-A,initial_restated
HG,2011-01-21,Hedge/Member,hedge/member,1,4250.0,4250.0,USD,HG_2009_to_present.pdf,20121109075740,OLD-A,
HG,2011-01-21,Spec,spec,1,5737.5,4250.0,USD,HG_2009_to_present.pdf,20121109075740,OLD-A,initial_restated
HG,2011-07-01,Hedge/Member Mths 1-4,hedge/member,1,4250.0,4250.0,USD,HG_2009_to_present.pdf,20121109075740,OLD-A,
HG,2011-07-01,Hedge/Member Mths 5+,hedge/member,2,4250.0,4250.0,USD,HG_2009_to_present.pdf,20121109075740,OLD-A,
HG,2011-07-01,Spec Mths 1-4,spec,1,5737.5,4250.0,USD,HG_2009_to_present.pdf,20121109075740,OLD-A,initial_restated
HG,2011-07-01,Spec Mths 5+,spec,2,5737.5,4250.0,USD,HG_2009_to_present.pdf,20121109075740,OLD-A,initial_restated
HG,2011-09-26,Hedge/Member Mths 1-4,hedge/member,1,5000.0,5000.0,USD,HG_2009_to_present.pdf,20121109075740,OLD-A,
HG,2011-09-26,Hedge/Member Mths 5+,hedge/member,2,5000.0,5000.0,USD,HG_2009_to_present.pdf,20121109075740,OLD-A,
HG,2011-09-26,Spec Mths 1-4,spec,1,6750.0,5000.0,USD,HG_2009_to_present.pdf,20121109075740,OLD-A,initial_restated
HG,2011-09-26,Spec Mths 5+,spec,2,6750.0,5000.0,USD,HG_2009_to_present.pdf,20121109075740,OLD-A,initial_restated
HG,2011-10-04,Hedge/Member Mths 1-4,hedge/member,1,5750.0,5750.0,USD,HG_2009_to_present.pdf,20121109075740,OLD-A,
HG,2011-10-04,Spec Mths 1-4,spec,1,7762.5,5750.0,USD,HG_2009_to_present.pdf,20121109075740,OLD-A,initial_restated
HG,2011-10-06,Hedge/Member Mths 5+,hedge/member,1,5750.0,5750.0,USD,HG_2009_to_present.pdf,20121109075740,OLD-A,
HG,2011-10-06,Spec Mths 5+,spec,1,7762.5,5750.0,USD,HG_2009_to_present.pdf,20121109075740,OLD-A,initial_restated
HG,2012-02-13,Hedge/Member Mths 1-4,hedge/member,1,5000.0,5000.0,USD,HG_2009_to_present.pdf,20121109075740,OLD-A,
HG,2012-02-13,Hedge/Member Mths 5+,hedge/member,2,5000.0,5000.0,USD,HG_2009_to_present.pdf,20121109075740,OLD-A,
HG,2012-02-13,Spec Mths 1-4,spec,1,6750.0,5000.0,USD,HG_2009_to_present.pdf,20121109075740,OLD-A,initial_restated
HG,2012-02-13,Spec Mths 5+,spec,2,6750.0,5000.0,USD,HG_2009_to_present.pdf,20121109075740,OLD-A,initial_restated
HG,2012-04-16,Hedge/Member Mths 1-4,hedge/member,1,4000.0,4000.0,USD,HG_2009_to_present.pdf,20121109075740,OLD-A,
HG,2012-04-16,Hedge/Member Mths 5+,hedge/member,2,4000.0,4000.0,USD,HG_2009_to_present.pdf,20121109075740,OLD-A,
HG,2012-04-16,Spec Mths 1-4,spec,1,5400.0,4000.0,USD,HG_2009_to_present.pdf,20121109075740,OLD-A,initial_restated
HG,2012-04-16,Spec Mths 5+,spec,2,5400.0,4000.0,USD,HG_2009_to_present.pdf,20121109075740,OLD-A,initial_restated
HG,2012-11-20,Hedge/Member Mths 1-4,hedge/member,1,3500.0,3500.0,USD,HG_2009_to_present.pdf,20130326062833,OLD-A,
HG,2012-11-20,Hedge/Member Mths 5+,hedge/member,2,3500.0,3500.0,USD,HG_2009_to_present.pdf,20130326062833,OLD-A,
HG,2012-11-20,Spec Mths 1-4,spec,1,3850.0,3500.0,USD,HG_2009_to_present.pdf,20130326062833,OLD-A,
HG,2012-11-20,Spec Mths 5+,spec,2,3850.0,3500.0,USD,HG_2009_to_present.pdf,20130326062833,OLD-A,
HG,2013-02-12,Hedge/Member Mths 1-4,hedge/member,1,3100.0,3100.0,USD,HG_2009_to_present.pdf,20130326062833,OLD-A,
HG,2013-02-12,Hedge/Member Mths 5+,hedge/member,2,3100.0,3100.0,USD,HG_2009_to_present.pdf,20130326062833,OLD-A,
HG,2013-02-12,Spec Mths 1-4,spec,1,3410.0,3100.0,USD,HG_2009_to_present.pdf,20130326062833,OLD-A,
HG,2013-02-12,Spec Mths 5+,spec,2,3410.0,3100.0,USD,HG_2009_to_present.pdf,20130326062833,OLD-A,
HG,2013-05-07,Hedge/Member Mths 1-4,hedge/member,1,3700.0,3700.0,USD,HG_2009_to_present.pdf,20140826123833,OLD-A,
HG,2013-05-07,Hedge/Member Mths 5+,hedge/member,2,3700.0,3700.0,USD,HG_2009_to_present.pdf,20140826123833,OLD-A,
HG,2013-05-07,Spec Mths 1-4,spec,1,4070.0,3700.0,USD,HG_2009_to_present.pdf,20140826123833,OLD-A,
HG,2013-05-07,Spec Mths 5+,spec,2,4070.0,3700.0,USD,HG_2009_to_present.pdf,20140826123833,OLD-A,
HG,2013-06-04,Hedge/Member Mths 1-4,hedge/member,1,4000.0,4000.0,USD,HG_2009_to_present.pdf,20140826123833,OLD-A,
HG,2013-06-04,Hedge/Member Mths 5+,hedge/member,2,4000.0,4000.0,USD,HG_2009_to_present.pdf,20140826123833,OLD-A,
HG,2013-06-04,Spec Mths 1-4,spec,1,4400.0,4000.0,USD,HG_2009_to_present.pdf,20140826123833,OLD-A,
HG,2013-06-04,Spec Mths 5+,spec,2,4400.0,4000.0,USD,HG_2009_to_present.pdf,20140826123833,OLD-A,
HG,2013-09-10,Hedge/Member Mths 1-4,hedge/member,1,3500.0,3500.0,USD,HG_2009_to_present.pdf,20140826123833,OLD-A,
HG,2013-09-10,Hedge/Member Mths 5+,hedge/member,2,3500.0,3500.0,USD,HG_2009_to_present.pdf,20140826123833,OLD-A,
HG,2013-09-10,Spec Mths 1-4,spec,1,3850.0,3500.0,USD,HG_2009_to_present.pdf,20140826123833,OLD-A,
HG,2013-09-10,Spec Mths 5+,spec,2,3850.0,3500.0,USD,HG_2009_to_present.pdf,20140826123833,OLD-A,
HG,2013-11-22,Hedge/Member Mths 1-4,hedge/member,1,3000.0,3000.0,USD,HG_2008_to_present.pdf,20150528080103,OLD-A,
HG,2013-11-22,Hedge/Member Mths 5+,hedge/member,2,3000.0,3000.0,USD,HG_2008_to_present.pdf,20150528080103,OLD-A,
HG,2013-11-22,Spec Mths 1-4,spec,1,3300.0,3000.0,USD,HG_2008_to_present.pdf,20150528080103,OLD-A,
HG,2013-11-22,Spec Mths 5+,spec,2,3300.0,3000.0,USD,HG_2008_to_present.pdf,20150528080103,OLD-A,
HG,2014-07-14,Hedge/Member Mths 1-4,hedge/member,1,2700.0,2700.0,USD,HG_2009_to_present.pdf,20140826123833,OLD-A,
HG,2014-07-14,Hedge/Member Mths 5+,hedge/member,2,2700.0,2700.0,USD,HG_2009_to_present.pdf,20140826123833,OLD-A,
HG,2014-07-14,Spec Mths 1-4,spec,1,2970.0,2700.0,USD,HG_2009_to_present.pdf,20140826123833,OLD-A,
HG,2014-07-14,Spec Mths 5+,spec,2,2970.0,2700.0,USD,HG_2009_to_present.pdf,20140826123833,OLD-A,
HG,2014-08-25,Hedge/Member Mnth1,hedge/member,1,2600.0,2600.0,USD,HG_2008_to_present.pdf,20150528080103,OLD-A,
HG,2014-08-25,Hedge/Member Mnth2,hedge/member,2,2600.0,2600.0,USD,HG_2008_to_present.pdf,20150528080103,OLD-A,
HG,2014-08-25,Hedge/Member Mnth3,hedge/member,3,2600.0,2600.0,USD,HG_2008_to_present.pdf,20150528080103,OLD-A,
HG,2014-08-25,Hedge/Member Mnth4,hedge/member,4,2600.0,2600.0,USD,HG_2008_to_present.pdf,20150528080103,OLD-A,
HG,2014-08-25,Hedge/Member Mnth5,hedge/member,5,2600.0,2600.0,USD,HG_2008_to_present.pdf,20150528080103,OLD-A,
HG,2014-08-25,Hedge/Member Mnth6,hedge/member,6,2550.0,2550.0,USD,HG_2008_to_present.pdf,20150528080103,OLD-A,
HG,2014-08-25,Hedge/Member Mnth7,hedge/member,7,2550.0,2550.0,USD,HG_2008_to_present.pdf,20150528080103,OLD-A,
HG,2014-08-25,Hedge/Member Mnth8,hedge/member,8,2500.0,2500.0,USD,HG_2008_to_present.pdf,20150528080103,OLD-A,
HG,2014-08-25,Hedge/Member Mnth9,hedge/member,9,2400.0,2400.0,USD,HG_2008_to_present.pdf,20150528080103,OLD-A,
HG,2014-08-25,Hedge/Member Mnth10,hedge/member,10,2400.0,2400.0,USD,HG_2008_to_present.pdf,20150528080103,OLD-A,
HG,2014-08-25,Hedge/Member Mnth11,hedge/member,11,2400.0,2400.0,USD,HG_2008_to_present.pdf,20150528080103,OLD-A,
HG,2014-08-25,Hedge/Member Mnth12,hedge/member,12,2400.0,2400.0,USD,HG_2008_to_present.pdf,20150528080103,OLD-A,
HG,2014-08-25,Hedge/Member Mnth13,hedge/member,13,2400.0,2400.0,USD,HG_2008_to_present.pdf,20150528080103,OLD-A,
HG,2014-08-25,Hedge/Member Mnth14,hedge/member,14,2400.0,2400.0,USD,HG_2008_to_present.pdf,20150528080103,OLD-A,
HG,2014-08-25,Hedge/Member Mnth15,hedge/member,15,2400.0,2400.0,USD,HG_2008_to_present.pdf,20150528080103,OLD-A,
HG,2014-08-25,Hedge/Member Mnth16,hedge/member,16,2400.0,2400.0,USD,HG_2008_to_present.pdf,20150528080103,OLD-A,
HG,2014-08-25,Hedge/Member Mnth17,hedge/member,17,2400.0,2400.0,USD,HG_2008_to_present.pdf,20150528080103,OLD-A,
HG,2014-08-25,Hedge/Member Mnth18,hedge/member,18,2400.0,2400.0,USD,HG_2008_to_present.pdf,20150528080103,OLD-A,
HG,2014-08-25,Hedge/Member Mnth19,hedge/member,19,2400.0,2400.0,USD,HG_2008_to_present.pdf,20150528080103,OLD-A,
HG,2014-08-25,Hedge/Member Mnth20,hedge/member,20,2400.0,2400.0,USD,HG_2008_to_present.pdf,20150528080103,OLD-A,
HG,2014-08-25,Hedge/Member Mnth21,hedge/member,21,2400.0,2400.0,USD,HG_2008_to_present.pdf,20150528080103,OLD-A,
HG,2014-08-25,Hedge/Member Mnth22,hedge/member,22,2400.0,2400.0,USD,HG_2008_to_present.pdf,20150528080103,OLD-A,
HG,2014-08-25,Hedge/Member Mnth23,hedge/member,23,2400.0,2400.0,USD,HG_2008_to_present.pdf,20150528080103,OLD-A,
HG,2014-08-25,Hedge/Member Mnth24,hedge/member,24,2400.0,2400.0,USD,HG_2008_to_present.pdf,20150528080103,OLD-A,
HG,2014-08-25,Hedge/Member Mnth25,hedge/member,25,2400.0,2400.0,USD,HG_2008_to_present.pdf,20150528080103,OLD-A,
HG,2014-08-25,Hedge/Member Mnth26,hedge/member,26,2300.0,2300.0,USD,HG_2008_to_present.pdf,20150528080103,OLD-A,
HG,2014-08-25,Hedge/Member Mnth27,hedge/member,27,2200.0,2200.0,USD,HG_2008_to_present.pdf,20150528080103,OLD-A,
HG,2014-08-25,Hedge/Member Mnth28,hedge/member,28,2100.0,2100.0,USD,HG_2008_to_present.pdf,20150528080103,OLD-A,
HG,2014-08-25,Hedge/Member Mnth29,hedge/member,29,2100.0,2100.0,USD,HG_2008_to_present.pdf,20150528080103,OLD-A,
HG,2014-08-25,Hedge/Member Mnth30,hedge/member,30,2100.0,2100.0,USD,HG_2008_to_present.pdf,20150528080103,OLD-A,
HG,2014-08-25,Hedge/Member Mnth31,hedge/member,31,2100.0,2100.0,USD,HG_2008_to_present.pdf,20150528080103,OLD-A,
HG,2014-08-25,Hedge/Member Mnth32,hedge/member,32,2100.0,2100.0,USD,HG_2008_to_present.pdf,20150528080103,OLD-A,
HG,2014-08-25,Hedge/Member Mnth33,hedge/member,33,2100.0,2100.0,USD,HG_2008_to_present.pdf,20150528080103,OLD-A,
HG,2014-08-25,Hedge/Member Mnth34,hedge/member,34,2100.0,2100.0,USD,HG_2008_to_present.pdf,20150528080103,OLD-A,
HG,2014-08-25,Hedge/Member Mnth35,hedge/member,35,2100.0,2100.0,USD,HG_2008_to_present.pdf,20150528080103,OLD-A,
HG,2014-08-25,Hedge/Member Mnth36,hedge/member,36,2100.0,2100.0,USD,HG_2008_to_present.pdf,20150528080103,OLD-A,
HG,2014-08-25,Hedge/Member Mnth37,hedge/member,37,2100.0,2100.0,USD,HG_2008_to_present.pdf,20150528080103,OLD-A,
HG,2014-08-25,Hedge/Member Mnth38,hedge/member,38,2100.0,2100.0,USD,HG_2008_to_present.pdf,20150528080103,OLD-A,
HG,2014-08-25,Hedge/Member Mnth39+,hedge/member,39,2100.0,2100.0,USD,HG_2008_to_present.pdf,20150528080103,OLD-A,
HG,2014-08-25,Spec Mnth1,spec,1,2860.0,2600.0,USD,HG_2008_to_present.pdf,20150528080103,OLD-A,
HG,2014-08-25,Spec Mnth2,spec,2,2860.0,2600.0,USD,HG_2008_to_present.pdf,20150528080103,OLD-A,
HG,2014-08-25,Spec Mnth3,spec,3,2860.0,2600.0,USD,HG_2008_to_present.pdf,20150528080103,OLD-A,
HG,2014-08-25,Spec Mnth4,spec,4,2860.0,2600.0,USD,HG_2008_to_present.pdf,20150528080103,OLD-A,
HG,2014-08-25,Spec Mnth5,spec,5,2860.0,2600.0,USD,HG_2008_to_present.pdf,20150528080103,OLD-A,
HG,2014-08-25,Spec Mnth6,spec,6,2805.0,2550.0,USD,HG_2008_to_present.pdf,20150528080103,OLD-A,
HG,2014-08-25,Spec Mnth7,spec,7,2805.0,2550.0,USD,HG_2008_to_present.pdf,20150528080103,OLD-A,
HG,2014-08-25,Spec Mnth8,spec,8,2750.0,2500.0,USD,HG_2008_to_present.pdf,20150528080103,OLD-A,
HG,2014-08-25,Spec Mnth9,spec,9,2640.0,2400.0,USD,HG_2008_to_present.pdf,20150528080103,OLD-A,
HG,2014-08-25,Spec Mnth10,spec,10,2640.0,2400.0,USD,HG_2008_to_present.pdf,20150528080103,OLD-A,
HG,2014-08-25,Spec Mnth11,spec,11,2640.0,2400.0,USD,HG_2008_to_present.pdf,20150528080103,OLD-A,
HG,2014-08-25,Spec Mnth12,spec,12,2640.0,2400.0,USD,HG_2008_to_present.pdf,20150528080103,OLD-A,
HG,2014-08-25,Spec Mnth13,spec,13,2640.0,2400.0,USD,HG_2008_to_present.pdf,20150528080103,OLD-A,
HG,2014-08-25,Spec Mnth14,spec,14,2640.0,2400.0,USD,HG_2008_to_present.pdf,20150528080103,OLD-A,
HG,2014-08-25,Spec Mnth15,spec,15,2640.0,2400.0,USD,HG_2008_to_present.pdf,20150528080103,OLD-A,
HG,2014-08-25,Spec Mnth16,spec,16,2640.0,2400.0,USD,HG_2008_to_present.pdf,20150528080103,OLD-A,
HG,2014-08-25,Spec Mnth17,spec,17,2640.0,2400.0,USD,HG_2008_to_present.pdf,20150528080103,OLD-A,
HG,2014-08-25,Spec Mnth18,spec,18,2640.0,2400.0,USD,HG_2008_to_present.pdf,20150528080103,OLD-A,
HG,2014-08-25,Spec Mnth19,spec,19,2640.0,2400.0,USD,HG_2008_to_present.pdf,20150528080103,OLD-A,
HG,2014-08-25,Spec Mnth20,spec,20,2640.0,2400.0,USD,HG_2008_to_present.pdf,20150528080103,OLD-A,
HG,2014-08-25,Spec Mnth21,spec,21,2640.0,2400.0,USD,HG_2008_to_present.pdf,20150528080103,OLD-A,
HG,2014-08-25,Spec Mnth22,spec,22,2640.0,2400.0,USD,HG_2008_to_present.pdf,20150528080103,OLD-A,
HG,2014-08-25,Spec Mnth23,spec,23,2640.0,2400.0,USD,HG_2008_to_present.pdf,20150528080103,OLD-A,
HG,2014-08-25,Spec Mnth24,spec,24,2640.0,2400.0,USD,HG_2008_to_present.pdf,20150528080103,OLD-A,
HG,2014-08-25,Spec Mnth25,spec,25,2640.0,2400.0,USD,HG_2008_to_present.pdf,20150528080103,OLD-A,
HG,2014-08-25,Spec Mnth26,spec,26,2530.0,2300.0,USD,HG_2008_to_present.pdf,20150528080103,OLD-A,
HG,2014-08-25,Spec Mnth27,spec,27,2420.0,2200.0,USD,HG_2008_to_present.pdf,20150528080103,OLD-A,
HG,2014-08-25,Spec Mnth28,spec,28,2310.0,2100.0,USD,HG_2008_to_present.pdf,20150528080103,OLD-A,
HG,2014-08-25,Spec Mnth29,spec,29,2310.0,2100.0,USD,HG_2008_to_present.pdf,20150528080103,OLD-A,
HG,2014-08-25,Spec Mnth30,spec,30,2310.0,2100.0,USD,HG_2008_to_present.pdf,20150528080103,OLD-A,
HG,2014-08-25,Spec Mnth31,spec,31,2310.0,2100.0,USD,HG_2008_to_present.pdf,20150528080103,OLD-A,
HG,2014-08-25,Spec Mnth32,spec,32,2310.0,2100.0,USD,HG_2008_to_present.pdf,20150528080103,OLD-A,
HG,2014-08-25,Spec Mnth33,spec,33,2310.0,2100.0,USD,HG_2008_to_present.pdf,20150528080103,OLD-A,
HG,2014-08-25,Spec Mnth34,spec,34,2310.0,2100.0,USD,HG_2008_to_present.pdf,20150528080103,OLD-A,
HG,2014-08-25,Spec Mnth35,spec,35,2310.0,2100.0,USD,HG_2008_to_present.pdf,20150528080103,OLD-A,
HG,2014-08-25,Spec Mnth36,spec,36,2310.0,2100.0,USD,HG_2008_to_present.pdf,20150528080103,OLD-A,
HG,2014-08-25,Spec Mnth37,spec,37,2310.0,2100.0,USD,HG_2008_to_present.pdf,20150528080103,OLD-A,
HG,2014-08-25,Spec Mnth38,spec,38,2310.0,2100.0,USD,HG_2008_to_present.pdf,20150528080103,OLD-A,
HG,2014-08-25,Spec Mnth39+,spec,39,2310.0,2100.0,USD,HG_2008_to_present.pdf,20150528080103,OLD-A,
HG,2014-10-23,Hedge/Member Mnth27,hedge/member,1,2300.0,2300.0,USD,HG_2008_to_present.pdf,20150528080103,OLD-A,
HG,2014-10-23,Hedge/Member Mnth28,hedge/member,2,2300.0,2300.0,USD,HG_2008_to_present.pdf,20150528080103,OLD-A,
HG,2014-10-23,Hedge/Member Mnth29,hedge/member,3,2300.0,2300.0,USD,HG_2008_to_present.pdf,20150528080103,OLD-A,
HG,2014-10-23,Hedge/Member Mnth30,hedge/member,4,2300.0,2300.0,USD,HG_2008_to_present.pdf,20150528080103,OLD-A,
HG,2014-10-23,Hedge/Member Mnth31,hedge/member,5,2300.0,2300.0,USD,HG_2008_to_present.pdf,20150528080103,OLD-A,
HG,2014-10-23,Hedge/Member Mnth32,hedge/member,6,2300.0,2300.0,USD,HG_2008_to_present.pdf,20150528080103,OLD-A,
HG,2014-10-23,Hedge/Member Mnth33,hedge/member,7,2300.0,2300.0,USD,HG_2008_to_present.pdf,20150528080103,OLD-A,
HG,2014-10-23,Hedge/Member Mnth34,hedge/member,8,2300.0,2300.0,USD,HG_2008_to_present.pdf,20150528080103,OLD-A,
HG,2014-10-23,Hedge/Member Mnth35,hedge/member,9,2300.0,2300.0,USD,HG_2008_to_present.pdf,20150528080103,OLD-A,
HG,2014-10-23,Hedge/Member Mnth36,hedge/member,10,2300.0,2300.0,USD,HG_2008_to_present.pdf,20150528080103,OLD-A,
HG,2014-10-23,Hedge/Member Mnth37,hedge/member,11,2300.0,2300.0,USD,HG_2008_to_present.pdf,20150528080103,OLD-A,
HG,2014-10-23,Hedge/Member Mnth38,hedge/member,12,2300.0,2300.0,USD,HG_2008_to_present.pdf,20150528080103,OLD-A,
HG,2014-10-23,Hedge/Member Mnth39+,hedge/member,13,2300.0,2300.0,USD,HG_2008_to_present.pdf,20150528080103,OLD-A,
HG,2014-10-23,Spec Mnth27,spec,1,2530.0,2300.0,USD,HG_2008_to_present.pdf,20150528080103,OLD-A,
HG,2014-10-23,Spec Mnth28,spec,2,2530.0,2300.0,USD,HG_2008_to_present.pdf,20150528080103,OLD-A,
HG,2014-10-23,Spec Mnth29,spec,3,2530.0,2300.0,USD,HG_2008_to_present.pdf,20150528080103,OLD-A,
HG,2014-10-23,Spec Mnth30,spec,4,2530.0,2300.0,USD,HG_2008_to_present.pdf,20150528080103,OLD-A,
HG,2014-10-23,Spec Mnth31,spec,5,2530.0,2300.0,USD,HG_2008_to_present.pdf,20150528080103,OLD-A,
HG,2014-10-23,Spec Mnth32,spec,6,2530.0,2300.0,USD,HG_2008_to_present.pdf,20150528080103,OLD-A,
HG,2014-10-23,Spec Mnth33,spec,7,2530.0,2300.0,USD,HG_2008_to_present.pdf,20150528080103,OLD-A,
HG,2014-10-23,Spec Mnth34,spec,8,2530.0,2300.0,USD,HG_2008_to_present.pdf,20150528080103,OLD-A,
HG,2014-10-23,Spec Mnth35,spec,9,2530.0,2300.0,USD,HG_2008_to_present.pdf,20150528080103,OLD-A,
HG,2014-10-23,Spec Mnth36,spec,10,2530.0,2300.0,USD,HG_2008_to_present.pdf,20150528080103,OLD-A,
HG,2014-10-23,Spec Mnth37,spec,11,2530.0,2300.0,USD,HG_2008_to_present.pdf,20150528080103,OLD-A,
HG,2014-10-23,Spec Mnth38,spec,12,2530.0,2300.0,USD,HG_2008_to_present.pdf,20150528080103,OLD-A,
HG,2014-10-23,Spec Mnth39+,spec,13,2530.0,2300.0,USD,HG_2008_to_present.pdf,20150528080103,OLD-A,
HG,2014-12-05,Hedge/Member Mnth1,hedge/member,1,2900.0,2900.0,USD,HG_2008_to_present.pdf,20150528080103,OLD-A,
HG,2014-12-05,Hedge/Member Mnth2,hedge/member,2,2900.0,2900.0,USD,HG_2008_to_present.pdf,20150528080103,OLD-A,
HG,2014-12-05,Hedge/Member Mnth3,hedge/member,3,2900.0,2900.0,USD,HG_2008_to_present.pdf,20150528080103,OLD-A,
HG,2014-12-05,Hedge/Member Mnth4,hedge/member,4,2900.0,2900.0,USD,HG_2008_to_present.pdf,20150528080103,OLD-A,
HG,2014-12-05,Hedge/Member Mnth5,hedge/member,5,2900.0,2900.0,USD,HG_2008_to_present.pdf,20150528080103,OLD-A,
HG,2014-12-05,Hedge/Member Mnth6,hedge/member,6,2850.0,2850.0,USD,HG_2008_to_present.pdf,20150528080103,OLD-A,
HG,2014-12-05,Hedge/Member Mnth7,hedge/member,7,2850.0,2850.0,USD,HG_2008_to_present.pdf,20150528080103,OLD-A,
HG,2014-12-05,Hedge/Member Mnth8,hedge/member,8,2800.0,2800.0,USD,HG_2008_to_present.pdf,20150528080103,OLD-A,
HG,2014-12-05,Hedge/Member Mnth9,hedge/member,9,2700.0,2700.0,USD,HG_2008_to_present.pdf,20150528080103,OLD-A,
HG,2014-12-05,Hedge/Member Mnth10,hedge/member,10,2700.0,2700.0,USD,HG_2008_to_present.pdf,20150528080103,OLD-A,
HG,2014-12-05,Hedge/Member Mnth11,hedge/member,11,2700.0,2700.0,USD,HG_2008_to_present.pdf,20150528080103,OLD-A,
HG,2014-12-05,Hedge/Member Mnth12,hedge/member,12,2700.0,2700.0,USD,HG_2008_to_present.pdf,20150528080103,OLD-A,
HG,2014-12-05,Hedge/Member Mnth13,hedge/member,13,2700.0,2700.0,USD,HG_2008_to_present.pdf,20150528080103,OLD-A,
HG,2014-12-05,Hedge/Member Mnth14,hedge/member,14,2700.0,2700.0,USD,HG_2008_to_present.pdf,20150528080103,OLD-A,
HG,2014-12-05,Hedge/Member Mnth15,hedge/member,15,2700.0,2700.0,USD,HG_2008_to_present.pdf,20150528080103,OLD-A,
HG,2014-12-05,Hedge/Member Mnth16,hedge/member,16,2700.0,2700.0,USD,HG_2008_to_present.pdf,20150528080103,OLD-A,
HG,2014-12-05,Hedge/Member Mnth17,hedge/member,17,2700.0,2700.0,USD,HG_2008_to_present.pdf,20150528080103,OLD-A,
HG,2014-12-05,Hedge/Member Mnth18,hedge/member,18,2700.0,2700.0,USD,HG_2008_to_present.pdf,20150528080103,OLD-A,
HG,2014-12-05,Hedge/Member Mnth19,hedge/member,19,2700.0,2700.0,USD,HG_2008_to_present.pdf,20150528080103,OLD-A,
HG,2014-12-05,Hedge/Member Mnth20,hedge/member,20,2700.0,2700.0,USD,HG_2008_to_present.pdf,20150528080103,OLD-A,
HG,2014-12-05,Hedge/Member Mnth21,hedge/member,21,2700.0,2700.0,USD,HG_2008_to_present.pdf,20150528080103,OLD-A,
HG,2014-12-05,Hedge/Member Mnth22,hedge/member,22,2700.0,2700.0,USD,HG_2008_to_present.pdf,20150528080103,OLD-A,
HG,2014-12-05,Hedge/Member Mnth23,hedge/member,23,2700.0,2700.0,USD,HG_2008_to_present.pdf,20150528080103,OLD-A,
HG,2014-12-05,Hedge/Member Mnth24,hedge/member,24,2700.0,2700.0,USD,HG_2008_to_present.pdf,20150528080103,OLD-A,
HG,2014-12-05,Hedge/Member Mnth25,hedge/member,25,2700.0,2700.0,USD,HG_2008_to_present.pdf,20150528080103,OLD-A,
HG,2014-12-05,Hedge/Member Mnth26,hedge/member,26,2600.0,2600.0,USD,HG_2008_to_present.pdf,20150528080103,OLD-A,
HG,2014-12-05,Hedge/Member Mnth27,hedge/member,27,2600.0,2600.0,USD,HG_2008_to_present.pdf,20150528080103,OLD-A,
HG,2014-12-05,Hedge/Member Mnth28,hedge/member,28,2600.0,2600.0,USD,HG_2008_to_present.pdf,20150528080103,OLD-A,
HG,2014-12-05,Hedge/Member Mnth29,hedge/member,29,2600.0,2600.0,USD,HG_2008_to_present.pdf,20150528080103,OLD-A,
HG,2014-12-05,Hedge/Member Mnth30,hedge/member,30,2600.0,2600.0,USD,HG_2008_to_present.pdf,20150528080103,OLD-A,
HG,2014-12-05,Hedge/Member Mnth31,hedge/member,31,2600.0,2600.0,USD,HG_2008_to_present.pdf,20150528080103,OLD-A,
HG,2014-12-05,Hedge/Member Mnth32,hedge/member,32,2600.0,2600.0,USD,HG_2008_to_present.pdf,20150528080103,OLD-A,
HG,2014-12-05,Hedge/Member Mnth33,hedge/member,33,2600.0,2600.0,USD,HG_2008_to_present.pdf,20150528080103,OLD-A,
HG,2014-12-05,Hedge/Member Mnth34,hedge/member,34,2600.0,2600.0,USD,HG_2008_to_present.pdf,20150528080103,OLD-A,
HG,2014-12-05,Hedge/Member Mnth35,hedge/member,35,2600.0,2600.0,USD,HG_2008_to_present.pdf,20150528080103,OLD-A,
HG,2014-12-05,Hedge/Member Mnth36,hedge/member,36,2600.0,2600.0,USD,HG_2008_to_present.pdf,20150528080103,OLD-A,
HG,2014-12-05,Hedge/Member Mnth37,hedge/member,37,2600.0,2600.0,USD,HG_2008_to_present.pdf,20150528080103,OLD-A,
HG,2014-12-05,Hedge/Member Mnth38,hedge/member,38,2600.0,2600.0,USD,HG_2008_to_present.pdf,20150528080103,OLD-A,
HG,2014-12-05,Hedge/Member Mnth39+,hedge/member,39,2600.0,2600.0,USD,HG_2008_to_present.pdf,20150528080103,OLD-A,
HG,2014-12-05,Spec Mnth1,spec,1,3190.0,2900.0,USD,HG_2008_to_present.pdf,20150528080103,OLD-A,
HG,2014-12-05,Spec Mnth2,spec,2,3190.0,2900.0,USD,HG_2008_to_present.pdf,20150528080103,OLD-A,
HG,2014-12-05,Spec Mnth3,spec,3,3190.0,2900.0,USD,HG_2008_to_present.pdf,20150528080103,OLD-A,
HG,2014-12-05,Spec Mnth4,spec,4,3190.0,2900.0,USD,HG_2008_to_present.pdf,20150528080103,OLD-A,
HG,2014-12-05,Spec Mnth5,spec,5,3190.0,2900.0,USD,HG_2008_to_present.pdf,20150528080103,OLD-A,
HG,2014-12-05,Spec Mnth6,spec,6,3135.0,2850.0,USD,HG_2008_to_present.pdf,20150528080103,OLD-A,
HG,2014-12-05,Spec Mnth7,spec,7,3135.0,2850.0,USD,HG_2008_to_present.pdf,20150528080103,OLD-A,
HG,2014-12-05,Spec Mnth8,spec,8,3080.0,2800.0,USD,HG_2008_to_present.pdf,20150528080103,OLD-A,
HG,2014-12-05,Spec Mnth9,spec,9,2970.0,2700.0,USD,HG_2008_to_present.pdf,20150528080103,OLD-A,
HG,2014-12-05,Spec Mnth10,spec,10,2970.0,2700.0,USD,HG_2008_to_present.pdf,20150528080103,OLD-A,
HG,2014-12-05,Spec Mnth11,spec,11,2970.0,2700.0,USD,HG_2008_to_present.pdf,20150528080103,OLD-A,
HG,2014-12-05,Spec Mnth12,spec,12,2970.0,2700.0,USD,HG_2008_to_present.pdf,20150528080103,OLD-A,
HG,2014-12-05,Spec Mnth13,spec,13,2970.0,2700.0,USD,HG_2008_to_present.pdf,20150528080103,OLD-A,
HG,2014-12-05,Spec Mnth14,spec,14,2970.0,2700.0,USD,HG_2008_to_present.pdf,20150528080103,OLD-A,
HG,2014-12-05,Spec Mnth15,spec,15,2970.0,2700.0,USD,HG_2008_to_present.pdf,20150528080103,OLD-A,
HG,2014-12-05,Spec Mnth16,spec,16,2970.0,2700.0,USD,HG_2008_to_present.pdf,20150528080103,OLD-A,
HG,2014-12-05,Spec Mnth17,spec,17,2970.0,2700.0,USD,HG_2008_to_present.pdf,20150528080103,OLD-A,
HG,2014-12-05,Spec Mnth18,spec,18,2970.0,2700.0,USD,HG_2008_to_present.pdf,20150528080103,OLD-A,
HG,2014-12-05,Spec Mnth19,spec,19,2970.0,2700.0,USD,HG_2008_to_present.pdf,20150528080103,OLD-A,
HG,2014-12-05,Spec Mnth20,spec,20,2970.0,2700.0,USD,HG_2008_to_present.pdf,20150528080103,OLD-A,
HG,2014-12-05,Spec Mnth21,spec,21,2970.0,2700.0,USD,HG_2008_to_present.pdf,20150528080103,OLD-A,
HG,2014-12-05,Spec Mnth22,spec,22,2970.0,2700.0,USD,HG_2008_to_present.pdf,20150528080103,OLD-A,
HG,2014-12-05,Spec Mnth23,spec,23,2970.0,2700.0,USD,HG_2008_to_present.pdf,20150528080103,OLD-A,
HG,2014-12-05,Spec Mnth24,spec,24,2970.0,2700.0,USD,HG_2008_to_present.pdf,20150528080103,OLD-A,
HG,2014-12-05,Spec Mnth25,spec,25,2970.0,2700.0,USD,HG_2008_to_present.pdf,20150528080103,OLD-A,
HG,2014-12-05,Spec Mnth26,spec,26,2860.0,2600.0,USD,HG_2008_to_present.pdf,20150528080103,OLD-A,
HG,2014-12-05,Spec Mnth27,spec,27,2860.0,2600.0,USD,HG_2008_to_present.pdf,20150528080103,OLD-A,
HG,2014-12-05,Spec Mnth28,spec,28,2860.0,2600.0,USD,HG_2008_to_present.pdf,20150528080103,OLD-A,
HG,2014-12-05,Spec Mnth29,spec,29,2860.0,2600.0,USD,HG_2008_to_present.pdf,20150528080103,OLD-A,
HG,2014-12-05,Spec Mnth30,spec,30,2860.0,2600.0,USD,HG_2008_to_present.pdf,20150528080103,OLD-A,
HG,2014-12-05,Spec Mnth31,spec,31,2860.0,2600.0,USD,HG_2008_to_present.pdf,20150528080103,OLD-A,
HG,2014-12-05,Spec Mnth32,spec,32,2860.0,2600.0,USD,HG_2008_to_present.pdf,20150528080103,OLD-A,
HG,2014-12-05,Spec Mnth33,spec,33,2860.0,2600.0,USD,HG_2008_to_present.pdf,20150528080103,OLD-A,
HG,2014-12-05,Spec Mnth34,spec,34,2860.0,2600.0,USD,HG_2008_to_present.pdf,20150528080103,OLD-A,
HG,2014-12-05,Spec Mnth35,spec,35,2860.0,2600.0,USD,HG_2008_to_present.pdf,20150528080103,OLD-A,
HG,2014-12-05,Spec Mnth36,spec,36,2860.0,2600.0,USD,HG_2008_to_present.pdf,20150528080103,OLD-A,
HG,2014-12-05,Spec Mnth37,spec,37,2860.0,2600.0,USD,HG_2008_to_present.pdf,20150528080103,OLD-A,
HG,2014-12-05,Spec Mnth38,spec,38,2860.0,2600.0,USD,HG_2008_to_present.pdf,20150528080103,OLD-A,
HG,2014-12-05,Spec Mnth39+,spec,39,2860.0,2600.0,USD,HG_2008_to_present.pdf,20150528080103,OLD-A,
HG,2015-01-16,Hedge/Member Mnth1,hedge/member,1,3400.0,3400.0,USD,HG_2008_to_present.pdf,20150528080103,OLD-A,
HG,2015-01-16,Hedge/Member Mnth2,hedge/member,2,3400.0,3400.0,USD,HG_2008_to_present.pdf,20150528080103,OLD-A,
HG,2015-01-16,Hedge/Member Mnth3,hedge/member,3,3400.0,3400.0,USD,HG_2008_to_present.pdf,20150528080103,OLD-A,
HG,2015-01-16,Hedge/Member Mnth4,hedge/member,4,3400.0,3400.0,USD,HG_2008_to_present.pdf,20150528080103,OLD-A,
HG,2015-01-16,Hedge/Member Mnth5,hedge/member,5,3400.0,3400.0,USD,HG_2008_to_present.pdf,20150528080103,OLD-A,
HG,2015-01-16,Hedge/Member Mnth6,hedge/member,6,3350.0,3350.0,USD,HG_2008_to_present.pdf,20150528080103,OLD-A,
HG,2015-01-16,Hedge/Member Mnth7,hedge/member,7,3350.0,3350.0,USD,HG_2008_to_present.pdf,20150528080103,OLD-A,
HG,2015-01-16,Hedge/Member Mnth8,hedge/member,8,3300.0,3300.0,USD,HG_2008_to_present.pdf,20150528080103,OLD-A,
HG,2015-01-16,Hedge/Member Mnth9,hedge/member,9,3200.0,3200.0,USD,HG_2008_to_present.pdf,20150528080103,OLD-A,
HG,2015-01-16,Hedge/Member Mnth10,hedge/member,10,3200.0,3200.0,USD,HG_2008_to_present.pdf,20150528080103,OLD-A,
HG,2015-01-16,Hedge/Member Mnth11,hedge/member,11,3200.0,3200.0,USD,HG_2008_to_present.pdf,20150528080103,OLD-A,
HG,2015-01-16,Hedge/Member Mnth12,hedge/member,12,3200.0,3200.0,USD,HG_2008_to_present.pdf,20150528080103,OLD-A,
HG,2015-01-16,Hedge/Member Mnth13,hedge/member,13,3200.0,3200.0,USD,HG_2008_to_present.pdf,20150528080103,OLD-A,
HG,2015-01-16,Hedge/Member Mnth14,hedge/member,14,3200.0,3200.0,USD,HG_2008_to_present.pdf,20150528080103,OLD-A,
HG,2015-01-16,Hedge/Member Mnth15,hedge/member,15,3200.0,3200.0,USD,HG_2008_to_present.pdf,20150528080103,OLD-A,
HG,2015-01-16,Hedge/Member Mnth16,hedge/member,16,3200.0,3200.0,USD,HG_2008_to_present.pdf,20150528080103,OLD-A,
HG,2015-01-16,Hedge/Member Mnth17,hedge/member,17,3200.0,3200.0,USD,HG_2008_to_present.pdf,20150528080103,OLD-A,
HG,2015-01-16,Hedge/Member Mnth18,hedge/member,18,3200.0,3200.0,USD,HG_2008_to_present.pdf,20150528080103,OLD-A,
HG,2015-01-16,Hedge/Member Mnth19,hedge/member,19,3200.0,3200.0,USD,HG_2008_to_present.pdf,20150528080103,OLD-A,
HG,2015-01-16,Hedge/Member Mnth20,hedge/member,20,3200.0,3200.0,USD,HG_2008_to_present.pdf,20150528080103,OLD-A,
HG,2015-01-16,Hedge/Member Mnth21,hedge/member,21,3200.0,3200.0,USD,HG_2008_to_present.pdf,20150528080103,OLD-A,
HG,2015-01-16,Hedge/Member Mnth22,hedge/member,22,3200.0,3200.0,USD,HG_2008_to_present.pdf,20150528080103,OLD-A,
HG,2015-01-16,Hedge/Member Mnth23,hedge/member,23,3200.0,3200.0,USD,HG_2008_to_present.pdf,20150528080103,OLD-A,
HG,2015-01-16,Hedge/Member Mnth24,hedge/member,24,3200.0,3200.0,USD,HG_2008_to_present.pdf,20150528080103,OLD-A,
HG,2015-01-16,Hedge/Member Mnth25,hedge/member,25,3200.0,3200.0,USD,HG_2008_to_present.pdf,20150528080103,OLD-A,
HG,2015-01-16,Hedge/Member Mnth26,hedge/member,26,3100.0,3100.0,USD,HG_2008_to_present.pdf,20150528080103,OLD-A,
HG,2015-01-16,Hedge/Member Mnth27,hedge/member,27,3100.0,3100.0,USD,HG_2008_to_present.pdf,20150528080103,OLD-A,
HG,2015-01-16,Hedge/Member Mnth28,hedge/member,28,3100.0,3100.0,USD,HG_2008_to_present.pdf,20150528080103,OLD-A,
HG,2015-01-16,Hedge/Member Mnth29,hedge/member,29,3100.0,3100.0,USD,HG_2008_to_present.pdf,20150528080103,OLD-A,
HG,2015-01-16,Hedge/Member Mnth30,hedge/member,30,3100.0,3100.0,USD,HG_2008_to_present.pdf,20150528080103,OLD-A,
HG,2015-01-16,Hedge/Member Mnth31,hedge/member,31,3100.0,3100.0,USD,HG_2008_to_present.pdf,20150528080103,OLD-A,
HG,2015-01-16,Hedge/Member Mnth32,hedge/member,32,3100.0,3100.0,USD,HG_2008_to_present.pdf,20150528080103,OLD-A,
HG,2015-01-16,Hedge/Member Mnth33,hedge/member,33,3100.0,3100.0,USD,HG_2008_to_present.pdf,20150528080103,OLD-A,
HG,2015-01-16,Hedge/Member Mnth34,hedge/member,34,3100.0,3100.0,USD,HG_2008_to_present.pdf,20150528080103,OLD-A,
HG,2015-01-16,Hedge/Member Mnth35,hedge/member,35,3100.0,3100.0,USD,HG_2008_to_present.pdf,20150528080103,OLD-A,
HG,2015-01-16,Hedge/Member Mnth36,hedge/member,36,3100.0,3100.0,USD,HG_2008_to_present.pdf,20150528080103,OLD-A,
HG,2015-01-16,Hedge/Member Mnth37,hedge/member,37,3100.0,3100.0,USD,HG_2008_to_present.pdf,20150528080103,OLD-A,
HG,2015-01-16,Hedge/Member Mnth38,hedge/member,38,3100.0,3100.0,USD,HG_2008_to_present.pdf,20150528080103,OLD-A,
HG,2015-01-16,Hedge/Member Mnth39+,hedge/member,39,3100.0,3100.0,USD,HG_2008_to_present.pdf,20150528080103,OLD-A,
HG,2015-01-16,Spec Mnth1,spec,1,3740.0,3400.0,USD,HG_2008_to_present.pdf,20150528080103,OLD-A,
HG,2015-01-16,Spec Mnth2,spec,2,3740.0,3400.0,USD,HG_2008_to_present.pdf,20150528080103,OLD-A,
HG,2015-01-16,Spec Mnth3,spec,3,3740.0,3400.0,USD,HG_2008_to_present.pdf,20150528080103,OLD-A,
HG,2015-01-16,Spec Mnth4,spec,4,3740.0,3400.0,USD,HG_2008_to_present.pdf,20150528080103,OLD-A,
HG,2015-01-16,Spec Mnth5,spec,5,3740.0,3400.0,USD,HG_2008_to_present.pdf,20150528080103,OLD-A,
HG,2015-01-16,Spec Mnth6,spec,6,3685.0,3350.0,USD,HG_2008_to_present.pdf,20150528080103,OLD-A,
HG,2015-01-16,Spec Mnth7,spec,7,3685.0,3350.0,USD,HG_2008_to_present.pdf,20150528080103,OLD-A,
HG,2015-01-16,Spec Mnth8,spec,8,3630.0,3300.0,USD,HG_2008_to_present.pdf,20150528080103,OLD-A,
HG,2015-01-16,Spec Mnth9,spec,9,3520.0,3200.0,USD,HG_2008_to_present.pdf,20150528080103,OLD-A,
HG,2015-01-16,Spec Mnth10,spec,10,3520.0,3200.0,USD,HG_2008_to_present.pdf,20150528080103,OLD-A,
HG,2015-01-16,Spec Mnth11,spec,11,3520.0,3200.0,USD,HG_2008_to_present.pdf,20150528080103,OLD-A,
HG,2015-01-16,Spec Mnth12,spec,12,3520.0,3200.0,USD,HG_2008_to_present.pdf,20150528080103,OLD-A,
HG,2015-01-16,Spec Mnth13,spec,13,3520.0,3200.0,USD,HG_2008_to_present.pdf,20150528080103,OLD-A,
HG,2015-01-16,Spec Mnth14,spec,14,3520.0,3200.0,USD,HG_2008_to_present.pdf,20150528080103,OLD-A,
HG,2015-01-16,Spec Mnth15,spec,15,3520.0,3200.0,USD,HG_2008_to_present.pdf,20150528080103,OLD-A,
HG,2015-01-16,Spec Mnth16,spec,16,3520.0,3200.0,USD,HG_2008_to_present.pdf,20150528080103,OLD-A,
HG,2015-01-16,Spec Mnth17,spec,17,3520.0,3200.0,USD,HG_2008_to_present.pdf,20150528080103,OLD-A,
HG,2015-01-16,Spec Mnth18,spec,18,3520.0,3200.0,USD,HG_2008_to_present.pdf,20150528080103,OLD-A,
HG,2015-01-16,Spec Mnth19,spec,19,3520.0,3200.0,USD,HG_2008_to_present.pdf,20150528080103,OLD-A,
HG,2015-01-16,Spec Mnth20,spec,20,3520.0,3200.0,USD,HG_2008_to_present.pdf,20150528080103,OLD-A,
HG,2015-01-16,Spec Mnth21,spec,21,3520.0,3200.0,USD,HG_2008_to_present.pdf,20150528080103,OLD-A,
HG,2015-01-16,Spec Mnth22,spec,22,3520.0,3200.0,USD,HG_2008_to_present.pdf,20150528080103,OLD-A,
HG,2015-01-16,Spec Mnth23,spec,23,3520.0,3200.0,USD,HG_2008_to_present.pdf,20150528080103,OLD-A,
HG,2015-01-16,Spec Mnth24,spec,24,3520.0,3200.0,USD,HG_2008_to_present.pdf,20150528080103,OLD-A,
HG,2015-01-16,Spec Mnth25,spec,25,3520.0,3200.0,USD,HG_2008_to_present.pdf,20150528080103,OLD-A,
HG,2015-01-16,Spec Mnth26,spec,26,3410.0,3100.0,USD,HG_2008_to_present.pdf,20150528080103,OLD-A,
HG,2015-01-16,Spec Mnth27,spec,27,3410.0,3100.0,USD,HG_2008_to_present.pdf,20150528080103,OLD-A,
HG,2015-01-16,Spec Mnth28,spec,28,3410.0,3100.0,USD,HG_2008_to_present.pdf,20150528080103,OLD-A,
HG,2015-01-16,Spec Mnth29,spec,29,3410.0,3100.0,USD,HG_2008_to_present.pdf,20150528080103,OLD-A,
HG,2015-01-16,Spec Mnth30,spec,30,3410.0,3100.0,USD,HG_2008_to_present.pdf,20150528080103,OLD-A,
HG,2015-01-16,Spec Mnth31,spec,31,3410.0,3100.0,USD,HG_2008_to_present.pdf,20150528080103,OLD-A,
HG,2015-01-16,Spec Mnth32,spec,32,3410.0,3100.0,USD,HG_2008_to_present.pdf,20150528080103,OLD-A,
HG,2015-01-16,Spec Mnth33,spec,33,3410.0,3100.0,USD,HG_2008_to_present.pdf,20150528080103,OLD-A,
HG,2015-01-16,Spec Mnth34,spec,34,3410.0,3100.0,USD,HG_2008_to_present.pdf,20150528080103,OLD-A,
HG,2015-01-16,Spec Mnth35,spec,35,3410.0,3100.0,USD,HG_2008_to_present.pdf,20150528080103,OLD-A,
HG,2015-01-16,Spec Mnth36,spec,36,3410.0,3100.0,USD,HG_2008_to_present.pdf,20150528080103,OLD-A,
HG,2015-01-16,Spec Mnth37,spec,37,3410.0,3100.0,USD,HG_2008_to_present.pdf,20150528080103,OLD-A,
HG,2015-01-16,Spec Mnth38,spec,38,3410.0,3100.0,USD,HG_2008_to_present.pdf,20150528080103,OLD-A,
HG,2015-01-16,Spec Mnth39+,spec,39,3410.0,3100.0,USD,HG_2008_to_present.pdf,20150528080103,OLD-A,
HG,2015-04-17,Hedge/Member Mnth1,hedge/member,1,3100.0,3100.0,USD,HG_2008_to_present.pdf,20170329060838,OLD-A,
HG,2015-04-17,Hedge/Member Mnth2,hedge/member,2,3100.0,3100.0,USD,HG_2008_to_present.pdf,20170329060838,OLD-A,
HG,2015-04-17,Hedge/Member Mnth3,hedge/member,3,3100.0,3100.0,USD,HG_2008_to_present.pdf,20170329060838,OLD-A,
HG,2015-04-17,Hedge/Member Mnth4,hedge/member,4,3100.0,3100.0,USD,HG_2008_to_present.pdf,20170329060838,OLD-A,
HG,2015-04-17,Hedge/Member Mnth5,hedge/member,5,3100.0,3100.0,USD,HG_2008_to_present.pdf,20170329060838,OLD-A,
HG,2015-04-17,Hedge/Member Mnth6,hedge/member,6,3050.0,3050.0,USD,HG_2008_to_present.pdf,20170329060838,OLD-A,
HG,2015-04-17,Hedge/Member Mnth7,hedge/member,7,3050.0,3050.0,USD,HG_2008_to_present.pdf,20170329060838,OLD-A,
HG,2015-04-17,Hedge/Member Mnth8,hedge/member,8,3000.0,3000.0,USD,HG_2008_to_present.pdf,20170329060838,OLD-A,
HG,2015-04-17,Hedge/Member Mnth9,hedge/member,9,2900.0,2900.0,USD,HG_2008_to_present.pdf,20170329060838,OLD-A,
HG,2015-04-17,Hedge/Member Mnth10,hedge/member,10,2900.0,2900.0,USD,HG_2008_to_present.pdf,20170329060838,OLD-A,
HG,2015-04-17,Hedge/Member Mnth11,hedge/member,11,2900.0,2900.0,USD,HG_2008_to_present.pdf,20170329060838,OLD-A,
HG,2015-04-17,Hedge/Member Mnth12,hedge/member,12,2900.0,2900.0,USD,HG_2008_to_present.pdf,20170329060838,OLD-A,
HG,2015-04-17,Hedge/Member Mnth13,hedge/member,13,2900.0,2900.0,USD,HG_2008_to_present.pdf,20170329060838,OLD-A,
HG,2015-04-17,Hedge/Member Mnth14,hedge/member,14,2900.0,2900.0,USD,HG_2008_to_present.pdf,20170329060838,OLD-A,
HG,2015-04-17,Hedge/Member Mnth15,hedge/member,15,2900.0,2900.0,USD,HG_2008_to_present.pdf,20170329060838,OLD-A,
HG,2015-04-17,Hedge/Member Mnth16,hedge/member,16,2900.0,2900.0,USD,HG_2008_to_present.pdf,20170329060838,OLD-A,
HG,2015-04-17,Hedge/Member Mnth17,hedge/member,17,2900.0,2900.0,USD,HG_2008_to_present.pdf,20170329060838,OLD-A,
HG,2015-04-17,Hedge/Member Mnth18,hedge/member,18,2900.0,2900.0,USD,HG_2008_to_present.pdf,20170329060838,OLD-A,
HG,2015-04-17,Hedge/Member Mnth19,hedge/member,19,2900.0,2900.0,USD,HG_2008_to_present.pdf,20170329060838,OLD-A,
HG,2015-04-17,Hedge/Member Mnth20,hedge/member,20,2900.0,2900.0,USD,HG_2008_to_present.pdf,20170329060838,OLD-A,
HG,2015-04-17,Hedge/Member Mnth21,hedge/member,21,2900.0,2900.0,USD,HG_2008_to_present.pdf,20170329060838,OLD-A,
HG,2015-04-17,Hedge/Member Mnth22,hedge/member,22,2900.0,2900.0,USD,HG_2008_to_present.pdf,20170329060838,OLD-A,
HG,2015-04-17,Hedge/Member Mnth23,hedge/member,23,2900.0,2900.0,USD,HG_2008_to_present.pdf,20170329060838,OLD-A,
HG,2015-04-17,Hedge/Member Mnth24,hedge/member,24,2900.0,2900.0,USD,HG_2008_to_present.pdf,20170329060838,OLD-A,
HG,2015-04-17,Hedge/Member Mnth25,hedge/member,25,2900.0,2900.0,USD,HG_2008_to_present.pdf,20170329060838,OLD-A,
HG,2015-04-17,Hedge/Member Mnth26,hedge/member,26,2800.0,2800.0,USD,HG_2008_to_present.pdf,20170329060838,OLD-A,
HG,2015-04-17,Hedge/Member Mnth27,hedge/member,27,2800.0,2800.0,USD,HG_2008_to_present.pdf,20170329060838,OLD-A,
HG,2015-04-17,Hedge/Member Mnth28,hedge/member,28,2800.0,2800.0,USD,HG_2008_to_present.pdf,20170329060838,OLD-A,
HG,2015-04-17,Hedge/Member Mnth29,hedge/member,29,2800.0,2800.0,USD,HG_2008_to_present.pdf,20170329060838,OLD-A,
HG,2015-04-17,Hedge/Member Mnth30,hedge/member,30,2800.0,2800.0,USD,HG_2008_to_present.pdf,20170329060838,OLD-A,
HG,2015-04-17,Hedge/Member Mnth31,hedge/member,31,2800.0,2800.0,USD,HG_2008_to_present.pdf,20170329060838,OLD-A,
HG,2015-04-17,Hedge/Member Mnth32,hedge/member,32,2800.0,2800.0,USD,HG_2008_to_present.pdf,20170329060838,OLD-A,
HG,2015-04-17,Hedge/Member Mnth33,hedge/member,33,2800.0,2800.0,USD,HG_2008_to_present.pdf,20170329060838,OLD-A,
HG,2015-04-17,Hedge/Member Mnth34,hedge/member,34,2800.0,2800.0,USD,HG_2008_to_present.pdf,20170329060838,OLD-A,
HG,2015-04-17,Hedge/Member Mnth35,hedge/member,35,2800.0,2800.0,USD,HG_2008_to_present.pdf,20170329060838,OLD-A,
HG,2015-04-17,Hedge/Member Mnth36,hedge/member,36,2800.0,2800.0,USD,HG_2008_to_present.pdf,20170329060838,OLD-A,
HG,2015-04-17,Hedge/Member Mnth37,hedge/member,37,2800.0,2800.0,USD,HG_2008_to_present.pdf,20170329060838,OLD-A,
HG,2015-04-17,Hedge/Member Mnth38,hedge/member,38,2800.0,2800.0,USD,HG_2008_to_present.pdf,20170329060838,OLD-A,
HG,2015-04-17,Hedge/Member Mnth39+,hedge/member,39,2800.0,2800.0,USD,HG_2008_to_present.pdf,20170329060838,OLD-A,
HG,2015-04-17,Spec Mnth1,spec,1,3410.0,3100.0,USD,HG_2008_to_present.pdf,20170329060838,OLD-A,
HG,2015-04-17,Spec Mnth2,spec,2,3410.0,3100.0,USD,HG_2008_to_present.pdf,20170329060838,OLD-A,
HG,2015-04-17,Spec Mnth3,spec,3,3410.0,3100.0,USD,HG_2008_to_present.pdf,20170329060838,OLD-A,
HG,2015-04-17,Spec Mnth4,spec,4,3410.0,3100.0,USD,HG_2008_to_present.pdf,20170329060838,OLD-A,
HG,2015-04-17,Spec Mnth5,spec,5,3410.0,3100.0,USD,HG_2008_to_present.pdf,20170329060838,OLD-A,
HG,2015-04-17,Spec Mnth6,spec,6,3355.0,3050.0,USD,HG_2008_to_present.pdf,20170329060838,OLD-A,
HG,2015-04-17,Spec Mnth7,spec,7,3355.0,3050.0,USD,HG_2008_to_present.pdf,20170329060838,OLD-A,
HG,2015-04-17,Spec Mnth8,spec,8,3300.0,3000.0,USD,HG_2008_to_present.pdf,20170329060838,OLD-A,
HG,2015-04-17,Spec Mnth9,spec,9,3190.0,2900.0,USD,HG_2008_to_present.pdf,20170329060838,OLD-A,
HG,2015-04-17,Spec Mnth10,spec,10,3190.0,2900.0,USD,HG_2008_to_present.pdf,20170329060838,OLD-A,
HG,2015-04-17,Spec Mnth11,spec,11,3190.0,2900.0,USD,HG_2008_to_present.pdf,20170329060838,OLD-A,
HG,2015-04-17,Spec Mnth12,spec,12,3190.0,2900.0,USD,HG_2008_to_present.pdf,20170329060838,OLD-A,
HG,2015-04-17,Spec Mnth13,spec,13,3190.0,2900.0,USD,HG_2008_to_present.pdf,20170329060838,OLD-A,
HG,2015-04-17,Spec Mnth14,spec,14,3190.0,2900.0,USD,HG_2008_to_present.pdf,20170329060838,OLD-A,
HG,2015-04-17,Spec Mnth15,spec,15,3190.0,2900.0,USD,HG_2008_to_present.pdf,20170329060838,OLD-A,
HG,2015-04-17,Spec Mnth16,spec,16,3190.0,2900.0,USD,HG_2008_to_present.pdf,20170329060838,OLD-A,
HG,2015-04-17,Spec Mnth17,spec,17,3190.0,2900.0,USD,HG_2008_to_present.pdf,20170329060838,OLD-A,
HG,2015-04-17,Spec Mnth18,spec,18,3190.0,2900.0,USD,HG_2008_to_present.pdf,20170329060838,OLD-A,
HG,2015-04-17,Spec Mnth19,spec,19,3190.0,2900.0,USD,HG_2008_to_present.pdf,20170329060838,OLD-A,
HG,2015-04-17,Spec Mnth20,spec,20,3190.0,2900.0,USD,HG_2008_to_present.pdf,20170329060838,OLD-A,
HG,2015-04-17,Spec Mnth21,spec,21,3190.0,2900.0,USD,HG_2008_to_present.pdf,20170329060838,OLD-A,
HG,2015-04-17,Spec Mnth22,spec,22,3190.0,2900.0,USD,HG_2008_to_present.pdf,20170329060838,OLD-A,
HG,2015-04-17,Spec Mnth23,spec,23,3190.0,2900.0,USD,HG_2008_to_present.pdf,20170329060838,OLD-A,
HG,2015-04-17,Spec Mnth24,spec,24,3190.0,2900.0,USD,HG_2008_to_present.pdf,20170329060838,OLD-A,
HG,2015-04-17,Spec Mnth25,spec,25,3190.0,2900.0,USD,HG_2008_to_present.pdf,20170329060838,OLD-A,
HG,2015-04-17,Spec Mnth26,spec,26,3080.0,2800.0,USD,HG_2008_to_present.pdf,20170329060838,OLD-A,
HG,2015-04-17,Spec Mnth27,spec,27,3080.0,2800.0,USD,HG_2008_to_present.pdf,20170329060838,OLD-A,
HG,2015-04-17,Spec Mnth28,spec,28,3080.0,2800.0,USD,HG_2008_to_present.pdf,20170329060838,OLD-A,
HG,2015-04-17,Spec Mnth29,spec,29,3080.0,2800.0,USD,HG_2008_to_present.pdf,20170329060838,OLD-A,
HG,2015-04-17,Spec Mnth30,spec,30,3080.0,2800.0,USD,HG_2008_to_present.pdf,20170329060838,OLD-A,
HG,2015-04-17,Spec Mnth31,spec,31,3080.0,2800.0,USD,HG_2008_to_present.pdf,20170329060838,OLD-A,
HG,2015-04-17,Spec Mnth32,spec,32,3080.0,2800.0,USD,HG_2008_to_present.pdf,20170329060838,OLD-A,
HG,2015-04-17,Spec Mnth33,spec,33,3080.0,2800.0,USD,HG_2008_to_present.pdf,20170329060838,OLD-A,
HG,2015-04-17,Spec Mnth34,spec,34,3080.0,2800.0,USD,HG_2008_to_present.pdf,20170329060838,OLD-A,
HG,2015-04-17,Spec Mnth35,spec,35,3080.0,2800.0,USD,HG_2008_to_present.pdf,20170329060838,OLD-A,
HG,2015-04-17,Spec Mnth36,spec,36,3080.0,2800.0,USD,HG_2008_to_present.pdf,20170329060838,OLD-A,
HG,2015-04-17,Spec Mnth37,spec,37,3080.0,2800.0,USD,HG_2008_to_present.pdf,20170329060838,OLD-A,
HG,2015-04-17,Spec Mnth38,spec,38,3080.0,2800.0,USD,HG_2008_to_present.pdf,20170329060838,OLD-A,
HG,2015-04-17,Spec Mnth39+,spec,39,3080.0,2800.0,USD,HG_2008_to_present.pdf,20170329060838,OLD-A,
HG,2016-01-29,Hedge/Member Mnth1,hedge/member,1,2850.0,2850.0,USD,HG_2008_to_present.pdf,20170329060838,OLD-A,
HG,2016-01-29,Hedge/Member Mnth2,hedge/member,2,2850.0,2850.0,USD,HG_2008_to_present.pdf,20170329060838,OLD-A,
HG,2016-01-29,Hedge/Member Mnth3,hedge/member,3,2850.0,2850.0,USD,HG_2008_to_present.pdf,20170329060838,OLD-A,
HG,2016-01-29,Hedge/Member Mnth4,hedge/member,4,2850.0,2850.0,USD,HG_2008_to_present.pdf,20170329060838,OLD-A,
HG,2016-01-29,Hedge/Member Mnth5,hedge/member,5,2850.0,2850.0,USD,HG_2008_to_present.pdf,20170329060838,OLD-A,
HG,2016-01-29,Hedge/Member Mnth6,hedge/member,6,2800.0,2800.0,USD,HG_2008_to_present.pdf,20170329060838,OLD-A,
HG,2016-01-29,Hedge/Member Mnth7,hedge/member,7,2800.0,2800.0,USD,HG_2008_to_present.pdf,20170329060838,OLD-A,
HG,2016-01-29,Hedge/Member Mnth8,hedge/member,8,2750.0,2750.0,USD,HG_2008_to_present.pdf,20170329060838,OLD-A,
HG,2016-01-29,Hedge/Member Mnth9,hedge/member,9,2650.0,2650.0,USD,HG_2008_to_present.pdf,20170329060838,OLD-A,
HG,2016-01-29,Hedge/Member Mnth10,hedge/member,10,2650.0,2650.0,USD,HG_2008_to_present.pdf,20170329060838,OLD-A,
HG,2016-01-29,Hedge/Member Mnth11,hedge/member,11,2650.0,2650.0,USD,HG_2008_to_present.pdf,20170329060838,OLD-A,
HG,2016-01-29,Hedge/Member Mnth12,hedge/member,12,2650.0,2650.0,USD,HG_2008_to_present.pdf,20170329060838,OLD-A,
HG,2016-01-29,Hedge/Member Mnth13,hedge/member,13,2650.0,2650.0,USD,HG_2008_to_present.pdf,20170329060838,OLD-A,
HG,2016-01-29,Hedge/Member Mnth14,hedge/member,14,2650.0,2650.0,USD,HG_2008_to_present.pdf,20170329060838,OLD-A,
HG,2016-01-29,Hedge/Member Mnth15,hedge/member,15,2650.0,2650.0,USD,HG_2008_to_present.pdf,20170329060838,OLD-A,
HG,2016-01-29,Hedge/Member Mnth16,hedge/member,16,2650.0,2650.0,USD,HG_2008_to_present.pdf,20170329060838,OLD-A,
HG,2016-01-29,Hedge/Member Mnth17,hedge/member,17,2650.0,2650.0,USD,HG_2008_to_present.pdf,20170329060838,OLD-A,
HG,2016-01-29,Hedge/Member Mnth18,hedge/member,18,2650.0,2650.0,USD,HG_2008_to_present.pdf,20170329060838,OLD-A,
HG,2016-01-29,Hedge/Member Mnth19,hedge/member,19,2650.0,2650.0,USD,HG_2008_to_present.pdf,20170329060838,OLD-A,
HG,2016-01-29,Hedge/Member Mnth20,hedge/member,20,2650.0,2650.0,USD,HG_2008_to_present.pdf,20170329060838,OLD-A,
HG,2016-01-29,Hedge/Member Mnth21,hedge/member,21,2650.0,2650.0,USD,HG_2008_to_present.pdf,20170329060838,OLD-A,
HG,2016-01-29,Hedge/Member Mnth22,hedge/member,22,2650.0,2650.0,USD,HG_2008_to_present.pdf,20170329060838,OLD-A,
HG,2016-01-29,Hedge/Member Mnth23,hedge/member,23,2650.0,2650.0,USD,HG_2008_to_present.pdf,20170329060838,OLD-A,
HG,2016-01-29,Hedge/Member Mnth24,hedge/member,24,2650.0,2650.0,USD,HG_2008_to_present.pdf,20170329060838,OLD-A,
HG,2016-01-29,Hedge/Member Mnth25,hedge/member,25,2650.0,2650.0,USD,HG_2008_to_present.pdf,20170329060838,OLD-A,
HG,2016-01-29,Hedge/Member Mnth26,hedge/member,26,2550.0,2550.0,USD,HG_2008_to_present.pdf,20170329060838,OLD-A,
HG,2016-01-29,Hedge/Member Mnth27,hedge/member,27,2550.0,2550.0,USD,HG_2008_to_present.pdf,20170329060838,OLD-A,
HG,2016-01-29,Hedge/Member Mnth28,hedge/member,28,2550.0,2550.0,USD,HG_2008_to_present.pdf,20170329060838,OLD-A,
HG,2016-01-29,Hedge/Member Mnth29,hedge/member,29,2550.0,2550.0,USD,HG_2008_to_present.pdf,20170329060838,OLD-A,
HG,2016-01-29,Hedge/Member Mnth30,hedge/member,30,2550.0,2550.0,USD,HG_2008_to_present.pdf,20170329060838,OLD-A,
HG,2016-01-29,Hedge/Member Mnth31,hedge/member,31,2550.0,2550.0,USD,HG_2008_to_present.pdf,20170329060838,OLD-A,
HG,2016-01-29,Hedge/Member Mnth32,hedge/member,32,2550.0,2550.0,USD,HG_2008_to_present.pdf,20170329060838,OLD-A,
HG,2016-01-29,Hedge/Member Mnth33,hedge/member,33,2550.0,2550.0,USD,HG_2008_to_present.pdf,20170329060838,OLD-A,
HG,2016-01-29,Hedge/Member Mnth34,hedge/member,34,2550.0,2550.0,USD,HG_2008_to_present.pdf,20170329060838,OLD-A,
HG,2016-01-29,Hedge/Member Mnth35,hedge/member,35,2550.0,2550.0,USD,HG_2008_to_present.pdf,20170329060838,OLD-A,
HG,2016-01-29,Hedge/Member Mnth36,hedge/member,36,2550.0,2550.0,USD,HG_2008_to_present.pdf,20170329060838,OLD-A,
HG,2016-01-29,Hedge/Member Mnth37,hedge/member,37,2550.0,2550.0,USD,HG_2008_to_present.pdf,20170329060838,OLD-A,
HG,2016-01-29,Hedge/Member Mnth38,hedge/member,38,2550.0,2550.0,USD,HG_2008_to_present.pdf,20170329060838,OLD-A,
HG,2016-01-29,Hedge/Member Mnth39+,hedge/member,39,2550.0,2550.0,USD,HG_2008_to_present.pdf,20170329060838,OLD-A,
HG,2016-01-29,Spec Mnth1,spec,1,3135.0,2850.0,USD,HG_2008_to_present.pdf,20170329060838,OLD-A,
HG,2016-01-29,Spec Mnth2,spec,2,3135.0,2850.0,USD,HG_2008_to_present.pdf,20170329060838,OLD-A,
HG,2016-01-29,Spec Mnth3,spec,3,3135.0,2850.0,USD,HG_2008_to_present.pdf,20170329060838,OLD-A,
HG,2016-01-29,Spec Mnth4,spec,4,3135.0,2850.0,USD,HG_2008_to_present.pdf,20170329060838,OLD-A,
HG,2016-01-29,Spec Mnth5,spec,5,3135.0,2850.0,USD,HG_2008_to_present.pdf,20170329060838,OLD-A,
HG,2016-01-29,Spec Mnth6,spec,6,3080.0,2800.0,USD,HG_2008_to_present.pdf,20170329060838,OLD-A,
HG,2016-01-29,Spec Mnth7,spec,7,3080.0,2800.0,USD,HG_2008_to_present.pdf,20170329060838,OLD-A,
HG,2016-01-29,Spec Mnth8,spec,8,3025.0,2750.0,USD,HG_2008_to_present.pdf,20170329060838,OLD-A,
HG,2016-01-29,Spec Mnth9,spec,9,2915.0,2650.0,USD,HG_2008_to_present.pdf,20170329060838,OLD-A,
HG,2016-01-29,Spec Mnth10,spec,10,2915.0,2650.0,USD,HG_2008_to_present.pdf,20170329060838,OLD-A,
HG,2016-01-29,Spec Mnth11,spec,11,2915.0,2650.0,USD,HG_2008_to_present.pdf,20170329060838,OLD-A,
HG,2016-01-29,Spec Mnth12,spec,12,2915.0,2650.0,USD,HG_2008_to_present.pdf,20170329060838,OLD-A,
HG,2016-01-29,Spec Mnth13,spec,13,2915.0,2650.0,USD,HG_2008_to_present.pdf,20170329060838,OLD-A,
HG,2016-01-29,Spec Mnth14,spec,14,2915.0,2650.0,USD,HG_2008_to_present.pdf,20170329060838,OLD-A,
HG,2016-01-29,Spec Mnth15,spec,15,2915.0,2650.0,USD,HG_2008_to_present.pdf,20170329060838,OLD-A,
HG,2016-01-29,Spec Mnth16,spec,16,2915.0,2650.0,USD,HG_2008_to_present.pdf,20170329060838,OLD-A,
HG,2016-01-29,Spec Mnth17,spec,17,2915.0,2650.0,USD,HG_2008_to_present.pdf,20170329060838,OLD-A,
HG,2016-01-29,Spec Mnth18,spec,18,2915.0,2650.0,USD,HG_2008_to_present.pdf,20170329060838,OLD-A,
HG,2016-01-29,Spec Mnth19,spec,19,2915.0,2650.0,USD,HG_2008_to_present.pdf,20170329060838,OLD-A,
HG,2016-01-29,Spec Mnth20,spec,20,2915.0,2650.0,USD,HG_2008_to_present.pdf,20170329060838,OLD-A,
HG,2016-01-29,Spec Mnth21,spec,21,2915.0,2650.0,USD,HG_2008_to_present.pdf,20170329060838,OLD-A,
HG,2016-01-29,Spec Mnth22,spec,22,2915.0,2650.0,USD,HG_2008_to_present.pdf,20170329060838,OLD-A,
HG,2016-01-29,Spec Mnth23,spec,23,2915.0,2650.0,USD,HG_2008_to_present.pdf,20170329060838,OLD-A,
HG,2016-01-29,Spec Mnth24,spec,24,2915.0,2650.0,USD,HG_2008_to_present.pdf,20170329060838,OLD-A,
HG,2016-01-29,Spec Mnth25,spec,25,2915.0,2650.0,USD,HG_2008_to_present.pdf,20170329060838,OLD-A,
HG,2016-01-29,Spec Mnth26,spec,26,2805.0,2550.0,USD,HG_2008_to_present.pdf,20170329060838,OLD-A,
HG,2016-01-29,Spec Mnth27,spec,27,2805.0,2550.0,USD,HG_2008_to_present.pdf,20170329060838,OLD-A,
HG,2016-01-29,Spec Mnth28,spec,28,2805.0,2550.0,USD,HG_2008_to_present.pdf,20170329060838,OLD-A,
HG,2016-01-29,Spec Mnth29,spec,29,2805.0,2550.0,USD,HG_2008_to_present.pdf,20170329060838,OLD-A,
HG,2016-01-29,Spec Mnth30,spec,30,2805.0,2550.0,USD,HG_2008_to_present.pdf,20170329060838,OLD-A,
HG,2016-01-29,Spec Mnth31,spec,31,2805.0,2550.0,USD,HG_2008_to_present.pdf,20170329060838,OLD-A,
HG,2016-01-29,Spec Mnth32,spec,32,2805.0,2550.0,USD,HG_2008_to_present.pdf,20170329060838,OLD-A,
HG,2016-01-29,Spec Mnth33,spec,33,2805.0,2550.0,USD,HG_2008_to_present.pdf,20170329060838,OLD-A,
HG,2016-01-29,Spec Mnth34,spec,34,2805.0,2550.0,USD,HG_2008_to_present.pdf,20170329060838,OLD-A,
HG,2016-01-29,Spec Mnth35,spec,35,2805.0,2550.0,USD,HG_2008_to_present.pdf,20170329060838,OLD-A,
HG,2016-01-29,Spec Mnth36,spec,36,2805.0,2550.0,USD,HG_2008_to_present.pdf,20170329060838,OLD-A,
HG,2016-01-29,Spec Mnth37,spec,37,2805.0,2550.0,USD,HG_2008_to_present.pdf,20170329060838,OLD-A,
HG,2016-01-29,Spec Mnth38,spec,38,2805.0,2550.0,USD,HG_2008_to_present.pdf,20170329060838,OLD-A,
HG,2016-01-29,Spec Mnth39+,spec,39,2805.0,2550.0,USD,HG_2008_to_present.pdf,20170329060838,OLD-A,
HG,2016-04-08,Hedge/Member Mnth1,hedge/member,1,2600.0,2600.0,USD,HG_2008_to_present.pdf,20170329060838,OLD-A,
HG,2016-04-08,Hedge/Member Mnth2,hedge/member,2,2600.0,2600.0,USD,HG_2008_to_present.pdf,20170329060838,OLD-A,
HG,2016-04-08,Hedge/Member Mnth3,hedge/member,3,2600.0,2600.0,USD,HG_2008_to_present.pdf,20170329060838,OLD-A,
HG,2016-04-08,Hedge/Member Mnth4,hedge/member,4,2600.0,2600.0,USD,HG_2008_to_present.pdf,20170329060838,OLD-A,
HG,2016-04-08,Hedge/Member Mnth5,hedge/member,5,2600.0,2600.0,USD,HG_2008_to_present.pdf,20170329060838,OLD-A,
HG,2016-04-08,Hedge/Member Mnth6,hedge/member,6,2550.0,2550.0,USD,HG_2008_to_present.pdf,20170329060838,OLD-A,
HG,2016-04-08,Hedge/Member Mnth7,hedge/member,7,2550.0,2550.0,USD,HG_2008_to_present.pdf,20170329060838,OLD-A,
HG,2016-04-08,Hedge/Member Mnth8,hedge/member,8,2500.0,2500.0,USD,HG_2008_to_present.pdf,20170329060838,OLD-A,
HG,2016-04-08,Hedge/Member Mnth9,hedge/member,9,2400.0,2400.0,USD,HG_2008_to_present.pdf,20170329060838,OLD-A,
HG,2016-04-08,Hedge/Member Mnth10,hedge/member,10,2400.0,2400.0,USD,HG_2008_to_present.pdf,20170329060838,OLD-A,
HG,2016-04-08,Hedge/Member Mnth11,hedge/member,11,2400.0,2400.0,USD,HG_2008_to_present.pdf,20170329060838,OLD-A,
HG,2016-04-08,Hedge/Member Mnth12,hedge/member,12,2400.0,2400.0,USD,HG_2008_to_present.pdf,20170329060838,OLD-A,
HG,2016-04-08,Hedge/Member Mnth13,hedge/member,13,2400.0,2400.0,USD,HG_2008_to_present.pdf,20170329060838,OLD-A,
HG,2016-04-08,Hedge/Member Mnth14,hedge/member,14,2400.0,2400.0,USD,HG_2008_to_present.pdf,20170329060838,OLD-A,
HG,2016-04-08,Hedge/Member Mnth15,hedge/member,15,2400.0,2400.0,USD,HG_2008_to_present.pdf,20170329060838,OLD-A,
HG,2016-04-08,Hedge/Member Mnth16,hedge/member,16,2400.0,2400.0,USD,HG_2008_to_present.pdf,20170329060838,OLD-A,
HG,2016-04-08,Hedge/Member Mnth17,hedge/member,17,2400.0,2400.0,USD,HG_2008_to_present.pdf,20170329060838,OLD-A,
HG,2016-04-08,Hedge/Member Mnth18,hedge/member,18,2400.0,2400.0,USD,HG_2008_to_present.pdf,20170329060838,OLD-A,
HG,2016-04-08,Hedge/Member Mnth19,hedge/member,19,2400.0,2400.0,USD,HG_2008_to_present.pdf,20170329060838,OLD-A,
HG,2016-04-08,Hedge/Member Mnth20,hedge/member,20,2400.0,2400.0,USD,HG_2008_to_present.pdf,20170329060838,OLD-A,
HG,2016-04-08,Hedge/Member Mnth21,hedge/member,21,2400.0,2400.0,USD,HG_2008_to_present.pdf,20170329060838,OLD-A,
HG,2016-04-08,Hedge/Member Mnth22,hedge/member,22,2400.0,2400.0,USD,HG_2008_to_present.pdf,20170329060838,OLD-A,
HG,2016-04-08,Hedge/Member Mnth23,hedge/member,23,2400.0,2400.0,USD,HG_2008_to_present.pdf,20170329060838,OLD-A,
HG,2016-04-08,Hedge/Member Mnth24,hedge/member,24,2400.0,2400.0,USD,HG_2008_to_present.pdf,20170329060838,OLD-A,
HG,2016-04-08,Hedge/Member Mnth25,hedge/member,25,2400.0,2400.0,USD,HG_2008_to_present.pdf,20170329060838,OLD-A,
HG,2016-04-08,Hedge/Member Mnth26,hedge/member,26,2300.0,2300.0,USD,HG_2008_to_present.pdf,20170329060838,OLD-A,
HG,2016-04-08,Hedge/Member Mnth27,hedge/member,27,2300.0,2300.0,USD,HG_2008_to_present.pdf,20170329060838,OLD-A,
HG,2016-04-08,Hedge/Member Mnth28,hedge/member,28,2300.0,2300.0,USD,HG_2008_to_present.pdf,20170329060838,OLD-A,
HG,2016-04-08,Hedge/Member Mnth29,hedge/member,29,2300.0,2300.0,USD,HG_2008_to_present.pdf,20170329060838,OLD-A,
HG,2016-04-08,Hedge/Member Mnth30,hedge/member,30,2300.0,2300.0,USD,HG_2008_to_present.pdf,20170329060838,OLD-A,
HG,2016-04-08,Hedge/Member Mnth31,hedge/member,31,2300.0,2300.0,USD,HG_2008_to_present.pdf,20170329060838,OLD-A,
HG,2016-04-08,Hedge/Member Mnth32,hedge/member,32,2300.0,2300.0,USD,HG_2008_to_present.pdf,20170329060838,OLD-A,
HG,2016-04-08,Hedge/Member Mnth33,hedge/member,33,2300.0,2300.0,USD,HG_2008_to_present.pdf,20170329060838,OLD-A,
HG,2016-04-08,Hedge/Member Mnth34,hedge/member,34,2300.0,2300.0,USD,HG_2008_to_present.pdf,20170329060838,OLD-A,
HG,2016-04-08,Hedge/Member Mnth35,hedge/member,35,2300.0,2300.0,USD,HG_2008_to_present.pdf,20170329060838,OLD-A,
HG,2016-04-08,Hedge/Member Mnth36,hedge/member,36,2300.0,2300.0,USD,HG_2008_to_present.pdf,20170329060838,OLD-A,
HG,2016-04-08,Hedge/Member Mnth37,hedge/member,37,2300.0,2300.0,USD,HG_2008_to_present.pdf,20170329060838,OLD-A,
HG,2016-04-08,Hedge/Member Mnth38,hedge/member,38,2300.0,2300.0,USD,HG_2008_to_present.pdf,20170329060838,OLD-A,
HG,2016-04-08,Hedge/Member Mnth39+,hedge/member,39,2300.0,2300.0,USD,HG_2008_to_present.pdf,20170329060838,OLD-A,
HG,2016-04-08,Spec Mnth1,spec,1,2860.0,2600.0,USD,HG_2008_to_present.pdf,20170329060838,OLD-A,
HG,2016-04-08,Spec Mnth2,spec,2,2860.0,2600.0,USD,HG_2008_to_present.pdf,20170329060838,OLD-A,
HG,2016-04-08,Spec Mnth3,spec,3,2860.0,2600.0,USD,HG_2008_to_present.pdf,20170329060838,OLD-A,
HG,2016-04-08,Spec Mnth4,spec,4,2860.0,2600.0,USD,HG_2008_to_present.pdf,20170329060838,OLD-A,
HG,2016-04-08,Spec Mnth5,spec,5,2860.0,2600.0,USD,HG_2008_to_present.pdf,20170329060838,OLD-A,
HG,2016-04-08,Spec Mnth6,spec,6,2805.0,2550.0,USD,HG_2008_to_present.pdf,20170329060838,OLD-A,
HG,2016-04-08,Spec Mnth7,spec,7,2805.0,2550.0,USD,HG_2008_to_present.pdf,20170329060838,OLD-A,
HG,2016-04-08,Spec Mnth8,spec,8,2750.0,2500.0,USD,HG_2008_to_present.pdf,20170329060838,OLD-A,
HG,2016-04-08,Spec Mnth9,spec,9,2640.0,2400.0,USD,HG_2008_to_present.pdf,20170329060838,OLD-A,
HG,2016-04-08,Spec Mnth10,spec,10,2640.0,2400.0,USD,HG_2008_to_present.pdf,20170329060838,OLD-A,
HG,2016-04-08,Spec Mnth11,spec,11,2640.0,2400.0,USD,HG_2008_to_present.pdf,20170329060838,OLD-A,
HG,2016-04-08,Spec Mnth12,spec,12,2640.0,2400.0,USD,HG_2008_to_present.pdf,20170329060838,OLD-A,
HG,2016-04-08,Spec Mnth13,spec,13,2640.0,2400.0,USD,HG_2008_to_present.pdf,20170329060838,OLD-A,
HG,2016-04-08,Spec Mnth14,spec,14,2640.0,2400.0,USD,HG_2008_to_present.pdf,20170329060838,OLD-A,
HG,2016-04-08,Spec Mnth15,spec,15,2640.0,2400.0,USD,HG_2008_to_present.pdf,20170329060838,OLD-A,
HG,2016-04-08,Spec Mnth16,spec,16,2640.0,2400.0,USD,HG_2008_to_present.pdf,20170329060838,OLD-A,
HG,2016-04-08,Spec Mnth17,spec,17,2640.0,2400.0,USD,HG_2008_to_present.pdf,20170329060838,OLD-A,
HG,2016-04-08,Spec Mnth18,spec,18,2640.0,2400.0,USD,HG_2008_to_present.pdf,20170329060838,OLD-A,
HG,2016-04-08,Spec Mnth19,spec,19,2640.0,2400.0,USD,HG_2008_to_present.pdf,20170329060838,OLD-A,
HG,2016-04-08,Spec Mnth20,spec,20,2640.0,2400.0,USD,HG_2008_to_present.pdf,20170329060838,OLD-A,
HG,2016-04-08,Spec Mnth21,spec,21,2640.0,2400.0,USD,HG_2008_to_present.pdf,20170329060838,OLD-A,
HG,2016-04-08,Spec Mnth22,spec,22,2640.0,2400.0,USD,HG_2008_to_present.pdf,20170329060838,OLD-A,
HG,2016-04-08,Spec Mnth23,spec,23,2640.0,2400.0,USD,HG_2008_to_present.pdf,20170329060838,OLD-A,
HG,2016-04-08,Spec Mnth24,spec,24,2640.0,2400.0,USD,HG_2008_to_present.pdf,20170329060838,OLD-A,
HG,2016-04-08,Spec Mnth25,spec,25,2640.0,2400.0,USD,HG_2008_to_present.pdf,20170329060838,OLD-A,
HG,2016-04-08,Spec Mnth26,spec,26,2530.0,2300.0,USD,HG_2008_to_present.pdf,20170329060838,OLD-A,
HG,2016-04-08,Spec Mnth27,spec,27,2530.0,2300.0,USD,HG_2008_to_present.pdf,20170329060838,OLD-A,
HG,2016-04-08,Spec Mnth28,spec,28,2530.0,2300.0,USD,HG_2008_to_present.pdf,20170329060838,OLD-A,
HG,2016-04-08,Spec Mnth29,spec,29,2530.0,2300.0,USD,HG_2008_to_present.pdf,20170329060838,OLD-A,
HG,2016-04-08,Spec Mnth30,spec,30,2530.0,2300.0,USD,HG_2008_to_present.pdf,20170329060838,OLD-A,
HG,2016-04-08,Spec Mnth31,spec,31,2530.0,2300.0,USD,HG_2008_to_present.pdf,20170329060838,OLD-A,
HG,2016-04-08,Spec Mnth32,spec,32,2530.0,2300.0,USD,HG_2008_to_present.pdf,20170329060838,OLD-A,
HG,2016-04-08,Spec Mnth33,spec,33,2530.0,2300.0,USD,HG_2008_to_present.pdf,20170329060838,OLD-A,
HG,2016-04-08,Spec Mnth34,spec,34,2530.0,2300.0,USD,HG_2008_to_present.pdf,20170329060838,OLD-A,
HG,2016-04-08,Spec Mnth35,spec,35,2530.0,2300.0,USD,HG_2008_to_present.pdf,20170329060838,OLD-A,
HG,2016-04-08,Spec Mnth36,spec,36,2530.0,2300.0,USD,HG_2008_to_present.pdf,20170329060838,OLD-A,
HG,2016-04-08,Spec Mnth37,spec,37,2530.0,2300.0,USD,HG_2008_to_present.pdf,20170329060838,OLD-A,
HG,2016-04-08,Spec Mnth38,spec,38,2530.0,2300.0,USD,HG_2008_to_present.pdf,20170329060838,OLD-A,
HG,2016-04-08,Spec Mnth39+,spec,39,2530.0,2300.0,USD,HG_2008_to_present.pdf,20170329060838,OLD-A,
HG,2016-05-06,Hedge/Member Mnth1,hedge/member,1,2300.0,2300.0,USD,HG_2008_to_present.pdf,20170329060838,OLD-A,
HG,2016-05-06,Hedge/Member Mnth2,hedge/member,2,2300.0,2300.0,USD,HG_2008_to_present.pdf,20170329060838,OLD-A,
HG,2016-05-06,Hedge/Member Mnth3,hedge/member,3,2300.0,2300.0,USD,HG_2008_to_present.pdf,20170329060838,OLD-A,
HG,2016-05-06,Hedge/Member Mnth4,hedge/member,4,2300.0,2300.0,USD,HG_2008_to_present.pdf,20170329060838,OLD-A,
HG,2016-05-06,Hedge/Member Mnth5,hedge/member,5,2300.0,2300.0,USD,HG_2008_to_present.pdf,20170329060838,OLD-A,
HG,2016-05-06,Hedge/Member Mnth6,hedge/member,6,2250.0,2250.0,USD,HG_2008_to_present.pdf,20170329060838,OLD-A,
HG,2016-05-06,Hedge/Member Mnth7,hedge/member,7,2250.0,2250.0,USD,HG_2008_to_present.pdf,20170329060838,OLD-A,
HG,2016-05-06,Hedge/Member Mnth8,hedge/member,8,2200.0,2200.0,USD,HG_2008_to_present.pdf,20170329060838,OLD-A,
HG,2016-05-06,Hedge/Member Mnth9,hedge/member,9,2100.0,2100.0,USD,HG_2008_to_present.pdf,20170329060838,OLD-A,
HG,2016-05-06,Hedge/Member Mnth10,hedge/member,10,2100.0,2100.0,USD,HG_2008_to_present.pdf,20170329060838,OLD-A,
HG,2016-05-06,Hedge/Member Mnth11,hedge/member,11,2100.0,2100.0,USD,HG_2008_to_present.pdf,20170329060838,OLD-A,
HG,2016-05-06,Hedge/Member Mnth12,hedge/member,12,2100.0,2100.0,USD,HG_2008_to_present.pdf,20170329060838,OLD-A,
HG,2016-05-06,Hedge/Member Mnth13,hedge/member,13,2100.0,2100.0,USD,HG_2008_to_present.pdf,20170329060838,OLD-A,
HG,2016-05-06,Hedge/Member Mnth14,hedge/member,14,2100.0,2100.0,USD,HG_2008_to_present.pdf,20170329060838,OLD-A,
HG,2016-05-06,Hedge/Member Mnth15,hedge/member,15,2100.0,2100.0,USD,HG_2008_to_present.pdf,20170329060838,OLD-A,
HG,2016-05-06,Hedge/Member Mnth16,hedge/member,16,2100.0,2100.0,USD,HG_2008_to_present.pdf,20170329060838,OLD-A,
HG,2016-05-06,Hedge/Member Mnth17,hedge/member,17,2100.0,2100.0,USD,HG_2008_to_present.pdf,20170329060838,OLD-A,
HG,2016-05-06,Hedge/Member Mnth18,hedge/member,18,2100.0,2100.0,USD,HG_2008_to_present.pdf,20170329060838,OLD-A,
HG,2016-05-06,Hedge/Member Mnth19,hedge/member,19,2100.0,2100.0,USD,HG_2008_to_present.pdf,20170329060838,OLD-A,
HG,2016-05-06,Hedge/Member Mnth20,hedge/member,20,2100.0,2100.0,USD,HG_2008_to_present.pdf,20170329060838,OLD-A,
HG,2016-05-06,Hedge/Member Mnth21,hedge/member,21,2100.0,2100.0,USD,HG_2008_to_present.pdf,20170329060838,OLD-A,
HG,2016-05-06,Spec Mnth1,spec,1,2530.0,2300.0,USD,HG_2008_to_present.pdf,20170329060838,OLD-A,
HG,2016-05-06,Spec Mnth2,spec,2,2530.0,2300.0,USD,HG_2008_to_present.pdf,20170329060838,OLD-A,
HG,2016-05-06,Spec Mnth3,spec,3,2530.0,2300.0,USD,HG_2008_to_present.pdf,20170329060838,OLD-A,
HG,2016-05-06,Spec Mnth4,spec,4,2530.0,2300.0,USD,HG_2008_to_present.pdf,20170329060838,OLD-A,
HG,2016-05-06,Spec Mnth5,spec,5,2530.0,2300.0,USD,HG_2008_to_present.pdf,20170329060838,OLD-A,
HG,2016-05-06,Spec Mnth6,spec,6,2475.0,2250.0,USD,HG_2008_to_present.pdf,20170329060838,OLD-A,
HG,2016-05-06,Spec Mnth7,spec,7,2475.0,2250.0,USD,HG_2008_to_present.pdf,20170329060838,OLD-A,
HG,2016-05-06,Spec Mnth8,spec,8,2420.0,2200.0,USD,HG_2008_to_present.pdf,20170329060838,OLD-A,
HG,2016-05-06,Spec Mnth9,spec,9,2310.0,2100.0,USD,HG_2008_to_present.pdf,20170329060838,OLD-A,
HG,2016-05-06,Spec Mnth10,spec,10,2310.0,2100.0,USD,HG_2008_to_present.pdf,20170329060838,OLD-A,
HG,2016-05-06,Spec Mnth11,spec,11,2310.0,2100.0,USD,HG_2008_to_present.pdf,20170329060838,OLD-A,
HG,2016-05-06,Spec Mnth12,spec,12,2310.0,2100.0,USD,HG_2008_to_present.pdf,20170329060838,OLD-A,
HG,2016-05-06,Spec Mnth13,spec,13,2310.0,2100.0,USD,HG_2008_to_present.pdf,20170329060838,OLD-A,
HG,2016-05-06,Spec Mnth14,spec,14,2310.0,2100.0,USD,HG_2008_to_present.pdf,20170329060838,OLD-A,
HG,2016-05-06,Spec Mnth15,spec,15,2310.0,2100.0,USD,HG_2008_to_present.pdf,20170329060838,OLD-A,
HG,2016-05-06,Spec Mnth16,spec,16,2310.0,2100.0,USD,HG_2008_to_present.pdf,20170329060838,OLD-A,
HG,2016-05-06,Spec Mnth17,spec,17,2310.0,2100.0,USD,HG_2008_to_present.pdf,20170329060838,OLD-A,
HG,2016-05-06,Spec Mnth18,spec,18,2310.0,2100.0,USD,HG_2008_to_present.pdf,20170329060838,OLD-A,
HG,2016-05-06,Spec Mnth19,spec,19,2310.0,2100.0,USD,HG_2008_to_present.pdf,20170329060838,OLD-A,
HG,2016-05-06,Spec Mnth20,spec,20,2310.0,2100.0,USD,HG_2008_to_present.pdf,20170329060838,OLD-A,
HG,2016-05-06,Spec Mnth21,spec,21,2310.0,2100.0,USD,HG_2008_to_present.pdf,20170329060838,OLD-A,
SI,2009-01-08,Hedge/Member,hedge/member,1,6400.0,6400.0,USD,SI_2009_to_december_2010.pdf,20110601081327,OLD-A,
SI,2009-01-08,Spec,spec,1,8640.0,6400.0,USD,SI_2009_to_december_2010.pdf,20110601081327,OLD-A,initial_restated
SI,2009-01-22,Hedge/Member,hedge/member,1,6000.0,6000.0,USD,SI_2009_to_december_2010.pdf,20110601081327,OLD-A,
SI,2009-01-22,Spec,spec,1,8100.0,6000.0,USD,SI_2009_to_december_2010.pdf,20110601081327,OLD-A,initial_restated
SI,2009-05-28,Hedge/Member,hedge/member,1,7000.0,7000.0,USD,SI_2009_to_december_2010.pdf,20110601081327,OLD-A,
SI,2009-05-28,Spec,spec,1,9450.0,7000.0,USD,SI_2009_to_december_2010.pdf,20110601081327,OLD-A,initial_restated
SI,2009-06-26,Hedge/Member,hedge/member,1,6000.0,6000.0,USD,SI_2009_to_december_2010.pdf,20110601081327,OLD-A,
SI,2009-06-26,Spec,spec,1,8100.0,6000.0,USD,SI_2009_to_december_2010.pdf,20110601081327,OLD-A,initial_restated
SI,2009-08-21,Hedge/Member,hedge/member,1,4000.0,4000.0,USD,SI_2009_to_december_2010.pdf,20110601081327,OLD-A,
SI,2009-08-21,Spec,spec,1,5400.0,4000.0,USD,SI_2009_to_december_2010.pdf,20110601081327,OLD-A,initial_restated
SI,2009-12-15,Hedge/Member,hedge/member,1,4500.0,4500.0,USD,SI_2009_to_december_2010.pdf,20110601081327,OLD-A,
SI,2009-12-15,Spec,spec,1,6075.0,4500.0,USD,SI_2009_to_december_2010.pdf,20110601081327,OLD-A,initial_restated
SI,2010-02-12,Hedge/Member,hedge/member,1,5000.0,5000.0,USD,SI_2009_to_december_2010.pdf,20110601081327,OLD-A,
SI,2010-02-12,Spec,spec,1,6750.0,5000.0,USD,SI_2009_to_december_2010.pdf,20110601081327,OLD-A,initial_restated
SI,2010-03-02,Hedge/Member Tier 1,hedge/member,1,5000.0,5000.0,USD,SI_2009_to_december_2010.pdf,20110601081327,OLD-A,
SI,2010-03-02,Hedge/Member Tier 2,hedge/member,2,5000.0,5000.0,USD,SI_2009_to_december_2010.pdf,20110601081327,OLD-A,
SI,2010-03-02,Spec Tier 1,spec,1,6750.0,5000.0,USD,SI_2009_to_december_2010.pdf,20110601081327,OLD-A,initial_restated
SI,2010-03-02,Spec Tier 2,spec,2,6750.0,5000.0,USD,SI_2009_to_december_2010.pdf,20110601081327,OLD-A,initial_restated
SI,2010-04-30,Hedge/Member Tier 1,hedge/member,1,4250.0,4250.0,USD,SI_2009_to_december_2010.pdf,20110601081327,OLD-A,
SI,2010-04-30,Hedge/Member Tier 2,hedge/member,2,4250.0,4250.0,USD,SI_2009_to_december_2010.pdf,20110601081327,OLD-A,
SI,2010-04-30,Spec Tier 1,spec,1,5737.5,4250.0,USD,SI_2009_to_december_2010.pdf,20110601081327,OLD-A,initial_restated
SI,2010-04-30,Spec Tier 2,spec,2,5737.5,4250.0,USD,SI_2009_to_december_2010.pdf,20110601081327,OLD-A,initial_restated
SI,2010-06-07,Hedge/Member Tier 1,hedge/member,1,5000.0,5000.0,USD,SI_2009_to_december_2010.pdf,20110601081327,OLD-A,
SI,2010-06-07,Hedge/Member Tier 2,hedge/member,2,5000.0,5000.0,USD,SI_2009_to_december_2010.pdf,20110601081327,OLD-A,
SI,2010-06-07,Spec Tier 1,spec,1,6750.0,5000.0,USD,SI_2009_to_december_2010.pdf,20110601081327,OLD-A,initial_restated
SI,2010-06-07,Spec Tier 2,spec,2,6750.0,5000.0,USD,SI_2009_to_december_2010.pdf,20110601081327,OLD-A,initial_restated
SI,2010-10-01,Hedge/Member Tier 3,hedge/member,1,5000.0,5000.0,USD,SI_2009_to_december_2010.pdf,20110601081327,OLD-A,
SI,2010-10-01,Spec Tier 3,spec,1,6750.0,5000.0,USD,SI_2009_to_december_2010.pdf,20110601081327,OLD-A,initial_restated
SI,2010-11-11,Hedge/Member Tier 1,hedge/member,1,6500.0,6500.0,USD,SI_2009_to_december_2010.pdf,20110601081327,OLD-A,
SI,2010-11-11,Hedge/Member Tier 2,hedge/member,2,6500.0,6500.0,USD,SI_2009_to_december_2010.pdf,20110601081327,OLD-A,
SI,2010-11-11,Hedge/Member Tier 3,hedge/member,3,6500.0,6500.0,USD,SI_2009_to_december_2010.pdf,20110601081327,OLD-A,
SI,2010-11-11,Spec Tier 1,spec,1,8775.0,6500.0,USD,SI_2009_to_december_2010.pdf,20110601081327,OLD-A,initial_restated
SI,2010-11-11,Spec Tier 2,spec,2,8775.0,6500.0,USD,SI_2009_to_december_2010.pdf,20110601081327,OLD-A,initial_restated
SI,2010-11-11,Spec Tier 3,spec,3,8775.0,6500.0,USD,SI_2009_to_december_2010.pdf,20110601081327,OLD-A,initial_restated
SI,2010-11-16,Hedge/Member Tier 1,hedge/member,1,7250.0,7250.0,USD,SI_2009_to_december_2010.pdf,20110601081327,OLD-A,
SI,2010-11-16,Hedge/Member Tier 2,hedge/member,2,7250.0,7250.0,USD,SI_2009_to_december_2010.pdf,20110601081327,OLD-A,
SI,2010-11-16,Hedge/Member Tier 3,hedge/member,3,7250.0,7250.0,USD,SI_2009_to_december_2010.pdf,20110601081327,OLD-A,
SI,2010-11-16,Spec Tier 1,spec,1,9787.5,7250.0,USD,SI_2009_to_december_2010.pdf,20110601081327,OLD-A,initial_restated
SI,2010-11-16,Spec Tier 2,spec,2,9787.5,7250.0,USD,SI_2009_to_december_2010.pdf,20110601081327,OLD-A,initial_restated
SI,2010-11-16,Spec Tier 3,spec,3,9787.5,7250.0,USD,SI_2009_to_december_2010.pdf,20110601081327,OLD-A,initial_restated
SI,2010-12-17,Hedge/Member Tier 1,hedge/member,1,7750.0,7750.0,USD,SI_2009_to_december_2010.pdf,20110601081327,OLD-A,
SI,2010-12-17,Hedge/Member Tier 2,hedge/member,2,7750.0,7750.0,USD,SI_2009_to_december_2010.pdf,20110601081327,OLD-A,
SI,2010-12-17,Hedge/Member Tier 3,hedge/member,3,7750.0,7750.0,USD,SI_2009_to_december_2010.pdf,20110601081327,OLD-A,
SI,2010-12-17,Spec Tier 1,spec,1,10462.5,7750.0,USD,SI_2009_to_december_2010.pdf,20110601081327,OLD-A,initial_restated
SI,2010-12-17,Spec Tier 2,spec,2,10462.5,7750.0,USD,SI_2009_to_december_2010.pdf,20110601081327,OLD-A,initial_restated
SI,2010-12-17,Spec Tier 3,spec,3,10462.5,7750.0,USD,SI_2009_to_december_2010.pdf,20110601081327,OLD-A,initial_restated
SI,2011-01-21,Hedge/Member Tier 1,hedge/member,1,8250.0,8250.0,USD,SI_2009_to_may_2011.pdf,20110708070333,OLD-A,
SI,2011-01-21,Hedge/Member Tier 2,hedge/member,2,8250.0,8250.0,USD,SI_2009_to_may_2011.pdf,20110708070333,OLD-A,
SI,2011-01-21,Hedge/Member Tier 3,hedge/member,3,8250.0,8250.0,USD,SI_2009_to_may_2011.pdf,20110708070333,OLD-A,
SI,2011-01-21,Spec Tier 1,spec,1,11137.5,8250.0,USD,SI_2009_to_may_2011.pdf,20110708070333,OLD-A,initial_restated
SI,2011-01-21,Spec Tier 2,spec,2,11137.5,8250.0,USD,SI_2009_to_may_2011.pdf,20110708070333,OLD-A,initial_restated
SI,2011-01-21,Spec Tier 3,spec,3,11137.5,8250.0,USD,SI_2009_to_may_2011.pdf,20110708070333,OLD-A,initial_restated
SI,2011-02-04,Hedge/Member Tier 4,hedge/member,1,8250.0,8250.0,USD,SI_2009_to_may_2011.pdf,20110708070333,OLD-A,
SI,2011-02-04,Spec Tier 4,spec,1,11137.5,8250.0,USD,SI_2009_to_may_2011.pdf,20110708070333,OLD-A,initial_restated
SI,2011-03-25,Hedge/Member Tier 1,hedge/member,1,8700.0,8700.0,USD,SI_2009_to_may_2011.pdf,20110708070333,OLD-A,
SI,2011-03-25,Hedge/Member Tier 2,hedge/member,2,8700.0,8700.0,USD,SI_2009_to_may_2011.pdf,20110708070333,OLD-A,
SI,2011-03-25,Hedge/Member Tier 3,hedge/member,3,8700.0,8700.0,USD,SI_2009_to_may_2011.pdf,20110708070333,OLD-A,
SI,2011-03-25,Hedge/Member Tier 4,hedge/member,4,8700.0,8700.0,USD,SI_2009_to_may_2011.pdf,20110708070333,OLD-A,
SI,2011-03-25,Spec Tier 1,spec,1,11745.0,8700.0,USD,SI_2009_to_may_2011.pdf,20110708070333,OLD-A,initial_restated
SI,2011-03-25,Spec Tier 2,spec,2,11745.0,8700.0,USD,SI_2009_to_may_2011.pdf,20110708070333,OLD-A,initial_restated
SI,2011-03-25,Spec Tier 3,spec,3,11745.0,8700.0,USD,SI_2009_to_may_2011.pdf,20110708070333,OLD-A,initial_restated
SI,2011-03-25,Spec Tier 4,spec,4,11745.0,8700.0,USD,SI_2009_to_may_2011.pdf,20110708070333,OLD-A,initial_restated
SI,2011-04-26,Hedge/Member Tier 1,hedge/member,1,9500.0,9500.0,USD,SI_2009_to_may_2011.pdf,20110708070333,OLD-A,
SI,2011-04-26,Hedge/Member Tier 2,hedge/member,2,9500.0,9500.0,USD,SI_2009_to_may_2011.pdf,20110708070333,OLD-A,
SI,2011-04-26,Hedge/Member Tier 3,hedge/member,3,9500.0,9500.0,USD,SI_2009_to_may_2011.pdf,20110708070333,OLD-A,
SI,2011-04-26,Hedge/Member Tier 4,hedge/member,4,9500.0,9500.0,USD,SI_2009_to_may_2011.pdf,20110708070333,OLD-A,
SI,2011-04-26,Spec Tier 1,spec,1,12825.0,9500.0,USD,SI_2009_to_may_2011.pdf,20110708070333,OLD-A,initial_restated
SI,2011-04-26,Spec Tier 2,spec,2,12825.0,9500.0,USD,SI_2009_to_may_2011.pdf,20110708070333,OLD-A,initial_restated
SI,2011-04-26,Spec Tier 3,spec,3,12825.0,9500.0,USD,SI_2009_to_may_2011.pdf,20110708070333,OLD-A,initial_restated
SI,2011-04-26,Spec Tier 4,spec,4,12825.0,9500.0,USD,SI_2009_to_may_2011.pdf,20110708070333,OLD-A,initial_restated
SI,2011-04-29,Hedge/Member Tier 1,hedge/member,1,10750.0,10750.0,USD,SI_2009_to_may_2011.pdf,20110708070333,OLD-A,
SI,2011-04-29,Hedge/Member Tier 2,hedge/member,2,10750.0,10750.0,USD,SI_2009_to_may_2011.pdf,20110708070333,OLD-A,
SI,2011-04-29,Hedge/Member Tier 3,hedge/member,3,10750.0,10750.0,USD,SI_2009_to_may_2011.pdf,20110708070333,OLD-A,
SI,2011-04-29,Hedge/Member Tier 4,hedge/member,4,10750.0,10750.0,USD,SI_2009_to_may_2011.pdf,20110708070333,OLD-A,
SI,2011-04-29,Spec Tier 1,spec,1,14512.5,10750.0,USD,SI_2009_to_may_2011.pdf,20110708070333,OLD-A,initial_restated
SI,2011-04-29,Spec Tier 2,spec,2,14512.5,10750.0,USD,SI_2009_to_may_2011.pdf,20110708070333,OLD-A,initial_restated
SI,2011-04-29,Spec Tier 3,spec,3,14512.5,10750.0,USD,SI_2009_to_may_2011.pdf,20110708070333,OLD-A,initial_restated
SI,2011-04-29,Spec Tier 4,spec,4,14512.5,10750.0,USD,SI_2009_to_may_2011.pdf,20110708070333,OLD-A,initial_restated
SI,2011-05-03,Hedge/Member Tier 1,hedge/member,1,12000.0,12000.0,USD,SI_2009_to_may_2011.pdf,20110708070333,OLD-A,
SI,2011-05-03,Hedge/Member Tier 2,hedge/member,2,12000.0,12000.0,USD,SI_2009_to_may_2011.pdf,20110708070333,OLD-A,
SI,2011-05-03,Hedge/Member Tier 3,hedge/member,3,12000.0,12000.0,USD,SI_2009_to_may_2011.pdf,20110708070333,OLD-A,
SI,2011-05-03,Hedge/Member Tier 4,hedge/member,4,12000.0,12000.0,USD,SI_2009_to_may_2011.pdf,20110708070333,OLD-A,
SI,2011-05-03,Spec Tier 1,spec,1,16200.0,12000.0,USD,SI_2009_to_may_2011.pdf,20110708070333,OLD-A,initial_restated
SI,2011-05-03,Spec Tier 2,spec,2,16200.0,12000.0,USD,SI_2009_to_may_2011.pdf,20110708070333,OLD-A,initial_restated
SI,2011-05-03,Spec Tier 3,spec,3,16200.0,12000.0,USD,SI_2009_to_may_2011.pdf,20110708070333,OLD-A,initial_restated
SI,2011-05-03,Spec Tier 4,spec,4,16200.0,12000.0,USD,SI_2009_to_may_2011.pdf,20110708070333,OLD-A,initial_restated
SI,2011-05-05,Hedge/Member Tier 1,hedge/member,1,14000.0,14000.0,USD,SI_2009_to_may_2011.pdf,20110708070333,OLD-A,
SI,2011-05-05,Hedge/Member Tier 2,hedge/member,2,14000.0,14000.0,USD,SI_2009_to_may_2011.pdf,20110708070333,OLD-A,
SI,2011-05-05,Hedge/Member Tier 3,hedge/member,3,14000.0,14000.0,USD,SI_2009_to_may_2011.pdf,20110708070333,OLD-A,
SI,2011-05-05,Hedge/Member Tier 4,hedge/member,4,14000.0,14000.0,USD,SI_2009_to_may_2011.pdf,20110708070333,OLD-A,
SI,2011-05-05,Spec Tier 1,spec,1,18900.0,14000.0,USD,SI_2009_to_may_2011.pdf,20110708070333,OLD-A,initial_restated
SI,2011-05-05,Spec Tier 2,spec,2,18900.0,14000.0,USD,SI_2009_to_may_2011.pdf,20110708070333,OLD-A,initial_restated
SI,2011-05-05,Spec Tier 3,spec,3,18900.0,14000.0,USD,SI_2009_to_may_2011.pdf,20110708070333,OLD-A,initial_restated
SI,2011-05-05,Spec Tier 4,spec,4,18900.0,14000.0,USD,SI_2009_to_may_2011.pdf,20110708070333,OLD-A,initial_restated
SI,2011-05-09,Hedge/Member Tier 1,hedge/member,1,16000.0,16000.0,USD,SI_2009_to_may_2011.pdf,20110708070333,OLD-A,
SI,2011-05-09,Hedge/Member Tier 2,hedge/member,2,16000.0,16000.0,USD,SI_2009_to_may_2011.pdf,20110708070333,OLD-A,
SI,2011-05-09,Hedge/Member Tier 3,hedge/member,3,16000.0,16000.0,USD,SI_2009_to_may_2011.pdf,20110708070333,OLD-A,
SI,2011-05-09,Hedge/Member Tier 4,hedge/member,4,16000.0,16000.0,USD,SI_2009_to_may_2011.pdf,20110708070333,OLD-A,
SI,2011-05-09,Spec Tier 1,spec,1,21600.0,16000.0,USD,SI_2009_to_may_2011.pdf,20110708070333,OLD-A,initial_restated
SI,2011-05-09,Spec Tier 2,spec,2,21600.0,16000.0,USD,SI_2009_to_may_2011.pdf,20110708070333,OLD-A,initial_restated
SI,2011-05-09,Spec Tier 3,spec,3,21600.0,16000.0,USD,SI_2009_to_may_2011.pdf,20110708070333,OLD-A,initial_restated
SI,2011-05-09,Spec Tier 4,spec,4,21600.0,16000.0,USD,SI_2009_to_may_2011.pdf,20110708070333,OLD-A,initial_restated
SI,2011-09-26,Hedge/Member Mths 1-4,hedge/member,1,18500.0,18500.0,USD,SI_2009_to_present.pdf,20121109075752,OLD-A,
SI,2011-09-26,Hedge/Member Mths 5-6,hedge/member,2,18500.0,18500.0,USD,SI_2009_to_present.pdf,20121109075752,OLD-A,
SI,2011-09-26,Hedge/Member Mths 7-12,hedge/member,3,18500.0,18500.0,USD,SI_2009_to_present.pdf,20121109075752,OLD-A,
SI,2011-09-26,Hedge/Member Mths 13+,hedge/member,4,18500.0,18500.0,USD,SI_2009_to_present.pdf,20121109075752,OLD-A,
SI,2011-09-26,Spec Mths 1-4,spec,1,24975.0,18500.0,USD,SI_2009_to_present.pdf,20121109075752,OLD-A,initial_restated
SI,2011-09-26,Spec Mths 5-6,spec,2,24975.0,18500.0,USD,SI_2009_to_present.pdf,20121109075752,OLD-A,initial_restated
SI,2011-09-26,Spec Mths 7-12,spec,3,24975.0,18500.0,USD,SI_2009_to_present.pdf,20121109075752,OLD-A,initial_restated
SI,2011-09-26,Spec Mths 13+,spec,4,24975.0,18500.0,USD,SI_2009_to_present.pdf,20121109075752,OLD-A,initial_restated
SI,2012-02-13,Hedge/Member Mths 1-4,hedge/member,1,16000.0,16000.0,USD,SI_2009_to_present.pdf,20121109075752,OLD-A,
SI,2012-02-13,Hedge/Member Mths 5-6,hedge/member,2,16000.0,16000.0,USD,SI_2009_to_present.pdf,20121109075752,OLD-A,
SI,2012-02-13,Hedge/Member Mths 7-12,hedge/member,3,16000.0,16000.0,USD,SI_2009_to_present.pdf,20121109075752,OLD-A,
SI,2012-02-13,Hedge/Member Mths 13+,hedge/member,4,16000.0,16000.0,USD,SI_2009_to_present.pdf,20121109075752,OLD-A,
SI,2012-02-13,Spec Mths 1-4,spec,1,21600.0,16000.0,USD,SI_2009_to_present.pdf,20121109075752,OLD-A,initial_restated
SI,2012-02-13,Spec Mths 5-6,spec,2,21600.0,16000.0,USD,SI_2009_to_present.pdf,20121109075752,OLD-A,initial_restated
SI,2012-02-13,Spec Mths 7-12,spec,3,21600.0,16000.0,USD,SI_2009_to_present.pdf,20121109075752,OLD-A,initial_restated
SI,2012-02-13,Spec Mths 13+,spec,4,21600.0,16000.0,USD,SI_2009_to_present.pdf,20121109075752,OLD-A,initial_restated
SI,2012-04-16,Hedge/Member Mths 1-4,hedge/member,1,14000.0,14000.0,USD,SI_2009_to_present.pdf,20121109075752,OLD-A,
SI,2012-04-16,Hedge/Member Mths 5-6,hedge/member,2,14000.0,14000.0,USD,SI_2009_to_present.pdf,20121109075752,OLD-A,
SI,2012-04-16,Hedge/Member Mths 7-12,hedge/member,3,14000.0,14000.0,USD,SI_2009_to_present.pdf,20121109075752,OLD-A,
SI,2012-04-16,Hedge/Member Mths 13+,hedge/member,4,14000.0,14000.0,USD,SI_2009_to_present.pdf,20121109075752,OLD-A,
SI,2012-04-16,Spec Mths 1-4,spec,1,18900.0,14000.0,USD,SI_2009_to_present.pdf,20121109075752,OLD-A,initial_restated
SI,2012-04-16,Spec Mths 5-6,spec,2,18900.0,14000.0,USD,SI_2009_to_present.pdf,20121109075752,OLD-A,initial_restated
SI,2012-04-16,Spec Mths 7-12,spec,3,18900.0,14000.0,USD,SI_2009_to_present.pdf,20121109075752,OLD-A,initial_restated
SI,2012-04-16,Spec Mths 13+,spec,4,18900.0,14000.0,USD,SI_2009_to_present.pdf,20121109075752,OLD-A,initial_restated
SI,2012-08-06,Hedge/Member Mths 1-4,hedge/member,1,12500.0,12500.0,USD,SI_2009_to_present.pdf,20121109075752,OLD-A,
SI,2012-08-06,Hedge/Member Mths 5-6,hedge/member,2,12500.0,12500.0,USD,SI_2009_to_present.pdf,20121109075752,OLD-A,
SI,2012-08-06,Hedge/Member Mths 7-12,hedge/member,3,12500.0,12500.0,USD,SI_2009_to_present.pdf,20121109075752,OLD-A,
SI,2012-08-06,Hedge/Member Mths 13+,hedge/member,4,12500.0,12500.0,USD,SI_2009_to_present.pdf,20121109075752,OLD-A,
SI,2012-08-06,Spec Mths 1-4,spec,1,16875.0,12500.0,USD,SI_2009_to_present.pdf,20121109075752,OLD-A,initial_restated
SI,2012-08-06,Spec Mths 5-6,spec,2,16875.0,12500.0,USD,SI_2009_to_present.pdf,20121109075752,OLD-A,initial_restated
SI,2012-08-06,Spec Mths 7-12,spec,3,16875.0,12500.0,USD,SI_2009_to_present.pdf,20121109075752,OLD-A,initial_restated
SI,2012-08-06,Spec Mths 13+,spec,4,16875.0,12500.0,USD,SI_2009_to_present.pdf,20121109075752,OLD-A,initial_restated
SI,2012-11-20,Hedge/Member Mnths 1-4,hedge/member,1,11000.0,11000.0,USD,SI_2009_to_present.pdf,20140826225903,OLD-A,
SI,2012-11-20,Hedge/Member Mnths 5-6,hedge/member,2,11000.0,11000.0,USD,SI_2009_to_present.pdf,20140826225903,OLD-A,
SI,2012-11-20,Hedge/Member Mnths 7-12,hedge/member,3,11000.0,11000.0,USD,SI_2009_to_present.pdf,20140826225903,OLD-A,
SI,2012-11-20,Hedge/Member Mnths 13+,hedge/member,4,11000.0,11000.0,USD,SI_2009_to_present.pdf,20140826225903,OLD-A,
SI,2012-11-20,Spec Mnths 1-4,spec,1,12100.0,11000.0,USD,SI_2009_to_present.pdf,20140826225903,OLD-A,
SI,2012-11-20,Spec Mnths 5-6,spec,2,12100.0,11000.0,USD,SI_2009_to_present.pdf,20140826225903,OLD-A,
SI,2012-11-20,Spec Mnths 7-12,spec,3,12100.0,11000.0,USD,SI_2009_to_present.pdf,20140826225903,OLD-A,
SI,2012-11-20,Spec Mnths 13+,spec,4,12100.0,11000.0,USD,SI_2009_to_present.pdf,20140826225903,OLD-A,
SI,2013-02-12,Hedge/Member Mnths 1-4,hedge/member,1,9500.0,9500.0,USD,SI_2009_to_present.pdf,20140826225903,OLD-A,
SI,2013-02-12,Hedge/Member Mnths 5-6,hedge/member,2,9500.0,9500.0,USD,SI_2009_to_present.pdf,20140826225903,OLD-A,
SI,2013-02-12,Hedge/Member Mnths 7-12,hedge/member,3,9500.0,9500.0,USD,SI_2009_to_present.pdf,20140826225903,OLD-A,
SI,2013-02-12,Hedge/Member Mnths 13+,hedge/member,4,9500.0,9500.0,USD,SI_2009_to_present.pdf,20140826225903,OLD-A,
SI,2013-02-12,Spec Mnths 1-4,spec,1,10450.0,9500.0,USD,SI_2009_to_present.pdf,20140826225903,OLD-A,
SI,2013-02-12,Spec Mnths 5-6,spec,2,10450.0,9500.0,USD,SI_2009_to_present.pdf,20140826225903,OLD-A,
SI,2013-02-12,Spec Mnths 7-12,spec,3,10450.0,9500.0,USD,SI_2009_to_present.pdf,20140826225903,OLD-A,
SI,2013-02-12,Spec Mnths 13+,spec,4,10450.0,9500.0,USD,SI_2009_to_present.pdf,20140826225903,OLD-A,
SI,2013-04-16,Hedge/Member Mnths 1-4,hedge/member,1,11250.0,11250.0,USD,SI_2009_to_present.pdf,20140826225903,OLD-A,
SI,2013-04-16,Hedge/Member Mnths 5-6,hedge/member,2,11250.0,11250.0,USD,SI_2009_to_present.pdf,20140826225903,OLD-A,
SI,2013-04-16,Hedge/Member Mnths 7-12,hedge/member,3,11250.0,11250.0,USD,SI_2009_to_present.pdf,20140826225903,OLD-A,
SI,2013-04-16,Hedge/Member Mnths 13+,hedge/member,4,11250.0,11250.0,USD,SI_2009_to_present.pdf,20140826225903,OLD-A,
SI,2013-04-16,Spec Mnths 1-4,spec,1,12375.0,11250.0,USD,SI_2009_to_present.pdf,20140826225903,OLD-A,
SI,2013-04-16,Spec Mnths 5-6,spec,2,12375.0,11250.0,USD,SI_2009_to_present.pdf,20140826225903,OLD-A,
SI,2013-04-16,Spec Mnths 7-12,spec,3,12375.0,11250.0,USD,SI_2009_to_present.pdf,20140826225903,OLD-A,
SI,2013-04-16,Spec Mnths 13+,spec,4,12375.0,11250.0,USD,SI_2009_to_present.pdf,20140826225903,OLD-A,
SI,2013-06-14,Hedge/Member Mnths 1-4,hedge/member,1,11250.0,11250.0,USD,SI_2009_to_present.pdf,20140826225903,OLD-A,
SI,2013-06-14,Hedge/Member Mnths 5-6,hedge/member,2,11250.0,11250.0,USD,SI_2009_to_present.pdf,20140826225903,OLD-A,
SI,2013-06-14,Hedge/Member Mnths 7-12,hedge/member,3,11250.0,11250.0,USD,SI_2009_to_present.pdf,20140826225903,OLD-A,
SI,2013-06-14,Hedge/Member Mnths 13+,hedge/member,4,11250.0,11250.0,USD,SI_2009_to_present.pdf,20140826225903,OLD-A,
SI,2013-06-14,Spec Mnths 1-4,spec,1,12375.0,11250.0,USD,SI_2009_to_present.pdf,20140826225903,OLD-A,
SI,2013-06-14,Spec Mnths 5-6,spec,2,12375.0,11250.0,USD,SI_2009_to_present.pdf,20140826225903,OLD-A,
SI,2013-06-14,Spec Mnths 7-12,spec,3,12375.0,11250.0,USD,SI_2009_to_present.pdf,20140826225903,OLD-A,
SI,2013-06-14,Spec Mnths 13+,spec,4,12375.0,11250.0,USD,SI_2009_to_present.pdf,20140826225903,OLD-A,
SI,2013-11-22,Hedge/Member Mnths 1-4,hedge/member,1,10000.0,10000.0,USD,SI_2009_to_present.pdf,20140826225903,OLD-A,
SI,2013-11-22,Hedge/Member Mnths 5-6,hedge/member,2,10000.0,10000.0,USD,SI_2009_to_present.pdf,20140826225903,OLD-A,
SI,2013-11-22,Hedge/Member Mnths 7-12,hedge/member,3,10000.0,10000.0,USD,SI_2009_to_present.pdf,20140826225903,OLD-A,
SI,2013-11-22,Hedge/Member Mnths 13+,hedge/member,4,10000.0,10000.0,USD,SI_2009_to_present.pdf,20140826225903,OLD-A,
SI,2013-11-22,Spec Mnths 1-4,spec,1,11000.0,10000.0,USD,SI_2009_to_present.pdf,20140826225903,OLD-A,
SI,2013-11-22,Spec Mnths 5-6,spec,2,11000.0,10000.0,USD,SI_2009_to_present.pdf,20140826225903,OLD-A,
SI,2013-11-22,Spec Mnths 7-12,spec,3,11000.0,10000.0,USD,SI_2009_to_present.pdf,20140826225903,OLD-A,
SI,2013-11-22,Spec Mnths 13+,spec,4,11000.0,10000.0,USD,SI_2009_to_present.pdf,20140826225903,OLD-A,
SI,2014-04-04,Hedge/Member Mnths 1-4,hedge/member,1,9000.0,9000.0,USD,SI_2009_to_present.pdf,20140826225903,OLD-A,
SI,2014-04-04,Hedge/Member Mnths 5-6,hedge/member,2,9000.0,9000.0,USD,SI_2009_to_present.pdf,20140826225903,OLD-A,
SI,2014-04-04,Hedge/Member Mnths 7-12,hedge/member,3,9000.0,9000.0,USD,SI_2009_to_present.pdf,20140826225903,OLD-A,
SI,2014-04-04,Hedge/Member Mnths 13+,hedge/member,4,9000.0,9000.0,USD,SI_2009_to_present.pdf,20140826225903,OLD-A,
SI,2014-04-04,Spec Mnths 1-4,spec,1,9900.0,9000.0,USD,SI_2009_to_present.pdf,20140826225903,OLD-A,
SI,2014-04-04,Spec Mnths 5-6,spec,2,9900.0,9000.0,USD,SI_2009_to_present.pdf,20140826225903,OLD-A,
SI,2014-04-04,Spec Mnths 7-12,spec,3,9900.0,9000.0,USD,SI_2009_to_present.pdf,20140826225903,OLD-A,
SI,2014-04-04,Spec Mnths 13+,spec,4,9900.0,9000.0,USD,SI_2009_to_present.pdf,20140826225903,OLD-A,
SI,2014-05-16,Hedge/Member Mnths 1-4,hedge/member,1,8250.0,8250.0,USD,SI_2008_to_present.pdf,20150528081149,OLD-A,
SI,2014-05-16,Hedge/Member Mnths 5-6,hedge/member,2,8250.0,8250.0,USD,SI_2008_to_present.pdf,20150528081149,OLD-A,
SI,2014-05-16,Hedge/Member Mnths 7-12,hedge/member,3,8250.0,8250.0,USD,SI_2008_to_present.pdf,20150528081149,OLD-A,
SI,2014-05-16,Hedge/Member Mnths 13+,hedge/member,4,8250.0,8250.0,USD,SI_2008_to_present.pdf,20150528081149,OLD-A,
SI,2014-05-16,Spec Mnths 1-4,spec,1,9075.0,8250.0,USD,SI_2008_to_present.pdf,20150528081149,OLD-A,
SI,2014-05-16,Spec Mnths 5-6,spec,2,9075.0,8250.0,USD,SI_2008_to_present.pdf,20150528081149,OLD-A,
SI,2014-05-16,Spec Mnths 7-12,spec,3,9075.0,8250.0,USD,SI_2008_to_present.pdf,20150528081149,OLD-A,
SI,2014-05-16,Spec Mnths 13+,spec,4,9075.0,8250.0,USD,SI_2008_to_present.pdf,20150528081149,OLD-A,
SI,2014-07-14,Hedge/Member Mnths 1-4,hedge/member,1,7500.0,7500.0,USD,SI_2009_to_present.pdf,20140826225903,OLD-A,
SI,2014-07-14,Hedge/Member Mnths 5-6,hedge/member,2,7500.0,7500.0,USD,SI_2009_to_present.pdf,20140826225903,OLD-A,
SI,2014-07-14,Hedge/Member Mnths 7-12,hedge/member,3,7500.0,7500.0,USD,SI_2009_to_present.pdf,20140826225903,OLD-A,
SI,2014-07-14,Hedge/Member Mnths 13+,hedge/member,4,7500.0,7500.0,USD,SI_2009_to_present.pdf,20140826225903,OLD-A,
SI,2014-07-14,Spec Mnths 1-4,spec,1,8250.0,7500.0,USD,SI_2009_to_present.pdf,20140826225903,OLD-A,
SI,2014-07-14,Spec Mnths 5-6,spec,2,8250.0,7500.0,USD,SI_2009_to_present.pdf,20140826225903,OLD-A,
SI,2014-07-14,Spec Mnths 7-12,spec,3,8250.0,7500.0,USD,SI_2009_to_present.pdf,20140826225903,OLD-A,
SI,2014-07-14,Spec Mnths 13+,spec,4,8250.0,7500.0,USD,SI_2009_to_present.pdf,20140826225903,OLD-A,
SI,2014-08-22,Hedge/Member Mnths 1-4,hedge/member,1,6500.0,6500.0,USD,SI_2008_to_present.pdf,20150528081149,OLD-A,
SI,2014-08-22,Hedge/Member Mnths 5-6,hedge/member,2,6500.0,6500.0,USD,SI_2008_to_present.pdf,20150528081149,OLD-A,
SI,2014-08-22,Hedge/Member Mnths 7-12,hedge/member,3,6500.0,6500.0,USD,SI_2008_to_present.pdf,20150528081149,OLD-A,
SI,2014-08-22,Hedge/Member Mnths 13+,hedge/member,4,6500.0,6500.0,USD,SI_2008_to_present.pdf,20150528081149,OLD-A,
SI,2014-08-22,Spec Mnths 1-4,spec,1,7150.0,6500.0,USD,SI_2008_to_present.pdf,20150528081149,OLD-A,
SI,2014-08-22,Spec Mnths 5-6,spec,2,7150.0,6500.0,USD,SI_2008_to_present.pdf,20150528081149,OLD-A,
SI,2014-08-22,Spec Mnths 7-12,spec,3,7150.0,6500.0,USD,SI_2008_to_present.pdf,20150528081149,OLD-A,
SI,2014-08-22,Spec Mnths 13+,spec,4,7150.0,6500.0,USD,SI_2008_to_present.pdf,20150528081149,OLD-A,
SI,2014-10-10,Hedge/Member Mnths 1-4,hedge/member,1,5500.0,5500.0,USD,SI_2008_to_present.pdf,20150528081149,OLD-A,
SI,2014-10-10,Hedge/Member Mnths 5-6,hedge/member,2,5500.0,5500.0,USD,SI_2008_to_present.pdf,20150528081149,OLD-A,
SI,2014-10-10,Hedge/Member Mnths 7-12,hedge/member,3,5500.0,5500.0,USD,SI_2008_to_present.pdf,20150528081149,OLD-A,
SI,2014-10-10,Hedge/Member Mnths 13+,hedge/member,4,5500.0,5500.0,USD,SI_2008_to_present.pdf,20150528081149,OLD-A,
SI,2014-10-10,Spec Mnths 1-4,spec,1,6050.0,5500.0,USD,SI_2008_to_present.pdf,20150528081149,OLD-A,
SI,2014-10-10,Spec Mnths 5-6,spec,2,6050.0,5500.0,USD,SI_2008_to_present.pdf,20150528081149,OLD-A,
SI,2014-10-10,Spec Mnths 7-12,spec,3,6050.0,5500.0,USD,SI_2008_to_present.pdf,20150528081149,OLD-A,
SI,2014-10-10,Spec Mnths 13+,spec,4,6050.0,5500.0,USD,SI_2008_to_present.pdf,20150528081149,OLD-A,
SI,2014-12-05,Hedge/Member Mnths 1-4,hedge/member,1,6500.0,6500.0,USD,SI_2008_to_present.pdf,20150528081149,OLD-A,
SI,2014-12-05,Hedge/Member Mnths 5-6,hedge/member,2,6500.0,6500.0,USD,SI_2008_to_present.pdf,20150528081149,OLD-A,
SI,2014-12-05,Hedge/Member Mnths 7-12,hedge/member,3,6500.0,6500.0,USD,SI_2008_to_present.pdf,20150528081149,OLD-A,
SI,2014-12-05,Hedge/Member Mnths 13+,hedge/member,4,6500.0,6500.0,USD,SI_2008_to_present.pdf,20150528081149,OLD-A,
SI,2014-12-05,Spec Mnths 1-4,spec,1,7150.0,6500.0,USD,SI_2008_to_present.pdf,20150528081149,OLD-A,
SI,2014-12-05,Spec Mnths 5-6,spec,2,7150.0,6500.0,USD,SI_2008_to_present.pdf,20150528081149,OLD-A,
SI,2014-12-05,Spec Mnths 7-12,spec,3,7150.0,6500.0,USD,SI_2008_to_present.pdf,20150528081149,OLD-A,
SI,2014-12-05,Spec Mnths 13+,spec,4,7150.0,6500.0,USD,SI_2008_to_present.pdf,20150528081149,OLD-A,
SI,2015-01-30,Hedge/Member Mnths 1-4,hedge/member,1,7200.0,7200.0,USD,SI_2008_to_present.pdf,20150528081149,OLD-A,
SI,2015-01-30,Hedge/Member Mnths 5-6,hedge/member,2,7200.0,7200.0,USD,SI_2008_to_present.pdf,20150528081149,OLD-A,
SI,2015-01-30,Hedge/Member Mnths 7-12,hedge/member,3,7200.0,7200.0,USD,SI_2008_to_present.pdf,20150528081149,OLD-A,
SI,2015-01-30,Hedge/Member Mnths 13+,hedge/member,4,7200.0,7200.0,USD,SI_2008_to_present.pdf,20150528081149,OLD-A,
SI,2015-01-30,Spec Mnths 1-4,spec,1,7920.0,7200.0,USD,SI_2008_to_present.pdf,20150528081149,OLD-A,
SI,2015-01-30,Spec Mnths 5-6,spec,2,7920.0,7200.0,USD,SI_2008_to_present.pdf,20150528081149,OLD-A,
SI,2015-01-30,Spec Mnths 7-12,spec,3,7920.0,7200.0,USD,SI_2008_to_present.pdf,20150528081149,OLD-A,
SI,2015-01-30,Spec Mnths 13+,spec,4,7920.0,7200.0,USD,SI_2008_to_present.pdf,20150528081149,OLD-A,
SI,2015-02-06,Hedge/Member Mnths 1-4,hedge/member,1,7700.0,7700.0,USD,SI_2008_to_present.pdf,20150528081149,OLD-A,
SI,2015-02-06,Hedge/Member Mnths 5-6,hedge/member,2,7700.0,7700.0,USD,SI_2008_to_present.pdf,20150528081149,OLD-A,
SI,2015-02-06,Hedge/Member Mnths 7-12,hedge/member,3,7700.0,7700.0,USD,SI_2008_to_present.pdf,20150528081149,OLD-A,
SI,2015-02-06,Hedge/Member Mnths 13+,hedge/member,4,7700.0,7700.0,USD,SI_2008_to_present.pdf,20150528081149,OLD-A,
SI,2015-02-06,Spec Mnths 1-4,spec,1,8470.0,7700.0,USD,SI_2008_to_present.pdf,20150528081149,OLD-A,
SI,2015-02-06,Spec Mnths 5-6,spec,2,8470.0,7700.0,USD,SI_2008_to_present.pdf,20150528081149,OLD-A,
SI,2015-02-06,Spec Mnths 7-12,spec,3,8470.0,7700.0,USD,SI_2008_to_present.pdf,20150528081149,OLD-A,
SI,2015-02-06,Spec Mnths 13+,spec,4,8470.0,7700.0,USD,SI_2008_to_present.pdf,20150528081149,OLD-A,
SI,2015-05-22,Hedge/Member Mnths 1-4,hedge/member,1,7000.0,7000.0,USD,SI_2008_to_present.pdf,20170329060901,OLD-A,
SI,2015-05-22,Hedge/Member Mnths 5-6,hedge/member,2,7000.0,7000.0,USD,SI_2008_to_present.pdf,20170329060901,OLD-A,
SI,2015-05-22,Hedge/Member Mnths 7-12,hedge/member,3,7000.0,7000.0,USD,SI_2008_to_present.pdf,20170329060901,OLD-A,
SI,2015-05-22,Hedge/Member Mnths 13+,hedge/member,4,7000.0,7000.0,USD,SI_2008_to_present.pdf,20170329060901,OLD-A,
SI,2015-05-22,Spec Mnths 1-4,spec,1,7700.0,7000.0,USD,SI_2008_to_present.pdf,20170329060901,OLD-A,
SI,2015-05-22,Spec Mnths 5-6,spec,2,7700.0,7000.0,USD,SI_2008_to_present.pdf,20170329060901,OLD-A,
SI,2015-05-22,Spec Mnths 7-12,spec,3,7700.0,7000.0,USD,SI_2008_to_present.pdf,20170329060901,OLD-A,
SI,2015-05-22,Spec Mnths 13+,spec,4,7700.0,7000.0,USD,SI_2008_to_present.pdf,20170329060901,OLD-A,
SI,2015-08-21,Hedge/Member Mnths 1-4,hedge/member,1,6000.0,6000.0,USD,SI_2008_to_present.pdf,20170329060901,OLD-A,
SI,2015-08-21,Hedge/Member Mnths 5-6,hedge/member,2,6000.0,6000.0,USD,SI_2008_to_present.pdf,20170329060901,OLD-A,
SI,2015-08-21,Hedge/Member Mnths 7-12,hedge/member,3,6000.0,6000.0,USD,SI_2008_to_present.pdf,20170329060901,OLD-A,
SI,2015-08-21,Hedge/Member Mnths 13+,hedge/member,4,6000.0,6000.0,USD,SI_2008_to_present.pdf,20170329060901,OLD-A,
SI,2015-08-21,Spec Mnths 1-4,spec,1,6600.0,6000.0,USD,SI_2008_to_present.pdf,20170329060901,OLD-A,
SI,2015-08-21,Spec Mnths 5-6,spec,2,6600.0,6000.0,USD,SI_2008_to_present.pdf,20170329060901,OLD-A,
SI,2015-08-21,Spec Mnths 7-12,spec,3,6600.0,6000.0,USD,SI_2008_to_present.pdf,20170329060901,OLD-A,
SI,2015-08-21,Spec Mnths 13+,spec,4,6600.0,6000.0,USD,SI_2008_to_present.pdf,20170329060901,OLD-A,
SI,2015-12-28,Hedge/Member Mnths 1-4,hedge/member,1,5200.0,5200.0,USD,SI_2008_to_present.pdf,20170329060901,OLD-A,
SI,2015-12-28,Hedge/Member Mnths 5-6,hedge/member,2,5200.0,5200.0,USD,SI_2008_to_present.pdf,20170329060901,OLD-A,
SI,2015-12-28,Hedge/Member Mnths 7-12,hedge/member,3,5200.0,5200.0,USD,SI_2008_to_present.pdf,20170329060901,OLD-A,
SI,2015-12-28,Hedge/Member Mnths 13+,hedge/member,4,5200.0,5200.0,USD,SI_2008_to_present.pdf,20170329060901,OLD-A,
SI,2015-12-28,Spec Mnths 1-4,spec,1,5720.0,5200.0,USD,SI_2008_to_present.pdf,20170329060901,OLD-A,
SI,2015-12-28,Spec Mnths 5-6,spec,2,5720.0,5200.0,USD,SI_2008_to_present.pdf,20170329060901,OLD-A,
SI,2015-12-28,Spec Mnths 7-12,spec,3,5720.0,5200.0,USD,SI_2008_to_present.pdf,20170329060901,OLD-A,
SI,2015-12-28,Spec Mnths 13+,spec,4,5720.0,5200.0,USD,SI_2008_to_present.pdf,20170329060901,OLD-A,
SI,2016-04-08,Hedge/Member Mnths 1-4,hedge/member,1,4800.0,4800.0,USD,SI_2008_to_present.pdf,20170329060901,OLD-A,
SI,2016-04-08,Hedge/Member Mnths 5-6,hedge/member,2,4800.0,4800.0,USD,SI_2008_to_present.pdf,20170329060901,OLD-A,
SI,2016-04-08,Hedge/Member Mnths 7-12,hedge/member,3,4800.0,4800.0,USD,SI_2008_to_present.pdf,20170329060901,OLD-A,
SI,2016-04-08,Hedge/Member Mnths 13+,hedge/member,4,4800.0,4800.0,USD,SI_2008_to_present.pdf,20170329060901,OLD-A,
SI,2016-04-08,Spec Mnths 1-4,spec,1,5280.0,4800.0,USD,SI_2008_to_present.pdf,20170329060901,OLD-A,
SI,2016-04-08,Spec Mnths 5-6,spec,2,5280.0,4800.0,USD,SI_2008_to_present.pdf,20170329060901,OLD-A,
SI,2016-04-08,Spec Mnths 7-12,spec,3,5280.0,4800.0,USD,SI_2008_to_present.pdf,20170329060901,OLD-A,
SI,2016-04-08,Spec Mnths 13+,spec,4,5280.0,4800.0,USD,SI_2008_to_present.pdf,20170329060901,OLD-A,
SI,2016-08-16,Hedge/Member Mnth1,hedge/member,1,5250.0,5250.0,USD,SI_2008_to_present.pdf,20170329060901,OLD-A,
SI,2016-08-16,Hedge/Member Mnth2,hedge/member,2,5250.0,5250.0,USD,SI_2008_to_present.pdf,20170329060901,OLD-A,
SI,2016-08-16,Hedge/Member Mnth3,hedge/member,3,5250.0,5250.0,USD,SI_2008_to_present.pdf,20170329060901,OLD-A,
SI,2016-08-16,Hedge/Member Mnth4,hedge/member,4,5250.0,5250.0,USD,SI_2008_to_present.pdf,20170329060901,OLD-A,
SI,2016-08-16,Hedge/Member Mnth5,hedge/member,5,5250.0,5250.0,USD,SI_2008_to_present.pdf,20170329060901,OLD-A,
SI,2016-08-16,Hedge/Member Mnth6,hedge/member,6,5250.0,5250.0,USD,SI_2008_to_present.pdf,20170329060901,OLD-A,
SI,2016-08-16,Hedge/Member Mnth7,hedge/member,7,5250.0,5250.0,USD,SI_2008_to_present.pdf,20170329060901,OLD-A,
SI,2016-08-16,Hedge/Member Mnth8,hedge/member,8,5250.0,5250.0,USD,SI_2008_to_present.pdf,20170329060901,OLD-A,
SI,2016-08-16,Hedge/Member Mnth9,hedge/member,9,5250.0,5250.0,USD,SI_2008_to_present.pdf,20170329060901,OLD-A,
SI,2016-08-16,Hedge/Member Mnth10,hedge/member,10,5250.0,5250.0,USD,SI_2008_to_present.pdf,20170329060901,OLD-A,
SI,2016-08-16,Hedge/Member Mnth11,hedge/member,11,5250.0,5250.0,USD,SI_2008_to_present.pdf,20170329060901,OLD-A,
SI,2016-08-16,Hedge/Member Mnth12,hedge/member,12,5250.0,5250.0,USD,SI_2008_to_present.pdf,20170329060901,OLD-A,
SI,2016-08-16,Hedge/Member Mnth13+,hedge/member,13,5250.0,5250.0,USD,SI_2008_to_present.pdf,20170329060901,OLD-A,
SI,2016-08-16,Spec Mnth1,spec,1,5775.0,5250.0,USD,SI_2008_to_present.pdf,20170329060901,OLD-A,
SI,2016-08-16,Spec Mnth2,spec,2,5775.0,5250.0,USD,SI_2008_to_present.pdf,20170329060901,OLD-A,
SI,2016-08-16,Spec Mnth3,spec,3,5775.0,5250.0,USD,SI_2008_to_present.pdf,20170329060901,OLD-A,
SI,2016-08-16,Spec Mnth4,spec,4,5775.0,5250.0,USD,SI_2008_to_present.pdf,20170329060901,OLD-A,
SI,2016-08-16,Spec Mnth5,spec,5,5775.0,5250.0,USD,SI_2008_to_present.pdf,20170329060901,OLD-A,
SI,2016-08-16,Spec Mnth6,spec,6,5775.0,5250.0,USD,SI_2008_to_present.pdf,20170329060901,OLD-A,
SI,2016-08-16,Spec Mnth7,spec,7,5775.0,5250.0,USD,SI_2008_to_present.pdf,20170329060901,OLD-A,
SI,2016-08-16,Spec Mnth8,spec,8,5775.0,5250.0,USD,SI_2008_to_present.pdf,20170329060901,OLD-A,
SI,2016-08-16,Spec Mnth9,spec,9,5775.0,5250.0,USD,SI_2008_to_present.pdf,20170329060901,OLD-A,
SI,2016-08-16,Spec Mnth10,spec,10,5775.0,5250.0,USD,SI_2008_to_present.pdf,20170329060901,OLD-A,
SI,2016-08-16,Spec Mnth11,spec,11,5775.0,5250.0,USD,SI_2008_to_present.pdf,20170329060901,OLD-A,
SI,2016-08-16,Spec Mnth12,spec,12,5775.0,5250.0,USD,SI_2008_to_present.pdf,20170329060901,OLD-A,
SI,2016-08-16,Spec Mnth13+,spec,13,5775.0,5250.0,USD,SI_2008_to_present.pdf,20170329060901,OLD-A,
SP_fullsize,2001-03-01,CBOE,cboe,1,17250.0,17250.0,USD,SP_prior_to_2009.pdf,20121109075731,OLD-B,
SP_fullsize,2001-03-01,Hedge/Member,hedge/member,1,17250.0,17250.0,USD,SP_prior_to_2009.pdf,20121109075731,OLD-B,
SP_fullsize,2001-03-01,Spec,spec,1,21563.0,17250.0,USD,SP_prior_to_2009.pdf,20121109075731,OLD-B,
SP_fullsize,2001-11-19,CBOE,cboe,1,15750.0,15750.0,USD,SP_prior_to_2009.pdf,20121109075731,OLD-B,
SP_fullsize,2001-11-19,Hedge/Member,hedge/member,1,15750.0,15750.0,USD,SP_prior_to_2009.pdf,20121109075731,OLD-B,
SP_fullsize,2001-11-19,Spec,spec,1,19688.0,15750.0,USD,SP_prior_to_2009.pdf,20121109075731,OLD-B,
SP_fullsize,2002-08-16,CBOE,cboe,1,14250.0,14250.0,USD,SP_prior_to_2009.pdf,20121109075731,OLD-B,
SP_fullsize,2002-08-16,Hedge/Member,hedge/member,1,14250.0,14250.0,USD,SP_prior_to_2009.pdf,20121109075731,OLD-B,
SP_fullsize,2002-08-16,Spec,spec,1,17813.0,14250.0,USD,SP_prior_to_2009.pdf,20121109075731,OLD-B,
SP_fullsize,2003-11-14,CBOE,cboe,1,16000.0,16000.0,USD,SP_prior_to_2009.pdf,20121109075731,OLD-B,
SP_fullsize,2003-11-14,Hedge/Member,hedge/member,1,16000.0,16000.0,USD,SP_prior_to_2009.pdf,20121109075731,OLD-B,
SP_fullsize,2003-11-14,Spec,spec,1,20000.0,16000.0,USD,SP_prior_to_2009.pdf,20121109075731,OLD-B,
SP_fullsize,2005-01-31,Hedge/Member,hedge/member,1,15750.0,15750.0,USD,SP_prior_to_2009.pdf,20121109075731,OLD-B,
SP_fullsize,2005-01-31,Spec,spec,1,19688.0,15750.0,USD,SP_prior_to_2009.pdf,20121109075731,OLD-B,
SP_fullsize,2006-12-19,Hedge/Member,hedge/member,1,14000.0,14000.0,USD,SP_prior_to_2009.pdf,20121109075731,OLD-B,
SP_fullsize,2006-12-19,Spec,spec,1,17500.0,14000.0,USD,SP_prior_to_2009.pdf,20121109075731,OLD-B,
SP_fullsize,2007-08-30,Hedge/Member,hedge/member,1,15750.0,15750.0,USD,SP_prior_to_2009.pdf,20121109075731,OLD-B,
SP_fullsize,2007-08-30,Spec,spec,1,19688.0,15750.0,USD,SP_prior_to_2009.pdf,20121109075731,OLD-B,
SP_fullsize,2007-11-30,Hedge/Member,hedge/member,1,18000.0,18000.0,USD,SP_prior_to_2009.pdf,20121109075731,OLD-B,
SP_fullsize,2007-11-30,Spec,spec,1,22500.0,18000.0,USD,SP_prior_to_2009.pdf,20121109075731,OLD-B,
SP_fullsize,2008-01-28,Hedge/Member,hedge/member,1,18000.0,18000.0,USD,SP_2008_to_present.pdf,20121109080119,OLD-A,
SP_fullsize,2008-01-28,Spec,spec,1,22500.0,18000.0,USD,SP_2008_to_present.pdf,20121109080119,OLD-A,initial_restated
SP_fullsize,2008-10-01,Hedge/Member,hedge/member,1,20250.0,20250.0,USD,SP_2008_to_present.pdf,20121109080119,OLD-A,
SP_fullsize,2008-10-01,Spec,spec,1,25312.5,20250.0,USD,SP_2008_to_present.pdf,20121109080119,OLD-A,initial_restated
SP_fullsize,2008-10-17,Hedge/Member,hedge/member,1,22500.0,22500.0,USD,SP_2008_to_present.pdf,20121109080119,OLD-A,
SP_fullsize,2008-10-17,Spec,spec,1,28125.0,22500.0,USD,SP_2008_to_present.pdf,20121109080119,OLD-A,initial_restated
SP_fullsize,2008-10-30,Hedge/Member,hedge/member,1,24750.0,24750.0,USD,SP_2008_to_present.pdf,20121109080119,OLD-A,
SP_fullsize,2008-10-30,Spec,spec,1,30937.5,24750.0,USD,SP_2008_to_present.pdf,20121109080119,OLD-A,initial_restated
SP_fullsize,2009-03-20,Hedge/Member,hedge/member,1,22500.0,22500.0,USD,SP_2008_to_present.pdf,20121109080119,OLD-A,
SP_fullsize,2009-03-20,Spec,spec,1,28125.0,22500.0,USD,SP_2008_to_present.pdf,20121109080119,OLD-A,initial_restated
SP_fullsize,2011-06-02,Hedge/Member,hedge/member,1,20000.0,20000.0,USD,SP_2008_to_present.pdf,20121109080119,OLD-A,
SP_fullsize,2011-06-02,Spec,spec,1,25000.0,20000.0,USD,SP_2008_to_present.pdf,20121109080119,OLD-A,initial_restated
SP_fullsize,2012-03-26,Hedge/Member,hedge/member,1,17500.0,17500.0,USD,SP_2008_to_present.pdf,20121109080119,OLD-A,
SP_fullsize,2012-03-26,Spec,spec,1,21875.0,17500.0,USD,SP_2008_to_present.pdf,20121109080119,OLD-A,initial_restated
SP_fullsize,2012-09-24,Hedge/Member,hedge/member,1,17500.0,17500.0,USD,SP_2008_to_present.pdf,20130326063138,OLD-A,
SP_fullsize,2012-09-24,Spec,spec,1,19250.0,17500.0,USD,SP_2008_to_present.pdf,20130326063138,OLD-A,
SP_fullsize,2013-07-02,Hedge/Member,hedge/member,1,17500.0,17500.0,USD,SP_2008_to_present.pdf,20140826230616,OLD-A,
SP_fullsize,2013-07-02,Spec,spec,1,19250.0,17500.0,USD,SP_2008_to_present.pdf,20140826230616,OLD-A,
SP_fullsize,2013-10-03,Hedge/Member,hedge/member,1,19000.0,19000.0,USD,SP_2008_to_present.pdf,20140826230616,OLD-A,
SP_fullsize,2013-10-03,Spec,spec,1,20900.0,19000.0,USD,SP_2008_to_present.pdf,20140826230616,OLD-A,
SP_fullsize,2013-10-15,Hedge/Member,hedge/member,1,20500.0,20500.0,USD,SP_2008_to_present.pdf,20140826230616,OLD-A,
SP_fullsize,2013-10-15,Spec,spec,1,22550.0,20500.0,USD,SP_2008_to_present.pdf,20140826230616,OLD-A,
SP_fullsize,2014-01-29,Hedge/Member,hedge/member,1,21625.0,21625.0,USD,SP_2008_to_present.pdf,20140826230616,OLD-A,
SP_fullsize,2014-01-29,Spec,spec,1,23787.5,21625.0,USD,SP_2008_to_present.pdf,20140826230616,OLD-A,
SP_fullsize,2014-07-25,Hedge/Member,hedge/member,1,23000.0,23000.0,USD,SP_2008_to_present.pdf,20150528092127,OLD-A,
SP_fullsize,2014-07-25,Spec,spec,1,25300.0,23000.0,USD,SP_2008_to_present.pdf,20150528092127,OLD-A,
SP_fullsize,2016-01-29,Hedge/Member,hedge/member,1,23750.0,23750.0,USD,SP_2008_to_present.pdf,20170329081955,OLD-A,
SP_fullsize,2016-01-29,Spec,spec,1,26125.0,23750.0,USD,SP_2008_to_present.pdf,20170329081955,OLD-A,
SP_fullsize,2016-04-08,Hedge/Member,hedge/member,1,22500.0,22500.0,USD,SP_2008_to_present.pdf,20170329081955,OLD-A,
SP_fullsize,2016-04-08,Spec,spec,1,24750.0,22500.0,USD,SP_2008_to_present.pdf,20170329081955,OLD-A,
SP_fullsize,2016-05-06,Hedge/Member,hedge/member,1,21000.0,21000.0,USD,SP_2008_to_present.pdf,20170329081955,OLD-A,
SP_fullsize,2016-05-06,Spec,spec,1,23100.0,21000.0,USD,SP_2008_to_present.pdf,20170329081955,OLD-A,
ZC,2003-11-24,Hedge/Member,hedge/member,1,400.0,400.0,USD,C_prior_to_2009.pdf,20121109075706,OLD-B,
ZC,2003-11-24,Spec,spec,1,540.0,400.0,USD,C_prior_to_2009.pdf,20121109075706,OLD-B,
ZC,2004-04-07,Hedge/Member,hedge/member,1,450.0,450.0,USD,C_prior_to_2009.pdf,20121109075706,OLD-B,
ZC,2004-04-07,Hedge/Member - Old Crop,hedge/member - old crop,1,450.0,450.0,USD,C_prior_to_2009.pdf,20121109075706,OLD-B,
ZC,2004-04-07,Spec,spec,1,608.0,450.0,USD,C_prior_to_2009.pdf,20121109075706,OLD-B,
ZC,2004-04-07,Speculative - Old Crop,speculative - old crop,1,608.0,450.0,USD,C_prior_to_2009.pdf,20121109075706,OLD-B,
ZC,2004-04-20,Hedge/Member - New Crop,hedge/member - new crop,1,600.0,600.0,USD,C_prior_to_2009.pdf,20121109075706,OLD-B,
ZC,2004-04-20,Speculative - New Crop,speculative - new crop,1,810.0,600.0,USD,C_prior_to_2009.pdf,20121109075706,OLD-B,
ZC,2004-06-04,Hedge/Member - Old Crop,hedge/member - old crop,1,625.0,625.0,USD,C_prior_to_2009.pdf,20121109075706,OLD-B,
ZC,2004-06-04,Speculative - Old Crop,speculative - old crop,1,844.0,625.0,USD,C_prior_to_2009.pdf,20121109075706,OLD-B,
ZC,2004-07-30,Hedge/Member - New Crop,hedge/member - new crop,1,575.0,575.0,USD,C_prior_to_2009.pdf,20121109075706,OLD-B,
ZC,2004-07-30,Hedge/Member - Old Crop,hedge/member - old crop,1,575.0,575.0,USD,C_prior_to_2009.pdf,20121109075706,OLD-B,
ZC,2004-07-30,Speculative - New Crop,speculative - new crop,1,777.0,575.0,USD,C_prior_to_2009.pdf,20121109075706,OLD-B,
ZC,2004-07-30,Speculative - Old Crop,speculative - old crop,1,777.0,575.0,USD,C_prior_to_2009.pdf,20121109075706,OLD-B,
ZC,2004-09-01,Hedge/Member - New Crop,hedge/member - new crop,1,400.0,400.0,USD,C_prior_to_2009.pdf,20121109075706,OLD-B,
ZC,2004-09-01,Hedge/Member - Old Crop,hedge/member - old crop,1,400.0,400.0,USD,C_prior_to_2009.pdf,20121109075706,OLD-B,
ZC,2004-09-01,Speculative - New Crop,speculative - new crop,1,540.0,400.0,USD,C_prior_to_2009.pdf,20121109075706,OLD-B,
ZC,2004-09-01,Speculative - Old Crop,speculative - old crop,1,540.0,400.0,USD,C_prior_to_2009.pdf,20121109075706,OLD-B,
ZC,2004-09-28,Hedge/Member - New Crop,hedge/member - new crop,1,350.0,350.0,USD,C_prior_to_2009.pdf,20121109075706,OLD-B,
ZC,2004-09-28,Hedge/Member - Old Crop,hedge/member - old crop,1,350.0,350.0,USD,C_prior_to_2009.pdf,20121109075706,OLD-B,
ZC,2004-09-28,Speculative - New Crop,speculative - new crop,1,473.0,350.0,USD,C_prior_to_2009.pdf,20121109075706,OLD-B,
ZC,2004-09-28,Speculative - Old Crop,speculative - old crop,1,473.0,350.0,USD,C_prior_to_2009.pdf,20121109075706,OLD-B,
ZC,2004-10-26,Hedge/Member - New Crop,hedge/member - new crop,1,300.0,300.0,USD,C_prior_to_2009.pdf,20121109075706,OLD-B,
ZC,2004-10-26,Hedge/Member - Old Crop,hedge/member - old crop,1,300.0,300.0,USD,C_prior_to_2009.pdf,20121109075706,OLD-B,
ZC,2004-10-26,Speculative - New Crop,speculative - new crop,1,405.0,300.0,USD,C_prior_to_2009.pdf,20121109075706,OLD-B,
ZC,2004-10-26,Speculative - Old Crop,speculative - old crop,1,405.0,300.0,USD,C_prior_to_2009.pdf,20121109075706,OLD-B,
ZC,2004-11-09,Hedge/Member - New Crop,hedge/member - new crop,1,250.0,250.0,USD,C_prior_to_2009.pdf,20121109075706,OLD-B,
ZC,2004-11-09,Hedge/Member - Old Crop,hedge/member - old crop,1,250.0,250.0,USD,C_prior_to_2009.pdf,20121109075706,OLD-B,
ZC,2004-11-09,Speculative - New Crop,speculative - new crop,1,338.0,250.0,USD,C_prior_to_2009.pdf,20121109075706,OLD-B,
ZC,2004-11-09,Speculative - Old Crop,speculative - old crop,1,338.0,250.0,USD,C_prior_to_2009.pdf,20121109075706,OLD-B,
ZC,2005-01-25,Hedge/Member - New Crop,hedge/member - new crop,1,325.0,325.0,USD,C_prior_to_2009.pdf,20121109075706,OLD-B,
ZC,2005-01-25,Hedge/Member - Old Crop,hedge/member - old crop,1,325.0,325.0,USD,C_prior_to_2009.pdf,20121109075706,OLD-B,
ZC,2005-01-25,Speculative - New Crop,speculative - new crop,1,439.0,325.0,USD,C_prior_to_2009.pdf,20121109075706,OLD-B,
ZC,2005-01-25,Speculative - Old Crop,speculative - old crop,1,439.0,325.0,USD,C_prior_to_2009.pdf,20121109075706,OLD-B,
ZC,2005-03-04,Hedge/Member - New Crop,hedge/member - new crop,1,375.0,375.0,USD,C_prior_to_2009.pdf,20121109075706,OLD-B,
ZC,2005-03-04,Hedge/Member - Old Crop,hedge/member - old crop,1,375.0,375.0,USD,C_prior_to_2009.pdf,20121109075706,OLD-B,
ZC,2005-03-04,Speculative - New Crop,speculative - new crop,1,506.0,375.0,USD,C_prior_to_2009.pdf,20121109075706,OLD-B,
ZC,2005-03-04,Speculative - Old Crop,speculative - old crop,1,506.0,375.0,USD,C_prior_to_2009.pdf,20121109075706,OLD-B,
ZC,2005-07-06,Hedge/Member - New Crop,hedge/member - new crop,1,500.0,500.0,USD,C_prior_to_2009.pdf,20121109075706,OLD-B,
ZC,2005-07-06,Hedge/Member - Old Crop,hedge/member - old crop,1,500.0,500.0,USD,C_prior_to_2009.pdf,20121109075706,OLD-B,
ZC,2005-07-06,Speculative - New Crop,speculative - new crop,1,675.0,500.0,USD,C_prior_to_2009.pdf,20121109075706,OLD-B,
ZC,2005-07-06,Speculative - Old Crop,speculative - old crop,1,675.0,500.0,USD,C_prior_to_2009.pdf,20121109075706,OLD-B,
ZC,2005-08-05,Hedge/Member - New Crop,hedge/member - new crop,1,600.0,600.0,USD,C_prior_to_2009.pdf,20121109075706,OLD-B,
ZC,2005-08-05,Hedge/Member - Old Crop,hedge/member - old crop,1,600.0,600.0,USD,C_prior_to_2009.pdf,20121109075706,OLD-B,
ZC,2005-08-05,Speculative - New Crop,speculative - new crop,1,810.0,600.0,USD,C_prior_to_2009.pdf,20121109075706,OLD-B,
ZC,2005-08-05,Speculative - Old Crop,speculative - old crop,1,810.0,600.0,USD,C_prior_to_2009.pdf,20121109075706,OLD-B,
ZC,2005-09-29,Hedge/Member - New Crop,hedge/member - new crop,1,375.0,375.0,USD,C_prior_to_2009.pdf,20121109075706,OLD-B,
ZC,2005-09-29,Hedge/Member - Old Crop,hedge/member - old crop,1,375.0,375.0,USD,C_prior_to_2009.pdf,20121109075706,OLD-B,
ZC,2005-09-29,Speculative - New Crop,speculative - new crop,1,506.0,375.0,USD,C_prior_to_2009.pdf,20121109075706,OLD-B,
ZC,2005-09-29,Speculative - Old Crop,speculative - old crop,1,506.0,375.0,USD,C_prior_to_2009.pdf,20121109075706,OLD-B,
ZC,2005-11-02,Hedge/Member - New Crop,hedge/member - new crop,1,300.0,300.0,USD,C_prior_to_2009.pdf,20121109075706,OLD-B,
ZC,2005-11-02,Hedge/Member - Old Crop,hedge/member - old crop,1,300.0,300.0,USD,C_prior_to_2009.pdf,20121109075706,OLD-B,
ZC,2005-11-02,Speculative - New Crop,speculative - new crop,1,405.0,300.0,USD,C_prior_to_2009.pdf,20121109075706,OLD-B,
ZC,2005-11-02,Speculative - Old Crop,speculative - old crop,1,405.0,300.0,USD,C_prior_to_2009.pdf,20121109075706,OLD-B,
ZC,2005-12-05,Hedge/Member - New Crop,hedge/member - new crop,1,250.0,250.0,USD,C_prior_to_2009.pdf,20121109075706,OLD-B,
ZC,2005-12-05,Hedge/Member - Old Crop,hedge/member - old crop,1,250.0,250.0,USD,C_prior_to_2009.pdf,20121109075706,OLD-B,
ZC,2005-12-05,Speculative - New Crop,speculative - new crop,1,338.0,250.0,USD,C_prior_to_2009.pdf,20121109075706,OLD-B,
ZC,2005-12-05,Speculative - Old Crop,speculative - old crop,1,338.0,250.0,USD,C_prior_to_2009.pdf,20121109075706,OLD-B,
ZC,2006-04-04,Hedge/Member - New Crop,hedge/member - new crop,1,350.0,350.0,USD,C_prior_to_2009.pdf,20121109075706,OLD-B,
ZC,2006-04-04,Hedge/Member - Old Crop,hedge/member - old crop,1,350.0,350.0,USD,C_prior_to_2009.pdf,20121109075706,OLD-B,
ZC,2006-04-04,Speculative - New Crop,speculative - new crop,1,473.0,350.0,USD,C_prior_to_2009.pdf,20121109075706,OLD-B,
ZC,2006-04-04,Speculative - Old Crop,speculative - old crop,1,473.0,350.0,USD,C_prior_to_2009.pdf,20121109075706,OLD-B,
ZC,2006-05-16,Hedge/Member - New Crop,hedge/member - new crop,1,400.0,400.0,USD,C_prior_to_2009.pdf,20121109075706,OLD-B,
ZC,2006-05-16,Hedge/Member - Old Crop,hedge/member - old crop,1,400.0,400.0,USD,C_prior_to_2009.pdf,20121109075706,OLD-B,
ZC,2006-05-16,Speculative - New Crop,speculative - new crop,1,540.0,400.0,USD,C_prior_to_2009.pdf,20121109075706,OLD-B,
ZC,2006-05-16,Speculative - Old Crop,speculative - old crop,1,540.0,400.0,USD,C_prior_to_2009.pdf,20121109075706,OLD-B,
ZC,2006-08-21,Hedge/Member - New Crop,hedge/member - new crop,1,450.0,450.0,USD,C_prior_to_2009.pdf,20121109075706,OLD-B,
ZC,2006-08-21,Hedge/Member - Old Crop,hedge/member - old crop,1,450.0,450.0,USD,C_prior_to_2009.pdf,20121109075706,OLD-B,
ZC,2006-08-21,Speculative - New Crop,speculative - new crop,1,608.0,450.0,USD,C_prior_to_2009.pdf,20121109075706,OLD-B,
ZC,2006-08-21,Speculative - Old Crop,speculative - old crop,1,608.0,450.0,USD,C_prior_to_2009.pdf,20121109075706,OLD-B,
ZC,2006-10-06,Hedge/Member - New Crop,hedge/member - new crop,1,500.0,500.0,USD,C_prior_to_2009.pdf,20121109075706,OLD-B,
ZC,2006-10-06,Hedge/Member - Old Crop,hedge/member - old crop,1,500.0,500.0,USD,C_prior_to_2009.pdf,20121109075706,OLD-B,
ZC,2006-10-06,Speculative - New Crop,speculative - new crop,1,675.0,500.0,USD,C_prior_to_2009.pdf,20121109075706,OLD-B,
ZC,2006-10-06,Speculative - Old Crop,speculative - old crop,1,675.0,500.0,USD,C_prior_to_2009.pdf,20121109075706,OLD-B,
ZC,2006-10-11,Hedge/Member - New Crop,hedge/member - new crop,1,650.0,650.0,USD,C_prior_to_2009.pdf,20121109075706,OLD-B,
ZC,2006-10-11,Hedge/Member - Old Crop,hedge/member - old crop,1,650.0,650.0,USD,C_prior_to_2009.pdf,20121109075706,OLD-B,
ZC,2006-10-11,Speculative - New Crop,speculative - new crop,1,878.0,650.0,USD,C_prior_to_2009.pdf,20121109075706,OLD-B,
ZC,2006-10-11,Speculative - Old Crop,speculative - old crop,1,878.0,650.0,USD,C_prior_to_2009.pdf,20121109075706,OLD-B,
ZC,2006-10-13,Hedge/Member - New Crop,hedge/member - new crop,1,750.0,750.0,USD,C_prior_to_2009.pdf,20121109075706,OLD-B,
ZC,2006-10-13,Hedge/Member - Old Crop,hedge/member - old crop,1,750.0,750.0,USD,C_prior_to_2009.pdf,20121109075706,OLD-B,
ZC,2006-10-13,Speculative - New Crop,speculative - new crop,1,1013.0,750.0,USD,C_prior_to_2009.pdf,20121109075706,OLD-B,
ZC,2006-10-13,Speculative - Old Crop,speculative - old crop,1,1013.0,750.0,USD,C_prior_to_2009.pdf,20121109075706,OLD-B,
ZC,2006-11-13,Hedge/Member - New Crop,hedge/member - new crop,1,850.0,850.0,USD,C_prior_to_2009.pdf,20121109075706,OLD-B,
ZC,2006-11-13,Hedge/Member - Old Crop,hedge/member - old crop,1,850.0,850.0,USD,C_prior_to_2009.pdf,20121109075706,OLD-B,
ZC,2006-11-13,Speculative - New Crop,speculative - new crop,1,1148.0,850.0,USD,C_prior_to_2009.pdf,20121109075706,OLD-B,
ZC,2006-11-13,Speculative - Old Crop,speculative - old crop,1,1148.0,850.0,USD,C_prior_to_2009.pdf,20121109075706,OLD-B,
ZC,2006-12-19,Hedge/Member - New Crop,hedge/member - new crop,1,750.0,750.0,USD,C_prior_to_2009.pdf,20121109075706,OLD-B,
ZC,2006-12-19,Hedge/Member - Old Crop,hedge/member - old crop,1,750.0,750.0,USD,C_prior_to_2009.pdf,20121109075706,OLD-B,
ZC,2006-12-19,Speculative - New Crop,speculative - new crop,1,1013.0,750.0,USD,C_prior_to_2009.pdf,20121109075706,OLD-B,
ZC,2006-12-19,Speculative - Old Crop,speculative - old crop,1,1013.0,750.0,USD,C_prior_to_2009.pdf,20121109075706,OLD-B,
ZC,2007-01-16,Hedge/Member - New Crop,hedge/member - new crop,1,900.0,900.0,USD,C_prior_to_2009.pdf,20121109075706,OLD-B,
ZC,2007-01-16,Hedge/Member - Old Crop,hedge/member - old crop,1,900.0,900.0,USD,C_prior_to_2009.pdf,20121109075706,OLD-B,
ZC,2007-01-16,Speculative - New Crop,speculative - new crop,1,1215.0,900.0,USD,C_prior_to_2009.pdf,20121109075706,OLD-B,
ZC,2007-01-16,Speculative - Old Crop,speculative - old crop,1,1215.0,900.0,USD,C_prior_to_2009.pdf,20121109075706,OLD-B,
ZC,2007-01-26,Hedge/Member - New Crop,hedge/member - new crop,1,1000.0,1000.0,USD,C_prior_to_2009.pdf,20121109075706,OLD-B,
ZC,2007-01-26,Hedge/Member - Old Crop,hedge/member - old crop,1,1000.0,1000.0,USD,C_prior_to_2009.pdf,20121109075706,OLD-B,
ZC,2007-01-26,Speculative - New Crop,speculative - new crop,1,1350.0,1000.0,USD,C_prior_to_2009.pdf,20121109075706,OLD-B,
ZC,2007-01-26,Speculative - Old Crop,speculative - old crop,1,1350.0,1000.0,USD,C_prior_to_2009.pdf,20121109075706,OLD-B,
ZC,2007-09-20,Hedge/Member - New Crop,hedge/member - new crop,1,800.0,800.0,USD,C_prior_to_2009.pdf,20121109075706,OLD-B,
ZC,2007-09-20,Hedge/Member - Old Crop,hedge/member - old crop,1,800.0,800.0,USD,C_prior_to_2009.pdf,20121109075706,OLD-B,
ZC,2007-09-20,Speculative - New Crop,speculative - new crop,1,1080.0,800.0,USD,C_prior_to_2009.pdf,20121109075706,OLD-B,
ZC,2007-09-20,Speculative - Old Crop,speculative - old crop,1,1080.0,800.0,USD,C_prior_to_2009.pdf,20121109075706,OLD-B,
ZC,2008-01-28,Hedge/Member Mnth 1,hedge/member,1,1000.0,1000.0,USD,C_2008_to_present.pdf,20121109080101,OLD-A,
ZC,2008-01-28,Hedge/Member All Months,hedge/member all,1,1000.0,1000.0,USD,C_2008_to_present.pdf,20140826133913,OLD-A,maintenance_front_tier
ZC,2008-01-28,Hedge/Member All Months,hedge/member all,1,2200.0,2200.0,USD,C_2008_to_present.pdf,20150528093444,OLD-A,maintenance_front_tier
ZC,2008-01-28,Hedge/Member New Crop,hedge/member new crop,1,2200.0,2200.0,USD,C_2008_to_present.pdf,20150528093444,OLD-A,
ZC,2008-01-28,Hedge/Member Old Crop,hedge/member old crop,1,1000.0,1000.0,USD,C_2008_to_present.pdf,20121109080101,OLD-A,
ZC,2008-01-28,Spec Mnth 1,spec,1,1350.0,1000.0,USD,C_2008_to_present.pdf,20121109080101,OLD-A,
ZC,2008-01-28,Spec All Months,spec all,1,1100.0,1000.0,USD,C_2008_to_present.pdf,20140826133913,OLD-A,maintenance_front_tier
ZC,2008-01-28,Spec All Months,spec all,1,2420.0,2200.0,USD,C_2008_to_present.pdf,20150528093444,OLD-A,maintenance_front_tier
ZC,2008-01-28,Spec New Crop,spec new crop,1,2420.0,2200.0,USD,C_2008_to_present.pdf,20150528093444,OLD-A,
ZC,2008-01-28,Spec Old Crop,spec old crop,1,1350.0,1000.0,USD,C_2008_to_present.pdf,20121109080101,OLD-A,initial_restated
ZC,2008-03-11,Hedge/Member All Months,hedge/member all,1,2500.0,2500.0,USD,C_2008_to_present.pdf,20150528093444,OLD-A,
ZC,2008-03-11,Hedge/Member New Crop,hedge/member new crop,1,2500.0,2500.0,USD,C_2008_to_present.pdf,20150528093444,OLD-A,
ZC,2008-03-11,Spec All Months,spec all,1,2750.0,2500.0,USD,C_2008_to_present.pdf,20150528093444,OLD-A,
ZC,2008-03-11,Spec New Crop,spec new crop,1,2750.0,2500.0,USD,C_2008_to_present.pdf,20150528093444,OLD-A,
ZC,2008-03-27,Hedge/Member Mnth 1,hedge/member,1,1500.0,1500.0,USD,C_2008_to_present.pdf,20121109080101,OLD-A,
ZC,2008-03-27,Hedge/Member All Months,hedge/member all,1,1500.0,1500.0,USD,C_2008_to_present.pdf,20140826133913,OLD-A,maintenance_front_tier
ZC,2008-03-27,Hedge/Member All Months,hedge/member all,1,3250.0,3250.0,USD,C_2008_to_present.pdf,20150528093444,OLD-A,maintenance_front_tier
ZC,2008-03-27,Hedge/Member New Crop,hedge/member new crop,1,3250.0,3250.0,USD,C_2008_to_present.pdf,20150528093444,OLD-A,
ZC,2008-03-27,Hedge/Member Old Crop,hedge/member old crop,1,1500.0,1500.0,USD,C_2008_to_present.pdf,20121109080101,OLD-A,
ZC,2008-03-27,Spec Mnth 1,spec,1,2025.0,1500.0,USD,C_2008_to_present.pdf,20121109080101,OLD-A,
ZC,2008-03-27,Spec All Months,spec all,1,1650.0,1500.0,USD,C_2008_to_present.pdf,20140826133913,OLD-A,maintenance_front_tier
ZC,2008-03-27,Spec All Months,spec all,1,3575.0,3250.0,USD,C_2008_to_present.pdf,20150528093444,OLD-A,maintenance_front_tier
ZC,2008-03-27,Spec New Crop,spec new crop,1,3575.0,3250.0,USD,C_2008_to_present.pdf,20150528093444,OLD-A,
ZC,2008-03-27,Spec Old Crop,spec old crop,1,2025.0,1500.0,USD,C_2008_to_present.pdf,20121109080101,OLD-A,initial_restated
ZC,2008-04-01,Hedge/Member All Months,hedge/member all,1,4000.0,4000.0,USD,C_2008_to_present.pdf,20150528093444,OLD-A,
ZC,2008-04-01,Hedge/Member New Crop,hedge/member new crop,1,4000.0,4000.0,USD,C_2008_to_present.pdf,20150528093444,OLD-A,
ZC,2008-04-01,Spec All Months,spec all,1,4400.0,4000.0,USD,C_2008_to_present.pdf,20150528093444,OLD-A,
ZC,2008-04-01,Spec New Crop,spec new crop,1,4400.0,4000.0,USD,C_2008_to_present.pdf,20150528093444,OLD-A,
ZC,2008-04-22,Hedge/Member Mnth 1,hedge/member,1,1000.0,1000.0,USD,C_2008_to_present.pdf,20121109080101,OLD-A,
ZC,2008-04-22,Hedge/Member All Months,hedge/member all,1,1000.0,1000.0,USD,C_2008_to_present.pdf,20140826133913,OLD-A,maintenance_front_tier
ZC,2008-04-22,Hedge/Member All Months,hedge/member all,1,3500.0,3500.0,USD,C_2008_to_present.pdf,20150528093444,OLD-A,maintenance_front_tier
ZC,2008-04-22,Hedge/Member New Crop,hedge/member new crop,1,3500.0,3500.0,USD,C_2008_to_present.pdf,20150528093444,OLD-A,
ZC,2008-04-22,Hedge/Member Old Crop,hedge/member old crop,1,1000.0,1000.0,USD,C_2008_to_present.pdf,20121109080101,OLD-A,
ZC,2008-04-22,Spec Mnth 1,spec,1,1350.0,1000.0,USD,C_2008_to_present.pdf,20121109080101,OLD-A,
ZC,2008-04-22,Spec All Months,spec all,1,1100.0,1000.0,USD,C_2008_to_present.pdf,20140826133913,OLD-A,maintenance_front_tier
ZC,2008-04-22,Spec All Months,spec all,1,3850.0,3500.0,USD,C_2008_to_present.pdf,20150528093444,OLD-A,maintenance_front_tier
ZC,2008-04-22,Spec New Crop,spec new crop,1,3850.0,3500.0,USD,C_2008_to_present.pdf,20150528093444,OLD-A,
ZC,2008-04-22,Spec Old Crop,spec old crop,1,1350.0,1000.0,USD,C_2008_to_present.pdf,20121109080101,OLD-A,initial_restated
ZC,2008-06-03,Hedge/Member All Months,hedge/member all,1,3000.0,3000.0,USD,C_2008_to_present.pdf,20150528093444,OLD-A,
ZC,2008-06-03,Hedge/Member New Crop,hedge/member new crop,1,3000.0,3000.0,USD,C_2008_to_present.pdf,20150528093444,OLD-A,
ZC,2008-06-03,Spec All Months,spec all,1,3300.0,3000.0,USD,C_2008_to_present.pdf,20150528093444,OLD-A,
ZC,2008-06-03,Spec New Crop,spec new crop,1,3300.0,3000.0,USD,C_2008_to_present.pdf,20150528093444,OLD-A,
ZC,2008-06-09,Hedge/Member Mnth 1,hedge/member,1,1250.0,1250.0,USD,C_2008_to_present.pdf,20121109080101,OLD-A,
ZC,2008-06-09,Hedge/Member All Months,hedge/member all,1,1250.0,1250.0,USD,C_2008_to_present.pdf,20140826133913,OLD-A,
ZC,2008-06-09,Hedge/Member Old Crop,hedge/member old crop,1,1250.0,1250.0,USD,C_2008_to_present.pdf,20121109080101,OLD-A,
ZC,2008-06-09,Spec Mnth 1,spec,1,1687.5,1250.0,USD,C_2008_to_present.pdf,20121109080101,OLD-A,
ZC,2008-06-09,Spec All Months,spec all,1,1375.0,1250.0,USD,C_2008_to_present.pdf,20140826133913,OLD-A,
ZC,2008-06-09,Spec Old Crop,spec old crop,1,1687.5,1250.0,USD,C_2008_to_present.pdf,20121109080101,OLD-A,initial_restated
ZC,2008-06-12,Hedge/Member Mnth 1,hedge/member,1,1500.0,1500.0,USD,C_2008_to_present.pdf,20121109080101,OLD-A,
ZC,2008-06-12,Hedge/Member All Months,hedge/member all,1,1500.0,1500.0,USD,C_2008_to_present.pdf,20140826133913,OLD-A,maintenance_front_tier
ZC,2008-06-12,Hedge/Member All Months,hedge/member all,1,3500.0,3500.0,USD,C_2008_to_present.pdf,20150528093444,OLD-A,maintenance_front_tier
ZC,2008-06-12,Hedge/Member New Crop,hedge/member new crop,1,3500.0,3500.0,USD,C_2008_to_present.pdf,20150528093444,OLD-A,
ZC,2008-06-12,Hedge/Member Old Crop,hedge/member old crop,1,1500.0,1500.0,USD,C_2008_to_present.pdf,20121109080101,OLD-A,
ZC,2008-06-12,Spec Mnth 1,spec,1,2025.0,1500.0,USD,C_2008_to_present.pdf,20121109080101,OLD-A,
ZC,2008-06-12,Spec All Months,spec all,1,1650.0,1500.0,USD,C_2008_to_present.pdf,20140826133913,OLD-A,maintenance_front_tier
ZC,2008-06-12,Spec All Months,spec all,1,3850.0,3500.0,USD,C_2008_to_present.pdf,20150528093444,OLD-A,maintenance_front_tier
ZC,2008-06-12,Spec New Crop,spec new crop,1,3850.0,3500.0,USD,C_2008_to_present.pdf,20150528093444,OLD-A,
ZC,2008-06-12,Spec Old Crop,spec old crop,1,2025.0,1500.0,USD,C_2008_to_present.pdf,20121109080101,OLD-A,initial_restated
ZC,2009-05-06,Hedge/Member Mnth 1,hedge/member,1,1200.0,1200.0,USD,C_2008_to_present.pdf,20121109080101,OLD-A,
ZC,2009-05-06,Hedge/Member All Months,hedge/member all,1,1200.0,1200.0,USD,C_2008_to_present.pdf,20140826133913,OLD-A,maintenance_front_tier
ZC,2009-05-06,Hedge/Member All Months,hedge/member all,1,3000.0,3000.0,USD,C_2008_to_present.pdf,20150528093444,OLD-A,maintenance_front_tier
ZC,2009-05-06,Hedge/Member New Crop,hedge/member new crop,1,3000.0,3000.0,USD,C_2008_to_present.pdf,20150528093444,OLD-A,
ZC,2009-05-06,Hedge/Member Old Crop,hedge/member old crop,1,1200.0,1200.0,USD,C_2008_to_present.pdf,20121109080101,OLD-A,
ZC,2009-05-06,Spec Mnth 1,spec,1,1620.0,1200.0,USD,C_2008_to_present.pdf,20121109080101,OLD-A,
ZC,2009-05-06,Spec All Months,spec all,1,1320.0,1200.0,USD,C_2008_to_present.pdf,20140826133913,OLD-A,maintenance_front_tier
ZC,2009-05-06,Spec All Months,spec all,1,3300.0,3000.0,USD,C_2008_to_present.pdf,20150528093444,OLD-A,maintenance_front_tier
ZC,2009-05-06,Spec New Crop,spec new crop,1,3300.0,3000.0,USD,C_2008_to_present.pdf,20150528093444,OLD-A,
ZC,2009-05-06,Spec Old Crop,spec old crop,1,1620.0,1200.0,USD,C_2008_to_present.pdf,20121109080101,OLD-A,initial_restated
ZC,2009-10-27,Hedge/Member Mnth 1,hedge/member,1,1100.0,1100.0,USD,C_2008_to_present.pdf,20121109080101,OLD-A,
ZC,2009-10-27,Hedge/Member All Months,hedge/member all,1,1100.0,1100.0,USD,C_2008_to_present.pdf,20140826133913,OLD-A,maintenance_front_tier
ZC,2009-10-27,Hedge/Member All Months,hedge/member all,1,2750.0,2750.0,USD,C_2008_to_present.pdf,20150528093444,OLD-A,maintenance_front_tier
ZC,2009-10-27,Hedge/Member New Crop,hedge/member new crop,1,2750.0,2750.0,USD,C_2008_to_present.pdf,20150528093444,OLD-A,
ZC,2009-10-27,Hedge/Member Old Crop,hedge/member old crop,1,1100.0,1100.0,USD,C_2008_to_present.pdf,20121109080101,OLD-A,
ZC,2009-10-27,Spec Mnth 1,spec,1,1485.0,1100.0,USD,C_2008_to_present.pdf,20121109080101,OLD-A,
ZC,2009-10-27,Spec All Months,spec all,1,1210.0,1100.0,USD,C_2008_to_present.pdf,20140826133913,OLD-A,maintenance_front_tier
ZC,2009-10-27,Spec All Months,spec all,1,3025.0,2750.0,USD,C_2008_to_present.pdf,20150528093444,OLD-A,maintenance_front_tier
ZC,2009-10-27,Spec New Crop,spec new crop,1,3025.0,2750.0,USD,C_2008_to_present.pdf,20150528093444,OLD-A,
ZC,2009-10-27,Spec Old Crop,spec old crop,1,1485.0,1100.0,USD,C_2008_to_present.pdf,20121109080101,OLD-A,initial_restated
ZC,2009-12-28,Hedge/Member Mnth 1,hedge/member,1,1000.0,1000.0,USD,C_2008_to_present.pdf,20121109080101,OLD-A,
ZC,2009-12-28,Hedge/Member All Months,hedge/member all,1,1000.0,1000.0,USD,C_2008_to_present.pdf,20140826133913,OLD-A,
ZC,2009-12-28,Hedge/Member Old Crop,hedge/member old crop,1,1000.0,1000.0,USD,C_2008_to_present.pdf,20121109080101,OLD-A,
ZC,2009-12-28,Spec Mnth 1,spec,1,1350.0,1000.0,USD,C_2008_to_present.pdf,20121109080101,OLD-A,
ZC,2009-12-28,Spec All Months,spec all,1,1100.0,1000.0,USD,C_2008_to_present.pdf,20140826133913,OLD-A,
ZC,2009-12-28,Spec Old Crop,spec old crop,1,1350.0,1000.0,USD,C_2008_to_present.pdf,20121109080101,OLD-A,initial_restated
ZC,2010-05-21,Hedge/Member Mnth 1,hedge/member,1,850.0,850.0,USD,C_2008_to_present.pdf,20121109080101,OLD-A,
ZC,2010-05-21,Hedge/Member All Months,hedge/member all,1,850.0,850.0,USD,C_2008_to_present.pdf,20140826133913,OLD-A,maintenance_front_tier
ZC,2010-05-21,Hedge/Member All Months,hedge/member all,1,2250.0,2250.0,USD,C_2008_to_present.pdf,20150528093444,OLD-A,maintenance_front_tier
ZC,2010-05-21,Hedge/Member New Crop,hedge/member new crop,1,2250.0,2250.0,USD,C_2008_to_present.pdf,20150528093444,OLD-A,
ZC,2010-05-21,Hedge/Member Old Crop,hedge/member old crop,1,850.0,850.0,USD,C_2008_to_present.pdf,20121109080101,OLD-A,
ZC,2010-05-21,Spec Mnth 1,spec,1,1147.5,850.0,USD,C_2008_to_present.pdf,20121109080101,OLD-A,
ZC,2010-05-21,Spec All Months,spec all,1,935.0,850.0,USD,C_2008_to_present.pdf,20140826133913,OLD-A,maintenance_front_tier
ZC,2010-05-21,Spec All Months,spec all,1,2475.0,2250.0,USD,C_2008_to_present.pdf,20150528093444,OLD-A,maintenance_front_tier
ZC,2010-05-21,Spec New Crop,spec new crop,1,2475.0,2250.0,USD,C_2008_to_present.pdf,20150528093444,OLD-A,
ZC,2010-05-21,Spec Old Crop,spec old crop,1,1147.5,850.0,USD,C_2008_to_present.pdf,20121109080101,OLD-A,initial_restated
ZC,2010-07-02,Hedge/Member All Months,hedge/member all,1,2000.0,2000.0,USD,C_2008_to_present.pdf,20150528093444,OLD-A,
ZC,2010-07-02,Hedge/Member New Crop,hedge/member new crop,1,2000.0,2000.0,USD,C_2008_to_present.pdf,20150528093444,OLD-A,
ZC,2010-07-02,Spec All Months,spec all,1,2200.0,2000.0,USD,C_2008_to_present.pdf,20150528093444,OLD-A,
ZC,2010-07-02,Spec New Crop,spec new crop,1,2200.0,2000.0,USD,C_2008_to_present.pdf,20150528093444,OLD-A,
ZC,2010-07-23,Hedge/Member Mnth 1,hedge/member,1,950.0,950.0,USD,C_2008_to_present.pdf,20121109080101,OLD-A,
ZC,2010-07-23,Hedge/Member All Months,hedge/member all,1,950.0,950.0,USD,C_2008_to_present.pdf,20140826133913,OLD-A,
ZC,2010-07-23,Hedge/Member Old Crop,hedge/member old crop,1,950.0,950.0,USD,C_2008_to_present.pdf,20121109080101,OLD-A,
ZC,2010-07-23,Spec Mnth 1,spec,1,1282.5,950.0,USD,C_2008_to_present.pdf,20121109080101,OLD-A,
ZC,2010-07-23,Spec All Months,spec all,1,1045.0,950.0,USD,C_2008_to_present.pdf,20140826133913,OLD-A,
ZC,2010-07-23,Spec Old Crop,spec old crop,1,1282.5,950.0,USD,C_2008_to_present.pdf,20121109080101,OLD-A,initial_restated
ZC,2010-09-30,Hedge/Member Mnth 1,hedge/member,1,1100.0,1100.0,USD,C_2008_to_present.pdf,20121109080101,OLD-A,
ZC,2010-09-30,Hedge/Member All Months,hedge/member all,1,1100.0,1100.0,USD,C_2008_to_present.pdf,20140826133913,OLD-A,
ZC,2010-09-30,Hedge/Member Old Crop,hedge/member old crop,1,1100.0,1100.0,USD,C_2008_to_present.pdf,20121109080101,OLD-A,
ZC,2010-09-30,Spec Mnth 1,spec,1,1485.0,1100.0,USD,C_2008_to_present.pdf,20121109080101,OLD-A,
ZC,2010-09-30,Spec All Months,spec all,1,1210.0,1100.0,USD,C_2008_to_present.pdf,20140826133913,OLD-A,
ZC,2010-09-30,Spec Old Crop,spec old crop,1,1485.0,1100.0,USD,C_2008_to_present.pdf,20121109080101,OLD-A,initial_restated
ZC,2010-10-11,Hedge/Member Mnth 1,hedge/member,1,1500.0,1500.0,USD,C_2008_to_present.pdf,20121109080101,OLD-A,
ZC,2010-10-11,Hedge/Member All Months,hedge/member all,1,1500.0,1500.0,USD,C_2008_to_present.pdf,20140826133913,OLD-A,maintenance_front_tier
ZC,2010-10-11,Hedge/Member All Months,hedge/member all,1,2500.0,2500.0,USD,C_2008_to_present.pdf,20150528093444,OLD-A,maintenance_front_tier
ZC,2010-10-11,Hedge/Member New Crop,hedge/member new crop,1,2500.0,2500.0,USD,C_2008_to_present.pdf,20150528093444,OLD-A,
ZC,2010-10-11,Hedge/Member Old Crop,hedge/member old crop,1,1500.0,1500.0,USD,C_2008_to_present.pdf,20121109080101,OLD-A,
ZC,2010-10-11,Spec Mnth 1,spec,1,2025.0,1500.0,USD,C_2008_to_present.pdf,20121109080101,OLD-A,
ZC,2010-10-11,Spec All Months,spec all,1,1650.0,1500.0,USD,C_2008_to_present.pdf,20140826133913,OLD-A,maintenance_front_tier
ZC,2010-10-11,Spec All Months,spec all,1,2750.0,2500.0,USD,C_2008_to_present.pdf,20150528093444,OLD-A,maintenance_front_tier
ZC,2010-10-11,Spec New Crop,spec new crop,1,2750.0,2500.0,USD,C_2008_to_present.pdf,20150528093444,OLD-A,
ZC,2010-10-11,Spec Old Crop,spec old crop,1,2025.0,1500.0,USD,C_2008_to_present.pdf,20121109080101,OLD-A,initial_restated
ZC,2010-11-10,Hedge/Member All Months,hedge/member all,1,2750.0,2750.0,USD,C_2008_to_present.pdf,20150528093444,OLD-A,
ZC,2010-11-10,Hedge/Member New Crop,hedge/member new crop,1,2750.0,2750.0,USD,C_2008_to_present.pdf,20150528093444,OLD-A,
ZC,2010-11-10,Spec All Months,spec all,1,3025.0,2750.0,USD,C_2008_to_present.pdf,20150528093444,OLD-A,
ZC,2010-11-10,Spec New Crop,spec new crop,1,3025.0,2750.0,USD,C_2008_to_present.pdf,20150528093444,OLD-A,
ZC,2010-11-19,Hedge/Member All Months,hedge/member all,1,3250.0,3250.0,USD,C_2008_to_present.pdf,20150528093444,OLD-A,
ZC,2010-11-19,Hedge/Member New Crop,hedge/member new crop,1,3250.0,3250.0,USD,C_2008_to_present.pdf,20150528093444,OLD-A,
ZC,2010-11-19,Spec All Months,spec all,1,3575.0,3250.0,USD,C_2008_to_present.pdf,20150528093444,OLD-A,
ZC,2010-11-19,Spec New Crop,spec new crop,1,3575.0,3250.0,USD,C_2008_to_present.pdf,20150528093444,OLD-A,
ZC,2011-01-14,Hedge/Member All Months,hedge/member all,1,3500.0,3500.0,USD,C_2008_to_present.pdf,20150528093444,OLD-A,
ZC,2011-01-14,Hedge/Member New Crop,hedge/member new crop,1,3500.0,3500.0,USD,C_2008_to_present.pdf,20150528093444,OLD-A,
ZC,2011-01-14,Spec All Months,spec all,1,3850.0,3500.0,USD,C_2008_to_present.pdf,20150528093444,OLD-A,
ZC,2011-01-14,Spec New Crop,spec new crop,1,3850.0,3500.0,USD,C_2008_to_present.pdf,20150528093444,OLD-A,
ZC,2011-04-01,Hedge/Member Mnth 1,hedge/member,1,1750.0,1750.0,USD,C_2008_to_present.pdf,20121109080101,OLD-A,
ZC,2011-04-01,Hedge/Member All Months,hedge/member all,1,1750.0,1750.0,USD,C_2008_to_present.pdf,20140826133913,OLD-A,
ZC,2011-04-01,Hedge/Member New Crop,hedge/member new crop,1,1750.0,1750.0,USD,C_2008_to_present.pdf,20121109080101,OLD-A,
ZC,2011-04-01,Hedge/Member Old Crop,hedge/member old crop,1,1750.0,1750.0,USD,C_2008_to_present.pdf,20121109080101,OLD-A,
ZC,2011-04-01,Spec Mnth 1,spec,1,2362.5,1750.0,USD,C_2008_to_present.pdf,20121109080101,OLD-A,
ZC,2011-04-01,Spec All Months,spec all,1,1925.0,1750.0,USD,C_2008_to_present.pdf,20140826133913,OLD-A,
ZC,2011-04-01,Spec New Crop,spec new crop,1,2362.5,1750.0,USD,C_2008_to_present.pdf,20121109080101,OLD-A,initial_restated
ZC,2011-04-01,Spec Old Crop,spec old crop,1,2362.5,1750.0,USD,C_2008_to_present.pdf,20121109080101,OLD-A,initial_restated
ZC,2011-06-13,Hedge/Member All Months,hedge/member all,1,3250.0,3250.0,USD,C_2008_to_present.pdf,20150528093444,OLD-A,
ZC,2011-06-13,Hedge/Member New Crop,hedge/member new crop,1,3250.0,3250.0,USD,C_2008_to_present.pdf,20150528093444,OLD-A,
ZC,2011-06-13,Spec All Months,spec all,1,3575.0,3250.0,USD,C_2008_to_present.pdf,20150528093444,OLD-A,
ZC,2011-06-13,Spec New Crop,spec new crop,1,3575.0,3250.0,USD,C_2008_to_present.pdf,20150528093444,OLD-A,
ZC,2011-07-08,Hedge/Member,hedge/member,1,250.0,250.0,USD,C_2008_to_present.pdf,20121109080101,OLD-A,
ZC,2011-07-08,Hedge/Member 2nd New Crop,hedge/member 2nd new crop,1,1750.0,1750.0,USD,C_2008_to_present.pdf,20121109080101,OLD-A,
ZC,2011-07-08,Spec,spec,1,337.5,250.0,USD,C_2008_to_present.pdf,20121109080101,OLD-A,initial_restated
ZC,2011-07-08,Spec 2nd New Crop,spec 2nd new crop,1,2362.5,1750.0,USD,C_2008_to_present.pdf,20121109080101,OLD-A,initial_restated
ZC,2011-07-11,Hedge/Member Mnth 1,hedge/member,1,250.0,250.0,USD,C_2008_to_present.pdf,20121109080101,OLD-A,
ZC,2011-07-11,Hedge/Member All Months,hedge/member all,1,250.0,250.0,USD,C_2008_to_present.pdf,20140826133913,OLD-A,
ZC,2011-07-11,Spec Mnth 1,spec,1,337.5,250.0,USD,C_2008_to_present.pdf,20121109080101,OLD-A,
ZC,2011-07-11,Spec All Months,spec all,1,275.0,250.0,USD,C_2008_to_present.pdf,20140826133913,OLD-A,
ZC,2011-07-25,Hedge/Member All Months,hedge/member all,1,2750.0,2750.0,USD,C_2008_to_present.pdf,20150528093444,OLD-A,
ZC,2011-07-25,Hedge/Member New Crop,hedge/member new crop,1,2750.0,2750.0,USD,C_2008_to_present.pdf,20150528093444,OLD-A,
ZC,2011-07-25,Spec All Months,spec all,1,3025.0,2750.0,USD,C_2008_to_present.pdf,20150528093444,OLD-A,
ZC,2011-07-25,Spec New Crop,spec new crop,1,3025.0,2750.0,USD,C_2008_to_present.pdf,20150528093444,OLD-A,
ZC,2011-09-01,Hedge/Member Mnth 1,hedge/member,1,2000.0,2000.0,USD,C_2008_to_present.pdf,20121109080101,OLD-A,
ZC,2011-09-01,Hedge/Member All Months,hedge/member all,1,2000.0,2000.0,USD,C_2008_to_present.pdf,20140826133913,OLD-A,
ZC,2011-09-01,Spec Mnth 1,spec,1,2700.0,2000.0,USD,C_2008_to_present.pdf,20121109080101,OLD-A,
ZC,2011-09-01,Spec All Months,spec all,1,2200.0,2000.0,USD,C_2008_to_present.pdf,20140826133913,OLD-A,
ZC,2011-09-06,Hedge/Member All Months,hedge/member all,1,2500.0,2500.0,USD,C_2008_to_present.pdf,20150528093444,OLD-A,
ZC,2011-09-06,Hedge/Member New Crop,hedge/member new crop,1,2500.0,2500.0,USD,C_2008_to_present.pdf,20150528093444,OLD-A,
ZC,2011-09-06,Spec All Months,spec all,1,2750.0,2500.0,USD,C_2008_to_present.pdf,20150528093444,OLD-A,
ZC,2011-09-06,Spec New Crop,spec new crop,1,2750.0,2500.0,USD,C_2008_to_present.pdf,20150528093444,OLD-A,
ZC,2011-09-15,Hedge/Member Mnth 1,hedge/member,1,1750.0,1750.0,USD,C_2008_to_present.pdf,20121109080101,OLD-A,
ZC,2011-09-15,Hedge/Member All Months,hedge/member all,1,1750.0,1750.0,USD,C_2008_to_present.pdf,20140826133913,OLD-A,
ZC,2011-09-15,Spec Mnth 1,spec,1,2362.5,1750.0,USD,C_2008_to_present.pdf,20121109080101,OLD-A,
ZC,2011-09-15,Spec All Months,spec all,1,1925.0,1750.0,USD,C_2008_to_present.pdf,20140826133913,OLD-A,
ZC,2012-04-25,Hedge/Member 2nd New Crop,hedge/member 2nd new crop,1,1250.0,1250.0,USD,C_2008_to_present.pdf,20121109080101,OLD-A,
ZC,2012-04-25,Hedge/Member New Crop,hedge/member new crop,1,1250.0,1250.0,USD,C_2008_to_present.pdf,20121109080101,OLD-A,
ZC,2012-04-25,Spec 2nd New Crop,spec 2nd new crop,1,1687.5,1250.0,USD,C_2008_to_present.pdf,20121109080101,OLD-A,initial_restated
ZC,2012-04-25,Spec New Crop,spec new crop,1,1687.5,1250.0,USD,C_2008_to_present.pdf,20121109080101,OLD-A,initial_restated
ZC,2012-06-27,Hedge/Member Mnth 1,hedge/member,1,2000.0,2000.0,USD,C_2008_to_present.pdf,20121109080101,OLD-A,
ZC,2012-06-27,Hedge/Member 2nd New Crop,hedge/member 2nd new crop,1,2000.0,2000.0,USD,C_2008_to_present.pdf,20121109080101,OLD-A,
ZC,2012-06-27,Hedge/Member All Months,hedge/member all,1,2000.0,2000.0,USD,C_2008_to_present.pdf,20140826133913,OLD-A,maintenance_front_tier
ZC,2012-06-27,Hedge/Member All Months,hedge/member all,1,3000.0,3000.0,USD,C_2008_to_present.pdf,20150528093444,OLD-A,maintenance_front_tier
ZC,2012-06-27,Hedge/Member New Crop,hedge/member new crop,1,2000.0,2000.0,USD,C_2008_to_present.pdf,20121109080101,OLD-A,maintenance_front_tier
ZC,2012-06-27,Hedge/Member New Crop,hedge/member new crop,1,3000.0,3000.0,USD,C_2008_to_present.pdf,20150528093444,OLD-A,maintenance_front_tier
ZC,2012-06-27,Hedge/Member Old Crop,hedge/member old crop,1,2000.0,2000.0,USD,C_2008_to_present.pdf,20121109080101,OLD-A,
ZC,2012-06-27,Spec Mnth 1,spec,1,2700.0,2000.0,USD,C_2008_to_present.pdf,20121109080101,OLD-A,
ZC,2012-06-27,Spec 2nd New Crop,spec 2nd new crop,1,2700.0,2000.0,USD,C_2008_to_present.pdf,20121109080101,OLD-A,initial_restated
ZC,2012-06-27,Spec All Months,spec all,1,2200.0,2000.0,USD,C_2008_to_present.pdf,20140826133913,OLD-A,maintenance_front_tier
ZC,2012-06-27,Spec All Months,spec all,1,3300.0,3000.0,USD,C_2008_to_present.pdf,20150528093444,OLD-A,maintenance_front_tier
ZC,2012-06-27,Spec New Crop,spec new crop,1,2700.0,2000.0,USD,C_2008_to_present.pdf,20121109080101,OLD-A,maintenance_front_tier
ZC,2012-06-27,Spec New Crop,spec new crop,1,2200.0,2000.0,USD,C_2008_to_present.pdf,20140826133913,OLD-A,maintenance_front_tier
ZC,2012-06-27,Spec New Crop,spec new crop,1,3300.0,3000.0,USD,C_2008_to_present.pdf,20150528093444,OLD-A,maintenance_front_tier
ZC,2012-06-27,Spec Old Crop,spec old crop,1,2700.0,2000.0,USD,C_2008_to_present.pdf,20121109080101,OLD-A,initial_restated
ZC,2012-07-10,Hedge/Member All Months,hedge/member all,1,3750.0,3750.0,USD,C_2008_to_present.pdf,20150528093444,OLD-A,
ZC,2012-07-10,Hedge/Member New Crop,hedge/member new crop,1,3750.0,3750.0,USD,C_2008_to_present.pdf,20150528093444,OLD-A,
ZC,2012-07-10,Spec All Months,spec all,1,4125.0,3750.0,USD,C_2008_to_present.pdf,20150528093444,OLD-A,
ZC,2012-07-10,Spec New Crop,spec new crop,1,4125.0,3750.0,USD,C_2008_to_present.pdf,20150528093444,OLD-A,
ZC,2012-11-07,Hedge/Member 2nd New Crop,hedge/member 2nd new crop,1,1500.0,1500.0,USD,C_2008_to_present.pdf,20140826133913,OLD-A,
ZC,2012-11-07,Hedge/Member New Crop,hedge/member new crop,1,1500.0,1500.0,USD,C_2008_to_present.pdf,20140826133913,OLD-A,
ZC,2012-11-07,Spec 2nd New Crop,spec 2nd new crop,1,1650.0,1500.0,USD,C_2008_to_present.pdf,20140826133913,OLD-A,
ZC,2012-11-07,Spec New Crop,spec new crop,1,1650.0,1500.0,USD,C_2008_to_present.pdf,20140826133913,OLD-A,
ZC,2013-01-15,Hedge/Member All Months,hedge/member all,1,3400.0,3400.0,USD,C_2008_to_present.pdf,20150528093444,OLD-A,
ZC,2013-01-15,Hedge/Member New Crop,hedge/member new crop,1,3400.0,3400.0,USD,C_2008_to_present.pdf,20150528093444,OLD-A,
ZC,2013-01-15,Spec All Months,spec all,1,3740.0,3400.0,USD,C_2008_to_present.pdf,20150528093444,OLD-A,
ZC,2013-01-15,Spec New Crop,spec new crop,1,3740.0,3400.0,USD,C_2008_to_present.pdf,20150528093444,OLD-A,
ZC,2013-03-26,Hedge/Member 2nd New Crop,hedge/member 2nd new crop,1,2000.0,2000.0,USD,C_2008_to_present.pdf,20140826133913,OLD-A,
ZC,2013-03-26,Hedge/Member New Crop,hedge/member new crop,1,2000.0,2000.0,USD,C_2008_to_present.pdf,20140826133913,OLD-A,
ZC,2013-03-26,Spec 2nd New Crop,spec 2nd new crop,1,2200.0,2000.0,USD,C_2008_to_present.pdf,20140826133913,OLD-A,
ZC,2013-03-26,Spec New Crop,spec new crop,1,2200.0,2000.0,USD,C_2008_to_present.pdf,20140826133913,OLD-A,
ZC,2013-08-20,Hedge/Member 2nd New Crop,hedge/member 2nd new crop,1,1500.0,1500.0,USD,C_2008_to_present.pdf,20140826133913,OLD-A,
ZC,2013-08-20,Hedge/Member All Months,hedge/member all,1,1500.0,1500.0,USD,C_2008_to_present.pdf,20140826133913,OLD-A,maintenance_front_tier
ZC,2013-08-20,Hedge/Member All Months,hedge/member all,1,3000.0,3000.0,USD,C_2008_to_present.pdf,20150528093444,OLD-A,maintenance_front_tier
ZC,2013-08-20,Hedge/Member New Crop,hedge/member new crop,1,1500.0,1500.0,USD,C_2008_to_present.pdf,20140826133913,OLD-A,maintenance_front_tier
ZC,2013-08-20,Hedge/Member New Crop,hedge/member new crop,1,3000.0,3000.0,USD,C_2008_to_present.pdf,20150528093444,OLD-A,maintenance_front_tier
ZC,2013-08-20,Hedge/Member Old Crop,hedge/member old crop,1,1500.0,1500.0,USD,C_2008_to_present.pdf,20140826133913,OLD-A,
ZC,2013-08-20,Spec 2nd New Crop,spec 2nd new crop,1,1650.0,1500.0,USD,C_2008_to_present.pdf,20140826133913,OLD-A,
ZC,2013-08-20,Spec All Months,spec all,1,1650.0,1500.0,USD,C_2008_to_present.pdf,20140826133913,OLD-A,maintenance_front_tier
ZC,2013-08-20,Spec All Months,spec all,1,3300.0,3000.0,USD,C_2008_to_present.pdf,20150528093444,OLD-A,maintenance_front_tier
ZC,2013-08-20,Spec New Crop,spec new crop,1,1650.0,1500.0,USD,C_2008_to_present.pdf,20140826133913,OLD-A,maintenance_front_tier
ZC,2013-08-20,Spec New Crop,spec new crop,1,3300.0,3000.0,USD,C_2008_to_present.pdf,20150528093444,OLD-A,maintenance_front_tier
ZC,2013-08-20,Spec Old Crop,spec old crop,1,1650.0,1500.0,USD,C_2008_to_present.pdf,20140826133913,OLD-A,
ZC,2013-08-28,Hedge/Member 2nd New Crop,hedge/member 2nd new crop,1,1750.0,1750.0,USD,C_2008_to_present.pdf,20140826133913,OLD-A,
ZC,2013-08-28,Hedge/Member All Months,hedge/member all,1,1750.0,1750.0,USD,C_2008_to_present.pdf,20140826133913,OLD-A,maintenance_front_tier
ZC,2013-08-28,Hedge/Member All Months,hedge/member all,1,3500.0,3500.0,USD,C_2008_to_present.pdf,20150528093444,OLD-A,maintenance_front_tier
ZC,2013-08-28,Hedge/Member New Crop,hedge/member new crop,1,1750.0,1750.0,USD,C_2008_to_present.pdf,20140826133913,OLD-A,maintenance_front_tier
ZC,2013-08-28,Hedge/Member New Crop,hedge/member new crop,1,3500.0,3500.0,USD,C_2008_to_present.pdf,20150528093444,OLD-A,maintenance_front_tier
ZC,2013-08-28,Hedge/Member Old Crop,hedge/member old crop,1,1750.0,1750.0,USD,C_2008_to_present.pdf,20140826133913,OLD-A,
ZC,2013-08-28,Spec 2nd New Crop,spec 2nd new crop,1,1925.0,1750.0,USD,C_2008_to_present.pdf,20140826133913,OLD-A,
ZC,2013-08-28,Spec All Months,spec all,1,1925.0,1750.0,USD,C_2008_to_present.pdf,20140826133913,OLD-A,maintenance_front_tier
ZC,2013-08-28,Spec All Months,spec all,1,3850.0,3500.0,USD,C_2008_to_present.pdf,20150528093444,OLD-A,maintenance_front_tier
ZC,2013-08-28,Spec New Crop,spec new crop,1,1925.0,1750.0,USD,C_2008_to_present.pdf,20140826133913,OLD-A,maintenance_front_tier
ZC,2013-08-28,Spec New Crop,spec new crop,1,3850.0,3500.0,USD,C_2008_to_present.pdf,20150528093444,OLD-A,maintenance_front_tier
ZC,2013-08-28,Spec Old Crop,spec old crop,1,1925.0,1750.0,USD,C_2008_to_present.pdf,20140826133913,OLD-A,
ZC,2013-11-13,Hedge/Member All Months,hedge/member all,1,1750.0,1750.0,USD,C_2008_to_present.pdf,20140826133913,OLD-A,maintenance_front_tier
ZC,2013-11-13,Hedge/Member All Months,hedge/member all,1,2900.0,2900.0,USD,C_2008_to_present.pdf,20150528093444,OLD-A,maintenance_front_tier
ZC,2013-11-13,Spec All Months,spec all,1,1925.0,1750.0,USD,C_2008_to_present.pdf,20140826133913,OLD-A,maintenance_front_tier
ZC,2013-11-13,Spec All Months,spec all,1,3190.0,2900.0,USD,C_2008_to_present.pdf,20150528093444,OLD-A,maintenance_front_tier
ZC,2014-02-14,Hedge/Member All Months,hedge/member all,1,2500.0,2500.0,USD,C_2008_to_present.pdf,20150528093444,OLD-A,
ZC,2014-02-14,Spec All Months,spec all,1,2750.0,2500.0,USD,C_2008_to_present.pdf,20150528093444,OLD-A,
ZC,2014-05-09,Hedge/Member All Months,hedge/member all,1,1500.0,1500.0,USD,C_2008_to_present.pdf,20140826133913,OLD-A,maintenance_front_tier
ZC,2014-05-09,Hedge/Member All Months,hedge/member all,1,3000.0,3000.0,USD,C_2008_to_present.pdf,20150528093444,OLD-A,maintenance_front_tier
ZC,2014-05-09,Spec All Months,spec all,1,1650.0,1500.0,USD,C_2008_to_present.pdf,20140826133913,OLD-A,maintenance_front_tier
ZC,2014-05-09,Spec All Months,spec all,1,3300.0,3000.0,USD,C_2008_to_present.pdf,20150528093444,OLD-A,maintenance_front_tier
ZC,2014-09-18,Hedge/Member All Months,hedge/member all,1,2500.0,2500.0,USD,C_2008_to_present.pdf,20150528093444,OLD-A,
ZC,2014-09-18,Spec All Months,spec all,1,2750.0,2500.0,USD,C_2008_to_present.pdf,20150528093444,OLD-A,
ZC,2015-01-09,Hedge/Member All Months,hedge/member all,1,2250.0,2250.0,USD,C_2008_to_present.pdf,20150528093444,OLD-A,
ZC,2015-01-09,Spec All Months,spec all,1,2475.0,2250.0,USD,C_2008_to_present.pdf,20150528093444,OLD-A,
ZC,2015-02-20,Hedge/Member All Months,hedge/member all,1,2000.0,2000.0,USD,C_2008_to_present.pdf,20150528093444,OLD-A,
ZC,2015-02-20,Spec All Months,spec all,1,2200.0,2000.0,USD,C_2008_to_present.pdf,20150528093444,OLD-A,
ZN,2004-01-02,Hedge/Member,hedge/member,1,1300.0,1300.0,USD,21_prior_to_2009.pdf,20121109080110,OLD-B,
ZN,2004-01-02,Spec,spec,1,1755.0,1300.0,USD,21_prior_to_2009.pdf,20121109080110,OLD-B,
ZN,2004-02-26,Hedge/Member,hedge/member,1,1150.0,1150.0,USD,21_prior_to_2009.pdf,20121109080110,OLD-B,
ZN,2004-02-26,Spec,spec,1,1553.0,1150.0,USD,21_prior_to_2009.pdf,20121109080110,OLD-B,
ZN,2004-04-07,Hedge/Member,hedge/member,1,1300.0,1300.0,USD,21_prior_to_2009.pdf,20121109080110,OLD-B,
ZN,2004-04-07,Spec,spec,1,1755.0,1300.0,USD,21_prior_to_2009.pdf,20121109080110,OLD-B,
ZN,2004-06-24,Hedge/Member,hedge/member,1,1200.0,1200.0,USD,21_prior_to_2009.pdf,20121109080110,OLD-B,
ZN,2004-06-24,Spec,spec,1,1620.0,1200.0,USD,21_prior_to_2009.pdf,20121109080110,OLD-B,
ZN,2004-07-30,Hedge/Member,hedge/member,1,1000.0,1000.0,USD,21_prior_to_2009.pdf,20121109080110,OLD-B,
ZN,2004-07-30,Spec,spec,1,1350.0,1000.0,USD,21_prior_to_2009.pdf,20121109080110,OLD-B,
ZN,2004-10-26,Hedge/Member,hedge/member,1,900.0,900.0,USD,21_prior_to_2009.pdf,20121109080110,OLD-B,
ZN,2004-10-26,Spec,spec,1,1215.0,900.0,USD,21_prior_to_2009.pdf,20121109080110,OLD-B,
ZN,2004-11-24,Hedge/Member,hedge/member,1,850.0,850.0,USD,21_prior_to_2009.pdf,20121109080110,OLD-B,
ZN,2004-11-24,Spec,spec,1,1148.0,850.0,USD,21_prior_to_2009.pdf,20121109080110,OLD-B,
ZN,2005-03-01,Hedge/Member,hedge/member,1,750.0,750.0,USD,21_prior_to_2009.pdf,20121109080110,OLD-B,
ZN,2005-03-01,Spec,spec,1,1013.0,750.0,USD,21_prior_to_2009.pdf,20121109080110,OLD-B,
ZN,2005-12-05,Hedge/Member,hedge/member,1,650.0,650.0,USD,21_prior_to_2009.pdf,20121109080110,OLD-B,
ZN,2005-12-05,Spec,spec,1,878.0,650.0,USD,21_prior_to_2009.pdf,20121109080110,OLD-B,
ZN,2006-02-09,Hedge/Member,hedge/member,1,600.0,600.0,USD,21_prior_to_2009.pdf,20121109080110,OLD-B,
ZN,2006-02-09,Spec,spec,1,810.0,600.0,USD,21_prior_to_2009.pdf,20121109080110,OLD-B,
ZN,2006-06-06,Hedge/Member,hedge/member,1,650.0,650.0,USD,21_prior_to_2009.pdf,20121109080110,OLD-B,
ZN,2006-06-06,Spec,spec,1,878.0,650.0,USD,21_prior_to_2009.pdf,20121109080110,OLD-B,
ZN,2006-08-21,Hedge/Member,hedge/member,1,600.0,600.0,USD,21_prior_to_2009.pdf,20121109080110,OLD-B,
ZN,2006-08-21,Spec,spec,1,810.0,600.0,USD,21_prior_to_2009.pdf,20121109080110,OLD-B,
ZN,2006-11-08,Hedge/Member,hedge/member,1,650.0,650.0,USD,21_prior_to_2009.pdf,20121109080110,OLD-B,
ZN,2006-11-08,Spec,spec,1,878.0,650.0,USD,21_prior_to_2009.pdf,20121109080110,OLD-B,
ZN,2007-03-01,Hedge/Member,hedge/member,1,750.0,750.0,USD,21_prior_to_2009.pdf,20121109080110,OLD-B,
ZN,2007-03-01,Spec,spec,1,1013.0,750.0,USD,21_prior_to_2009.pdf,20121109080110,OLD-B,
ZN,2007-04-24,Hedge/Member,hedge/member,1,650.0,650.0,USD,21_prior_to_2009.pdf,20121109080110,OLD-B,
ZN,2007-04-24,Spec,spec,1,878.0,650.0,USD,21_prior_to_2009.pdf,20121109080110,OLD-B,
ZN,2007-06-15,Hedge/Member,hedge/member,1,700.0,700.0,USD,21_prior_to_2009.pdf,20121109080110,OLD-B,
ZN,2007-06-15,Spec,spec,1,945.0,700.0,USD,21_prior_to_2009.pdf,20121109080110,OLD-B,
ZN,2007-07-30,Hedge/Member,hedge/member,1,850.0,850.0,USD,21_prior_to_2009.pdf,20121109080110,OLD-B,
ZN,2007-07-30,Spec,spec,1,1148.0,850.0,USD,21_prior_to_2009.pdf,20121109080110,OLD-B,
ZN,2007-11-27,Hedge/Member,hedge/member,1,1000.0,1000.0,USD,21_prior_to_2009.pdf,20121109080110,OLD-B,
ZN,2007-11-27,Spec,spec,1,1350.0,1000.0,USD,21_prior_to_2009.pdf,20121109080110,OLD-B,
ZN,2007-12-17,Hedge/Member,hedge/member,1,1200.0,1200.0,USD,21_prior_to_2009.pdf,20121109080110,OLD-B,
ZN,2007-12-17,Spec,spec,1,1620.0,1200.0,USD,21_prior_to_2009.pdf,20121109080110,OLD-B,
ZN,2008-01-17,Hedge/Member,hedge/member,1,1200.0,1200.0,USD,21_2008_to_present.pdf,20121109075822,OLD-A,
ZN,2008-01-17,Spec,spec,1,1620.0,1200.0,USD,21_2008_to_present.pdf,20121109075822,OLD-A,initial_restated
ZN,2008-03-18,Hedge/Member,hedge/member,1,1400.0,1400.0,USD,21_2008_to_present.pdf,20121109075822,OLD-A,
ZN,2008-03-18,Spec,spec,1,1890.0,1400.0,USD,21_2008_to_present.pdf,20121109075822,OLD-A,initial_restated
ZN,2008-03-26,Hedge/Member,hedge/member,1,1600.0,1600.0,USD,21_2008_to_present.pdf,20121109075822,OLD-A,
ZN,2008-03-26,Spec,spec,1,2160.0,1600.0,USD,21_2008_to_present.pdf,20121109075822,OLD-A,initial_restated
ZN,2008-06-03,Hedge/Member,hedge/member,1,1400.0,1400.0,USD,21_2008_to_present.pdf,20121109075822,OLD-A,
ZN,2008-06-03,Spec,spec,1,1890.0,1400.0,USD,21_2008_to_present.pdf,20121109075822,OLD-A,initial_restated
ZN,2008-07-17,Hedge/Member,hedge/member,1,1200.0,1200.0,USD,21_2008_to_present.pdf,20121109075822,OLD-A,
ZN,2008-07-17,Spec,spec,1,1620.0,1200.0,USD,21_2008_to_present.pdf,20121109075822,OLD-A,initial_restated
ZN,2008-09-22,Hedge/Member,hedge/member,1,1500.0,1500.0,USD,21_2008_to_present.pdf,20121109075822,OLD-A,
ZN,2008-09-22,Spec,spec,1,2025.0,1500.0,USD,21_2008_to_present.pdf,20121109075822,OLD-A,initial_restated
ZN,2008-09-30,Hedge/Member,hedge/member,1,2000.0,2000.0,USD,21_2008_to_present.pdf,20121109075822,OLD-A,
ZN,2008-09-30,Spec,spec,1,2700.0,2000.0,USD,21_2008_to_present.pdf,20121109075822,OLD-A,initial_restated
ZN,2008-10-08,Hedge/Member,hedge/member,1,2200.0,2200.0,USD,21_2008_to_present.pdf,20121109075822,OLD-A,
ZN,2008-10-08,Spec,spec,1,2970.0,2200.0,USD,21_2008_to_present.pdf,20121109075822,OLD-A,initial_restated
ZN,2009-04-14,Hedge/Member,hedge/member,1,2000.0,2000.0,USD,21_2008_to_present.pdf,20121109075822,OLD-A,
ZN,2009-04-14,Spec,spec,1,2700.0,2000.0,USD,21_2008_to_present.pdf,20121109075822,OLD-A,initial_restated
ZN,2009-05-19,Hedge/Member,hedge/member,1,1800.0,1800.0,USD,21_2008_to_present.pdf,20121109075822,OLD-A,
ZN,2009-05-19,Spec,spec,1,2430.0,1800.0,USD,21_2008_to_present.pdf,20121109075822,OLD-A,initial_restated
ZN,2009-11-27,Hedge/Member,hedge/member,1,1500.0,1500.0,USD,21_2008_to_present.pdf,20121109075822,OLD-A,
ZN,2009-11-27,Spec,spec,1,2025.0,1500.0,USD,21_2008_to_present.pdf,20121109075822,OLD-A,initial_restated
ZN,2010-03-05,Hedge/Member,hedge/member,1,1100.0,1100.0,USD,21_2008_to_present.pdf,20121109075822,OLD-A,
ZN,2010-03-05,Spec,spec,1,1485.0,1100.0,USD,21_2008_to_present.pdf,20121109075822,OLD-A,initial_restated
ZN,2010-05-10,Hedge/Member,hedge/member,1,1300.0,1300.0,USD,21_2008_to_present.pdf,20121109075822,OLD-A,
ZN,2010-05-10,Spec,spec,1,1755.0,1300.0,USD,21_2008_to_present.pdf,20121109075822,OLD-A,initial_restated
ZN,2010-07-20,Hedge/Member,hedge/member,1,1400.0,1400.0,USD,21_2008_to_present.pdf,20121109075822,OLD-A,
ZN,2010-07-20,Spec,spec,1,1890.0,1400.0,USD,21_2008_to_present.pdf,20121109075822,OLD-A,initial_restated
ZN,2010-12-17,Hedge/Member,hedge/member,1,1600.0,1600.0,USD,21_2008_to_present.pdf,20121109075822,OLD-A,
ZN,2010-12-17,Spec,spec,1,2160.0,1600.0,USD,21_2008_to_present.pdf,20121109075822,OLD-A,initial_restated
ZN,2011-06-06,Hedge/Member,hedge/member,1,1300.0,1300.0,USD,21_2008_to_present.pdf,20121109075822,OLD-A,
ZN,2011-06-06,Spec,spec,1,1755.0,1300.0,USD,21_2008_to_present.pdf,20121109075822,OLD-A,initial_restated
ZN,2011-06-21,Hedge/Member,hedge/member,1,1100.0,1100.0,USD,21_2008_to_present.pdf,20121109075822,OLD-A,
ZN,2011-06-21,Spec,spec,1,1485.0,1100.0,USD,21_2008_to_present.pdf,20121109075822,OLD-A,initial_restated
ZN,2011-07-25,Hedge/Member,hedge/member,1,1300.0,1300.0,USD,21_2008_to_present.pdf,20121109075822,OLD-A,
ZN,2011-07-25,Spec,spec,1,1755.0,1300.0,USD,21_2008_to_present.pdf,20121109075822,OLD-A,initial_restated
ZN,2011-08-11,Hedge/Member,hedge/member,1,1600.0,1600.0,USD,21_2008_to_present.pdf,20121109075822,OLD-A,
ZN,2011-08-11,Spec,spec,1,2160.0,1600.0,USD,21_2008_to_present.pdf,20121109075822,OLD-A,initial_restated
ZN,2012-01-17,Hedge/Member,hedge/member,1,1300.0,1300.0,USD,21_2008_to_present.pdf,20121109075822,OLD-A,
ZN,2012-01-17,Spec,spec,1,1755.0,1300.0,USD,21_2008_to_present.pdf,20121109075822,OLD-A,initial_restated
ZN,2012-02-03,Hedge/Member,hedge/member,1,1100.0,1100.0,USD,21_2008_to_present.pdf,20121109075822,OLD-A,
ZN,2012-02-03,Spec,spec,1,1485.0,1100.0,USD,21_2008_to_present.pdf,20121109075822,OLD-A,initial_restated
ZN,2013-07-02,Hedge/Member,hedge/member,1,1250.0,1250.0,USD,21_2008_to_present.pdf,20140826125957,OLD-A,
ZN,2013-07-02,Spec,spec,1,1375.0,1250.0,USD,21_2008_to_present.pdf,20140826125957,OLD-A,
ZN,2013-07-10,Hedge/Member,hedge/member,1,1475.0,1475.0,USD,21_2008_to_present.pdf,20140826125957,OLD-A,
ZN,2013-07-10,Spec,spec,1,1622.5,1475.0,USD,21_2008_to_present.pdf,20140826125957,OLD-A,
ZN,2014-04-09,Hedge/Member,hedge/member,1,1300.0,1300.0,USD,21_2008_to_present.pdf,20140826125957,OLD-A,
ZN,2014-04-09,Spec,spec,1,1430.0,1300.0,USD,21_2008_to_present.pdf,20140826125957,OLD-A,
ZN,2014-09-19,Hedge/Member,hedge/member,1,1200.0,1200.0,USD,21_2008_to_present.pdf,20150528081416,OLD-A,
ZN,2014-09-19,Spec,spec,1,1320.0,1200.0,USD,21_2008_to_present.pdf,20150528081416,OLD-A,
ZN,2015-01-20,Hedge/Member,hedge/member,1,1350.0,1350.0,USD,21_2008_to_present.pdf,20150528081416,OLD-A,
ZN,2015-01-20,Spec,spec,1,1485.0,1350.0,USD,21_2008_to_present.pdf,20150528081416,OLD-A,
ZS,2003-11-24,Hedge/Member,hedge/member,1,1200.0,1200.0,USD,S_prior_to_2009.pdf,20121109080137,OLD-B,
ZS,2003-11-24,Spec,spec,1,1620.0,1200.0,USD,S_prior_to_2009.pdf,20121109080137,OLD-B,
ZS,2004-01-15,Hedge/Member,hedge/member,1,1500.0,1500.0,USD,S_prior_to_2009.pdf,20121109080137,OLD-B,
ZS,2004-01-15,Spec,spec,1,2025.0,1500.0,USD,S_prior_to_2009.pdf,20121109080137,OLD-B,
ZS,2004-04-07,Hedge/Member,hedge/member,1,1600.0,1600.0,USD,S_prior_to_2009.pdf,20121109080137,OLD-B,
ZS,2004-04-07,Hedge/Member - New Crop,hedge/member - new crop,1,1600.0,1600.0,USD,S_prior_to_2009.pdf,20121109080137,OLD-B,
ZS,2004-04-07,Spec,spec,1,2160.0,1600.0,USD,S_prior_to_2009.pdf,20121109080137,OLD-B,
ZS,2004-04-07,Speculative - New Crop,speculative - new crop,1,2160.0,1600.0,USD,S_prior_to_2009.pdf,20121109080137,OLD-B,
ZS,2004-04-20,Hedge/Member - Old Crop,hedge/member - old crop,1,1900.0,1900.0,USD,S_prior_to_2009.pdf,20121109080137,OLD-B,
ZS,2004-04-20,Speculative - Old Crop,speculative - old crop,1,2565.0,1900.0,USD,S_prior_to_2009.pdf,20121109080137,OLD-B,
ZS,2004-05-18,Hedge/Member - Old Crop,hedge/member - old crop,1,2300.0,2300.0,USD,S_prior_to_2009.pdf,20121109080137,OLD-B,
ZS,2004-05-18,Speculative - Old Crop,speculative - old crop,1,3105.0,2300.0,USD,S_prior_to_2009.pdf,20121109080137,OLD-B,
ZS,2004-06-24,Hedge/Member - New Crop,hedge/member - new crop,1,1800.0,1800.0,USD,S_prior_to_2009.pdf,20121109080137,OLD-B,
ZS,2004-06-24,Speculative - New Crop,speculative - new crop,1,2430.0,1800.0,USD,S_prior_to_2009.pdf,20121109080137,OLD-B,
ZS,2004-07-30,Hedge/Member - New Crop,hedge/member - new crop,1,1700.0,1700.0,USD,S_prior_to_2009.pdf,20121109080137,OLD-B,
ZS,2004-07-30,Speculative - New Crop,speculative - new crop,1,2295.0,1700.0,USD,S_prior_to_2009.pdf,20121109080137,OLD-B,
ZS,2004-09-01,Hedge/Member - New Crop,hedge/member - new crop,1,1600.0,1600.0,USD,S_prior_to_2009.pdf,20121109080137,OLD-B,
ZS,2004-09-01,Hedge/Member - Old Crop,hedge/member - old crop,1,2200.0,2200.0,USD,S_prior_to_2009.pdf,20121109080137,OLD-B,
ZS,2004-09-01,Speculative - New Crop,speculative - new crop,1,2160.0,1600.0,USD,S_prior_to_2009.pdf,20121109080137,OLD-B,
ZS,2004-09-01,Speculative - Old Crop,speculative - old crop,1,2970.0,2200.0,USD,S_prior_to_2009.pdf,20121109080137,OLD-B,
ZS,2004-09-28,Hedge/Member - New Crop,hedge/member - new crop,1,1450.0,1450.0,USD,S_prior_to_2009.pdf,20121109080137,OLD-B,
ZS,2004-09-28,Hedge/Member - Old Crop,hedge/member - old crop,1,1450.0,1450.0,USD,S_prior_to_2009.pdf,20121109080137,OLD-B,
ZS,2004-09-28,Speculative - New Crop,speculative - new crop,1,1958.0,1450.0,USD,S_prior_to_2009.pdf,20121109080137,OLD-B,
ZS,2004-09-28,Speculative - Old Crop,speculative - old crop,1,1958.0,1450.0,USD,S_prior_to_2009.pdf,20121109080137,OLD-B,
ZS,2004-10-26,Hedge/Member - New Crop,hedge/member - new crop,1,1350.0,1350.0,USD,S_prior_to_2009.pdf,20121109080137,OLD-B,
ZS,2004-10-26,Hedge/Member - Old Crop,hedge/member - old crop,1,1350.0,1350.0,USD,S_prior_to_2009.pdf,20121109080137,OLD-B,
ZS,2004-10-26,Speculative - New Crop,speculative - new crop,1,1823.0,1350.0,USD,S_prior_to_2009.pdf,20121109080137,OLD-B,
ZS,2004-10-26,Speculative - Old Crop,speculative - old crop,1,1823.0,1350.0,USD,S_prior_to_2009.pdf,20121109080137,OLD-B,
ZS,2004-11-24,Hedge/Member - New Crop,hedge/member - new crop,1,1200.0,1200.0,USD,S_prior_to_2009.pdf,20121109080137,OLD-B,
ZS,2004-11-24,Hedge/Member - Old Crop,hedge/member - old crop,1,1200.0,1200.0,USD,S_prior_to_2009.pdf,20121109080137,OLD-B,
ZS,2004-11-24,Speculative - New Crop,speculative - new crop,1,1620.0,1200.0,USD,S_prior_to_2009.pdf,20121109080137,OLD-B,
ZS,2004-11-24,Speculative - Old Crop,speculative - old crop,1,1620.0,1200.0,USD,S_prior_to_2009.pdf,20121109080137,OLD-B,
ZS,2004-12-17,Hedge/Member - New Crop,hedge/member - new crop,1,900.0,900.0,USD,S_prior_to_2009.pdf,20121109080137,OLD-B,
ZS,2004-12-17,Hedge/Member - Old Crop,hedge/member - old crop,1,900.0,900.0,USD,S_prior_to_2009.pdf,20121109080137,OLD-B,
ZS,2004-12-17,Speculative - New Crop,speculative - new crop,1,1215.0,900.0,USD,S_prior_to_2009.pdf,20121109080137,OLD-B,
ZS,2004-12-17,Speculative - Old Crop,speculative - old crop,1,1215.0,900.0,USD,S_prior_to_2009.pdf,20121109080137,OLD-B,
ZS,2005-02-24,Hedge/Member - New Crop,hedge/member - new crop,1,1100.0,1100.0,USD,S_prior_to_2009.pdf,20121109080137,OLD-B,
ZS,2005-02-24,Hedge/Member - Old Crop,hedge/member - old crop,1,1100.0,1100.0,USD,S_prior_to_2009.pdf,20121109080137,OLD-B,
ZS,2005-02-24,Speculative - New Crop,speculative - new crop,1,1485.0,1100.0,USD,S_prior_to_2009.pdf,20121109080137,OLD-B,
ZS,2005-02-24,Speculative - Old Crop,speculative - old crop,1,1485.0,1100.0,USD,S_prior_to_2009.pdf,20121109080137,OLD-B,
ZS,2005-03-04,Hedge/Member - New Crop,hedge/member - new crop,1,1350.0,1350.0,USD,S_prior_to_2009.pdf,20121109080137,OLD-B,
ZS,2005-03-04,Hedge/Member - Old Crop,hedge/member - old crop,1,1350.0,1350.0,USD,S_prior_to_2009.pdf,20121109080137,OLD-B,
ZS,2005-03-04,Speculative - New Crop,speculative - new crop,1,1823.0,1350.0,USD,S_prior_to_2009.pdf,20121109080137,OLD-B,
ZS,2005-03-04,Speculative - Old Crop,speculative - old crop,1,1823.0,1350.0,USD,S_prior_to_2009.pdf,20121109080137,OLD-B,
ZS,2005-07-06,Hedge/Member - New Crop,hedge/member - new crop,1,1700.0,1700.0,USD,S_prior_to_2009.pdf,20121109080137,OLD-B,
ZS,2005-07-06,Hedge/Member - Old Crop,hedge/member - old crop,1,1700.0,1700.0,USD,S_prior_to_2009.pdf,20121109080137,OLD-B,
ZS,2005-07-06,Speculative - New Crop,speculative - new crop,1,2295.0,1700.0,USD,S_prior_to_2009.pdf,20121109080137,OLD-B,
ZS,2005-07-06,Speculative - Old Crop,speculative - old crop,1,2295.0,1700.0,USD,S_prior_to_2009.pdf,20121109080137,OLD-B,
ZS,2005-08-05,Hedge/Member - New Crop,hedge/member - new crop,1,1850.0,1850.0,USD,S_prior_to_2009.pdf,20121109080137,OLD-B,
ZS,2005-08-05,Hedge/Member - Old Crop,hedge/member - old crop,1,1850.0,1850.0,USD,S_prior_to_2009.pdf,20121109080137,OLD-B,
ZS,2005-08-05,Speculative - New Crop,speculative - new crop,1,2498.0,1850.0,USD,S_prior_to_2009.pdf,20121109080137,OLD-B,
ZS,2005-08-05,Speculative - Old Crop,speculative - old crop,1,2498.0,1850.0,USD,S_prior_to_2009.pdf,20121109080137,OLD-B,
ZS,2005-09-29,Hedge/Member - New Crop,hedge/member - new crop,1,800.0,800.0,USD,S_prior_to_2009.pdf,20121109080137,OLD-B,
ZS,2005-09-29,Hedge/Member - Old Crop,hedge/member - old crop,1,800.0,800.0,USD,S_prior_to_2009.pdf,20121109080137,OLD-B,
ZS,2005-09-29,Speculative - New Crop,speculative - new crop,1,1080.0,800.0,USD,S_prior_to_2009.pdf,20121109080137,OLD-B,
ZS,2005-09-29,Speculative - Old Crop,speculative - old crop,1,1080.0,800.0,USD,S_prior_to_2009.pdf,20121109080137,OLD-B,
ZS,2005-12-05,Hedge/Member - New Crop,hedge/member - new crop,1,750.0,750.0,USD,S_prior_to_2009.pdf,20121109080137,OLD-B,
ZS,2005-12-05,Hedge/Member - Old Crop,hedge/member - old crop,1,750.0,750.0,USD,S_prior_to_2009.pdf,20121109080137,OLD-B,
ZS,2005-12-05,Speculative - New Crop,speculative - new crop,1,1013.0,750.0,USD,S_prior_to_2009.pdf,20121109080137,OLD-B,
ZS,2005-12-05,Speculative - Old Crop,speculative - old crop,1,1013.0,750.0,USD,S_prior_to_2009.pdf,20121109080137,OLD-B,
ZS,2006-01-11,Hedge/Member - New Crop,hedge/member - new crop,1,850.0,850.0,USD,S_prior_to_2009.pdf,20121109080137,OLD-B,
ZS,2006-01-11,Hedge/Member - Old Crop,hedge/member - old crop,1,850.0,850.0,USD,S_prior_to_2009.pdf,20121109080137,OLD-B,
ZS,2006-01-11,Speculative - New Crop,speculative - new crop,1,1148.0,850.0,USD,S_prior_to_2009.pdf,20121109080137,OLD-B,
ZS,2006-01-11,Speculative - Old Crop,speculative - old crop,1,1148.0,850.0,USD,S_prior_to_2009.pdf,20121109080137,OLD-B,
ZS,2006-05-16,Hedge/Member - New Crop,hedge/member - new crop,1,750.0,750.0,USD,S_prior_to_2009.pdf,20121109080137,OLD-B,
ZS,2006-05-16,Hedge/Member - Old Crop,hedge/member - old crop,1,750.0,750.0,USD,S_prior_to_2009.pdf,20121109080137,OLD-B,
ZS,2006-05-16,Speculative - New Crop,speculative - new crop,1,1013.0,750.0,USD,S_prior_to_2009.pdf,20121109080137,OLD-B,
ZS,2006-05-16,Speculative - Old Crop,speculative - old crop,1,1013.0,750.0,USD,S_prior_to_2009.pdf,20121109080137,OLD-B,
ZS,2006-12-19,Hedge/Member - New Crop,hedge/member - new crop,1,800.0,800.0,USD,S_prior_to_2009.pdf,20121109080137,OLD-B,
ZS,2006-12-19,Hedge/Member - Old Crop,hedge/member - old crop,1,800.0,800.0,USD,S_prior_to_2009.pdf,20121109080137,OLD-B,
ZS,2006-12-19,Speculative - New Crop,speculative - new crop,1,1080.0,800.0,USD,S_prior_to_2009.pdf,20121109080137,OLD-B,
ZS,2006-12-19,Speculative - Old Crop,speculative - old crop,1,1080.0,800.0,USD,S_prior_to_2009.pdf,20121109080137,OLD-B,
ZS,2007-01-17,Hedge/Member - New Crop,hedge/member - new crop,1,1000.0,1000.0,USD,S_prior_to_2009.pdf,20121109080137,OLD-B,
ZS,2007-01-17,Hedge/Member - Old Crop,hedge/member - old crop,1,1000.0,1000.0,USD,S_prior_to_2009.pdf,20121109080137,OLD-B,
ZS,2007-01-17,Speculative - New Crop,speculative - new crop,1,1350.0,1000.0,USD,S_prior_to_2009.pdf,20121109080137,OLD-B,
ZS,2007-01-17,Speculative - Old Crop,speculative - old crop,1,1350.0,1000.0,USD,S_prior_to_2009.pdf,20121109080137,OLD-B,
ZS,2007-06-11,Hedge/Member - New Crop,hedge/member - new crop,1,900.0,900.0,USD,S_prior_to_2009.pdf,20121109080137,OLD-B,
ZS,2007-06-11,Hedge/Member - Old Crop,hedge/member - old crop,1,900.0,900.0,USD,S_prior_to_2009.pdf,20121109080137,OLD-B,
ZS,2007-06-11,Speculative - New Crop,speculative - new crop,1,1215.0,900.0,USD,S_prior_to_2009.pdf,20121109080137,OLD-B,
ZS,2007-06-11,Speculative - Old Crop,speculative - old crop,1,1215.0,900.0,USD,S_prior_to_2009.pdf,20121109080137,OLD-B,
ZS,2007-07-02,Hedge/Member - New Crop,hedge/member - new crop,1,1350.0,1350.0,USD,S_prior_to_2009.pdf,20121109080137,OLD-B,
ZS,2007-07-02,Hedge/Member - Old Crop,hedge/member - old crop,1,1350.0,1350.0,USD,S_prior_to_2009.pdf,20121109080137,OLD-B,
ZS,2007-07-02,Speculative - New Crop,speculative - new crop,1,1823.0,1350.0,USD,S_prior_to_2009.pdf,20121109080137,OLD-B,
ZS,2007-07-02,Speculative - Old Crop,speculative - old crop,1,1823.0,1350.0,USD,S_prior_to_2009.pdf,20121109080137,OLD-B,
ZS,2007-07-17,Hedge/Member - New Crop,hedge/member - new crop,1,1800.0,1800.0,USD,S_prior_to_2009.pdf,20121109080137,OLD-B,
ZS,2007-07-17,Hedge/Member - Old Crop,hedge/member - old crop,1,1800.0,1800.0,USD,S_prior_to_2009.pdf,20121109080137,OLD-B,
ZS,2007-07-17,Speculative - New Crop,speculative - new crop,1,2430.0,1800.0,USD,S_prior_to_2009.pdf,20121109080137,OLD-B,
ZS,2007-07-17,Speculative - Old Crop,speculative - old crop,1,2430.0,1800.0,USD,S_prior_to_2009.pdf,20121109080137,OLD-B,
ZS,2007-09-20,Hedge/Member - New Crop,hedge/member - new crop,1,2000.0,2000.0,USD,S_prior_to_2009.pdf,20121109080137,OLD-B,
ZS,2007-09-20,Hedge/Member - Old Crop,hedge/member - old crop,1,2000.0,2000.0,USD,S_prior_to_2009.pdf,20121109080137,OLD-B,
ZS,2007-09-20,Speculative - New Crop,speculative - new crop,1,2700.0,2000.0,USD,S_prior_to_2009.pdf,20121109080137,OLD-B,
ZS,2007-09-20,Speculative - Old Crop,speculative - old crop,1,2700.0,2000.0,USD,S_prior_to_2009.pdf,20121109080137,OLD-B,
ZS,2008-01-28,Hedge/Member All Months,hedge/member all,1,2200.0,2200.0,USD,S_2008_to_present.pdf,20140308200930,OLD-A,
ZS,2008-01-28,Hedge/Member New Crop,hedge/member new crop,1,2200.0,2200.0,USD,S_2008_to_present.pdf,20121109075756,OLD-A,
ZS,2008-01-28,Hedge/Member Old Crop,hedge/member old crop,1,2200.0,2200.0,USD,S_2008_to_present.pdf,20121109075756,OLD-A,
ZS,2008-01-28,Spec All Months,spec all,1,2970.0,2200.0,USD,S_2008_to_present.pdf,20140308200930,OLD-A,initial_restated
ZS,2008-01-28,Spec New Crop,spec new crop,1,2970.0,2200.0,USD,S_2008_to_present.pdf,20121109075756,OLD-A,initial_restated
ZS,2008-01-28,Spec Old Crop,spec old crop,1,2970.0,2200.0,USD,S_2008_to_present.pdf,20121109075756,OLD-A,
ZS,2008-03-11,Hedge/Member All Months,hedge/member all,1,2500.0,2500.0,USD,S_2008_to_present.pdf,20140308200930,OLD-A,
ZS,2008-03-11,Hedge/Member New Crop,hedge/member new crop,1,2500.0,2500.0,USD,S_2008_to_present.pdf,20121109075756,OLD-A,
ZS,2008-03-11,Hedge/Member Old Crop,hedge/member old crop,1,2500.0,2500.0,USD,S_2008_to_present.pdf,20121109075756,OLD-A,
ZS,2008-03-11,Spec All Months,spec all,1,3375.0,2500.0,USD,S_2008_to_present.pdf,20140308200930,OLD-A,initial_restated
ZS,2008-03-11,Spec New Crop,spec new crop,1,3375.0,2500.0,USD,S_2008_to_present.pdf,20121109075756,OLD-A,initial_restated
ZS,2008-03-11,Spec Old Crop,spec old crop,1,3375.0,2500.0,USD,S_2008_to_present.pdf,20121109075756,OLD-A,
ZS,2008-03-27,Hedge/Member All Months,hedge/member all,1,3250.0,3250.0,USD,S_2008_to_present.pdf,20140308200930,OLD-A,
ZS,2008-03-27,Hedge/Member New Crop,hedge/member new crop,1,3250.0,3250.0,USD,S_2008_to_present.pdf,20121109075756,OLD-A,
ZS,2008-03-27,Hedge/Member Old Crop,hedge/member old crop,1,3250.0,3250.0,USD,S_2008_to_present.pdf,20121109075756,OLD-A,
ZS,2008-03-27,Spec All Months,spec all,1,4387.5,3250.0,USD,S_2008_to_present.pdf,20140308200930,OLD-A,initial_restated
ZS,2008-03-27,Spec New Crop,spec new crop,1,4387.5,3250.0,USD,S_2008_to_present.pdf,20121109075756,OLD-A,initial_restated
ZS,2008-03-27,Spec Old Crop,spec old crop,1,4387.5,3250.0,USD,S_2008_to_present.pdf,20121109075756,OLD-A,
ZS,2008-04-01,Hedge/Member All Months,hedge/member all,1,4000.0,4000.0,USD,S_2008_to_present.pdf,20140308200930,OLD-A,
ZS,2008-04-01,Hedge/Member New Crop,hedge/member new crop,1,4000.0,4000.0,USD,S_2008_to_present.pdf,20121109075756,OLD-A,
ZS,2008-04-01,Hedge/Member Old Crop,hedge/member old crop,1,4000.0,4000.0,USD,S_2008_to_present.pdf,20121109075756,OLD-A,
ZS,2008-04-01,Spec All Months,spec all,1,5400.0,4000.0,USD,S_2008_to_present.pdf,20140308200930,OLD-A,initial_restated
ZS,2008-04-01,Spec New Crop,spec new crop,1,5400.0,4000.0,USD,S_2008_to_present.pdf,20121109075756,OLD-A,initial_restated
ZS,2008-04-01,Spec Old Crop,spec old crop,1,5400.0,4000.0,USD,S_2008_to_present.pdf,20121109075756,OLD-A,
ZS,2008-04-22,Hedge/Member All Months,hedge/member all,1,3500.0,3500.0,USD,S_2008_to_present.pdf,20140308200930,OLD-A,
ZS,2008-04-22,Hedge/Member New Crop,hedge/member new crop,1,3500.0,3500.0,USD,S_2008_to_present.pdf,20121109075756,OLD-A,
ZS,2008-04-22,Hedge/Member Old Crop,hedge/member old crop,1,3500.0,3500.0,USD,S_2008_to_present.pdf,20121109075756,OLD-A,
ZS,2008-04-22,Spec All Months,spec all,1,4725.0,3500.0,USD,S_2008_to_present.pdf,20140308200930,OLD-A,initial_restated
ZS,2008-04-22,Spec New Crop,spec new crop,1,4725.0,3500.0,USD,S_2008_to_present.pdf,20121109075756,OLD-A,initial_restated
ZS,2008-04-22,Spec Old Crop,spec old crop,1,4725.0,3500.0,USD,S_2008_to_present.pdf,20121109075756,OLD-A,
ZS,2008-06-03,Hedge/Member All Months,hedge/member all,1,3000.0,3000.0,USD,S_2008_to_present.pdf,20140308200930,OLD-A,
ZS,2008-06-03,Hedge/Member New Crop,hedge/member new crop,1,3000.0,3000.0,USD,S_2008_to_present.pdf,20121109075756,OLD-A,
ZS,2008-06-03,Hedge/Member Old Crop,hedge/member old crop,1,3000.0,3000.0,USD,S_2008_to_present.pdf,20121109075756,OLD-A,
ZS,2008-06-03,Spec All Months,spec all,1,4050.0,3000.0,USD,S_2008_to_present.pdf,20140308200930,OLD-A,initial_restated
ZS,2008-06-03,Spec New Crop,spec new crop,1,4050.0,3000.0,USD,S_2008_to_present.pdf,20121109075756,OLD-A,initial_restated
ZS,2008-06-03,Spec Old Crop,spec old crop,1,4050.0,3000.0,USD,S_2008_to_present.pdf,20121109075756,OLD-A,
ZS,2008-06-12,Hedge/Member All Months,hedge/member all,1,3500.0,3500.0,USD,S_2008_to_present.pdf,20140308200930,OLD-A,
ZS,2008-06-12,Hedge/Member New Crop,hedge/member new crop,1,3500.0,3500.0,USD,S_2008_to_present.pdf,20121109075756,OLD-A,
ZS,2008-06-12,Hedge/Member Old Crop,hedge/member old crop,1,3500.0,3500.0,USD,S_2008_to_present.pdf,20121109075756,OLD-A,
ZS,2008-06-12,Spec All Months,spec all,1,4725.0,3500.0,USD,S_2008_to_present.pdf,20140308200930,OLD-A,initial_restated
ZS,2008-06-12,Spec New Crop,spec new crop,1,4725.0,3500.0,USD,S_2008_to_present.pdf,20121109075756,OLD-A,initial_restated
ZS,2008-06-12,Spec Old Crop,spec old crop,1,4725.0,3500.0,USD,S_2008_to_present.pdf,20121109075756,OLD-A,
ZS,2009-05-06,Hedge/Member All Months,hedge/member all,1,3000.0,3000.0,USD,S_2008_to_present.pdf,20140308200930,OLD-A,
ZS,2009-05-06,Hedge/Member New Crop,hedge/member new crop,1,3000.0,3000.0,USD,S_2008_to_present.pdf,20121109075756,OLD-A,
ZS,2009-05-06,Hedge/Member Old Crop,hedge/member old crop,1,3000.0,3000.0,USD,S_2008_to_present.pdf,20121109075756,OLD-A,
ZS,2009-05-06,Spec All Months,spec all,1,4050.0,3000.0,USD,S_2008_to_present.pdf,20140308200930,OLD-A,initial_restated
ZS,2009-05-06,Spec New Crop,spec new crop,1,4050.0,3000.0,USD,S_2008_to_present.pdf,20121109075756,OLD-A,initial_restated
ZS,2009-05-06,Spec Old Crop,spec old crop,1,4050.0,3000.0,USD,S_2008_to_present.pdf,20121109075756,OLD-A,
ZS,2009-10-27,Hedge/Member All Months,hedge/member all,1,2750.0,2750.0,USD,S_2008_to_present.pdf,20140308200930,OLD-A,
ZS,2009-10-27,Hedge/Member New Crop,hedge/member new crop,1,2750.0,2750.0,USD,S_2008_to_present.pdf,20121109075756,OLD-A,
ZS,2009-10-27,Hedge/Member Old Crop,hedge/member old crop,1,2750.0,2750.0,USD,S_2008_to_present.pdf,20121109075756,OLD-A,
ZS,2009-10-27,Spec All Months,spec all,1,3712.5,2750.0,USD,S_2008_to_present.pdf,20140308200930,OLD-A,initial_restated
ZS,2009-10-27,Spec New Crop,spec new crop,1,3712.5,2750.0,USD,S_2008_to_present.pdf,20121109075756,OLD-A,initial_restated
ZS,2009-10-27,Spec Old Crop,spec old crop,1,3712.5,2750.0,USD,S_2008_to_present.pdf,20121109075756,OLD-A,
ZS,2010-05-21,Hedge/Member All Months,hedge/member all,1,2250.0,2250.0,USD,S_2008_to_present.pdf,20140308200930,OLD-A,
ZS,2010-05-21,Hedge/Member New Crop,hedge/member new crop,1,2250.0,2250.0,USD,S_2008_to_present.pdf,20121109075756,OLD-A,
ZS,2010-05-21,Hedge/Member Old Crop,hedge/member old crop,1,2250.0,2250.0,USD,S_2008_to_present.pdf,20121109075756,OLD-A,
ZS,2010-05-21,Spec All Months,spec all,1,3037.5,2250.0,USD,S_2008_to_present.pdf,20140308200930,OLD-A,initial_restated
ZS,2010-05-21,Spec New Crop,spec new crop,1,3037.5,2250.0,USD,S_2008_to_present.pdf,20121109075756,OLD-A,initial_restated
ZS,2010-05-21,Spec Old Crop,spec old crop,1,3037.5,2250.0,USD,S_2008_to_present.pdf,20121109075756,OLD-A,
ZS,2010-07-02,Hedge/Member All Months,hedge/member all,1,2000.0,2000.0,USD,S_2008_to_present.pdf,20140308200930,OLD-A,
ZS,2010-07-02,Hedge/Member New Crop,hedge/member new crop,1,2000.0,2000.0,USD,S_2008_to_present.pdf,20121109075756,OLD-A,
ZS,2010-07-02,Hedge/Member Old Crop,hedge/member old crop,1,2000.0,2000.0,USD,S_2008_to_present.pdf,20121109075756,OLD-A,
ZS,2010-07-02,Spec All Months,spec all,1,2700.0,2000.0,USD,S_2008_to_present.pdf,20140308200930,OLD-A,initial_restated
ZS,2010-07-02,Spec New Crop,spec new crop,1,2700.0,2000.0,USD,S_2008_to_present.pdf,20121109075756,OLD-A,initial_restated
ZS,2010-07-02,Spec Old Crop,spec old crop,1,2700.0,2000.0,USD,S_2008_to_present.pdf,20121109075756,OLD-A,
ZS,2010-10-11,Hedge/Member All Months,hedge/member all,1,2500.0,2500.0,USD,S_2008_to_present.pdf,20140308200930,OLD-A,
ZS,2010-10-11,Hedge/Member New Crop,hedge/member new crop,1,2500.0,2500.0,USD,S_2008_to_present.pdf,20121109075756,OLD-A,
ZS,2010-10-11,Hedge/Member Old Crop,hedge/member old crop,1,2500.0,2500.0,USD,S_2008_to_present.pdf,20121109075756,OLD-A,
ZS,2010-10-11,Spec All Months,spec all,1,3375.0,2500.0,USD,S_2008_to_present.pdf,20140308200930,OLD-A,initial_restated
ZS,2010-10-11,Spec New Crop,spec new crop,1,3375.0,2500.0,USD,S_2008_to_present.pdf,20121109075756,OLD-A,initial_restated
ZS,2010-10-11,Spec Old Crop,spec old crop,1,3375.0,2500.0,USD,S_2008_to_present.pdf,20121109075756,OLD-A,
ZS,2010-11-10,Hedge/Member All Months,hedge/member all,1,2750.0,2750.0,USD,S_2008_to_present.pdf,20140308200930,OLD-A,
ZS,2010-11-10,Hedge/Member New Crop,hedge/member new crop,1,2750.0,2750.0,USD,S_2008_to_present.pdf,20121109075756,OLD-A,
ZS,2010-11-10,Hedge/Member Old Crop,hedge/member old crop,1,2750.0,2750.0,USD,S_2008_to_present.pdf,20121109075756,OLD-A,
ZS,2010-11-10,Spec All Months,spec all,1,3712.5,2750.0,USD,S_2008_to_present.pdf,20140308200930,OLD-A,initial_restated
ZS,2010-11-10,Spec New Crop,spec new crop,1,3712.5,2750.0,USD,S_2008_to_present.pdf,20121109075756,OLD-A,initial_restated
ZS,2010-11-10,Spec Old Crop,spec old crop,1,3712.5,2750.0,USD,S_2008_to_present.pdf,20121109075756,OLD-A,
ZS,2010-11-19,Hedge/Member All Months,hedge/member all,1,3250.0,3250.0,USD,S_2008_to_present.pdf,20140308200930,OLD-A,
ZS,2010-11-19,Hedge/Member New Crop,hedge/member new crop,1,3250.0,3250.0,USD,S_2008_to_present.pdf,20121109075756,OLD-A,
ZS,2010-11-19,Hedge/Member Old Crop,hedge/member old crop,1,3250.0,3250.0,USD,S_2008_to_present.pdf,20121109075756,OLD-A,
ZS,2010-11-19,Spec All Months,spec all,1,4387.5,3250.0,USD,S_2008_to_present.pdf,20140308200930,OLD-A,initial_restated
ZS,2010-11-19,Spec New Crop,spec new crop,1,4387.5,3250.0,USD,S_2008_to_present.pdf,20121109075756,OLD-A,initial_restated
ZS,2010-11-19,Spec Old Crop,spec old crop,1,4387.5,3250.0,USD,S_2008_to_present.pdf,20121109075756,OLD-A,
ZS,2011-01-14,Hedge/Member All Months,hedge/member all,1,3500.0,3500.0,USD,S_2008_to_present.pdf,20140308200930,OLD-A,
ZS,2011-01-14,Hedge/Member New Crop,hedge/member new crop,1,3500.0,3500.0,USD,S_2008_to_present.pdf,20121109075756,OLD-A,
ZS,2011-01-14,Hedge/Member Old Crop,hedge/member old crop,1,3500.0,3500.0,USD,S_2008_to_present.pdf,20121109075756,OLD-A,
ZS,2011-01-14,Spec All Months,spec all,1,4725.0,3500.0,USD,S_2008_to_present.pdf,20140308200930,OLD-A,initial_restated
ZS,2011-01-14,Spec New Crop,spec new crop,1,4725.0,3500.0,USD,S_2008_to_present.pdf,20121109075756,OLD-A,initial_restated
ZS,2011-01-14,Spec Old Crop,spec old crop,1,4725.0,3500.0,USD,S_2008_to_present.pdf,20121109075756,OLD-A,
ZS,2011-06-13,Hedge/Member All Months,hedge/member all,1,3250.0,3250.0,USD,S_2008_to_present.pdf,20140308200930,OLD-A,
ZS,2011-06-13,Hedge/Member New Crop,hedge/member new crop,1,3250.0,3250.0,USD,S_2008_to_present.pdf,20121109075756,OLD-A,
ZS,2011-06-13,Hedge/Member Old Crop,hedge/member old crop,1,3250.0,3250.0,USD,S_2008_to_present.pdf,20121109075756,OLD-A,
ZS,2011-06-13,Spec All Months,spec all,1,4387.5,3250.0,USD,S_2008_to_present.pdf,20140308200930,OLD-A,initial_restated
ZS,2011-06-13,Spec New Crop,spec new crop,1,4387.5,3250.0,USD,S_2008_to_present.pdf,20121109075756,OLD-A,initial_restated
ZS,2011-06-13,Spec Old Crop,spec old crop,1,4387.5,3250.0,USD,S_2008_to_present.pdf,20121109075756,OLD-A,
ZS,2011-07-25,Hedge/Member All Months,hedge/member all,1,2750.0,2750.0,USD,S_2008_to_present.pdf,20140308200930,OLD-A,
ZS,2011-07-25,Hedge/Member New Crop,hedge/member new crop,1,2750.0,2750.0,USD,S_2008_to_present.pdf,20121109075756,OLD-A,
ZS,2011-07-25,Hedge/Member Old Crop,hedge/member old crop,1,2750.0,2750.0,USD,S_2008_to_present.pdf,20121109075756,OLD-A,
ZS,2011-07-25,Spec All Months,spec all,1,3712.5,2750.0,USD,S_2008_to_present.pdf,20140308200930,OLD-A,initial_restated
ZS,2011-07-25,Spec New Crop,spec new crop,1,3712.5,2750.0,USD,S_2008_to_present.pdf,20121109075756,OLD-A,initial_restated
ZS,2011-07-25,Spec Old Crop,spec old crop,1,3712.5,2750.0,USD,S_2008_to_present.pdf,20121109075756,OLD-A,
ZS,2011-09-06,Hedge/Member All Months,hedge/member all,1,2500.0,2500.0,USD,S_2008_to_present.pdf,20140308200930,OLD-A,
ZS,2011-09-06,Hedge/Member New Crop,hedge/member new crop,1,2500.0,2500.0,USD,S_2008_to_present.pdf,20121109075756,OLD-A,
ZS,2011-09-06,Hedge/Member Old Crop,hedge/member old crop,1,2500.0,2500.0,USD,S_2008_to_present.pdf,20121109075756,OLD-A,
ZS,2011-09-06,Spec All Months,spec all,1,3375.0,2500.0,USD,S_2008_to_present.pdf,20140308200930,OLD-A,initial_restated
ZS,2011-09-06,Spec New Crop,spec new crop,1,3375.0,2500.0,USD,S_2008_to_present.pdf,20121109075756,OLD-A,initial_restated
ZS,2011-09-06,Spec Old Crop,spec old crop,1,3375.0,2500.0,USD,S_2008_to_present.pdf,20121109075756,OLD-A,
ZS,2012-06-27,Hedge/Member All Months,hedge/member all,1,3000.0,3000.0,USD,S_2008_to_present.pdf,20140308200930,OLD-A,
ZS,2012-06-27,Hedge/Member New Crop,hedge/member new crop,1,3000.0,3000.0,USD,S_2008_to_present.pdf,20121109075756,OLD-A,
ZS,2012-06-27,Hedge/Member Old Crop,hedge/member old crop,1,3000.0,3000.0,USD,S_2008_to_present.pdf,20121109075756,OLD-A,
ZS,2012-06-27,Spec All Months,spec all,1,4050.0,3000.0,USD,S_2008_to_present.pdf,20140308200930,OLD-A,initial_restated
ZS,2012-06-27,Spec New Crop,spec new crop,1,4050.0,3000.0,USD,S_2008_to_present.pdf,20121109075756,OLD-A,initial_restated
ZS,2012-06-27,Spec Old Crop,spec old crop,1,4050.0,3000.0,USD,S_2008_to_present.pdf,20121109075756,OLD-A,
ZS,2012-07-10,Hedge/Member All Months,hedge/member all,1,3750.0,3750.0,USD,S_2008_to_present.pdf,20140308200930,OLD-A,
ZS,2012-07-10,Hedge/Member New Crop,hedge/member new crop,1,3750.0,3750.0,USD,S_2008_to_present.pdf,20121109075756,OLD-A,
ZS,2012-07-10,Hedge/Member Old Crop,hedge/member old crop,1,3750.0,3750.0,USD,S_2008_to_present.pdf,20121109075756,OLD-A,
ZS,2012-07-10,Spec All Months,spec all,1,5062.5,3750.0,USD,S_2008_to_present.pdf,20140308200930,OLD-A,initial_restated
ZS,2012-07-10,Spec New Crop,spec new crop,1,5062.5,3750.0,USD,S_2008_to_present.pdf,20121109075756,OLD-A,initial_restated
ZS,2012-07-10,Spec Old Crop,spec old crop,1,5062.5,3750.0,USD,S_2008_to_present.pdf,20121109075756,OLD-A,
ZS,2013-01-15,Hedge/Member All Months,hedge/member all,1,3400.0,3400.0,USD,S_2008_to_present.pdf,20140308200930,OLD-A,
ZS,2013-01-15,Hedge/Member New Crop,hedge/member new crop,1,3400.0,3400.0,USD,S_2008_to_present.pdf,20140308200930,OLD-A,
ZS,2013-01-15,Spec All Months,spec all,1,4590.0,3400.0,USD,S_2008_to_present.pdf,20140308200930,OLD-A,initial_restated
ZS,2013-01-15,Spec New Crop,spec new crop,1,4590.0,3400.0,USD,S_2008_to_present.pdf,20140308200930,OLD-A,initial_restated
ZS,2013-08-20,Hedge/Member All Months,hedge/member all,1,3000.0,3000.0,USD,S_2008_to_present.pdf,20140308200930,OLD-A,
ZS,2013-08-20,Hedge/Member New Crop,hedge/member new crop,1,3000.0,3000.0,USD,S_2008_to_present.pdf,20140308200930,OLD-A,
ZS,2013-08-20,Spec All Months,spec all,1,4050.0,3000.0,USD,S_2008_to_present.pdf,20140308200930,OLD-A,initial_restated
ZS,2013-08-20,Spec New Crop,spec new crop,1,4050.0,3000.0,USD,S_2008_to_present.pdf,20140308200930,OLD-A,initial_restated
ZS,2013-08-28,Hedge/Member All Months,hedge/member all,1,3500.0,3500.0,USD,S_2008_to_present.pdf,20140308200930,OLD-A,
ZS,2013-08-28,Hedge/Member New Crop,hedge/member new crop,1,3500.0,3500.0,USD,S_2008_to_present.pdf,20140308200930,OLD-A,
ZS,2013-08-28,Spec All Months,spec all,1,4725.0,3500.0,USD,S_2008_to_present.pdf,20140308200930,OLD-A,initial_restated
ZS,2013-08-28,Spec New Crop,spec new crop,1,4725.0,3500.0,USD,S_2008_to_present.pdf,20140308200930,OLD-A,initial_restated
ZS,2013-11-13,Hedge/Member All Months,hedge/member all,1,2900.0,2900.0,USD,S_2008_to_present.pdf,20140308200930,OLD-A,
ZS,2013-11-13,Spec All Months,spec all,1,3915.0,2900.0,USD,S_2008_to_present.pdf,20140308200930,OLD-A,initial_restated
ZS,2014-02-14,Hedge/Member All Months,hedge/member all,1,2500.0,2500.0,USD,S_2008_to_present.pdf,20140826124940,OLD-A,
ZS,2014-02-14,Spec All Months,spec all,1,2750.0,2500.0,USD,S_2008_to_present.pdf,20140826124940,OLD-A,
ZS,2014-05-09,Hedge/Member All Months,hedge/member all,1,3000.0,3000.0,USD,S_2008_to_present.pdf,20140826124940,OLD-A,
ZS,2014-05-09,Spec All Months,spec all,1,3300.0,3000.0,USD,S_2008_to_present.pdf,20140826124940,OLD-A,
ZS,2014-09-18,Hedge/Member All Months,hedge/member all,1,2500.0,2500.0,USD,S_2008_to_present.pdf,20150528075951,OLD-A,
ZS,2014-09-18,Spec All Months,spec all,1,2750.0,2500.0,USD,S_2008_to_present.pdf,20150528075951,OLD-A,
ZS,2015-01-09,Hedge/Member All Months,hedge/member all,1,2250.0,2250.0,USD,S_2008_to_present.pdf,20150528075951,OLD-A,
ZS,2015-01-09,Spec All Months,spec all,1,2475.0,2250.0,USD,S_2008_to_present.pdf,20150528075951,OLD-A,
ZS,2015-02-20,Hedge/Member All Months,hedge/member all,1,2000.0,2000.0,USD,S_2008_to_present.pdf,20150528075951,OLD-A,
ZS,2015-02-20,Spec All Months,spec all,1,2200.0,2000.0,USD,S_2008_to_present.pdf,20150528075951,OLD-A,
