product,effective_date,maintenance,margin_short,prev_maintenance,direction,source_file,capture_ts
6E,2020-06-24,2275.0,,,series_start,EC-2020-to-present.pdf,20250910104548
6E,2020-08-28,2500.0,,2275.0,increase,EC-2020-to-present.pdf,20250910104548
6E,2020-10-09,2900.0,,2500.0,increase,EC-2020-to-present.pdf,20250910104548
6E,2020-11-13,2600.0,,2900.0,decrease,EC-2020-to-present.pdf,20250910104548
6E,2020-12-01,2300.0,,2600.0,decrease,EC-2020-to-present.pdf,20250910104548
6E,2021-01-14,2000.0,,2300.0,decrease,EC-2020-to-present.pdf,20250910104548
6E,2021-04-16,2200.0,,2000.0,increase,EC-2020-to-present.pdf,20250910104548
6E,2022-02-25,2400.0,,2200.0,increase,EC-2020-to-present.pdf,20250910104548
6E,2022-07-15,2650.0,,2400.0,increase,EC-2020-to-present.pdf,20250910104548
6E,2023-06-16,2400.0,,2650.0,decrease,EC-2020-to-present.pdf,20250910104548
6E,2023-11-03,2100.0,,2400.0,decrease,EC-2020-to-present.pdf,20250910104548
6E,2024-10-04,2400.0,,2100.0,increase,EC-2020-to-present.pdf,20250910104548
6E,2024-10-18,2800.0,,2400.0,increase,EC-2020-to-present.pdf,20250910104548
6E,2024-11-14,2300.0,,2800.0,decrease,EC-2020-to-present.pdf,20250910104548
6E,2025-02-07,2600.0,,2300.0,increase,EC-2020-to-present.pdf,20250910104548
6E,2025-04-04,2900.0,,2600.0,increase,EC-2020-to-present.pdf,20250910104548
6E,2025-04-11,3400.0,,2900.0,increase,EC-2020-to-present.pdf,20250910104548
6J,2014-01-02,3150.0,,,series_start,JY_2014_to_present.pdf,20171129082046
6J,2014-05-30,3000.0,,3150.0,decrease,JY_2014_to_present.pdf,20171129082046
6J,2014-07-18,2750.0,,3000.0,decrease,JY_2014_to_present.pdf,20171129082046
6J,2014-09-05,2250.0,,2750.0,decrease,JY_2014_to_present.pdf,20171129082046
6J,2015-01-20,2600.0,,2250.0,increase,JY_2014_to_present.pdf,20171129082046
6J,2015-01-23,3000.0,,2600.0,increase,JY_2014_to_present.pdf,20171129082046
6J,2015-05-08,2600.0,,3000.0,decrease,JY_2014_to_present.pdf,20171129082046
6J,2015-08-25,3000.0,,2600.0,increase,JY_2014_to_present.pdf,20171129082046
6J,2015-10-30,2700.0,,3000.0,decrease,JY_2014_to_present.pdf,20171129082046
6J,2016-06-17,2950.0,,2700.0,increase,JY_2014_to_present.pdf,20171129082046
6J,2016-06-27,3650.0,,2950.0,increase,JY_2014_to_present.pdf,20171129082046
6J,2016-07-01,4100.0,,3650.0,increase,JY_2014_to_present.pdf,20171129082046
6J,2016-10-07,4500.0,,4100.0,increase,JY_2014_to_present.pdf,20171129082046
6J,2017-01-13,4000.0,,4500.0,decrease,JY_2014_to_present.pdf,20171129082046
6J,2017-03-17,3300.0,,4000.0,decrease,JY_2014_to_present.pdf,20171129082046
6J,2017-05-12,3000.0,,3300.0,decrease,JY_2014_to_present.pdf,20171129082046
6J,2017-07-28,2500.0,,3000.0,decrease,JY_2014_to_present.pdf,20171129082046
6J,2020-06-24,3600.0,,2500.0,increase,JY-2020-to-present.pdf,20250910102216
6J,2020-10-09,4000.0,,3600.0,increase,JY-2020-to-present.pdf,20250910102216
6J,2020-11-13,3600.0,,4000.0,decrease,JY-2020-to-present.pdf,20250910102216
6J,2020-12-01,3000.0,,3600.0,decrease,JY-2020-to-present.pdf,20250910102216
6J,2021-01-14,2500.0,,3000.0,decrease,JY-2020-to-present.pdf,20250910102216
6J,2021-04-30,2250.0,,2500.0,decrease,JY-2020-to-present.pdf,20250910102216
6J,2021-06-04,2050.0,,2250.0,decrease,JY-2020-to-present.pdf,20250910102216
6J,2021-09-17,1900.0,,2050.0,decrease,JY-2020-to-present.pdf,20250910102216
6J,2021-11-30,2280.0,,1900.0,increase,JY-2020-to-present.pdf,20250910102216
6J,2021-12-17,2500.0,,2280.0,increase,JY-2020-to-present.pdf,20250910102216
6J,2022-06-21,2750.0,,2500.0,increase,JY-2020-to-present.pdf,20250910102216
6J,2022-11-14,3100.0,,2750.0,increase,JY-2020-to-present.pdf,20250910102216
6J,2022-12-22,3720.0,,3100.0,increase,JY-2020-to-present.pdf,20250910102216
6J,2023-06-16,3300.0,,3720.0,decrease,JY-2020-to-present.pdf,20250910102216
6J,2023-09-22,3000.0,,3300.0,decrease,JY-2020-to-present.pdf,20250910102216
6J,2023-11-03,2600.0,,3000.0,decrease,JY-2020-to-present.pdf,20250910102216
6J,2024-06-11,2800.0,,2600.0,increase,JY-2020-to-present.pdf,20250910102216
6J,2024-08-09,3200.0,,2800.0,increase,JY-2020-to-present.pdf,20250910102216
6J,2024-10-04,3600.0,,3200.0,increase,JY-2020-to-present.pdf,20250910102216
6J,2024-11-14,2900.0,,3600.0,decrease,JY-2020-to-present.pdf,20250910102216
6J,2025-03-07,3300.0,,2900.0,increase,JY-2020-to-present.pdf,20250910102216
6J,2025-04-07,3800.0,,3300.0,increase,JY-2020-to-present.pdf,20250910102216
CL,2014-01-02,3400.0,,,series_start,CL_2014_to_present.pdf,20171129073711
CL,2014-02-28,3100.0,,3400.0,decrease,CL_2014_to_present.pdf,20171129073711
CL,2014-04-04,2900.0,,3100.0,decrease,CL_2014_to_present.pdf,20171129073711
CL,2014-08-11,2700.0,,2900.0,decrease,CL_2014_to_present.pdf,20171129073711
CL,2014-10-03,2950.0,,2700.0,increase,CL_2014_to_present.pdf,20171129073711
CL,2014-10-17,3400.0,,2950.0,increase,CL_2014_to_present.pdf,20171129073711
CL,2014-11-17,3700.0,,3400.0,increase,CL_2014_to_present.pdf,20171129073711
CL,2014-11-26,3850.0,,3700.0,increase,CL_2014_to_present.pdf,20171129073711
CL,2014-12-02,4450.0,,3850.0,increase,CL_2014_to_present.pdf,20171129073711
CL,2015-02-06,4900.0,,4450.0,increase,CL_2014_to_present.pdf,20171129073711
CL,2015-05-01,4250.0,,4900.0,decrease,CL_2014_to_present.pdf,20171129073711
CL,2015-07-08,4600.0,,4250.0,increase,CL_2014_to_present.pdf,20171129073711
CL,2015-12-14,4000.0,,4600.0,decrease,CL_2014_to_present.pdf,20171129073711
CL,2016-02-10,3500.0,,4000.0,decrease,CL_2014_to_present.pdf,20171129073711
CL,2016-04-07,3400.0,,3500.0,decrease,CL_2014_to_present.pdf,20171129073711
CL,2016-08-04,3200.0,,3400.0,decrease,CL_2014_to_present.pdf,20171129073711
CL,2016-08-31,2900.0,,3200.0,decrease,CL_2014_to_present.pdf,20171129073711
CL,2016-12-05,3200.0,,2900.0,increase,CL_2014_to_present.pdf,20171129073711
CL,2017-02-16,2900.0,,3200.0,decrease,CL_2014_to_present.pdf,20171129073711
CL,2017-04-05,2700.0,,2900.0,decrease,CL_2014_to_present.pdf,20171129073711
CL,2017-06-22,2500.0,,2700.0,decrease,CL_2014_to_present.pdf,20171129073711
CL,2017-07-25,2400.0,,2500.0,decrease,CL_2014_to_present.pdf,20171129073711
CL,2017-10-02,2250.0,,2400.0,decrease,CL_2014_to_present.pdf,20171129073711
CL,2020-06-24,7800.0,,2250.0,increase,CL-2020-to-2023-10-19.pdf,20250910101914
CL,2020-07-07,6800.0,,7800.0,decrease,CL-2020-to-2023-10-19.pdf,20260823084623
CL,2020-07-24,6200.0,,6800.0,decrease,CL-2020-to-2023-10-19.pdf,20260823084623
CL,2020-09-16,5500.0,,6200.0,decrease,CL-2020-to-2023-10-19.pdf,20260823084623
CL,2020-10-07,5100.0,,5500.0,decrease,CL-2020-to-2023-10-19.pdf,20260823084623
CL,2020-11-06,4750.0,,5100.0,decrease,CL-2020-to-2023-10-19.pdf,20260823084623
CL,2021-01-06,4525.0,,4750.0,decrease,CL-2020-to-2023-10-19.pdf,20260823084623
CL,2021-03-22,5100.0,,4525.0,increase,CL-2020-to-2023-10-19.pdf,20260823084623
CL,2021-04-23,5300.0,,5100.0,increase,CL-2020-to-2023-10-19.pdf,20260823084623
CL,2021-07-21,5450.0,,5300.0,increase,CL-2020-to-2023-10-19.pdf,20260823084623
CL,2021-08-20,5300.0,,5450.0,decrease,CL-2020-to-2023-10-19.pdf,20260823084623
CL,2021-08-27,5100.0,,5300.0,decrease,CL-2020-to-2023-10-19.pdf,20260823084623
CL,2021-11-30,5850.0,,5100.0,increase,CL-2020-to-2023-10-19.pdf,20260823084623
CL,2022-01-20,6150.0,,5850.0,increase,CL-2020-to-2023-10-19.pdf,20260823084623
CL,2022-02-07,6800.0,,6150.0,increase,CL-2020-to-2023-10-19.pdf,20260823084623
CL,2022-02-23,7600.0,,6800.0,increase,CL-2020-to-2023-10-19.pdf,20260823084623
CL,2022-02-28,8000.0,,7600.0,increase,CL-2020-to-2023-10-19.pdf,20260823084623
CL,2022-03-02,9000.0,,8000.0,increase,CL-2020-to-2023-10-19.pdf,20260823084623
CL,2022-03-04,10500.0,,9000.0,increase,CL-2020-to-2023-10-19.pdf,20260823084623
CL,2022-03-07,12000.0,,10500.0,increase,CL-2020-to-2023-10-19.pdf,20260823084623
CL,2022-03-25,10750.0,,12000.0,decrease,CL-2020-to-2023-10-19.pdf,20260823084623
CL,2022-04-06,9500.0,,10750.0,decrease,CL-2020-to-2023-10-19.pdf,20260823084623
CL,2022-04-12,8750.0,,9500.0,decrease,CL-2020-to-2023-10-19.pdf,20260823084623
CL,2022-06-02,8350.0,,8750.0,decrease,CL-2020-to-2023-10-19.pdf,20260823084623
CL,2022-07-08,8600.0,,8350.0,increase,CL-2020-to-2023-10-19.pdf,20260823084623
CL,2022-09-20,8450.0,,8600.0,decrease,CL-2020-to-2023-10-19.pdf,20260823084623
CL,2022-10-07,7500.0,,8450.0,decrease,CL-2020-to-2023-10-19.pdf,20260823084623
CL,2022-12-07,7000.0,,7500.0,decrease,CL-2020-to-2023-10-19.pdf,20260823084623
CL,2023-02-10,6600.0,,7000.0,decrease,CL-2020-to-2023-10-19.pdf,20260823084623
CL,2023-03-17,6000.0,,6600.0,decrease,CL-2020-to-2023-10-19.pdf,20260823084623
CL,2023-03-24,5800.0,,6000.0,decrease,CL-2020-to-2023-10-19.pdf,20260823084623
CL,2023-08-11,6200.0,,5800.0,increase,CL-2020-to-2023-10-19.pdf,20260823084623
CL,2023-08-18,6600.0,,6200.0,increase,CL-2020-to-2023-10-19.pdf,20260823084623
CL,2023-10-20,6887.0,6545.0,6600.0,increase,CL-2023-to-present.pdf,20260823084623
CL,2023-10-23,6620.0,6197.0,6887.0,decrease,CL-2023-to-present.pdf,20260823084623
CL,2023-10-24,6471.0,6066.0,6620.0,decrease,CL-2023-to-present.pdf,20260823084623
CL,2023-10-25,6593.0,6187.0,6471.0,increase,CL-2023-to-present.pdf,20260823084623
CL,2023-10-26,6382.0,5992.0,6593.0,decrease,CL-2023-to-present.pdf,20260823084623
CL,2023-10-27,6625.0,6236.0,6382.0,increase,CL-2023-to-present.pdf,20260823084623
CL,2023-10-30,6414.0,5979.0,6625.0,decrease,CL-2023-to-present.pdf,20260823084623
CL,2023-10-31,6300.0,5925.0,6414.0,decrease,CL-2023-to-present.pdf,20260823084623
CL,2023-11-01,6279.0,5902.0,6300.0,decrease,CL-2023-to-present.pdf,20260823084623
CL,2023-11-02,6405.0,6018.0,6279.0,increase,CL-2023-to-present.pdf,20260823084623
CL,2023-11-03,6297.0,5907.0,6405.0,decrease,CL-2023-to-present.pdf,20260823084623
CL,2023-11-06,6312.0,5897.0,6297.0,increase,CL-2023-to-present.pdf,20260823084623
CL,2023-11-07,6231.0,5830.0,6312.0,decrease,CL-2023-to-present.pdf,20260823084623
CL,2023-11-08,6201.0,5723.0,6231.0,decrease,CL-2023-to-present.pdf,20260823084623
CL,2023-11-09,6200.0,5801.0,6201.0,decrease,CL-2023-to-present.pdf,20260823084623
CL,2023-11-10,6244.0,5859.0,6200.0,increase,CL-2023-to-present.pdf,20260823084623
CL,2023-11-13,6284.0,5864.0,6244.0,increase,CL-2023-to-present.pdf,20260823084623
CL,2023-11-14,6286.0,5908.0,6284.0,increase,CL-2023-to-present.pdf,20260823084623
CL,2023-11-15,6236.0,5890.0,6286.0,decrease,CL-2023-to-present.pdf,20260823084623
CL,2023-11-16,6152.0,5731.0,6236.0,decrease,CL-2023-to-present.pdf,20260823084623
CL,2023-11-17,6281.0,5868.0,6152.0,increase,CL-2023-to-present.pdf,20260823084623
CL,2023-11-20,6342.0,5894.0,6281.0,increase,CL-2023-to-present.pdf,20260823084623
CL,2023-11-21,6157.0,5625.0,6342.0,decrease,CL-2023-to-present.pdf,20260823084623
CL,2023-11-22,6166.0,5674.0,6157.0,increase,CL-2023-to-present.pdf,20260823084623
CL,2023-11-24,6109.0,5700.0,6166.0,decrease,CL-2023-to-present.pdf,20260823084623
CL,2023-11-27,6091.0,5684.0,6109.0,decrease,CL-2023-to-present.pdf,20260823084623
CL,2023-11-28,6130.0,5727.0,6091.0,increase,CL-2023-to-present.pdf,20260823084623
CL,2023-11-29,6172.0,5764.0,6130.0,increase,CL-2023-to-present.pdf,20260823084623
CL,2023-11-30,6130.0,5711.0,6172.0,decrease,CL-2023-to-present.pdf,20260823084623
CL,2023-12-01,6099.0,5665.0,6130.0,decrease,CL-2023-to-present.pdf,20260823084623
CL,2023-12-04,6084.0,5627.0,6099.0,decrease,CL-2023-to-present.pdf,20260823084623
CL,2023-12-05,6109.0,5516.0,6084.0,increase,CL-2023-to-present.pdf,20260823084623
CL,2023-12-06,6097.0,5519.0,6109.0,decrease,CL-2023-to-present.pdf,20260823084623
CL,2023-12-07,6096.0,5505.0,6097.0,decrease,CL-2023-to-present.pdf,20260823084623
CL,2023-12-08,6131.0,5579.0,6096.0,increase,CL-2023-to-present.pdf,20260823084623
CL,2023-12-11,6134.0,5588.0,6131.0,increase,CL-2023-to-present.pdf,20260823084623
CL,2023-12-12,6144.0,5493.0,6134.0,increase,CL-2023-to-present.pdf,20260823084623
CL,2023-12-13,6155.0,5531.0,6144.0,increase,CL-2023-to-present.pdf,20260823084623
CL,2023-12-14,6200.0,5687.0,6155.0,increase,CL-2023-to-present.pdf,20260823084623
CL,2023-12-15,6125.0,5640.0,6200.0,decrease,CL-2023-to-present.pdf,20260823084623
CL,2023-12-18,6239.0,5742.0,6125.0,increase,CL-2023-to-present.pdf,20260823084623
CL,2023-12-19,6202.0,5763.0,6239.0,decrease,CL-2023-to-present.pdf,20260823084623
CL,2023-12-20,6080.0,5627.0,6202.0,decrease,CL-2023-to-present.pdf,20260823084623
CL,2023-12-21,6082.0,5639.0,6080.0,increase,CL-2023-to-present.pdf,20260823084623
CL,2023-12-22,6092.0,5558.0,6082.0,increase,CL-2023-to-present.pdf,20260823084623
CL,2023-12-26,6137.0,5689.0,6092.0,increase,CL-2023-to-present.pdf,20260823084623
CL,2023-12-27,6115.0,5604.0,6137.0,decrease,CL-2023-to-present.pdf,20260823084623
CL,2023-12-28,6109.0,5583.0,6115.0,decrease,CL-2023-to-present.pdf,20260823084623
CL,2023-12-29,6124.0,5553.0,6109.0,increase,CL-2023-to-present.pdf,20260823084623
CL,2024-01-02,6128.0,5543.0,6124.0,increase,CL-2023-to-present.pdf,20260823084623
CL,2024-01-03,6145.0,5601.0,6128.0,increase,CL-2023-to-present.pdf,20260823084623
CL,2024-01-04,6155.0,5559.0,6145.0,increase,CL-2023-to-present.pdf,20260823084623
CL,2024-01-05,6134.0,5587.0,6155.0,decrease,CL-2023-to-present.pdf,20260823084623
CL,2024-01-08,6060.0,5455.0,6134.0,decrease,CL-2023-to-present.pdf,20260823084623
CL,2024-01-09,6075.0,5509.0,6060.0,increase,CL-2023-to-present.pdf,20260823084623
CL,2024-01-10,6182.0,5562.0,6075.0,increase,CL-2023-to-present.pdf,20260823084623
CL,2024-01-11,6084.0,5543.0,6182.0,decrease,CL-2023-to-present.pdf,20260823084623
CL,2024-01-12,6192.0,5590.0,6084.0,increase,CL-2023-to-present.pdf,20260823084623
CL,2024-01-16,6171.0,5627.0,6192.0,decrease,CL-2023-to-present.pdf,20260823084623
CL,2024-01-17,6192.0,5658.0,6171.0,increase,CL-2023-to-present.pdf,20260823084623
CL,2024-01-18,6201.0,5730.0,6192.0,increase,CL-2023-to-present.pdf,20260823084623
CL,2024-01-19,6217.0,5754.0,6201.0,increase,CL-2023-to-present.pdf,20260823084623
CL,2024-01-22,6184.0,5708.0,6217.0,decrease,CL-2023-to-present.pdf,20260823084623
CL,2024-01-23,6097.0,5573.0,6184.0,decrease,CL-2023-to-present.pdf,20260823084623
CL,2024-01-24,6117.0,5607.0,6097.0,increase,CL-2023-to-present.pdf,20260823084623
CL,2024-01-25,6189.0,5665.0,6117.0,increase,CL-2023-to-present.pdf,20260823084623
CL,2024-01-26,6214.0,5699.0,6189.0,increase,CL-2023-to-present.pdf,20260823084623
CL,2024-01-29,6195.0,5677.0,6214.0,decrease,CL-2023-to-present.pdf,20260823084623
CL,2024-01-30,6224.0,5723.0,6195.0,increase,CL-2023-to-present.pdf,20260823084623
CL,2024-01-31,6197.0,5536.0,6224.0,decrease,CL-2023-to-present.pdf,20260823084623
CL,2024-02-01,6158.0,5485.0,6197.0,decrease,CL-2023-to-present.pdf,20260823084623
CL,2024-02-02,6063.0,5401.0,6158.0,decrease,CL-2023-to-present.pdf,20260823084623
CL,2024-02-05,6085.0,5467.0,6063.0,increase,CL-2023-to-present.pdf,20260823084623
CL,2024-02-07,6193.0,5489.0,6085.0,increase,CL-2023-to-present.pdf,20260823084623
CL,2024-02-08,6247.0,5571.0,6193.0,increase,CL-2023-to-present.pdf,20260823084623
CL,2024-02-09,6275.0,5587.0,6247.0,increase,CL-2023-to-present.pdf,20260823084623
CL,2024-02-12,6235.0,5595.0,6275.0,decrease,CL-2023-to-present.pdf,20260823084623
CL,2024-02-13,6188.0,5629.0,6235.0,decrease,CL-2023-to-present.pdf,20260823084623
CL,2024-02-14,6249.0,5612.0,6188.0,increase,CL-2023-to-present.pdf,20260823084623
CL,2024-02-15,6307.0,5689.0,6249.0,increase,CL-2023-to-present.pdf,20260823084623
CL,2024-02-16,6139.0,5249.0,6307.0,decrease,CL-2023-to-present.pdf,20260823084623
CL,2024-02-20,6186.0,5233.0,6139.0,increase,CL-2023-to-present.pdf,20260823084623
CL,2024-02-21,6102.0,5159.0,6186.0,decrease,CL-2023-to-present.pdf,20260823084623
CL,2024-02-22,6111.0,5171.0,6102.0,increase,CL-2023-to-present.pdf,20260823084623
CL,2024-02-23,6106.0,5173.0,6111.0,decrease,CL-2023-to-present.pdf,20260823084623
CL,2024-02-26,6110.0,5168.0,6106.0,increase,CL-2023-to-present.pdf,20260823084623
CL,2024-02-27,6130.0,5186.0,6110.0,increase,CL-2023-to-present.pdf,20260823084623
CL,2024-02-28,6056.0,5137.0,6130.0,decrease,CL-2023-to-present.pdf,20260823084623
CL,2024-02-29,6039.0,5092.0,6056.0,decrease,CL-2023-to-present.pdf,20260823084623
CL,2024-03-01,6057.0,5119.0,6039.0,increase,CL-2023-to-present.pdf,20260823084623
CL,2024-03-04,6112.0,5234.0,6057.0,increase,CL-2023-to-present.pdf,20260823084623
CL,2024-03-05,6123.0,5213.0,6112.0,increase,CL-2023-to-present.pdf,20260823084623
CL,2024-03-06,6144.0,5261.0,6123.0,increase,CL-2023-to-present.pdf,20260823084623
CL,2024-03-07,6132.0,5276.0,6144.0,decrease,CL-2023-to-present.pdf,20260823084623
CL,2024-03-08,6142.0,5279.0,6132.0,increase,CL-2023-to-present.pdf,20260823084623
CL,2024-03-11,6146.0,5318.0,6142.0,increase,CL-2023-to-present.pdf,20260823084623
CL,2024-03-12,6156.0,5310.0,6146.0,increase,CL-2023-to-present.pdf,20260823084623
CL,2024-03-13,6158.0,5336.0,6156.0,increase,CL-2023-to-present.pdf,20260823084623
CL,2024-03-14,6184.0,5381.0,6158.0,increase,CL-2023-to-present.pdf,20260823084623
CL,2024-03-15,6192.0,5347.0,6184.0,increase,CL-2023-to-present.pdf,20260823084623
CL,2024-03-18,6259.0,5376.0,6192.0,increase,CL-2023-to-present.pdf,20260823084623
CL,2024-03-19,6293.0,5390.0,6259.0,increase,CL-2023-to-present.pdf,20260823084623
CL,2024-03-20,6263.0,5355.0,6293.0,decrease,CL-2023-to-present.pdf,20260823084623
CL,2024-03-21,6081.0,5158.0,6263.0,decrease,CL-2023-to-present.pdf,20260823084623
CL,2024-03-22,6080.0,5171.0,6081.0,decrease,CL-2023-to-present.pdf,20260823084623
CL,2024-03-25,6119.0,5204.0,6080.0,increase,CL-2023-to-present.pdf,20260823084623
CL,2024-03-26,6102.0,5199.0,6119.0,decrease,CL-2023-to-present.pdf,20260823084623
CL,2024-03-27,6107.0,5215.0,6102.0,increase,CL-2023-to-present.pdf,20260823084623
CL,2024-03-28,6155.0,5256.0,6107.0,increase,CL-2023-to-present.pdf,20260823084623
CL,2024-04-01,6173.0,5316.0,6155.0,increase,CL-2023-to-present.pdf,20260823084623
CL,2024-04-02,6214.0,5378.0,6173.0,increase,CL-2023-to-present.pdf,20260823084623
CL,2024-04-03,6246.0,5413.0,6214.0,increase,CL-2023-to-present.pdf,20260823084623
CL,2024-04-04,6267.0,5446.0,6246.0,increase,CL-2023-to-present.pdf,20260823084623
CL,2024-04-05,6285.0,5486.0,6267.0,increase,CL-2023-to-present.pdf,20260823084623
CL,2024-04-08,6278.0,5493.0,6285.0,decrease,CL-2023-to-present.pdf,20260823084623
CL,2024-04-09,6251.0,5474.0,6278.0,decrease,CL-2023-to-present.pdf,20260823084623
CL,2024-04-10,6289.0,5504.0,6251.0,increase,CL-2023-to-present.pdf,20260823084623
CL,2024-04-11,6274.0,5467.0,6289.0,decrease,CL-2023-to-present.pdf,20260823084623
CL,2024-04-12,6257.0,5491.0,6274.0,decrease,CL-2023-to-present.pdf,20260823084623
CL,2024-04-15,6272.0,5472.0,6257.0,increase,CL-2023-to-present.pdf,20260823084623
CL,2024-04-16,6277.0,5467.0,6272.0,increase,CL-2023-to-present.pdf,20260823084623
CL,2024-04-17,6230.0,5414.0,6277.0,decrease,CL-2023-to-present.pdf,20260823084623
CL,2024-04-18,6238.0,5393.0,6230.0,increase,CL-2023-to-present.pdf,20260823084623
CL,2024-04-19,6281.0,5395.0,6238.0,increase,CL-2023-to-present.pdf,20260823084623
CL,2024-04-22,6268.0,5386.0,6281.0,decrease,CL-2023-to-present.pdf,20260823084623
CL,2024-04-23,6101.0,5233.0,6268.0,decrease,CL-2023-to-present.pdf,20260823084623
CL,2024-04-24,6091.0,5294.0,6101.0,decrease,CL-2023-to-present.pdf,20260823084623
CL,2024-04-25,6112.0,5317.0,6091.0,increase,CL-2023-to-present.pdf,20260823084623
CL,2024-04-26,6099.0,5337.0,6112.0,decrease,CL-2023-to-present.pdf,20260823084623
CL,2024-04-29,6061.0,5305.0,6099.0,decrease,CL-2023-to-present.pdf,20260823084623
CL,2024-04-30,6063.0,5310.0,6061.0,increase,CL-2023-to-present.pdf,20260823084623
CL,2024-05-01,6056.0,5201.0,6063.0,decrease,CL-2023-to-present.pdf,20260823084623
CL,2024-05-02,6058.0,5274.0,6056.0,increase,CL-2023-to-present.pdf,20260823084623
CL,2024-05-03,6040.0,5326.0,6058.0,decrease,CL-2023-to-present.pdf,20260823084623
CL,2024-05-06,6047.0,5344.0,6040.0,increase,CL-2023-to-present.pdf,20260823084623
CL,2024-05-07,6058.0,5342.0,6047.0,increase,CL-2023-to-present.pdf,20260823084623
CL,2024-05-08,6068.0,5263.0,6058.0,increase,CL-2023-to-present.pdf,20260823084623
CL,2024-05-09,6069.0,5339.0,6068.0,increase,CL-2023-to-present.pdf,20260823084623
CL,2024-05-10,6092.0,5250.0,6069.0,increase,CL-2023-to-present.pdf,20260823084623
CL,2024-05-13,6093.0,5334.0,6092.0,increase,CL-2023-to-present.pdf,20260823084623
CL,2024-05-14,6099.0,5311.0,6093.0,increase,CL-2023-to-present.pdf,20260823084623
CL,2024-05-15,6123.0,5257.0,6099.0,increase,CL-2023-to-present.pdf,20260823084623
CL,2024-05-16,6138.0,5263.0,6123.0,increase,CL-2023-to-present.pdf,20260823084623
CL,2024-05-17,6164.0,5280.0,6138.0,increase,CL-2023-to-present.pdf,20260823084623
CL,2024-05-20,6178.0,5335.0,6164.0,increase,CL-2023-to-present.pdf,20260823084623
CL,2024-05-21,6159.0,5328.0,6178.0,decrease,CL-2023-to-present.pdf,20260823084623
CL,2024-05-22,5996.0,5284.0,6159.0,decrease,CL-2023-to-present.pdf,20260823084623
CL,2024-05-23,5992.0,5315.0,5996.0,decrease,CL-2023-to-present.pdf,20260823084623
CL,2024-05-24,6001.0,5279.0,5992.0,increase,CL-2023-to-present.pdf,20260823084623
CL,2024-05-28,6008.0,5325.0,6001.0,increase,CL-2023-to-present.pdf,20260823084623
CL,2024-05-29,5995.0,5294.0,6008.0,decrease,CL-2023-to-present.pdf,20260823084623
CL,2024-05-30,5993.0,5317.0,5995.0,decrease,CL-2023-to-present.pdf,20260823084623
CL,2024-05-31,5988.0,5298.0,5993.0,decrease,CL-2023-to-present.pdf,20260823084623
CL,2024-06-03,5987.0,5288.0,5988.0,decrease,CL-2023-to-present.pdf,20260823084623
CL,2024-06-04,5997.0,5286.0,5987.0,increase,CL-2023-to-present.pdf,20260823084623
CL,2024-06-05,5948.0,5298.0,5997.0,decrease,CL-2023-to-present.pdf,20260823084623
CL,2024-06-06,5959.0,5284.0,5948.0,increase,CL-2023-to-present.pdf,20260823084623
CL,2024-06-07,5967.0,5313.0,5959.0,increase,CL-2023-to-present.pdf,20260823084623
CL,2024-06-10,5975.0,5302.0,5967.0,increase,CL-2023-to-present.pdf,20260823084623
CL,2024-06-11,5990.0,5291.0,5975.0,increase,CL-2023-to-present.pdf,20260823084623
CL,2024-06-12,6035.0,5325.0,5990.0,increase,CL-2023-to-present.pdf,20260823084623
CL,2024-06-13,6046.0,5337.0,6035.0,increase,CL-2023-to-present.pdf,20260823084623
CL,2024-06-14,6041.0,5317.0,6046.0,decrease,CL-2023-to-present.pdf,20260823084623
CL,2024-06-17,5990.0,5383.0,6041.0,decrease,CL-2023-to-present.pdf,20260823084623
CL,2024-06-18,6001.0,5489.0,5990.0,increase,CL-2023-to-present.pdf,20260823084623
CL,2024-06-20,6029.0,5496.0,6001.0,increase,CL-2023-to-present.pdf,20260823084623
CL,2024-06-21,5935.0,5427.0,6029.0,decrease,CL-2023-to-present.pdf,20260823084623
CL,2024-06-24,5974.0,5446.0,5935.0,increase,CL-2023-to-present.pdf,20260823084623
CL,2024-06-25,5949.0,5432.0,5974.0,decrease,CL-2023-to-present.pdf,20260823084623
CL,2024-06-26,5950.0,5428.0,5949.0,increase,CL-2023-to-present.pdf,20260823084623
CL,2024-06-27,5964.0,5430.0,5950.0,increase,CL-2023-to-present.pdf,20260823084623
CL,2024-06-28,5968.0,5423.0,5964.0,increase,CL-2023-to-present.pdf,20260823084623
CL,2024-07-01,6030.0,5479.0,5968.0,increase,CL-2023-to-present.pdf,20260823084623
CL,2024-07-02,6007.0,5454.0,6030.0,decrease,CL-2023-to-present.pdf,20260823084623
CL,2024-07-03,6048.0,5481.0,6007.0,increase,CL-2023-to-present.pdf,20260823084623
CL,2024-07-05,6039.0,5468.0,6048.0,decrease,CL-2023-to-present.pdf,20260823084623
CL,2024-07-08,6019.0,5441.0,6039.0,decrease,CL-2023-to-present.pdf,20260823084623
CL,2024-07-09,5991.0,5408.0,6019.0,decrease,CL-2023-to-present.pdf,20260823084623
CL,2024-07-10,6003.0,5417.0,5991.0,increase,CL-2023-to-present.pdf,20260823084623
CL,2024-07-11,6016.0,5415.0,6003.0,increase,CL-2023-to-present.pdf,20260823084623
CL,2024-07-12,6013.0,5399.0,6016.0,decrease,CL-2023-to-present.pdf,20260823084623
CL,2024-07-15,6013.0,5386.0,6013.0,short_side_only,CL-2023-to-present.pdf,20260823084623
CL,2024-07-16,5988.0,5357.0,6013.0,decrease,CL-2023-to-present.pdf,20260823084623
CL,2024-07-17,6026.0,5421.0,5988.0,increase,CL-2023-to-present.pdf,20260823084623
CL,2024-07-18,6010.0,5427.0,6026.0,decrease,CL-2023-to-present.pdf,20260823084623
CL,2024-07-19,5991.0,5381.0,6010.0,decrease,CL-2023-to-present.pdf,20260823084623
CL,2024-07-22,5982.0,5411.0,5991.0,decrease,CL-2023-to-present.pdf,20260823084623
CL,2024-07-23,5920.0,5319.0,5982.0,decrease,CL-2023-to-present.pdf,20260823084623
CL,2024-07-24,5924.0,5318.0,5920.0,increase,CL-2023-to-present.pdf,20260823084623
CL,2024-07-25,5930.0,5311.0,5924.0,increase,CL-2023-to-present.pdf,20260823084623
CL,2024-07-26,5941.0,5310.0,5930.0,increase,CL-2023-to-present.pdf,20260823084623
CL,2024-07-29,5933.0,5310.0,5941.0,decrease,CL-2023-to-present.pdf,20260823084623
CL,2024-07-30,5914.0,5298.0,5933.0,decrease,CL-2023-to-present.pdf,20260823084623
CL,2024-07-31,5934.0,5314.0,5914.0,increase,CL-2023-to-present.pdf,20260823084623
CL,2024-08-01,5936.0,5281.0,5934.0,increase,CL-2023-to-present.pdf,20260823084623
CL,2024-08-02,5943.0,5153.0,5936.0,increase,CL-2023-to-present.pdf,20260823084623
CL,2024-08-05,5947.0,5198.0,5943.0,increase,CL-2023-to-present.pdf,20260823084623
CL,2024-08-06,5949.0,5205.0,5947.0,increase,CL-2023-to-present.pdf,20260823084623
CL,2024-08-07,5960.0,5208.0,5949.0,increase,CL-2023-to-present.pdf,20260823084623
CL,2024-08-08,5958.0,5211.0,5960.0,decrease,CL-2023-to-present.pdf,20260823084623
CL,2024-08-09,5965.0,5227.0,5958.0,increase,CL-2023-to-present.pdf,20260823084623
CL,2024-08-12,5979.0,5322.0,5965.0,increase,CL-2023-to-present.pdf,20260823084623
CL,2024-08-13,5991.0,5140.0,5979.0,increase,CL-2023-to-present.pdf,20260823084623
CL,2024-08-14,6005.0,5177.0,5991.0,increase,CL-2023-to-present.pdf,20260823084623
CL,2024-08-15,6019.0,5199.0,6005.0,increase,CL-2023-to-present.pdf,20260823084623
CL,2024-08-16,6018.0,5230.0,6019.0,decrease,CL-2023-to-present.pdf,20260823084623
CL,2024-08-19,6026.0,5328.0,6018.0,increase,CL-2023-to-present.pdf,20260823084623
CL,2024-08-20,6020.0,5322.0,6026.0,decrease,CL-2023-to-present.pdf,20260823084623
CL,2024-08-21,5938.0,5197.0,6020.0,decrease,CL-2023-to-present.pdf,20260823084623
CL,2024-08-22,5944.0,5199.0,5938.0,increase,CL-2023-to-present.pdf,20260823084623
CL,2024-08-23,5952.0,5191.0,5944.0,increase,CL-2023-to-present.pdf,20260823084623
CL,2024-08-26,5960.0,5182.0,5952.0,increase,CL-2023-to-present.pdf,20260823084623
CL,2024-08-27,5963.0,5188.0,5960.0,increase,CL-2023-to-present.pdf,20260823084623
CL,2024-08-28,5964.0,5190.0,5963.0,increase,CL-2023-to-present.pdf,20260823084623
CL,2024-08-29,5969.0,5185.0,5964.0,increase,CL-2023-to-present.pdf,20260823084623
CL,2024-08-30,5993.0,5184.0,5969.0,increase,CL-2023-to-present.pdf,20260823084623
CL,2024-09-03,5974.0,5199.0,5993.0,decrease,CL-2023-to-present.pdf,20260823084623
CL,2024-09-04,5962.0,5197.0,5974.0,decrease,CL-2023-to-present.pdf,20260823084623
CL,2024-09-05,5959.0,5185.0,5962.0,decrease,CL-2023-to-present.pdf,20260823084623
CL,2024-09-06,5948.0,5169.0,5959.0,decrease,CL-2023-to-present.pdf,20260823084623
CL,2024-09-09,5948.0,5153.0,5948.0,short_side_only,CL-2023-to-present.pdf,20260823084623
CL,2024-09-10,5958.0,5184.0,5948.0,increase,CL-2023-to-present.pdf,20260823084623
CL,2024-09-11,5972.0,5181.0,5958.0,increase,CL-2023-to-present.pdf,20260823084623
CL,2024-09-12,5982.0,5170.0,5972.0,increase,CL-2023-to-present.pdf,20260823084623
CL,2024-09-13,5981.0,5161.0,5982.0,decrease,CL-2023-to-present.pdf,20260823084623
CL,2024-09-16,5984.0,5140.0,5981.0,increase,CL-2023-to-present.pdf,20260823084623
CL,2024-09-17,5994.0,5124.0,5984.0,increase,CL-2023-to-present.pdf,20260823084623
CL,2024-09-18,6019.0,5123.0,5994.0,increase,CL-2023-to-present.pdf,20260823084623
CL,2024-09-19,6036.0,5212.0,6019.0,increase,CL-2023-to-present.pdf,20260823084623
CL,2024-09-20,6035.0,5186.0,6036.0,decrease,CL-2023-to-present.pdf,20260823084623
CL,2024-09-23,5979.0,5166.0,6035.0,decrease,CL-2023-to-present.pdf,20260823084623
CL,2024-09-24,5989.0,5172.0,5979.0,increase,CL-2023-to-present.pdf,20260823084623
CL,2024-09-25,5981.0,5179.0,5989.0,decrease,CL-2023-to-present.pdf,20260823084623
CL,2024-09-26,5939.0,5178.0,5981.0,decrease,CL-2023-to-present.pdf,20260823084623
CL,2024-09-27,5943.0,5181.0,5939.0,increase,CL-2023-to-present.pdf,20260823084623
CL,2024-09-30,5939.0,5188.0,5943.0,decrease,CL-2023-to-present.pdf,20260823084623
CL,2024-10-01,5967.0,5181.0,5939.0,increase,CL-2023-to-present.pdf,20260823084623
CL,2024-10-02,5949.0,5199.0,5967.0,decrease,CL-2023-to-present.pdf,20260823084623
CL,2024-10-03,6015.0,5258.0,5949.0,increase,CL-2023-to-present.pdf,20260823084623
CL,2024-10-04,5992.0,5240.0,6015.0,decrease,CL-2023-to-present.pdf,20260823084623
CL,2024-10-07,6033.0,5249.0,5992.0,increase,CL-2023-to-present.pdf,20260823084623
CL,2024-10-08,5993.0,5214.0,6033.0,decrease,CL-2023-to-present.pdf,20260823084623
CL,2024-10-09,5984.0,5208.0,5993.0,decrease,CL-2023-to-present.pdf,20260823084623
CL,2024-10-10,6009.0,5231.0,5984.0,increase,CL-2023-to-present.pdf,20260823084623
CL,2024-10-11,6011.0,5235.0,6009.0,increase,CL-2023-to-present.pdf,20260823084623
CL,2024-10-14,6010.0,5241.0,6011.0,decrease,CL-2023-to-present.pdf,20260823084623
CL,2024-10-15,6015.0,5265.0,6010.0,increase,CL-2023-to-present.pdf,20260823084623
CL,2024-10-16,6005.0,5247.0,6015.0,decrease,CL-2023-to-present.pdf,20260823084623
CL,2024-10-17,6018.0,5243.0,6005.0,increase,CL-2023-to-present.pdf,20260823084623
CL,2024-10-18,6039.0,5262.0,6018.0,increase,CL-2023-to-present.pdf,20260823084623
CL,2024-10-21,6077.0,5270.0,6039.0,increase,CL-2023-to-present.pdf,20260823084623
CL,2024-10-22,6085.0,5285.0,6077.0,increase,CL-2023-to-present.pdf,20260823084623
CL,2024-10-23,5970.0,5264.0,6085.0,decrease,CL-2023-to-present.pdf,20260823084623
CL,2024-10-24,5978.0,5264.0,5970.0,increase,CL-2023-to-present.pdf,20260823084623
CL,2024-10-25,5984.0,5272.0,5978.0,increase,CL-2023-to-present.pdf,20260823084623
CL,2024-10-28,5970.0,5282.0,5984.0,decrease,CL-2023-to-present.pdf,20260823084623
CL,2024-10-29,5964.0,5297.0,5970.0,decrease,CL-2023-to-present.pdf,20260823084623
CL,2024-10-30,5970.0,5297.0,5964.0,increase,CL-2023-to-present.pdf,20260823084623
CL,2024-10-31,5973.0,5297.0,5970.0,increase,CL-2023-to-present.pdf,20260823084623
CL,2024-11-01,5990.0,5334.0,5973.0,increase,CL-2023-to-present.pdf,20260823084623
CL,2024-11-04,5988.0,5322.0,5990.0,decrease,CL-2023-to-present.pdf,20260823084623
CL,2024-11-05,6002.0,5313.0,5988.0,increase,CL-2023-to-present.pdf,20260823084623
CL,2024-11-06,6007.0,5309.0,6002.0,increase,CL-2023-to-present.pdf,20260823084623
CL,2024-11-07,6014.0,5319.0,6007.0,increase,CL-2023-to-present.pdf,20260823084623
CL,2024-11-08,6014.0,5341.0,6014.0,short_side_only,CL-2023-to-present.pdf,20260823084623
CL,2024-11-11,6013.0,5347.0,6014.0,decrease,CL-2023-to-present.pdf,20260823084623
CL,2024-11-12,6023.0,5349.0,6013.0,increase,CL-2023-to-present.pdf,20260823084623
CL,2024-11-13,6039.0,5342.0,6023.0,increase,CL-2023-to-present.pdf,20260823084623
CL,2024-11-14,6051.0,5326.0,6039.0,increase,CL-2023-to-present.pdf,20260823084623
CL,2024-11-15,6056.0,5320.0,6051.0,increase,CL-2023-to-present.pdf,20260823084623
CL,2024-11-18,6085.0,5319.0,6056.0,increase,CL-2023-to-present.pdf,20260823084623
CL,2024-11-19,6117.0,5305.0,6085.0,increase,CL-2023-to-present.pdf,20260823084623
CL,2024-11-20,6120.0,5318.0,6117.0,increase,CL-2023-to-present.pdf,20260823084623
CL,2024-11-21,5977.0,5258.0,6120.0,decrease,CL-2023-to-present.pdf,20260823084623
CL,2024-11-22,5979.0,5265.0,5977.0,increase,CL-2023-to-present.pdf,20260823084623
CL,2024-11-25,5970.0,5267.0,5979.0,decrease,CL-2023-to-present.pdf,20260823084623
CL,2024-11-26,5976.0,5283.0,5970.0,increase,CL-2023-to-present.pdf,20260823084623
CL,2024-11-27,5984.0,5281.0,5976.0,increase,CL-2023-to-present.pdf,20260823084623
CL,2024-11-29,5986.0,5279.0,5984.0,increase,CL-2023-to-present.pdf,20260823084623
CL,2024-12-02,5994.0,5292.0,5986.0,increase,CL-2023-to-present.pdf,20260823084623
CL,2024-12-03,5994.0,5296.0,5994.0,short_side_only,CL-2023-to-present.pdf,20260823084623
CL,2024-12-04,6015.0,5234.0,5994.0,increase,CL-2023-to-present.pdf,20260823084623
CL,2024-12-05,6013.0,5219.0,6015.0,decrease,CL-2023-to-present.pdf,20260823084623
CL,2024-12-06,6014.0,5231.0,6013.0,increase,CL-2023-to-present.pdf,20260823084623
CL,2024-12-09,6024.0,5238.0,6014.0,increase,CL-2023-to-present.pdf,20260823084623
CL,2024-12-10,6026.0,5246.0,6024.0,increase,CL-2023-to-present.pdf,20260823084623
CL,2024-12-11,6030.0,5265.0,6026.0,increase,CL-2023-to-present.pdf,20260823084623
CL,2024-12-12,6037.0,5278.0,6030.0,increase,CL-2023-to-present.pdf,20260823084623
CL,2024-12-13,6048.0,5291.0,6037.0,increase,CL-2023-to-present.pdf,20260823084623
CL,2024-12-16,6053.0,5307.0,6048.0,increase,CL-2023-to-present.pdf,20260823084623
CL,2024-12-17,6057.0,5324.0,6053.0,increase,CL-2023-to-present.pdf,20260823084623
CL,2024-12-18,6077.0,5345.0,6057.0,increase,CL-2023-to-present.pdf,20260823084623
CL,2024-12-19,6076.0,5340.0,6077.0,decrease,CL-2023-to-present.pdf,20260823084623
CL,2024-12-20,6007.0,5267.0,6076.0,decrease,CL-2023-to-present.pdf,20260823084623
CL,2024-12-23,6005.0,5258.0,6007.0,decrease,CL-2023-to-present.pdf,20260823084623
CL,2024-12-24,6014.0,5260.0,6005.0,increase,CL-2023-to-present.pdf,20260823084623
CL,2024-12-26,6010.0,5251.0,6014.0,decrease,CL-2023-to-present.pdf,20260823084623
CL,2024-12-27,6016.0,5242.0,6010.0,increase,CL-2023-to-present.pdf,20260823084623
CL,2024-12-30,6022.0,5232.0,6016.0,increase,CL-2023-to-present.pdf,20260823084623
CL,2024-12-31,6026.0,5227.0,6022.0,increase,CL-2023-to-present.pdf,20260823084623
CL,2025-01-02,6019.0,5221.0,6026.0,decrease,CL-2023-to-present.pdf,20260823084623
CL,2025-01-03,6024.0,5213.0,6019.0,increase,CL-2023-to-present.pdf,20260823084623
CL,2025-01-06,6041.0,5229.0,6024.0,increase,CL-2023-to-present.pdf,20260823084623
CL,2025-01-07,6043.0,5238.0,6041.0,increase,CL-2023-to-present.pdf,20260823084623
CL,2025-01-08,6038.0,5239.0,6043.0,decrease,CL-2023-to-present.pdf,20260823084623
CL,2025-01-09,6042.0,5257.0,6038.0,increase,CL-2023-to-present.pdf,20260823084623
CL,2025-01-10,6018.0,5294.0,6042.0,decrease,CL-2023-to-present.pdf,20260823084623
CL,2025-01-13,5935.0,5291.0,6018.0,decrease,CL-2023-to-present.pdf,20260823084623
CL,2025-01-14,5946.0,5315.0,5935.0,increase,CL-2023-to-present.pdf,20260823084623
CL,2025-01-15,5909.0,5308.0,5946.0,decrease,CL-2023-to-present.pdf,20260823084623
CL,2025-01-16,5927.0,5313.0,5909.0,increase,CL-2023-to-present.pdf,20260823084623
CL,2025-01-17,5956.0,5345.0,5927.0,increase,CL-2023-to-present.pdf,20260823084623
CL,2025-01-21,5948.0,5399.0,5956.0,decrease,CL-2023-to-present.pdf,20260823084623
CL,2025-01-22,5834.0,5217.0,5948.0,decrease,CL-2023-to-present.pdf,20260823084623
CL,2025-01-23,5831.0,5218.0,5834.0,decrease,CL-2023-to-present.pdf,20260823084623
CL,2025-01-24,5829.0,5227.0,5831.0,decrease,CL-2023-to-present.pdf,20260823084623
CL,2025-01-27,5838.0,5230.0,5829.0,increase,CL-2023-to-present.pdf,20260823084623
CL,2025-01-28,5830.0,5225.0,5838.0,decrease,CL-2023-to-present.pdf,20260823084623
CL,2025-01-29,5835.0,5227.0,5830.0,increase,CL-2023-to-present.pdf,20260823084623
CL,2025-01-30,5836.0,5231.0,5835.0,increase,CL-2023-to-present.pdf,20260823084623
CL,2025-01-31,5838.0,5234.0,5836.0,increase,CL-2023-to-present.pdf,20260823084623
CL,2025-02-03,5837.0,5237.0,5838.0,decrease,CL-2023-to-present.pdf,20260823084623
CL,2025-02-04,5825.0,5252.0,5837.0,decrease,CL-2023-to-present.pdf,20260823084623
CL,2025-02-05,5832.0,5269.0,5825.0,increase,CL-2023-to-present.pdf,20260823084623
CL,2025-02-06,5829.0,5271.0,5832.0,decrease,CL-2023-to-present.pdf,20260823084623
CL,2025-02-07,5840.0,5284.0,5829.0,increase,CL-2023-to-present.pdf,20260823084623
CL,2025-02-10,5848.0,5283.0,5840.0,increase,CL-2023-to-present.pdf,20260823084623
CL,2025-02-11,5859.0,5299.0,5848.0,increase,CL-2023-to-present.pdf,20260823084623
CL,2025-02-12,5862.0,5291.0,5859.0,increase,CL-2023-to-present.pdf,20260823084623
CL,2025-02-13,5881.0,5317.0,5862.0,increase,CL-2023-to-present.pdf,20260823084623
CL,2025-02-14,5890.0,5356.0,5881.0,increase,CL-2023-to-present.pdf,20260823084623
CL,2025-02-18,5903.0,5356.0,5890.0,increase,CL-2023-to-present.pdf,20260823084623
CL,2025-02-19,5918.0,5426.0,5903.0,increase,CL-2023-to-present.pdf,20260823084623
CL,2025-02-20,5939.0,5459.0,5918.0,increase,CL-2023-to-present.pdf,20260823084623
CL,2025-02-21,5818.0,5248.0,5939.0,decrease,CL-2023-to-present.pdf,20260823084623
CL,2025-02-24,5817.0,5243.0,5818.0,decrease,CL-2023-to-present.pdf,20260823084623
CL,2025-02-25,5826.0,5241.0,5817.0,increase,CL-2023-to-present.pdf,20260823084623
CL,2025-02-26,5830.0,5244.0,5826.0,increase,CL-2023-to-present.pdf,20260823084623
CL,2025-02-27,5838.0,5247.0,5830.0,increase,CL-2023-to-present.pdf,20260823084623
CL,2025-02-28,5849.0,5236.0,5838.0,increase,CL-2023-to-present.pdf,20260823084623
CL,2025-03-03,5851.0,5242.0,5849.0,increase,CL-2023-to-present.pdf,20260823084623
CL,2025-03-04,5839.0,5242.0,5851.0,decrease,CL-2023-to-present.pdf,20260823084623
CL,2025-03-05,5856.0,5244.0,5839.0,increase,CL-2023-to-present.pdf,20260823084623
CL,2025-03-06,5863.0,5243.0,5856.0,increase,CL-2023-to-present.pdf,20260823084623
CL,2025-03-07,5873.0,5249.0,5863.0,increase,CL-2023-to-present.pdf,20260823084623
CL,2025-03-10,5868.0,5265.0,5873.0,decrease,CL-2023-to-present.pdf,20260823084623
CL,2025-03-11,5876.0,5272.0,5868.0,increase,CL-2023-to-present.pdf,20260823084623
CL,2025-03-12,5892.0,5235.0,5876.0,increase,CL-2023-to-present.pdf,20260823084623
CL,2025-03-13,5894.0,5239.0,5892.0,increase,CL-2023-to-present.pdf,20260823084623
CL,2025-03-14,5891.0,5248.0,5894.0,decrease,CL-2023-to-present.pdf,20260823084623
CL,2025-03-17,5902.0,5265.0,5891.0,increase,CL-2023-to-present.pdf,20260823084623
CL,2025-03-18,5915.0,5295.0,5902.0,increase,CL-2023-to-present.pdf,20260823084623
CL,2025-03-19,5937.0,5337.0,5915.0,increase,CL-2023-to-present.pdf,20260823084623
CL,2025-03-20,5930.0,5335.0,5937.0,decrease,CL-2023-to-present.pdf,20260823084623
CL,2025-03-21,5868.0,5219.0,5930.0,decrease,CL-2023-to-present.pdf,20260823084623
CL,2025-03-24,5872.0,5226.0,5868.0,increase,CL-2023-to-present.pdf,20260823084623
CL,2025-03-25,5876.0,5221.0,5872.0,increase,CL-2023-to-present.pdf,20260823084623
CL,2025-03-26,5868.0,5206.0,5876.0,decrease,CL-2023-to-present.pdf,20260823084623
CL,2025-03-27,5852.0,5189.0,5868.0,decrease,CL-2023-to-present.pdf,20260823084623
CL,2025-03-28,5839.0,5184.0,5852.0,decrease,CL-2023-to-present.pdf,20260823084623
CL,2025-03-31,5867.0,5195.0,5839.0,increase,CL-2023-to-present.pdf,20260823084623
CL,2025-04-01,5868.0,5169.0,5867.0,increase,CL-2023-to-present.pdf,20260823084623
CL,2025-04-02,5867.0,5178.0,5868.0,decrease,CL-2023-to-present.pdf,20260823084623
CL,2025-04-03,5942.0,5193.0,5867.0,increase,CL-2023-to-present.pdf,20260823084623
CL,2025-04-04,6029.0,5182.0,5942.0,increase,CL-2023-to-present.pdf,20260823084623
CL,2025-04-07,6007.0,5234.0,6029.0,decrease,CL-2023-to-present.pdf,20260823084623
CL,2025-04-08,6005.0,5200.0,6007.0,decrease,CL-2023-to-present.pdf,20260823084623
CL,2025-04-09,6026.0,5190.0,6005.0,increase,CL-2023-to-present.pdf,20260823084623
CL,2025-04-10,6034.0,5206.0,6026.0,increase,CL-2023-to-present.pdf,20260823084623
CL,2025-04-11,6040.0,5208.0,6034.0,increase,CL-2023-to-present.pdf,20260823084623
CL,2025-04-14,6039.0,5231.0,6040.0,decrease,CL-2023-to-present.pdf,20260823084623
CL,2025-04-15,6042.0,5230.0,6039.0,increase,CL-2023-to-present.pdf,20260823084623
CL,2025-04-16,5991.0,5194.0,6042.0,decrease,CL-2023-to-present.pdf,20260823084623
CL,2025-04-17,6017.0,5187.0,5991.0,increase,CL-2023-to-present.pdf,20260823084623
CL,2025-04-21,6029.0,5237.0,6017.0,increase,CL-2023-to-present.pdf,20260823084623
CL,2025-04-22,6038.0,5225.0,6029.0,increase,CL-2023-to-present.pdf,20260823084623
CL,2025-04-23,6013.0,5170.0,6038.0,decrease,CL-2023-to-present.pdf,20260823084623
CL,2025-04-24,6004.0,5168.0,6013.0,decrease,CL-2023-to-present.pdf,20260823084623
CL,2025-04-25,6012.0,5174.0,6004.0,increase,CL-2023-to-present.pdf,20260823084623
CL,2025-04-28,6003.0,5172.0,6012.0,decrease,CL-2023-to-present.pdf,20260823084623
CL,2025-04-29,6018.0,5191.0,6003.0,increase,CL-2023-to-present.pdf,20260823084623
CL,2025-04-30,5987.0,5197.0,6018.0,decrease,CL-2023-to-present.pdf,20260823084623
CL,2025-05-01,5986.0,5214.0,5987.0,decrease,CL-2023-to-present.pdf,20260823084623
CL,2025-05-02,6019.0,5203.0,5986.0,increase,CL-2023-to-present.pdf,20260823084623
CL,2025-05-05,5999.0,5191.0,6019.0,decrease,CL-2023-to-present.pdf,20260823084623
CL,2025-05-06,6023.0,5201.0,5999.0,increase,CL-2023-to-present.pdf,20260823084623
CL,2025-05-07,6008.0,5197.0,6023.0,decrease,CL-2023-to-present.pdf,20260823084623
CL,2025-05-08,6019.0,5209.0,6008.0,increase,CL-2023-to-present.pdf,20260823084623
CL,2025-05-09,6030.0,5219.0,6019.0,increase,CL-2023-to-present.pdf,20260823084623
CL,2025-05-12,6011.0,5220.0,6030.0,decrease,CL-2023-to-present.pdf,20260823084623
CL,2025-05-13,6030.0,5223.0,6011.0,increase,CL-2023-to-present.pdf,20260823084623
CL,2025-05-14,6023.0,5219.0,6030.0,decrease,CL-2023-to-present.pdf,20260823084623
CL,2025-05-15,6031.0,5202.0,6023.0,increase,CL-2023-to-present.pdf,20260823084623
CL,2025-05-16,6029.0,5209.0,6031.0,decrease,CL-2023-to-present.pdf,20260823084623
CL,2025-05-19,6035.0,5218.0,6029.0,increase,CL-2023-to-present.pdf,20260823084623
CL,2025-05-20,6025.0,5257.0,6035.0,decrease,CL-2023-to-present.pdf,20260823084623
CL,2025-05-21,6003.0,5191.0,6025.0,decrease,CL-2023-to-present.pdf,20260823084623
CL,2025-05-22,5993.0,5182.0,6003.0,decrease,CL-2023-to-present.pdf,20260823084623
CL,2025-05-23,6003.0,5176.0,5993.0,increase,CL-2023-to-present.pdf,20260823084623
CL,2025-05-27,6004.0,5182.0,6003.0,increase,CL-2023-to-present.pdf,20260823084623
CL,2025-05-28,6011.0,5177.0,6004.0,increase,CL-2023-to-present.pdf,20260823084623
CL,2025-05-29,5996.0,5179.0,6011.0,decrease,CL-2023-to-present.pdf,20260823084623
CL,2025-05-30,5994.0,5180.0,5996.0,decrease,CL-2023-to-present.pdf,20260823084623
CL,2025-06-02,6008.0,5172.0,5994.0,increase,CL-2023-to-present.pdf,20260823084623
CL,2025-06-03,6010.0,5181.0,6008.0,increase,CL-2023-to-present.pdf,20260823084623
CL,2025-06-04,6011.0,5186.0,6010.0,increase,CL-2023-to-present.pdf,20260823084623
CL,2025-06-05,6025.0,5197.0,6011.0,increase,CL-2023-to-present.pdf,20260823084623
CL,2025-06-06,6008.0,5177.0,6025.0,decrease,CL-2023-to-present.pdf,20260823084623
CL,2025-06-09,6028.0,5197.0,6008.0,increase,CL-2023-to-present.pdf,20260823084623
CL,2025-06-10,6013.0,5189.0,6028.0,decrease,CL-2023-to-present.pdf,20260823084623
CL,2025-06-11,6013.0,5207.0,6013.0,short_side_only,CL-2023-to-present.pdf,20260823084623
CL,2025-06-12,6019.0,5202.0,6013.0,increase,CL-2023-to-present.pdf,20260823084623
CL,2025-06-13,6013.0,5231.0,6019.0,decrease,CL-2023-to-present.pdf,20260823084623
CL,2025-06-16,5994.0,5235.0,6013.0,decrease,CL-2023-to-present.pdf,20260823084623
CL,2025-06-17,6008.0,5255.0,5994.0,increase,CL-2023-to-present.pdf,20260823084623
CL,2025-06-18,6022.0,5248.0,6008.0,increase,CL-2023-to-present.pdf,20260823084623
CL,2025-06-20,6055.0,5262.0,6022.0,increase,CL-2023-to-present.pdf,20260823084623
CL,2025-06-23,5992.0,5328.0,6055.0,decrease,CL-2023-to-present.pdf,20260823084623
CL,2025-06-24,6192.0,5517.0,5992.0,increase,CL-2023-to-present.pdf,20260823084623
CL,2025-06-25,6177.0,5503.0,6192.0,decrease,CL-2023-to-present.pdf,20260823084623
CL,2025-06-26,6182.0,5499.0,6177.0,increase,CL-2023-to-present.pdf,20260823084623
CL,2025-06-27,6160.0,5471.0,6182.0,decrease,CL-2023-to-present.pdf,20260823084623
CL,2025-06-30,6164.0,5470.0,6160.0,increase,CL-2023-to-present.pdf,20260823084623
CL,2025-07-01,6162.0,5469.0,6164.0,decrease,CL-2023-to-present.pdf,20260823084623
CL,2025-07-02,6177.0,5488.0,6162.0,increase,CL-2023-to-present.pdf,20260823084623
CL,2025-07-03,6178.0,5498.0,6177.0,increase,CL-2023-to-present.pdf,20260823084623
CL,2025-07-07,6181.0,5497.0,6178.0,increase,CL-2023-to-present.pdf,20260823084623
CL,2025-07-08,6191.0,5513.0,6181.0,increase,CL-2023-to-present.pdf,20260823084623
CL,2025-07-09,6201.0,5531.0,6191.0,increase,CL-2023-to-present.pdf,20260823084623
CL,2025-07-10,6188.0,5525.0,6201.0,decrease,CL-2023-to-present.pdf,20260823084623
CL,2025-07-11,6189.0,5506.0,6188.0,increase,CL-2023-to-present.pdf,20260823084623
CL,2025-07-14,6199.0,5544.0,6189.0,increase,CL-2023-to-present.pdf,20260823084623
CL,2025-07-15,6194.0,5551.0,6199.0,decrease,CL-2023-to-present.pdf,20260823084623
CL,2025-07-16,6201.0,5566.0,6194.0,increase,CL-2023-to-present.pdf,20260823084623
CL,2025-07-17,6202.0,5554.0,6201.0,increase,CL-2023-to-present.pdf,20260823084623
CL,2025-07-18,6188.0,5532.0,6202.0,decrease,CL-2023-to-present.pdf,20260823084623
CL,2025-07-21,6188.0,5508.0,6188.0,short_side_only,CL-2023-to-present.pdf,20260823084623
CL,2025-07-22,6212.0,5534.0,6188.0,increase,CL-2023-to-present.pdf,20260823084623
CL,2025-07-23,6205.0,5503.0,6212.0,decrease,CL-2023-to-present.pdf,20260823084623
CL,2025-07-24,6209.0,5505.0,6205.0,increase,CL-2023-to-present.pdf,20260823084623
CL,2025-07-25,6215.0,5513.0,6209.0,increase,CL-2023-to-present.pdf,20260823084623
CL,2025-07-28,6229.0,5506.0,6215.0,increase,CL-2023-to-present.pdf,20260823084623
CL,2025-07-29,6221.0,5502.0,6229.0,decrease,CL-2023-to-present.pdf,20260823084623
CL,2025-07-30,6218.0,5483.0,6221.0,decrease,CL-2023-to-present.pdf,20260823084623
CL,2025-07-31,6211.0,5475.0,6218.0,decrease,CL-2023-to-present.pdf,20260823084623
CL,2025-08-01,6195.0,5482.0,6211.0,decrease,CL-2023-to-present.pdf,20260823084623
CL,2025-08-04,6203.0,5499.0,6195.0,increase,CL-2023-to-present.pdf,20260823084623
CL,2025-08-05,6198.0,5494.0,6203.0,decrease,CL-2023-to-present.pdf,20260823084623
CL,2025-08-06,6201.0,5477.0,6198.0,increase,CL-2023-to-present.pdf,20260823084623
CL,2025-08-07,6227.0,5455.0,6201.0,increase,CL-2023-to-present.pdf,20260823084623
CL,2025-08-08,6220.0,5428.0,6227.0,decrease,CL-2023-to-present.pdf,20260823084623
CL,2025-08-11,6211.0,5417.0,6220.0,decrease,CL-2023-to-present.pdf,20260823084623
CL,2025-08-12,6215.0,5427.0,6211.0,increase,CL-2023-to-present.pdf,20260823084623
CL,2025-08-13,6213.0,5431.0,6215.0,decrease,CL-2023-to-present.pdf,20260823084623
CL,2025-08-14,6196.0,5413.0,6213.0,decrease,CL-2023-to-present.pdf,20260823084623
CL,2025-08-15,6204.0,5435.0,6196.0,increase,CL-2023-to-present.pdf,20260823084623
CL,2025-08-18,6219.0,5453.0,6204.0,increase,CL-2023-to-present.pdf,20260823084623
CL,2025-08-19,6237.0,5493.0,6219.0,increase,CL-2023-to-present.pdf,20260823084623
CL,2025-08-20,6241.0,5494.0,6237.0,increase,CL-2023-to-present.pdf,20260823084623
CL,2025-08-21,6212.0,5498.0,6241.0,decrease,CL-2023-to-present.pdf,20260823084623
CL,2025-08-22,6216.0,5491.0,6212.0,increase,CL-2023-to-present.pdf,20260823084623
CL,2025-08-25,6230.0,5490.0,6216.0,increase,CL-2023-to-present.pdf,20260823084623
CL,2025-08-26,6226.0,5497.0,6230.0,decrease,CL-2023-to-present.pdf,20260823084623
CL,2025-08-27,6235.0,5430.0,6226.0,increase,CL-2023-to-present.pdf,20260823084623
CL,2025-08-28,6244.0,5437.0,6235.0,increase,CL-2023-to-present.pdf,20260823084623
CL,2025-08-29,6235.0,5435.0,6244.0,decrease,CL-2023-to-present.pdf,20260823084623
CL,2025-09-02,6233.0,5427.0,6235.0,decrease,CL-2023-to-present.pdf,20260823084623
CL,2025-09-03,6240.0,5443.0,6233.0,increase,CL-2023-to-present.pdf,20260823084623
CL,2025-09-04,6235.0,5445.0,6240.0,decrease,CL-2023-to-present.pdf,20260823084623
CL,2025-09-05,6232.0,5444.0,6235.0,decrease,CL-2023-to-present.pdf,20260823084623
CL,2025-09-08,6240.0,5452.0,6232.0,increase,CL-2023-to-present.pdf,20260823084623
CL,2025-09-09,6239.0,5450.0,6240.0,decrease,CL-2023-to-present.pdf,20260823084623
CL,2025-09-10,6244.0,5451.0,6239.0,increase,CL-2023-to-present.pdf,20260823084623
CL,2025-09-11,6246.0,5458.0,6244.0,increase,CL-2023-to-present.pdf,20260823084623
CL,2025-09-12,6245.0,5459.0,6246.0,decrease,CL-2023-to-present.pdf,20260823084623
CL,2025-09-15,6254.0,5468.0,6245.0,increase,CL-2023-to-present.pdf,20260823084623
CL,2025-09-16,6270.0,5451.0,6254.0,increase,CL-2023-to-present.pdf,20260823084623
CL,2025-09-17,6256.0,5435.0,6270.0,decrease,CL-2023-to-present.pdf,20260823084623
CL,2025-09-18,6256.0,5417.0,6256.0,short_side_only,CL-2023-to-present.pdf,20260823084623
CL,2025-09-19,6265.0,5422.0,6256.0,increase,CL-2023-to-present.pdf,20260823084623
CL,2025-09-22,6264.0,5429.0,6265.0,decrease,CL-2023-to-present.pdf,20260823084623
CL,2025-09-23,6225.0,5413.0,6264.0,decrease,CL-2023-to-present.pdf,20260823084623
CL,2025-09-24,6233.0,5419.0,6225.0,increase,CL-2023-to-present.pdf,20260823084623
CL,2025-09-25,6235.0,5425.0,6233.0,increase,CL-2023-to-present.pdf,20260823084623
CL,2025-09-26,6234.0,5422.0,6235.0,decrease,CL-2023-to-present.pdf,20260823084623
CL,2025-09-29,6240.0,5424.0,6234.0,increase,CL-2023-to-present.pdf,20260823084623
CL,2025-09-30,6244.0,5430.0,6240.0,increase,CL-2023-to-present.pdf,20260823084623
CL,2025-10-01,6247.0,5440.0,6244.0,increase,CL-2023-to-present.pdf,20260823084623
CL,2025-10-02,6252.0,5450.0,6247.0,increase,CL-2023-to-present.pdf,20260823084623
CL,2025-10-03,6255.0,5473.0,6252.0,increase,CL-2023-to-present.pdf,20260823084623
CL,2025-10-06,6252.0,5455.0,6255.0,decrease,CL-2023-to-present.pdf,20260823084623
CL,2025-10-07,6253.0,5463.0,6252.0,increase,CL-2023-to-present.pdf,20260823084623
CL,2025-10-08,6246.0,5476.0,6253.0,decrease,CL-2023-to-present.pdf,20260823084623
CL,2025-10-09,6253.0,5480.0,6246.0,increase,CL-2023-to-present.pdf,20260823084623
CL,2025-10-10,6259.0,5468.0,6253.0,increase,CL-2023-to-present.pdf,20260823084623
CL,2025-10-13,6252.0,5483.0,6259.0,decrease,CL-2023-to-present.pdf,20260823084623
CL,2025-10-14,6243.0,5465.0,6252.0,decrease,CL-2023-to-present.pdf,20260823084623
CL,2025-10-15,6244.0,5457.0,6243.0,increase,CL-2023-to-present.pdf,20260823084623
CL,2025-10-16,6243.0,5446.0,6244.0,decrease,CL-2023-to-present.pdf,20260823084623
CL,2025-10-17,6248.0,5425.0,6243.0,increase,CL-2023-to-present.pdf,20260823084623
CL,2025-10-20,6251.0,5454.0,6248.0,increase,CL-2023-to-present.pdf,20260823084623
CL,2025-10-21,6242.0,5460.0,6251.0,decrease,CL-2023-to-present.pdf,20260823084623
CL,2025-10-22,6187.0,5456.0,6242.0,decrease,CL-2023-to-present.pdf,20260823084623
CL,2025-10-23,6187.0,5494.0,6187.0,short_side_only,CL-2023-to-present.pdf,20260823084623
CL,2025-10-24,5598.0,4954.0,6187.0,decrease,CL-2023-to-present.pdf,20260823084623
CL,2025-10-27,5597.0,4950.0,5598.0,decrease,CL-2023-to-present.pdf,20260823084623
CL,2025-10-28,5594.0,4942.0,5597.0,decrease,CL-2023-to-present.pdf,20260823084623
CL,2025-10-29,5596.0,4939.0,5594.0,increase,CL-2023-to-present.pdf,20260823084623
CL,2025-10-30,5613.0,4953.0,5596.0,increase,CL-2023-to-present.pdf,20260823084623
CL,2025-10-31,5602.0,4944.0,5613.0,decrease,CL-2023-to-present.pdf,20260823084623
CL,2025-11-03,5612.0,4956.0,5602.0,increase,CL-2023-to-present.pdf,20260823084623
CL,2025-11-04,5607.0,4951.0,5612.0,decrease,CL-2023-to-present.pdf,20260823084623
CL,2025-11-05,5608.0,4955.0,5607.0,increase,CL-2023-to-present.pdf,20260823084623
CL,2025-11-06,5616.0,4969.0,5608.0,increase,CL-2023-to-present.pdf,20260823084623
CL,2025-11-07,5609.0,4966.0,5616.0,decrease,CL-2023-to-present.pdf,20260823084623
CL,2025-11-10,5241.0,4600.0,5609.0,decrease,CL-2023-to-present.pdf,20260823084623
CL,2025-11-11,5253.0,4623.0,5241.0,increase,CL-2023-to-present.pdf,20260823084623
CL,2025-11-12,5225.0,4585.0,5253.0,decrease,CL-2023-to-present.pdf,20260823084623
CL,2025-11-13,5215.0,4580.0,5225.0,decrease,CL-2023-to-present.pdf,20260823084623
CL,2025-11-14,5233.0,4586.0,5215.0,increase,CL-2023-to-present.pdf,20260823084623
CL,2025-11-17,5239.0,4601.0,5233.0,increase,CL-2023-to-present.pdf,20260823084623
CL,2025-11-18,5260.0,4624.0,5239.0,increase,CL-2023-to-present.pdf,20260823084623
CL,2025-11-19,5227.0,4619.0,5260.0,decrease,CL-2023-to-present.pdf,20260823084623
CL,2025-11-20,5237.0,4631.0,5227.0,increase,CL-2023-to-present.pdf,20260823084623
CL,2025-11-21,5204.0,4576.0,5237.0,decrease,CL-2023-to-present.pdf,20260823084623
CL,2025-11-24,5208.0,4572.0,5204.0,increase,CL-2023-to-present.pdf,20260823084623
CL,2025-11-25,5215.0,4582.0,5208.0,increase,CL-2023-to-present.pdf,20260823084623
CL,2025-11-26,5222.0,4589.0,5215.0,increase,CL-2023-to-present.pdf,20260823084623
CL,2025-11-28,5212.0,4592.0,5222.0,decrease,CL-2023-to-present.pdf,20260823084623
CL,2025-12-01,5222.0,4598.0,5212.0,increase,CL-2023-to-present.pdf,20260823084623
CL,2025-12-02,5216.0,4599.0,5222.0,decrease,CL-2023-to-present.pdf,20260823084623
CL,2025-12-03,5214.0,4612.0,5216.0,decrease,CL-2023-to-present.pdf,20260823084623
CL,2025-12-04,5224.0,4614.0,5214.0,increase,CL-2023-to-present.pdf,20260823084623
CL,2025-12-05,5232.0,4614.0,5224.0,increase,CL-2023-to-present.pdf,20260823084623
CL,2025-12-08,5227.0,4619.0,5232.0,decrease,CL-2023-to-present.pdf,20260823084623
CL,2025-12-09,4252.0,3728.0,5227.0,decrease,CL-2023-to-present.pdf,20260823084623
CL,2025-12-10,4260.0,3737.0,4252.0,increase,CL-2023-to-present.pdf,20260823084623
CL,2025-12-11,4260.0,3745.0,4260.0,short_side_only,CL-2023-to-present.pdf,20260823084623
CL,2025-12-12,4246.0,3740.0,4260.0,decrease,CL-2023-to-present.pdf,20260823084623
CL,2025-12-15,4244.0,3769.0,4246.0,decrease,CL-2023-to-present.pdf,20260823084623
CL,2025-12-16,4224.0,3764.0,4244.0,decrease,CL-2023-to-present.pdf,20260823084623
CL,2025-12-17,4222.0,3779.0,4224.0,decrease,CL-2023-to-present.pdf,20260823084623
CL,2025-12-18,4224.0,3808.0,4222.0,increase,CL-2023-to-present.pdf,20260823084623
CL,2025-12-19,4248.0,3757.0,4224.0,increase,CL-2023-to-present.pdf,20260823084623
CL,2025-12-22,4219.0,3711.0,4248.0,decrease,CL-2023-to-present.pdf,20260823084623
CL,2025-12-23,4211.0,3707.0,4219.0,decrease,CL-2023-to-present.pdf,20260823084623
CL,2025-12-24,4209.0,3716.0,4211.0,decrease,CL-2023-to-present.pdf,20260823084623
CL,2025-12-26,4225.0,3732.0,4209.0,increase,CL-2023-to-present.pdf,20260823084623
CL,2025-12-29,4229.0,3735.0,4225.0,increase,CL-2023-to-present.pdf,20260823084623
CL,2025-12-30,4221.0,3730.0,4229.0,decrease,CL-2023-to-present.pdf,20260823084623
CL,2025-12-31,4216.0,3736.0,4221.0,decrease,CL-2023-to-present.pdf,20260823084623
CL,2026-01-02,4213.0,3738.0,4216.0,decrease,CL-2023-to-present.pdf,20260823084623
CL,2026-01-05,4208.0,3735.0,4213.0,decrease,CL-2023-to-present.pdf,20260823084623
CL,2026-01-06,4210.0,3750.0,4208.0,increase,CL-2023-to-present.pdf,20260823084623
CL,2026-01-07,4212.0,3753.0,4210.0,increase,CL-2023-to-present.pdf,20260823084623
CL,2026-01-08,4239.0,3765.0,4212.0,increase,CL-2023-to-present.pdf,20260823084623
CL,2026-01-09,4228.0,3756.0,4239.0,decrease,CL-2023-to-present.pdf,20260823084623
CL,2026-01-12,4235.0,3761.0,4228.0,increase,CL-2023-to-present.pdf,20260823084623
CL,2026-01-13,4256.0,3764.0,4235.0,increase,CL-2023-to-present.pdf,20260823084623
CL,2026-01-14,4314.0,3782.0,4256.0,increase,CL-2023-to-present.pdf,20260823084623
CL,2026-01-15,4283.0,3771.0,4314.0,decrease,CL-2023-to-present.pdf,20260823084623
CL,2026-01-16,4322.0,3766.0,4283.0,increase,CL-2023-to-present.pdf,20260823084623
CL,2026-01-20,4337.0,3779.0,4322.0,increase,CL-2023-to-present.pdf,20260823084623
CL,2026-01-21,4206.0,3703.0,4337.0,decrease,CL-2023-to-present.pdf,20260823084623
CL,2026-01-22,4206.0,3682.0,4206.0,short_side_only,CL-2023-to-present.pdf,20260823084623
CL,2026-01-23,4225.0,3688.0,4206.0,increase,CL-2023-to-present.pdf,20260823084623
CL,2026-01-26,4210.0,3710.0,4225.0,decrease,CL-2023-to-present.pdf,20260823084623
CL,2026-01-27,4235.0,3760.0,4210.0,increase,CL-2023-to-present.pdf,20260823084623
CL,2026-01-28,4262.0,3717.0,4235.0,increase,CL-2023-to-present.pdf,20260823084623
CL,2026-01-29,4341.0,3819.0,4262.0,increase,CL-2023-to-present.pdf,20260823084623
CL,2026-01-30,4315.0,3840.0,4341.0,decrease,CL-2023-to-present.pdf,20260823084623
CL,2026-02-02,4250.0,3707.0,4315.0,decrease,CL-2023-to-present.pdf,20260823084623
CL,2026-02-03,4275.0,3739.0,4250.0,increase,CL-2023-to-present.pdf,20260823084623
CL,2026-02-04,4409.0,3862.0,4275.0,increase,CL-2023-to-present.pdf,20260823084623
CL,2026-02-05,4296.0,3802.0,4409.0,decrease,CL-2023-to-present.pdf,20260823084623
CL,2026-02-06,4304.0,3792.0,4296.0,increase,CL-2023-to-present.pdf,20260823084623
CL,2026-02-09,4353.0,3819.0,4304.0,increase,CL-2023-to-present.pdf,20260823084623
CL,2026-02-10,4320.0,3792.0,4353.0,decrease,CL-2023-to-present.pdf,20260823084623
CL,2026-02-11,4353.0,3830.0,4320.0,increase,CL-2023-to-present.pdf,20260823084623
CL,2026-02-12,4279.0,3769.0,4353.0,decrease,CL-2023-to-present.pdf,20260823084623
CL,2026-02-13,4291.0,3776.0,4279.0,increase,CL-2023-to-present.pdf,20260823084623
CL,2026-02-17,4299.0,3783.0,4291.0,increase,CL-2023-to-present.pdf,20260823084623
CL,2026-02-18,4487.0,3964.0,4299.0,increase,CL-2023-to-present.pdf,20260823084623
CL,2026-02-19,4618.0,4018.0,4487.0,increase,CL-2023-to-present.pdf,20260823084623
CL,2026-02-20,4599.0,4003.0,4618.0,decrease,CL-2023-to-present.pdf,20260823084623
CL,2026-02-23,4494.0,3859.0,4599.0,decrease,CL-2023-to-present.pdf,20260823084623
CL,2026-02-24,4434.0,3845.0,4494.0,decrease,CL-2023-to-present.pdf,20260823084623
CL,2026-02-25,4408.0,3848.0,4434.0,decrease,CL-2023-to-present.pdf,20260823084623
CL,2026-02-26,4367.0,3812.0,4408.0,decrease,CL-2023-to-present.pdf,20260823084623
CL,2026-02-27,4508.0,3914.0,4367.0,increase,CL-2023-to-present.pdf,20260823084623
CL,2026-03-02,6490.0,5679.0,4508.0,increase,CL-2023-to-present.pdf,20260823084623
CL,2026-03-03,6524.0,5748.0,6490.0,increase,CL-2023-to-present.pdf,20260823084623
CL,2026-03-04,6513.0,5766.0,6524.0,decrease,CL-2023-to-present.pdf,20260823084623
CL,2026-03-05,6567.0,5952.0,6513.0,increase,CL-2023-to-present.pdf,20260823084623
CL,2026-03-06,6773.0,6351.0,6567.0,increase,CL-2023-to-present.pdf,20260823084623
CL,2026-03-09,8920.0,8584.0,6773.0,increase,CL-2023-to-present.pdf,20260823084623
CL,2026-03-10,8798.0,8681.0,8920.0,decrease,CL-2023-to-present.pdf,20260823084623
CL,2026-03-11,8835.0,8638.0,8798.0,increase,CL-2023-to-present.pdf,20260823084623
CL,2026-03-12,8937.0,8656.0,8835.0,increase,CL-2023-to-present.pdf,20260823084623
CL,2026-03-13,10924.0,10644.0,8937.0,increase,CL-2023-to-present.pdf,20260823084623
CL,2026-03-16,10951.0,10682.0,10924.0,increase,CL-2023-to-present.pdf,20260823084623
CL,2026-03-17,10955.0,10711.0,10951.0,increase,CL-2023-to-present.pdf,20260823084623
CL,2026-03-18,10832.0,10754.0,10955.0,decrease,CL-2023-to-present.pdf,20260823084623
CL,2026-03-19,10776.0,11030.0,10832.0,decrease,CL-2023-to-present.pdf,20260823084623
CL,2026-03-20,10838.0,11047.0,10776.0,increase,CL-2023-to-present.pdf,20260823084623
CL,2026-03-23,10694.0,10547.0,10838.0,decrease,CL-2023-to-present.pdf,20260823084623
CL,2026-03-24,10717.0,10491.0,10694.0,increase,CL-2023-to-present.pdf,20260823084623
CL,2026-03-25,10739.0,10501.0,10717.0,increase,CL-2023-to-present.pdf,20260823084623
CL,2026-03-26,10796.0,10501.0,10739.0,increase,CL-2023-to-present.pdf,20260823084623
CL,2026-03-27,10958.0,10687.0,10796.0,increase,CL-2023-to-present.pdf,20260823084623
CL,2026-03-30,11123.0,10864.0,10958.0,increase,CL-2023-to-present.pdf,20260823084623
CL,2026-03-31,11149.0,10916.0,11123.0,increase,CL-2023-to-present.pdf,20260823084623
CL,2026-04-01,11047.0,10833.0,11149.0,decrease,CL-2023-to-present.pdf,20260823084623
CL,2026-04-02,12154.0,11769.0,11047.0,increase,CL-2023-to-present.pdf,20260823084623
CL,2026-04-06,12173.0,11842.0,12154.0,increase,CL-2023-to-present.pdf,20260823084623
CL,2026-04-07,12128.0,11936.0,12173.0,decrease,CL-2023-to-present.pdf,20260823084623
CL,2026-04-08,10992.0,11342.0,12128.0,decrease,CL-2023-to-present.pdf,20260823084623
CL,2026-04-09,11219.0,11628.0,10992.0,increase,CL-2023-to-present.pdf,20260823084623
CL,2026-04-10,11097.0,11536.0,11219.0,decrease,CL-2023-to-present.pdf,20260823084623
CL,2026-04-13,11322.0,11752.0,11097.0,increase,CL-2023-to-present.pdf,20260823084623
CL,2026-04-14,10842.0,11192.0,11322.0,decrease,CL-2023-to-present.pdf,20260823084623
CL,2026-04-15,10687.0,10903.0,10842.0,decrease,CL-2023-to-present.pdf,20260823084623
CL,2026-04-16,11079.0,11570.0,10687.0,increase,CL-2023-to-present.pdf,20260823084623
CL,2026-04-17,10631.0,10936.0,11079.0,decrease,CL-2023-to-present.pdf,20260823084623
CL,2026-04-20,11245.0,11595.0,10631.0,increase,CL-2023-to-present.pdf,20260823084623
CL,2026-04-21,11392.0,11794.0,11245.0,increase,CL-2023-to-present.pdf,20260823084623
CL,2026-04-22,11177.0,11140.0,11392.0,decrease,CL-2023-to-present.pdf,20260823084623
CL,2026-04-23,11444.0,11347.0,11177.0,increase,CL-2023-to-present.pdf,20260823084623
CL,2026-04-24,11376.0,11232.0,11444.0,decrease,CL-2023-to-present.pdf,20260823084623
CL,2026-04-27,11415.0,11381.0,11376.0,increase,CL-2023-to-present.pdf,20260823084623
CL,2026-04-28,11808.0,11778.0,11415.0,increase,CL-2023-to-present.pdf,20260823084623
CL,2026-04-29,12151.0,12439.0,11808.0,increase,CL-2023-to-present.pdf,20260823084623
CL,2026-04-30,12116.0,12349.0,12151.0,decrease,CL-2023-to-present.pdf,20260823084623
CL,2026-05-01,11896.0,12151.0,12116.0,decrease,CL-2023-to-present.pdf,20260823084623
CL,2026-05-04,12361.0,12535.0,11896.0,increase,CL-2023-to-present.pdf,20260823084623
CL,2026-05-05,12002.0,12275.0,12361.0,decrease,CL-2023-to-present.pdf,20260823084623
CL,2026-05-06,11804.0,11918.0,12002.0,decrease,CL-2023-to-present.pdf,20260823084623
CL,2026-05-07,11753.0,11908.0,11804.0,decrease,CL-2023-to-present.pdf,20260823084623
CL,2026-05-08,11778.0,11974.0,11753.0,increase,CL-2023-to-present.pdf,20260823084623
CL,2026-05-11,11735.0,12173.0,11778.0,decrease,CL-2023-to-present.pdf,20260823084623
CL,2026-05-12,12046.0,12498.0,11735.0,increase,CL-2023-to-present.pdf,20260823084623
CL,2026-05-13,11977.0,12478.0,12046.0,decrease,CL-2023-to-present.pdf,20260823084623
CL,2026-05-14,12013.0,12493.0,11977.0,increase,CL-2023-to-present.pdf,20260823084623
CL,2026-05-15,12450.0,12933.0,12013.0,increase,CL-2023-to-present.pdf,20260823084623
CL,2026-05-18,12703.0,13334.0,12450.0,increase,CL-2023-to-present.pdf,20260823084623
CL,2026-05-19,12861.0,13385.0,12703.0,increase,CL-2023-to-present.pdf,20260823084623
CL,2026-05-20,11722.0,11644.0,12861.0,decrease,CL-2023-to-present.pdf,20260823084623
CL,2026-05-21,11634.0,11511.0,11722.0,decrease,CL-2023-to-present.pdf,20260823084623
CL,2026-05-22,11398.0,11320.0,11634.0,decrease,CL-2023-to-present.pdf,20260823084623
CL,2026-05-26,11241.0,11265.0,11398.0,decrease,CL-2023-to-present.pdf,20260823084623
CL,2026-05-27,10862.0,11064.0,11241.0,decrease,CL-2023-to-present.pdf,20260823084623
CL,2026-05-28,10978.0,11148.0,10862.0,increase,CL-2023-to-present.pdf,20260823084623
CL,2026-05-29,10873.0,11001.0,10978.0,decrease,CL-2023-to-present.pdf,20260823084623
CL,2026-06-01,11298.0,11489.0,10873.0,increase,CL-2023-to-present.pdf,20260823084623
CL,2026-06-02,11366.0,11485.0,11298.0,increase,CL-2023-to-present.pdf,20260823084623
CL,2026-06-03,11525.0,11741.0,11366.0,increase,CL-2023-to-present.pdf,20260823084623
CL,2026-06-04,11397.0,11467.0,11525.0,decrease,CL-2023-to-present.pdf,20260823084623
CL,2026-06-05,11210.0,11371.0,11397.0,decrease,CL-2023-to-present.pdf,20260823084623
CL,2026-06-08,11240.0,11594.0,11210.0,increase,CL-2023-to-present.pdf,20260823084623
CL,2026-06-09,11072.0,11221.0,11240.0,decrease,CL-2023-to-present.pdf,20260823084623
CL,2026-06-10,11212.0,11562.0,11072.0,increase,CL-2023-to-present.pdf,20260823084623
CL,2026-06-11,11087.0,11224.0,11212.0,decrease,CL-2023-to-present.pdf,20260823084623
CL,2026-06-12,10897.0,11249.0,11087.0,decrease,CL-2023-to-present.pdf,20260823084623
CL,2026-06-15,10651.0,10744.0,10897.0,decrease,CL-2023-to-present.pdf,20260823084623
CL,2026-06-16,10392.0,10617.0,10651.0,decrease,CL-2023-to-present.pdf,20260823084623
CL,2026-06-17,10432.0,10563.0,10392.0,increase,CL-2023-to-present.pdf,20260823084623
CL,2026-06-18,10513.0,10731.0,10432.0,increase,CL-2023-to-present.pdf,20260823084623
CL,2026-06-22,10431.0,10574.0,10513.0,decrease,CL-2023-to-present.pdf,20260823084623
CL,2026-06-23,9980.0,9750.0,10431.0,decrease,CL-2023-to-present.pdf,20260823084623
CL,2026-06-24,9881.0,9612.0,9980.0,decrease,CL-2023-to-present.pdf,20260823084623
CL,2026-06-25,9809.0,9703.0,9881.0,decrease,CL-2023-to-present.pdf,20260823084623
CL,2026-06-26,7707.0,6496.0,9809.0,decrease,CL-2023-to-present.pdf,20260823084623
CL,2026-06-29,7819.0,6637.0,7707.0,increase,CL-2023-to-present.pdf,20260823084623
CL,2026-06-30,7775.0,6539.0,7819.0,decrease,CL-2023-to-present.pdf,20260823084623
GC,2020-06-24,8200.0,,,series_start,GC-2020-to-present.pdf,20250910111656
GC,2020-08-07,8700.0,,8200.0,increase,GC-2020-to-present.pdf,20250910111656
GC,2020-08-12,9300.0,,8700.0,increase,GC-2020-to-present.pdf,20250910111656
GC,2020-10-02,10500.0,,9300.0,increase,GC-2020-to-present.pdf,20250910111656
GC,2020-10-16,11500.0,,10500.0,increase,GC-2020-to-present.pdf,20250910111656
GC,2020-12-04,10000.0,,11500.0,decrease,GC-2020-to-present.pdf,20250910111656
GC,2021-02-02,11000.0,,10000.0,increase,GC-2020-to-present.pdf,20250910111656
GC,2021-03-05,10000.0,,11000.0,decrease,GC-2020-to-present.pdf,20250910111656
GC,2021-05-07,9000.0,,10000.0,decrease,GC-2020-to-present.pdf,20250910111656
GC,2021-08-20,8250.0,,9000.0,decrease,GC-2020-to-present.pdf,20250910111656
GC,2021-09-29,7500.0,,8250.0,decrease,GC-2020-to-present.pdf,20250910111656
GC,2022-01-05,6500.0,,7500.0,decrease,GC-2020-to-present.pdf,20250910111656
GC,2022-01-21,6000.0,,6500.0,decrease,GC-2020-to-present.pdf,20250910111656
GC,2022-02-25,6600.0,,6000.0,increase,GC-2020-to-present.pdf,20250910111656
GC,2022-03-08,7200.0,,6600.0,increase,GC-2020-to-present.pdf,20250910111656
GC,2022-07-08,6500.0,,7200.0,decrease,GC-2020-to-present.pdf,20250910111656
GC,2022-09-16,5700.0,,6500.0,decrease,GC-2020-to-present.pdf,20250910111656
GC,2022-12-05,6300.0,,5700.0,increase,GC-2020-to-present.pdf,20250910111656
GC,2023-01-06,6900.0,,6300.0,increase,GC-2020-to-present.pdf,20250910111656
GC,2023-02-10,7400.0,,6900.0,increase,GC-2020-to-present.pdf,20250910111656
GC,2023-03-14,8000.0,,7400.0,increase,GC-2020-to-present.pdf,20250910111656
GC,2023-04-06,8300.0,,8000.0,increase,GC-2020-to-present.pdf,20250910111656
GC,2023-09-08,7800.0,,8300.0,decrease,GC-2020-to-present.pdf,20250910111656
GC,2023-12-15,8300.0,,7800.0,increase,GC-2020-to-present.pdf,20250910111656
GC,2024-03-08,8800.0,,8300.0,increase,GC-2020-to-present.pdf,20250910111656
GC,2024-04-05,9400.0,,8800.0,increase,GC-2020-to-present.pdf,20250910111656
GC,2024-04-19,10000.0,,9400.0,increase,GC-2020-to-present.pdf,20250910111656
GC,2024-08-23,10500.0,,10000.0,increase,GC-2020-to-present.pdf,20250910111656
GC,2024-09-27,11000.0,,10500.0,increase,GC-2020-to-present.pdf,20250910111656
GC,2024-11-01,11500.0,,11000.0,increase,GC-2020-to-present.pdf,20250910111656
GC,2025-02-07,12500.0,,11500.0,increase,GC-2020-to-present.pdf,20250910111656
GC,2025-03-21,13500.0,,12500.0,increase,GC-2020-to-present.pdf,20250910111656
GC,2025-03-28,14000.0,,13500.0,increase,GC-2020-to-present.pdf,20250910111656
GC,2025-04-04,15000.0,,14000.0,increase,GC-2020-to-present.pdf,20250910111656
HG,2020-06-24,2900.0,,,series_start,HG-2020-to-present.pdf,20250910115445
HG,2020-08-14,3200.0,,2900.0,increase,HG-2020-to-present.pdf,20250910115445
HG,2020-10-02,3600.0,,3200.0,increase,HG-2020-to-present.pdf,20250910115445
HG,2020-10-16,4200.0,,3600.0,increase,HG-2020-to-present.pdf,20250910115445
HG,2021-02-02,4600.0,,4200.0,increase,HG-2020-to-present.pdf,20250910115445
HG,2021-02-19,5000.0,,4600.0,increase,HG-2020-to-present.pdf,20250910115445
HG,2021-03-05,5500.0,,5000.0,increase,HG-2020-to-present.pdf,20250910115445
HG,2021-04-09,6100.0,,5500.0,increase,HG-2020-to-present.pdf,20250910115445
HG,2021-05-14,6600.0,,6100.0,increase,HG-2020-to-present.pdf,20250910115445
HG,2021-07-09,6000.0,,6600.0,decrease,HG-2020-to-present.pdf,20250910115445
HG,2021-08-06,6600.0,,6000.0,increase,HG-2020-to-present.pdf,20250910115445
HG,2021-10-06,6000.0,,6600.0,decrease,HG-2020-to-present.pdf,20250910115445
HG,2021-12-17,5400.0,,6000.0,decrease,HG-2020-to-present.pdf,20250910115445
HG,2022-01-21,5000.0,,5400.0,decrease,HG-2020-to-present.pdf,20250910115445
HG,2022-02-17,5500.0,,5000.0,increase,HG-2020-to-present.pdf,20250910115445
HG,2022-03-08,6500.0,,5500.0,increase,HG-2020-to-present.pdf,20250910115445
HG,2022-04-20,5500.0,,6500.0,decrease,HG-2020-to-present.pdf,20250910115445
HG,2022-09-20,5000.0,,5500.0,decrease,HG-2020-to-present.pdf,20250910115445
HG,2022-11-10,5750.0,,5000.0,increase,HG-2020-to-present.pdf,20250910115445
HG,2023-03-17,6100.0,,5750.0,increase,HG-2020-to-present.pdf,20250910115445
HG,2023-04-06,6500.0,,6100.0,increase,HG-2020-to-present.pdf,20250910115445
HG,2023-06-23,5500.0,,6500.0,decrease,HG-2020-to-present.pdf,20250910115445
HG,2023-09-08,5000.0,,5500.0,decrease,HG-2020-to-present.pdf,20250910115445
HG,2023-10-20,4500.0,,5000.0,decrease,HG-2020-to-present.pdf,20250910115445
HG,2024-01-19,4000.0,,4500.0,decrease,HG-2020-to-present.pdf,20250910115445
HG,2024-04-25,4500.0,,4000.0,increase,HG-2020-to-present.pdf,20250910115445
HG,2024-05-16,5000.0,,4500.0,increase,HG-2020-to-present.pdf,20250910115445
HG,2024-05-20,5250.0,,5000.0,increase,HG-2020-to-present.pdf,20250910115445
HG,2024-05-22,5500.0,,5250.0,increase,HG-2020-to-present.pdf,20250910115445
HG,2024-05-24,6100.0,,5500.0,increase,HG-2020-to-present.pdf,20250910115445
HG,2024-07-26,5500.0,,6100.0,decrease,HG-2020-to-present.pdf,20250910115445
HG,2024-09-27,6000.0,,5500.0,increase,HG-2020-to-present.pdf,20250910115445
HG,2025-02-14,6500.0,,6000.0,increase,HG-2020-to-present.pdf,20250910115445
HG,2025-03-07,7000.0,,6500.0,increase,HG-2020-to-present.pdf,20250910115445
HG,2025-03-28,7500.0,,7000.0,increase,HG-2020-to-present.pdf,20250910115445
HG,2025-04-07,9000.0,,7500.0,increase,HG-2020-to-present.pdf,20250910115445
SI,2014-01-02,10000.0,,,series_start,SI_2014_to_present.pdf,20171129082402
SI,2014-04-04,9000.0,,10000.0,decrease,SI_2014_to_present.pdf,20171129082402
SI,2014-05-16,8250.0,,9000.0,decrease,SI_2014_to_present.pdf,20171129082402
SI,2014-07-14,7500.0,,8250.0,decrease,SI_2014_to_present.pdf,20171129082402
SI,2014-08-22,6500.0,,7500.0,decrease,SI_2014_to_present.pdf,20171129082402
SI,2014-10-10,5500.0,,6500.0,decrease,SI_2014_to_present.pdf,20171129082402
SI,2014-12-05,6500.0,,5500.0,increase,SI_2014_to_present.pdf,20171129082402
SI,2015-01-30,7200.0,,6500.0,increase,SI_2014_to_present.pdf,20171129082402
SI,2015-02-06,7700.0,,7200.0,increase,SI_2014_to_present.pdf,20171129082402
SI,2015-05-22,7000.0,,7700.0,decrease,SI_2014_to_present.pdf,20171129082402
SI,2015-08-21,6000.0,,7000.0,decrease,SI_2014_to_present.pdf,20171129082402
SI,2015-12-28,5200.0,,6000.0,decrease,SI_2014_to_present.pdf,20171129082402
SI,2016-04-08,4800.0,,5200.0,decrease,SI_2014_to_present.pdf,20171129082402
SI,2016-07-08,5250.0,,4800.0,increase,SI_2014_to_present.pdf,20171129082402
SI,2016-11-03,5800.0,,5250.0,increase,SI_2014_to_present.pdf,20171129082402
SI,2016-11-18,6500.0,,5800.0,increase,SI_2014_to_present.pdf,20171129082402
SI,2017-03-03,5750.0,,6500.0,decrease,SI_2014_to_present.pdf,20171129082402
SI,2017-04-07,5000.0,,5750.0,decrease,SI_2014_to_present.pdf,20171129082402
SI,2017-08-11,5400.0,,5000.0,increase,SI_2014_to_present.pdf,20171129082402
SI,2017-09-11,5900.0,,5400.0,increase,SI_2014_to_present.pdf,20171129082402
SI,2020-06-24,8000.0,,5900.0,increase,SI-2020-to-present.pdf,20250910112428
SI,2020-07-24,9000.0,,8000.0,increase,SI-2020-to-present.pdf,20250910112428
SI,2020-07-28,10000.0,,9000.0,increase,SI-2020-to-present.pdf,20250910112428
SI,2020-08-07,11500.0,,10000.0,increase,SI-2020-to-present.pdf,20250910112428
SI,2020-08-12,13250.0,,11500.0,increase,SI-2020-to-present.pdf,20250910112428
SI,2020-10-02,15000.0,,13250.0,increase,SI-2020-to-present.pdf,20250910112428
SI,2020-10-16,17000.0,,15000.0,increase,SI-2020-to-present.pdf,20250910112428
SI,2020-11-17,15000.0,,17000.0,decrease,SI-2020-to-present.pdf,20250910112428
SI,2020-12-04,14000.0,,15000.0,decrease,SI-2020-to-present.pdf,20250910112428
SI,2021-02-02,16500.0,,14000.0,increase,SI-2020-to-present.pdf,20250910112428
SI,2021-05-07,15000.0,,16500.0,decrease,SI-2020-to-present.pdf,20250910112428
SI,2021-07-09,13500.0,,15000.0,decrease,SI-2020-to-present.pdf,20250910112428
SI,2021-09-29,12500.0,,13500.0,decrease,SI-2020-to-present.pdf,20250910112428
SI,2021-10-29,11500.0,,12500.0,decrease,SI-2020-to-present.pdf,20250910112428
SI,2021-12-17,10350.0,,11500.0,decrease,SI-2020-to-present.pdf,20250910112428
SI,2022-01-05,9500.0,,10350.0,decrease,SI-2020-to-present.pdf,20250910112428
SI,2022-04-20,8500.0,,9500.0,decrease,SI-2020-to-present.pdf,20250910112428
SI,2022-07-08,7500.0,,8500.0,decrease,SI-2020-to-present.pdf,20250910112428
SI,2022-10-05,8500.0,,7500.0,increase,SI-2020-to-present.pdf,20250910112428
SI,2023-03-14,9500.0,,8500.0,increase,SI-2020-to-present.pdf,20250910112428
SI,2023-07-14,8500.0,,9500.0,decrease,SI-2020-to-present.pdf,20250910112428
SI,2023-09-08,8000.0,,8500.0,decrease,SI-2020-to-present.pdf,20250910112428
SI,2023-12-15,9000.0,,8000.0,increase,SI-2020-to-present.pdf,20250910112428
SI,2024-02-16,8000.0,,9000.0,decrease,SI-2020-to-present.pdf,20250910112428
SI,2024-03-08,8500.0,,8000.0,increase,SI-2020-to-present.pdf,20250910112428
SI,2024-04-05,9500.0,,8500.0,increase,SI-2020-to-present.pdf,20250910112428
SI,2024-04-19,10500.0,,9500.0,increase,SI-2020-to-present.pdf,20250910112428
SI,2024-05-23,11500.0,,10500.0,increase,SI-2020-to-present.pdf,20250910112428
SI,2024-08-23,10500.0,,11500.0,decrease,SI-2020-to-present.pdf,20250910112428
SI,2024-09-20,11000.0,,10500.0,increase,SI-2020-to-present.pdf,20250910112428
SI,2024-09-27,11500.0,,11000.0,increase,SI-2020-to-present.pdf,20250910112428
SI,2024-10-25,12000.0,,11500.0,increase,SI-2020-to-present.pdf,20250910112428
SI,2024-11-01,12500.0,,12000.0,increase,SI-2020-to-present.pdf,20250910112428
SI,2024-11-14,11500.0,,12500.0,decrease,SI-2020-to-present.pdf,20250910112428
SI,2025-02-07,12000.0,,11500.0,increase,SI-2020-to-present.pdf,20250910112428
SI,2025-03-28,13000.0,,12000.0,increase,SI-2020-to-present.pdf,20250910112428
SI,2025-04-04,15000.0,,13000.0,increase,SI-2020-to-present.pdf,20250910112428
SP_fullsize,2009-01-02,24750.0,,,series_start,SP_2009_to_2013.pdf,20171129074526
SP_fullsize,2009-03-23,22500.0,,24750.0,decrease,SP_2009_to_2013.pdf,20171129074526
SP_fullsize,2011-06-02,20000.0,,22500.0,decrease,SP_2009_to_2013.pdf,20171129074526
SP_fullsize,2012-03-26,17500.0,,20000.0,decrease,SP_2009_to_2013.pdf,20171129074526
SP_fullsize,2013-10-03,19000.0,,17500.0,increase,SP_2009_to_2013.pdf,20171129074526
SP_fullsize,2013-10-15,20500.0,,19000.0,increase,SP_2009_to_2013.pdf,20171129074526
SP_fullsize,2020-06-24,12000.0,,20500.0,decrease,SP-2020-to-2024-10-17.pdf,20250910111356
SP_fullsize,2020-12-11,11000.0,,12000.0,decrease,SP-2020-to-2024-10-17.pdf,20250910111356
SP_fullsize,2021-08-18,11500.0,,11000.0,increase,SP-2020-to-2024-10-17.pdf,20250910111356
SP_fullsize,2022-01-21,10800.0,,11500.0,decrease,SP-2020-to-2024-10-17.pdf,20250910111356
SP_fullsize,2022-03-02,11400.0,,10800.0,increase,SP-2020-to-2024-10-17.pdf,20250910111356
SP_fullsize,2022-03-18,12000.0,,11400.0,increase,SP-2020-to-2024-10-17.pdf,20250910111356
SP_fullsize,2022-04-20,11200.0,,12000.0,decrease,SP-2020-to-2024-10-17.pdf,20250910111356
SP_fullsize,2022-06-10,10500.0,,11200.0,decrease,SP-2020-to-2024-10-17.pdf,20250910111356
SP_fullsize,2022-08-12,10000.0,,10500.0,decrease,SP-2020-to-2024-10-17.pdf,20250910111356
SP_fullsize,2022-11-16,10600.0,,10000.0,increase,SP-2020-to-2024-10-17.pdf,20250910111356
SP_fullsize,2023-03-17,11200.0,,10600.0,increase,SP-2020-to-2024-10-17.pdf,20250910111356
SP_fullsize,2023-12-20,11800.0,,11200.0,increase,SP-2020-to-2024-10-17.pdf,20250910111356
SP_fullsize,2024-07-02,12400.0,,11800.0,increase,SP-2020-to-2024-10-17.pdf,20250910111356
SP_fullsize,2024-07-19,13100.0,,12400.0,increase,SP-2020-to-2024-10-17.pdf,20250910111356
SP_fullsize,2024-08-05,13800.0,,13100.0,increase,SP-2020-to-2024-10-17.pdf,20250910111356
SP_fullsize,2024-09-20,14600.0,,13800.0,increase,SP-2020-to-2024-10-17.pdf,20250910111356
SP_fullsize,2024-10-18,14851.0,14403.0,14600.0,increase,SP-2024-to-present.pdf,20251026205709
SP_fullsize,2024-10-21,14857.0,14397.0,14851.0,increase,SP-2024-to-present.pdf,20251026205709
SP_fullsize,2024-10-22,14860.0,14393.0,14857.0,increase,SP-2024-to-present.pdf,20251026205709
SP_fullsize,2024-10-23,14882.0,14369.0,14860.0,increase,SP-2024-to-present.pdf,20251026205709
SP_fullsize,2024-10-24,14880.0,14372.0,14882.0,decrease,SP-2024-to-present.pdf,20251026205709
SP_fullsize,2024-10-25,14882.0,14369.0,14880.0,increase,SP-2024-to-present.pdf,20251026205709
SP_fullsize,2024-10-28,14878.0,14374.0,14882.0,decrease,SP-2024-to-present.pdf,20251026205709
SP_fullsize,2024-10-29,14876.0,14376.0,14878.0,decrease,SP-2024-to-present.pdf,20251026205709
SP_fullsize,2024-10-30,14885.0,14367.0,14876.0,increase,SP-2024-to-present.pdf,20251026205709
SP_fullsize,2024-10-31,14928.0,14320.0,14885.0,increase,SP-2024-to-present.pdf,20251026205709
SP_fullsize,2024-11-01,14922.0,14327.0,14928.0,decrease,SP-2024-to-present.pdf,20251026205709
SP_fullsize,2024-11-04,14929.0,14320.0,14922.0,increase,SP-2024-to-present.pdf,20251026205709
SP_fullsize,2024-11-05,14904.0,14346.0,14929.0,decrease,SP-2024-to-present.pdf,20251026205709
SP_fullsize,2024-11-06,14851.0,14751.0,14904.0,decrease,SP-2024-to-present.pdf,20251026205709
SP_fullsize,2024-11-07,14868.0,14793.0,14851.0,increase,SP-2024-to-present.pdf,20251026205709
SP_fullsize,2024-11-08,14856.0,14795.0,14868.0,decrease,SP-2024-to-present.pdf,20251026205709
SP_fullsize,2024-11-11,14830.0,14775.0,14856.0,decrease,SP-2024-to-present.pdf,20251026205709
SP_fullsize,2024-11-12,14838.0,14765.0,14830.0,increase,SP-2024-to-present.pdf,20251026205709
SP_fullsize,2024-11-13,14839.0,14764.0,14838.0,increase,SP-2024-to-present.pdf,20251026205709
SP_fullsize,2024-11-14,14855.0,14746.0,14839.0,increase,SP-2024-to-present.pdf,20251026205709
SP_fullsize,2024-11-15,14888.0,14712.0,14855.0,increase,SP-2024-to-present.pdf,20251026205709
SP_fullsize,2024-11-18,14881.0,14719.0,14888.0,decrease,SP-2024-to-present.pdf,20251026205709
SP_fullsize,2024-11-19,14875.0,14725.0,14881.0,decrease,SP-2024-to-present.pdf,20251026205709
SP_fullsize,2024-11-20,14877.0,14723.0,14875.0,increase,SP-2024-to-present.pdf,20251026205709
SP_fullsize,2024-11-21,14867.0,14735.0,14877.0,decrease,SP-2024-to-present.pdf,20251026205709
SP_fullsize,2024-11-22,14862.0,14740.0,14867.0,decrease,SP-2024-to-present.pdf,20251026205709
SP_fullsize,2024-11-25,14856.0,14746.0,14862.0,decrease,SP-2024-to-present.pdf,20251026205709
SP_fullsize,2024-11-26,14846.0,14757.0,14856.0,decrease,SP-2024-to-present.pdf,20251026205709
SP_fullsize,2024-11-27,14857.0,14745.0,14846.0,increase,SP-2024-to-present.pdf,20251026205709
SP_fullsize,2024-11-29,14845.0,14758.0,14857.0,decrease,SP-2024-to-present.pdf,20251026205709
SP_fullsize,2024-12-02,14843.0,14760.0,14845.0,decrease,SP-2024-to-present.pdf,20251026205709
SP_fullsize,2024-12-03,14844.0,14759.0,14843.0,increase,SP-2024-to-present.pdf,20251026205709
SP_fullsize,2024-12-04,14833.0,14771.0,14844.0,decrease,SP-2024-to-present.pdf,20251026205709
SP_fullsize,2024-12-05,14839.0,14765.0,14833.0,increase,SP-2024-to-present.pdf,20251026205709
SP_fullsize,2024-12-06,14837.0,14767.0,14839.0,decrease,SP-2024-to-present.pdf,20251026205709
SP_fullsize,2024-12-09,14851.0,14751.0,14837.0,increase,SP-2024-to-present.pdf,20251026205709
SP_fullsize,2024-12-10,14861.0,14741.0,14851.0,increase,SP-2024-to-present.pdf,20251026205709
SP_fullsize,2024-12-11,14845.0,14758.0,14861.0,decrease,SP-2024-to-present.pdf,20251026205709
SP_fullsize,2024-12-12,14859.0,14743.0,14845.0,increase,SP-2024-to-present.pdf,20251026205709
SP_fullsize,2024-12-13,14863.0,14739.0,14859.0,increase,SP-2024-to-present.pdf,20251026205709
SP_fullsize,2024-12-16,14855.0,14747.0,14863.0,decrease,SP-2024-to-present.pdf,20251026205709
SP_fullsize,2024-12-17,14867.0,14735.0,14855.0,increase,SP-2024-to-present.pdf,20251026205709
SP_fullsize,2024-12-18,15244.0,14661.0,14867.0,increase,SP-2024-to-present.pdf,20251026205709
SP_fullsize,2024-12-19,15246.0,14658.0,15244.0,increase,SP-2024-to-present.pdf,20251026205709
SP_fullsize,2024-12-20,15223.0,14684.0,15246.0,decrease,SP-2024-to-present.pdf,20251026205709
SP_fullsize,2024-12-23,15211.0,14697.0,15223.0,decrease,SP-2024-to-present.pdf,20251026205709
SP_fullsize,2024-12-24,15196.0,14725.0,15211.0,decrease,SP-2024-to-present.pdf,20251026205709
SP_fullsize,2024-12-26,15192.0,14717.0,15196.0,decrease,SP-2024-to-present.pdf,20251026205709
SP_fullsize,2024-12-27,15219.0,14688.0,15192.0,increase,SP-2024-to-present.pdf,20251026205709
SP_fullsize,2024-12-30,15245.0,14660.0,15219.0,increase,SP-2024-to-present.pdf,20251026205709
SP_fullsize,2024-12-31,15255.0,14650.0,15245.0,increase,SP-2024-to-present.pdf,20251026205709
SP_fullsize,2025-01-02,15263.0,14642.0,15255.0,increase,SP-2024-to-present.pdf,20251026205709
SP_fullsize,2025-01-03,15237.0,14669.0,15263.0,decrease,SP-2024-to-present.pdf,20251026205709
SP_fullsize,2025-01-06,15227.0,14680.0,15237.0,decrease,SP-2024-to-present.pdf,20251026205709
SP_fullsize,2025-01-07,15252.0,14653.0,15227.0,increase,SP-2024-to-present.pdf,20251026205709
SP_fullsize,2025-01-08,15251.0,14654.0,15252.0,decrease,SP-2024-to-present.pdf,20251026205709
SP_fullsize,2025-01-10,15286.0,14617.0,15251.0,increase,SP-2024-to-present.pdf,20251026205709
SP_fullsize,2025-01-13,15283.0,14620.0,15286.0,decrease,SP-2024-to-present.pdf,20251026205709
SP_fullsize,2025-01-14,15281.0,14622.0,15283.0,decrease,SP-2024-to-present.pdf,20251026205709
SP_fullsize,2025-01-15,15271.0,14683.0,15281.0,decrease,SP-2024-to-present.pdf,20251026205709
SP_fullsize,2025-01-16,15249.0,14656.0,15271.0,decrease,SP-2024-to-present.pdf,20251026205709
SP_fullsize,2025-01-17,15283.0,14718.0,15249.0,increase,SP-2024-to-present.pdf,20251026205709
SP_fullsize,2025-01-21,15319.0,14776.0,15283.0,increase,SP-2024-to-present.pdf,20251026205709
SP_fullsize,2025-01-22,15327.0,14804.0,15319.0,increase,SP-2024-to-present.pdf,20251026205709
SP_fullsize,2025-01-23,15327.0,14823.0,15327.0,short_side_only,SP-2024-to-present.pdf,20251026205709
SP_fullsize,2025-01-24,15287.0,14778.0,15327.0,decrease,SP-2024-to-present.pdf,20251026205709
SP_fullsize,2025-01-27,15297.0,14725.0,15287.0,increase,SP-2024-to-present.pdf,20251026205709
SP_fullsize,2025-01-28,15332.0,14782.0,15297.0,increase,SP-2024-to-present.pdf,20251026205709
SP_fullsize,2025-01-29,15291.0,14729.0,15332.0,decrease,SP-2024-to-present.pdf,20251026205709
SP_fullsize,2025-01-30,15292.0,14749.0,15291.0,increase,SP-2024-to-present.pdf,20251026205709
SP_fullsize,2025-01-31,15252.0,14696.0,15292.0,decrease,SP-2024-to-present.pdf,20251026205709
SP_fullsize,2025-02-03,15246.0,14660.0,15252.0,decrease,SP-2024-to-present.pdf,20251026205709
SP_fullsize,2025-02-04,15233.0,14675.0,15246.0,decrease,SP-2024-to-present.pdf,20251026205709
SP_fullsize,2025-02-05,15225.0,14683.0,15233.0,decrease,SP-2024-to-present.pdf,20251026205709
SP_fullsize,2025-02-06,15219.0,14689.0,15225.0,decrease,SP-2024-to-present.pdf,20251026205709
SP_fullsize,2025-02-07,15191.0,14604.0,15219.0,decrease,SP-2024-to-present.pdf,20251026205709
SP_fullsize,2025-02-10,15177.0,14618.0,15191.0,decrease,SP-2024-to-present.pdf,20251026205709
SP_fullsize,2025-02-12,15186.0,14609.0,15177.0,increase,SP-2024-to-present.pdf,20251026205709
SP_fullsize,2025-02-13,15164.0,14633.0,15186.0,decrease,SP-2024-to-present.pdf,20251026205709
SP_fullsize,2025-02-14,15166.0,14630.0,15164.0,increase,SP-2024-to-present.pdf,20251026205709
SP_fullsize,2025-02-18,15162.0,14635.0,15166.0,decrease,SP-2024-to-present.pdf,20251026205709
SP_fullsize,2025-02-19,15157.0,14640.0,15162.0,decrease,SP-2024-to-present.pdf,20251026205709
SP_fullsize,2025-02-20,15169.0,14628.0,15157.0,increase,SP-2024-to-present.pdf,20251026205709
SP_fullsize,2025-02-21,15209.0,14584.0,15169.0,increase,SP-2024-to-present.pdf,20251026205709
SP_fullsize,2025-02-24,15220.0,14572.0,15209.0,increase,SP-2024-to-present.pdf,20251026205709
SP_fullsize,2025-02-25,15232.0,14559.0,15220.0,increase,SP-2024-to-present.pdf,20251026205709
SP_fullsize,2025-02-27,15267.0,14522.0,15232.0,increase,SP-2024-to-present.pdf,20251026205709
SP_fullsize,2025-02-28,15236.0,14555.0,15267.0,decrease,SP-2024-to-present.pdf,20251026205709
SP_fullsize,2025-03-03,15273.0,14515.0,15236.0,increase,SP-2024-to-present.pdf,20251026205709
SP_fullsize,2025-03-04,15298.0,14488.0,15273.0,increase,SP-2024-to-present.pdf,20251026205709
SP_fullsize,2025-03-05,15276.0,14512.0,15298.0,decrease,SP-2024-to-present.pdf,20251026205709
SP_fullsize,2025-03-06,15313.0,14472.0,15276.0,increase,SP-2024-to-present.pdf,20251026205709
SP_fullsize,2025-03-07,15302.0,14484.0,15313.0,decrease,SP-2024-to-present.pdf,20251026205709
SP_fullsize,2025-03-10,15405.0,14464.0,15302.0,increase,SP-2024-to-present.pdf,20251026205709
SP_fullsize,2025-03-11,15368.0,14412.0,15405.0,decrease,SP-2024-to-present.pdf,20251026205709
SP_fullsize,2025-03-12,15358.0,14422.0,15368.0,decrease,SP-2024-to-present.pdf,20251026205709
SP_fullsize,2025-03-13,15383.0,14396.0,15358.0,increase,SP-2024-to-present.pdf,20251026205709
SP_fullsize,2025-03-14,15569.0,14603.0,15383.0,increase,SP-2024-to-present.pdf,20251026205709
SP_fullsize,2025-03-17,15597.0,14652.0,15569.0,increase,SP-2024-to-present.pdf,20251026205709
SP_fullsize,2025-03-18,15552.0,14581.0,15597.0,decrease,SP-2024-to-present.pdf,20251026205709
SP_fullsize,2025-03-19,15619.0,14667.0,15552.0,increase,SP-2024-to-present.pdf,20251026205709
SP_fullsize,2025-03-20,15570.0,14621.0,15619.0,decrease,SP-2024-to-present.pdf,20251026205709
SP_fullsize,2025-03-21,15601.0,14645.0,15570.0,increase,SP-2024-to-present.pdf,20251026205709
SP_fullsize,2025-03-24,15771.0,14831.0,15601.0,increase,SP-2024-to-present.pdf,20251026205709
SP_fullsize,2025-03-25,15744.0,14817.0,15771.0,decrease,SP-2024-to-present.pdf,20251026205709
SP_fullsize,2025-03-26,15702.0,14743.0,15744.0,decrease,SP-2024-to-present.pdf,20251026205709
SP_fullsize,2025-03-27,15651.0,14693.0,15702.0,decrease,SP-2024-to-present.pdf,20251026205709
SP_fullsize,2025-03-28,15676.0,14640.0,15651.0,increase,SP-2024-to-present.pdf,20251026205709
SP_fullsize,2025-03-31,15679.0,14661.0,15676.0,increase,SP-2024-to-present.pdf,20251026205709
SP_fullsize,2025-04-01,15667.0,14665.0,15679.0,decrease,SP-2024-to-present.pdf,20251026205709
SP_fullsize,2025-04-02,15684.0,14702.0,15667.0,increase,SP-2024-to-present.pdf,20251026205709
SP_fullsize,2025-04-03,16558.0,14995.0,15684.0,increase,SP-2024-to-present.pdf,20251026205709
SP_fullsize,2025-04-04,18122.0,15963.0,16558.0,increase,SP-2024-to-present.pdf,20251026205709
SP_fullsize,2025-04-07,18123.0,15961.0,18122.0,increase,SP-2024-to-present.pdf,20251026205709
SP_fullsize,2025-04-08,18140.0,15940.0,18123.0,increase,SP-2024-to-present.pdf,20251026205709
SP_fullsize,2025-04-09,19976.0,17959.0,18140.0,increase,SP-2024-to-present.pdf,20251026205709
SP_fullsize,2025-04-10,21596.0,19694.0,19976.0,increase,SP-2024-to-present.pdf,20251026205709
SP_fullsize,2025-04-11,21619.0,19763.0,21596.0,increase,SP-2024-to-present.pdf,20251026205709
SP_fullsize,2025-04-14,21673.0,19835.0,21619.0,increase,SP-2024-to-present.pdf,20251026205709
SP_fullsize,2025-04-15,21594.0,19768.0,21673.0,decrease,SP-2024-to-present.pdf,20251026205709
SP_fullsize,2025-04-16,21590.0,19702.0,21594.0,decrease,SP-2024-to-present.pdf,20251026205709
SP_fullsize,2025-04-17,21587.0,19706.0,21590.0,decrease,SP-2024-to-present.pdf,20251026205709
SP_fullsize,2025-04-21,21618.0,19666.0,21587.0,increase,SP-2024-to-present.pdf,20251026205709
SP_fullsize,2025-04-22,21583.0,19710.0,21618.0,decrease,SP-2024-to-present.pdf,20251026205709
SP_fullsize,2025-04-23,21733.0,19878.0,21583.0,increase,SP-2024-to-present.pdf,20251026205709
SP_fullsize,2025-04-24,21974.0,20129.0,21733.0,increase,SP-2024-to-present.pdf,20251026205709
SP_fullsize,2025-04-25,21998.0,20171.0,21974.0,increase,SP-2024-to-present.pdf,20251026205709
SP_fullsize,2025-04-28,21945.0,20133.0,21998.0,decrease,SP-2024-to-present.pdf,20251026205709
SP_fullsize,2025-04-29,21950.0,20155.0,21945.0,increase,SP-2024-to-present.pdf,20251026205709
SP_fullsize,2025-04-30,21898.0,20117.0,21950.0,decrease,SP-2024-to-present.pdf,20251026205709
SP_fullsize,2025-05-01,21915.0,20152.0,21898.0,increase,SP-2024-to-present.pdf,20251026205709
SP_fullsize,2025-05-02,22065.0,20321.0,21915.0,increase,SP-2024-to-present.pdf,20251026205709
SP_fullsize,2025-05-05,21952.0,20211.0,22065.0,decrease,SP-2024-to-present.pdf,20251026205709
SP_fullsize,2025-05-06,21830.0,20089.0,21952.0,decrease,SP-2024-to-present.pdf,20251026205709
SP_fullsize,2025-05-07,21824.0,20100.0,21830.0,decrease,SP-2024-to-present.pdf,20251026205709
SP_fullsize,2025-05-08,21831.0,20125.0,21824.0,increase,SP-2024-to-present.pdf,20251026205709
SP_fullsize,2025-05-09,21763.0,20069.0,21831.0,decrease,SP-2024-to-present.pdf,20251026205709
SP_fullsize,2025-05-12,22298.0,20599.0,21763.0,increase,SP-2024-to-present.pdf,20251026205709
SP_fullsize,2025-05-13,22318.0,20637.0,22298.0,increase,SP-2024-to-present.pdf,20251026205709
SP_fullsize,2025-05-14,22266.0,20597.0,22318.0,decrease,SP-2024-to-present.pdf,20251026205709
SP_fullsize,2025-05-15,22252.0,20601.0,22266.0,decrease,SP-2024-to-present.pdf,20251026205709
SP_fullsize,2025-05-16,22277.0,20645.0,22252.0,increase,SP-2024-to-present.pdf,20251026205709
SP_fullsize,2025-05-19,22230.0,20611.0,22277.0,decrease,SP-2024-to-present.pdf,20251026205709
SP_fullsize,2025-05-20,22137.0,20523.0,22230.0,decrease,SP-2024-to-present.pdf,20251026205709
SP_fullsize,2025-05-21,21992.0,20348.0,22137.0,decrease,SP-2024-to-present.pdf,20251026205709
SP_fullsize,2025-05-22,21926.0,20294.0,21992.0,decrease,SP-2024-to-present.pdf,20251026205709
SP_fullsize,2025-05-23,21815.0,20182.0,21926.0,decrease,SP-2024-to-present.pdf,20251026205709
SP_fullsize,2025-05-27,22059.0,20443.0,21815.0,increase,SP-2024-to-present.pdf,20251026205709
SP_fullsize,2025-05-28,21957.0,20343.0,22059.0,decrease,SP-2024-to-present.pdf,20251026205709
SP_fullsize,2025-05-29,21935.0,20337.0,21957.0,decrease,SP-2024-to-present.pdf,20251026205709
SP_fullsize,2025-05-30,21866.0,20279.0,21935.0,decrease,SP-2024-to-present.pdf,20251026205709
SP_fullsize,2025-06-02,21867.0,20297.0,21866.0,increase,SP-2024-to-present.pdf,20251026205709
SP_fullsize,2025-06-03,21873.0,20322.0,21867.0,increase,SP-2024-to-present.pdf,20251026205709
SP_fullsize,2025-06-04,21815.0,20275.0,21873.0,decrease,SP-2024-to-present.pdf,20251026205709
SP_fullsize,2025-06-05,21713.0,20172.0,21815.0,decrease,SP-2024-to-present.pdf,20251026205709
SP_fullsize,2025-06-06,21781.0,20262.0,21713.0,increase,SP-2024-to-present.pdf,20251026205709
SP_fullsize,2025-06-09,21730.0,20222.0,21781.0,decrease,SP-2024-to-present.pdf,20251026205709
SP_fullsize,2025-06-10,21736.0,20248.0,21730.0,increase,SP-2024-to-present.pdf,20251026205709
SP_fullsize,2025-06-11,21657.0,20174.0,21736.0,decrease,SP-2024-to-present.pdf,20251026205709
SP_fullsize,2025-06-12,21635.0,20169.0,21657.0,decrease,SP-2024-to-present.pdf,20251026205709
SP_fullsize,2025-06-13,21513.0,20028.0,21635.0,decrease,SP-2024-to-present.pdf,20251026205709
SP_fullsize,2025-06-16,21569.0,20105.0,21513.0,increase,SP-2024-to-present.pdf,20251026205709
SP_fullsize,2025-06-17,21457.0,19985.0,21569.0,decrease,SP-2024-to-present.pdf,20251026205709
SP_fullsize,2025-06-18,21397.0,19935.0,21457.0,decrease,SP-2024-to-present.pdf,20251026205709
SP_fullsize,2025-06-20,21419.0,19938.0,21397.0,increase,SP-2024-to-present.pdf,20251026205709
SP_fullsize,2025-06-23,21480.0,20022.0,21419.0,increase,SP-2024-to-present.pdf,20251026205709
SP_fullsize,2025-06-24,21566.0,20130.0,21480.0,increase,SP-2024-to-present.pdf,20251026205709
SP_fullsize,2025-06-25,21511.0,20086.0,21566.0,decrease,SP-2024-to-present.pdf,20251026205709
SP_fullsize,2025-06-26,21544.0,20140.0,21511.0,increase,SP-2024-to-present.pdf,20251026205709
SP_fullsize,2025-06-27,21537.0,20150.0,21544.0,decrease,SP-2024-to-present.pdf,20251026205709
SP_fullsize,2025-06-30,21531.0,20163.0,21537.0,decrease,SP-2024-to-present.pdf,20251026205709
SP_fullsize,2025-07-01,21469.0,20109.0,21531.0,decrease,SP-2024-to-present.pdf,20251026205709
SP_fullsize,2025-07-02,21456.0,20113.0,21469.0,decrease,SP-2024-to-present.pdf,20251026205709
SP_fullsize,2025-07-03,21489.0,20168.0,21456.0,increase,SP-2024-to-present.pdf,20251026205709
SP_fullsize,2025-07-07,21387.0,20055.0,21489.0,decrease,SP-2024-to-present.pdf,20251026205709
SP_fullsize,2025-07-08,21336.0,20010.0,21387.0,decrease,SP-2024-to-present.pdf,20251026205709
SP_fullsize,2025-07-09,21331.0,20026.0,21336.0,decrease,SP-2024-to-present.pdf,20251026205709
SP_fullsize,2025-07-10,21321.0,20027.0,21331.0,decrease,SP-2024-to-present.pdf,20251026205709
SP_fullsize,2025-07-11,21331.0,20016.0,21321.0,increase,SP-2024-to-present.pdf,20251026205709
SP_fullsize,2025-07-14,21329.0,20018.0,21331.0,decrease,SP-2024-to-present.pdf,20251026205709
SP_fullsize,2025-07-15,21339.0,20006.0,21329.0,increase,SP-2024-to-present.pdf,20251026205709
SP_fullsize,2025-07-16,21334.0,20012.0,21339.0,decrease,SP-2024-to-present.pdf,20251026205709
SP_fullsize,2025-07-17,21323.0,20025.0,21334.0,decrease,SP-2024-to-present.pdf,20251026205709
SP_fullsize,2025-07-18,21327.0,20021.0,21323.0,increase,SP-2024-to-present.pdf,20251026205709
SP_fullsize,2025-07-21,21325.0,20023.0,21327.0,decrease,SP-2024-to-present.pdf,20251026205709
SP_fullsize,2025-07-22,21326.0,20022.0,21325.0,increase,SP-2024-to-present.pdf,20251026205709
SP_fullsize,2025-07-23,21310.0,20040.0,21326.0,decrease,SP-2024-to-present.pdf,20251026205709
SP_fullsize,2025-07-25,21304.0,20048.0,21310.0,decrease,SP-2024-to-present.pdf,20251026205709
SP_fullsize,2025-07-28,21307.0,20045.0,21304.0,increase,SP-2024-to-present.pdf,20251026205709
SP_fullsize,2025-07-29,21314.0,20036.0,21307.0,increase,SP-2024-to-present.pdf,20251026205709
SP_fullsize,2025-07-30,21319.0,20030.0,21314.0,increase,SP-2024-to-present.pdf,20251026205709
SP_fullsize,2025-07-31,21328.0,20020.0,21319.0,increase,SP-2024-to-present.pdf,20251026205709
SP_fullsize,2025-08-01,21367.0,19976.0,21328.0,increase,SP-2024-to-present.pdf,20251026205709
SP_fullsize,2025-08-04,21337.0,20010.0,21367.0,decrease,SP-2024-to-present.pdf,20251026205709
SP_fullsize,2025-08-05,21349.0,19996.0,21337.0,increase,SP-2024-to-present.pdf,20251026205709
SP_fullsize,2025-08-06,21335.0,20013.0,21349.0,decrease,SP-2024-to-present.pdf,20251026205709
SP_fullsize,2025-08-07,21338.0,20009.0,21335.0,increase,SP-2024-to-present.pdf,20251026205709
SP_fullsize,2025-08-08,21324.0,20026.0,21338.0,decrease,SP-2024-to-present.pdf,20251026205709
SP_fullsize,2025-08-11,21330.0,20019.0,21324.0,increase,SP-2024-to-present.pdf,20251026205709
SP_fullsize,2025-08-12,21308.0,20044.0,21330.0,decrease,SP-2024-to-present.pdf,20251026205709
SP_fullsize,2025-08-13,21303.0,20050.0,21308.0,decrease,SP-2024-to-present.pdf,20251026205709
SP_fullsize,2025-08-14,21304.0,20049.0,21303.0,increase,SP-2024-to-present.pdf,20251026205709
SP_fullsize,2025-08-15,21313.0,20039.0,21304.0,increase,SP-2024-to-present.pdf,20251026205709
SP_fullsize,2025-08-18,21315.0,20037.0,21313.0,increase,SP-2024-to-present.pdf,20251026205709
SP_fullsize,2025-08-19,21329.0,20020.0,21315.0,increase,SP-2024-to-present.pdf,20251026205709
SP_fullsize,2025-08-20,21338.0,20011.0,21329.0,increase,SP-2024-to-present.pdf,20251026205709
SP_fullsize,2025-08-21,21347.0,20000.0,21338.0,increase,SP-2024-to-present.pdf,20251026205709
SP_fullsize,2025-08-22,21317.0,20035.0,21347.0,decrease,SP-2024-to-present.pdf,20251026205709
SP_fullsize,2025-08-25,21328.0,20023.0,21317.0,increase,SP-2024-to-present.pdf,20251026205709
SP_fullsize,2025-08-26,21320.0,20031.0,21328.0,decrease,SP-2024-to-present.pdf,20251026205709
SP_fullsize,2025-08-27,21317.0,20035.0,21320.0,decrease,SP-2024-to-present.pdf,20251026205709
SP_fullsize,2025-08-28,21312.0,20041.0,21317.0,decrease,SP-2024-to-present.pdf,20251026205709
SP_fullsize,2025-08-29,21329.0,20022.0,21312.0,increase,SP-2024-to-present.pdf,20251026205709
SP_fullsize,2025-09-02,21346.0,20002.0,21329.0,increase,SP-2024-to-present.pdf,20251026205709
SP_fullsize,2025-09-03,21337.0,20013.0,21346.0,decrease,SP-2024-to-present.pdf,20251026205709
SP_fullsize,2025-09-04,21320.0,20032.0,21337.0,decrease,SP-2024-to-present.pdf,20251026205709
SP_fullsize,2025-09-05,21329.0,20022.0,21320.0,increase,SP-2024-to-present.pdf,20251026205709
SP_fullsize,2025-09-08,21325.0,20026.0,21329.0,decrease,SP-2024-to-present.pdf,20251026205709
SP_fullsize,2025-09-09,21321.0,20031.0,21325.0,decrease,SP-2024-to-present.pdf,20251026205709
SP_fullsize,2025-09-10,21317.0,20036.0,21321.0,decrease,SP-2024-to-present.pdf,20251026205709
SP_fullsize,2025-09-11,20932.0,20055.0,21317.0,decrease,SP-2024-to-present.pdf,20251026205709
SP_fullsize,2025-09-12,20936.0,20051.0,20932.0,increase,SP-2024-to-present.pdf,20251026205709
SP_fullsize,2025-09-15,20926.0,20062.0,20936.0,decrease,SP-2024-to-present.pdf,20251026205709
SP_fullsize,2025-09-16,20932.0,20056.0,20926.0,increase,SP-2024-to-present.pdf,20251026205709
SP_fullsize,2025-09-17,20937.0,20050.0,20932.0,increase,SP-2024-to-present.pdf,20251026205709
SP_fullsize,2025-09-18,20927.0,20061.0,20937.0,decrease,SP-2024-to-present.pdf,20251026205709
SP_fullsize,2025-09-19,20919.0,20071.0,20927.0,decrease,SP-2024-to-present.pdf,20251026205709
SP_fullsize,2025-09-22,20911.0,20081.0,20919.0,decrease,SP-2024-to-present.pdf,20251026205709
SP_fullsize,2025-09-23,20926.0,20064.0,20911.0,increase,SP-2024-to-present.pdf,20251026205709
SP_fullsize,2025-09-24,20936.0,20052.0,20926.0,increase,SP-2024-to-present.pdf,20251026205709
SP_fullsize,2025-09-25,20949.0,20037.0,20936.0,increase,SP-2024-to-present.pdf,20251026205709
SP_fullsize,2025-09-26,20938.0,20050.0,20949.0,decrease,SP-2024-to-present.pdf,20251026205709
ZC,2009-01-02,1500.0,,,series_start,C_2009_to_2013.pdf,20171129074758
ZC,2009-05-06,1200.0,,1500.0,decrease,C_2009_to_2013.pdf,20171129074758
ZC,2009-10-27,1100.0,,1200.0,decrease,C_2009_to_2013.pdf,20171129074758
ZC,2009-12-28,1000.0,,1100.0,decrease,C_2009_to_2013.pdf,20171129074758
ZC,2009-12-30,1100.0,,1000.0,increase,C_2009_to_2013.pdf,20171129074758
ZC,2009-12-31,1000.0,,1100.0,decrease,C_2009_to_2013.pdf,20171129074758
ZC,2010-01-04,1100.0,,1000.0,increase,C_2009_to_2013.pdf,20171129074758
ZC,2010-01-05,1000.0,,1100.0,decrease,C_2009_to_2013.pdf,20171129074758
ZC,2010-05-21,850.0,,1000.0,decrease,C_2009_to_2013.pdf,20171129074758
ZC,2010-07-23,950.0,,850.0,increase,C_2009_to_2013.pdf,20171129074758
ZC,2010-09-30,1100.0,,950.0,increase,C_2009_to_2013.pdf,20171129074758
ZC,2010-10-11,1500.0,,1100.0,increase,C_2009_to_2013.pdf,20171129074758
ZC,2011-04-01,1750.0,,1500.0,increase,C_2009_to_2013.pdf,20171129074758
ZC,2011-09-01,2000.0,,1750.0,increase,C_2009_to_2013.pdf,20171129074758
ZC,2011-09-15,1750.0,,2000.0,decrease,C_2009_to_2013.pdf,20171129074758
ZC,2012-06-27,2000.0,,1750.0,increase,C_2009_to_2013.pdf,20171129074758
ZC,2013-08-20,1500.0,,2000.0,decrease,C_2009_to_2013.pdf,20171129074758
ZC,2013-08-28,1750.0,,1500.0,increase,C_2009_to_2013.pdf,20171129074758
ZC,2014-05-09,1500.0,,1750.0,decrease,C_2014_to_present.pdf,20171129074842
ZC,2014-09-18,1250.0,,1500.0,decrease,C_2014_to_present.pdf,20171129074842
ZC,2014-11-03,1000.0,,1250.0,decrease,C_2014_to_present.pdf,20171129074842
ZC,2015-07-01,1250.0,,1000.0,increase,C_2014_to_present.pdf,20171129074842
ZC,2015-12-18,1000.0,,1250.0,decrease,C_2014_to_present.pdf,20171129074842
ZC,2016-03-10,900.0,,1000.0,decrease,C_2014_to_present.pdf,20171129074842
ZC,2016-04-25,1050.0,,900.0,increase,C_2014_to_present.pdf,20171129074842
ZC,2016-06-22,1250.0,,1050.0,increase,C_2014_to_present.pdf,20171129074842
ZC,2016-07-15,1400.0,,1250.0,increase,C_2014_to_present.pdf,20171129074842
ZC,2016-09-01,1150.0,,1400.0,decrease,C_2014_to_present.pdf,20171129074842
ZC,2016-09-22,1050.0,,1150.0,decrease,C_2014_to_present.pdf,20171129074842
ZC,2016-10-07,900.0,,1050.0,decrease,C_2014_to_present.pdf,20171129074842
ZC,2017-04-06,750.0,,900.0,decrease,C_2014_to_present.pdf,20171129074842
ZC,2017-06-12,850.0,,750.0,increase,C_2014_to_present.pdf,20171129074842
ZC,2017-09-29,750.0,,850.0,decrease,C_2014_to_present.pdf,20171129074842
ZC,2020-06-24,900.0,,750.0,increase,C-2020-to-present.pdf,20250910104450
ZC,2020-07-24,850.0,,900.0,decrease,C-2020-to-present.pdf,20250910104450
ZC,2021-01-04,975.0,,850.0,increase,C-2020-to-present.pdf,20250910104450
ZC,2021-01-06,1100.0,,975.0,increase,C-2020-to-present.pdf,20250910104450
ZC,2021-01-14,1300.0,,1100.0,increase,C-2020-to-present.pdf,20250910104450
ZC,2021-01-26,1400.0,,1300.0,increase,C-2020-to-present.pdf,20250910104450
ZC,2021-02-05,1500.0,,1400.0,increase,C-2020-to-present.pdf,20250910104450
ZC,2021-04-23,1700.0,,1500.0,increase,C-2020-to-present.pdf,20250910104450
ZC,2021-04-29,1900.0,,1700.0,increase,C-2020-to-present.pdf,20250910104450
ZC,2021-05-03,2050.0,,1900.0,increase,C-2020-to-present.pdf,20250910104450
ZC,2021-05-07,2125.0,,2050.0,increase,C-2020-to-present.pdf,20250910104450
ZC,2021-06-18,2325.0,,2125.0,increase,C-2020-to-present.pdf,20250910104450
ZC,2021-06-22,2400.0,,2325.0,increase,C-2020-to-present.pdf,20250910104450
ZC,2021-09-02,2100.0,,2400.0,decrease,C-2020-to-present.pdf,20250910104450
ZC,2021-09-17,1900.0,,2100.0,decrease,C-2020-to-present.pdf,20250910104450
ZC,2021-10-01,1725.0,,1900.0,decrease,C-2020-to-present.pdf,20250910104450
ZC,2021-10-20,1525.0,,1725.0,decrease,C-2020-to-present.pdf,20250910104450
ZC,2022-02-17,1750.0,,1525.0,increase,C-2020-to-present.pdf,20250910104450
ZC,2022-02-28,1925.0,,1750.0,increase,C-2020-to-present.pdf,20250910104450
ZC,2022-03-02,2150.0,,1925.0,increase,C-2020-to-present.pdf,20250910104450
ZC,2022-03-07,2400.0,,2150.0,increase,C-2020-to-present.pdf,20250910104450
ZC,2022-03-25,2650.0,,2400.0,increase,C-2020-to-present.pdf,20250910104450
ZC,2022-05-17,2500.0,,2650.0,decrease,C-2020-to-present.pdf,20250910104450
ZC,2022-07-15,2700.0,,2500.0,increase,C-2020-to-present.pdf,20250910104450
ZC,2022-09-16,2500.0,,2700.0,decrease,C-2020-to-present.pdf,20250910104450
ZC,2022-11-04,2250.0,,2500.0,decrease,C-2020-to-present.pdf,20250910104450
ZC,2023-02-16,2100.0,,2250.0,decrease,C-2020-to-present.pdf,20250910104450
ZC,2023-03-23,2000.0,,2100.0,decrease,C-2020-to-present.pdf,20250910104450
ZC,2023-04-21,1800.0,,2000.0,decrease,C-2020-to-present.pdf,20250910104450
ZC,2023-05-25,1700.0,,1800.0,decrease,C-2020-to-present.pdf,20250910104450
ZC,2023-06-23,1950.0,,1700.0,increase,C-2020-to-present.pdf,20250910104450
ZC,2023-06-29,2250.0,,1950.0,increase,C-2020-to-present.pdf,20250910104450
ZC,2023-07-03,2550.0,,2250.0,increase,C-2020-to-present.pdf,20250910104450
ZC,2023-09-21,2200.0,,2550.0,decrease,C-2020-to-present.pdf,20250910104450
ZC,2023-09-29,2000.0,,2200.0,decrease,C-2020-to-present.pdf,20250910104450
ZC,2023-10-06,1725.0,,2000.0,decrease,C-2020-to-present.pdf,20250910104450
ZC,2023-11-30,1575.0,,1725.0,decrease,C-2020-to-present.pdf,20250910104450
ZC,2024-01-10,1425.0,,1575.0,decrease,C-2020-to-present.pdf,20250910104450
ZC,2024-02-09,1300.0,,1425.0,decrease,C-2020-to-present.pdf,20250910104450
ZC,2024-08-02,1200.0,,1300.0,decrease,C-2020-to-present.pdf,20250910104450
ZC,2024-10-22,1050.0,,1200.0,decrease,C-2020-to-present.pdf,20250910104450
ZN,2014-01-02,1475.0,,,series_start,21_2014_to_present.pdf,20171129085339
ZN,2014-04-09,1300.0,,1475.0,decrease,21_2014_to_present.pdf,20171129085339
ZN,2014-09-19,1200.0,,1300.0,decrease,21_2014_to_present.pdf,20171129085339
ZN,2015-01-20,1350.0,,1200.0,increase,21_2014_to_present.pdf,20171129085339
ZN,2016-04-08,1250.0,,1350.0,decrease,21_2014_to_present.pdf,20171129085339
ZN,2016-06-27,1350.0,,1250.0,increase,21_2014_to_present.pdf,20171129085339
ZN,2016-11-11,1450.0,,1350.0,increase,21_2014_to_present.pdf,20171129085339
ZN,2017-05-12,1300.0,,1450.0,decrease,21_2014_to_present.pdf,20171129085339
ZN,2017-06-30,1150.0,,1300.0,decrease,21_2014_to_present.pdf,20171129085339
ZN,2017-10-20,1050.0,,1150.0,decrease,21_2014_to_present.pdf,20171129085339
ZN,2019-07-12,1100.0,,1050.0,increase,21-2019-to-present.pdf,20240704030627
ZN,2019-08-02,1200.0,,1100.0,increase,21-2019-to-present.pdf,20240704030627
ZN,2019-08-08,1300.0,,1200.0,increase,21-2019-to-present.pdf,20240704030627
ZN,2019-11-15,1150.0,,1300.0,decrease,21-2019-to-present.pdf,20240704030627
ZN,2020-03-03,1275.0,,1150.0,increase,21-2019-to-present.pdf,20240704030627
ZN,2020-03-09,1375.0,,1275.0,increase,21-2019-to-present.pdf,20240704030627
ZN,2020-03-11,1600.0,,1375.0,increase,21-2019-to-present.pdf,20240704030627
ZN,2020-03-13,1700.0,,1600.0,increase,21-2019-to-present.pdf,20240704030627
ZN,2020-03-19,1850.0,,1700.0,increase,21-2019-to-present.pdf,20240704030627
ZN,2020-04-14,2000.0,,1850.0,increase,21-2019-to-present.pdf,20240704030627
ZN,2020-05-26,1800.0,,2000.0,decrease,21-2019-to-present.pdf,20240704030627
ZN,2020-06-26,1700.0,,1800.0,decrease,21-2020-to-present.pdf,20250910111732
ZN,2020-07-21,1550.0,,1700.0,decrease,21-2020-to-present.pdf,20250910111732
ZN,2020-11-20,1400.0,,1550.0,decrease,21-2020-to-present.pdf,20250910111732
ZN,2021-01-08,1250.0,,1400.0,decrease,21-2020-to-present.pdf,20250910111732
ZN,2021-02-26,1400.0,,1250.0,increase,21-2020-to-present.pdf,20250910111732
ZN,2021-04-16,1525.0,,1400.0,increase,21-2020-to-present.pdf,20250910111732
ZN,2021-09-10,1400.0,,1525.0,decrease,21-2020-to-present.pdf,20250910111732
ZN,2021-11-12,1500.0,,1400.0,increase,21-2020-to-present.pdf,20250910111732
ZN,2022-02-15,1600.0,,1500.0,increase,21-2020-to-present.pdf,20250910111732
ZN,2022-04-01,1700.0,,1600.0,increase,21-2020-to-present.pdf,20250910111732
ZN,2022-06-21,1800.0,,1700.0,increase,21-2020-to-present.pdf,20250910111732
ZN,2022-09-30,2000.0,,1800.0,increase,21-2020-to-present.pdf,20250910111732
ZN,2022-11-14,2200.0,,2000.0,increase,21-2020-to-present.pdf,20250910111732
ZN,2023-01-06,1950.0,,2200.0,decrease,21-2020-to-present.pdf,20250910111732
ZN,2023-03-14,2250.0,,1950.0,increase,21-2020-to-present.pdf,20250910111732
ZN,2023-06-16,2100.0,,2250.0,decrease,21-2020-to-present.pdf,20250910111732
ZN,2023-07-21,2000.0,,2100.0,decrease,21-2020-to-present.pdf,20250910111732
ZN,2023-12-12,2125.0,,2000.0,increase,21-2020-to-present.pdf,20250910111732
ZN,2024-06-21,2000.0,,2125.0,decrease,21-2020-to-present.pdf,20250910111732
ZN,2024-11-01,2200.0,,2000.0,increase,21-2020-to-present.pdf,20250910111732
ZN,2024-11-14,2000.0,,2200.0,decrease,21-2020-to-present.pdf,20250910111732
ZN,2025-01-31,1875.0,,2000.0,decrease,21-2020-to-present.pdf,20250910111732
ZS,2009-01-02,3500.0,,,series_start,S_2009_to_2013.pdf,20171129082639
ZS,2009-05-06,3000.0,,3500.0,decrease,S_2009_to_2013.pdf,20171129082639
ZS,2009-10-27,2750.0,,3000.0,decrease,S_2009_to_2013.pdf,20171129082639
ZS,2010-05-21,2250.0,,2750.0,decrease,S_2009_to_2013.pdf,20171129082639
ZS,2010-07-02,2000.0,,2250.0,decrease,S_2009_to_2013.pdf,20171129082639
ZS,2010-10-11,2500.0,,2000.0,increase,S_2009_to_2013.pdf,20171129082639
ZS,2010-11-10,2750.0,,2500.0,increase,S_2009_to_2013.pdf,20171129082639
ZS,2010-11-19,3250.0,,2750.0,increase,S_2009_to_2013.pdf,20171129082639
ZS,2011-01-14,3500.0,,3250.0,increase,S_2009_to_2013.pdf,20171129082639
ZS,2011-06-13,3250.0,,3500.0,decrease,S_2009_to_2013.pdf,20171129082639
ZS,2011-07-25,2750.0,,3250.0,decrease,S_2009_to_2013.pdf,20171129082639
ZS,2011-09-06,2500.0,,2750.0,decrease,S_2009_to_2013.pdf,20171129082639
ZS,2012-06-27,3000.0,,2500.0,increase,S_2009_to_2013.pdf,20171129082639
ZS,2012-07-10,3750.0,,3000.0,increase,S_2009_to_2013.pdf,20171129082639
ZS,2013-01-15,3400.0,,3750.0,decrease,S_2009_to_2013.pdf,20171129082639
ZS,2013-08-20,3000.0,,3400.0,decrease,S_2009_to_2013.pdf,20171129082639
ZS,2013-08-28,3500.0,,3000.0,increase,S_2009_to_2013.pdf,20171129082639
ZS,2013-11-13,2900.0,,3500.0,decrease,S_2009_to_2013.pdf,20171129082639
ZS,2014-02-14,2500.0,,2900.0,decrease,S_2014_to_present.pdf,20171129083126
ZS,2014-05-09,3000.0,,2500.0,increase,S_2014_to_present.pdf,20171129083126
ZS,2014-09-18,2500.0,,3000.0,decrease,S_2014_to_present.pdf,20171129083126
ZS,2015-01-09,2250.0,,2500.0,decrease,S_2014_to_present.pdf,20171129083126
ZS,2015-02-20,2000.0,,2250.0,decrease,S_2014_to_present.pdf,20171129083126
ZS,2015-07-01,2300.0,,2000.0,increase,S_2014_to_present.pdf,20171129083126
ZS,2015-08-28,2600.0,,2300.0,increase,S_2014_to_present.pdf,20171129083126
ZS,2016-01-08,2100.0,,2600.0,decrease,S_2014_to_present.pdf,20171129083126
ZS,2016-02-19,1800.0,,2100.0,decrease,S_2014_to_present.pdf,20171129083126
ZS,2016-03-10,1500.0,,1800.0,decrease,S_2014_to_present.pdf,20171129083126
ZS,2016-04-22,1750.0,,1500.0,increase,S_2014_to_present.pdf,20171129083126
ZS,2016-04-29,2000.0,,1750.0,increase,S_2014_to_present.pdf,20171129083126
ZS,2016-05-11,2300.0,,2000.0,increase,S_2014_to_present.pdf,20171129083126
ZS,2016-06-03,2600.0,,2300.0,increase,S_2014_to_present.pdf,20171129083126
ZS,2016-07-01,2900.0,,2600.0,increase,S_2014_to_present.pdf,20171129083126
ZS,2016-07-08,3100.0,,2900.0,increase,S_2014_to_present.pdf,20171129083126
ZS,2016-09-22,2700.0,,3100.0,decrease,S_2014_to_present.pdf,20171129083126
ZS,2016-10-07,2400.0,,2700.0,decrease,S_2014_to_present.pdf,20171129083126
ZS,2017-01-20,2100.0,,2400.0,decrease,S_2014_to_present.pdf,20171129083126
ZS,2017-08-18,1900.0,,2100.0,decrease,S_2014_to_present.pdf,20171129083126
ZS,2020-06-24,1500.0,,1900.0,decrease,S-2020-to-present.pdf,20250910112322
ZS,2020-09-22,1650.0,,1500.0,increase,S-2020-to-present.pdf,20260728070947
ZS,2020-10-07,1800.0,,1650.0,increase,S-2020-to-present.pdf,20260728070947
ZS,2020-11-20,1900.0,,1800.0,increase,S-2020-to-present.pdf,20260728070947
ZS,2020-12-29,2200.0,,1900.0,increase,S-2020-to-present.pdf,20260728070947
ZS,2021-01-04,2400.0,,2200.0,increase,S-2020-to-present.pdf,20260728070947
ZS,2021-01-06,2750.0,,2400.0,increase,S-2020-to-present.pdf,20260728070947
ZS,2021-01-20,2950.0,,2750.0,increase,S-2020-to-present.pdf,20260728070947
ZS,2021-01-26,3000.0,,2950.0,increase,S-2020-to-present.pdf,20260728070947
ZS,2021-04-05,3350.0,,3000.0,increase,S-2020-to-present.pdf,20260728070947
ZS,2021-04-23,3825.0,,3350.0,increase,S-2020-to-present.pdf,20260728070947
ZS,2021-04-30,4100.0,,3825.0,increase,S-2020-to-present.pdf,20260728070947
ZS,2021-06-18,4500.0,,4100.0,increase,S-2020-to-present.pdf,20260728070947
ZS,2021-07-01,5000.0,,4500.0,increase,S-2020-to-present.pdf,20260728070947
ZS,2021-09-17,4500.0,,5000.0,decrease,S-2020-to-present.pdf,20260728070947
ZS,2021-10-01,4050.0,,4500.0,decrease,S-2020-to-present.pdf,20260728070947
ZS,2021-10-06,3600.0,,4050.0,decrease,S-2020-to-present.pdf,20260728070947
ZS,2021-10-20,3100.0,,3600.0,decrease,S-2020-to-present.pdf,20260728070947
ZS,2021-11-03,2650.0,,3100.0,decrease,S-2020-to-present.pdf,20260728070947
ZS,2022-02-03,3050.0,,2650.0,increase,S-2020-to-present.pdf,20260728070947
ZS,2022-02-17,3300.0,,3050.0,increase,S-2020-to-present.pdf,20260728070947
ZS,2022-02-28,3600.0,,3300.0,increase,S-2020-to-present.pdf,20260728070947
ZS,2022-03-02,3800.0,,3600.0,increase,S-2020-to-present.pdf,20260728070947
ZS,2022-03-09,4200.0,,3800.0,increase,S-2020-to-present.pdf,20260728070947
ZS,2022-03-25,4600.0,,4200.0,increase,S-2020-to-present.pdf,20260728070947
ZS,2022-05-02,4000.0,,4600.0,decrease,S-2020-to-present.pdf,20260728070947
ZS,2022-07-15,4400.0,,4000.0,increase,S-2020-to-present.pdf,20260728070947
ZS,2022-11-04,4000.0,,4400.0,decrease,S-2020-to-present.pdf,20260728070947
ZS,2022-12-09,3600.0,,4000.0,decrease,S-2020-to-present.pdf,20260728070947
ZS,2023-01-11,3300.0,,3600.0,decrease,S-2020-to-present.pdf,20260728070947
ZS,2023-01-13,3600.0,,3300.0,increase,S-2020-to-present.pdf,20260728070947
ZS,2023-02-16,3300.0,,3600.0,decrease,S-2020-to-present.pdf,20260728070947
ZS,2023-03-23,3100.0,,3300.0,decrease,S-2020-to-present.pdf,20260728070947
ZS,2023-04-21,2800.0,,3100.0,decrease,S-2020-to-present.pdf,20260728070947
ZS,2023-05-25,2600.0,,2800.0,decrease,S-2020-to-present.pdf,20260728070947
ZS,2023-06-21,2850.0,,2600.0,increase,S-2020-to-present.pdf,20260728070947
ZS,2023-06-23,3275.0,,2850.0,increase,S-2020-to-present.pdf,20260728070947
ZS,2023-06-29,3600.0,,3275.0,increase,S-2020-to-present.pdf,20260728070947
ZS,2023-07-03,4200.0,,3600.0,increase,S-2020-to-present.pdf,20260728070947
ZS,2023-09-21,3700.0,,4200.0,decrease,S-2020-to-present.pdf,20260728070947
ZS,2023-09-29,3300.0,,3700.0,decrease,S-2020-to-present.pdf,20260728070947
ZS,2023-11-30,3000.0,,3300.0,decrease,S-2020-to-present.pdf,20260728070947
ZS,2024-01-10,2700.0,,3000.0,decrease,S-2020-to-present.pdf,20260728070947
ZS,2024-02-09,2400.0,,2700.0,decrease,S-2020-to-present.pdf,20260728070947
ZS,2024-08-02,2200.0,,2400.0,decrease,S-2020-to-present.pdf,20260728070947
ZS,2024-10-22,2000.0,,2200.0,decrease,S-2020-to-present.pdf,20260728070947
ZS,2025-04-08,2150.0,,2000.0,increase,S-2020-to-present.pdf,20260728070947
ZS,2025-08-01,2000.0,,2150.0,decrease,S-2020-to-present.pdf,20260728070947
ZS,2026-05-20,2200.0,,2000.0,increase,S-2020-to-present.pdf,20260728070947
