product,effective_date,maintenance,initial,initial_reliable,notice_date,rate_label,routes,source,maintenance_conflict_across_routes,conflict_resolution
6E,2000-01-01,1620.0,2187.0,False,,Spec,wayback-history,EC_prior_to_2009.pdf@20121109075907,False,
6E,2000-02-03,1800.0,2430.0,False,,Spec,wayback-history,EC_prior_to_2009.pdf@20121109075907,False,
6E,2000-05-30,2400.0,3240.0,False,,Spec,wayback-history,EC_prior_to_2009.pdf@20121109075907,False,
6E,2000-06-29,1800.0,2430.0,False,,Spec,wayback-history,EC_prior_to_2009.pdf@20121109075907,False,
6E,2000-08-31,1500.0,2025.0,False,,Spec,wayback-history,EC_prior_to_2009.pdf@20121109075907,False,
6E,2000-10-05,2400.0,3240.0,False,,Spec,wayback-history,EC_prior_to_2009.pdf@20121109075907,False,
6E,2000-11-02,2160.0,2916.0,False,,Spec,wayback-history,EC_prior_to_2009.pdf@20121109075907,False,
6E,2000-12-07,1800.0,2430.0,False,,Spec,wayback-history,EC_prior_to_2009.pdf@20121109075907,False,
6E,2001-01-04,1650.0,2228.0,False,,Spec,wayback-history,EC_prior_to_2009.pdf@20121109075907,False,
6E,2001-02-01,2520.0,3402.0,False,,Spec,wayback-history,EC_prior_to_2009.pdf@20121109075907,False,
6E,2001-03-01,1860.0,2511.0,False,,Spec,wayback-history,EC_prior_to_2009.pdf@20121109075907,False,
6E,2001-03-29,1980.0,2673.0,False,,Spec,wayback-history,EC_prior_to_2009.pdf@20121109075907,False,
6E,2001-05-03,1860.0,2511.0,False,,Spec,wayback-history,EC_prior_to_2009.pdf@20121109075907,False,
6E,2001-06-07,1740.0,2349.0,False,,Spec,wayback-history,EC_prior_to_2009.pdf@20121109075907,False,
6E,2001-09-06,1600.0,2160.0,False,,Spec,wayback-history,EC_prior_to_2009.pdf@20121109075907,False,
6E,2001-11-01,1500.0,2025.0,False,,Spec,wayback-history,EC_prior_to_2009.pdf@20121109075907,False,
6E,2002-01-31,1600.0,2160.0,False,,Spec,wayback-history,EC_prior_to_2009.pdf@20121109075907,False,
6E,2002-03-12,1500.0,2025.0,False,,Spec,wayback-history,EC_prior_to_2009.pdf@20121109075907,False,
6E,2002-05-30,1400.0,1890.0,False,,Spec,wayback-history,EC_prior_to_2009.pdf@20121109075907,False,
6E,2002-08-01,1800.0,2430.0,False,,Spec,wayback-history,EC_prior_to_2009.pdf@20121109075907,False,
6E,2002-08-29,2000.0,2700.0,False,,Spec,wayback-history,EC_prior_to_2009.pdf@20121109075907,False,
6E,2002-10-29,1900.0,2565.0,False,,Spec,wayback-history,EC_prior_to_2009.pdf@20121109075907,False,
6E,2002-12-05,1700.0,2295.0,False,,Spec,wayback-history,EC_prior_to_2009.pdf@20121109075907,False,
6E,2003-02-06,1600.0,2160.0,False,,Spec,wayback-history,EC_prior_to_2009.pdf@20121109075907,False,
6E,2003-03-06,1400.0,1890.0,False,,Spec,wayback-history,EC_prior_to_2009.pdf@20121109075907,False,
6E,2003-05-08,1700.0,2295.0,False,,Spec,wayback-history,EC_prior_to_2009.pdf@20121109075907,False,
6E,2003-06-05,2000.0,2700.0,False,,Spec,wayback-history,EC_prior_to_2009.pdf@20121109075907,False,
6E,2003-08-05,1800.0,2430.0,False,,Spec,wayback-history,EC_prior_to_2009.pdf@20121109075907,False,
6E,2003-10-02,1850.0,2498.0,False,,Spec,wayback-history,EC_prior_to_2009.pdf@20121109075907,False,
6E,2004-01-30,2400.0,3240.0,False,,Spec,wayback-history,EC_prior_to_2009.pdf@20121109075907,False,
6E,2004-03-15,2400.0,3240.0,False,,Spec,wayback-history,EC_prior_to_2009.pdf@20121109075907,False,
6E,2004-09-28,2000.0,2700.0,False,,Spec,wayback-history,EC_prior_to_2009.pdf@20121109075907,False,
6E,2004-12-20,2200.0,2970.0,False,,Spec,wayback-history,EC_prior_to_2009.pdf@20121109075907,False,
6E,2005-04-01,2000.0,2700.0,False,,Spec,wayback-history,EC_prior_to_2009.pdf@20121109075907,False,
6E,2005-04-28,1900.0,2565.0,False,,Spec,wayback-history,EC_prior_to_2009.pdf@20121109075907,False,
6E,2005-07-01,2300.0,3105.0,False,,Spec,wayback-history,EC_prior_to_2009.pdf@20121109075907,False,
6E,2005-10-05,2100.0,2835.0,False,,Spec,wayback-history,EC_prior_to_2009.pdf@20121109075907,False,
6E,2006-10-17,1900.0,2565.0,False,,Spec,wayback-history,EC_prior_to_2009.pdf@20121109075907,False,
6E,2007-01-25,1700.0,2295.0,False,,Spec,wayback-history,EC_prior_to_2009.pdf@20121109075907,False,
6E,2007-04-26,1500.0,2025.0,False,,Spec,wayback-history,EC_prior_to_2009.pdf@20121109075907,False,
6E,2007-12-10,1900.0,2565.0,False,,Spec,wayback-history,EC_prior_to_2009.pdf@20121109075907,False,
6E,2008-01-28,2100.0,2835.0,False,,Spec,wayback-history,EC_2008_to_present.pdf@20121109075818,False,
6E,2008-03-18,2200.0,2970.0,False,,Spec,wayback-history,EC_2008_to_present.pdf@20121109075818,False,
6E,2008-03-25,2300.0,3105.0,False,,Spec,wayback-history,EC_2008_to_present.pdf@20121109075818,False,
6E,2008-03-28,2600.0,3510.0,False,,Spec,wayback-history,EC_2008_to_present.pdf@20121109075818,False,
6E,2008-06-05,2300.0,3105.0,False,,Spec,wayback-history,EC_2008_to_present.pdf@20121109075818,False,
6E,2008-07-17,2400.0,3240.0,False,,Spec,wayback-history,EC_2008_to_present.pdf@20121109075818,False,
6E,2008-09-24,3400.0,4590.0,False,,Spec,wayback-history,EC_2008_to_present.pdf@20121109075818,False,
6E,2008-10-02,4300.0,5805.0,False,,Spec,wayback-history,EC_2008_to_present.pdf@20121109075818,False,
6E,2008-10-09,4500.0,6075.0,False,,Spec,wayback-history,EC_2008_to_present.pdf@20121109075818,False,
6E,2008-12-24,4700.0,6345.0,False,,Spec,wayback-history,EC_2008_to_present.pdf@20121109075818,False,
6E,2009-03-12,4500.0,6075.0,False,,Spec,wayback-history,EC_2008_to_present.pdf@20121109075818,False,
6E,2009-05-01,3500.0,4725.0,False,,Spec,wayback-history,EC_2008_to_present.pdf@20121109075818,False,
6E,2009-10-13,3000.0,4050.0,False,,Spec,wayback-history,EC_2008_to_present.pdf@20121109075818,False,
6E,2010-03-09,2500.0,3375.0,False,,Spec,wayback-history,EC_2008_to_present.pdf@20121109075818,False,
6E,2010-05-10,3000.0,4050.0,False,,Spec,wayback-history,EC_2008_to_present.pdf@20121109075818,False,
6E,2010-11-19,3200.0,4320.0,False,,Spec,wayback-history,EC_2008_to_present.pdf@20121109075818,False,
6E,2011-03-28,3000.0,4050.0,False,,Spec,wayback-history,EC_2008_to_present.pdf@20121109075818,False,
6E,2011-05-10,4000.0,5400.0,False,,Spec,wayback-history,EC_2008_to_present.pdf@20121109075818,False,
6E,2012-03-26,3500.0,4725.0,False,,Spec,wayback-history,EC_2008_to_present.pdf@20121109075818,False,
6E,2012-06-29,3000.0,4050.0,False,,Spec,wayback-history,EC_2008_to_present.pdf@20121109075818,False,
6E,2012-12-26,2500.0,2750.0,False,,Spec,wayback-history,EC_2008_to_present.pdf@20130326062952,False,
6E,2013-01-15,2250.0,2475.0,False,,Spec,wayback-history,EC_2008_to_present.pdf@20130326062952,False,
6E,2013-07-02,2250.0,2475.0,False,,Spec,wayback-history,EC_2008_to_present.pdf@20150501043052,False,
6E,2013-07-16,2500.0,2750.0,False,,Spec,wayback-history,EC_2008_to_present.pdf@20150501043052,False,
6E,2013-11-22,2250.0,2475.0,False,,Spec,wayback-history,EC_2008_to_present.pdf@20150501043052,False,
6E,2014-05-30,2000.0,2200.0,False,,Spec,wayback-history,EC_2008_to_present.pdf@20150501043052,False,
6E,2014-07-18,1750.0,1925.0,False,,Spec,wayback-history,EC_2008_to_present.pdf@20150501043052,False,
6E,2014-09-12,2000.0,2200.0,False,,Spec,wayback-history,EC_2008_to_present.pdf@20150501043052,False,
6E,2014-10-31,2100.0,2310.0,False,,Spec,wayback-history,EC_2008_to_present.pdf@20150501043052,False,
6E,2014-12-05,2400.0,2640.0,False,,Spec,wayback-history,EC_2008_to_present.pdf@20150501043052,False,
6E,2015-01-09,2600.0,2860.0,False,,Spec,wayback-history,EC_2008_to_present.pdf@20150501043052,False,
6E,2015-01-16,2800.0,3080.0,False,,Spec,wayback-history,EC_2008_to_present.pdf@20150501043052,False,
6E,2015-01-20,3100.0,3410.0,False,,Spec,wayback-history,EC_2008_to_present.pdf@20150501043052,False,
6E,2015-05-01,3300.0,3630.0,False,,Spec,wayback-history,EC_2008_to_present.pdf@20161130152107,False,
6E,2015-07-01,3550.0,3905.0,False,,Spec,wayback-history,EC_2008_to_present.pdf@20161130152107,False,
6E,2015-10-30,3300.0,3630.0,False,,Spec,wayback-history,EC_2008_to_present.pdf@20161130152107,False,
6E,2015-12-07,3550.0,3905.0,False,,Spec,wayback-history,EC_2008_to_present.pdf@20161130152107,False,
6E,2016-04-15,3350.0,3685.0,True,2016-04-14,Spec nan,advisory+wayback-history,/notices/clearing/2016/04/Chadv16-165.html,False,
6E,2016-06-27,3675.0,4043.0,True,2016-06-24,Spec nan,advisory+wayback-history,/notices/clearing/2016/06/Chadv16-247.html,False,
6E,2016-07-29,3350.0,3685.0,False,,Spec,wayback-history,EC_2008_to_present.pdf@20161130152107,False,
6E,2016-12-09,3050.0,3355.0,True,2016-12-08,Spec nan,advisory,/notices/clearing/2016/12/Chadv16-516.html,False,
6E,2017-01-13,2750.0,3025.0,True,2017-01-12,Spec nan,advisory,/notices/clearing/2017/01/Chadv17-028.html,False,
6E,2017-04-18,3100.0,3410.0,True,2017-04-17,Spec Month 1,advisory,/notices/clearing/2017/04/Chadv17-142.html,False,
6E,2017-05-12,2500.0,2750.0,True,2017-05-11,Spec Month 1,advisory,/notices/clearing/2017/05/Chadv17-167.html,False,
6E,2017-06-01,2100.0,2310.0,True,2017-05-31,Spec Month 1,advisory,/notices/clearing/2017/05/Chadv17-194.html,False,
6E,2020-08-28,2500.0,,False,,front-tier snapshot,snapshot-wayback+snapshot-live,EC-2020-to-present.pdf@20250910104548,False,
6E,2020-10-09,2900.0,,False,,front-tier snapshot,snapshot-wayback+snapshot-live,EC-2020-to-present.pdf@20250910104548,False,
6E,2020-11-13,2600.0,,False,,front-tier snapshot,snapshot-wayback+snapshot-live,EC-2020-to-present.pdf@20250910104548,False,
6E,2020-12-01,2300.0,,False,,front-tier snapshot,snapshot-wayback+snapshot-live,EC-2020-to-present.pdf@20250910104548,False,
6E,2021-01-14,2000.0,,False,,front-tier snapshot,snapshot-wayback+snapshot-live,EC-2020-to-present.pdf@20250910104548,False,
6E,2021-04-16,2200.0,,False,,front-tier snapshot,snapshot-wayback+snapshot-live,EC-2020-to-present.pdf@20250910104548,False,
6E,2022-02-25,2400.0,,False,,front-tier snapshot,snapshot-wayback+snapshot-live,EC-2020-to-present.pdf@20250910104548,False,
6E,2022-07-15,2650.0,,False,,front-tier snapshot,snapshot-wayback+snapshot-live,EC-2020-to-present.pdf@20250910104548,False,
6E,2023-06-16,2400.0,,False,,front-tier snapshot,snapshot-wayback+snapshot-live,EC-2020-to-present.pdf@20250910104548,False,
6E,2023-11-03,2100.0,,False,,front-tier snapshot,snapshot-wayback+snapshot-live,EC-2020-to-present.pdf@20250910104548,False,
6E,2024-10-04,2400.0,,False,,front-tier snapshot,snapshot-wayback+snapshot-live,EC-2020-to-present.pdf@20250910104548,False,
6E,2024-10-18,2800.0,,False,,front-tier snapshot,snapshot-wayback+snapshot-live,EC-2020-to-present.pdf@20250910104548,False,
6E,2024-11-14,2300.0,,False,,front-tier snapshot,snapshot-wayback+snapshot-live,EC-2020-to-present.pdf@20250910104548,False,
6E,2025-02-07,2600.0,,False,,front-tier snapshot,snapshot-wayback+snapshot-live,EC-2020-to-present.pdf@20250910104548,False,
6E,2025-04-04,2900.0,,False,,front-tier snapshot,snapshot-wayback+snapshot-live,EC-2020-to-present.pdf@20250910104548,False,
6E,2025-04-11,3400.0,,False,,front-tier snapshot,snapshot-wayback+snapshot-live,EC-2020-to-present.pdf@20250910104548,False,
6E,2025-08-08,2900.0,,False,,front-tier snapshot,snapshot-live,EC-2020-to-present.pdf,False,
6E,2025-10-03,2700.0,,False,,front-tier snapshot,snapshot-live,EC-2020-to-present.pdf,False,
6E,2026-05-01,2400.0,,False,,front-tier snapshot,snapshot-live,EC-2020-to-present.pdf,False,
6J,2000-02-03,2100.0,2835.0,False,,Spec,wayback-history,JY_prior_to_2009.pdf@20121109080040,False,
6J,2000-04-24,3120.0,4212.0,False,,Spec,wayback-history,JY_prior_to_2009.pdf@20121109080040,False,
6J,2000-08-03,2700.0,3645.0,False,,Spec,wayback-history,JY_prior_to_2009.pdf@20121109080040,False,
6J,2000-10-05,2400.0,3240.0,False,,Spec,wayback-history,JY_prior_to_2009.pdf@20121109080040,False,
6J,2000-11-02,2100.0,2835.0,False,,Spec,wayback-history,JY_prior_to_2009.pdf@20121109080040,False,
6J,2000-12-07,1800.0,2430.0,False,,Spec,wayback-history,JY_prior_to_2009.pdf@20121109080040,False,
6J,2001-01-04,1500.0,2025.0,False,,Spec,wayback-history,JY_prior_to_2009.pdf@20121109080040,False,
6J,2001-02-01,2100.0,2835.0,False,,Spec,wayback-history,JY_prior_to_2009.pdf@20121109080040,False,
6J,2001-03-01,1500.0,2025.0,False,,Spec,wayback-history,JY_prior_to_2009.pdf@20121109080040,False,
6J,2001-05-03,2100.0,2835.0,False,,Spec,wayback-history,JY_prior_to_2009.pdf@20121109080040,False,
6J,2001-08-01,1500.0,2025.0,False,,Spec,wayback-history,JY_prior_to_2009.pdf@20121109080040,False,
6J,2002-03-12,1400.0,1890.0,False,,Spec,wayback-history,JY_prior_to_2009.pdf@20121109080040,False,
6J,2002-04-09,2000.0,2700.0,False,,Spec,wayback-history,JY_prior_to_2009.pdf@20121109080040,False,
6J,2002-05-30,1800.0,2430.0,False,,Spec,wayback-history,JY_prior_to_2009.pdf@20121109080040,False,
6J,2002-12-05,1700.0,2295.0,False,,Spec,wayback-history,JY_prior_to_2009.pdf@20121109080040,False,
6J,2003-03-06,1600.0,2160.0,False,,Spec,wayback-history,JY_prior_to_2009.pdf@20121109080040,False,
6J,2003-07-07,1400.0,1890.0,False,,Spec,wayback-history,JY_prior_to_2009.pdf@20121109080040,False,
6J,2003-10-02,1300.0,1755.0,False,,Spec,wayback-history,JY_prior_to_2009.pdf@20121109080040,False,
6J,2004-03-25,1650.0,2228.0,False,,Spec,wayback-history,JY_prior_to_2009.pdf@20121109080040,False,
6J,2004-05-27,2300.0,3105.0,False,,Spec,wayback-history,JY_prior_to_2009.pdf@20121109080040,False,
6J,2004-07-30,2100.0,2835.0,False,,Spec,wayback-history,JY_prior_to_2009.pdf@20121109080040,False,
6J,2004-09-01,2000.0,2700.0,False,,Spec,wayback-history,JY_prior_to_2009.pdf@20121109080040,False,
6J,2004-09-28,1800.0,2430.0,False,,Spec,wayback-history,JY_prior_to_2009.pdf@20121109080040,False,
6J,2004-12-27,1650.0,2228.0,False,,Spec,wayback-history,JY_prior_to_2009.pdf@20121109080040,False,
6J,2005-01-14,1900.0,2565.0,False,,Spec,wayback-history,JY_prior_to_2009.pdf@20121109080040,False,
6J,2005-04-01,1750.0,2363.0,False,,Spec,wayback-history,JY_prior_to_2009.pdf@20121109080040,False,
6J,2005-04-28,1600.0,2160.0,False,,Spec,wayback-history,JY_prior_to_2009.pdf@20121109080040,False,
6J,2005-07-26,2000.0,2700.0,False,,Spec,wayback-history,JY_prior_to_2009.pdf@20121109080040,False,
6J,2005-11-02,1700.0,2295.0,False,,Spec,wayback-history,JY_prior_to_2009.pdf@20121109080040,False,
6J,2005-12-08,1500.0,2025.0,False,,Spec,wayback-history,JY_prior_to_2009.pdf@20121109080040,False,
6J,2005-12-15,2600.0,3510.0,False,,Spec,wayback-history,JY_prior_to_2009.pdf@20121109080040,False,
6J,2006-02-06,2300.0,3105.0,False,,Spec,wayback-history,JY_prior_to_2009.pdf@20121109080040,False,
6J,2006-03-15,2000.0,2700.0,False,,Spec,wayback-history,JY_prior_to_2009.pdf@20121109080040,False,
6J,2006-10-17,1800.0,2430.0,False,,Spec,wayback-history,JY_prior_to_2009.pdf@20121109080040,False,
6J,2007-01-25,1600.0,2160.0,False,,Spec,wayback-history,JY_prior_to_2009.pdf@20121109080040,False,
6J,2007-03-01,2000.0,2700.0,False,,Spec,wayback-history,JY_prior_to_2009.pdf@20121109080040,False,
6J,2007-06-11,1800.0,2430.0,False,,Spec,wayback-history,JY_prior_to_2009.pdf@20121109080040,False,
6J,2007-07-31,1500.0,2025.0,False,,Spec,wayback-history,JY_prior_to_2009.pdf@20121109080040,False,
6J,2007-08-17,2000.0,2700.0,False,,Spec,wayback-history,JY_prior_to_2009.pdf@20121109080040,False,
6J,2008-01-01,2000.0,2700.0,False,,Spec,wayback-history,JY_2008_to_present.pdf@20121109075722,False,
6J,2008-03-18,2300.0,3105.0,False,,Spec,wayback-history,JY_2008_to_present.pdf@20121109075722,False,
6J,2008-04-07,2800.0,3780.0,False,,Spec,wayback-history,JY_2008_to_present.pdf@20121109075722,False,
6J,2008-05-16,2500.0,3375.0,False,,Spec,wayback-history,JY_2008_to_present.pdf@20121109075722,False,
6J,2008-07-17,2000.0,2700.0,False,,Spec,wayback-history,JY_2008_to_present.pdf@20121109075722,False,
6J,2008-09-24,2200.0,2970.0,False,,Spec,wayback-history,JY_2008_to_present.pdf@20121109075722,False,
6J,2008-10-09,3200.0,4320.0,False,,Spec,wayback-history,JY_2008_to_present.pdf@20121109075722,False,
6J,2008-10-24,3600.0,4860.0,False,,Spec,wayback-history,JY_2008_to_present.pdf@20121109075722,False,
6J,2008-11-04,4500.0,6075.0,False,,Spec,wayback-history,JY_2008_to_present.pdf@20121109075722,False,
6J,2008-12-24,3600.0,4860.0,False,,Spec,wayback-history,JY_2008_to_present.pdf@20121109075722,False,
6J,2009-05-01,3000.0,4050.0,False,,Spec,wayback-history,JY_2008_to_present.pdf@20121109075722,False,
6J,2010-03-09,2800.0,3780.0,False,,Spec,wayback-history,JY_2008_to_present.pdf@20121109075722,False,
6J,2010-05-10,3200.0,4320.0,False,,Spec,wayback-history,JY_2008_to_present.pdf@20121109075722,False,
6J,2010-06-07,4000.0,5400.0,False,,Spec,wayback-history,JY_2008_to_present.pdf@20121109075722,False,
6J,2010-10-15,4500.0,6075.0,False,,Spec,wayback-history,JY_2008_to_present.pdf@20121109075722,False,
6J,2011-05-10,4000.0,5400.0,False,,Spec,wayback-history,JY_2008_to_present.pdf@20121109075722,False,
6J,2011-06-21,2500.0,3375.0,False,,Spec,wayback-history,JY_2008_to_present.pdf@20121109075722,False,
6J,2011-08-03,2000.0,2700.0,False,,Spec,wayback-history,JY_2008_to_present.pdf@20121109075722,False,
6J,2011-08-08,2600.0,3510.0,False,,Spec,wayback-history,JY_2008_to_present.pdf@20121109075722,False,
6J,2011-08-11,3250.0,4387.5,False,,Spec,wayback-history,JY_2008_to_present.pdf@20121109075722,False,
6J,2011-09-06,4000.0,5400.0,False,,Spec,wayback-history,JY_2008_to_present.pdf@20121109075722,False,
6J,2011-10-31,3250.0,4387.5,False,,Spec,wayback-history,JY_2008_to_present.pdf@20121109075722,False,
6J,2011-12-05,4000.0,5400.0,False,,Spec,wayback-history,JY_2008_to_present.pdf@20121109075722,False,
6J,2012-01-17,3600.0,4860.0,False,,Spec,wayback-history,JY_2008_to_present.pdf@20121109075722,False,
6J,2012-06-04,3000.0,4050.0,False,,Spec,wayback-history,JY_2008_to_present.pdf@20121109075722,False,
6J,2012-10-23,2750.0,3025.0,False,,Spec,wayback-history,JY_2008_to_present.pdf@20130326062820,False,
6J,2013-01-15,2250.0,2475.0,False,,Spec,wayback-history,JY_2008_to_present.pdf@20130326062820,False,
6J,2013-02-08,2600.0,2860.0,False,,Spec,wayback-history,JY_2008_to_present.pdf@20130326062820,False,
6J,2013-04-05,3100.0,3410.0,False,,Spec,wayback-history,JY_2008_to_present.pdf@20140826232236,False,
6J,2013-06-18,3500.0,3850.0,False,,Spec,wayback-history,JY_2008_to_present.pdf@20140826232236,False,
6J,2013-07-02,3500.0,3850.0,False,,Spec,wayback-history,JY_2008_to_present.pdf@20140826232236,False,
6J,2013-11-22,3150.0,3465.0,False,,Spec,wayback-history,JY_2008_to_present.pdf@20140826232236,False,
6J,2014-05-30,3000.0,3300.0,False,,Spec,wayback-history+snapshot-wayback,JY_2008_to_present.pdf@20140826232236,False,
6J,2014-07-18,2750.0,3025.0,False,,Spec,wayback-history+snapshot-wayback,JY_2008_to_present.pdf@20150528073736,False,
6J,2014-09-05,2250.0,2475.0,False,,Spec,wayback-history+snapshot-wayback,JY_2008_to_present.pdf@20150528073736,False,
6J,2015-01-20,2600.0,2860.0,False,,Spec,wayback-history+snapshot-wayback,JY_2008_to_present.pdf@20150528073736,False,
6J,2015-01-23,3000.0,3300.0,False,,Spec,wayback-history+snapshot-wayback,JY_2008_to_present.pdf@20150528073736,False,
6J,2015-05-08,2600.0,,False,,front-tier snapshot,snapshot-wayback,JY_2014_to_present.pdf@20171129082046,False,
6J,2015-08-25,3000.0,,False,,front-tier snapshot,snapshot-wayback,JY_2014_to_present.pdf@20171129082046,False,
6J,2015-10-30,2700.0,,False,,front-tier snapshot,snapshot-wayback,JY_2014_to_present.pdf@20171129082046,False,
6J,2016-06-17,2950.0,3245.0,True,2016-06-15,Spec nan,advisory+snapshot-wayback,/notices/clearing/2016/06/Chadv16-234.html,False,
6J,2016-06-27,3650.0,4015.0,True,2016-06-24,Spec nan,advisory+snapshot-wayback,/notices/clearing/2016/06/Chadv16-247.html,False,
6J,2016-07-01,4100.0,4510.0,True,2016-06-30,Spec nan,advisory+snapshot-wayback,/notices/clearing/2016/06/Chadv16-254.html,False,
6J,2016-10-07,4500.0,,False,,front-tier snapshot,snapshot-wayback,JY_2014_to_present.pdf@20171129082046,False,
6J,2017-01-13,4000.0,4400.0,True,2017-01-12,Spec nan,advisory+snapshot-wayback,/notices/clearing/2017/01/Chadv17-028.html,False,
6J,2017-03-17,3300.0,3630.0,True,2017-03-16,Spec Month 1,advisory+snapshot-wayback,/notices/clearing/2017/03/Chadv17-108.html,False,
6J,2017-05-12,3000.0,3300.0,True,2017-05-11,Spec Month 1,advisory+snapshot-wayback,/notices/clearing/2017/05/Chadv17-167.html,False,
6J,2017-07-28,2500.0,2750.0,True,2017-07-27,Spec Month 1,advisory+snapshot-wayback,/notices/clearing/2017/07/Chadv17-292.html,False,
6J,2017-12-01,2250.0,2475.0,True,2017-11-30,Spec Month 1,advisory,/notices/clearing/2017/11/Chadv17-467.html,False,
6J,2018-01-12,2000.0,2200.0,True,2018-01-11,Spec Month 1,advisory,/notices/clearing/2018/01/Chadv18-020.html,False,
6J,2020-06-24,3600.0,,False,,front-tier snapshot,snapshot-wayback,JY-2020-to-present.pdf@20250910102216,False,
6J,2020-10-09,4000.0,,False,,front-tier snapshot,snapshot-wayback+snapshot-live,JY-2020-to-present.pdf@20250910102216,False,
6J,2020-11-13,3600.0,,False,,front-tier snapshot,snapshot-wayback+snapshot-live,JY-2020-to-present.pdf@20250910102216,False,
6J,2020-12-01,3000.0,,False,,front-tier snapshot,snapshot-wayback+snapshot-live,JY-2020-to-present.pdf@20250910102216,False,
6J,2021-01-14,2500.0,,False,,front-tier snapshot,snapshot-wayback+snapshot-live,JY-2020-to-present.pdf@20250910102216,False,
6J,2021-04-30,2250.0,,False,,front-tier snapshot,snapshot-wayback+snapshot-live,JY-2020-to-present.pdf@20250910102216,False,
6J,2021-06-04,2050.0,,False,,front-tier snapshot,snapshot-wayback+snapshot-live,JY-2020-to-present.pdf@20250910102216,False,
6J,2021-09-17,1900.0,,False,,front-tier snapshot,snapshot-wayback+snapshot-live,JY-2020-to-present.pdf@20250910102216,False,
6J,2021-11-30,2280.0,,False,,front-tier snapshot,snapshot-wayback+snapshot-live,JY-2020-to-present.pdf@20250910102216,False,
6J,2021-12-17,2500.0,,False,,front-tier snapshot,snapshot-wayback+snapshot-live,JY-2020-to-present.pdf@20250910102216,False,
6J,2022-06-21,2750.0,,False,,front-tier snapshot,snapshot-wayback+snapshot-live,JY-2020-to-present.pdf@20250910102216,False,
6J,2022-11-14,3100.0,,False,,front-tier snapshot,snapshot-wayback+snapshot-live,JY-2020-to-present.pdf@20250910102216,False,
6J,2022-12-22,3720.0,,False,,front-tier snapshot,snapshot-wayback+snapshot-live,JY-2020-to-present.pdf@20250910102216,False,
6J,2023-06-16,3300.0,,False,,front-tier snapshot,snapshot-wayback+snapshot-live,JY-2020-to-present.pdf@20250910102216,False,
6J,2023-09-22,3000.0,,False,,front-tier snapshot,snapshot-wayback+snapshot-live,JY-2020-to-present.pdf@20250910102216,False,
6J,2023-11-03,2600.0,,False,,front-tier snapshot,snapshot-wayback+snapshot-live,JY-2020-to-present.pdf@20250910102216,False,
6J,2024-06-11,2800.0,,False,,front-tier snapshot,snapshot-wayback+snapshot-live,JY-2020-to-present.pdf@20250910102216,False,
6J,2024-08-09,3200.0,,False,,front-tier snapshot,snapshot-wayback+snapshot-live,JY-2020-to-present.pdf@20250910102216,False,
6J,2024-10-04,3600.0,,False,,front-tier snapshot,snapshot-wayback+snapshot-live,JY-2020-to-present.pdf@20250910102216,False,
6J,2024-11-14,2900.0,,False,,front-tier snapshot,snapshot-wayback+snapshot-live,JY-2020-to-present.pdf@20250910102216,False,
6J,2025-03-07,3300.0,,False,,front-tier snapshot,snapshot-wayback+snapshot-live,JY-2020-to-present.pdf@20250910102216,False,
6J,2025-04-07,3800.0,,False,,front-tier snapshot,snapshot-wayback+snapshot-live,JY-2020-to-present.pdf@20250910102216,False,
6J,2025-08-08,3100.0,,False,,front-tier snapshot,snapshot-live,JY-2020-to-present.pdf,False,
6J,2025-10-03,2800.0,,False,,front-tier snapshot,snapshot-live,JY-2020-to-present.pdf,False,
6J,2026-05-01,2600.0,,False,,front-tier snapshot,snapshot-live,JY-2020-to-present.pdf,False,
CL,2009-01-12,6750.0,9112.5,False,,Spec,wayback-history,CL_2009_to_present.pdf@20121109080028,False,
CL,2009-02-26,6750.0,9112.5,False,,Spec Mnth 1,wayback-history,CL_2009_to_present.pdf@20121109080028,False,
CL,2009-03-02,5250.0,7087.5,False,,Spec Mnth 1,wayback-history,CL_2009_to_present.pdf@20121109080028,False,
CL,2009-03-26,5750.0,7762.5,False,,Spec Mnth 1,wayback-history,CL_2009_to_present.pdf@20121109080028,False,
CL,2009-04-21,5750.0,7762.5,False,,Spec,wayback-history,CL_2009_to_present.pdf@20121109080028,False,
CL,2009-06-05,5750.0,7762.5,False,,Spec Mnth 5-10,wayback-history,CL_2009_to_present.pdf@20121109080028,False,
CL,2009-06-16,5750.0,7762.5,False,,Spec,wayback-history,CL_2009_to_present.pdf@20121109080028,False,
CL,2009-06-17,5750.0,7762.5,False,,Spec,wayback-history,CL_2009_to_present.pdf@20121109080028,False,
CL,2009-07-01,5750.0,7762.5,False,,Spec Mnth 19-28,wayback-history,CL_2009_to_present.pdf@20121109080028,False,
CL,2009-08-07,5750.0,7762.5,False,,Spec Tier 7,wayback-history,CL_2009_to_present.pdf@20121109080028,False,
CL,2009-08-21,5250.0,7087.5,False,,Spec Mnth 1,wayback-history,CL_2009_to_present.pdf@20121109080028,False,
CL,2009-08-24,5250.0,7087.5,False,,Spec Mnth 19-28,wayback-history,CL_2009_to_present.pdf@20121109080028,False,
CL,2009-08-31,5250.0,7087.5,False,,Spec Mnth 5-10,wayback-history,CL_2009_to_present.pdf@20121109080028,False,
CL,2009-09-16,4500.0,6075.0,False,,Spec Mnth 1,wayback-history,CL_2009_to_present.pdf@20121109080028,False,
CL,2009-11-13,4000.0,5400.0,False,,Spec Mnth 1,wayback-history,CL_2009_to_present.pdf@20121109080028,False,
CL,2009-12-23,3500.0,4725.0,False,,Spec Mnth 5-10,wayback-history,CL_2009_to_present.pdf@20121109080028,False,
CL,2010-04-23,3750.0,5062.5,False,,Spec Mnth 1,wayback-history,CL_2009_to_present.pdf@20121109080028,False,
CL,2010-05-21,3750.0,5062.5,False,,Spec Mnth 2-4,wayback-history,CL_2009_to_present.pdf@20121109080028,False,
CL,2011-02-25,4500.0,6075.0,False,,Spec Mnth 1,wayback-history,CL_2009_to_present.pdf@20121109080028,False,
CL,2011-03-04,5000.0,6750.0,False,,Spec Mnth 1,wayback-history,CL_2009_to_present.pdf@20121109080028,False,
CL,2011-04-15,4250.0,5737.5,False,,Spec Mnth 5-10,wayback-history,CL_2009_to_present.pdf@20121109080028,False,
CL,2011-05-10,5000.0,5500.0,False,,Spec Mnth 29-40,wayback-history,CL_2008_to_present.pdf@20150906023638,True,UNRESOLVED
CL,2011-05-31,5000.0,6750.0,False,,Spec Mnth 41+,wayback-history,CL_2009_to_present.pdf@20121109080028,False,
CL,2011-08-29,6000.0,8100.0,False,,Spec Mnth 1,wayback-history,CL_2009_to_present.pdf@20121109080028,False,
CL,2011-12-12,5600.0,7560.0,False,,Spec Mnth 1,wayback-history,CL_2009_to_present.pdf@20121109080028,False,
CL,2012-02-13,5100.0,6885.0,False,,Spec Mnth 1,wayback-history,CL_2009_to_present.pdf@20121109080028,False,
CL,2012-05-29,4600.0,6210.0,False,,Spec Mnth 1,wayback-history,CL_2009_to_present.pdf@20121109080028,False,
CL,2012-07-09,5100.0,6885.0,False,,Spec Mnth 1,wayback-history,CL_2009_to_present.pdf@20121109080028,False,
CL,2012-08-13,4250.0,4675.0,False,,Spec Mnth 19-28,wayback-history,CL_2009_to_present.pdf@20130326063102,False,
CL,2013-01-29,4500.0,4950.0,False,,Spec Mnth 1,wayback-history,CL_2009_to_present.pdf@20130326063102,False,
CL,2013-04-30,4100.0,4510.0,False,,Spec Mnth 1,wayback-history,CL_2009_to_present.pdf@20140826230415,False,
CL,2013-11-05,3700.0,4070.0,False,,Spec Mnth 1,wayback-history,CL_2009_to_present.pdf@20140826230415,False,
CL,2013-11-22,3400.0,3740.0,False,,Spec Mnth 1,wayback-history,CL_2009_to_present.pdf@20140826230415,False,
CL,2014-02-28,3100.0,3410.0,False,,Spec Mnth 1,wayback-history+snapshot-wayback,CL_2009_to_present.pdf@20140826230415,False,
CL,2014-04-04,2900.0,3190.0,False,,Spec Mnth1,wayback-history+snapshot-wayback,CL_2009_to_present.pdf@20140826230415,False,
CL,2014-08-11,2700.0,2970.0,False,,Spec Mnth1,wayback-history+snapshot-wayback,CL_2008_to_present.pdf@20150528091914,False,
CL,2014-10-03,2950.0,3245.0,False,,Spec Mnth1,wayback-history+snapshot-wayback,CL_2008_to_present.pdf@20150528091914,False,
CL,2014-10-17,3400.0,3740.0,False,,Spec Mnth1,wayback-history+snapshot-wayback,CL_2008_to_present.pdf@20150528091914,False,
CL,2014-11-17,3700.0,4070.0,False,,Spec Mnth1,wayback-history+snapshot-wayback,CL_2008_to_present.pdf@20150528091914,False,
CL,2014-11-26,3850.0,4235.0,False,,Spec Mnth1,wayback-history+snapshot-wayback,CL_2008_to_present.pdf@20150528091914,False,
CL,2014-12-02,4450.0,4895.0,False,,Spec Mnth1,wayback-history+snapshot-wayback,CL_2008_to_present.pdf@20150528091914,False,
CL,2015-02-06,4900.0,5390.0,False,,Spec Mnth1,wayback-history+snapshot-wayback,CL_2008_to_present.pdf@20150528091914,False,
CL,2015-05-01,4250.0,,False,,front-tier snapshot,snapshot-wayback,CL_2014_to_present.pdf@20171129073711,False,
CL,2015-07-08,4600.0,,False,,front-tier snapshot,snapshot-wayback,CL_2014_to_present.pdf@20171129073711,False,
CL,2015-12-14,4000.0,,False,,front-tier snapshot,snapshot-wayback,CL_2014_to_present.pdf@20171129073711,False,
CL,2016-02-10,3500.0,nan,True,2016-02-09,Spec Period 1 (2016-03-01),advisory+snapshot-wayback,/tools-information/lookups/advisories/clearing/Chadv16-068.html,False,
CL,2016-04-07,3400.0,nan,True,2016-04-06,Spec Period 1 (2016-05-01),advisory+snapshot-wayback,/notices/clearing/2016/04/Chadv16-149.html,False,
CL,2016-05-12,3400.0,nan,True,2016-05-11,Spec Period 1 (2016-06-01),advisory,/notices/clearing/2016/05/Chadv16-198.html,False,
CL,2016-06-02,3400.0,nan,True,2016-06-01,Spec Period 1 (2016-07-01),advisory,/notices/clearing/2016/06/Chadv16-217.html,False,
CL,2016-06-16,3400.0,nan,True,2016-06-15,Spec Period 1 (2016-07-01),advisory,/notices/clearing/2016/06/Chadv16-233.html,False,
CL,2016-08-04,3200.0,,False,,front-tier snapshot,snapshot-wayback,CL_2014_to_present.pdf@20171129073711,False,
CL,2016-08-31,2900.0,nan,True,2016-08-30,Spec Period 1 (2016-10-01),advisory+snapshot-wayback,/notices/clearing/2016/08/Chadv16-353.html,False,
CL,2016-10-06,2900.0,nan,True,2016-10-05,Spec Period 1 (2016-11-01),advisory,/notices/clearing/2016/10/Chadv16-398.html,False,
CL,2016-12-05,3200.0,nan,True,2016-12-02,Spec Period 1 (2017-01-01),advisory+snapshot-wayback,/notices/clearing/2016/12/Chadv16-510.html,False,
CL,2016-12-23,3200.0,nan,True,2016-12-22,Spec Period 1 (2017-02-01),advisory,/notices/clearing/2016/12/Chadv16-542.html,False,
CL,2017-02-16,2900.0,nan,True,2017-02-15,Spec Period 1 (2017-03-01),advisory+snapshot-wayback,/notices/clearing/2017/02/Chadv17-068.html,False,
CL,2017-04-05,2700.0,nan,True,2017-04-04,Spec Period 1 (2017-05-01),advisory+snapshot-wayback,/notices/clearing/2017/04/Chadv17-124.html,False,
CL,2017-06-22,2500.0,nan,True,2017-06-21,Spec Period 1 (2017-08-01),advisory+snapshot-wayback,/notices/clearing/2017/06/Chadv17-234.html,False,
CL,2017-07-25,2400.0,,False,,front-tier snapshot,snapshot-wayback,CL_2014_to_present.pdf@20171129073711,False,
CL,2017-09-08,2400.0,nan,True,2017-09-07,Spec Period 1 (2017-10-01),advisory,/notices/clearing/2017/09/Chadv17-345.html,False,
CL,2017-10-02,2250.0,nan,True,2017-09-29,Spec Period 1 (2017-11-01),advisory+snapshot-wayback,/notices/clearing/2017/09/Chadv17-384.html,False,
CL,2017-12-05,2100.0,nan,True,2017-12-04,Spec Period 1 (2018-01-01),advisory,/notices/clearing/2017/12/Chadv17-470.html,False,
CL,2017-12-21,2100.0,nan,True,2017-12-20,Spec Period 1 (2018-02-01),advisory,/notices/clearing/2017/12/Chadv17-504.html,False,
CL,2018-01-05,1950.0,nan,True,2018-01-04,Spec Period 1 (2018-02-01),advisory,/notices/clearing/2018/01/Chadv18-005.html,False,
CL,2018-01-17,1950.0,nan,True,2018-01-16,Spec Period 1 (2018-02-01),advisory,/notices/clearing/2018/01/Chadv18-026.html,False,
CL,2018-02-14,2100.0,nan,True,2018-02-13,Spec Period 1 (2018-03-01),advisory,/notices/clearing/2018/02/Chadv18-067.html,False,
CL,2018-02-20,2100.0,nan,True,2018-02-16,Spec Period 1 (2018-03-01),advisory,/notices/clearing/2018/02/Chadv18-073.html,False,
CL,2018-03-02,2100.0,nan,True,2018-03-01,Spec Period 1 (2018-04-01),advisory,/notices/clearing/2018/03/Chadv18-089.html,False,
CL,2018-03-07,2100.0,nan,True,2018-03-06,Spec Period 1 (2018-04-01),advisory,/notices/clearing/2018/03/Chadv18-097.html,False,
CL,2018-03-26,2100.0,nan,True,2018-03-23,Spec Period 1 (2018-05-01),advisory,/notices/clearing/2018/03/Chadv18-127.html,False,
CL,2018-05-11,2450.0,nan,True,2018-05-10,Spec Period 1 (2018-06-01),advisory,/notices/clearing/2018/05/Chadv18-187.html,False,
CL,2018-05-30,2550.0,nan,True,2018-05-29,Spec Period 1 (2018-07-01),advisory,/notices/clearing/2018/05/Chadv18-211.html,False,
CL,2018-06-20,2550.0,nan,True,2018-06-19,Spec Period 1 (2018-07-01),advisory,/notices/clearing/2018/06/Chadv18-250.html,False,
CL,2018-06-26,2750.0,nan,True,2018-06-25,Spec Period 1 (2018-08-01),advisory,/notices/clearing/2018/06/Chadv18-258.html,False,
CL,2018-06-29,2950.0,nan,True,2018-06-28,Spec Period 1 (2018-08-01),advisory,/notices/clearing/2018/06/Chadv18-260.html,False,
CL,2018-07-05,2950.0,nan,True,2018-07-03,Spec Period 1 (2018-08-01),advisory,/notices/clearing/2018/07/Chadv18-274.html,False,
CL,2018-07-09,2950.0,nan,True,2018-07-06,Spec Period 1 (2018-08-01),advisory,/notices/clearing/2018/07/Chadv18-277.html,False,
CL,2018-07-13,3250.0,nan,True,2018-07-12,Spec Period 1 (2018-08-01),advisory,/notices/clearing/2018/07/Chadv18-285.html,False,
CL,2018-07-18,3450.0,nan,True,2018-07-17,Spec Period 1 (2018-08-01),advisory,/notices/clearing/2018/07/Chadv18-294.html,False,
CL,2018-08-28,3100.0,nan,True,2018-08-27,Spec Period 1 (2018-10-01),advisory,/notices/clearing/2018/08/Chadv18-339.html,False,
CL,2018-09-18,3100.0,nan,True,2018-09-17,Spec Period 1 (2018-10-01),advisory,/notices/clearing/2018/09/Chadv18-370.html,False,
CL,2018-09-28,3100.0,nan,True,2018-09-27,Spec Period 1 (2018-11-01),advisory,/notices/clearing/2018/09/Chadv18-394.html,False,
CL,2018-10-10,3100.0,nan,True,2018-10-09,Spec Period 1 (2018-11-01),advisory,/notices/clearing/2018/10/Chadv18-405.html,False,
CL,2018-11-09,3100.0,nan,True,2018-11-08,Spec Period 1 (2018-12-01),advisory,/notices/clearing/2018/11/Chadv18-444.html,False,
CL,2018-11-15,3550.0,nan,True,2018-11-14,Spec Period 1 (2018-12-01),advisory,/notices/clearing/2018/11/Chadv18-453.html,False,
CL,2018-11-23,3650.0,nan,True,2018-11-21,Spec Period 1 (2019-01-01),advisory,/notices/clearing/2018/11/Chadv18-465.html,False,
CL,2018-11-27,4100.0,nan,True,2018-11-26,Spec Period 1 (2019-01-01),advisory,/notices/clearing/2018/11/Chadv18-468.html,False,
CL,2018-11-30,3650.0,nan,True,2018-11-29,Spec Period 1 (2019-01-01),advisory,/notices/clearing/2018/11/Chadv18-472.html,False,
CL,2018-12-04,4275.0,nan,True,2018-12-03,Spec Period 1 (2019-01-01),advisory,/notices/clearing/2018/12/Chadv18-475.html,False,
CL,2018-12-28,4275.0,nan,True,2018-12-27,Spec Period 1 (2019-02-01),advisory,/notices/clearing/2018/12/Chadv18-503.html,False,
CL,2019-02-07,3900.0,nan,True,2019-02-06,Spec Period 1 (2019-03-01),advisory,/notices/clearing/2019/02/Chadv19-049.html,False,
CL,2019-03-07,3700.0,nan,True,2019-03-06,Spec Period 1 (2019-04-01),advisory,/notices/clearing/2019/03/Chadv19-081.html,False,
CL,2019-03-29,3400.0,nan,True,2019-03-28,Spec Period 1 (2019-05-01),advisory,/notices/clearing/2019/03/Chadv19-113.html,False,
CL,2019-05-01,3150.0,nan,True,2019-04-30,Spec Period 1 (2019-06-01),advisory,/notices/clearing/2019/04/Chadv19-137.html,False,
CL,2019-06-12,3450.0,nan,True,2019-06-11,Spec Period 1 (2019-07-01),advisory,/notices/clearing/2019/06/Chadv19-181.html,False,
CL,2019-06-21,3650.0,nan,True,2019-06-20,Spec Period 1 (2019-08-01),advisory,/notices/clearing/2019/06/Chadv19-196.html,False,
CL,2019-08-07,3650.0,nan,True,2019-08-06,Spec Period 1 (2019-09-01),advisory,/notices/clearing/2019/08/Chadv19-255.html,False,
CL,2019-09-13,3650.0,nan,True,2019-09-12,Spec Period 1 (2019-10-01),advisory,/notices/clearing/2019/09/Chadv19-300.html,False,
CL,2019-09-17,4350.0,nan,True,2019-09-16,Spec Period 1 (2019-10-01),advisory,/notices/clearing/2019/09/Chadv19-305.html,False,
CL,2019-09-19,4500.0,nan,True,2019-09-18,Spec Period 1 (2019-10-01),advisory,/notices/clearing/2019/09/Chadv19-312.html,False,
CL,2019-10-16,4500.0,nan,True,2019-10-15,Spec Period 1 (2019-11-01),advisory,/notices/clearing/2019/10/Chadv19-342.html,False,
CL,2019-10-23,4350.0,nan,True,2019-10-22,Spec Period 1 (2019-12-01),advisory,/notices/clearing/2019/10/Chadv19-351.html,False,
CL,2019-11-13,4000.0,nan,True,2019-11-12,Spec Period 1 (2019-12-01),advisory,/notices/clearing/2019/11/Chadv19-377.html,False,
CL,2019-12-11,3750.0,nan,True,2019-12-10,Spec Period 1 (2020-01-01),advisory,/notices/clearing/2019/12/Chadv19-408.html,False,
CL,2020-01-08,3750.0,nan,True,2020-01-07,Spec Period 1 (2020-02-01),advisory,/notices/clearing/2020/01/Chadv20-010.html,False,
CL,2020-01-29,3500.0,nan,True,2020-01-28,Spec Period 1 (2020-03-01),advisory,/notices/clearing/2020/01/Chadv20-033.html,False,
CL,2020-02-27,3500.0,nan,True,2020-02-26,Spec Period 1 (2020-04-01),advisory,/notices/clearing/2020/02/Chadv20-062.html,False,
CL,2020-03-10,4100.0,nan,True,2020-03-09,Spec Period 1 (2020-04-01),advisory,/notices/clearing/2020/03/Chadv20-084.html,False,
CL,2020-03-12,4650.0,nan,True,2020-03-11,Spec Period 1 (2020-04-01),advisory,/notices/clearing/2020/03/Chadv20-092.html,False,
CL,2020-03-20,5600.0,nan,True,2020-03-19,Spec Period 1 (2020-04-01),advisory,/notices/clearing/2020/03/Chadv20-117.html,False,
CL,2020-03-31,5600.0,nan,True,2020-03-30,Spec Period 1 (2020-05-01),advisory,/notices/clearing/2020/03/Chadv20-135.html,False,
CL,2020-04-03,6350.0,nan,True,2020-04-02,Spec Period 1 (2020-05-01),advisory,/notices/clearing/2020/04/Chadv20-144.html,False,
CL,2020-04-07,6700.0,nan,True,2020-04-06,Spec Period 1 (2020-05-01),advisory,/notices/clearing/2020/04/Chadv20-148.html,False,
CL,2020-04-14,6700.0,nan,True,2020-04-13,Spec Period 1 (2020-05-01),advisory,/notices/clearing/2020/04/Chadv20-153.html,False,
CL,2020-04-17,7500.0,nan,True,2020-04-16,Spec Period 1 (2020-05-01),advisory,/notices/clearing/2020/04/Chadv20-163.html,False,
CL,2020-04-22,8500.0,nan,True,2020-04-21,Spec Period 1 (2020-06-01),advisory,/notices/clearing/2020/04/Chadv20-170.html,False,
CL,2020-04-24,10000.0,nan,True,2020-04-23,Spec Period 1 (2020-06-01),advisory,/notices/clearing/2020/04/Chadv20-175.html,False,
CL,2020-05-13,12000.0,nan,True,2020-05-12,Spec Period 1 (2020-06-01),advisory,/notices/clearing/2020/05/Chadv20-193.html,False,
CL,2020-05-19,9000.0,nan,True,2020-05-18,Spec Period 1 (2020-06-01),advisory,/notices/clearing/2020/05/Chadv20-201.html,False,
CL,2020-06-05,9000.0,nan,True,2020-06-04,Spec Period 1 (2020-07-01),advisory,/notices/clearing/2020/06/Chadv20-226.html,False,
CL,2020-06-22,7800.0,nan,True,2020-06-19,Spec Period 1 (2020-07-01),advisory,/notices/clearing/2020/06/Chadv20-248.html,False,
CL,2020-06-24,7800.0,,False,,front-tier snapshot,snapshot-wayback,CL-2020-to-2023-10-19.pdf@20250910101914,False,
CL,2020-07-07,6800.0,nan,True,2020-07-06,Spec Period 1 (2020-08-01),advisory+snapshot-wayback+snapshot-live,/notices/clearing/2020/07/Chadv20-261.html,False,
CL,2020-07-24,6200.0,nan,True,2020-07-23,Spec Period 1 (2020-09-01),advisory+snapshot-wayback+snapshot-live,/notices/clearing/2020/07/Chadv20-289.html,False,
CL,2020-09-16,5500.0,,False,,front-tier snapshot,snapshot-wayback+snapshot-live,CL-2020-to-2023-10-19.pdf@20260823084623,False,
CL,2020-10-07,5100.0,,False,,front-tier snapshot,snapshot-wayback+snapshot-live,CL-2020-to-2023-10-19.pdf@20260823084623,False,
CL,2020-11-06,4750.0,,False,,front-tier snapshot,snapshot-wayback+snapshot-live,CL-2020-to-2023-10-19.pdf@20260823084623,False,
CL,2021-01-06,4525.0,,False,,front-tier snapshot,snapshot-wayback+snapshot-live,CL-2020-to-2023-10-19.pdf@20260823084623,False,
CL,2021-03-22,5100.0,,False,,front-tier snapshot,snapshot-wayback+snapshot-live,CL-2020-to-2023-10-19.pdf@20260823084623,False,
CL,2021-04-23,5300.0,,False,,front-tier snapshot,snapshot-wayback+snapshot-live,CL-2020-to-2023-10-19.pdf@20260823084623,False,
CL,2021-07-21,5450.0,,False,,front-tier snapshot,snapshot-wayback+snapshot-live,CL-2020-to-2023-10-19.pdf@20260823084623,False,
CL,2021-08-20,5300.0,,False,,front-tier snapshot,snapshot-wayback+snapshot-live,CL-2020-to-2023-10-19.pdf@20260823084623,False,
CL,2021-08-27,5100.0,,False,,front-tier snapshot,snapshot-wayback+snapshot-live,CL-2020-to-2023-10-19.pdf@20260823084623,False,
CL,2021-11-30,5850.0,,False,,front-tier snapshot,snapshot-wayback+snapshot-live,CL-2020-to-2023-10-19.pdf@20260823084623,False,
CL,2022-01-20,6150.0,,False,,front-tier snapshot,snapshot-wayback+snapshot-live,CL-2020-to-2023-10-19.pdf@20260823084623,False,
CL,2022-02-07,6800.0,,False,,front-tier snapshot,snapshot-wayback+snapshot-live,CL-2020-to-2023-10-19.pdf@20260823084623,False,
CL,2022-02-23,7600.0,,False,,front-tier snapshot,snapshot-wayback+snapshot-live,CL-2020-to-2023-10-19.pdf@20260823084623,False,
CL,2022-02-28,8000.0,,False,,front-tier snapshot,snapshot-wayback+snapshot-live,CL-2020-to-2023-10-19.pdf@20260823084623,False,
CL,2022-03-02,9000.0,,False,,front-tier snapshot,snapshot-wayback+snapshot-live,CL-2020-to-2023-10-19.pdf@20260823084623,False,
CL,2022-03-04,10500.0,,False,,front-tier snapshot,snapshot-wayback+snapshot-live,CL-2020-to-2023-10-19.pdf@20260823084623,False,
CL,2022-03-07,12000.0,,False,,front-tier snapshot,snapshot-wayback+snapshot-live,CL-2020-to-2023-10-19.pdf@20260823084623,False,
CL,2022-03-25,10750.0,,False,,front-tier snapshot,snapshot-wayback+snapshot-live,CL-2020-to-2023-10-19.pdf@20260823084623,False,
CL,2022-04-06,9500.0,,False,,front-tier snapshot,snapshot-wayback+snapshot-live,CL-2020-to-2023-10-19.pdf@20260823084623,False,
CL,2022-04-12,8750.0,,False,,front-tier snapshot,snapshot-wayback+snapshot-live,CL-2020-to-2023-10-19.pdf@20260823084623,False,
CL,2022-06-02,8350.0,,False,,front-tier snapshot,snapshot-wayback+snapshot-live,CL-2020-to-2023-10-19.pdf@20260823084623,False,
CL,2022-07-08,8600.0,,False,,front-tier snapshot,snapshot-wayback+snapshot-live,CL-2020-to-2023-10-19.pdf@20260823084623,False,
CL,2022-09-20,8450.0,,False,,front-tier snapshot,snapshot-wayback+snapshot-live,CL-2020-to-2023-10-19.pdf@20260823084623,False,
CL,2022-10-07,7500.0,,False,,front-tier snapshot,snapshot-wayback+snapshot-live,CL-2020-to-2023-10-19.pdf@20260823084623,False,
CL,2022-12-07,7000.0,,False,,front-tier snapshot,snapshot-wayback+snapshot-live,CL-2020-to-2023-10-19.pdf@20260823084623,False,
CL,2023-02-10,6600.0,,False,,front-tier snapshot,snapshot-wayback+snapshot-live,CL-2020-to-2023-10-19.pdf@20260823084623,False,
CL,2023-03-17,6000.0,,False,,front-tier snapshot,snapshot-wayback+snapshot-live,CL-2020-to-2023-10-19.pdf@20260823084623,False,
CL,2023-03-24,5800.0,,False,,front-tier snapshot,snapshot-wayback+snapshot-live,CL-2020-to-2023-10-19.pdf@20260823084623,False,
CL,2023-08-11,6200.0,,False,,front-tier snapshot,snapshot-wayback+snapshot-live,CL-2020-to-2023-10-19.pdf@20260823084623,False,
CL,2023-08-18,6600.0,,False,,front-tier snapshot,snapshot-wayback+snapshot-live,CL-2020-to-2023-10-19.pdf@20260823084623,False,
CL,2023-10-20,6887.0,,False,,front-tier snapshot,snapshot-wayback+snapshot-live,CL-2023-to-present.pdf@20260823084623,False,
CL,2023-10-23,6620.0,,False,,front-tier snapshot,snapshot-wayback+snapshot-live,CL-2023-to-present.pdf@20260823084623,False,
CL,2023-10-24,6471.0,,False,,front-tier snapshot,snapshot-wayback+snapshot-live,CL-2023-to-present.pdf@20260823084623,False,
CL,2023-10-25,6593.0,,False,,front-tier snapshot,snapshot-wayback+snapshot-live,CL-2023-to-present.pdf@20260823084623,False,
CL,2023-10-26,6382.0,,False,,front-tier snapshot,snapshot-wayback+snapshot-live,CL-2023-to-present.pdf@20260823084623,False,
CL,2023-10-27,6625.0,,False,,front-tier snapshot,snapshot-wayback+snapshot-live,CL-2023-to-present.pdf@20260823084623,False,
CL,2023-10-30,6414.0,,False,,front-tier snapshot,snapshot-wayback+snapshot-live,CL-2023-to-present.pdf@20260823084623,False,
CL,2023-10-31,6300.0,,False,,front-tier snapshot,snapshot-wayback+snapshot-live,CL-2023-to-present.pdf@20260823084623,False,
CL,2023-11-01,6279.0,,False,,front-tier snapshot,snapshot-wayback+snapshot-live,CL-2023-to-present.pdf@20260823084623,False,
CL,2023-11-02,6405.0,,False,,front-tier snapshot,snapshot-wayback+snapshot-live,CL-2023-to-present.pdf@20260823084623,False,
CL,2023-11-03,6297.0,,False,,front-tier snapshot,snapshot-wayback+snapshot-live,CL-2023-to-present.pdf@20260823084623,False,
CL,2023-11-06,6312.0,,False,,front-tier snapshot,snapshot-wayback+snapshot-live,CL-2023-to-present.pdf@20260823084623,False,
CL,2023-11-07,6231.0,,False,,front-tier snapshot,snapshot-wayback+snapshot-live,CL-2023-to-present.pdf@20260823084623,False,
CL,2023-11-08,6201.0,,False,,front-tier snapshot,snapshot-wayback+snapshot-live,CL-2023-to-present.pdf@20260823084623,False,
CL,2023-11-09,6200.0,,False,,front-tier snapshot,snapshot-wayback+snapshot-live,CL-2023-to-present.pdf@20260823084623,False,
CL,2023-11-10,6244.0,,False,,front-tier snapshot,snapshot-wayback+snapshot-live,CL-2023-to-present.pdf@20260823084623,False,
CL,2023-11-13,6284.0,,False,,front-tier snapshot,snapshot-wayback+snapshot-live,CL-2023-to-present.pdf@20260823084623,False,
CL,2023-11-14,6286.0,,False,,front-tier snapshot,snapshot-wayback+snapshot-live,CL-2023-to-present.pdf@20260823084623,False,
CL,2023-11-15,6236.0,,False,,front-tier snapshot,snapshot-wayback+snapshot-live,CL-2023-to-present.pdf@20260823084623,False,
CL,2023-11-16,6152.0,,False,,front-tier snapshot,snapshot-wayback+snapshot-live,CL-2023-to-present.pdf@20260823084623,False,
CL,2023-11-17,6281.0,,False,,front-tier snapshot,snapshot-wayback+snapshot-live,CL-2023-to-present.pdf@20260823084623,False,
CL,2023-11-20,6342.0,,False,,front-tier snapshot,snapshot-wayback+snapshot-live,CL-2023-to-present.pdf@20260823084623,False,
CL,2023-11-21,6157.0,,False,,front-tier snapshot,snapshot-wayback+snapshot-live,CL-2023-to-present.pdf@20260823084623,False,
CL,2023-11-22,6166.0,,False,,front-tier snapshot,snapshot-wayback+snapshot-live,CL-2023-to-present.pdf@20260823084623,False,
CL,2023-11-24,6109.0,,False,,front-tier snapshot,snapshot-wayback+snapshot-live,CL-2023-to-present.pdf@20260823084623,False,
CL,2023-11-27,6091.0,,False,,front-tier snapshot,snapshot-wayback+snapshot-live,CL-2023-to-present.pdf@20260823084623,False,
CL,2023-11-28,6130.0,,False,,front-tier snapshot,snapshot-wayback+snapshot-live,CL-2023-to-present.pdf@20260823084623,False,
CL,2023-11-29,6172.0,,False,,front-tier snapshot,snapshot-wayback+snapshot-live,CL-2023-to-present.pdf@20260823084623,False,
CL,2023-11-30,6130.0,,False,,front-tier snapshot,snapshot-wayback+snapshot-live,CL-2023-to-present.pdf@20260823084623,False,
CL,2023-12-01,6099.0,,False,,front-tier snapshot,snapshot-wayback+snapshot-live,CL-2023-to-present.pdf@20260823084623,False,
CL,2023-12-04,6084.0,,False,,front-tier snapshot,snapshot-wayback+snapshot-live,CL-2023-to-present.pdf@20260823084623,False,
CL,2023-12-05,6109.0,,False,,front-tier snapshot,snapshot-wayback+snapshot-live,CL-2023-to-present.pdf@20260823084623,False,
CL,2023-12-06,6097.0,,False,,front-tier snapshot,snapshot-wayback+snapshot-live,CL-2023-to-present.pdf@20260823084623,False,
CL,2023-12-07,6096.0,,False,,front-tier snapshot,snapshot-wayback+snapshot-live,CL-2023-to-present.pdf@20260823084623,False,
CL,2023-12-08,6131.0,,False,,front-tier snapshot,snapshot-wayback+snapshot-live,CL-2023-to-present.pdf@20260823084623,False,
CL,2023-12-11,6134.0,,False,,front-tier snapshot,snapshot-wayback+snapshot-live,CL-2023-to-present.pdf@20260823084623,False,
CL,2023-12-12,6144.0,,False,,front-tier snapshot,snapshot-wayback+snapshot-live,CL-2023-to-present.pdf@20260823084623,False,
CL,2023-12-13,6155.0,,False,,front-tier snapshot,snapshot-wayback+snapshot-live,CL-2023-to-present.pdf@20260823084623,False,
CL,2023-12-14,6200.0,,False,,front-tier snapshot,snapshot-wayback+snapshot-live,CL-2023-to-present.pdf@20260823084623,False,
CL,2023-12-15,6125.0,,False,,front-tier snapshot,snapshot-wayback+snapshot-live,CL-2023-to-present.pdf@20260823084623,False,
CL,2023-12-18,6239.0,,False,,front-tier snapshot,snapshot-wayback+snapshot-live,CL-2023-to-present.pdf@20260823084623,False,
CL,2023-12-19,6202.0,,False,,front-tier snapshot,snapshot-wayback+snapshot-live,CL-2023-to-present.pdf@20260823084623,False,
CL,2023-12-20,6080.0,,False,,front-tier snapshot,snapshot-wayback+snapshot-live,CL-2023-to-present.pdf@20260823084623,False,
CL,2023-12-21,6082.0,,False,,front-tier snapshot,snapshot-wayback+snapshot-live,CL-2023-to-present.pdf@20260823084623,False,
CL,2023-12-22,6092.0,,False,,front-tier snapshot,snapshot-wayback+snapshot-live,CL-2023-to-present.pdf@20260823084623,False,
CL,2023-12-26,6137.0,,False,,front-tier snapshot,snapshot-wayback+snapshot-live,CL-2023-to-present.pdf@20260823084623,False,
CL,2023-12-27,6115.0,,False,,front-tier snapshot,snapshot-wayback+snapshot-live,CL-2023-to-present.pdf@20260823084623,False,
CL,2023-12-28,6109.0,,False,,front-tier snapshot,snapshot-wayback+snapshot-live,CL-2023-to-present.pdf@20260823084623,False,
CL,2023-12-29,6124.0,,False,,front-tier snapshot,snapshot-wayback+snapshot-live,CL-2023-to-present.pdf@20260823084623,False,
CL,2024-01-02,6128.0,,False,,front-tier snapshot,snapshot-wayback+snapshot-live,CL-2023-to-present.pdf@20260823084623,False,
CL,2024-01-03,6145.0,,False,,front-tier snapshot,snapshot-wayback+snapshot-live,CL-2023-to-present.pdf@20260823084623,False,
CL,2024-01-04,6155.0,,False,,front-tier snapshot,snapshot-wayback+snapshot-live,CL-2023-to-present.pdf@20260823084623,False,
CL,2024-01-05,6134.0,,False,,front-tier snapshot,snapshot-wayback+snapshot-live,CL-2023-to-present.pdf@20260823084623,False,
CL,2024-01-08,6060.0,,False,,front-tier snapshot,snapshot-wayback+snapshot-live,CL-2023-to-present.pdf@20260823084623,False,
CL,2024-01-09,6075.0,,False,,front-tier snapshot,snapshot-wayback+snapshot-live,CL-2023-to-present.pdf@20260823084623,False,
CL,2024-01-10,6182.0,,False,,front-tier snapshot,snapshot-wayback+snapshot-live,CL-2023-to-present.pdf@20260823084623,False,
CL,2024-01-11,6084.0,,False,,front-tier snapshot,snapshot-wayback+snapshot-live,CL-2023-to-present.pdf@20260823084623,False,
CL,2024-01-12,6192.0,,False,,front-tier snapshot,snapshot-wayback+snapshot-live,CL-2023-to-present.pdf@20260823084623,False,
CL,2024-01-16,6171.0,,False,,front-tier snapshot,snapshot-wayback+snapshot-live,CL-2023-to-present.pdf@20260823084623,False,
CL,2024-01-17,6192.0,,False,,front-tier snapshot,snapshot-wayback+snapshot-live,CL-2023-to-present.pdf@20260823084623,False,
CL,2024-01-18,6201.0,,False,,front-tier snapshot,snapshot-wayback+snapshot-live,CL-2023-to-present.pdf@20260823084623,False,
CL,2024-01-19,6217.0,,False,,front-tier snapshot,snapshot-wayback+snapshot-live,CL-2023-to-present.pdf@20260823084623,False,
CL,2024-01-22,6184.0,,False,,front-tier snapshot,snapshot-wayback+snapshot-live,CL-2023-to-present.pdf@20260823084623,False,
CL,2024-01-23,6097.0,,False,,front-tier snapshot,snapshot-wayback+snapshot-live,CL-2023-to-present.pdf@20260823084623,False,
CL,2024-01-24,6117.0,,False,,front-tier snapshot,snapshot-wayback+snapshot-live,CL-2023-to-present.pdf@20260823084623,False,
CL,2024-01-25,6189.0,,False,,front-tier snapshot,snapshot-wayback+snapshot-live,CL-2023-to-present.pdf@20260823084623,False,
CL,2024-01-26,6214.0,,False,,front-tier snapshot,snapshot-wayback+snapshot-live,CL-2023-to-present.pdf@20260823084623,False,
CL,2024-01-29,6195.0,,False,,front-tier snapshot,snapshot-wayback+snapshot-live,CL-2023-to-present.pdf@20260823084623,False,
CL,2024-01-30,6224.0,,False,,front-tier snapshot,snapshot-wayback+snapshot-live,CL-2023-to-present.pdf@20260823084623,False,
CL,2024-01-31,6197.0,,False,,front-tier snapshot,snapshot-wayback+snapshot-live,CL-2023-to-present.pdf@20260823084623,False,
CL,2024-02-01,6158.0,,False,,front-tier snapshot,snapshot-wayback+snapshot-live,CL-2023-to-present.pdf@20260823084623,False,
CL,2024-02-02,6063.0,,False,,front-tier snapshot,snapshot-wayback+snapshot-live,CL-2023-to-present.pdf@20260823084623,False,
CL,2024-02-05,6085.0,,False,,front-tier snapshot,snapshot-wayback+snapshot-live,CL-2023-to-present.pdf@20260823084623,False,
CL,2024-02-07,6193.0,,False,,front-tier snapshot,snapshot-wayback+snapshot-live,CL-2023-to-present.pdf@20260823084623,False,
CL,2024-02-08,6247.0,,False,,front-tier snapshot,snapshot-wayback+snapshot-live,CL-2023-to-present.pdf@20260823084623,False,
CL,2024-02-09,6275.0,,False,,front-tier snapshot,snapshot-wayback+snapshot-live,CL-2023-to-present.pdf@20260823084623,False,
CL,2024-02-12,6235.0,,False,,front-tier snapshot,snapshot-wayback+snapshot-live,CL-2023-to-present.pdf@20260823084623,False,
CL,2024-02-13,6188.0,,False,,front-tier snapshot,snapshot-wayback+snapshot-live,CL-2023-to-present.pdf@20260823084623,False,
CL,2024-02-14,6249.0,,False,,front-tier snapshot,snapshot-wayback+snapshot-live,CL-2023-to-present.pdf@20260823084623,False,
CL,2024-02-15,6307.0,,False,,front-tier snapshot,snapshot-wayback+snapshot-live,CL-2023-to-present.pdf@20260823084623,False,
CL,2024-02-16,6139.0,,False,,front-tier snapshot,snapshot-wayback+snapshot-live,CL-2023-to-present.pdf@20260823084623,False,
CL,2024-02-20,6186.0,,False,,front-tier snapshot,snapshot-wayback+snapshot-live,CL-2023-to-present.pdf@20260823084623,False,
CL,2024-02-21,6102.0,,False,,front-tier snapshot,snapshot-wayback+snapshot-live,CL-2023-to-present.pdf@20260823084623,False,
CL,2024-02-22,6111.0,,False,,front-tier snapshot,snapshot-wayback+snapshot-live,CL-2023-to-present.pdf@20260823084623,False,
CL,2024-02-23,6106.0,,False,,front-tier snapshot,snapshot-wayback+snapshot-live,CL-2023-to-present.pdf@20260823084623,False,
CL,2024-02-26,6110.0,,False,,front-tier snapshot,snapshot-wayback+snapshot-live,CL-2023-to-present.pdf@20260823084623,False,
CL,2024-02-27,6130.0,,False,,front-tier snapshot,snapshot-wayback+snapshot-live,CL-2023-to-present.pdf@20260823084623,False,
CL,2024-02-28,6056.0,,False,,front-tier snapshot,snapshot-wayback+snapshot-live,CL-2023-to-present.pdf@20260823084623,False,
CL,2024-02-29,6039.0,,False,,front-tier snapshot,snapshot-wayback+snapshot-live,CL-2023-to-present.pdf@20260823084623,False,
CL,2024-03-01,6057.0,,False,,front-tier snapshot,snapshot-wayback+snapshot-live,CL-2023-to-present.pdf@20260823084623,False,
CL,2024-03-04,6112.0,,False,,front-tier snapshot,snapshot-wayback+snapshot-live,CL-2023-to-present.pdf@20260823084623,False,
CL,2024-03-05,6123.0,,False,,front-tier snapshot,snapshot-wayback+snapshot-live,CL-2023-to-present.pdf@20260823084623,False,
CL,2024-03-06,6144.0,,False,,front-tier snapshot,snapshot-wayback+snapshot-live,CL-2023-to-present.pdf@20260823084623,False,
CL,2024-03-07,6132.0,,False,,front-tier snapshot,snapshot-wayback+snapshot-live,CL-2023-to-present.pdf@20260823084623,False,
CL,2024-03-08,6142.0,,False,,front-tier snapshot,snapshot-wayback+snapshot-live,CL-2023-to-present.pdf@20260823084623,False,
CL,2024-03-11,6146.0,,False,,front-tier snapshot,snapshot-wayback+snapshot-live,CL-2023-to-present.pdf@20260823084623,False,
CL,2024-03-12,6156.0,,False,,front-tier snapshot,snapshot-wayback+snapshot-live,CL-2023-to-present.pdf@20260823084623,False,
CL,2024-03-13,6158.0,,False,,front-tier snapshot,snapshot-wayback+snapshot-live,CL-2023-to-present.pdf@20260823084623,False,
CL,2024-03-14,6184.0,,False,,front-tier snapshot,snapshot-wayback+snapshot-live,CL-2023-to-present.pdf@20260823084623,False,
CL,2024-03-15,6192.0,,False,,front-tier snapshot,snapshot-wayback+snapshot-live,CL-2023-to-present.pdf@20260823084623,False,
CL,2024-03-18,6259.0,,False,,front-tier snapshot,snapshot-wayback+snapshot-live,CL-2023-to-present.pdf@20260823084623,False,
CL,2024-03-19,6293.0,,False,,front-tier snapshot,snapshot-wayback+snapshot-live,CL-2023-to-present.pdf@20260823084623,False,
CL,2024-03-20,6263.0,,False,,front-tier snapshot,snapshot-wayback+snapshot-live,CL-2023-to-present.pdf@20260823084623,False,
CL,2024-03-21,6081.0,,False,,front-tier snapshot,snapshot-wayback+snapshot-live,CL-2023-to-present.pdf@20260823084623,False,
CL,2024-03-22,6080.0,,False,,front-tier snapshot,snapshot-wayback+snapshot-live,CL-2023-to-present.pdf@20260823084623,False,
CL,2024-03-25,6119.0,,False,,front-tier snapshot,snapshot-wayback+snapshot-live,CL-2023-to-present.pdf@20260823084623,False,
CL,2024-03-26,6102.0,,False,,front-tier snapshot,snapshot-wayback+snapshot-live,CL-2023-to-present.pdf@20260823084623,False,
CL,2024-03-27,6107.0,,False,,front-tier snapshot,snapshot-wayback+snapshot-live,CL-2023-to-present.pdf@20260823084623,False,
CL,2024-03-28,6155.0,,False,,front-tier snapshot,snapshot-wayback+snapshot-live,CL-2023-to-present.pdf@20260823084623,False,
CL,2024-04-01,6173.0,,False,,front-tier snapshot,snapshot-wayback+snapshot-live,CL-2023-to-present.pdf@20260823084623,False,
CL,2024-04-02,6214.0,,False,,front-tier snapshot,snapshot-wayback+snapshot-live,CL-2023-to-present.pdf@20260823084623,False,
CL,2024-04-03,6246.0,,False,,front-tier snapshot,snapshot-wayback+snapshot-live,CL-2023-to-present.pdf@20260823084623,False,
CL,2024-04-04,6267.0,,False,,front-tier snapshot,snapshot-wayback+snapshot-live,CL-2023-to-present.pdf@20260823084623,False,
CL,2024-04-05,6285.0,,False,,front-tier snapshot,snapshot-wayback+snapshot-live,CL-2023-to-present.pdf@20260823084623,False,
CL,2024-04-08,6278.0,,False,,front-tier snapshot,snapshot-wayback+snapshot-live,CL-2023-to-present.pdf@20260823084623,False,
CL,2024-04-09,6251.0,,False,,front-tier snapshot,snapshot-wayback+snapshot-live,CL-2023-to-present.pdf@20260823084623,False,
CL,2024-04-10,6289.0,,False,,front-tier snapshot,snapshot-wayback+snapshot-live,CL-2023-to-present.pdf@20260823084623,False,
CL,2024-04-11,6274.0,,False,,front-tier snapshot,snapshot-wayback+snapshot-live,CL-2023-to-present.pdf@20260823084623,False,
CL,2024-04-12,6257.0,,False,,front-tier snapshot,snapshot-wayback+snapshot-live,CL-2023-to-present.pdf@20260823084623,False,
CL,2024-04-15,6272.0,,False,,front-tier snapshot,snapshot-wayback+snapshot-live,CL-2023-to-present.pdf@20260823084623,False,
CL,2024-04-16,6277.0,,False,,front-tier snapshot,snapshot-wayback+snapshot-live,CL-2023-to-present.pdf@20260823084623,False,
CL,2024-04-17,6230.0,,False,,front-tier snapshot,snapshot-wayback+snapshot-live,CL-2023-to-present.pdf@20260823084623,False,
CL,2024-04-18,6238.0,,False,,front-tier snapshot,snapshot-wayback+snapshot-live,CL-2023-to-present.pdf@20260823084623,False,
CL,2024-04-19,6281.0,,False,,front-tier snapshot,snapshot-wayback+snapshot-live,CL-2023-to-present.pdf@20260823084623,False,
CL,2024-04-22,6268.0,,False,,front-tier snapshot,snapshot-wayback+snapshot-live,CL-2023-to-present.pdf@20260823084623,False,
CL,2024-04-23,6101.0,,False,,front-tier snapshot,snapshot-wayback+snapshot-live,CL-2023-to-present.pdf@20260823084623,False,
CL,2024-04-24,6091.0,,False,,front-tier snapshot,snapshot-wayback+snapshot-live,CL-2023-to-present.pdf@20260823084623,False,
CL,2024-04-25,6112.0,,False,,front-tier snapshot,snapshot-wayback+snapshot-live,CL-2023-to-present.pdf@20260823084623,False,
CL,2024-04-26,6099.0,,False,,front-tier snapshot,snapshot-wayback+snapshot-live,CL-2023-to-present.pdf@20260823084623,False,
CL,2024-04-29,6061.0,,False,,front-tier snapshot,snapshot-wayback+snapshot-live,CL-2023-to-present.pdf@20260823084623,False,
CL,2024-04-30,6063.0,,False,,front-tier snapshot,snapshot-wayback+snapshot-live,CL-2023-to-present.pdf@20260823084623,False,
CL,2024-05-01,6056.0,,False,,front-tier snapshot,snapshot-wayback+snapshot-live,CL-2023-to-present.pdf@20260823084623,False,
CL,2024-05-02,6058.0,,False,,front-tier snapshot,snapshot-wayback+snapshot-live,CL-2023-to-present.pdf@20260823084623,False,
CL,2024-05-03,6040.0,,False,,front-tier snapshot,snapshot-wayback+snapshot-live,CL-2023-to-present.pdf@20260823084623,False,
CL,2024-05-06,6047.0,,False,,front-tier snapshot,snapshot-wayback+snapshot-live,CL-2023-to-present.pdf@20260823084623,False,
CL,2024-05-07,6058.0,,False,,front-tier snapshot,snapshot-wayback+snapshot-live,CL-2023-to-present.pdf@20260823084623,False,
CL,2024-05-08,6068.0,,False,,front-tier snapshot,snapshot-wayback+snapshot-live,CL-2023-to-present.pdf@20260823084623,False,
CL,2024-05-09,6069.0,,False,,front-tier snapshot,snapshot-wayback+snapshot-live,CL-2023-to-present.pdf@20260823084623,False,
CL,2024-05-10,6092.0,,False,,front-tier snapshot,snapshot-wayback+snapshot-live,CL-2023-to-present.pdf@20260823084623,False,
CL,2024-05-13,6093.0,,False,,front-tier snapshot,snapshot-wayback+snapshot-live,CL-2023-to-present.pdf@20260823084623,False,
CL,2024-05-14,6099.0,,False,,front-tier snapshot,snapshot-wayback+snapshot-live,CL-2023-to-present.pdf@20260823084623,False,
CL,2024-05-15,6123.0,,False,,front-tier snapshot,snapshot-wayback+snapshot-live,CL-2023-to-present.pdf@20260823084623,False,
CL,2024-05-16,6138.0,,False,,front-tier snapshot,snapshot-wayback+snapshot-live,CL-2023-to-present.pdf@20260823084623,False,
CL,2024-05-17,6164.0,,False,,front-tier snapshot,snapshot-wayback+snapshot-live,CL-2023-to-present.pdf@20260823084623,False,
CL,2024-05-20,6178.0,,False,,front-tier snapshot,snapshot-wayback+snapshot-live,CL-2023-to-present.pdf@20260823084623,False,
CL,2024-05-21,6159.0,,False,,front-tier snapshot,snapshot-wayback+snapshot-live,CL-2023-to-present.pdf@20260823084623,False,
CL,2024-05-22,5996.0,,False,,front-tier snapshot,snapshot-wayback+snapshot-live,CL-2023-to-present.pdf@20260823084623,False,
CL,2024-05-23,5992.0,,False,,front-tier snapshot,snapshot-wayback+snapshot-live,CL-2023-to-present.pdf@20260823084623,False,
CL,2024-05-24,6001.0,,False,,front-tier snapshot,snapshot-wayback+snapshot-live,CL-2023-to-present.pdf@20260823084623,False,
CL,2024-05-28,6008.0,,False,,front-tier snapshot,snapshot-wayback+snapshot-live,CL-2023-to-present.pdf@20260823084623,False,
CL,2024-05-29,5995.0,,False,,front-tier snapshot,snapshot-wayback+snapshot-live,CL-2023-to-present.pdf@20260823084623,False,
CL,2024-05-30,5993.0,,False,,front-tier snapshot,snapshot-wayback+snapshot-live,CL-2023-to-present.pdf@20260823084623,False,
CL,2024-05-31,5988.0,,False,,front-tier snapshot,snapshot-wayback+snapshot-live,CL-2023-to-present.pdf@20260823084623,False,
CL,2024-06-03,5987.0,,False,,front-tier snapshot,snapshot-wayback+snapshot-live,CL-2023-to-present.pdf@20260823084623,False,
CL,2024-06-04,5997.0,,False,,front-tier snapshot,snapshot-wayback+snapshot-live,CL-2023-to-present.pdf@20260823084623,False,
CL,2024-06-05,5948.0,,False,,front-tier snapshot,snapshot-wayback+snapshot-live,CL-2023-to-present.pdf@20260823084623,False,
CL,2024-06-06,5959.0,,False,,front-tier snapshot,snapshot-wayback+snapshot-live,CL-2023-to-present.pdf@20260823084623,False,
CL,2024-06-07,5967.0,,False,,front-tier snapshot,snapshot-wayback+snapshot-live,CL-2023-to-present.pdf@20260823084623,False,
CL,2024-06-10,5975.0,,False,,front-tier snapshot,snapshot-wayback+snapshot-live,CL-2023-to-present.pdf@20260823084623,False,
CL,2024-06-11,5990.0,,False,,front-tier snapshot,snapshot-wayback+snapshot-live,CL-2023-to-present.pdf@20260823084623,False,
CL,2024-06-12,6035.0,,False,,front-tier snapshot,snapshot-wayback+snapshot-live,CL-2023-to-present.pdf@20260823084623,False,
CL,2024-06-13,6046.0,,False,,front-tier snapshot,snapshot-wayback+snapshot-live,CL-2023-to-present.pdf@20260823084623,False,
CL,2024-06-14,6041.0,,False,,front-tier snapshot,snapshot-wayback+snapshot-live,CL-2023-to-present.pdf@20260823084623,False,
CL,2024-06-17,5990.0,,False,,front-tier snapshot,snapshot-wayback+snapshot-live,CL-2023-to-present.pdf@20260823084623,False,
CL,2024-06-18,6001.0,,False,,front-tier snapshot,snapshot-wayback+snapshot-live,CL-2023-to-present.pdf@20260823084623,False,
CL,2024-06-20,6029.0,,False,,front-tier snapshot,snapshot-wayback+snapshot-live,CL-2023-to-present.pdf@20260823084623,False,
CL,2024-06-21,5935.0,,False,,front-tier snapshot,snapshot-wayback+snapshot-live,CL-2023-to-present.pdf@20260823084623,False,
CL,2024-06-24,5974.0,,False,,front-tier snapshot,snapshot-wayback+snapshot-live,CL-2023-to-present.pdf@20260823084623,False,
CL,2024-06-25,5949.0,,False,,front-tier snapshot,snapshot-wayback+snapshot-live,CL-2023-to-present.pdf@20260823084623,False,
CL,2024-06-26,5950.0,,False,,front-tier snapshot,snapshot-wayback+snapshot-live,CL-2023-to-present.pdf@20260823084623,False,
CL,2024-06-27,5964.0,,False,,front-tier snapshot,snapshot-wayback+snapshot-live,CL-2023-to-present.pdf@20260823084623,False,
CL,2024-06-28,5968.0,,False,,front-tier snapshot,snapshot-wayback+snapshot-live,CL-2023-to-present.pdf@20260823084623,False,
CL,2024-07-01,6030.0,,False,,front-tier snapshot,snapshot-wayback+snapshot-live,CL-2023-to-present.pdf@20260823084623,False,
CL,2024-07-02,6007.0,,False,,front-tier snapshot,snapshot-wayback+snapshot-live,CL-2023-to-present.pdf@20260823084623,False,
CL,2024-07-03,6048.0,,False,,front-tier snapshot,snapshot-wayback+snapshot-live,CL-2023-to-present.pdf@20260823084623,False,
CL,2024-07-05,6039.0,,False,,front-tier snapshot,snapshot-wayback+snapshot-live,CL-2023-to-present.pdf@20260823084623,False,
CL,2024-07-08,6019.0,,False,,front-tier snapshot,snapshot-wayback+snapshot-live,CL-2023-to-present.pdf@20260823084623,False,
CL,2024-07-09,5991.0,,False,,front-tier snapshot,snapshot-wayback+snapshot-live,CL-2023-to-present.pdf@20260823084623,False,
CL,2024-07-10,6003.0,,False,,front-tier snapshot,snapshot-wayback+snapshot-live,CL-2023-to-present.pdf@20260823084623,False,
CL,2024-07-11,6016.0,,False,,front-tier snapshot,snapshot-wayback+snapshot-live,CL-2023-to-present.pdf@20260823084623,False,
CL,2024-07-12,6013.0,,False,,front-tier snapshot,snapshot-wayback+snapshot-live,CL-2023-to-present.pdf@20260823084623,False,
CL,2024-07-16,5988.0,,False,,front-tier snapshot,snapshot-wayback+snapshot-live,CL-2023-to-present.pdf@20260823084623,False,
CL,2024-07-17,6026.0,,False,,front-tier snapshot,snapshot-wayback+snapshot-live,CL-2023-to-present.pdf@20260823084623,False,
CL,2024-07-18,6010.0,,False,,front-tier snapshot,snapshot-wayback+snapshot-live,CL-2023-to-present.pdf@20260823084623,False,
CL,2024-07-19,5991.0,,False,,front-tier snapshot,snapshot-wayback+snapshot-live,CL-2023-to-present.pdf@20260823084623,False,
CL,2024-07-22,5982.0,,False,,front-tier snapshot,snapshot-wayback+snapshot-live,CL-2023-to-present.pdf@20260823084623,False,
CL,2024-07-23,5920.0,,False,,front-tier snapshot,snapshot-wayback+snapshot-live,CL-2023-to-present.pdf@20260823084623,False,
CL,2024-07-24,5924.0,,False,,front-tier snapshot,snapshot-wayback+snapshot-live,CL-2023-to-present.pdf@20260823084623,False,
CL,2024-07-25,5930.0,,False,,front-tier snapshot,snapshot-wayback+snapshot-live,CL-2023-to-present.pdf@20260823084623,False,
CL,2024-07-26,5941.0,,False,,front-tier snapshot,snapshot-wayback+snapshot-live,CL-2023-to-present.pdf@20260823084623,False,
CL,2024-07-29,5933.0,,False,,front-tier snapshot,snapshot-wayback+snapshot-live,CL-2023-to-present.pdf@20260823084623,False,
CL,2024-07-30,5914.0,,False,,front-tier snapshot,snapshot-wayback+snapshot-live,CL-2023-to-present.pdf@20260823084623,False,
CL,2024-07-31,5934.0,,False,,front-tier snapshot,snapshot-wayback+snapshot-live,CL-2023-to-present.pdf@20260823084623,False,
CL,2024-08-01,5936.0,,False,,front-tier snapshot,snapshot-wayback+snapshot-live,CL-2023-to-present.pdf@20260823084623,False,
CL,2024-08-02,5943.0,,False,,front-tier snapshot,snapshot-wayback+snapshot-live,CL-2023-to-present.pdf@20260823084623,False,
CL,2024-08-05,5947.0,,False,,front-tier snapshot,snapshot-wayback+snapshot-live,CL-2023-to-present.pdf@20260823084623,False,
CL,2024-08-06,5949.0,,False,,front-tier snapshot,snapshot-wayback+snapshot-live,CL-2023-to-present.pdf@20260823084623,False,
CL,2024-08-07,5960.0,,False,,front-tier snapshot,snapshot-wayback+snapshot-live,CL-2023-to-present.pdf@20260823084623,False,
CL,2024-08-08,5958.0,,False,,front-tier snapshot,snapshot-wayback+snapshot-live,CL-2023-to-present.pdf@20260823084623,False,
CL,2024-08-09,5965.0,,False,,front-tier snapshot,snapshot-wayback+snapshot-live,CL-2023-to-present.pdf@20260823084623,False,
CL,2024-08-12,5979.0,,False,,front-tier snapshot,snapshot-wayback+snapshot-live,CL-2023-to-present.pdf@20260823084623,False,
CL,2024-08-13,5991.0,,False,,front-tier snapshot,snapshot-wayback+snapshot-live,CL-2023-to-present.pdf@20260823084623,False,
CL,2024-08-14,6005.0,,False,,front-tier snapshot,snapshot-wayback+snapshot-live,CL-2023-to-present.pdf@20260823084623,False,
CL,2024-08-15,6019.0,,False,,front-tier snapshot,snapshot-wayback+snapshot-live,CL-2023-to-present.pdf@20260823084623,False,
CL,2024-08-16,6018.0,,False,,front-tier snapshot,snapshot-wayback+snapshot-live,CL-2023-to-present.pdf@20260823084623,False,
CL,2024-08-19,6026.0,,False,,front-tier snapshot,snapshot-wayback+snapshot-live,CL-2023-to-present.pdf@20260823084623,False,
CL,2024-08-20,6020.0,,False,,front-tier snapshot,snapshot-wayback+snapshot-live,CL-2023-to-present.pdf@20260823084623,False,
CL,2024-08-21,5938.0,,False,,front-tier snapshot,snapshot-wayback+snapshot-live,CL-2023-to-present.pdf@20260823084623,False,
CL,2024-08-22,5944.0,,False,,front-tier snapshot,snapshot-wayback+snapshot-live,CL-2023-to-present.pdf@20260823084623,False,
CL,2024-08-23,5952.0,,False,,front-tier snapshot,snapshot-wayback+snapshot-live,CL-2023-to-present.pdf@20260823084623,False,
CL,2024-08-26,5960.0,,False,,front-tier snapshot,snapshot-wayback+snapshot-live,CL-2023-to-present.pdf@20260823084623,False,
CL,2024-08-27,5963.0,,False,,front-tier snapshot,snapshot-wayback+snapshot-live,CL-2023-to-present.pdf@20260823084623,False,
CL,2024-08-28,5964.0,,False,,front-tier snapshot,snapshot-wayback+snapshot-live,CL-2023-to-present.pdf@20260823084623,False,
CL,2024-08-29,5969.0,,False,,front-tier snapshot,snapshot-wayback+snapshot-live,CL-2023-to-present.pdf@20260823084623,False,
CL,2024-08-30,5993.0,,False,,front-tier snapshot,snapshot-wayback+snapshot-live,CL-2023-to-present.pdf@20260823084623,False,
CL,2024-09-03,5974.0,,False,,front-tier snapshot,snapshot-wayback+snapshot-live,CL-2023-to-present.pdf@20260823084623,False,
CL,2024-09-04,5962.0,,False,,front-tier snapshot,snapshot-wayback+snapshot-live,CL-2023-to-present.pdf@20260823084623,False,
CL,2024-09-05,5959.0,,False,,front-tier snapshot,snapshot-wayback+snapshot-live,CL-2023-to-present.pdf@20260823084623,False,
CL,2024-09-06,5948.0,,False,,front-tier snapshot,snapshot-wayback+snapshot-live,CL-2023-to-present.pdf@20260823084623,False,
CL,2024-09-10,5958.0,,False,,front-tier snapshot,snapshot-wayback+snapshot-live,CL-2023-to-present.pdf@20260823084623,False,
CL,2024-09-11,5972.0,,False,,front-tier snapshot,snapshot-wayback+snapshot-live,CL-2023-to-present.pdf@20260823084623,False,
CL,2024-09-12,5982.0,,False,,front-tier snapshot,snapshot-wayback+snapshot-live,CL-2023-to-present.pdf@20260823084623,False,
CL,2024-09-13,5981.0,,False,,front-tier snapshot,snapshot-wayback+snapshot-live,CL-2023-to-present.pdf@20260823084623,False,
CL,2024-09-16,5984.0,,False,,front-tier snapshot,snapshot-wayback+snapshot-live,CL-2023-to-present.pdf@20260823084623,False,
CL,2024-09-17,5994.0,,False,,front-tier snapshot,snapshot-wayback+snapshot-live,CL-2023-to-present.pdf@20260823084623,False,
CL,2024-09-18,6019.0,,False,,front-tier snapshot,snapshot-wayback+snapshot-live,CL-2023-to-present.pdf@20260823084623,False,
CL,2024-09-19,6036.0,,False,,front-tier snapshot,snapshot-wayback+snapshot-live,CL-2023-to-present.pdf@20260823084623,False,
CL,2024-09-20,6035.0,,False,,front-tier snapshot,snapshot-wayback+snapshot-live,CL-2023-to-present.pdf@20260823084623,False,
CL,2024-09-23,5979.0,,False,,front-tier snapshot,snapshot-wayback+snapshot-live,CL-2023-to-present.pdf@20260823084623,False,
CL,2024-09-24,5989.0,,False,,front-tier snapshot,snapshot-wayback+snapshot-live,CL-2023-to-present.pdf@20260823084623,False,
CL,2024-09-25,5981.0,,False,,front-tier snapshot,snapshot-wayback+snapshot-live,CL-2023-to-present.pdf@20260823084623,False,
CL,2024-09-26,5939.0,,False,,front-tier snapshot,snapshot-wayback+snapshot-live,CL-2023-to-present.pdf@20260823084623,False,
CL,2024-09-27,5943.0,,False,,front-tier snapshot,snapshot-wayback+snapshot-live,CL-2023-to-present.pdf@20260823084623,False,
CL,2024-09-30,5939.0,,False,,front-tier snapshot,snapshot-wayback+snapshot-live,CL-2023-to-present.pdf@20260823084623,False,
CL,2024-10-01,5967.0,,False,,front-tier snapshot,snapshot-wayback+snapshot-live,CL-2023-to-present.pdf@20260823084623,False,
CL,2024-10-02,5949.0,,False,,front-tier snapshot,snapshot-wayback+snapshot-live,CL-2023-to-present.pdf@20260823084623,False,
CL,2024-10-03,6015.0,,False,,front-tier snapshot,snapshot-wayback+snapshot-live,CL-2023-to-present.pdf@20260823084623,False,
CL,2024-10-04,5992.0,,False,,front-tier snapshot,snapshot-wayback+snapshot-live,CL-2023-to-present.pdf@20260823084623,False,
CL,2024-10-07,6033.0,,False,,front-tier snapshot,snapshot-wayback+snapshot-live,CL-2023-to-present.pdf@20260823084623,False,
CL,2024-10-08,5993.0,,False,,front-tier snapshot,snapshot-wayback+snapshot-live,CL-2023-to-present.pdf@20260823084623,False,
CL,2024-10-09,5984.0,,False,,front-tier snapshot,snapshot-wayback+snapshot-live,CL-2023-to-present.pdf@20260823084623,False,
CL,2024-10-10,6009.0,,False,,front-tier snapshot,snapshot-wayback+snapshot-live,CL-2023-to-present.pdf@20260823084623,False,
CL,2024-10-11,6011.0,,False,,front-tier snapshot,snapshot-wayback+snapshot-live,CL-2023-to-present.pdf@20260823084623,False,
CL,2024-10-14,6010.0,,False,,front-tier snapshot,snapshot-wayback+snapshot-live,CL-2023-to-present.pdf@20260823084623,False,
CL,2024-10-15,6015.0,,False,,front-tier snapshot,snapshot-wayback+snapshot-live,CL-2023-to-present.pdf@20260823084623,False,
CL,2024-10-16,6005.0,,False,,front-tier snapshot,snapshot-wayback+snapshot-live,CL-2023-to-present.pdf@20260823084623,False,
CL,2024-10-17,6018.0,,False,,front-tier snapshot,snapshot-wayback+snapshot-live,CL-2023-to-present.pdf@20260823084623,False,
CL,2024-10-18,6039.0,,False,,front-tier snapshot,snapshot-wayback+snapshot-live,CL-2023-to-present.pdf@20260823084623,False,
CL,2024-10-21,6077.0,,False,,front-tier snapshot,snapshot-wayback+snapshot-live,CL-2023-to-present.pdf@20260823084623,False,
CL,2024-10-22,6085.0,,False,,front-tier snapshot,snapshot-wayback+snapshot-live,CL-2023-to-present.pdf@20260823084623,False,
CL,2024-10-23,5970.0,,False,,front-tier snapshot,snapshot-wayback+snapshot-live,CL-2023-to-present.pdf@20260823084623,False,
CL,2024-10-24,5978.0,,False,,front-tier snapshot,snapshot-wayback+snapshot-live,CL-2023-to-present.pdf@20260823084623,False,
CL,2024-10-25,5984.0,,False,,front-tier snapshot,snapshot-wayback+snapshot-live,CL-2023-to-present.pdf@20260823084623,False,
CL,2024-10-28,5970.0,,False,,front-tier snapshot,snapshot-wayback+snapshot-live,CL-2023-to-present.pdf@20260823084623,False,
CL,2024-10-29,5964.0,,False,,front-tier snapshot,snapshot-wayback+snapshot-live,CL-2023-to-present.pdf@20260823084623,False,
CL,2024-10-30,5970.0,,False,,front-tier snapshot,snapshot-wayback+snapshot-live,CL-2023-to-present.pdf@20260823084623,False,
CL,2024-10-31,5973.0,,False,,front-tier snapshot,snapshot-wayback+snapshot-live,CL-2023-to-present.pdf@20260823084623,False,
CL,2024-11-01,5990.0,,False,,front-tier snapshot,snapshot-wayback+snapshot-live,CL-2023-to-present.pdf@20260823084623,False,
CL,2024-11-04,5988.0,,False,,front-tier snapshot,snapshot-wayback+snapshot-live,CL-2023-to-present.pdf@20260823084623,False,
CL,2024-11-05,6002.0,,False,,front-tier snapshot,snapshot-wayback+snapshot-live,CL-2023-to-present.pdf@20260823084623,False,
CL,2024-11-06,6007.0,,False,,front-tier snapshot,snapshot-wayback+snapshot-live,CL-2023-to-present.pdf@20260823084623,False,
CL,2024-11-07,6014.0,,False,,front-tier snapshot,snapshot-wayback+snapshot-live,CL-2023-to-present.pdf@20260823084623,False,
CL,2024-11-11,6013.0,,False,,front-tier snapshot,snapshot-wayback+snapshot-live,CL-2023-to-present.pdf@20260823084623,False,
CL,2024-11-12,6023.0,,False,,front-tier snapshot,snapshot-wayback+snapshot-live,CL-2023-to-present.pdf@20260823084623,False,
CL,2024-11-13,6039.0,,False,,front-tier snapshot,snapshot-wayback+snapshot-live,CL-2023-to-present.pdf@20260823084623,False,
CL,2024-11-14,6051.0,,False,,front-tier snapshot,snapshot-wayback+snapshot-live,CL-2023-to-present.pdf@20260823084623,False,
CL,2024-11-15,6056.0,,False,,front-tier snapshot,snapshot-wayback+snapshot-live,CL-2023-to-present.pdf@20260823084623,False,
CL,2024-11-18,6085.0,,False,,front-tier snapshot,snapshot-wayback+snapshot-live,CL-2023-to-present.pdf@20260823084623,False,
CL,2024-11-19,6117.0,,False,,front-tier snapshot,snapshot-wayback+snapshot-live,CL-2023-to-present.pdf@20260823084623,False,
CL,2024-11-20,6120.0,,False,,front-tier snapshot,snapshot-wayback+snapshot-live,CL-2023-to-present.pdf@20260823084623,False,
CL,2024-11-21,5977.0,,False,,front-tier snapshot,snapshot-wayback+snapshot-live,CL-2023-to-present.pdf@20260823084623,False,
CL,2024-11-22,5979.0,,False,,front-tier snapshot,snapshot-wayback+snapshot-live,CL-2023-to-present.pdf@20260823084623,False,
CL,2024-11-25,5970.0,,False,,front-tier snapshot,snapshot-wayback+snapshot-live,CL-2023-to-present.pdf@20260823084623,False,
CL,2024-11-26,5976.0,,False,,front-tier snapshot,snapshot-wayback+snapshot-live,CL-2023-to-present.pdf@20260823084623,False,
CL,2024-11-27,5984.0,,False,,front-tier snapshot,snapshot-wayback+snapshot-live,CL-2023-to-present.pdf@20260823084623,False,
CL,2024-11-29,5986.0,,False,,front-tier snapshot,snapshot-wayback+snapshot-live,CL-2023-to-present.pdf@20260823084623,False,
CL,2024-12-02,5994.0,,False,,front-tier snapshot,snapshot-wayback+snapshot-live,CL-2023-to-present.pdf@20260823084623,False,
CL,2024-12-04,6015.0,,False,,front-tier snapshot,snapshot-wayback+snapshot-live,CL-2023-to-present.pdf@20260823084623,False,
CL,2024-12-05,6013.0,,False,,front-tier snapshot,snapshot-wayback+snapshot-live,CL-2023-to-present.pdf@20260823084623,False,
CL,2024-12-06,6014.0,,False,,front-tier snapshot,snapshot-wayback+snapshot-live,CL-2023-to-present.pdf@20260823084623,False,
CL,2024-12-09,6024.0,,False,,front-tier snapshot,snapshot-wayback+snapshot-live,CL-2023-to-present.pdf@20260823084623,False,
CL,2024-12-10,6026.0,,False,,front-tier snapshot,snapshot-wayback+snapshot-live,CL-2023-to-present.pdf@20260823084623,False,
CL,2024-12-11,6030.0,,False,,front-tier snapshot,snapshot-wayback+snapshot-live,CL-2023-to-present.pdf@20260823084623,False,
CL,2024-12-12,6037.0,,False,,front-tier snapshot,snapshot-wayback+snapshot-live,CL-2023-to-present.pdf@20260823084623,False,
CL,2024-12-13,6048.0,,False,,front-tier snapshot,snapshot-wayback+snapshot-live,CL-2023-to-present.pdf@20260823084623,False,
CL,2024-12-16,6053.0,,False,,front-tier snapshot,snapshot-wayback+snapshot-live,CL-2023-to-present.pdf@20260823084623,False,
CL,2024-12-17,6057.0,,False,,front-tier snapshot,snapshot-wayback+snapshot-live,CL-2023-to-present.pdf@20260823084623,False,
CL,2024-12-18,6077.0,,False,,front-tier snapshot,snapshot-wayback+snapshot-live,CL-2023-to-present.pdf@20260823084623,False,
CL,2024-12-19,6076.0,,False,,front-tier snapshot,snapshot-wayback+snapshot-live,CL-2023-to-present.pdf@20260823084623,False,
CL,2024-12-20,6007.0,,False,,front-tier snapshot,snapshot-wayback+snapshot-live,CL-2023-to-present.pdf@20260823084623,False,
CL,2024-12-23,6005.0,,False,,front-tier snapshot,snapshot-wayback+snapshot-live,CL-2023-to-present.pdf@20260823084623,False,
CL,2024-12-24,6014.0,,False,,front-tier snapshot,snapshot-wayback+snapshot-live,CL-2023-to-present.pdf@20260823084623,False,
CL,2024-12-26,6010.0,,False,,front-tier snapshot,snapshot-wayback+snapshot-live,CL-2023-to-present.pdf@20260823084623,False,
CL,2024-12-27,6016.0,,False,,front-tier snapshot,snapshot-wayback+snapshot-live,CL-2023-to-present.pdf@20260823084623,False,
CL,2024-12-30,6022.0,,False,,front-tier snapshot,snapshot-wayback+snapshot-live,CL-2023-to-present.pdf@20260823084623,False,
CL,2024-12-31,6026.0,,False,,front-tier snapshot,snapshot-wayback+snapshot-live,CL-2023-to-present.pdf@20260823084623,False,
CL,2025-01-02,6019.0,,False,,front-tier snapshot,snapshot-wayback+snapshot-live,CL-2023-to-present.pdf@20260823084623,False,
CL,2025-01-03,6024.0,,False,,front-tier snapshot,snapshot-wayback+snapshot-live,CL-2023-to-present.pdf@20260823084623,False,
CL,2025-01-06,6041.0,,False,,front-tier snapshot,snapshot-wayback+snapshot-live,CL-2023-to-present.pdf@20260823084623,False,
CL,2025-01-07,6043.0,,False,,front-tier snapshot,snapshot-wayback+snapshot-live,CL-2023-to-present.pdf@20260823084623,False,
CL,2025-01-08,6038.0,,False,,front-tier snapshot,snapshot-wayback+snapshot-live,CL-2023-to-present.pdf@20260823084623,False,
CL,2025-01-09,6042.0,,False,,front-tier snapshot,snapshot-wayback+snapshot-live,CL-2023-to-present.pdf@20260823084623,False,
CL,2025-01-10,6018.0,,False,,front-tier snapshot,snapshot-wayback+snapshot-live,CL-2023-to-present.pdf@20260823084623,False,
CL,2025-01-13,5935.0,,False,,front-tier snapshot,snapshot-wayback+snapshot-live,CL-2023-to-present.pdf@20260823084623,False,
CL,2025-01-14,5946.0,,False,,front-tier snapshot,snapshot-wayback+snapshot-live,CL-2023-to-present.pdf@20260823084623,False,
CL,2025-01-15,5909.0,,False,,front-tier snapshot,snapshot-wayback+snapshot-live,CL-2023-to-present.pdf@20260823084623,False,
CL,2025-01-16,5927.0,,False,,front-tier snapshot,snapshot-wayback+snapshot-live,CL-2023-to-present.pdf@20260823084623,False,
CL,2025-01-17,5956.0,,False,,front-tier snapshot,snapshot-wayback+snapshot-live,CL-2023-to-present.pdf@20260823084623,False,
CL,2025-01-21,5948.0,,False,,front-tier snapshot,snapshot-wayback+snapshot-live,CL-2023-to-present.pdf@20260823084623,False,
CL,2025-01-22,5834.0,,False,,front-tier snapshot,snapshot-wayback+snapshot-live,CL-2023-to-present.pdf@20260823084623,False,
CL,2025-01-23,5831.0,,False,,front-tier snapshot,snapshot-wayback+snapshot-live,CL-2023-to-present.pdf@20260823084623,False,
CL,2025-01-24,5829.0,,False,,front-tier snapshot,snapshot-wayback+snapshot-live,CL-2023-to-present.pdf@20260823084623,False,
CL,2025-01-27,5838.0,,False,,front-tier snapshot,snapshot-wayback+snapshot-live,CL-2023-to-present.pdf@20260823084623,False,
CL,2025-01-28,5830.0,,False,,front-tier snapshot,snapshot-wayback+snapshot-live,CL-2023-to-present.pdf@20260823084623,False,
CL,2025-01-29,5835.0,,False,,front-tier snapshot,snapshot-wayback+snapshot-live,CL-2023-to-present.pdf@20260823084623,False,
CL,2025-01-30,5836.0,,False,,front-tier snapshot,snapshot-wayback+snapshot-live,CL-2023-to-present.pdf@20260823084623,False,
CL,2025-01-31,5838.0,,False,,front-tier snapshot,snapshot-wayback+snapshot-live,CL-2023-to-present.pdf@20260823084623,False,
CL,2025-02-03,5837.0,,False,,front-tier snapshot,snapshot-wayback+snapshot-live,CL-2023-to-present.pdf@20260823084623,False,
CL,2025-02-04,5825.0,,False,,front-tier snapshot,snapshot-wayback+snapshot-live,CL-2023-to-present.pdf@20260823084623,False,
CL,2025-02-05,5832.0,,False,,front-tier snapshot,snapshot-wayback+snapshot-live,CL-2023-to-present.pdf@20260823084623,False,
CL,2025-02-06,5829.0,,False,,front-tier snapshot,snapshot-wayback+snapshot-live,CL-2023-to-present.pdf@20260823084623,False,
CL,2025-02-07,5840.0,,False,,front-tier snapshot,snapshot-wayback+snapshot-live,CL-2023-to-present.pdf@20260823084623,False,
CL,2025-02-10,5848.0,,False,,front-tier snapshot,snapshot-wayback+snapshot-live,CL-2023-to-present.pdf@20260823084623,False,
CL,2025-02-11,5859.0,,False,,front-tier snapshot,snapshot-wayback+snapshot-live,CL-2023-to-present.pdf@20260823084623,False,
CL,2025-02-12,5862.0,,False,,front-tier snapshot,snapshot-wayback+snapshot-live,CL-2023-to-present.pdf@20260823084623,False,
CL,2025-02-13,5881.0,,False,,front-tier snapshot,snapshot-wayback+snapshot-live,CL-2023-to-present.pdf@20260823084623,False,
CL,2025-02-14,5890.0,,False,,front-tier snapshot,snapshot-wayback+snapshot-live,CL-2023-to-present.pdf@20260823084623,False,
CL,2025-02-18,5903.0,,False,,front-tier snapshot,snapshot-wayback+snapshot-live,CL-2023-to-present.pdf@20260823084623,False,
CL,2025-02-19,5918.0,,False,,front-tier snapshot,snapshot-wayback+snapshot-live,CL-2023-to-present.pdf@20260823084623,False,
CL,2025-02-20,5939.0,,False,,front-tier snapshot,snapshot-wayback+snapshot-live,CL-2023-to-present.pdf@20260823084623,False,
CL,2025-02-21,5818.0,,False,,front-tier snapshot,snapshot-wayback+snapshot-live,CL-2023-to-present.pdf@20260823084623,False,
CL,2025-02-24,5817.0,,False,,front-tier snapshot,snapshot-wayback+snapshot-live,CL-2023-to-present.pdf@20260823084623,False,
CL,2025-02-25,5826.0,,False,,front-tier snapshot,snapshot-wayback+snapshot-live,CL-2023-to-present.pdf@20260823084623,False,
CL,2025-02-26,5830.0,,False,,front-tier snapshot,snapshot-wayback+snapshot-live,CL-2023-to-present.pdf@20260823084623,False,
CL,2025-02-27,5838.0,,False,,front-tier snapshot,snapshot-wayback+snapshot-live,CL-2023-to-present.pdf@20260823084623,False,
CL,2025-02-28,5849.0,,False,,front-tier snapshot,snapshot-wayback+snapshot-live,CL-2023-to-present.pdf@20260823084623,False,
CL,2025-03-03,5851.0,,False,,front-tier snapshot,snapshot-wayback+snapshot-live,CL-2023-to-present.pdf@20260823084623,False,
CL,2025-03-04,5839.0,,False,,front-tier snapshot,snapshot-wayback+snapshot-live,CL-2023-to-present.pdf@20260823084623,False,
CL,2025-03-05,5856.0,,False,,front-tier snapshot,snapshot-wayback+snapshot-live,CL-2023-to-present.pdf@20260823084623,False,
CL,2025-03-06,5863.0,,False,,front-tier snapshot,snapshot-wayback+snapshot-live,CL-2023-to-present.pdf@20260823084623,False,
CL,2025-03-07,5873.0,,False,,front-tier snapshot,snapshot-wayback+snapshot-live,CL-2023-to-present.pdf@20260823084623,False,
CL,2025-03-10,5868.0,,False,,front-tier snapshot,snapshot-wayback+snapshot-live,CL-2023-to-present.pdf@20260823084623,False,
CL,2025-03-11,5876.0,,False,,front-tier snapshot,snapshot-wayback+snapshot-live,CL-2023-to-present.pdf@20260823084623,False,
CL,2025-03-12,5892.0,,False,,front-tier snapshot,snapshot-wayback+snapshot-live,CL-2023-to-present.pdf@20260823084623,False,
CL,2025-03-13,5894.0,,False,,front-tier snapshot,snapshot-wayback+snapshot-live,CL-2023-to-present.pdf@20260823084623,False,
CL,2025-03-14,5891.0,,False,,front-tier snapshot,snapshot-wayback+snapshot-live,CL-2023-to-present.pdf@20260823084623,False,
CL,2025-03-17,5902.0,,False,,front-tier snapshot,snapshot-wayback+snapshot-live,CL-2023-to-present.pdf@20260823084623,False,
CL,2025-03-18,5915.0,,False,,front-tier snapshot,snapshot-wayback+snapshot-live,CL-2023-to-present.pdf@20260823084623,False,
CL,2025-03-19,5937.0,,False,,front-tier snapshot,snapshot-wayback+snapshot-live,CL-2023-to-present.pdf@20260823084623,False,
CL,2025-03-20,5930.0,,False,,front-tier snapshot,snapshot-wayback+snapshot-live,CL-2023-to-present.pdf@20260823084623,False,
CL,2025-03-21,5868.0,,False,,front-tier snapshot,snapshot-wayback+snapshot-live,CL-2023-to-present.pdf@20260823084623,False,
CL,2025-03-24,5872.0,,False,,front-tier snapshot,snapshot-wayback+snapshot-live,CL-2023-to-present.pdf@20260823084623,False,
CL,2025-03-25,5876.0,,False,,front-tier snapshot,snapshot-wayback+snapshot-live,CL-2023-to-present.pdf@20260823084623,False,
CL,2025-03-26,5868.0,,False,,front-tier snapshot,snapshot-wayback+snapshot-live,CL-2023-to-present.pdf@20260823084623,False,
CL,2025-03-27,5852.0,,False,,front-tier snapshot,snapshot-wayback+snapshot-live,CL-2023-to-present.pdf@20260823084623,False,
CL,2025-03-28,5839.0,,False,,front-tier snapshot,snapshot-wayback+snapshot-live,CL-2023-to-present.pdf@20260823084623,False,
CL,2025-03-31,5867.0,,False,,front-tier snapshot,snapshot-wayback+snapshot-live,CL-2023-to-present.pdf@20260823084623,False,
CL,2025-04-01,5868.0,,False,,front-tier snapshot,snapshot-wayback+snapshot-live,CL-2023-to-present.pdf@20260823084623,False,
CL,2025-04-02,5867.0,,False,,front-tier snapshot,snapshot-wayback+snapshot-live,CL-2023-to-present.pdf@20260823084623,False,
CL,2025-04-03,5942.0,,False,,front-tier snapshot,snapshot-wayback+snapshot-live,CL-2023-to-present.pdf@20260823084623,False,
CL,2025-04-04,6029.0,,False,,front-tier snapshot,snapshot-wayback+snapshot-live,CL-2023-to-present.pdf@20260823084623,False,
CL,2025-04-07,6007.0,,False,,front-tier snapshot,snapshot-wayback+snapshot-live,CL-2023-to-present.pdf@20260823084623,False,
CL,2025-04-08,6005.0,,False,,front-tier snapshot,snapshot-wayback+snapshot-live,CL-2023-to-present.pdf@20260823084623,False,
CL,2025-04-09,6026.0,,False,,front-tier snapshot,snapshot-wayback+snapshot-live,CL-2023-to-present.pdf@20260823084623,False,
CL,2025-04-10,6034.0,,False,,front-tier snapshot,snapshot-wayback+snapshot-live,CL-2023-to-present.pdf@20260823084623,False,
CL,2025-04-11,6040.0,,False,,front-tier snapshot,snapshot-wayback+snapshot-live,CL-2023-to-present.pdf@20260823084623,False,
CL,2025-04-14,6039.0,,False,,front-tier snapshot,snapshot-wayback+snapshot-live,CL-2023-to-present.pdf@20260823084623,False,
CL,2025-04-15,6042.0,,False,,front-tier snapshot,snapshot-wayback+snapshot-live,CL-2023-to-present.pdf@20260823084623,False,
CL,2025-04-16,5991.0,,False,,front-tier snapshot,snapshot-wayback+snapshot-live,CL-2023-to-present.pdf@20260823084623,False,
CL,2025-04-17,6017.0,,False,,front-tier snapshot,snapshot-wayback+snapshot-live,CL-2023-to-present.pdf@20260823084623,False,
CL,2025-04-21,6029.0,,False,,front-tier snapshot,snapshot-wayback+snapshot-live,CL-2023-to-present.pdf@20260823084623,False,
CL,2025-04-22,6038.0,,False,,front-tier snapshot,snapshot-wayback+snapshot-live,CL-2023-to-present.pdf@20260823084623,False,
CL,2025-04-23,6013.0,,False,,front-tier snapshot,snapshot-wayback+snapshot-live,CL-2023-to-present.pdf@20260823084623,False,
CL,2025-04-24,6004.0,,False,,front-tier snapshot,snapshot-wayback+snapshot-live,CL-2023-to-present.pdf@20260823084623,False,
CL,2025-04-25,6012.0,,False,,front-tier snapshot,snapshot-wayback+snapshot-live,CL-2023-to-present.pdf@20260823084623,False,
CL,2025-04-28,6003.0,,False,,front-tier snapshot,snapshot-wayback+snapshot-live,CL-2023-to-present.pdf@20260823084623,False,
CL,2025-04-29,6018.0,,False,,front-tier snapshot,snapshot-wayback+snapshot-live,CL-2023-to-present.pdf@20260823084623,False,
CL,2025-04-30,5987.0,,False,,front-tier snapshot,snapshot-wayback+snapshot-live,CL-2023-to-present.pdf@20260823084623,False,
CL,2025-05-01,5986.0,,False,,front-tier snapshot,snapshot-wayback+snapshot-live,CL-2023-to-present.pdf@20260823084623,False,
CL,2025-05-02,6019.0,,False,,front-tier snapshot,snapshot-wayback+snapshot-live,CL-2023-to-present.pdf@20260823084623,False,
CL,2025-05-05,5999.0,,False,,front-tier snapshot,snapshot-wayback+snapshot-live,CL-2023-to-present.pdf@20260823084623,False,
CL,2025-05-06,6023.0,,False,,front-tier snapshot,snapshot-wayback+snapshot-live,CL-2023-to-present.pdf@20260823084623,False,
CL,2025-05-07,6008.0,,False,,front-tier snapshot,snapshot-wayback+snapshot-live,CL-2023-to-present.pdf@20260823084623,False,
CL,2025-05-08,6019.0,,False,,front-tier snapshot,snapshot-wayback+snapshot-live,CL-2023-to-present.pdf@20260823084623,False,
CL,2025-05-09,6030.0,,False,,front-tier snapshot,snapshot-wayback+snapshot-live,CL-2023-to-present.pdf@20260823084623,False,
CL,2025-05-12,6011.0,,False,,front-tier snapshot,snapshot-wayback+snapshot-live,CL-2023-to-present.pdf@20260823084623,False,
CL,2025-05-13,6030.0,,False,,front-tier snapshot,snapshot-wayback+snapshot-live,CL-2023-to-present.pdf@20260823084623,False,
CL,2025-05-14,6023.0,,False,,front-tier snapshot,snapshot-wayback+snapshot-live,CL-2023-to-present.pdf@20260823084623,False,
CL,2025-05-15,6031.0,,False,,front-tier snapshot,snapshot-wayback+snapshot-live,CL-2023-to-present.pdf@20260823084623,False,
CL,2025-05-16,6029.0,,False,,front-tier snapshot,snapshot-wayback+snapshot-live,CL-2023-to-present.pdf@20260823084623,False,
CL,2025-05-19,6035.0,,False,,front-tier snapshot,snapshot-wayback+snapshot-live,CL-2023-to-present.pdf@20260823084623,False,
CL,2025-05-20,6025.0,,False,,front-tier snapshot,snapshot-wayback+snapshot-live,CL-2023-to-present.pdf@20260823084623,False,
CL,2025-05-21,6003.0,,False,,front-tier snapshot,snapshot-wayback+snapshot-live,CL-2023-to-present.pdf@20260823084623,False,
CL,2025-05-22,5993.0,,False,,front-tier snapshot,snapshot-wayback+snapshot-live,CL-2023-to-present.pdf@20260823084623,False,
CL,2025-05-23,6003.0,,False,,front-tier snapshot,snapshot-wayback+snapshot-live,CL-2023-to-present.pdf@20260823084623,False,
CL,2025-05-27,6004.0,,False,,front-tier snapshot,snapshot-wayback+snapshot-live,CL-2023-to-present.pdf@20260823084623,False,
CL,2025-05-28,6011.0,,False,,front-tier snapshot,snapshot-wayback+snapshot-live,CL-2023-to-present.pdf@20260823084623,False,
CL,2025-05-29,5996.0,,False,,front-tier snapshot,snapshot-wayback+snapshot-live,CL-2023-to-present.pdf@20260823084623,False,
CL,2025-05-30,5994.0,,False,,front-tier snapshot,snapshot-wayback+snapshot-live,CL-2023-to-present.pdf@20260823084623,False,
CL,2025-06-02,6008.0,,False,,front-tier snapshot,snapshot-wayback+snapshot-live,CL-2023-to-present.pdf@20260823084623,False,
CL,2025-06-03,6010.0,,False,,front-tier snapshot,snapshot-wayback+snapshot-live,CL-2023-to-present.pdf@20260823084623,False,
CL,2025-06-04,6011.0,,False,,front-tier snapshot,snapshot-wayback+snapshot-live,CL-2023-to-present.pdf@20260823084623,False,
CL,2025-06-05,6025.0,,False,,front-tier snapshot,snapshot-wayback+snapshot-live,CL-2023-to-present.pdf@20260823084623,False,
CL,2025-06-06,6008.0,,False,,front-tier snapshot,snapshot-wayback+snapshot-live,CL-2023-to-present.pdf@20260823084623,False,
CL,2025-06-09,6028.0,,False,,front-tier snapshot,snapshot-wayback+snapshot-live,CL-2023-to-present.pdf@20260823084623,False,
CL,2025-06-10,6013.0,,False,,front-tier snapshot,snapshot-wayback+snapshot-live,CL-2023-to-present.pdf@20260823084623,False,
CL,2025-06-12,6019.0,,False,,front-tier snapshot,snapshot-wayback+snapshot-live,CL-2023-to-present.pdf@20260823084623,False,
CL,2025-06-13,6013.0,,False,,front-tier snapshot,snapshot-wayback+snapshot-live,CL-2023-to-present.pdf@20260823084623,False,
CL,2025-06-16,5994.0,,False,,front-tier snapshot,snapshot-wayback+snapshot-live,CL-2023-to-present.pdf@20260823084623,False,
CL,2025-06-17,6008.0,,False,,front-tier snapshot,snapshot-wayback+snapshot-live,CL-2023-to-present.pdf@20260823084623,False,
CL,2025-06-18,6022.0,,False,,front-tier snapshot,snapshot-wayback+snapshot-live,CL-2023-to-present.pdf@20260823084623,False,
CL,2025-06-20,6055.0,,False,,front-tier snapshot,snapshot-wayback+snapshot-live,CL-2023-to-present.pdf@20260823084623,False,
CL,2025-06-23,5992.0,,False,,front-tier snapshot,snapshot-wayback+snapshot-live,CL-2023-to-present.pdf@20260823084623,False,
CL,2025-06-24,6192.0,,False,,front-tier snapshot,snapshot-wayback+snapshot-live,CL-2023-to-present.pdf@20260823084623,False,
CL,2025-06-25,6177.0,,False,,front-tier snapshot,snapshot-wayback+snapshot-live,CL-2023-to-present.pdf@20260823084623,False,
CL,2025-06-26,6182.0,,False,,front-tier snapshot,snapshot-wayback+snapshot-live,CL-2023-to-present.pdf@20260823084623,False,
CL,2025-06-27,6160.0,,False,,front-tier snapshot,snapshot-wayback+snapshot-live,CL-2023-to-present.pdf@20260823084623,False,
CL,2025-06-30,6164.0,,False,,front-tier snapshot,snapshot-wayback+snapshot-live,CL-2023-to-present.pdf@20260823084623,False,
CL,2025-07-01,6162.0,,False,,front-tier snapshot,snapshot-wayback+snapshot-live,CL-2023-to-present.pdf@20260823084623,False,
CL,2025-07-02,6177.0,,False,,front-tier snapshot,snapshot-wayback+snapshot-live,CL-2023-to-present.pdf@20260823084623,False,
CL,2025-07-03,6178.0,,False,,front-tier snapshot,snapshot-wayback+snapshot-live,CL-2023-to-present.pdf@20260823084623,False,
CL,2025-07-07,6181.0,,False,,front-tier snapshot,snapshot-wayback+snapshot-live,CL-2023-to-present.pdf@20260823084623,False,
CL,2025-07-08,6191.0,,False,,front-tier snapshot,snapshot-wayback+snapshot-live,CL-2023-to-present.pdf@20260823084623,False,
CL,2025-07-09,6201.0,,False,,front-tier snapshot,snapshot-wayback+snapshot-live,CL-2023-to-present.pdf@20260823084623,False,
CL,2025-07-10,6188.0,,False,,front-tier snapshot,snapshot-wayback+snapshot-live,CL-2023-to-present.pdf@20260823084623,False,
CL,2025-07-11,6189.0,,False,,front-tier snapshot,snapshot-wayback+snapshot-live,CL-2023-to-present.pdf@20260823084623,False,
CL,2025-07-14,6199.0,,False,,front-tier snapshot,snapshot-wayback+snapshot-live,CL-2023-to-present.pdf@20260823084623,False,
CL,2025-07-15,6194.0,,False,,front-tier snapshot,snapshot-wayback+snapshot-live,CL-2023-to-present.pdf@20260823084623,False,
CL,2025-07-16,6201.0,,False,,front-tier snapshot,snapshot-wayback+snapshot-live,CL-2023-to-present.pdf@20260823084623,False,
CL,2025-07-17,6202.0,,False,,front-tier snapshot,snapshot-wayback+snapshot-live,CL-2023-to-present.pdf@20260823084623,False,
CL,2025-07-18,6188.0,,False,,front-tier snapshot,snapshot-wayback+snapshot-live,CL-2023-to-present.pdf@20260823084623,False,
CL,2025-07-22,6212.0,,False,,front-tier snapshot,snapshot-wayback+snapshot-live,CL-2023-to-present.pdf@20260823084623,False,
CL,2025-07-23,6205.0,,False,,front-tier snapshot,snapshot-wayback+snapshot-live,CL-2023-to-present.pdf@20260823084623,False,
CL,2025-07-24,6209.0,,False,,front-tier snapshot,snapshot-wayback+snapshot-live,CL-2023-to-present.pdf@20260823084623,False,
CL,2025-07-25,6215.0,,False,,front-tier snapshot,snapshot-wayback+snapshot-live,CL-2023-to-present.pdf@20260823084623,False,
CL,2025-07-28,6229.0,,False,,front-tier snapshot,snapshot-wayback+snapshot-live,CL-2023-to-present.pdf@20260823084623,False,
CL,2025-07-29,6221.0,,False,,front-tier snapshot,snapshot-wayback+snapshot-live,CL-2023-to-present.pdf@20260823084623,False,
CL,2025-07-30,6218.0,,False,,front-tier snapshot,snapshot-wayback+snapshot-live,CL-2023-to-present.pdf@20260823084623,False,
CL,2025-07-31,6211.0,,False,,front-tier snapshot,snapshot-wayback+snapshot-live,CL-2023-to-present.pdf@20260823084623,False,
CL,2025-08-01,6195.0,,False,,front-tier snapshot,snapshot-wayback+snapshot-live,CL-2023-to-present.pdf@20260823084623,False,
CL,2025-08-04,6203.0,,False,,front-tier snapshot,snapshot-wayback+snapshot-live,CL-2023-to-present.pdf@20260823084623,False,
CL,2025-08-05,6198.0,,False,,front-tier snapshot,snapshot-wayback+snapshot-live,CL-2023-to-present.pdf@20260823084623,False,
CL,2025-08-06,6201.0,,False,,front-tier snapshot,snapshot-wayback+snapshot-live,CL-2023-to-present.pdf@20260823084623,False,
CL,2025-08-07,6227.0,,False,,front-tier snapshot,snapshot-wayback+snapshot-live,CL-2023-to-present.pdf@20260823084623,False,
CL,2025-08-08,6220.0,,False,,front-tier snapshot,snapshot-wayback+snapshot-live,CL-2023-to-present.pdf@20260823084623,False,
CL,2025-08-11,6211.0,,False,,front-tier snapshot,snapshot-wayback+snapshot-live,CL-2023-to-present.pdf@20260823084623,False,
CL,2025-08-12,6215.0,,False,,front-tier snapshot,snapshot-wayback+snapshot-live,CL-2023-to-present.pdf@20260823084623,False,
CL,2025-08-13,6213.0,,False,,front-tier snapshot,snapshot-wayback+snapshot-live,CL-2023-to-present.pdf@20260823084623,False,
CL,2025-08-14,6196.0,,False,,front-tier snapshot,snapshot-wayback+snapshot-live,CL-2023-to-present.pdf@20260823084623,False,
CL,2025-08-15,6204.0,,False,,front-tier snapshot,snapshot-wayback+snapshot-live,CL-2023-to-present.pdf@20260823084623,False,
CL,2025-08-18,6219.0,,False,,front-tier snapshot,snapshot-wayback+snapshot-live,CL-2023-to-present.pdf@20260823084623,False,
CL,2025-08-19,6237.0,,False,,front-tier snapshot,snapshot-wayback+snapshot-live,CL-2023-to-present.pdf@20260823084623,False,
CL,2025-08-20,6241.0,,False,,front-tier snapshot,snapshot-wayback+snapshot-live,CL-2023-to-present.pdf@20260823084623,False,
CL,2025-08-21,6212.0,,False,,front-tier snapshot,snapshot-wayback+snapshot-live,CL-2023-to-present.pdf@20260823084623,False,
CL,2025-08-22,6216.0,,False,,front-tier snapshot,snapshot-wayback+snapshot-live,CL-2023-to-present.pdf@20260823084623,False,
CL,2025-08-25,6230.0,,False,,front-tier snapshot,snapshot-wayback+snapshot-live,CL-2023-to-present.pdf@20260823084623,False,
CL,2025-08-26,6226.0,,False,,front-tier snapshot,snapshot-wayback+snapshot-live,CL-2023-to-present.pdf@20260823084623,False,
CL,2025-08-27,6235.0,,False,,front-tier snapshot,snapshot-wayback+snapshot-live,CL-2023-to-present.pdf@20260823084623,False,
CL,2025-08-28,6244.0,,False,,front-tier snapshot,snapshot-wayback+snapshot-live,CL-2023-to-present.pdf@20260823084623,False,
CL,2025-08-29,6235.0,,False,,front-tier snapshot,snapshot-wayback+snapshot-live,CL-2023-to-present.pdf@20260823084623,False,
CL,2025-09-02,6233.0,,False,,front-tier snapshot,snapshot-wayback+snapshot-live,CL-2023-to-present.pdf@20260823084623,False,
CL,2025-09-03,6240.0,,False,,front-tier snapshot,snapshot-wayback+snapshot-live,CL-2023-to-present.pdf@20260823084623,False,
CL,2025-09-04,6235.0,,False,,front-tier snapshot,snapshot-wayback+snapshot-live,CL-2023-to-present.pdf@20260823084623,False,
CL,2025-09-05,6232.0,,False,,front-tier snapshot,snapshot-wayback+snapshot-live,CL-2023-to-present.pdf@20260823084623,False,
CL,2025-09-08,6240.0,,False,,front-tier snapshot,snapshot-wayback+snapshot-live,CL-2023-to-present.pdf@20260823084623,False,
CL,2025-09-09,6239.0,,False,,front-tier snapshot,snapshot-wayback+snapshot-live,CL-2023-to-present.pdf@20260823084623,False,
CL,2025-09-10,6244.0,,False,,front-tier snapshot,snapshot-wayback+snapshot-live,CL-2023-to-present.pdf@20260823084623,False,
CL,2025-09-11,6246.0,,False,,front-tier snapshot,snapshot-wayback+snapshot-live,CL-2023-to-present.pdf@20260823084623,False,
CL,2025-09-12,6245.0,,False,,front-tier snapshot,snapshot-wayback+snapshot-live,CL-2023-to-present.pdf@20260823084623,False,
CL,2025-09-15,6254.0,,False,,front-tier snapshot,snapshot-wayback+snapshot-live,CL-2023-to-present.pdf@20260823084623,False,
CL,2025-09-16,6270.0,,False,,front-tier snapshot,snapshot-wayback+snapshot-live,CL-2023-to-present.pdf@20260823084623,False,
CL,2025-09-17,6256.0,,False,,front-tier snapshot,snapshot-wayback+snapshot-live,CL-2023-to-present.pdf@20260823084623,False,
CL,2025-09-19,6265.0,,False,,front-tier snapshot,snapshot-wayback+snapshot-live,CL-2023-to-present.pdf@20260823084623,False,
CL,2025-09-22,6264.0,,False,,front-tier snapshot,snapshot-wayback+snapshot-live,CL-2023-to-present.pdf@20260823084623,False,
CL,2025-09-23,6225.0,,False,,front-tier snapshot,snapshot-wayback+snapshot-live,CL-2023-to-present.pdf@20260823084623,False,
CL,2025-09-24,6233.0,,False,,front-tier snapshot,snapshot-wayback+snapshot-live,CL-2023-to-present.pdf@20260823084623,False,
CL,2025-09-25,6235.0,,False,,front-tier snapshot,snapshot-wayback+snapshot-live,CL-2023-to-present.pdf@20260823084623,False,
CL,2025-09-26,6234.0,,False,,front-tier snapshot,snapshot-wayback+snapshot-live,CL-2023-to-present.pdf@20260823084623,False,
CL,2025-09-29,6240.0,,False,,front-tier snapshot,snapshot-wayback+snapshot-live,CL-2023-to-present.pdf@20260823084623,False,
CL,2025-09-30,6244.0,,False,,front-tier snapshot,snapshot-wayback+snapshot-live,CL-2023-to-present.pdf@20260823084623,False,
CL,2025-10-01,6247.0,,False,,front-tier snapshot,snapshot-wayback+snapshot-live,CL-2023-to-present.pdf@20260823084623,False,
CL,2025-10-02,6252.0,,False,,front-tier snapshot,snapshot-wayback+snapshot-live,CL-2023-to-present.pdf@20260823084623,False,
CL,2025-10-03,6255.0,,False,,front-tier snapshot,snapshot-wayback+snapshot-live,CL-2023-to-present.pdf@20260823084623,False,
CL,2025-10-06,6252.0,,False,,front-tier snapshot,snapshot-wayback+snapshot-live,CL-2023-to-present.pdf@20260823084623,False,
CL,2025-10-07,6253.0,,False,,front-tier snapshot,snapshot-wayback+snapshot-live,CL-2023-to-present.pdf@20260823084623,False,
CL,2025-10-08,6246.0,,False,,front-tier snapshot,snapshot-wayback+snapshot-live,CL-2023-to-present.pdf@20260823084623,False,
CL,2025-10-09,6253.0,,False,,front-tier snapshot,snapshot-wayback+snapshot-live,CL-2023-to-present.pdf@20260823084623,False,
CL,2025-10-10,6259.0,,False,,front-tier snapshot,snapshot-wayback+snapshot-live,CL-2023-to-present.pdf@20260823084623,False,
CL,2025-10-13,6252.0,,False,,front-tier snapshot,snapshot-wayback+snapshot-live,CL-2023-to-present.pdf@20260823084623,False,
CL,2025-10-14,6243.0,,False,,front-tier snapshot,snapshot-wayback+snapshot-live,CL-2023-to-present.pdf@20260823084623,False,
CL,2025-10-15,6244.0,,False,,front-tier snapshot,snapshot-wayback+snapshot-live,CL-2023-to-present.pdf@20260823084623,False,
CL,2025-10-16,6243.0,,False,,front-tier snapshot,snapshot-wayback+snapshot-live,CL-2023-to-present.pdf@20260823084623,False,
CL,2025-10-17,6248.0,,False,,front-tier snapshot,snapshot-wayback+snapshot-live,CL-2023-to-present.pdf@20260823084623,False,
CL,2025-10-20,6251.0,,False,,front-tier snapshot,snapshot-wayback+snapshot-live,CL-2023-to-present.pdf@20260823084623,False,
CL,2025-10-21,6242.0,,False,,front-tier snapshot,snapshot-wayback+snapshot-live,CL-2023-to-present.pdf@20260823084623,False,
CL,2025-10-22,6187.0,,False,,front-tier snapshot,snapshot-wayback+snapshot-live,CL-2023-to-present.pdf@20260823084623,False,
CL,2025-10-24,5598.0,,False,,front-tier snapshot,snapshot-wayback+snapshot-live,CL-2023-to-present.pdf@20260823084623,False,
CL,2025-10-27,5597.0,,False,,front-tier snapshot,snapshot-wayback+snapshot-live,CL-2023-to-present.pdf@20260823084623,False,
CL,2025-10-28,5594.0,,False,,front-tier snapshot,snapshot-wayback+snapshot-live,CL-2023-to-present.pdf@20260823084623,False,
CL,2025-10-29,5596.0,,False,,front-tier snapshot,snapshot-wayback+snapshot-live,CL-2023-to-present.pdf@20260823084623,False,
CL,2025-10-30,5613.0,,False,,front-tier snapshot,snapshot-wayback+snapshot-live,CL-2023-to-present.pdf@20260823084623,False,
CL,2025-10-31,5602.0,,False,,front-tier snapshot,snapshot-wayback+snapshot-live,CL-2023-to-present.pdf@20260823084623,False,
CL,2025-11-03,5612.0,,False,,front-tier snapshot,snapshot-wayback+snapshot-live,CL-2023-to-present.pdf@20260823084623,False,
CL,2025-11-04,5607.0,,False,,front-tier snapshot,snapshot-wayback+snapshot-live,CL-2023-to-present.pdf@20260823084623,False,
CL,2025-11-05,5608.0,,False,,front-tier snapshot,snapshot-wayback+snapshot-live,CL-2023-to-present.pdf@20260823084623,False,
CL,2025-11-06,5616.0,,False,,front-tier snapshot,snapshot-wayback+snapshot-live,CL-2023-to-present.pdf@20260823084623,False,
CL,2025-11-07,5609.0,,False,,front-tier snapshot,snapshot-wayback+snapshot-live,CL-2023-to-present.pdf@20260823084623,False,
CL,2025-11-10,5241.0,,False,,front-tier snapshot,snapshot-wayback+snapshot-live,CL-2023-to-present.pdf@20260823084623,False,
CL,2025-11-11,5253.0,,False,,front-tier snapshot,snapshot-wayback+snapshot-live,CL-2023-to-present.pdf@20260823084623,False,
CL,2025-11-12,5225.0,,False,,front-tier snapshot,snapshot-wayback+snapshot-live,CL-2023-to-present.pdf@20260823084623,False,
CL,2025-11-13,5215.0,,False,,front-tier snapshot,snapshot-wayback+snapshot-live,CL-2023-to-present.pdf@20260823084623,False,
CL,2025-11-14,5233.0,,False,,front-tier snapshot,snapshot-wayback+snapshot-live,CL-2023-to-present.pdf@20260823084623,False,
CL,2025-11-17,5239.0,,False,,front-tier snapshot,snapshot-wayback+snapshot-live,CL-2023-to-present.pdf@20260823084623,False,
CL,2025-11-18,5260.0,,False,,front-tier snapshot,snapshot-wayback+snapshot-live,CL-2023-to-present.pdf@20260823084623,False,
CL,2025-11-19,5227.0,,False,,front-tier snapshot,snapshot-wayback+snapshot-live,CL-2023-to-present.pdf@20260823084623,False,
CL,2025-11-20,5237.0,,False,,front-tier snapshot,snapshot-wayback+snapshot-live,CL-2023-to-present.pdf@20260823084623,False,
CL,2025-11-21,5204.0,,False,,front-tier snapshot,snapshot-wayback+snapshot-live,CL-2023-to-present.pdf@20260823084623,False,
CL,2025-11-24,5208.0,,False,,front-tier snapshot,snapshot-wayback+snapshot-live,CL-2023-to-present.pdf@20260823084623,False,
CL,2025-11-25,5215.0,,False,,front-tier snapshot,snapshot-wayback+snapshot-live,CL-2023-to-present.pdf@20260823084623,False,
CL,2025-11-26,5222.0,,False,,front-tier snapshot,snapshot-wayback+snapshot-live,CL-2023-to-present.pdf@20260823084623,False,
CL,2025-11-28,5212.0,,False,,front-tier snapshot,snapshot-wayback+snapshot-live,CL-2023-to-present.pdf@20260823084623,False,
CL,2025-12-01,5222.0,,False,,front-tier snapshot,snapshot-wayback+snapshot-live,CL-2023-to-present.pdf@20260823084623,False,
CL,2025-12-02,5216.0,,False,,front-tier snapshot,snapshot-wayback+snapshot-live,CL-2023-to-present.pdf@20260823084623,False,
CL,2025-12-03,5214.0,,False,,front-tier snapshot,snapshot-wayback+snapshot-live,CL-2023-to-present.pdf@20260823084623,False,
CL,2025-12-04,5224.0,,False,,front-tier snapshot,snapshot-wayback+snapshot-live,CL-2023-to-present.pdf@20260823084623,False,
CL,2025-12-05,5232.0,,False,,front-tier snapshot,snapshot-wayback+snapshot-live,CL-2023-to-present.pdf@20260823084623,False,
CL,2025-12-08,5227.0,,False,,front-tier snapshot,snapshot-wayback+snapshot-live,CL-2023-to-present.pdf@20260823084623,False,
CL,2025-12-09,4252.0,,False,,front-tier snapshot,snapshot-wayback+snapshot-live,CL-2023-to-present.pdf@20260823084623,False,
CL,2025-12-10,4260.0,,False,,front-tier snapshot,snapshot-wayback+snapshot-live,CL-2023-to-present.pdf@20260823084623,False,
CL,2025-12-12,4246.0,,False,,front-tier snapshot,snapshot-wayback+snapshot-live,CL-2023-to-present.pdf@20260823084623,False,
CL,2025-12-15,4244.0,,False,,front-tier snapshot,snapshot-wayback+snapshot-live,CL-2023-to-present.pdf@20260823084623,False,
CL,2025-12-16,4224.0,,False,,front-tier snapshot,snapshot-wayback+snapshot-live,CL-2023-to-present.pdf@20260823084623,False,
CL,2025-12-17,4222.0,,False,,front-tier snapshot,snapshot-wayback+snapshot-live,CL-2023-to-present.pdf@20260823084623,False,
CL,2025-12-18,4224.0,,False,,front-tier snapshot,snapshot-wayback+snapshot-live,CL-2023-to-present.pdf@20260823084623,False,
CL,2025-12-19,4248.0,,False,,front-tier snapshot,snapshot-wayback+snapshot-live,CL-2023-to-present.pdf@20260823084623,False,
CL,2025-12-22,4219.0,,False,,front-tier snapshot,snapshot-wayback+snapshot-live,CL-2023-to-present.pdf@20260823084623,False,
CL,2025-12-23,4211.0,,False,,front-tier snapshot,snapshot-wayback+snapshot-live,CL-2023-to-present.pdf@20260823084623,False,
CL,2025-12-24,4209.0,,False,,front-tier snapshot,snapshot-wayback+snapshot-live,CL-2023-to-present.pdf@20260823084623,False,
CL,2025-12-26,4225.0,,False,,front-tier snapshot,snapshot-wayback+snapshot-live,CL-2023-to-present.pdf@20260823084623,False,
CL,2025-12-29,4229.0,,False,,front-tier snapshot,snapshot-wayback+snapshot-live,CL-2023-to-present.pdf@20260823084623,False,
CL,2025-12-30,4221.0,,False,,front-tier snapshot,snapshot-wayback+snapshot-live,CL-2023-to-present.pdf@20260823084623,False,
CL,2025-12-31,4216.0,,False,,front-tier snapshot,snapshot-wayback+snapshot-live,CL-2023-to-present.pdf@20260823084623,False,
CL,2026-01-02,4213.0,,False,,front-tier snapshot,snapshot-wayback+snapshot-live,CL-2023-to-present.pdf@20260823084623,False,
CL,2026-01-05,4208.0,,False,,front-tier snapshot,snapshot-wayback+snapshot-live,CL-2023-to-present.pdf@20260823084623,False,
CL,2026-01-06,4210.0,,False,,front-tier snapshot,snapshot-wayback+snapshot-live,CL-2023-to-present.pdf@20260823084623,False,
CL,2026-01-07,4212.0,,False,,front-tier snapshot,snapshot-wayback+snapshot-live,CL-2023-to-present.pdf@20260823084623,False,
CL,2026-01-08,4239.0,,False,,front-tier snapshot,snapshot-wayback+snapshot-live,CL-2023-to-present.pdf@20260823084623,False,
CL,2026-01-09,4228.0,,False,,front-tier snapshot,snapshot-wayback+snapshot-live,CL-2023-to-present.pdf@20260823084623,False,
CL,2026-01-12,4235.0,,False,,front-tier snapshot,snapshot-wayback+snapshot-live,CL-2023-to-present.pdf@20260823084623,False,
CL,2026-01-13,4256.0,,False,,front-tier snapshot,snapshot-wayback+snapshot-live,CL-2023-to-present.pdf@20260823084623,False,
CL,2026-01-14,4314.0,,False,,front-tier snapshot,snapshot-wayback+snapshot-live,CL-2023-to-present.pdf@20260823084623,False,
CL,2026-01-15,4283.0,,False,,front-tier snapshot,snapshot-wayback+snapshot-live,CL-2023-to-present.pdf@20260823084623,False,
CL,2026-01-16,4322.0,,False,,front-tier snapshot,snapshot-wayback+snapshot-live,CL-2023-to-present.pdf@20260823084623,False,
CL,2026-01-20,4337.0,,False,,front-tier snapshot,snapshot-wayback+snapshot-live,CL-2023-to-present.pdf@20260823084623,False,
CL,2026-01-21,4206.0,,False,,front-tier snapshot,snapshot-wayback+snapshot-live,CL-2023-to-present.pdf@20260823084623,False,
CL,2026-01-23,4225.0,,False,,front-tier snapshot,snapshot-wayback+snapshot-live,CL-2023-to-present.pdf@20260823084623,False,
CL,2026-01-26,4210.0,,False,,front-tier snapshot,snapshot-wayback+snapshot-live,CL-2023-to-present.pdf@20260823084623,False,
CL,2026-01-27,4235.0,,False,,front-tier snapshot,snapshot-wayback+snapshot-live,CL-2023-to-present.pdf@20260823084623,False,
CL,2026-01-28,4262.0,,False,,front-tier snapshot,snapshot-wayback+snapshot-live,CL-2023-to-present.pdf@20260823084623,False,
CL,2026-01-29,4341.0,,False,,front-tier snapshot,snapshot-wayback+snapshot-live,CL-2023-to-present.pdf@20260823084623,False,
CL,2026-01-30,4315.0,,False,,front-tier snapshot,snapshot-wayback+snapshot-live,CL-2023-to-present.pdf@20260823084623,False,
CL,2026-02-02,4250.0,,False,,front-tier snapshot,snapshot-wayback+snapshot-live,CL-2023-to-present.pdf@20260823084623,False,
CL,2026-02-03,4275.0,,False,,front-tier snapshot,snapshot-wayback+snapshot-live,CL-2023-to-present.pdf@20260823084623,False,
CL,2026-02-04,4409.0,,False,,front-tier snapshot,snapshot-wayback+snapshot-live,CL-2023-to-present.pdf@20260823084623,False,
CL,2026-02-05,4296.0,,False,,front-tier snapshot,snapshot-wayback+snapshot-live,CL-2023-to-present.pdf@20260823084623,False,
CL,2026-02-06,4304.0,,False,,front-tier snapshot,snapshot-wayback+snapshot-live,CL-2023-to-present.pdf@20260823084623,False,
CL,2026-02-09,4353.0,,False,,front-tier snapshot,snapshot-wayback+snapshot-live,CL-2023-to-present.pdf@20260823084623,False,
CL,2026-02-10,4320.0,,False,,front-tier snapshot,snapshot-wayback+snapshot-live,CL-2023-to-present.pdf@20260823084623,False,
CL,2026-02-11,4353.0,,False,,front-tier snapshot,snapshot-wayback+snapshot-live,CL-2023-to-present.pdf@20260823084623,False,
CL,2026-02-12,4279.0,,False,,front-tier snapshot,snapshot-wayback+snapshot-live,CL-2023-to-present.pdf@20260823084623,False,
CL,2026-02-13,4291.0,,False,,front-tier snapshot,snapshot-wayback+snapshot-live,CL-2023-to-present.pdf@20260823084623,False,
CL,2026-02-17,4299.0,,False,,front-tier snapshot,snapshot-wayback+snapshot-live,CL-2023-to-present.pdf@20260823084623,False,
CL,2026-02-18,4487.0,,False,,front-tier snapshot,snapshot-wayback+snapshot-live,CL-2023-to-present.pdf@20260823084623,False,
CL,2026-02-19,4618.0,,False,,front-tier snapshot,snapshot-wayback+snapshot-live,CL-2023-to-present.pdf@20260823084623,False,
CL,2026-02-20,4599.0,,False,,front-tier snapshot,snapshot-wayback+snapshot-live,CL-2023-to-present.pdf@20260823084623,False,
CL,2026-02-23,4494.0,,False,,front-tier snapshot,snapshot-wayback+snapshot-live,CL-2023-to-present.pdf@20260823084623,False,
CL,2026-02-24,4434.0,,False,,front-tier snapshot,snapshot-wayback+snapshot-live,CL-2023-to-present.pdf@20260823084623,False,
CL,2026-02-25,4408.0,,False,,front-tier snapshot,snapshot-wayback+snapshot-live,CL-2023-to-present.pdf@20260823084623,False,
CL,2026-02-26,4367.0,,False,,front-tier snapshot,snapshot-wayback+snapshot-live,CL-2023-to-present.pdf@20260823084623,False,
CL,2026-02-27,4508.0,,False,,front-tier snapshot,snapshot-wayback+snapshot-live,CL-2023-to-present.pdf@20260823084623,False,
CL,2026-03-02,6490.0,,False,,front-tier snapshot,snapshot-wayback+snapshot-live,CL-2023-to-present.pdf@20260823084623,False,
CL,2026-03-03,6524.0,,False,,front-tier snapshot,snapshot-wayback+snapshot-live,CL-2023-to-present.pdf@20260823084623,False,
CL,2026-03-04,6513.0,,False,,front-tier snapshot,snapshot-wayback+snapshot-live,CL-2023-to-present.pdf@20260823084623,False,
CL,2026-03-05,6567.0,,False,,front-tier snapshot,snapshot-wayback+snapshot-live,CL-2023-to-present.pdf@20260823084623,False,
CL,2026-03-06,6773.0,,False,,front-tier snapshot,snapshot-wayback+snapshot-live,CL-2023-to-present.pdf@20260823084623,False,
CL,2026-03-09,8920.0,,False,,front-tier snapshot,snapshot-wayback+snapshot-live,CL-2023-to-present.pdf@20260823084623,False,
CL,2026-03-10,8798.0,,False,,front-tier snapshot,snapshot-wayback+snapshot-live,CL-2023-to-present.pdf@20260823084623,False,
CL,2026-03-11,8835.0,,False,,front-tier snapshot,snapshot-wayback+snapshot-live,CL-2023-to-present.pdf@20260823084623,False,
CL,2026-03-12,8937.0,,False,,front-tier snapshot,snapshot-wayback+snapshot-live,CL-2023-to-present.pdf@20260823084623,False,
CL,2026-03-13,10924.0,,False,,front-tier snapshot,snapshot-wayback+snapshot-live,CL-2023-to-present.pdf@20260823084623,False,
CL,2026-03-16,10951.0,,False,,front-tier snapshot,snapshot-wayback+snapshot-live,CL-2023-to-present.pdf@20260823084623,False,
CL,2026-03-17,10955.0,,False,,front-tier snapshot,snapshot-wayback+snapshot-live,CL-2023-to-present.pdf@20260823084623,False,
CL,2026-03-18,10832.0,,False,,front-tier snapshot,snapshot-wayback+snapshot-live,CL-2023-to-present.pdf@20260823084623,False,
CL,2026-03-19,10776.0,,False,,front-tier snapshot,snapshot-wayback+snapshot-live,CL-2023-to-present.pdf@20260823084623,False,
CL,2026-03-20,10838.0,,False,,front-tier snapshot,snapshot-wayback+snapshot-live,CL-2023-to-present.pdf@20260823084623,False,
CL,2026-03-23,10694.0,,False,,front-tier snapshot,snapshot-wayback+snapshot-live,CL-2023-to-present.pdf@20260823084623,False,
CL,2026-03-24,10717.0,,False,,front-tier snapshot,snapshot-wayback+snapshot-live,CL-2023-to-present.pdf@20260823084623,False,
CL,2026-03-25,10739.0,,False,,front-tier snapshot,snapshot-wayback+snapshot-live,CL-2023-to-present.pdf@20260823084623,False,
CL,2026-03-26,10796.0,,False,,front-tier snapshot,snapshot-wayback+snapshot-live,CL-2023-to-present.pdf@20260823084623,False,
CL,2026-03-27,10958.0,,False,,front-tier snapshot,snapshot-wayback+snapshot-live,CL-2023-to-present.pdf@20260823084623,False,
CL,2026-03-30,11123.0,,False,,front-tier snapshot,snapshot-wayback+snapshot-live,CL-2023-to-present.pdf@20260823084623,False,
CL,2026-03-31,11149.0,,False,,front-tier snapshot,snapshot-wayback+snapshot-live,CL-2023-to-present.pdf@20260823084623,False,
CL,2026-04-01,11047.0,,False,,front-tier snapshot,snapshot-wayback+snapshot-live,CL-2023-to-present.pdf@20260823084623,False,
CL,2026-04-02,12154.0,,False,,front-tier snapshot,snapshot-wayback+snapshot-live,CL-2023-to-present.pdf@20260823084623,False,
CL,2026-04-06,12173.0,,False,,front-tier snapshot,snapshot-wayback+snapshot-live,CL-2023-to-present.pdf@20260823084623,False,
CL,2026-04-07,12128.0,,False,,front-tier snapshot,snapshot-wayback+snapshot-live,CL-2023-to-present.pdf@20260823084623,False,
CL,2026-04-08,10992.0,,False,,front-tier snapshot,snapshot-wayback+snapshot-live,CL-2023-to-present.pdf@20260823084623,False,
CL,2026-04-09,11219.0,,False,,front-tier snapshot,snapshot-wayback+snapshot-live,CL-2023-to-present.pdf@20260823084623,False,
CL,2026-04-10,11097.0,,False,,front-tier snapshot,snapshot-wayback+snapshot-live,CL-2023-to-present.pdf@20260823084623,False,
CL,2026-04-13,11322.0,,False,,front-tier snapshot,snapshot-wayback+snapshot-live,CL-2023-to-present.pdf@20260823084623,False,
CL,2026-04-14,10842.0,,False,,front-tier snapshot,snapshot-wayback+snapshot-live,CL-2023-to-present.pdf@20260823084623,False,
CL,2026-04-15,10687.0,,False,,front-tier snapshot,snapshot-wayback+snapshot-live,CL-2023-to-present.pdf@20260823084623,False,
CL,2026-04-16,11079.0,,False,,front-tier snapshot,snapshot-wayback+snapshot-live,CL-2023-to-present.pdf@20260823084623,False,
CL,2026-04-17,10631.0,,False,,front-tier snapshot,snapshot-wayback+snapshot-live,CL-2023-to-present.pdf@20260823084623,False,
CL,2026-04-20,11245.0,,False,,front-tier snapshot,snapshot-wayback+snapshot-live,CL-2023-to-present.pdf@20260823084623,False,
CL,2026-04-21,11392.0,,False,,front-tier snapshot,snapshot-wayback+snapshot-live,CL-2023-to-present.pdf@20260823084623,False,
CL,2026-04-22,11177.0,,False,,front-tier snapshot,snapshot-wayback+snapshot-live,CL-2023-to-present.pdf@20260823084623,False,
CL,2026-04-23,11444.0,,False,,front-tier snapshot,snapshot-wayback+snapshot-live,CL-2023-to-present.pdf@20260823084623,False,
CL,2026-04-24,11376.0,,False,,front-tier snapshot,snapshot-wayback+snapshot-live,CL-2023-to-present.pdf@20260823084623,False,
CL,2026-04-27,11415.0,,False,,front-tier snapshot,snapshot-wayback+snapshot-live,CL-2023-to-present.pdf@20260823084623,False,
CL,2026-04-28,11808.0,,False,,front-tier snapshot,snapshot-wayback+snapshot-live,CL-2023-to-present.pdf@20260823084623,False,
CL,2026-04-29,12151.0,,False,,front-tier snapshot,snapshot-wayback+snapshot-live,CL-2023-to-present.pdf@20260823084623,False,
CL,2026-04-30,12116.0,,False,,front-tier snapshot,snapshot-wayback+snapshot-live,CL-2023-to-present.pdf@20260823084623,False,
CL,2026-05-01,11896.0,,False,,front-tier snapshot,snapshot-wayback+snapshot-live,CL-2023-to-present.pdf@20260823084623,False,
CL,2026-05-04,12361.0,,False,,front-tier snapshot,snapshot-wayback+snapshot-live,CL-2023-to-present.pdf@20260823084623,False,
CL,2026-05-05,12002.0,,False,,front-tier snapshot,snapshot-wayback+snapshot-live,CL-2023-to-present.pdf@20260823084623,False,
CL,2026-05-06,11804.0,,False,,front-tier snapshot,snapshot-wayback+snapshot-live,CL-2023-to-present.pdf@20260823084623,False,
CL,2026-05-07,11753.0,,False,,front-tier snapshot,snapshot-wayback+snapshot-live,CL-2023-to-present.pdf@20260823084623,False,
CL,2026-05-08,11778.0,,False,,front-tier snapshot,snapshot-wayback+snapshot-live,CL-2023-to-present.pdf@20260823084623,False,
CL,2026-05-11,11735.0,,False,,front-tier snapshot,snapshot-wayback+snapshot-live,CL-2023-to-present.pdf@20260823084623,False,
CL,2026-05-12,12046.0,,False,,front-tier snapshot,snapshot-wayback+snapshot-live,CL-2023-to-present.pdf@20260823084623,False,
CL,2026-05-13,11977.0,,False,,front-tier snapshot,snapshot-wayback+snapshot-live,CL-2023-to-present.pdf@20260823084623,False,
CL,2026-05-14,12013.0,,False,,front-tier snapshot,snapshot-wayback+snapshot-live,CL-2023-to-present.pdf@20260823084623,False,
CL,2026-05-15,12450.0,,False,,front-tier snapshot,snapshot-wayback+snapshot-live,CL-2023-to-present.pdf@20260823084623,False,
CL,2026-05-18,12703.0,,False,,front-tier snapshot,snapshot-wayback+snapshot-live,CL-2023-to-present.pdf@20260823084623,False,
CL,2026-05-19,12861.0,,False,,front-tier snapshot,snapshot-wayback+snapshot-live,CL-2023-to-present.pdf@20260823084623,False,
CL,2026-05-20,11722.0,,False,,front-tier snapshot,snapshot-wayback+snapshot-live,CL-2023-to-present.pdf@20260823084623,False,
CL,2026-05-21,11634.0,,False,,front-tier snapshot,snapshot-wayback+snapshot-live,CL-2023-to-present.pdf@20260823084623,False,
CL,2026-05-22,11398.0,,False,,front-tier snapshot,snapshot-wayback+snapshot-live,CL-2023-to-present.pdf@20260823084623,False,
CL,2026-05-26,11241.0,,False,,front-tier snapshot,snapshot-wayback+snapshot-live,CL-2023-to-present.pdf@20260823084623,False,
CL,2026-05-27,10862.0,,False,,front-tier snapshot,snapshot-wayback+snapshot-live,CL-2023-to-present.pdf@20260823084623,False,
CL,2026-05-28,10978.0,,False,,front-tier snapshot,snapshot-wayback+snapshot-live,CL-2023-to-present.pdf@20260823084623,False,
CL,2026-05-29,10873.0,,False,,front-tier snapshot,snapshot-wayback+snapshot-live,CL-2023-to-present.pdf@20260823084623,False,
CL,2026-06-01,11298.0,,False,,front-tier snapshot,snapshot-wayback+snapshot-live,CL-2023-to-present.pdf@20260823084623,False,
CL,2026-06-02,11366.0,,False,,front-tier snapshot,snapshot-wayback+snapshot-live,CL-2023-to-present.pdf@20260823084623,False,
CL,2026-06-03,11525.0,,False,,front-tier snapshot,snapshot-wayback+snapshot-live,CL-2023-to-present.pdf@20260823084623,False,
CL,2026-06-04,11397.0,,False,,front-tier snapshot,snapshot-wayback+snapshot-live,CL-2023-to-present.pdf@20260823084623,False,
CL,2026-06-05,11210.0,,False,,front-tier snapshot,snapshot-wayback+snapshot-live,CL-2023-to-present.pdf@20260823084623,False,
CL,2026-06-08,11240.0,,False,,front-tier snapshot,snapshot-wayback+snapshot-live,CL-2023-to-present.pdf@20260823084623,False,
CL,2026-06-09,11072.0,,False,,front-tier snapshot,snapshot-wayback+snapshot-live,CL-2023-to-present.pdf@20260823084623,False,
CL,2026-06-10,11212.0,,False,,front-tier snapshot,snapshot-wayback+snapshot-live,CL-2023-to-present.pdf@20260823084623,False,
CL,2026-06-11,11087.0,,False,,front-tier snapshot,snapshot-wayback+snapshot-live,CL-2023-to-present.pdf@20260823084623,False,
CL,2026-06-12,10897.0,,False,,front-tier snapshot,snapshot-wayback+snapshot-live,CL-2023-to-present.pdf@20260823084623,False,
CL,2026-06-15,10651.0,,False,,front-tier snapshot,snapshot-wayback+snapshot-live,CL-2023-to-present.pdf@20260823084623,False,
CL,2026-06-16,10392.0,,False,,front-tier snapshot,snapshot-wayback+snapshot-live,CL-2023-to-present.pdf@20260823084623,False,
CL,2026-06-17,10432.0,,False,,front-tier snapshot,snapshot-wayback+snapshot-live,CL-2023-to-present.pdf@20260823084623,False,
CL,2026-06-18,10513.0,,False,,front-tier snapshot,snapshot-wayback+snapshot-live,CL-2023-to-present.pdf@20260823084623,False,
CL,2026-06-22,10431.0,,False,,front-tier snapshot,snapshot-wayback+snapshot-live,CL-2023-to-present.pdf@20260823084623,False,
CL,2026-06-23,9980.0,,False,,front-tier snapshot,snapshot-wayback+snapshot-live,CL-2023-to-present.pdf@20260823084623,False,
CL,2026-06-24,9881.0,,False,,front-tier snapshot,snapshot-wayback+snapshot-live,CL-2023-to-present.pdf@20260823084623,False,
CL,2026-06-25,9809.0,,False,,front-tier snapshot,snapshot-wayback+snapshot-live,CL-2023-to-present.pdf@20260823084623,False,
CL,2026-06-26,7707.0,,False,,front-tier snapshot,snapshot-wayback+snapshot-live,CL-2023-to-present.pdf@20260823084623,False,
CL,2026-06-29,7819.0,,False,,front-tier snapshot,snapshot-wayback+snapshot-live,CL-2023-to-present.pdf@20260823084623,False,
CL,2026-06-30,7775.0,,False,,front-tier snapshot,snapshot-wayback+snapshot-live,CL-2023-to-present.pdf@20260823084623,False,
ES,2016-01-29,4750.0,5225.0,True,2016-01-28,Spec nan,advisory,/tools-information/lookups/advisories/clearing/Chadv16-053.html,False,
ES,2016-04-08,4500.0,4950.0,True,2016-04-07,Spec nan,advisory,/notices/clearing/2016/04/Chadv16-153.html,False,
ES,2016-05-06,4200.0,4620.0,True,2016-05-05,Spec nan,advisory,/notices/clearing/2016/05/Chadv16-194.html,False,
ES,2016-09-30,4500.0,4950.0,True,2016-09-29,Spec nan,advisory,/notices/clearing/2016/09/Chadv16-389.html,False,
ES,2017-02-24,5000.0,5500.0,True,2017-02-23,Spec nan,advisory,/notices/clearing/2017/02/Chadv17-073.html,False,
ES,2017-05-12,4600.0,5060.0,True,2017-05-11,Spec nan,advisory,/notices/clearing/2017/05/Chadv17-167.html,False,
ES,2017-06-01,4400.0,4840.0,True,2017-05-31,Spec nan,advisory,/notices/clearing/2017/05/Chadv17-194.html,False,
ES,2017-06-30,4200.0,4620.0,True,2017-06-29,Spec nan,advisory,/notices/clearing/2017/06/Chadv17-251.html,False,
ES,2017-09-11,4500.0,4950.0,True,2017-09-08,Spec nan,advisory,/notices/clearing/2017/09/Chadv17-349.html,False,
ES,2018-01-12,4800.0,5280.0,True,2018-01-11,Spec nan,advisory,/notices/clearing/2018/01/Chadv18-020.html,False,
ES,2018-01-26,5050.0,5555.0,True,2018-01-25,Spec nan,advisory,/notices/clearing/2018/01/Chadv18-040.html,False,
ES,2018-02-07,5550.0,6105.0,True,2018-02-06,Spec Month 1,advisory,/notices/clearing/2018/02/Chadv18-055.html,False,
ES,2018-02-09,5800.0,6380.0,True,2018-02-08,Spec Month 1,advisory,/notices/clearing/2018/02/Chadv18-058.html,False,
ES,2018-05-04,5400.0,5940.0,True,2018-05-03,Spec Month 1,advisory,/notices/clearing/2018/05/Chadv18-177.html,False,
ES,2018-05-24,5600.0,6160.0,True,2018-05-23,Spec Month 1,advisory,/notices/clearing/2018/05/Chadv18-206.html,False,
ES,2018-08-10,5800.0,6380.0,True,2018-08-09,Spec Month 1,advisory,/notices/clearing/2018/08/Chadv18-314.html,False,
ES,2018-09-20,6000.0,6600.0,True,2018-09-19,Spec Month 1,advisory,/notices/clearing/2018/09/Chadv18-374.html,False,
ES,2019-04-17,6300.0,6930.0,True,2019-04-16,Spec Month 1,advisory,/notices/clearing/2019/04/Chadv19-131.html,False,
ES,2019-11-01,6000.0,6600.0,True,2019-10-31,Spec Month 1,advisory,/notices/clearing/2019/10/Chadv19-362.html,False,
ES,2019-11-15,6300.0,6930.0,True,2019-11-14,Spec Month 1,advisory,/notices/clearing/2019/11/Chadv19-382.html,False,
ES,2020-01-09,6600.0,7260.0,True,2020-01-08,Spec Month 1,advisory,/notices/clearing/2020/01/Chadv20-012.html,False,
ES,2020-03-02,7200.0,7920.0,True,2020-02-28,Spec Month 1,advisory,/notices/clearing/2020/02/Chadv20-067.html,False,
ES,2020-03-04,7600.0,8360.0,True,2020-03-03,Spec Month 1,advisory,/notices/clearing/2020/03/Chadv20-073.html,False,
ES,2020-03-10,8350.0,9185.0,True,2020-03-09,Spec Month 1,advisory,/notices/clearing/2020/03/Chadv20-085.html,False,
ES,2020-03-13,9000.0,9900.0,True,2020-03-12,Spec Month 1,advisory,/notices/clearing/2020/03/Chadv20-096.html,False,
ES,2020-03-17,10600.0,11660.0,True,2020-03-16,Spec Month 1,advisory,/notices/clearing/2020/03/Chadv20-104.html,False,
ES,2020-03-19,12000.0,13200.0,True,2020-03-18,Spec Month 1,advisory,/notices/clearing/2020/03/Chadv20-116.html,False,
GC,2009-01-08,4302.0,5807.7,False,,Spec,wayback-history,GC_2009_to_august_2011.pdf@20120627071902,False,
GC,2009-01-22,3999.0,5398.65,False,,Spec,wayback-history,GC_2009_to_august_2011.pdf@20120627071902,False,
GC,2009-08-21,3333.0,4499.55,False,,Spec,wayback-history,GC_2009_to_august_2011.pdf@20120627071902,False,
GC,2009-12-15,4002.0,5402.7,False,,Spec,wayback-history,GC_2009_to_august_2011.pdf@20120627071902,False,
GC,2010-02-12,4998.0,6747.3,False,,Spec,wayback-history,GC_2009_to_august_2011.pdf@20120627071902,False,
GC,2010-03-02,4998.0,6747.3,False,,Spec Tier 1,wayback-history,GC_2009_to_august_2011.pdf@20120627071902,False,
GC,2010-04-30,4251.0,5738.85,False,,Spec Tier 1,wayback-history,GC_2009_to_august_2011.pdf@20120627071902,False,
GC,2010-10-01,4251.0,5738.85,False,,Spec Tier 3,wayback-history,GC_2009_to_august_2011.pdf@20120627071902,False,
GC,2010-11-16,4500.0,6075.0,False,,Spec Tier 1,wayback-history,GC_2009_to_august_2011.pdf@20120627071902,False,
GC,2011-01-21,5001.0,6751.35,False,,Spec Tier 1,wayback-history,GC_2009_to_august_2011.pdf@20120627071902,False,
GC,2011-02-04,5001.0,6751.35,False,,Spec Tier 4,wayback-history,GC_2009_to_august_2011.pdf@20120627071902,False,
GC,2011-06-20,4500.0,6075.0,False,,Spec Tier 1,wayback-history,GC_2009_to_august_2011.pdf@20120627071902,False,
GC,2011-08-11,5500.0,7425.0,False,,Spec Tier 1,wayback-history,GC_2009_to_august_2011.pdf@20120627071902,False,
GC,2011-08-25,7000.0,9450.0,False,,Spec Mths 1-4,wayback-history,GC_2009-2011.pdf@20121109075714,False,
GC,2011-09-26,8500.0,11475.0,False,,Spec Mths 1-4,wayback-history,GC_2009-2011.pdf@20121109075714,False,
GC,2012-02-13,7500.0,10125.0,False,,Spec Mths 1-4,wayback-history,GC_2009-2011.pdf@20121109075714,False,
GC,2012-05-29,6750.0,9112.5,False,,Spec Mths 1-4,wayback-history,GC_2009-2011.pdf@20121109075714,False,
GC,2012-11-20,6750.0,7425.0,False,,Spec Mths 1-4,wayback-history,GC_2009_to_present.pdf@20140828163145,False,
GC,2013-01-02,6000.0,6600.0,False,,Spec Mths 1-4,wayback-history,GC_2009_to_present.pdf@20140828163145,False,
GC,2013-02-12,5400.0,5940.0,False,,Spec Mths 1-4,wayback-history,GC_2009_to_present.pdf@20140828163145,False,
GC,2013-04-16,6400.0,7040.0,False,,Spec Mths 1-4,wayback-history,GC_2009_to_present.pdf@20140828163145,False,
GC,2013-06-21,8000.0,8800.0,False,,Spec Mths 1-4,wayback-history,GC_2009_to_present.pdf@20140828163145,False,
GC,2013-11-22,7250.0,7975.0,False,,Spec Mths 1-4,wayback-history,GC_2009_to_present.pdf@20140828163145,False,
GC,2014-04-04,6500.0,7150.0,False,,Spec Mths 1-4,wayback-history,GC_2009_to_present.pdf@20140828163145,False,
GC,2014-05-16,6000.0,6600.0,False,,Spec Mths 1-4,wayback-history,GC_2008_to_present.pdf@20150528073842,False,
GC,2014-06-04,6000.0,6600.0,False,,Spec Mths 17+,wayback-history,GC_2008_to_present.pdf@20150528073842,False,
GC,2014-07-14,5400.0,5940.0,False,,Spec Mths 1-4,wayback-history,GC_2009_to_present.pdf@20140828163145,False,
GC,2014-08-22,4600.0,5060.0,False,,Spec Mths 1-4,wayback-history,GC_2008_to_present.pdf@20150528073842,False,
GC,2014-10-10,4000.0,4400.0,False,,Spec Mths 1-4,wayback-history,GC_2008_to_present.pdf@20150528073842,False,
GC,2015-05-22,3750.0,4125.0,False,,Spec Mths 1-4,wayback-history,GC_2008_to_present.pdf@20160909201258,False,
GC,2016-02-12,4250.0,4675.0,False,,Spec Mths 1-4,wayback-history,GC_2008_to_present.pdf@20160909201258,False,
GC,2016-02-26,4500.0,4950.0,False,,Spec Mths 1-4,wayback-history,GC_2008_to_present.pdf@20160909201258,False,
GC,2016-06-27,5500.0,6050.0,False,,Spec Mths 1-4,wayback-history,GC_2008_to_present.pdf@20160909201258,False,
GC,2016-07-01,6000.0,6600.0,False,,Spec Mths 1-4,wayback-history,GC_2008_to_present.pdf@20160909201258,False,
GC,2016-08-11,6000.0,6600.0,False,,Spec Mnth1,wayback-history,GC_2008_to_present.pdf@20160909201258,False,
GC,2016-09-01,5400.0,nan,True,2016-08-31,Spec Period 1 (2016-09-01),advisory,/notices/clearing/2016/08/Chadv16-355.html,False,
GC,2016-11-03,6000.0,nan,True,2016-11-02,Spec Period 1 (2016-11-01),advisory,/notices/clearing/2016/10/Chadv16-463.html,False,
GC,2016-12-09,6000.0,nan,True,2016-12-08,Spec Period 1 (2016-12-01),advisory,/notices/clearing/2016/12/Chadv16-513.html,False,
GC,2016-12-23,6000.0,nan,True,2016-12-22,Spec Period 1 (2016-12-01),advisory,/notices/clearing/2016/12/Chadv16-543.html,False,
GC,2017-01-13,5400.0,nan,True,2017-01-12,Spec Period 1 (2017-01-01),advisory,/notices/clearing/2017/01/Chadv17-027.html,False,
GC,2017-03-03,4800.0,nan,True,2017-03-02,Spec Period 1 (2017-03-01),advisory,/notices/clearing/2017/03/Chadv17-085.html,False,
GC,2017-03-17,4800.0,nan,True,2017-03-16,Spec Period 1 (2017-03-01),advisory,/notices/clearing/2017/03/Chadv17-109.html,False,
GC,2017-03-31,4200.0,nan,True,2017-03-30,Spec Period 1 (2017-04-01),advisory,/notices/clearing/2017/03/Chadv17-121.html,False,
GC,2017-06-01,3950.0,nan,True,2017-05-31,Spec Period 1 (2017-06-01),advisory,/notices/clearing/2017/05/Chadv17-197.html,False,
GC,2017-08-11,4250.0,nan,True,2017-08-10,Spec Period 1 (2017-08-01),advisory,/notices/clearing/2017/08/Chadv17-314.html,False,
GC,2017-09-08,4500.0,nan,True,2017-09-07,Spec Period 1 (2017-09-01),advisory,/notices/clearing/2017/09/Chadv17-345.html,False,
GC,2017-09-22,4900.0,nan,True,2017-09-21,Spec Period 1 (2017-09-01),advisory,/notices/clearing/2017/09/Chadv17-367.html,False,
GC,2017-11-10,4900.0,nan,True,2017-11-09,Spec Period 1 (2017-11-01),advisory,/notices/clearing/2017/11/Chadv17-422.html,False,
GC,2017-12-08,4450.0,nan,True,2017-12-07,Spec Period 1 (2017-12-01),advisory,/notices/clearing/2017/12/Chadv17-475.html,False,
GC,2017-12-19,4000.0,nan,True,2017-12-18,Spec Period 1 (2017-12-01),advisory,/notices/clearing/2017/12/Chadv17-498.html,False,
GC,2018-01-09,3500.0,nan,True,2018-01-08,Spec Period 1 (2018-01-01),advisory,/notices/clearing/2018/01/Chadv18-011.html,False,
GC,2018-03-20,3100.0,nan,True,2018-03-19,Spec Period 1 (2018-03-01),advisory,/notices/clearing/2018/03/Chadv18-117.html,False,
GC,2018-06-01,3100.0,nan,True,2018-05-31,Spec Period 1 (2018-06-01),advisory,/notices/clearing/2018/05/Chadv18-220.html,False,
GC,2018-06-29,3100.0,nan,True,2018-06-28,Spec Period 1 (2018-07-01),advisory,/notices/clearing/2018/06/Chadv18-260.html,False,
GC,2018-07-05,3100.0,nan,True,2018-07-03,Spec Period 1 (2018-07-01),advisory,/notices/clearing/2018/07/Chadv18-274.html,False,
GC,2018-10-12,3400.0,nan,True,2018-10-11,Spec Period 1 (2018-10-01),advisory,/notices/clearing/2018/10/Chadv18-411.html,False,
GC,2019-03-29,3400.0,nan,True,2019-03-28,Spec Period 1 (2019-04-01),advisory,/notices/clearing/2019/03/Chadv19-113.html,False,
GC,2019-06-21,3700.0,nan,True,2019-06-20,Spec Period 1 (2019-06-01),advisory,/notices/clearing/2019/06/Chadv19-196.html,False,
GC,2019-06-28,4000.0,nan,True,2019-06-27,Spec Period 1 (2019-07-01),advisory,/notices/clearing/2019/06/Chadv19-208.html,False,
GC,2019-08-14,4500.0,nan,True,2019-08-13,Spec Period 1 (2019-08-01),advisory,/notices/clearing/2019/08/Chadv19-267.html,False,
GC,2019-10-04,4500.0,nan,True,2019-10-03,Spec Period 1 (2019-10-01),advisory,/notices/clearing/2019/10/Chadv19-327.html,False,
GC,2019-11-18,4500.0,nan,True,2019-11-15,Spec Period 1 (2019-11-01),advisory,/notices/clearing/2019/11/Chadv19-384.html,False,
GC,2020-01-09,5000.0,nan,True,2020-01-08,Spec Period 1 (2020-01-01),advisory,/notices/clearing/2020/01/Chadv20-014.html,False,
GC,2020-02-27,5500.0,nan,True,2020-02-26,Spec Period 1 (2020-03-01),advisory,/notices/clearing/2020/02/Chadv20-062.html,False,
GC,2020-03-03,6000.0,nan,True,2020-03-02,Spec Period 1 (2020-03-01),advisory,/notices/clearing/2020/03/Chadv20-068.html,False,
GC,2020-03-11,6000.0,nan,True,2020-03-10,Spec Period 1 (2020-03-01),advisory,/notices/clearing/2020/03/Chadv20-086.html,False,
GC,2020-03-17,7000.0,nan,True,2020-03-16,Spec Period 1 (2020-03-01),advisory,/notices/clearing/2020/03/Chadv20-103.html,False,
GC,2020-03-25,8350.0,nan,True,2020-03-24,Spec Period 1 (2020-03-01),advisory,/notices/clearing/2020/03/Chadv20-127.html,False,
GC,2020-03-27,8350.0,nan,True,2020-03-26,Spec Period 1 (2020-03-01),advisory,/notices/clearing/2020/03/Chadv20-132.html,False,
GC,2020-04-14,9150.0,10065.0,True,2020-04-13,Spec Mnth1,advisory,/notices/clearing/2020/04/Chadv20-154.html,False,
GC,2020-06-19,8200.0,9020.0,True,2020-06-18,Spec Mnth1,advisory,/notices/clearing/2020/06/Chadv20-247.html,False,
GC,2020-08-07,8700.0,9570.0,True,2020-08-06,Spec Mnth1,advisory+snapshot-wayback+snapshot-live,/notices/clearing/2020/08/Chadv20-309.html,False,
GC,2020-08-12,9300.0,10230.0,True,2020-08-11,Spec Mnth1,advisory+snapshot-wayback+snapshot-live,/notices/clearing/2020/08/Chadv20-316.html,False,
GC,2020-10-02,10500.0,,False,,front-tier snapshot,snapshot-wayback+snapshot-live,GC-2020-to-present.pdf@20250910111656,False,
GC,2020-10-16,11500.0,,False,,front-tier snapshot,snapshot-wayback+snapshot-live,GC-2020-to-present.pdf@20250910111656,False,
GC,2020-12-04,10000.0,,False,,front-tier snapshot,snapshot-wayback+snapshot-live,GC-2020-to-present.pdf@20250910111656,False,
GC,2021-02-02,11000.0,,False,,front-tier snapshot,snapshot-wayback+snapshot-live,GC-2020-to-present.pdf@20250910111656,False,
GC,2021-03-05,10000.0,,False,,front-tier snapshot,snapshot-wayback+snapshot-live,GC-2020-to-present.pdf@20250910111656,False,
GC,2021-05-07,9000.0,,False,,front-tier snapshot,snapshot-wayback+snapshot-live,GC-2020-to-present.pdf@20250910111656,False,
GC,2021-08-20,8250.0,,False,,front-tier snapshot,snapshot-wayback+snapshot-live,GC-2020-to-present.pdf@20250910111656,False,
GC,2021-09-29,7500.0,,False,,front-tier snapshot,snapshot-wayback+snapshot-live,GC-2020-to-present.pdf@20250910111656,False,
GC,2022-01-05,6500.0,,False,,front-tier snapshot,snapshot-wayback+snapshot-live,GC-2020-to-present.pdf@20250910111656,False,
GC,2022-01-21,6000.0,,False,,front-tier snapshot,snapshot-wayback+snapshot-live,GC-2020-to-present.pdf@20250910111656,False,
GC,2022-02-25,6600.0,,False,,front-tier snapshot,snapshot-wayback+snapshot-live,GC-2020-to-present.pdf@20250910111656,False,
GC,2022-03-08,7200.0,,False,,front-tier snapshot,snapshot-wayback+snapshot-live,GC-2020-to-present.pdf@20250910111656,False,
GC,2022-07-08,6500.0,,False,,front-tier snapshot,snapshot-wayback+snapshot-live,GC-2020-to-present.pdf@20250910111656,False,
GC,2022-09-16,5700.0,,False,,front-tier snapshot,snapshot-wayback+snapshot-live,GC-2020-to-present.pdf@20250910111656,False,
GC,2022-12-05,6300.0,,False,,front-tier snapshot,snapshot-wayback+snapshot-live,GC-2020-to-present.pdf@20250910111656,False,
GC,2023-01-06,6900.0,,False,,front-tier snapshot,snapshot-wayback+snapshot-live,GC-2020-to-present.pdf@20250910111656,False,
GC,2023-02-10,7400.0,,False,,front-tier snapshot,snapshot-wayback+snapshot-live,GC-2020-to-present.pdf@20250910111656,False,
GC,2023-03-14,8000.0,,False,,front-tier snapshot,snapshot-wayback+snapshot-live,GC-2020-to-present.pdf@20250910111656,False,
GC,2023-04-06,8300.0,,False,,front-tier snapshot,snapshot-wayback+snapshot-live,GC-2020-to-present.pdf@20250910111656,False,
GC,2023-09-08,7800.0,,False,,front-tier snapshot,snapshot-wayback+snapshot-live,GC-2020-to-present.pdf@20250910111656,False,
GC,2023-12-15,8300.0,,False,,front-tier snapshot,snapshot-wayback+snapshot-live,GC-2020-to-present.pdf@20250910111656,False,
GC,2024-03-08,8800.0,,False,,front-tier snapshot,snapshot-wayback+snapshot-live,GC-2020-to-present.pdf@20250910111656,False,
GC,2024-04-05,9400.0,,False,,front-tier snapshot,snapshot-wayback+snapshot-live,GC-2020-to-present.pdf@20250910111656,False,
GC,2024-04-19,10000.0,,False,,front-tier snapshot,snapshot-wayback+snapshot-live,GC-2020-to-present.pdf@20250910111656,False,
GC,2024-08-23,10500.0,,False,,front-tier snapshot,snapshot-wayback+snapshot-live,GC-2020-to-present.pdf@20250910111656,False,
GC,2024-09-27,11000.0,,False,,front-tier snapshot,snapshot-wayback+snapshot-live,GC-2020-to-present.pdf@20250910111656,False,
GC,2024-11-01,11500.0,,False,,front-tier snapshot,snapshot-wayback+snapshot-live,GC-2020-to-present.pdf@20250910111656,False,
GC,2025-02-07,12500.0,,False,,front-tier snapshot,snapshot-wayback+snapshot-live,GC-2020-to-present.pdf@20250910111656,False,
GC,2025-03-21,13500.0,,False,,front-tier snapshot,snapshot-wayback+snapshot-live,GC-2020-to-present.pdf@20250910111656,False,
GC,2025-03-28,14000.0,,False,,front-tier snapshot,snapshot-wayback+snapshot-live,GC-2020-to-present.pdf@20250910111656,False,
GC,2025-04-04,15000.0,,False,,front-tier snapshot,snapshot-wayback+snapshot-live,GC-2020-to-present.pdf@20250910111656,False,
GC,2025-09-12,16000.0,,False,,front-tier snapshot,snapshot-live,GC-2020-to-present.pdf,False,
GC,2025-09-26,17000.0,,False,,front-tier snapshot,snapshot-live,GC-2020-to-present.pdf,False,
GC,2025-10-10,18000.0,,False,,front-tier snapshot,snapshot-live,GC-2020-to-present.pdf,False,
GC,2025-10-17,19000.0,,False,,front-tier snapshot,snapshot-live,GC-2020-to-present.pdf,False,
GC,2025-10-24,20000.0,,False,,front-tier snapshot,snapshot-live,GC-2020-to-present.pdf,False,
GC,2025-12-29,22000.0,,False,,front-tier snapshot,snapshot-live,GC-2020-to-present.pdf,False,
GC,2025-12-31,24000.0,,False,,front-tier snapshot,snapshot-live,GC-2020-to-present.pdf,False,
GC,2026-01-13,22946.0,,False,,front-tier snapshot,snapshot-live,GC-2020-to-present.pdf,False,
GC,2026-01-14,23132.0,,False,,front-tier snapshot,snapshot-live,GC-2020-to-present.pdf,False,
GC,2026-01-15,23082.0,,False,,front-tier snapshot,snapshot-live,GC-2020-to-present.pdf,False,
GC,2026-01-16,22942.0,,False,,front-tier snapshot,snapshot-live,GC-2020-to-present.pdf,False,
GC,2026-01-20,23798.0,,False,,front-tier snapshot,snapshot-live,GC-2020-to-present.pdf,False,
GC,2026-01-21,24159.0,,False,,front-tier snapshot,snapshot-live,GC-2020-to-present.pdf,False,
GC,2026-01-22,24544.0,,False,,front-tier snapshot,snapshot-live,GC-2020-to-present.pdf,False,
GC,2026-01-23,24881.0,,False,,front-tier snapshot,snapshot-live,GC-2020-to-present.pdf,False,
GC,2026-01-26,25399.0,,False,,front-tier snapshot,snapshot-live,GC-2020-to-present.pdf,False,
GC,2026-01-27,25400.0,,False,,front-tier snapshot,snapshot-live,GC-2020-to-present.pdf,False,
GC,2026-01-28,26508.0,,False,,front-tier snapshot,snapshot-live,GC-2020-to-present.pdf,False,
GC,2026-01-29,26592.0,,False,,front-tier snapshot,snapshot-live,GC-2020-to-present.pdf,False,
GC,2026-01-30,28284.0,,False,,front-tier snapshot,snapshot-live,GC-2020-to-present.pdf,False,
GC,2026-02-02,36980.0,,False,,front-tier snapshot,snapshot-live,GC-2020-to-present.pdf,False,
GC,2026-02-03,39230.0,,False,,front-tier snapshot,snapshot-live,GC-2020-to-present.pdf,False,
GC,2026-02-04,39364.0,,False,,front-tier snapshot,snapshot-live,GC-2020-to-present.pdf,False,
GC,2026-02-05,38892.0,,False,,front-tier snapshot,snapshot-live,GC-2020-to-present.pdf,False,
GC,2026-02-06,44561.0,,False,,front-tier snapshot,snapshot-live,GC-2020-to-present.pdf,False,
GC,2026-02-09,45459.0,,False,,front-tier snapshot,snapshot-live,GC-2020-to-present.pdf,False,
GC,2026-02-10,45035.0,,False,,front-tier snapshot,snapshot-live,GC-2020-to-present.pdf,False,
GC,2026-02-11,45645.0,,False,,front-tier snapshot,snapshot-live,GC-2020-to-present.pdf,False,
GC,2026-02-12,44314.0,,False,,front-tier snapshot,snapshot-live,GC-2020-to-present.pdf,False,
GC,2026-02-13,45198.0,,False,,front-tier snapshot,snapshot-live,GC-2020-to-present.pdf,False,
GC,2026-02-17,43947.0,,False,,front-tier snapshot,snapshot-live,GC-2020-to-present.pdf,False,
GC,2026-02-18,44879.0,,False,,front-tier snapshot,snapshot-live,GC-2020-to-present.pdf,False,
GC,2026-02-19,44784.0,,False,,front-tier snapshot,snapshot-live,GC-2020-to-present.pdf,False,
GC,2026-02-20,45534.0,,False,,front-tier snapshot,snapshot-live,GC-2020-to-present.pdf,False,
GC,2026-02-23,46843.0,,False,,front-tier snapshot,snapshot-live,GC-2020-to-present.pdf,False,
GC,2026-02-24,46403.0,,False,,front-tier snapshot,snapshot-live,GC-2020-to-present.pdf,False,
GC,2026-02-25,46858.0,,False,,front-tier snapshot,snapshot-live,GC-2020-to-present.pdf,False,
GC,2026-02-26,46589.0,,False,,front-tier snapshot,snapshot-live,GC-2020-to-present.pdf,False,
GC,2026-02-27,47075.0,,False,,front-tier snapshot,snapshot-live,GC-2020-to-present.pdf,False,
GC,2026-03-02,47650.0,,False,,front-tier snapshot,snapshot-live,GC-2020-to-present.pdf,False,
GC,2026-03-03,45967.0,,False,,front-tier snapshot,snapshot-live,GC-2020-to-present.pdf,False,
GC,2026-03-04,46082.0,,False,,front-tier snapshot,snapshot-live,GC-2020-to-present.pdf,False,
GC,2026-03-05,45588.0,,False,,front-tier snapshot,snapshot-live,GC-2020-to-present.pdf,False,
GC,2026-03-06,36023.0,,False,,front-tier snapshot,snapshot-live,GC-2020-to-present.pdf,False,
GC,2026-03-09,35641.0,,False,,front-tier snapshot,snapshot-live,GC-2020-to-present.pdf,False,
GC,2026-03-10,36608.0,,False,,front-tier snapshot,snapshot-live,GC-2020-to-present.pdf,False,
GC,2026-03-11,36172.0,,False,,front-tier snapshot,snapshot-live,GC-2020-to-present.pdf,False,
GC,2026-03-12,35811.0,,False,,front-tier snapshot,snapshot-live,GC-2020-to-present.pdf,False,
GC,2026-03-13,35368.0,,False,,front-tier snapshot,snapshot-live,GC-2020-to-present.pdf,False,
GC,2026-03-16,34958.0,,False,,front-tier snapshot,snapshot-live,GC-2020-to-present.pdf,False,
GC,2026-03-17,35007.0,,False,,front-tier snapshot,snapshot-live,GC-2020-to-present.pdf,False,
GC,2026-03-18,34230.0,,False,,front-tier snapshot,snapshot-live,GC-2020-to-present.pdf,False,
GC,2026-03-19,32205.0,,False,,front-tier snapshot,snapshot-live,GC-2020-to-present.pdf,False,
GC,2026-03-20,31993.0,,False,,front-tier snapshot,snapshot-live,GC-2020-to-present.pdf,False,
GC,2026-03-23,30829.0,,False,,front-tier snapshot,snapshot-live,GC-2020-to-present.pdf,False,
GC,2026-03-24,30796.0,,False,,front-tier snapshot,snapshot-live,GC-2020-to-present.pdf,False,
GC,2026-03-25,31849.0,,False,,front-tier snapshot,snapshot-live,GC-2020-to-present.pdf,False,
GC,2026-03-26,30629.0,,False,,front-tier snapshot,snapshot-live,GC-2020-to-present.pdf,False,
GC,2026-03-27,31445.0,,False,,front-tier snapshot,snapshot-live,GC-2020-to-present.pdf,False,
GC,2026-03-30,31683.0,,False,,front-tier snapshot,snapshot-live,GC-2020-to-present.pdf,False,
GC,2026-03-31,32534.0,,False,,front-tier snapshot,snapshot-live,GC-2020-to-present.pdf,False,
GC,2026-04-01,33483.0,,False,,front-tier snapshot,snapshot-live,GC-2020-to-present.pdf,False,
GC,2026-04-02,32561.0,,False,,front-tier snapshot,snapshot-live,GC-2020-to-present.pdf,False,
GC,2026-04-06,32598.0,,False,,front-tier snapshot,snapshot-live,GC-2020-to-present.pdf,False,
GC,2026-04-07,32600.0,,False,,front-tier snapshot,snapshot-live,GC-2020-to-present.pdf,False,
GC,2026-04-08,33247.0,,False,,front-tier snapshot,snapshot-live,GC-2020-to-present.pdf,False,
GC,2026-04-09,33546.0,,False,,front-tier snapshot,snapshot-live,GC-2020-to-present.pdf,False,
GC,2026-04-10,33334.0,,False,,front-tier snapshot,snapshot-live,GC-2020-to-present.pdf,False,
GC,2026-04-13,33197.0,,False,,front-tier snapshot,snapshot-live,GC-2020-to-present.pdf,False,
GC,2026-04-14,33775.0,,False,,front-tier snapshot,snapshot-live,GC-2020-to-present.pdf,False,
GC,2026-04-15,33600.0,,False,,front-tier snapshot,snapshot-live,GC-2020-to-present.pdf,False,
GC,2026-04-16,33498.0,,False,,front-tier snapshot,snapshot-live,GC-2020-to-present.pdf,False,
GC,2026-04-17,34004.0,,False,,front-tier snapshot,snapshot-live,GC-2020-to-present.pdf,False,
GC,2026-04-20,33647.0,,False,,front-tier snapshot,snapshot-live,GC-2020-to-present.pdf,False,
GC,2026-04-21,32889.0,,False,,front-tier snapshot,snapshot-live,GC-2020-to-present.pdf,False,
GC,2026-04-22,33128.0,,False,,front-tier snapshot,snapshot-live,GC-2020-to-present.pdf,False,
GC,2026-04-23,32936.0,,False,,front-tier snapshot,snapshot-live,GC-2020-to-present.pdf,False,
GC,2026-04-24,28334.0,,False,,front-tier snapshot,snapshot-live,GC-2020-to-present.pdf,False,
GC,2026-04-27,28053.0,,False,,front-tier snapshot,snapshot-live,GC-2020-to-present.pdf,False,
GC,2026-04-28,27549.0,,False,,front-tier snapshot,snapshot-live,GC-2020-to-present.pdf,False,
GC,2026-04-29,27272.0,,False,,front-tier snapshot,snapshot-live,GC-2020-to-present.pdf,False,
GC,2026-04-30,27689.0,,False,,front-tier snapshot,snapshot-live,GC-2020-to-present.pdf,False,
GC,2026-05-01,27780.0,,False,,front-tier snapshot,snapshot-live,GC-2020-to-present.pdf,False,
GC,2026-05-04,27117.0,,False,,front-tier snapshot,snapshot-live,GC-2020-to-present.pdf,False,
GC,2026-05-05,27335.0,,False,,front-tier snapshot,snapshot-live,GC-2020-to-present.pdf,False,
GC,2026-05-06,28092.0,,False,,front-tier snapshot,snapshot-live,GC-2020-to-present.pdf,False,
GC,2026-05-07,28199.0,,False,,front-tier snapshot,snapshot-live,GC-2020-to-present.pdf,False,
GC,2026-05-08,28323.0,,False,,front-tier snapshot,snapshot-live,GC-2020-to-present.pdf,False,
GC,2026-05-11,28313.0,,False,,front-tier snapshot,snapshot-live,GC-2020-to-present.pdf,False,
GC,2026-05-12,28066.0,,False,,front-tier snapshot,snapshot-live,GC-2020-to-present.pdf,False,
GC,2026-05-13,28187.0,,False,,front-tier snapshot,snapshot-live,GC-2020-to-present.pdf,False,
GC,2026-05-14,28069.0,,False,,front-tier snapshot,snapshot-live,GC-2020-to-present.pdf,False,
GC,2026-05-15,27335.0,,False,,front-tier snapshot,snapshot-live,GC-2020-to-present.pdf,False,
GC,2026-05-18,27315.0,,False,,front-tier snapshot,snapshot-live,GC-2020-to-present.pdf,False,
GC,2026-05-19,27038.0,,False,,front-tier snapshot,snapshot-live,GC-2020-to-present.pdf,False,
GC,2026-05-20,27188.0,,False,,front-tier snapshot,snapshot-live,GC-2020-to-present.pdf,False,
GC,2026-05-21,27239.0,,False,,front-tier snapshot,snapshot-live,GC-2020-to-present.pdf,False,
GC,2026-05-22,27126.0,,False,,front-tier snapshot,snapshot-live,GC-2020-to-present.pdf,False,
GC,2026-05-26,27003.0,,False,,front-tier snapshot,snapshot-live,GC-2020-to-present.pdf,False,
GC,2026-05-27,26685.0,,False,,front-tier snapshot,snapshot-live,GC-2020-to-present.pdf,False,
GC,2026-05-28,26996.0,,False,,front-tier snapshot,snapshot-live,GC-2020-to-present.pdf,False,
GC,2026-05-29,22803.0,,False,,front-tier snapshot,snapshot-live,GC-2020-to-present.pdf,False,
GC,2026-06-01,22376.0,,False,,front-tier snapshot,snapshot-live,GC-2020-to-present.pdf,False,
GC,2026-06-02,22446.0,,False,,front-tier snapshot,snapshot-live,GC-2020-to-present.pdf,False,
GC,2026-06-03,22184.0,,False,,front-tier snapshot,snapshot-live,GC-2020-to-present.pdf,False,
GC,2026-06-04,22379.0,,False,,front-tier snapshot,snapshot-live,GC-2020-to-present.pdf,False,
GC,2026-06-05,21686.0,,False,,front-tier snapshot,snapshot-live,GC-2020-to-present.pdf,False,
GC,2026-06-08,21680.0,,False,,front-tier snapshot,snapshot-live,GC-2020-to-present.pdf,False,
GC,2026-06-09,21300.0,,False,,front-tier snapshot,snapshot-live,GC-2020-to-present.pdf,False,
GC,2026-06-10,20541.0,,False,,front-tier snapshot,snapshot-live,GC-2020-to-present.pdf,False,
GC,2026-06-11,20452.0,,False,,front-tier snapshot,snapshot-live,GC-2020-to-present.pdf,False,
GC,2026-06-12,21075.0,,False,,front-tier snapshot,snapshot-live,GC-2020-to-present.pdf,False,
GC,2026-06-15,21640.0,,False,,front-tier snapshot,snapshot-live,GC-2020-to-present.pdf,False,
GC,2026-06-16,21655.0,,False,,front-tier snapshot,snapshot-live,GC-2020-to-present.pdf,False,
GC,2026-06-17,21795.0,,False,,front-tier snapshot,snapshot-live,GC-2020-to-present.pdf,False,
GC,2026-06-18,21121.0,,False,,front-tier snapshot,snapshot-live,GC-2020-to-present.pdf,False,
GC,2026-06-22,20910.0,,False,,front-tier snapshot,snapshot-live,GC-2020-to-present.pdf,False,
GC,2026-06-23,20650.0,,False,,front-tier snapshot,snapshot-live,GC-2020-to-present.pdf,False,
GC,2026-06-24,19952.0,,False,,front-tier snapshot,snapshot-live,GC-2020-to-present.pdf,False,
GC,2026-06-25,20153.0,,False,,front-tier snapshot,snapshot-live,GC-2020-to-present.pdf,False,
GC,2026-06-26,20394.0,,False,,front-tier snapshot,snapshot-live,GC-2020-to-present.pdf,False,
GC,2026-06-29,20112.0,,False,,front-tier snapshot,snapshot-live,GC-2020-to-present.pdf,False,
GC,2026-06-30,20115.0,,False,,front-tier snapshot,snapshot-live,GC-2020-to-present.pdf,False,
HG,2009-01-08,5750.0,7762.5,False,,Spec,wayback-history,HG_2009_to_present.pdf@20121109075740,False,
HG,2009-08-21,4500.0,6075.0,False,,Spec,wayback-history,HG_2009_to_present.pdf@20121109075740,False,
HG,2009-12-15,3500.0,4725.0,False,,Spec,wayback-history,HG_2009_to_present.pdf@20121109075740,False,
HG,2010-04-30,4250.0,5737.5,False,,Spec,wayback-history,HG_2009_to_present.pdf@20121109075740,False,
HG,2010-06-07,5000.0,6750.0,False,,Spec,wayback-history,HG_2009_to_present.pdf@20121109075740,False,
HG,2010-09-02,4000.0,5400.0,False,,Spec,wayback-history,HG_2009_to_present.pdf@20121109075740,False,
HG,2010-12-17,4750.0,6412.5,False,,Spec,wayback-history,HG_2009_to_present.pdf@20121109075740,False,
HG,2011-01-21,4250.0,5737.5,False,,Spec,wayback-history,HG_2009_to_present.pdf@20121109075740,False,
HG,2011-07-01,4250.0,5737.5,False,,Spec Mths 1-4,wayback-history,HG_2009_to_present.pdf@20121109075740,False,
HG,2011-09-26,5000.0,6750.0,False,,Spec Mths 1-4,wayback-history,HG_2009_to_present.pdf@20121109075740,False,
HG,2011-10-04,5750.0,7762.5,False,,Spec Mths 1-4,wayback-history,HG_2009_to_present.pdf@20121109075740,False,
HG,2011-10-06,5750.0,7762.5,False,,Spec Mths 5+,wayback-history,HG_2009_to_present.pdf@20121109075740,False,
HG,2012-02-13,5000.0,6750.0,False,,Spec Mths 1-4,wayback-history,HG_2009_to_present.pdf@20121109075740,False,
HG,2012-04-16,4000.0,5400.0,False,,Spec Mths 1-4,wayback-history,HG_2009_to_present.pdf@20121109075740,False,
HG,2012-11-20,3500.0,3850.0,False,,Spec Mths 1-4,wayback-history,HG_2009_to_present.pdf@20130326062833,False,
HG,2013-02-12,3100.0,3410.0,False,,Spec Mths 1-4,wayback-history,HG_2009_to_present.pdf@20130326062833,False,
HG,2013-05-07,3700.0,4070.0,False,,Spec Mths 1-4,wayback-history,HG_2009_to_present.pdf@20140826123833,False,
HG,2013-06-04,4000.0,4400.0,False,,Spec Mths 1-4,wayback-history,HG_2009_to_present.pdf@20140826123833,False,
HG,2013-09-10,3500.0,3850.0,False,,Spec Mths 1-4,wayback-history,HG_2009_to_present.pdf@20140826123833,False,
HG,2013-11-22,3000.0,3300.0,False,,Spec Mths 1-4,wayback-history,HG_2008_to_present.pdf@20150528080103,False,
HG,2014-07-14,2700.0,2970.0,False,,Spec Mths 1-4,wayback-history,HG_2009_to_present.pdf@20140826123833,False,
HG,2014-08-25,2600.0,2860.0,False,,Spec Mnth1,wayback-history,HG_2008_to_present.pdf@20150528080103,False,
HG,2014-10-23,2300.0,2530.0,False,,Spec Mnth27,wayback-history,HG_2008_to_present.pdf@20150528080103,False,
HG,2014-12-05,2900.0,3190.0,False,,Spec Mnth1,wayback-history,HG_2008_to_present.pdf@20150528080103,False,
HG,2015-01-16,3400.0,3740.0,False,,Spec Mnth1,wayback-history,HG_2008_to_present.pdf@20150528080103,False,
HG,2015-04-17,3100.0,3410.0,False,,Spec Mnth1,wayback-history,HG_2008_to_present.pdf@20170329060838,False,
HG,2016-01-29,2850.0,3135.0,True,2016-01-28,Spec Mnth1,advisory+wayback-history,/tools-information/lookups/advisories/clearing/Chadv16-053.html,False,
HG,2016-04-08,2600.0,2860.0,True,2016-04-07,Spec Mnth1,advisory+wayback-history,/notices/clearing/2016/04/Chadv16-153.html,False,
HG,2016-04-29,2600.0,nan,True,2016-04-28,Spec Period 1 (2016-05-01),advisory,/notices/clearing/2016/04/Chadv16-187.html,False,
HG,2016-05-06,2300.0,2530.0,True,2016-05-05,Spec Mnth1,advisory+wayback-history,/notices/clearing/2016/05/Chadv16-194.html,False,
HG,2016-10-07,1900.0,nan,True,2016-10-06,Spec Period 1 (2016-10-01),advisory,/notices/clearing/2016/10/Chadv16-401.html,False,
HG,2016-11-11,2300.0,nan,True,2016-11-10,Spec Period 1 (2016-11-01),advisory,/notices/clearing/2016/11/Chadv16-479.html,False,
HG,2016-11-18,2750.0,nan,True,2016-11-17,Spec Period 1 (2016-11-01),advisory,/notices/clearing/2016/11/Chadv16-486.html,False,
HG,2016-12-09,2750.0,nan,True,2016-12-08,Spec Period 1 (2016-12-01),advisory,/notices/clearing/2016/12/Chadv16-513.html,False,
HG,2017-02-03,3100.0,nan,True,2017-02-02,Spec Period 1 (2017-02-01),advisory,/notices/clearing/2017/02/Chadv17-052.html,False,
HG,2017-03-03,3100.0,nan,True,2017-03-02,Spec Period 1 (2017-03-01),advisory,/notices/clearing/2017/03/Chadv17-085.html,False,
HG,2017-04-07,2750.0,nan,True,2017-04-06,Spec Period 1 (2017-04-01),advisory,/notices/clearing/2017/04/Chadv17-127.html,False,
HG,2017-06-23,2400.0,nan,True,2017-06-22,Spec Period 1 (2017-06-01),advisory,/notices/clearing/2017/06/Chadv17-237.html,False,
HG,2017-08-11,2750.0,nan,True,2017-08-10,Spec Period 1 (2017-08-01),advisory,/notices/clearing/2017/08/Chadv17-314.html,False,
HG,2017-09-11,3150.0,nan,True,2017-09-08,Spec Period 1 (2017-09-01),advisory,/notices/clearing/2017/09/Chadv17-350.html,False,
HG,2017-12-01,2800.0,nan,True,2017-11-30,Spec Period 1 (2017-12-01),advisory,/notices/clearing/2017/11/Chadv17-466.html,False,
HG,2018-01-26,3100.0,nan,True,2018-01-25,Spec Period 1 (2018-01-01),advisory,/notices/clearing/2018/01/Chadv18-038.html,False,
HG,2018-05-24,2800.0,nan,True,2018-05-23,Spec Period 1 (2018-05-01),advisory,/notices/clearing/2018/05/Chadv18-208.html,False,
HG,2018-08-17,3100.0,nan,True,2018-08-16,Spec Period 1 (2018-08-01),advisory,/notices/clearing/2018/08/Chadv18-323.html,False,
HG,2018-09-25,3100.0,nan,True,2018-09-24,Spec Period 1 (2018-09-01),advisory,/notices/clearing/2018/09/Chadv18-378.html,False,
HG,2018-09-28,3100.0,nan,True,2018-09-27,Spec Period 1 (2018-10-01),advisory,/notices/clearing/2018/09/Chadv18-394.html,False,
HG,2018-11-20,3100.0,nan,True,2018-11-19,Spec Period 1 (2018-11-01),advisory,/notices/clearing/2018/11/Chadv18-459.html,False,
HG,2018-11-23,3100.0,nan,True,2018-11-21,Spec Period 1 (2018-11-01),advisory,/notices/clearing/2018/11/Chadv18-465.html,False,
HG,2018-11-28,3100.0,nan,True,2018-11-27,Spec Period 1 (2018-11-01),advisory,/notices/clearing/2018/11/Chadv18-470.html,False,
HG,2018-12-07,3100.0,nan,True,2018-12-06,Spec Period 1 (2018-12-01),advisory,/notices/clearing/2018/12/Chadv18-477.html,False,
HG,2019-01-04,3100.0,nan,True,2019-01-03,Spec Period 1 (2019-01-01),advisory,/notices/clearing/2019/01/Chadv19-003.html,False,
HG,2019-01-08,3100.0,nan,True,2019-01-07,Spec Period 1 (2019-01-01),advisory,/notices/clearing/2019/01/Chadv19-009.html,False,
HG,2019-02-01,2700.0,nan,True,2019-01-31,Spec Period 1 (2019-02-01),advisory,/notices/clearing/2019/01/Chadv19-043.html,False,
HG,2019-02-06,2700.0,nan,True,2019-02-05,Spec Period 1 (2019-02-01),advisory,/notices/clearing/2019/02/Chadv19-048.html,False,
HG,2019-03-14,2400.0,nan,True,2019-03-13,Spec Period 1 (2019-03-01),advisory,/notices/clearing/2019/03/Chadv19-087.html,False,
HG,2019-06-28,2700.0,nan,True,2019-06-27,Spec Period 1 (2019-07-01),advisory,/notices/clearing/2019/06/Chadv19-208.html,False,
HG,2019-11-26,2400.0,nan,True,2019-11-25,Spec Period 1 (2019-11-01),advisory,/notices/clearing/2019/11/Chadv19-394.html,False,
HG,2020-01-09,2700.0,nan,True,2020-01-08,Spec Period 1 (2020-01-01),advisory,/notices/clearing/2020/01/Chadv20-014.html,False,
HG,2020-03-20,3200.0,nan,True,2020-03-19,Spec Period 1 (2020-03-01),advisory,/notices/clearing/2020/03/Chadv20-117.html,False,
HG,2020-03-25,3750.0,nan,True,2020-03-24,Spec Period 1 (2020-03-01),advisory,/notices/clearing/2020/03/Chadv20-127.html,False,
HG,2020-04-24,3750.0,nan,True,2020-04-23,Spec Period 1 (2020-04-01),advisory,/notices/clearing/2020/04/Chadv20-175.html,False,
HG,2020-06-05,3250.0,nan,True,2020-06-04,Spec Period 1 (2020-06-01),advisory,/notices/clearing/2020/06/Chadv20-226.html,False,
HG,2020-06-19,2900.0,nan,True,2020-06-18,Spec Period 1 (2020-06-01),advisory,/notices/clearing/2020/06/Chadv20-246.html,False,
HG,2020-08-14,3200.0,nan,True,2020-08-13,Spec Period 1 (2020-08-01),advisory+snapshot-wayback+snapshot-live,/notices/clearing/2020/08/Chadv20-318.html,False,
HG,2020-10-02,3600.0,,False,,front-tier snapshot,snapshot-wayback+snapshot-live,HG-2020-to-present.pdf@20250910115445,False,
HG,2020-10-16,4200.0,,False,,front-tier snapshot,snapshot-wayback+snapshot-live,HG-2020-to-present.pdf@20250910115445,False,
HG,2021-02-02,4600.0,,False,,front-tier snapshot,snapshot-wayback+snapshot-live,HG-2020-to-present.pdf@20250910115445,False,
HG,2021-02-19,5000.0,,False,,front-tier snapshot,snapshot-wayback+snapshot-live,HG-2020-to-present.pdf@20250910115445,False,
HG,2021-03-05,5500.0,,False,,front-tier snapshot,snapshot-wayback+snapshot-live,HG-2020-to-present.pdf@20250910115445,False,
HG,2021-04-09,6100.0,,False,,front-tier snapshot,snapshot-wayback+snapshot-live,HG-2020-to-present.pdf@20250910115445,False,
HG,2021-05-14,6600.0,,False,,front-tier snapshot,snapshot-wayback+snapshot-live,HG-2020-to-present.pdf@20250910115445,False,
HG,2021-07-09,6000.0,,False,,front-tier snapshot,snapshot-wayback+snapshot-live,HG-2020-to-present.pdf@20250910115445,False,
HG,2021-08-06,6600.0,,False,,front-tier snapshot,snapshot-wayback+snapshot-live,HG-2020-to-present.pdf@20250910115445,False,
HG,2021-10-06,6000.0,,False,,front-tier snapshot,snapshot-wayback+snapshot-live,HG-2020-to-present.pdf@20250910115445,False,
HG,2021-12-17,5400.0,,False,,front-tier snapshot,snapshot-wayback+snapshot-live,HG-2020-to-present.pdf@20250910115445,False,
HG,2022-01-21,5000.0,,False,,front-tier snapshot,snapshot-wayback+snapshot-live,HG-2020-to-present.pdf@20250910115445,False,
HG,2022-02-17,5500.0,,False,,front-tier snapshot,snapshot-wayback+snapshot-live,HG-2020-to-present.pdf@20250910115445,False,
HG,2022-03-08,6500.0,,False,,front-tier snapshot,snapshot-wayback+snapshot-live,HG-2020-to-present.pdf@20250910115445,False,
HG,2022-04-20,5500.0,,False,,front-tier snapshot,snapshot-wayback+snapshot-live,HG-2020-to-present.pdf@20250910115445,False,
HG,2022-09-20,5000.0,,False,,front-tier snapshot,snapshot-wayback+snapshot-live,HG-2020-to-present.pdf@20250910115445,False,
HG,2022-11-10,5750.0,,False,,front-tier snapshot,snapshot-wayback+snapshot-live,HG-2020-to-present.pdf@20250910115445,False,
HG,2023-03-17,6100.0,,False,,front-tier snapshot,snapshot-wayback+snapshot-live,HG-2020-to-present.pdf@20250910115445,False,
HG,2023-04-06,6500.0,,False,,front-tier snapshot,snapshot-wayback+snapshot-live,HG-2020-to-present.pdf@20250910115445,False,
HG,2023-06-23,5500.0,,False,,front-tier snapshot,snapshot-wayback+snapshot-live,HG-2020-to-present.pdf@20250910115445,False,
HG,2023-09-08,5000.0,,False,,front-tier snapshot,snapshot-wayback+snapshot-live,HG-2020-to-present.pdf@20250910115445,False,
HG,2023-10-20,4500.0,,False,,front-tier snapshot,snapshot-wayback+snapshot-live,HG-2020-to-present.pdf@20250910115445,False,
HG,2024-01-19,4000.0,,False,,front-tier snapshot,snapshot-wayback+snapshot-live,HG-2020-to-present.pdf@20250910115445,False,
HG,2024-04-25,4500.0,,False,,front-tier snapshot,snapshot-wayback+snapshot-live,HG-2020-to-present.pdf@20250910115445,False,
HG,2024-05-16,5000.0,,False,,front-tier snapshot,snapshot-wayback+snapshot-live,HG-2020-to-present.pdf@20250910115445,False,
HG,2024-05-20,5250.0,,False,,front-tier snapshot,snapshot-wayback+snapshot-live,HG-2020-to-present.pdf@20250910115445,False,
HG,2024-05-22,5500.0,,False,,front-tier snapshot,snapshot-wayback+snapshot-live,HG-2020-to-present.pdf@20250910115445,False,
HG,2024-05-24,6100.0,,False,,front-tier snapshot,snapshot-wayback+snapshot-live,HG-2020-to-present.pdf@20250910115445,False,
HG,2024-07-26,5500.0,,False,,front-tier snapshot,snapshot-wayback+snapshot-live,HG-2020-to-present.pdf@20250910115445,False,
HG,2024-09-27,6000.0,,False,,front-tier snapshot,snapshot-wayback+snapshot-live,HG-2020-to-present.pdf@20250910115445,False,
HG,2025-02-14,6500.0,,False,,front-tier snapshot,snapshot-wayback+snapshot-live,HG-2020-to-present.pdf@20250910115445,False,
HG,2025-03-07,7000.0,,False,,front-tier snapshot,snapshot-wayback+snapshot-live,HG-2020-to-present.pdf@20250910115445,False,
HG,2025-03-28,7500.0,,False,,front-tier snapshot,snapshot-wayback+snapshot-live,HG-2020-to-present.pdf@20250910115445,False,
HG,2025-04-07,9000.0,,False,,front-tier snapshot,snapshot-wayback+snapshot-live,HG-2020-to-present.pdf@20250910115445,False,
HG,2025-07-09,11000.0,,False,,front-tier snapshot,snapshot-live,HG-2020-to-present.pdf,False,
HG,2025-08-29,9500.0,,False,,front-tier snapshot,snapshot-live,HG-2020-to-present.pdf,False,
HG,2025-09-19,9000.0,,False,,front-tier snapshot,snapshot-live,HG-2020-to-present.pdf,False,
HG,2025-12-29,10000.0,,False,,front-tier snapshot,snapshot-live,HG-2020-to-present.pdf,False,
HG,2026-01-30,12000.0,,False,,front-tier snapshot,snapshot-live,HG-2020-to-present.pdf,False,
SI,2009-01-08,6400.0,8640.0,False,,Spec,wayback-history,SI_2009_to_december_2010.pdf@20110601081327,False,
SI,2009-01-22,6000.0,8100.0,False,,Spec,wayback-history,SI_2009_to_december_2010.pdf@20110601081327,False,
SI,2009-05-28,7000.0,9450.0,False,,Spec,wayback-history,SI_2009_to_december_2010.pdf@20110601081327,False,
SI,2009-06-26,6000.0,8100.0,False,,Spec,wayback-history,SI_2009_to_december_2010.pdf@20110601081327,False,
SI,2009-08-21,4000.0,5400.0,False,,Spec,wayback-history,SI_2009_to_december_2010.pdf@20110601081327,False,
SI,2009-12-15,4500.0,6075.0,False,,Spec,wayback-history,SI_2009_to_december_2010.pdf@20110601081327,False,
SI,2010-02-12,5000.0,6750.0,False,,Spec,wayback-history,SI_2009_to_december_2010.pdf@20110601081327,False,
SI,2010-03-02,5000.0,6750.0,False,,Spec Tier 1,wayback-history,SI_2009_to_december_2010.pdf@20110601081327,False,
SI,2010-04-30,4250.0,5737.5,False,,Spec Tier 1,wayback-history,SI_2009_to_december_2010.pdf@20110601081327,False,
SI,2010-06-07,5000.0,6750.0,False,,Spec Tier 1,wayback-history,SI_2009_to_december_2010.pdf@20110601081327,False,
SI,2010-10-01,5000.0,6750.0,False,,Spec Tier 3,wayback-history,SI_2009_to_december_2010.pdf@20110601081327,False,
SI,2010-11-11,6500.0,8775.0,False,,Spec Tier 1,wayback-history,SI_2009_to_december_2010.pdf@20110601081327,False,
SI,2010-11-16,7250.0,9787.5,False,,Spec Tier 1,wayback-history,SI_2009_to_december_2010.pdf@20110601081327,False,
SI,2010-12-17,7750.0,10462.5,False,,Spec Tier 1,wayback-history,SI_2009_to_december_2010.pdf@20110601081327,False,
SI,2011-01-21,8250.0,11137.5,False,,Spec Tier 1,wayback-history,SI_2009_to_may_2011.pdf@20110708070333,False,
SI,2011-02-04,8250.0,11137.5,False,,Spec Tier 4,wayback-history,SI_2009_to_may_2011.pdf@20110708070333,False,
SI,2011-03-25,8700.0,11745.0,False,,Spec Tier 1,wayback-history,SI_2009_to_may_2011.pdf@20110708070333,False,
SI,2011-04-26,9500.0,12825.0,False,,Spec Tier 1,wayback-history,SI_2009_to_may_2011.pdf@20110708070333,False,
SI,2011-04-29,10750.0,14512.5,False,,Spec Tier 1,wayback-history,SI_2009_to_may_2011.pdf@20110708070333,False,
SI,2011-05-03,12000.0,16200.0,False,,Spec Tier 1,wayback-history,SI_2009_to_may_2011.pdf@20110708070333,False,
SI,2011-05-05,14000.0,18900.0,False,,Spec Tier 1,wayback-history,SI_2009_to_may_2011.pdf@20110708070333,False,
SI,2011-05-09,16000.0,21600.0,False,,Spec Tier 1,wayback-history,SI_2009_to_may_2011.pdf@20110708070333,False,
SI,2011-09-26,18500.0,24975.0,False,,Spec Mths 1-4,wayback-history,SI_2009_to_present.pdf@20121109075752,False,
SI,2012-02-13,16000.0,21600.0,False,,Spec Mths 1-4,wayback-history,SI_2009_to_present.pdf@20121109075752,False,
SI,2012-04-16,14000.0,18900.0,False,,Spec Mths 1-4,wayback-history,SI_2009_to_present.pdf@20121109075752,False,
SI,2012-08-06,12500.0,16875.0,False,,Spec Mths 1-4,wayback-history,SI_2009_to_present.pdf@20121109075752,False,
SI,2012-11-20,11000.0,12100.0,False,,Spec Mnths 1-4,wayback-history,SI_2009_to_present.pdf@20140826225903,False,
SI,2013-02-12,9500.0,10450.0,False,,Spec Mnths 1-4,wayback-history,SI_2009_to_present.pdf@20140826225903,False,
SI,2013-04-16,11250.0,12375.0,False,,Spec Mnths 1-4,wayback-history,SI_2009_to_present.pdf@20140826225903,False,
SI,2013-06-14,11250.0,12375.0,False,,Spec Mnths 1-4,wayback-history,SI_2009_to_present.pdf@20140826225903,False,
SI,2013-11-22,10000.0,11000.0,False,,Spec Mnths 1-4,wayback-history,SI_2009_to_present.pdf@20140826225903,False,
SI,2014-04-04,9000.0,9900.0,False,,Spec Mnths 1-4,wayback-history+snapshot-wayback,SI_2009_to_present.pdf@20140826225903,False,
SI,2014-05-16,8250.0,9075.0,False,,Spec Mnths 1-4,wayback-history+snapshot-wayback,SI_2008_to_present.pdf@20150528081149,False,
SI,2014-07-14,7500.0,8250.0,False,,Spec Mnths 1-4,wayback-history+snapshot-wayback,SI_2009_to_present.pdf@20140826225903,False,
SI,2014-08-22,6500.0,7150.0,False,,Spec Mnths 1-4,wayback-history+snapshot-wayback,SI_2008_to_present.pdf@20150528081149,False,
SI,2014-10-10,5500.0,6050.0,False,,Spec Mnths 1-4,wayback-history+snapshot-wayback,SI_2008_to_present.pdf@20150528081149,False,
SI,2014-12-05,6500.0,7150.0,False,,Spec Mnths 1-4,wayback-history+snapshot-wayback,SI_2008_to_present.pdf@20150528081149,False,
SI,2015-01-30,7200.0,7920.0,False,,Spec Mnths 1-4,wayback-history+snapshot-wayback,SI_2008_to_present.pdf@20150528081149,False,
SI,2015-02-06,7700.0,8470.0,False,,Spec Mnths 1-4,wayback-history+snapshot-wayback,SI_2008_to_present.pdf@20150528081149,False,
SI,2015-05-22,7000.0,7700.0,False,,Spec Mnths 1-4,wayback-history+snapshot-wayback,SI_2008_to_present.pdf@20170329060901,False,
SI,2015-08-21,6000.0,6600.0,False,,Spec Mnths 1-4,wayback-history+snapshot-wayback,SI_2008_to_present.pdf@20170329060901,False,
SI,2015-12-28,5200.0,5720.0,False,,Spec Mnths 1-4,wayback-history+snapshot-wayback,SI_2008_to_present.pdf@20170329060901,False,
SI,2016-04-08,4800.0,5280.0,False,,Spec Mnths 1-4,wayback-history+snapshot-wayback,SI_2008_to_present.pdf@20170329060901,False,
SI,2016-07-08,5250.0,,False,,front-tier snapshot,snapshot-wayback,SI_2014_to_present.pdf@20171129082402,False,
SI,2016-08-16,5250.0,5775.0,False,,Spec Mnth1,wayback-history,SI_2008_to_present.pdf@20170329060901,False,
SI,2016-09-01,5250.0,nan,True,2016-08-31,Spec Period 1 (2016-09-01),advisory,/notices/clearing/2016/08/Chadv16-355.html,False,
SI,2016-11-03,5800.0,nan,True,2016-11-02,Spec Period 1 (2016-11-01),advisory+snapshot-wayback,/notices/clearing/2016/10/Chadv16-463.html,False,
SI,2016-11-18,6500.0,nan,True,2016-11-17,Spec Period 1 (2016-11-01),advisory+snapshot-wayback,/notices/clearing/2016/11/Chadv16-486.html,False,
SI,2016-12-16,6500.0,nan,True,2016-12-15,Spec Period 1 (2016-12-01),advisory,/notices/clearing/2016/12/Chadv16-529.html,False,
SI,2017-03-03,5750.0,nan,True,2017-03-02,Spec Period 1 (2017-03-01),advisory+snapshot-wayback,/notices/clearing/2017/03/Chadv17-085.html,False,
SI,2017-04-07,5000.0,nan,True,2017-04-06,Spec Period 1 (2017-04-01),advisory+snapshot-wayback,/notices/clearing/2017/04/Chadv17-127.html,False,
SI,2017-08-11,5400.0,nan,True,2017-08-10,Spec Period 1 (2017-08-01),advisory+snapshot-wayback,/notices/clearing/2017/08/Chadv17-314.html,False,
SI,2017-09-11,5900.0,nan,True,2017-09-08,Spec Period 1 (2017-09-01),advisory+snapshot-wayback,/notices/clearing/2017/09/Chadv17-350.html,False,
SI,2017-12-08,5200.0,nan,True,2017-12-07,Spec Period 1 (2017-12-01),advisory,/notices/clearing/2017/12/Chadv17-475.html,False,
SI,2017-12-19,4700.0,nan,True,2017-12-18,Spec Period 1 (2017-12-01),advisory,/notices/clearing/2017/12/Chadv17-498.html,False,
SI,2018-01-09,4000.0,nan,True,2018-01-08,Spec Period 1 (2018-01-01),advisory,/notices/clearing/2018/01/Chadv18-011.html,False,
SI,2018-02-20,3600.0,nan,True,2018-02-16,Spec Period 1 (2018-02-01),advisory,/notices/clearing/2018/02/Chadv18-073.html,False,
SI,2019-03-14,3300.0,nan,True,2019-03-13,Spec Period 1 (2019-03-01),advisory,/notices/clearing/2019/03/Chadv19-087.html,False,
SI,2019-06-28,3600.0,nan,True,2019-06-27,Spec Period 1 (2019-07-01),advisory,/notices/clearing/2019/06/Chadv19-208.html,False,
SI,2019-08-09,4100.0,nan,True,2019-08-08,Spec Period 1 (2019-08-01),advisory,/notices/clearing/2019/08/Chadv19-266.html,False,
SI,2019-09-06,4900.0,nan,True,2019-09-05,Spec Period 1 (2019-09-01),advisory,/notices/clearing/2019/09/Chadv19-293.html,False,
SI,2019-10-04,5200.0,nan,True,2019-10-03,Spec Period 1 (2019-10-01),advisory,/notices/clearing/2019/10/Chadv19-327.html,False,
SI,2020-01-09,5500.0,nan,True,2020-01-08,Spec Period 1 (2020-01-01),advisory,/notices/clearing/2020/01/Chadv20-014.html,False,
SI,2020-03-03,6000.0,nan,True,2020-03-02,Spec Period 1 (2020-03-01),advisory,/notices/clearing/2020/03/Chadv20-068.html,False,
SI,2020-03-11,6000.0,nan,True,2020-03-10,Spec Period 1 (2020-03-01),advisory,/notices/clearing/2020/03/Chadv20-086.html,False,
SI,2020-03-17,7000.0,nan,True,2020-03-16,Spec Period 1 (2020-03-01),advisory,/notices/clearing/2020/03/Chadv20-103.html,False,
SI,2020-03-20,8000.0,nan,True,2020-03-19,Spec Period 1 (2020-03-01),advisory,/notices/clearing/2020/03/Chadv20-117.html,False,
SI,2020-03-26,9000.0,nan,True,2020-03-25,Spec Period 1 (2020-03-01),advisory,/notices/clearing/2020/03/Chadv20-129.html,False,
SI,2020-04-01,9000.0,nan,True,2020-03-31,Spec Period 1 (2020-04-01),advisory,/notices/clearing/2020/03/Chadv20-137.html,False,
SI,2020-04-14,9000.0,nan,True,2020-04-13,Spec Period 1 (2020-04-01),advisory,/notices/clearing/2020/04/Chadv20-153.html,False,
SI,2020-05-01,9000.0,nan,True,2020-04-30,Spec Period 1 (2020-05-01),advisory,/notices/clearing/2020/04/Chadv20-183.html,False,
SI,2020-06-05,9000.0,nan,True,2020-06-04,Spec Period 1 (2020-06-01),advisory,/notices/clearing/2020/06/Chadv20-226.html,False,
SI,2020-06-12,9000.0,nan,True,2020-06-11,Spec Period 1 (2020-06-01),advisory,/notices/clearing/2020/06/Chadv20-237.html,False,
SI,2020-06-19,8000.0,nan,True,2020-06-18,Spec Period 1 (2020-06-01),advisory,/notices/clearing/2020/06/Chadv20-246.html,False,
SI,2020-06-24,8000.0,,False,,front-tier snapshot,snapshot-wayback,SI-2020-to-present.pdf@20250910112428,False,
SI,2020-07-24,9000.0,nan,True,2020-07-23,Spec Period 1 (2020-07-01),advisory+snapshot-wayback+snapshot-live,/notices/clearing/2020/07/Chadv20-289.html,False,
SI,2020-07-28,10000.0,nan,True,2020-07-27,Spec Period 1 (2020-07-01),advisory+snapshot-wayback+snapshot-live,/notices/clearing/2020/07/Chadv20-291.html,False,
SI,2020-08-03,10000.0,nan,True,2020-07-31,Spec Period 1 (2020-08-01),advisory,/notices/clearing/2020/07/Chadv20-296.html,False,
SI,2020-08-07,11500.0,nan,True,2020-08-06,Spec Period 1 (2020-08-01),advisory+snapshot-wayback+snapshot-live,/notices/clearing/2020/08/Chadv20-311.html,False,
SI,2020-08-12,13250.0,nan,True,2020-08-11,Spec Period 1 (2020-08-01),advisory+snapshot-wayback+snapshot-live,/notices/clearing/2020/08/Chadv20-315.html,False,
SI,2020-10-02,15000.0,,False,,front-tier snapshot,snapshot-wayback+snapshot-live,SI-2020-to-present.pdf@20250910112428,False,
SI,2020-10-16,17000.0,,False,,front-tier snapshot,snapshot-wayback+snapshot-live,SI-2020-to-present.pdf@20250910112428,False,
SI,2020-11-17,15000.0,,False,,front-tier snapshot,snapshot-wayback+snapshot-live,SI-2020-to-present.pdf@20250910112428,False,
SI,2020-12-04,14000.0,,False,,front-tier snapshot,snapshot-wayback+snapshot-live,SI-2020-to-present.pdf@20250910112428,False,
SI,2021-02-02,16500.0,,False,,front-tier snapshot,snapshot-wayback+snapshot-live,SI-2020-to-present.pdf@20250910112428,False,
SI,2021-05-07,15000.0,,False,,front-tier snapshot,snapshot-wayback+snapshot-live,SI-2020-to-present.pdf@20250910112428,False,
SI,2021-07-09,13500.0,,False,,front-tier snapshot,snapshot-wayback+snapshot-live,SI-2020-to-present.pdf@20250910112428,False,
SI,2021-09-29,12500.0,,False,,front-tier snapshot,snapshot-wayback+snapshot-live,SI-2020-to-present.pdf@20250910112428,False,
SI,2021-10-29,11500.0,,False,,front-tier snapshot,snapshot-wayback+snapshot-live,SI-2020-to-present.pdf@20250910112428,False,
SI,2021-12-17,10350.0,,False,,front-tier snapshot,snapshot-wayback+snapshot-live,SI-2020-to-present.pdf@20250910112428,False,
SI,2022-01-05,9500.0,,False,,front-tier snapshot,snapshot-wayback+snapshot-live,SI-2020-to-present.pdf@20250910112428,False,
SI,2022-04-20,8500.0,,False,,front-tier snapshot,snapshot-wayback+snapshot-live,SI-2020-to-present.pdf@20250910112428,False,
SI,2022-07-08,7500.0,,False,,front-tier snapshot,snapshot-wayback+snapshot-live,SI-2020-to-present.pdf@20250910112428,False,
SI,2022-10-05,8500.0,,False,,front-tier snapshot,snapshot-wayback+snapshot-live,SI-2020-to-present.pdf@20250910112428,False,
SI,2023-03-14,9500.0,,False,,front-tier snapshot,snapshot-wayback+snapshot-live,SI-2020-to-present.pdf@20250910112428,False,
SI,2023-07-14,8500.0,,False,,front-tier snapshot,snapshot-wayback+snapshot-live,SI-2020-to-present.pdf@20250910112428,False,
SI,2023-09-08,8000.0,,False,,front-tier snapshot,snapshot-wayback+snapshot-live,SI-2020-to-present.pdf@20250910112428,False,
SI,2023-12-15,9000.0,,False,,front-tier snapshot,snapshot-wayback+snapshot-live,SI-2020-to-present.pdf@20250910112428,False,
SI,2024-02-16,8000.0,,False,,front-tier snapshot,snapshot-wayback+snapshot-live,SI-2020-to-present.pdf@20250910112428,False,
SI,2024-03-08,8500.0,,False,,front-tier snapshot,snapshot-wayback+snapshot-live,SI-2020-to-present.pdf@20250910112428,False,
SI,2024-04-05,9500.0,,False,,front-tier snapshot,snapshot-wayback+snapshot-live,SI-2020-to-present.pdf@20250910112428,False,
SI,2024-04-19,10500.0,,False,,front-tier snapshot,snapshot-wayback+snapshot-live,SI-2020-to-present.pdf@20250910112428,False,
SI,2024-05-23,11500.0,,False,,front-tier snapshot,snapshot-wayback+snapshot-live,SI-2020-to-present.pdf@20250910112428,False,
SI,2024-08-23,10500.0,,False,,front-tier snapshot,snapshot-wayback+snapshot-live,SI-2020-to-present.pdf@20250910112428,False,
SI,2024-09-20,11000.0,,False,,front-tier snapshot,snapshot-wayback+snapshot-live,SI-2020-to-present.pdf@20250910112428,False,
SI,2024-09-27,11500.0,,False,,front-tier snapshot,snapshot-wayback+snapshot-live,SI-2020-to-present.pdf@20250910112428,False,
SI,2024-10-25,12000.0,,False,,front-tier snapshot,snapshot-wayback+snapshot-live,SI-2020-to-present.pdf@20250910112428,False,
SI,2024-11-01,12500.0,,False,,front-tier snapshot,snapshot-wayback+snapshot-live,SI-2020-to-present.pdf@20250910112428,False,
SI,2024-11-14,11500.0,,False,,front-tier snapshot,snapshot-wayback+snapshot-live,SI-2020-to-present.pdf@20250910112428,False,
SI,2025-02-07,12000.0,,False,,front-tier snapshot,snapshot-wayback+snapshot-live,SI-2020-to-present.pdf@20250910112428,False,
SI,2025-03-28,13000.0,,False,,front-tier snapshot,snapshot-wayback+snapshot-live,SI-2020-to-present.pdf@20250910112428,False,
SI,2025-04-04,15000.0,,False,,front-tier snapshot,snapshot-wayback+snapshot-live,SI-2020-to-present.pdf@20250910112428,False,
SI,2025-09-26,16000.0,,False,,front-tier snapshot,snapshot-live,SI-2020-to-present.pdf,False,
SI,2025-10-10,17500.0,,False,,front-tier snapshot,snapshot-live,SI-2020-to-present.pdf,False,
SI,2025-10-17,19000.0,,False,,front-tier snapshot,snapshot-live,SI-2020-to-present.pdf,False,
SI,2025-10-24,20000.0,,False,,front-tier snapshot,snapshot-live,SI-2020-to-present.pdf,False,
SI,2025-12-12,22000.0,,False,,front-tier snapshot,snapshot-live,SI-2020-to-present.pdf,False,
SI,2025-12-29,25000.0,,False,,front-tier snapshot,snapshot-live,SI-2020-to-present.pdf,False,
SI,2025-12-31,32500.0,,False,,front-tier snapshot,snapshot-live,SI-2020-to-present.pdf,False,
SI,2026-01-13,38645.0,,False,,front-tier snapshot,snapshot-live,SI-2020-to-present.pdf,False,
SI,2026-01-14,40892.0,,False,,front-tier snapshot,snapshot-live,SI-2020-to-present.pdf,False,
SI,2026-01-15,41345.0,,False,,front-tier snapshot,snapshot-live,SI-2020-to-present.pdf,False,
SI,2026-01-16,39641.0,,False,,front-tier snapshot,snapshot-live,SI-2020-to-present.pdf,False,
SI,2026-01-20,42393.0,,False,,front-tier snapshot,snapshot-live,SI-2020-to-present.pdf,False,
SI,2026-01-21,41495.0,,False,,front-tier snapshot,snapshot-live,SI-2020-to-present.pdf,False,
SI,2026-01-22,43190.0,,False,,front-tier snapshot,snapshot-live,SI-2020-to-present.pdf,False,
SI,2026-01-23,45417.0,,False,,front-tier snapshot,snapshot-live,SI-2020-to-present.pdf,False,
SI,2026-01-26,51786.0,,False,,front-tier snapshot,snapshot-live,SI-2020-to-present.pdf,False,
SI,2026-01-27,47486.0,,False,,front-tier snapshot,snapshot-live,SI-2020-to-present.pdf,False,
SI,2026-01-28,62212.0,,False,,front-tier snapshot,snapshot-live,SI-2020-to-present.pdf,False,
SI,2026-01-29,62721.0,,False,,front-tier snapshot,snapshot-live,SI-2020-to-present.pdf,False,
SI,2026-01-30,43060.0,,False,,front-tier snapshot,snapshot-live,SI-2020-to-present.pdf,False,
SI,2026-02-02,57584.0,,False,,front-tier snapshot,snapshot-live,SI-2020-to-present.pdf,False,
SI,2026-02-03,62282.0,,False,,front-tier snapshot,snapshot-live,SI-2020-to-present.pdf,False,
SI,2026-02-04,63124.0,,False,,front-tier snapshot,snapshot-live,SI-2020-to-present.pdf,False,
SI,2026-02-05,57397.0,,False,,front-tier snapshot,snapshot-live,SI-2020-to-present.pdf,False,
SI,2026-02-06,69062.0,,False,,front-tier snapshot,snapshot-live,SI-2020-to-present.pdf,False,
SI,2026-02-09,73859.0,,False,,front-tier snapshot,snapshot-live,SI-2020-to-present.pdf,False,
SI,2026-02-10,72197.0,,False,,front-tier snapshot,snapshot-live,SI-2020-to-present.pdf,False,
SI,2026-02-11,75379.0,,False,,front-tier snapshot,snapshot-live,SI-2020-to-present.pdf,False,
SI,2026-02-12,67992.0,,False,,front-tier snapshot,snapshot-live,SI-2020-to-present.pdf,False,
SI,2026-02-13,70066.0,,False,,front-tier snapshot,snapshot-live,SI-2020-to-present.pdf,False,
SI,2026-02-17,66103.0,,False,,front-tier snapshot,snapshot-live,SI-2020-to-present.pdf,False,
SI,2026-02-18,69759.0,,False,,front-tier snapshot,snapshot-live,SI-2020-to-present.pdf,False,
SI,2026-02-19,69809.0,,False,,front-tier snapshot,snapshot-live,SI-2020-to-present.pdf,False,
SI,2026-02-20,74055.0,,False,,front-tier snapshot,snapshot-live,SI-2020-to-present.pdf,False,
SI,2026-02-23,77871.0,,False,,front-tier snapshot,snapshot-live,SI-2020-to-present.pdf,False,
SI,2026-02-24,78712.0,,False,,front-tier snapshot,snapshot-live,SI-2020-to-present.pdf,False,
SI,2026-02-25,81846.0,,False,,front-tier snapshot,snapshot-live,SI-2020-to-present.pdf,False,
SI,2026-02-26,78299.0,,False,,front-tier snapshot,snapshot-live,SI-2020-to-present.pdf,False,
SI,2026-02-27,83414.0,,False,,front-tier snapshot,snapshot-live,SI-2020-to-present.pdf,False,
SI,2026-03-02,79456.0,,False,,front-tier snapshot,snapshot-live,SI-2020-to-present.pdf,False,
SI,2026-03-03,74631.0,,False,,front-tier snapshot,snapshot-live,SI-2020-to-present.pdf,False,
SI,2026-03-04,74370.0,,False,,front-tier snapshot,snapshot-live,SI-2020-to-present.pdf,False,
SI,2026-03-05,73519.0,,False,,front-tier snapshot,snapshot-live,SI-2020-to-present.pdf,False,
SI,2026-03-06,58672.0,,False,,front-tier snapshot,snapshot-live,SI-2020-to-present.pdf,False,
SI,2026-03-09,58823.0,,False,,front-tier snapshot,snapshot-live,SI-2020-to-present.pdf,False,
SI,2026-03-10,62359.0,,False,,front-tier snapshot,snapshot-live,SI-2020-to-present.pdf,False,
SI,2026-03-11,59546.0,,False,,front-tier snapshot,snapshot-live,SI-2020-to-present.pdf,False,
SI,2026-03-12,59270.0,,False,,front-tier snapshot,snapshot-live,SI-2020-to-present.pdf,False,
SI,2026-03-13,56640.0,,False,,front-tier snapshot,snapshot-live,SI-2020-to-present.pdf,False,
SI,2026-03-16,56185.0,,False,,front-tier snapshot,snapshot-live,SI-2020-to-present.pdf,False,
SI,2026-03-17,55672.0,,False,,front-tier snapshot,snapshot-live,SI-2020-to-present.pdf,False,
SI,2026-03-18,54067.0,,False,,front-tier snapshot,snapshot-live,SI-2020-to-present.pdf,False,
SI,2026-03-19,49632.0,,False,,front-tier snapshot,snapshot-live,SI-2020-to-present.pdf,False,
SI,2026-03-20,48553.0,,False,,front-tier snapshot,snapshot-live,SI-2020-to-present.pdf,False,
SI,2026-03-23,48335.0,,False,,front-tier snapshot,snapshot-live,SI-2020-to-present.pdf,False,
SI,2026-03-24,48492.0,,False,,front-tier snapshot,snapshot-live,SI-2020-to-present.pdf,False,
SI,2026-03-25,50653.0,,False,,front-tier snapshot,snapshot-live,SI-2020-to-present.pdf,False,
SI,2026-03-26,47370.0,,False,,front-tier snapshot,snapshot-live,SI-2020-to-present.pdf,False,
SI,2026-03-27,48682.0,,False,,front-tier snapshot,snapshot-live,SI-2020-to-present.pdf,False,
SI,2026-03-30,49227.0,,False,,front-tier snapshot,snapshot-live,SI-2020-to-present.pdf,False,
SI,2026-03-31,52284.0,,False,,front-tier snapshot,snapshot-live,SI-2020-to-present.pdf,False,
SI,2026-04-01,53107.0,,False,,front-tier snapshot,snapshot-live,SI-2020-to-present.pdf,False,
SI,2026-04-02,50915.0,,False,,front-tier snapshot,snapshot-live,SI-2020-to-present.pdf,False,
SI,2026-04-06,50863.0,,False,,front-tier snapshot,snapshot-live,SI-2020-to-present.pdf,False,
SI,2026-04-07,50279.0,,False,,front-tier snapshot,snapshot-live,SI-2020-to-present.pdf,False,
SI,2026-04-08,52657.0,,False,,front-tier snapshot,snapshot-live,SI-2020-to-present.pdf,False,
SI,2026-04-09,53394.0,,False,,front-tier snapshot,snapshot-live,SI-2020-to-present.pdf,False,
SI,2026-04-10,53427.0,,False,,front-tier snapshot,snapshot-live,SI-2020-to-present.pdf,False,
SI,2026-04-13,52867.0,,False,,front-tier snapshot,snapshot-live,SI-2020-to-present.pdf,False,
SI,2026-04-14,55574.0,,False,,front-tier snapshot,snapshot-live,SI-2020-to-present.pdf,False,
SI,2026-04-15,55644.0,,False,,front-tier snapshot,snapshot-live,SI-2020-to-present.pdf,False,
SI,2026-04-16,55025.0,,False,,front-tier snapshot,snapshot-live,SI-2020-to-present.pdf,False,
SI,2026-04-17,57217.0,,False,,front-tier snapshot,snapshot-live,SI-2020-to-present.pdf,False,
SI,2026-04-20,55966.0,,False,,front-tier snapshot,snapshot-live,SI-2020-to-present.pdf,False,
SI,2026-04-21,53488.0,,False,,front-tier snapshot,snapshot-live,SI-2020-to-present.pdf,False,
SI,2026-04-22,54526.0,,False,,front-tier snapshot,snapshot-live,SI-2020-to-present.pdf,False,
SI,2026-04-23,52826.0,,False,,front-tier snapshot,snapshot-live,SI-2020-to-present.pdf,False,
SI,2026-04-24,42011.0,,False,,front-tier snapshot,snapshot-live,SI-2020-to-present.pdf,False,
SI,2026-04-27,41252.0,,False,,front-tier snapshot,snapshot-live,SI-2020-to-present.pdf,False,
SI,2026-04-28,40263.0,,False,,front-tier snapshot,snapshot-live,SI-2020-to-present.pdf,False,
SI,2026-04-29,39363.0,,False,,front-tier snapshot,snapshot-live,SI-2020-to-present.pdf,False,
SI,2026-04-30,40444.0,,False,,front-tier snapshot,snapshot-live,SI-2020-to-present.pdf,False,
SI,2026-05-01,41774.0,,False,,front-tier snapshot,snapshot-live,SI-2020-to-present.pdf,False,
SI,2026-05-04,40190.0,,False,,front-tier snapshot,snapshot-live,SI-2020-to-present.pdf,False,
SI,2026-05-05,40210.0,,False,,front-tier snapshot,snapshot-live,SI-2020-to-present.pdf,False,
SI,2026-05-06,42247.0,,False,,front-tier snapshot,snapshot-live,SI-2020-to-present.pdf,False,
SI,2026-05-07,43836.0,,False,,front-tier snapshot,snapshot-live,SI-2020-to-present.pdf,False,
SI,2026-05-08,44218.0,,False,,front-tier snapshot,snapshot-live,SI-2020-to-present.pdf,False,
SI,2026-05-11,47017.0,,False,,front-tier snapshot,snapshot-live,SI-2020-to-present.pdf,False,
SI,2026-05-12,46822.0,,False,,front-tier snapshot,snapshot-live,SI-2020-to-present.pdf,False,
SI,2026-05-13,48889.0,,False,,front-tier snapshot,snapshot-live,SI-2020-to-present.pdf,False,
SI,2026-05-14,46702.0,,False,,front-tier snapshot,snapshot-live,SI-2020-to-present.pdf,False,
SI,2026-05-15,42439.0,,False,,front-tier snapshot,snapshot-live,SI-2020-to-present.pdf,False,
SI,2026-05-18,42391.0,,False,,front-tier snapshot,snapshot-live,SI-2020-to-present.pdf,False,
SI,2026-05-19,41156.0,,False,,front-tier snapshot,snapshot-live,SI-2020-to-present.pdf,False,
SI,2026-05-20,41719.0,,False,,front-tier snapshot,snapshot-live,SI-2020-to-present.pdf,False,
SI,2026-05-21,42028.0,,False,,front-tier snapshot,snapshot-live,SI-2020-to-present.pdf,False,
SI,2026-05-22,41742.0,,False,,front-tier snapshot,snapshot-live,SI-2020-to-present.pdf,False,
SI,2026-05-26,41968.0,,False,,front-tier snapshot,snapshot-live,SI-2020-to-present.pdf,False,
SI,2026-05-27,41030.0,,False,,front-tier snapshot,snapshot-live,SI-2020-to-present.pdf,False,
SI,2026-05-28,41605.0,,False,,front-tier snapshot,snapshot-live,SI-2020-to-present.pdf,False,
SI,2026-05-29,37808.0,,False,,front-tier snapshot,snapshot-live,SI-2020-to-present.pdf,False,
SI,2026-06-01,37504.0,,False,,front-tier snapshot,snapshot-live,SI-2020-to-present.pdf,False,
SI,2026-06-02,37656.0,,False,,front-tier snapshot,snapshot-live,SI-2020-to-present.pdf,False,
SI,2026-06-03,36738.0,,False,,front-tier snapshot,snapshot-live,SI-2020-to-present.pdf,False,
SI,2026-06-04,36890.0,,False,,front-tier snapshot,snapshot-live,SI-2020-to-present.pdf,False,
SI,2026-06-05,34472.0,,False,,front-tier snapshot,snapshot-live,SI-2020-to-present.pdf,False,
SI,2026-06-08,34213.0,,False,,front-tier snapshot,snapshot-live,SI-2020-to-present.pdf,False,
SI,2026-06-09,32547.0,,False,,front-tier snapshot,snapshot-live,SI-2020-to-present.pdf,False,
SI,2026-06-10,32300.0,,False,,front-tier snapshot,snapshot-live,SI-2020-to-present.pdf,False,
SI,2026-06-11,31943.0,,False,,front-tier snapshot,snapshot-live,SI-2020-to-present.pdf,False,
SI,2026-06-12,33930.0,,False,,front-tier snapshot,snapshot-live,SI-2020-to-present.pdf,False,
SI,2026-06-15,35033.0,,False,,front-tier snapshot,snapshot-live,SI-2020-to-present.pdf,False,
SI,2026-06-16,34950.0,,False,,front-tier snapshot,snapshot-live,SI-2020-to-present.pdf,False,
SI,2026-06-17,35348.0,,False,,front-tier snapshot,snapshot-live,SI-2020-to-present.pdf,False,
SI,2026-06-18,33128.0,,False,,front-tier snapshot,snapshot-live,SI-2020-to-present.pdf,False,
SI,2026-06-22,32764.0,,False,,front-tier snapshot,snapshot-live,SI-2020-to-present.pdf,False,
SI,2026-06-23,31010.0,,False,,front-tier snapshot,snapshot-live,SI-2020-to-present.pdf,False,
SI,2026-06-24,29026.0,,False,,front-tier snapshot,snapshot-live,SI-2020-to-present.pdf,False,
SI,2026-06-25,29174.0,,False,,front-tier snapshot,snapshot-live,SI-2020-to-present.pdf,False,
SI,2026-06-26,29609.0,,False,,front-tier snapshot,snapshot-live,SI-2020-to-present.pdf,False,
SI,2026-06-29,29088.0,,False,,front-tier snapshot,snapshot-live,SI-2020-to-present.pdf,False,
SI,2026-06-30,29739.0,,False,,front-tier snapshot,snapshot-live,SI-2020-to-present.pdf,False,
SP_fullsize,2001-03-01,17250.0,21563.0,False,,Spec,wayback-history,SP_prior_to_2009.pdf@20121109075731,False,
SP_fullsize,2001-11-19,15750.0,19688.0,False,,Spec,wayback-history,SP_prior_to_2009.pdf@20121109075731,False,
SP_fullsize,2002-08-16,14250.0,17813.0,False,,Spec,wayback-history,SP_prior_to_2009.pdf@20121109075731,False,
SP_fullsize,2003-11-14,16000.0,20000.0,False,,Spec,wayback-history,SP_prior_to_2009.pdf@20121109075731,False,
SP_fullsize,2005-01-31,15750.0,19688.0,False,,Spec,wayback-history,SP_prior_to_2009.pdf@20121109075731,False,
SP_fullsize,2006-12-19,14000.0,17500.0,False,,Spec,wayback-history,SP_prior_to_2009.pdf@20121109075731,False,
SP_fullsize,2007-08-30,15750.0,19688.0,False,,Spec,wayback-history,SP_prior_to_2009.pdf@20121109075731,False,
SP_fullsize,2007-11-30,18000.0,22500.0,False,,Spec,wayback-history,SP_prior_to_2009.pdf@20121109075731,False,
SP_fullsize,2008-01-28,18000.0,22500.0,False,,Spec,wayback-history,SP_2008_to_present.pdf@20121109080119,False,
SP_fullsize,2008-10-01,20250.0,25312.5,False,,Spec,wayback-history,SP_2008_to_present.pdf@20121109080119,False,
SP_fullsize,2008-10-17,22500.0,28125.0,False,,Spec,wayback-history,SP_2008_to_present.pdf@20121109080119,False,
SP_fullsize,2008-10-30,24750.0,30937.5,False,,Spec,wayback-history,SP_2008_to_present.pdf@20121109080119,False,
SP_fullsize,2009-03-20,22500.0,28125.0,False,,Spec,wayback-history,SP_2008_to_present.pdf@20121109080119,False,
SP_fullsize,2009-03-23,22500.0,,False,,front-tier snapshot,snapshot-wayback,SP_2009_to_2013.pdf@20171129074526,False,
SP_fullsize,2011-06-02,20000.0,25000.0,False,,Spec,wayback-history+snapshot-wayback,SP_2008_to_present.pdf@20121109080119,False,
SP_fullsize,2012-03-26,17500.0,21875.0,False,,Spec,wayback-history+snapshot-wayback,SP_2008_to_present.pdf@20121109080119,False,
SP_fullsize,2012-09-24,17500.0,19250.0,False,,Spec,wayback-history,SP_2008_to_present.pdf@20130326063138,False,
SP_fullsize,2013-07-02,17500.0,19250.0,False,,Spec,wayback-history,SP_2008_to_present.pdf@20140826230616,False,
SP_fullsize,2013-10-03,19000.0,20900.0,False,,Spec,wayback-history+snapshot-wayback,SP_2008_to_present.pdf@20140826230616,False,
SP_fullsize,2013-10-15,20500.0,22550.0,False,,Spec,wayback-history+snapshot-wayback,SP_2008_to_present.pdf@20140826230616,False,
SP_fullsize,2014-01-29,21625.0,23787.5,False,,Spec,wayback-history,SP_2008_to_present.pdf@20140826230616,False,
SP_fullsize,2014-07-25,23000.0,25300.0,False,,Spec,wayback-history,SP_2008_to_present.pdf@20150528092127,False,
SP_fullsize,2016-01-29,23750.0,26125.0,False,,Spec,wayback-history,SP_2008_to_present.pdf@20170329081955,False,
SP_fullsize,2016-04-08,22500.0,24750.0,False,,Spec,wayback-history,SP_2008_to_present.pdf@20170329081955,False,
SP_fullsize,2016-05-06,21000.0,23100.0,False,,Spec,wayback-history,SP_2008_to_present.pdf@20170329081955,False,
SP_fullsize,2020-06-24,12000.0,,False,,front-tier snapshot,snapshot-wayback,SP-2020-to-2024-10-17.pdf@20250910111356,False,
SP_fullsize,2020-12-11,11000.0,,False,,front-tier snapshot,snapshot-wayback,SP-2020-to-2024-10-17.pdf@20250910111356,False,
SP_fullsize,2021-08-18,11500.0,,False,,front-tier snapshot,snapshot-wayback,SP-2020-to-2024-10-17.pdf@20250910111356,False,
SP_fullsize,2022-01-21,10800.0,,False,,front-tier snapshot,snapshot-wayback,SP-2020-to-2024-10-17.pdf@20250910111356,False,
SP_fullsize,2022-03-02,11400.0,,False,,front-tier snapshot,snapshot-wayback,SP-2020-to-2024-10-17.pdf@20250910111356,False,
SP_fullsize,2022-03-18,12000.0,,False,,front-tier snapshot,snapshot-wayback,SP-2020-to-2024-10-17.pdf@20250910111356,False,
SP_fullsize,2022-04-20,11200.0,,False,,front-tier snapshot,snapshot-wayback,SP-2020-to-2024-10-17.pdf@20250910111356,False,
SP_fullsize,2022-06-10,10500.0,,False,,front-tier snapshot,snapshot-wayback,SP-2020-to-2024-10-17.pdf@20250910111356,False,
SP_fullsize,2022-08-12,10000.0,,False,,front-tier snapshot,snapshot-wayback,SP-2020-to-2024-10-17.pdf@20250910111356,False,
SP_fullsize,2022-11-16,10600.0,,False,,front-tier snapshot,snapshot-wayback,SP-2020-to-2024-10-17.pdf@20250910111356,False,
SP_fullsize,2023-03-17,11200.0,,False,,front-tier snapshot,snapshot-wayback,SP-2020-to-2024-10-17.pdf@20250910111356,False,
SP_fullsize,2023-12-20,11800.0,,False,,front-tier snapshot,snapshot-wayback,SP-2020-to-2024-10-17.pdf@20250910111356,False,
SP_fullsize,2024-07-02,12400.0,,False,,front-tier snapshot,snapshot-wayback,SP-2020-to-2024-10-17.pdf@20250910111356,False,
SP_fullsize,2024-07-19,13100.0,,False,,front-tier snapshot,snapshot-wayback,SP-2020-to-2024-10-17.pdf@20250910111356,False,
SP_fullsize,2024-08-05,13800.0,,False,,front-tier snapshot,snapshot-wayback,SP-2020-to-2024-10-17.pdf@20250910111356,False,
SP_fullsize,2024-09-20,14600.0,,False,,front-tier snapshot,snapshot-wayback,SP-2020-to-2024-10-17.pdf@20250910111356,False,
SP_fullsize,2024-10-18,14851.0,,False,,front-tier snapshot,snapshot-wayback,SP-2024-to-present.pdf@20251026205709,False,
SP_fullsize,2024-10-21,14857.0,,False,,front-tier snapshot,snapshot-wayback,SP-2024-to-present.pdf@20251026205709,False,
SP_fullsize,2024-10-22,14860.0,,False,,front-tier snapshot,snapshot-wayback,SP-2024-to-present.pdf@20251026205709,False,
SP_fullsize,2024-10-23,14882.0,,False,,front-tier snapshot,snapshot-wayback,SP-2024-to-present.pdf@20251026205709,False,
SP_fullsize,2024-10-24,14880.0,,False,,front-tier snapshot,snapshot-wayback,SP-2024-to-present.pdf@20251026205709,False,
SP_fullsize,2024-10-25,14882.0,,False,,front-tier snapshot,snapshot-wayback,SP-2024-to-present.pdf@20251026205709,False,
SP_fullsize,2024-10-28,14878.0,,False,,front-tier snapshot,snapshot-wayback,SP-2024-to-present.pdf@20251026205709,False,
SP_fullsize,2024-10-29,14876.0,,False,,front-tier snapshot,snapshot-wayback,SP-2024-to-present.pdf@20251026205709,False,
SP_fullsize,2024-10-30,14885.0,,False,,front-tier snapshot,snapshot-wayback,SP-2024-to-present.pdf@20251026205709,False,
SP_fullsize,2024-10-31,14928.0,,False,,front-tier snapshot,snapshot-wayback,SP-2024-to-present.pdf@20251026205709,False,
SP_fullsize,2024-11-01,14922.0,,False,,front-tier snapshot,snapshot-wayback,SP-2024-to-present.pdf@20251026205709,False,
SP_fullsize,2024-11-04,14929.0,,False,,front-tier snapshot,snapshot-wayback,SP-2024-to-present.pdf@20251026205709,False,
SP_fullsize,2024-11-05,14904.0,,False,,front-tier snapshot,snapshot-wayback,SP-2024-to-present.pdf@20251026205709,False,
SP_fullsize,2024-11-06,14851.0,,False,,front-tier snapshot,snapshot-wayback,SP-2024-to-present.pdf@20251026205709,False,
SP_fullsize,2024-11-07,14868.0,,False,,front-tier snapshot,snapshot-wayback,SP-2024-to-present.pdf@20251026205709,False,
SP_fullsize,2024-11-08,14856.0,,False,,front-tier snapshot,snapshot-wayback,SP-2024-to-present.pdf@20251026205709,False,
SP_fullsize,2024-11-11,14830.0,,False,,front-tier snapshot,snapshot-wayback,SP-2024-to-present.pdf@20251026205709,False,
SP_fullsize,2024-11-12,14838.0,,False,,front-tier snapshot,snapshot-wayback,SP-2024-to-present.pdf@20251026205709,False,
SP_fullsize,2024-11-13,14839.0,,False,,front-tier snapshot,snapshot-wayback,SP-2024-to-present.pdf@20251026205709,False,
SP_fullsize,2024-11-14,14855.0,,False,,front-tier snapshot,snapshot-wayback,SP-2024-to-present.pdf@20251026205709,False,
SP_fullsize,2024-11-15,14888.0,,False,,front-tier snapshot,snapshot-wayback,SP-2024-to-present.pdf@20251026205709,False,
SP_fullsize,2024-11-18,14881.0,,False,,front-tier snapshot,snapshot-wayback,SP-2024-to-present.pdf@20251026205709,False,
SP_fullsize,2024-11-19,14875.0,,False,,front-tier snapshot,snapshot-wayback,SP-2024-to-present.pdf@20251026205709,False,
SP_fullsize,2024-11-20,14877.0,,False,,front-tier snapshot,snapshot-wayback,SP-2024-to-present.pdf@20251026205709,False,
SP_fullsize,2024-11-21,14867.0,,False,,front-tier snapshot,snapshot-wayback,SP-2024-to-present.pdf@20251026205709,False,
SP_fullsize,2024-11-22,14862.0,,False,,front-tier snapshot,snapshot-wayback,SP-2024-to-present.pdf@20251026205709,False,
SP_fullsize,2024-11-25,14856.0,,False,,front-tier snapshot,snapshot-wayback,SP-2024-to-present.pdf@20251026205709,False,
SP_fullsize,2024-11-26,14846.0,,False,,front-tier snapshot,snapshot-wayback,SP-2024-to-present.pdf@20251026205709,False,
SP_fullsize,2024-11-27,14857.0,,False,,front-tier snapshot,snapshot-wayback,SP-2024-to-present.pdf@20251026205709,False,
SP_fullsize,2024-11-29,14845.0,,False,,front-tier snapshot,snapshot-wayback,SP-2024-to-present.pdf@20251026205709,False,
SP_fullsize,2024-12-02,14843.0,,False,,front-tier snapshot,snapshot-wayback,SP-2024-to-present.pdf@20251026205709,False,
SP_fullsize,2024-12-03,14844.0,,False,,front-tier snapshot,snapshot-wayback,SP-2024-to-present.pdf@20251026205709,False,
SP_fullsize,2024-12-04,14833.0,,False,,front-tier snapshot,snapshot-wayback,SP-2024-to-present.pdf@20251026205709,False,
SP_fullsize,2024-12-05,14839.0,,False,,front-tier snapshot,snapshot-wayback,SP-2024-to-present.pdf@20251026205709,False,
SP_fullsize,2024-12-06,14837.0,,False,,front-tier snapshot,snapshot-wayback,SP-2024-to-present.pdf@20251026205709,False,
SP_fullsize,2024-12-09,14851.0,,False,,front-tier snapshot,snapshot-wayback,SP-2024-to-present.pdf@20251026205709,False,
SP_fullsize,2024-12-10,14861.0,,False,,front-tier snapshot,snapshot-wayback,SP-2024-to-present.pdf@20251026205709,False,
SP_fullsize,2024-12-11,14845.0,,False,,front-tier snapshot,snapshot-wayback,SP-2024-to-present.pdf@20251026205709,False,
SP_fullsize,2024-12-12,14859.0,,False,,front-tier snapshot,snapshot-wayback,SP-2024-to-present.pdf@20251026205709,False,
SP_fullsize,2024-12-13,14863.0,,False,,front-tier snapshot,snapshot-wayback,SP-2024-to-present.pdf@20251026205709,False,
SP_fullsize,2024-12-16,14855.0,,False,,front-tier snapshot,snapshot-wayback,SP-2024-to-present.pdf@20251026205709,False,
SP_fullsize,2024-12-17,14867.0,,False,,front-tier snapshot,snapshot-wayback,SP-2024-to-present.pdf@20251026205709,False,
SP_fullsize,2024-12-18,15244.0,,False,,front-tier snapshot,snapshot-wayback,SP-2024-to-present.pdf@20251026205709,False,
SP_fullsize,2024-12-19,15246.0,,False,,front-tier snapshot,snapshot-wayback,SP-2024-to-present.pdf@20251026205709,False,
SP_fullsize,2024-12-20,15223.0,,False,,front-tier snapshot,snapshot-wayback,SP-2024-to-present.pdf@20251026205709,False,
SP_fullsize,2024-12-23,15211.0,,False,,front-tier snapshot,snapshot-wayback,SP-2024-to-present.pdf@20251026205709,False,
SP_fullsize,2024-12-24,15196.0,,False,,front-tier snapshot,snapshot-wayback,SP-2024-to-present.pdf@20251026205709,False,
SP_fullsize,2024-12-26,15192.0,,False,,front-tier snapshot,snapshot-wayback,SP-2024-to-present.pdf@20251026205709,False,
SP_fullsize,2024-12-27,15219.0,,False,,front-tier snapshot,snapshot-wayback,SP-2024-to-present.pdf@20251026205709,False,
SP_fullsize,2024-12-30,15245.0,,False,,front-tier snapshot,snapshot-wayback,SP-2024-to-present.pdf@20251026205709,False,
SP_fullsize,2024-12-31,15255.0,,False,,front-tier snapshot,snapshot-wayback,SP-2024-to-present.pdf@20251026205709,False,
SP_fullsize,2025-01-02,15263.0,,False,,front-tier snapshot,snapshot-wayback,SP-2024-to-present.pdf@20251026205709,False,
SP_fullsize,2025-01-03,15237.0,,False,,front-tier snapshot,snapshot-wayback,SP-2024-to-present.pdf@20251026205709,False,
SP_fullsize,2025-01-06,15227.0,,False,,front-tier snapshot,snapshot-wayback,SP-2024-to-present.pdf@20251026205709,False,
SP_fullsize,2025-01-07,15252.0,,False,,front-tier snapshot,snapshot-wayback,SP-2024-to-present.pdf@20251026205709,False,
SP_fullsize,2025-01-08,15251.0,,False,,front-tier snapshot,snapshot-wayback,SP-2024-to-present.pdf@20251026205709,False,
SP_fullsize,2025-01-10,15286.0,,False,,front-tier snapshot,snapshot-wayback,SP-2024-to-present.pdf@20251026205709,False,
SP_fullsize,2025-01-13,15283.0,,False,,front-tier snapshot,snapshot-wayback,SP-2024-to-present.pdf@20251026205709,False,
SP_fullsize,2025-01-14,15281.0,,False,,front-tier snapshot,snapshot-wayback,SP-2024-to-present.pdf@20251026205709,False,
SP_fullsize,2025-01-15,15271.0,,False,,front-tier snapshot,snapshot-wayback,SP-2024-to-present.pdf@20251026205709,False,
SP_fullsize,2025-01-16,15249.0,,False,,front-tier snapshot,snapshot-wayback,SP-2024-to-present.pdf@20251026205709,False,
SP_fullsize,2025-01-17,15283.0,,False,,front-tier snapshot,snapshot-wayback,SP-2024-to-present.pdf@20251026205709,False,
SP_fullsize,2025-01-21,15319.0,,False,,front-tier snapshot,snapshot-wayback,SP-2024-to-present.pdf@20251026205709,False,
SP_fullsize,2025-01-22,15327.0,,False,,front-tier snapshot,snapshot-wayback,SP-2024-to-present.pdf@20251026205709,False,
SP_fullsize,2025-01-24,15287.0,,False,,front-tier snapshot,snapshot-wayback,SP-2024-to-present.pdf@20251026205709,False,
SP_fullsize,2025-01-27,15297.0,,False,,front-tier snapshot,snapshot-wayback,SP-2024-to-present.pdf@20251026205709,False,
SP_fullsize,2025-01-28,15332.0,,False,,front-tier snapshot,snapshot-wayback,SP-2024-to-present.pdf@20251026205709,False,
SP_fullsize,2025-01-29,15291.0,,False,,front-tier snapshot,snapshot-wayback,SP-2024-to-present.pdf@20251026205709,False,
SP_fullsize,2025-01-30,15292.0,,False,,front-tier snapshot,snapshot-wayback,SP-2024-to-present.pdf@20251026205709,False,
SP_fullsize,2025-01-31,15252.0,,False,,front-tier snapshot,snapshot-wayback,SP-2024-to-present.pdf@20251026205709,False,
SP_fullsize,2025-02-03,15246.0,,False,,front-tier snapshot,snapshot-wayback,SP-2024-to-present.pdf@20251026205709,False,
SP_fullsize,2025-02-04,15233.0,,False,,front-tier snapshot,snapshot-wayback,SP-2024-to-present.pdf@20251026205709,False,
SP_fullsize,2025-02-05,15225.0,,False,,front-tier snapshot,snapshot-wayback,SP-2024-to-present.pdf@20251026205709,False,
SP_fullsize,2025-02-06,15219.0,,False,,front-tier snapshot,snapshot-wayback,SP-2024-to-present.pdf@20251026205709,False,
SP_fullsize,2025-02-07,15191.0,,False,,front-tier snapshot,snapshot-wayback,SP-2024-to-present.pdf@20251026205709,False,
SP_fullsize,2025-02-10,15177.0,,False,,front-tier snapshot,snapshot-wayback,SP-2024-to-present.pdf@20251026205709,False,
SP_fullsize,2025-02-12,15186.0,,False,,front-tier snapshot,snapshot-wayback,SP-2024-to-present.pdf@20251026205709,False,
SP_fullsize,2025-02-13,15164.0,,False,,front-tier snapshot,snapshot-wayback,SP-2024-to-present.pdf@20251026205709,False,
SP_fullsize,2025-02-14,15166.0,,False,,front-tier snapshot,snapshot-wayback,SP-2024-to-present.pdf@20251026205709,False,
SP_fullsize,2025-02-18,15162.0,,False,,front-tier snapshot,snapshot-wayback,SP-2024-to-present.pdf@20251026205709,False,
SP_fullsize,2025-02-19,15157.0,,False,,front-tier snapshot,snapshot-wayback,SP-2024-to-present.pdf@20251026205709,False,
SP_fullsize,2025-02-20,15169.0,,False,,front-tier snapshot,snapshot-wayback,SP-2024-to-present.pdf@20251026205709,False,
SP_fullsize,2025-02-21,15209.0,,False,,front-tier snapshot,snapshot-wayback,SP-2024-to-present.pdf@20251026205709,False,
SP_fullsize,2025-02-24,15220.0,,False,,front-tier snapshot,snapshot-wayback,SP-2024-to-present.pdf@20251026205709,False,
SP_fullsize,2025-02-25,15232.0,,False,,front-tier snapshot,snapshot-wayback,SP-2024-to-present.pdf@20251026205709,False,
SP_fullsize,2025-02-27,15267.0,,False,,front-tier snapshot,snapshot-wayback,SP-2024-to-present.pdf@20251026205709,False,
SP_fullsize,2025-02-28,15236.0,,False,,front-tier snapshot,snapshot-wayback,SP-2024-to-present.pdf@20251026205709,False,
SP_fullsize,2025-03-03,15273.0,,False,,front-tier snapshot,snapshot-wayback,SP-2024-to-present.pdf@20251026205709,False,
SP_fullsize,2025-03-04,15298.0,,False,,front-tier snapshot,snapshot-wayback,SP-2024-to-present.pdf@20251026205709,False,
SP_fullsize,2025-03-05,15276.0,,False,,front-tier snapshot,snapshot-wayback,SP-2024-to-present.pdf@20251026205709,False,
SP_fullsize,2025-03-06,15313.0,,False,,front-tier snapshot,snapshot-wayback,SP-2024-to-present.pdf@20251026205709,False,
SP_fullsize,2025-03-07,15302.0,,False,,front-tier snapshot,snapshot-wayback,SP-2024-to-present.pdf@20251026205709,False,
SP_fullsize,2025-03-10,15405.0,,False,,front-tier snapshot,snapshot-wayback,SP-2024-to-present.pdf@20251026205709,False,
SP_fullsize,2025-03-11,15368.0,,False,,front-tier snapshot,snapshot-wayback,SP-2024-to-present.pdf@20251026205709,False,
SP_fullsize,2025-03-12,15358.0,,False,,front-tier snapshot,snapshot-wayback,SP-2024-to-present.pdf@20251026205709,False,
SP_fullsize,2025-03-13,15383.0,,False,,front-tier snapshot,snapshot-wayback,SP-2024-to-present.pdf@20251026205709,False,
SP_fullsize,2025-03-14,15569.0,,False,,front-tier snapshot,snapshot-wayback,SP-2024-to-present.pdf@20251026205709,False,
SP_fullsize,2025-03-17,15597.0,,False,,front-tier snapshot,snapshot-wayback,SP-2024-to-present.pdf@20251026205709,False,
SP_fullsize,2025-03-18,15552.0,,False,,front-tier snapshot,snapshot-wayback,SP-2024-to-present.pdf@20251026205709,False,
SP_fullsize,2025-03-19,15619.0,,False,,front-tier snapshot,snapshot-wayback,SP-2024-to-present.pdf@20251026205709,False,
SP_fullsize,2025-03-20,15570.0,,False,,front-tier snapshot,snapshot-wayback,SP-2024-to-present.pdf@20251026205709,False,
SP_fullsize,2025-03-21,15601.0,,False,,front-tier snapshot,snapshot-wayback,SP-2024-to-present.pdf@20251026205709,False,
SP_fullsize,2025-03-24,15771.0,,False,,front-tier snapshot,snapshot-wayback,SP-2024-to-present.pdf@20251026205709,False,
SP_fullsize,2025-03-25,15744.0,,False,,front-tier snapshot,snapshot-wayback,SP-2024-to-present.pdf@20251026205709,False,
SP_fullsize,2025-03-26,15702.0,,False,,front-tier snapshot,snapshot-wayback,SP-2024-to-present.pdf@20251026205709,False,
SP_fullsize,2025-03-27,15651.0,,False,,front-tier snapshot,snapshot-wayback,SP-2024-to-present.pdf@20251026205709,False,
SP_fullsize,2025-03-28,15676.0,,False,,front-tier snapshot,snapshot-wayback,SP-2024-to-present.pdf@20251026205709,False,
SP_fullsize,2025-03-31,15679.0,,False,,front-tier snapshot,snapshot-wayback,SP-2024-to-present.pdf@20251026205709,False,
SP_fullsize,2025-04-01,15667.0,,False,,front-tier snapshot,snapshot-wayback,SP-2024-to-present.pdf@20251026205709,False,
SP_fullsize,2025-04-02,15684.0,,False,,front-tier snapshot,snapshot-wayback,SP-2024-to-present.pdf@20251026205709,False,
SP_fullsize,2025-04-03,16558.0,,False,,front-tier snapshot,snapshot-wayback,SP-2024-to-present.pdf@20251026205709,False,
SP_fullsize,2025-04-04,18122.0,,False,,front-tier snapshot,snapshot-wayback,SP-2024-to-present.pdf@20251026205709,False,
SP_fullsize,2025-04-07,18123.0,,False,,front-tier snapshot,snapshot-wayback,SP-2024-to-present.pdf@20251026205709,False,
SP_fullsize,2025-04-08,18140.0,,False,,front-tier snapshot,snapshot-wayback,SP-2024-to-present.pdf@20251026205709,False,
SP_fullsize,2025-04-09,19976.0,,False,,front-tier snapshot,snapshot-wayback,SP-2024-to-present.pdf@20251026205709,False,
SP_fullsize,2025-04-10,21596.0,,False,,front-tier snapshot,snapshot-wayback,SP-2024-to-present.pdf@20251026205709,False,
SP_fullsize,2025-04-11,21619.0,,False,,front-tier snapshot,snapshot-wayback,SP-2024-to-present.pdf@20251026205709,False,
SP_fullsize,2025-04-14,21673.0,,False,,front-tier snapshot,snapshot-wayback,SP-2024-to-present.pdf@20251026205709,False,
SP_fullsize,2025-04-15,21594.0,,False,,front-tier snapshot,snapshot-wayback,SP-2024-to-present.pdf@20251026205709,False,
SP_fullsize,2025-04-16,21590.0,,False,,front-tier snapshot,snapshot-wayback,SP-2024-to-present.pdf@20251026205709,False,
SP_fullsize,2025-04-17,21587.0,,False,,front-tier snapshot,snapshot-wayback,SP-2024-to-present.pdf@20251026205709,False,
SP_fullsize,2025-04-21,21618.0,,False,,front-tier snapshot,snapshot-wayback,SP-2024-to-present.pdf@20251026205709,False,
SP_fullsize,2025-04-22,21583.0,,False,,front-tier snapshot,snapshot-wayback,SP-2024-to-present.pdf@20251026205709,False,
SP_fullsize,2025-04-23,21733.0,,False,,front-tier snapshot,snapshot-wayback,SP-2024-to-present.pdf@20251026205709,False,
SP_fullsize,2025-04-24,21974.0,,False,,front-tier snapshot,snapshot-wayback,SP-2024-to-present.pdf@20251026205709,False,
SP_fullsize,2025-04-25,21998.0,,False,,front-tier snapshot,snapshot-wayback,SP-2024-to-present.pdf@20251026205709,False,
SP_fullsize,2025-04-28,21945.0,,False,,front-tier snapshot,snapshot-wayback,SP-2024-to-present.pdf@20251026205709,False,
SP_fullsize,2025-04-29,21950.0,,False,,front-tier snapshot,snapshot-wayback,SP-2024-to-present.pdf@20251026205709,False,
SP_fullsize,2025-04-30,21898.0,,False,,front-tier snapshot,snapshot-wayback,SP-2024-to-present.pdf@20251026205709,False,
SP_fullsize,2025-05-01,21915.0,,False,,front-tier snapshot,snapshot-wayback,SP-2024-to-present.pdf@20251026205709,False,
SP_fullsize,2025-05-02,22065.0,,False,,front-tier snapshot,snapshot-wayback,SP-2024-to-present.pdf@20251026205709,False,
SP_fullsize,2025-05-05,21952.0,,False,,front-tier snapshot,snapshot-wayback,SP-2024-to-present.pdf@20251026205709,False,
SP_fullsize,2025-05-06,21830.0,,False,,front-tier snapshot,snapshot-wayback,SP-2024-to-present.pdf@20251026205709,False,
SP_fullsize,2025-05-07,21824.0,,False,,front-tier snapshot,snapshot-wayback,SP-2024-to-present.pdf@20251026205709,False,
SP_fullsize,2025-05-08,21831.0,,False,,front-tier snapshot,snapshot-wayback,SP-2024-to-present.pdf@20251026205709,False,
SP_fullsize,2025-05-09,21763.0,,False,,front-tier snapshot,snapshot-wayback,SP-2024-to-present.pdf@20251026205709,False,
SP_fullsize,2025-05-12,22298.0,,False,,front-tier snapshot,snapshot-wayback,SP-2024-to-present.pdf@20251026205709,False,
SP_fullsize,2025-05-13,22318.0,,False,,front-tier snapshot,snapshot-wayback,SP-2024-to-present.pdf@20251026205709,False,
SP_fullsize,2025-05-14,22266.0,,False,,front-tier snapshot,snapshot-wayback,SP-2024-to-present.pdf@20251026205709,False,
SP_fullsize,2025-05-15,22252.0,,False,,front-tier snapshot,snapshot-wayback,SP-2024-to-present.pdf@20251026205709,False,
SP_fullsize,2025-05-16,22277.0,,False,,front-tier snapshot,snapshot-wayback,SP-2024-to-present.pdf@20251026205709,False,
SP_fullsize,2025-05-19,22230.0,,False,,front-tier snapshot,snapshot-wayback,SP-2024-to-present.pdf@20251026205709,False,
SP_fullsize,2025-05-20,22137.0,,False,,front-tier snapshot,snapshot-wayback,SP-2024-to-present.pdf@20251026205709,False,
SP_fullsize,2025-05-21,21992.0,,False,,front-tier snapshot,snapshot-wayback,SP-2024-to-present.pdf@20251026205709,False,
SP_fullsize,2025-05-22,21926.0,,False,,front-tier snapshot,snapshot-wayback,SP-2024-to-present.pdf@20251026205709,False,
SP_fullsize,2025-05-23,21815.0,,False,,front-tier snapshot,snapshot-wayback,SP-2024-to-present.pdf@20251026205709,False,
SP_fullsize,2025-05-27,22059.0,,False,,front-tier snapshot,snapshot-wayback,SP-2024-to-present.pdf@20251026205709,False,
SP_fullsize,2025-05-28,21957.0,,False,,front-tier snapshot,snapshot-wayback,SP-2024-to-present.pdf@20251026205709,False,
SP_fullsize,2025-05-29,21935.0,,False,,front-tier snapshot,snapshot-wayback,SP-2024-to-present.pdf@20251026205709,False,
SP_fullsize,2025-05-30,21866.0,,False,,front-tier snapshot,snapshot-wayback,SP-2024-to-present.pdf@20251026205709,False,
SP_fullsize,2025-06-02,21867.0,,False,,front-tier snapshot,snapshot-wayback,SP-2024-to-present.pdf@20251026205709,False,
SP_fullsize,2025-06-03,21873.0,,False,,front-tier snapshot,snapshot-wayback,SP-2024-to-present.pdf@20251026205709,False,
SP_fullsize,2025-06-04,21815.0,,False,,front-tier snapshot,snapshot-wayback,SP-2024-to-present.pdf@20251026205709,False,
SP_fullsize,2025-06-05,21713.0,,False,,front-tier snapshot,snapshot-wayback,SP-2024-to-present.pdf@20251026205709,False,
SP_fullsize,2025-06-06,21781.0,,False,,front-tier snapshot,snapshot-wayback,SP-2024-to-present.pdf@20251026205709,False,
SP_fullsize,2025-06-09,21730.0,,False,,front-tier snapshot,snapshot-wayback,SP-2024-to-present.pdf@20251026205709,False,
SP_fullsize,2025-06-10,21736.0,,False,,front-tier snapshot,snapshot-wayback,SP-2024-to-present.pdf@20251026205709,False,
SP_fullsize,2025-06-11,21657.0,,False,,front-tier snapshot,snapshot-wayback,SP-2024-to-present.pdf@20251026205709,False,
SP_fullsize,2025-06-12,21635.0,,False,,front-tier snapshot,snapshot-wayback,SP-2024-to-present.pdf@20251026205709,False,
SP_fullsize,2025-06-13,21513.0,,False,,front-tier snapshot,snapshot-wayback,SP-2024-to-present.pdf@20251026205709,False,
SP_fullsize,2025-06-16,21569.0,,False,,front-tier snapshot,snapshot-wayback,SP-2024-to-present.pdf@20251026205709,False,
SP_fullsize,2025-06-17,21457.0,,False,,front-tier snapshot,snapshot-wayback,SP-2024-to-present.pdf@20251026205709,False,
SP_fullsize,2025-06-18,21397.0,,False,,front-tier snapshot,snapshot-wayback,SP-2024-to-present.pdf@20251026205709,False,
SP_fullsize,2025-06-20,21419.0,,False,,front-tier snapshot,snapshot-wayback,SP-2024-to-present.pdf@20251026205709,False,
SP_fullsize,2025-06-23,21480.0,,False,,front-tier snapshot,snapshot-wayback,SP-2024-to-present.pdf@20251026205709,False,
SP_fullsize,2025-06-24,21566.0,,False,,front-tier snapshot,snapshot-wayback,SP-2024-to-present.pdf@20251026205709,False,
SP_fullsize,2025-06-25,21511.0,,False,,front-tier snapshot,snapshot-wayback,SP-2024-to-present.pdf@20251026205709,False,
SP_fullsize,2025-06-26,21544.0,,False,,front-tier snapshot,snapshot-wayback,SP-2024-to-present.pdf@20251026205709,False,
SP_fullsize,2025-06-27,21537.0,,False,,front-tier snapshot,snapshot-wayback,SP-2024-to-present.pdf@20251026205709,False,
SP_fullsize,2025-06-30,21531.0,,False,,front-tier snapshot,snapshot-wayback,SP-2024-to-present.pdf@20251026205709,False,
SP_fullsize,2025-07-01,21469.0,,False,,front-tier snapshot,snapshot-wayback,SP-2024-to-present.pdf@20251026205709,False,
SP_fullsize,2025-07-02,21456.0,,False,,front-tier snapshot,snapshot-wayback,SP-2024-to-present.pdf@20251026205709,False,
SP_fullsize,2025-07-03,21489.0,,False,,front-tier snapshot,snapshot-wayback,SP-2024-to-present.pdf@20251026205709,False,
SP_fullsize,2025-07-07,21387.0,,False,,front-tier snapshot,snapshot-wayback,SP-2024-to-present.pdf@20251026205709,False,
SP_fullsize,2025-07-08,21336.0,,False,,front-tier snapshot,snapshot-wayback,SP-2024-to-present.pdf@20251026205709,False,
SP_fullsize,2025-07-09,21331.0,,False,,front-tier snapshot,snapshot-wayback,SP-2024-to-present.pdf@20251026205709,False,
SP_fullsize,2025-07-10,21321.0,,False,,front-tier snapshot,snapshot-wayback,SP-2024-to-present.pdf@20251026205709,False,
SP_fullsize,2025-07-11,21331.0,,False,,front-tier snapshot,snapshot-wayback,SP-2024-to-present.pdf@20251026205709,False,
SP_fullsize,2025-07-14,21329.0,,False,,front-tier snapshot,snapshot-wayback,SP-2024-to-present.pdf@20251026205709,False,
SP_fullsize,2025-07-15,21339.0,,False,,front-tier snapshot,snapshot-wayback,SP-2024-to-present.pdf@20251026205709,False,
SP_fullsize,2025-07-16,21334.0,,False,,front-tier snapshot,snapshot-wayback,SP-2024-to-present.pdf@20251026205709,False,
SP_fullsize,2025-07-17,21323.0,,False,,front-tier snapshot,snapshot-wayback,SP-2024-to-present.pdf@20251026205709,False,
SP_fullsize,2025-07-18,21327.0,,False,,front-tier snapshot,snapshot-wayback,SP-2024-to-present.pdf@20251026205709,False,
SP_fullsize,2025-07-21,21325.0,,False,,front-tier snapshot,snapshot-wayback,SP-2024-to-present.pdf@20251026205709,False,
SP_fullsize,2025-07-22,21326.0,,False,,front-tier snapshot,snapshot-wayback,SP-2024-to-present.pdf@20251026205709,False,
SP_fullsize,2025-07-23,21310.0,,False,,front-tier snapshot,snapshot-wayback,SP-2024-to-present.pdf@20251026205709,False,
SP_fullsize,2025-07-25,21304.0,,False,,front-tier snapshot,snapshot-wayback,SP-2024-to-present.pdf@20251026205709,False,
SP_fullsize,2025-07-28,21307.0,,False,,front-tier snapshot,snapshot-wayback,SP-2024-to-present.pdf@20251026205709,False,
SP_fullsize,2025-07-29,21314.0,,False,,front-tier snapshot,snapshot-wayback,SP-2024-to-present.pdf@20251026205709,False,
SP_fullsize,2025-07-30,21319.0,,False,,front-tier snapshot,snapshot-wayback,SP-2024-to-present.pdf@20251026205709,False,
SP_fullsize,2025-07-31,21328.0,,False,,front-tier snapshot,snapshot-wayback,SP-2024-to-present.pdf@20251026205709,False,
SP_fullsize,2025-08-01,21367.0,,False,,front-tier snapshot,snapshot-wayback,SP-2024-to-present.pdf@20251026205709,False,
SP_fullsize,2025-08-04,21337.0,,False,,front-tier snapshot,snapshot-wayback,SP-2024-to-present.pdf@20251026205709,False,
SP_fullsize,2025-08-05,21349.0,,False,,front-tier snapshot,snapshot-wayback,SP-2024-to-present.pdf@20251026205709,False,
SP_fullsize,2025-08-06,21335.0,,False,,front-tier snapshot,snapshot-wayback,SP-2024-to-present.pdf@20251026205709,False,
SP_fullsize,2025-08-07,21338.0,,False,,front-tier snapshot,snapshot-wayback,SP-2024-to-present.pdf@20251026205709,False,
SP_fullsize,2025-08-08,21324.0,,False,,front-tier snapshot,snapshot-wayback,SP-2024-to-present.pdf@20251026205709,False,
SP_fullsize,2025-08-11,21330.0,,False,,front-tier snapshot,snapshot-wayback,SP-2024-to-present.pdf@20251026205709,False,
SP_fullsize,2025-08-12,21308.0,,False,,front-tier snapshot,snapshot-wayback,SP-2024-to-present.pdf@20251026205709,False,
SP_fullsize,2025-08-13,21303.0,,False,,front-tier snapshot,snapshot-wayback,SP-2024-to-present.pdf@20251026205709,False,
SP_fullsize,2025-08-14,21304.0,,False,,front-tier snapshot,snapshot-wayback,SP-2024-to-present.pdf@20251026205709,False,
SP_fullsize,2025-08-15,21313.0,,False,,front-tier snapshot,snapshot-wayback,SP-2024-to-present.pdf@20251026205709,False,
SP_fullsize,2025-08-18,21315.0,,False,,front-tier snapshot,snapshot-wayback,SP-2024-to-present.pdf@20251026205709,False,
SP_fullsize,2025-08-19,21329.0,,False,,front-tier snapshot,snapshot-wayback,SP-2024-to-present.pdf@20251026205709,False,
SP_fullsize,2025-08-20,21338.0,,False,,front-tier snapshot,snapshot-wayback,SP-2024-to-present.pdf@20251026205709,False,
SP_fullsize,2025-08-21,21347.0,,False,,front-tier snapshot,snapshot-wayback,SP-2024-to-present.pdf@20251026205709,False,
SP_fullsize,2025-08-22,21317.0,,False,,front-tier snapshot,snapshot-wayback,SP-2024-to-present.pdf@20251026205709,False,
SP_fullsize,2025-08-25,21328.0,,False,,front-tier snapshot,snapshot-wayback,SP-2024-to-present.pdf@20251026205709,False,
SP_fullsize,2025-08-26,21320.0,,False,,front-tier snapshot,snapshot-wayback,SP-2024-to-present.pdf@20251026205709,False,
SP_fullsize,2025-08-27,21317.0,,False,,front-tier snapshot,snapshot-wayback,SP-2024-to-present.pdf@20251026205709,False,
SP_fullsize,2025-08-28,21312.0,,False,,front-tier snapshot,snapshot-wayback,SP-2024-to-present.pdf@20251026205709,False,
SP_fullsize,2025-08-29,21329.0,,False,,front-tier snapshot,snapshot-wayback,SP-2024-to-present.pdf@20251026205709,False,
SP_fullsize,2025-09-02,21346.0,,False,,front-tier snapshot,snapshot-wayback,SP-2024-to-present.pdf@20251026205709,False,
SP_fullsize,2025-09-03,21337.0,,False,,front-tier snapshot,snapshot-wayback,SP-2024-to-present.pdf@20251026205709,False,
SP_fullsize,2025-09-04,21320.0,,False,,front-tier snapshot,snapshot-wayback,SP-2024-to-present.pdf@20251026205709,False,
SP_fullsize,2025-09-05,21329.0,,False,,front-tier snapshot,snapshot-wayback,SP-2024-to-present.pdf@20251026205709,False,
SP_fullsize,2025-09-08,21325.0,,False,,front-tier snapshot,snapshot-wayback,SP-2024-to-present.pdf@20251026205709,False,
SP_fullsize,2025-09-09,21321.0,,False,,front-tier snapshot,snapshot-wayback,SP-2024-to-present.pdf@20251026205709,False,
SP_fullsize,2025-09-10,21317.0,,False,,front-tier snapshot,snapshot-wayback,SP-2024-to-present.pdf@20251026205709,False,
SP_fullsize,2025-09-11,20932.0,,False,,front-tier snapshot,snapshot-wayback,SP-2024-to-present.pdf@20251026205709,False,
SP_fullsize,2025-09-12,20936.0,,False,,front-tier snapshot,snapshot-wayback,SP-2024-to-present.pdf@20251026205709,False,
SP_fullsize,2025-09-15,20926.0,,False,,front-tier snapshot,snapshot-wayback,SP-2024-to-present.pdf@20251026205709,False,
SP_fullsize,2025-09-16,20932.0,,False,,front-tier snapshot,snapshot-wayback,SP-2024-to-present.pdf@20251026205709,False,
SP_fullsize,2025-09-17,20937.0,,False,,front-tier snapshot,snapshot-wayback,SP-2024-to-present.pdf@20251026205709,False,
SP_fullsize,2025-09-18,20927.0,,False,,front-tier snapshot,snapshot-wayback,SP-2024-to-present.pdf@20251026205709,False,
SP_fullsize,2025-09-19,20919.0,,False,,front-tier snapshot,snapshot-wayback,SP-2024-to-present.pdf@20251026205709,False,
SP_fullsize,2025-09-22,20911.0,,False,,front-tier snapshot,snapshot-wayback,SP-2024-to-present.pdf@20251026205709,False,
SP_fullsize,2025-09-23,20926.0,,False,,front-tier snapshot,snapshot-wayback,SP-2024-to-present.pdf@20251026205709,False,
SP_fullsize,2025-09-24,20936.0,,False,,front-tier snapshot,snapshot-wayback,SP-2024-to-present.pdf@20251026205709,False,
SP_fullsize,2025-09-25,20949.0,,False,,front-tier snapshot,snapshot-wayback,SP-2024-to-present.pdf@20251026205709,False,
SP_fullsize,2025-09-26,20938.0,,False,,front-tier snapshot,snapshot-wayback,SP-2024-to-present.pdf@20251026205709,False,
ZC,2003-11-24,400.0,540.0,False,,Spec,wayback-history,C_prior_to_2009.pdf@20121109075706,False,
ZC,2004-04-07,450.0,608.0,False,,Spec,wayback-history,C_prior_to_2009.pdf@20121109075706,False,
ZC,2004-04-20,600.0,810.0,False,,Speculative - New Crop,wayback-history,C_prior_to_2009.pdf@20121109075706,False,
ZC,2004-06-04,625.0,844.0,False,,Speculative - Old Crop,wayback-history,C_prior_to_2009.pdf@20121109075706,False,
ZC,2004-07-30,575.0,777.0,False,,Speculative - Old Crop,wayback-history,C_prior_to_2009.pdf@20121109075706,False,
ZC,2004-09-01,400.0,540.0,False,,Speculative - Old Crop,wayback-history,C_prior_to_2009.pdf@20121109075706,False,
ZC,2004-09-28,350.0,473.0,False,,Speculative - Old Crop,wayback-history,C_prior_to_2009.pdf@20121109075706,False,
ZC,2004-10-26,300.0,405.0,False,,Speculative - Old Crop,wayback-history,C_prior_to_2009.pdf@20121109075706,False,
ZC,2004-11-09,250.0,338.0,False,,Speculative - Old Crop,wayback-history,C_prior_to_2009.pdf@20121109075706,False,
ZC,2005-01-25,325.0,439.0,False,,Speculative - Old Crop,wayback-history,C_prior_to_2009.pdf@20121109075706,False,
ZC,2005-03-04,375.0,506.0,False,,Speculative - Old Crop,wayback-history,C_prior_to_2009.pdf@20121109075706,False,
ZC,2005-07-06,500.0,675.0,False,,Speculative - Old Crop,wayback-history,C_prior_to_2009.pdf@20121109075706,False,
ZC,2005-08-05,600.0,810.0,False,,Speculative - Old Crop,wayback-history,C_prior_to_2009.pdf@20121109075706,False,
ZC,2005-09-29,375.0,506.0,False,,Speculative - Old Crop,wayback-history,C_prior_to_2009.pdf@20121109075706,False,
ZC,2005-11-02,300.0,405.0,False,,Speculative - Old Crop,wayback-history,C_prior_to_2009.pdf@20121109075706,False,
ZC,2005-12-05,250.0,338.0,False,,Speculative - Old Crop,wayback-history,C_prior_to_2009.pdf@20121109075706,False,
ZC,2006-04-04,350.0,473.0,False,,Speculative - Old Crop,wayback-history,C_prior_to_2009.pdf@20121109075706,False,
ZC,2006-05-16,400.0,540.0,False,,Speculative - Old Crop,wayback-history,C_prior_to_2009.pdf@20121109075706,False,
ZC,2006-08-21,450.0,608.0,False,,Speculative - Old Crop,wayback-history,C_prior_to_2009.pdf@20121109075706,False,
ZC,2006-10-06,500.0,675.0,False,,Speculative - Old Crop,wayback-history,C_prior_to_2009.pdf@20121109075706,False,
ZC,2006-10-11,650.0,878.0,False,,Speculative - Old Crop,wayback-history,C_prior_to_2009.pdf@20121109075706,False,
ZC,2006-10-13,750.0,1013.0,False,,Speculative - Old Crop,wayback-history,C_prior_to_2009.pdf@20121109075706,False,
ZC,2006-11-13,850.0,1148.0,False,,Speculative - Old Crop,wayback-history,C_prior_to_2009.pdf@20121109075706,False,
ZC,2006-12-19,750.0,1013.0,False,,Speculative - Old Crop,wayback-history,C_prior_to_2009.pdf@20121109075706,False,
ZC,2007-01-16,900.0,1215.0,False,,Speculative - Old Crop,wayback-history,C_prior_to_2009.pdf@20121109075706,False,
ZC,2007-01-26,1000.0,1350.0,False,,Speculative - Old Crop,wayback-history,C_prior_to_2009.pdf@20121109075706,False,
ZC,2007-09-20,800.0,1080.0,False,,Speculative - Old Crop,wayback-history,C_prior_to_2009.pdf@20121109075706,False,
ZC,2008-01-28,1000.0,1350.0,False,,Spec Mnth 1,wayback-history,C_2008_to_present.pdf@20121109080101,False,
ZC,2008-03-11,2500.0,2750.0,False,,Spec All Months,wayback-history,C_2008_to_present.pdf@20150528093444,False,
ZC,2008-03-27,1500.0,2025.0,False,,Spec Mnth 1,wayback-history,C_2008_to_present.pdf@20121109080101,False,
ZC,2008-04-01,4000.0,4400.0,False,,Spec All Months,wayback-history,C_2008_to_present.pdf@20150528093444,False,
ZC,2008-04-22,1000.0,1350.0,False,,Spec Mnth 1,wayback-history,C_2008_to_present.pdf@20121109080101,False,
ZC,2008-06-03,3000.0,3300.0,False,,Spec All Months,wayback-history,C_2008_to_present.pdf@20150528093444,False,
ZC,2008-06-09,1250.0,1687.5,False,,Spec Mnth 1,wayback-history,C_2008_to_present.pdf@20121109080101,False,
ZC,2008-06-12,1500.0,2025.0,False,,Spec Mnth 1,wayback-history,C_2008_to_present.pdf@20121109080101,False,
ZC,2009-05-06,1200.0,1620.0,False,,Spec Mnth 1,wayback-history+snapshot-wayback,C_2008_to_present.pdf@20121109080101,False,
ZC,2009-10-27,1100.0,1485.0,False,,Spec Mnth 1,wayback-history+snapshot-wayback,C_2008_to_present.pdf@20121109080101,False,
ZC,2009-12-28,1000.0,1350.0,False,,Spec Mnth 1,wayback-history+snapshot-wayback,C_2008_to_present.pdf@20121109080101,False,
ZC,2009-12-30,1100.0,,False,,front-tier snapshot,snapshot-wayback,C_2009_to_2013.pdf@20171129074758,False,
ZC,2009-12-31,1000.0,,False,,front-tier snapshot,snapshot-wayback,C_2009_to_2013.pdf@20171129074758,False,
ZC,2010-01-04,1100.0,,False,,front-tier snapshot,snapshot-wayback,C_2009_to_2013.pdf@20171129074758,False,
ZC,2010-01-05,1000.0,,False,,front-tier snapshot,snapshot-wayback,C_2009_to_2013.pdf@20171129074758,False,
ZC,2010-05-21,850.0,1147.5,False,,Spec Mnth 1,wayback-history+snapshot-wayback,C_2008_to_present.pdf@20121109080101,False,
ZC,2010-07-23,950.0,1282.5,False,,Spec Mnth 1,wayback-history+snapshot-wayback,C_2008_to_present.pdf@20121109080101,False,
ZC,2010-09-30,1100.0,1485.0,False,,Spec Mnth 1,wayback-history+snapshot-wayback,C_2008_to_present.pdf@20121109080101,False,
ZC,2010-10-11,1500.0,2025.0,False,,Spec Mnth 1,wayback-history+snapshot-wayback,C_2008_to_present.pdf@20121109080101,False,
ZC,2011-04-01,1750.0,2362.5,False,,Spec Mnth 1,wayback-history+snapshot-wayback,C_2008_to_present.pdf@20121109080101,False,
ZC,2011-09-01,2000.0,2700.0,False,,Spec Mnth 1,wayback-history+snapshot-wayback,C_2008_to_present.pdf@20121109080101,False,
ZC,2011-09-15,1750.0,2362.5,False,,Spec Mnth 1,wayback-history+snapshot-wayback,C_2008_to_present.pdf@20121109080101,False,
ZC,2012-06-27,2000.0,2700.0,False,,Spec Mnth 1,wayback-history+snapshot-wayback,C_2008_to_present.pdf@20121109080101,False,
ZC,2013-03-26,2000.0,2200.0,False,,Spec 2nd New Crop,wayback-history,C_2008_to_present.pdf@20140826133913,False,
ZC,2013-08-20,1500.0,1650.0,False,,Spec All Months,wayback-history+snapshot-wayback,C_2008_to_present.pdf@20140826133913,False,
ZC,2013-08-28,1750.0,1925.0,False,,Spec All Months,wayback-history+snapshot-wayback,C_2008_to_present.pdf@20140826133913,False,
ZC,2013-11-13,1750.0,1925.0,False,,Spec All Months,wayback-history,C_2008_to_present.pdf@20140826133913,False,
ZC,2014-05-09,1500.0,1650.0,False,,Spec All Months,wayback-history+snapshot-wayback,C_2008_to_present.pdf@20140826133913,False,
ZC,2014-09-18,1250.0,,False,,front-tier snapshot,wayback-history+snapshot-wayback,C_2014_to_present.pdf@20171129074842,False,snapshot-confirmed
ZC,2014-11-03,1000.0,,False,,front-tier snapshot,snapshot-wayback,C_2014_to_present.pdf@20171129074842,False,
ZC,2015-07-01,1250.0,,False,,front-tier snapshot,snapshot-wayback,C_2014_to_present.pdf@20171129074842,False,
ZC,2015-12-18,1000.0,,False,,front-tier snapshot,snapshot-wayback,C_2014_to_present.pdf@20171129074842,False,
ZC,2016-03-10,900.0,990.0,True,2016-03-09,Spec All Months,advisory+snapshot-wayback,/tools-information/lookups/advisories/clearing/Chadv16-107.html,False,
ZC,2016-04-25,1050.0,1155.0,True,2016-04-22,Spec All Months,advisory+snapshot-wayback,/notices/clearing/2016/04/Chadv16-178.html,False,
ZC,2016-06-22,1250.0,,False,,front-tier snapshot,snapshot-wayback,C_2014_to_present.pdf@20171129074842,False,
ZC,2016-07-15,1400.0,,False,,front-tier snapshot,snapshot-wayback,C_2014_to_present.pdf@20171129074842,False,
ZC,2016-09-01,1150.0,1265.0,True,2016-08-31,Spec Month 1,advisory+snapshot-wayback,/notices/clearing/2016/08/Chadv16-358.html,False,
ZC,2016-09-22,1050.0,1155.0,True,2016-09-21,Spec Month 1,advisory+snapshot-wayback,/notices/clearing/2016/09/Chadv16-382.html,False,
ZC,2016-10-07,900.0,,False,,front-tier snapshot,snapshot-wayback,C_2014_to_present.pdf@20171129074842,False,
ZC,2017-04-06,750.0,nan,True,2017-04-05,Spec Period 1 (2017-05-01),advisory+snapshot-wayback,/notices/clearing/2017/04/Chadv17-126.html,False,
ZC,2017-05-31,750.0,nan,True,2017-05-30,Spec Period 1 (2017-07-01),advisory,/notices/clearing/2017/05/Chadv17-193.html,False,
ZC,2017-06-12,850.0,nan,True,2017-06-09,Spec Period 1 (2017-07-01),advisory+snapshot-wayback,/notices/clearing/2017/06/Chadv17-215.html,False,
ZC,2017-09-29,750.0,nan,True,2017-09-27,Spec Period 1 (2017-12-01),advisory+snapshot-wayback,/notices/clearing/2017/09/Chadv17-376.html,False,
ZC,2017-11-17,750.0,nan,True,2017-11-16,Spec Period 1 (2017-12-01),advisory,/notices/clearing/2017/11/Chadv17-441.html,False,
ZC,2017-12-06,650.0,nan,True,2017-12-05,Spec Period 1 (2017-12-01),advisory,/notices/clearing/2017/12/Chadv17-473.html,False,
ZC,2017-12-15,550.0,nan,True,2017-12-14,Spec Period 1 (2018-03-01),advisory,/notices/clearing/2017/12/Chadv17-486.html,False,
ZC,2018-03-14,600.0,nan,True,2018-03-13,Spec Period 1 (2018-03-01),advisory,/notices/clearing/2018/03/Chadv18-109.html,False,
ZC,2018-04-04,720.0,nan,True,2018-04-03,Spec Period 1 (2018-05-01),advisory,/notices/clearing/2018/04/Chadv18-140.html,False,
ZC,2018-06-06,720.0,nan,True,2018-06-05,Spec Period 1 (2018-07-01),advisory,/notices/clearing/2018/06/Chadv18-232.html,False,
ZC,2018-07-05,720.0,nan,True,2018-07-03,Spec Period 1 (2018-07-01),advisory,/notices/clearing/2018/07/Chadv18-274.html,False,
ZC,2018-07-11,800.0,nan,True,2018-07-10,Spec Period 1 (2018-07-01),advisory,/notices/clearing/2018/07/Chadv18-281.html,False,
ZC,2018-08-14,800.0,nan,True,2018-08-13,Spec Period 1 (2018-09-01),advisory,/notices/clearing/2018/08/Chadv18-321.html,False,
ZC,2018-09-14,800.0,nan,True,2018-09-13,Spec Period 1 (2018-09-01),advisory,/notices/clearing/2018/09/Chadv18-365.html,False,
ZC,2019-01-11,700.0,nan,True,2019-01-10,Spec Period 1 (2019-03-01),advisory,/notices/clearing/2019/01/Chadv19-014.html,False,
ZC,2019-04-04,700.0,nan,True,2019-04-03,Spec Period 1 (2019-05-01),advisory,/notices/clearing/2019/04/Chadv19-117.html,False,
ZC,2019-05-10,760.0,nan,True,2019-05-09,Spec Period 1 (2019-05-01),advisory,/notices/clearing/2019/05/Chadv19-148.html,False,
ZC,2019-05-17,760.0,nan,True,2019-05-16,Spec Period 1 (2019-07-01),advisory,/notices/clearing/2019/05/Chadv19-153.html,False,
ZC,2019-05-22,760.0,nan,True,2019-05-21,Spec Period 1 (2019-07-01),advisory,/notices/clearing/2019/05/Chadv19-161.html,False,
ZC,2019-05-30,880.0,nan,True,2019-05-29,Spec Period 1 (2019-07-01),advisory,/notices/clearing/2019/05/Chadv19-166.html,False,
ZC,2019-06-03,1000.0,nan,True,2019-05-31,Spec Period 1 (2019-07-01),advisory,/notices/clearing/2019/05/Chadv19-170.html,False,
ZC,2019-06-12,1000.0,nan,True,2019-06-11,Spec Period 1 (2019-07-01),advisory,/notices/clearing/2019/06/Chadv19-181.html,False,
ZC,2019-06-17,1000.0,nan,True,2019-06-14,Spec Period 1 (2019-07-01),advisory,/notices/clearing/2019/06/Chadv19-187.html,False,
ZC,2019-06-19,1000.0,nan,True,2019-06-18,Spec Period 1 (2019-07-01),advisory,/notices/clearing/2019/06/Chadv19-190.html,False,
ZC,2019-07-08,1000.0,nan,True,2019-07-02,Spec Period 1 (2019-07-01),advisory,/notices/clearing/2019/07/Chadv19-212.html,False,
ZC,2019-07-19,1000.0,nan,True,2019-07-18,Spec Period 1 (2019-09-01),advisory,/notices/clearing/2019/07/Chadv19-231.html,False,
ZC,2019-07-26,1000.0,nan,True,2019-07-25,Spec Period 1 (2019-09-01),advisory,/notices/clearing/2019/07/Chadv19-238.html,False,
ZC,2019-08-14,1150.0,nan,True,2019-08-13,Spec Period 1 (2019-09-01),advisory,/notices/clearing/2019/08/Chadv19-267.html,False,
ZC,2019-09-27,1000.0,nan,True,2019-09-26,Spec Period 1 (2019-12-01),advisory,/notices/clearing/2019/09/Chadv19-318.html,False,
ZC,2019-10-04,1000.0,nan,True,2019-10-03,Spec Period 1 (2019-12-01),advisory,/notices/clearing/2019/10/Chadv19-327.html,False,
ZC,2019-10-16,1000.0,nan,True,2019-10-15,Spec Period 1 (2019-12-01),advisory,/notices/clearing/2019/10/Chadv19-342.html,False,
ZC,2019-10-23,1000.0,nan,True,2019-10-22,Spec Period 1 (2019-12-01),advisory,/notices/clearing/2019/10/Chadv19-351.html,False,
ZC,2019-12-11,1000.0,nan,True,2019-12-10,Spec Period 1 (2019-12-01),advisory,/notices/clearing/2019/12/Chadv19-408.html,False,
ZC,2019-12-19,1000.0,nan,True,2019-12-18,Spec Period 1 (2020-03-01),advisory,/notices/clearing/2019/12/Chadv19-414.html,False,
ZC,2020-05-26,900.0,nan,True,2020-05-22,Spec Period 1 (2020-07-01),advisory,/notices/clearing/2020/05/Chadv20-203.html,False,
ZC,2020-06-24,900.0,,False,,front-tier snapshot,snapshot-wayback,C-2020-to-present.pdf@20250910104450,False,
ZC,2020-07-07,900.0,nan,True,2020-07-06,Spec Period 1 (2020-07-01),advisory,/notices/clearing/2020/07/Chadv20-261.html,False,
ZC,2020-07-10,900.0,nan,True,2020-07-09,Spec Period 1 (2020-07-01),advisory,/notices/clearing/2020/07/Chadv20-266.html,False,
ZC,2020-07-24,850.0,nan,True,2020-07-23,Spec Period 1 (2020-09-01),advisory+snapshot-wayback+snapshot-live,/notices/clearing/2020/07/Chadv20-289.html,False,
ZC,2020-08-14,850.0,nan,True,2020-08-13,Spec Period 1 (2020-09-01),advisory,/notices/clearing/2020/08/Chadv20-318.html,False,
ZC,2020-08-28,850.0,nan,True,2020-08-27,Spec Period 1 (2020-09-01),advisory,/notices/clearing/2020/08/Chadv20-337.html,False,
ZC,2021-01-04,975.0,,False,,front-tier snapshot,snapshot-wayback+snapshot-live,C-2020-to-present.pdf@20250910104450,False,
ZC,2021-01-06,1100.0,,False,,front-tier snapshot,snapshot-wayback+snapshot-live,C-2020-to-present.pdf@20250910104450,False,
ZC,2021-01-14,1300.0,,False,,front-tier snapshot,snapshot-wayback+snapshot-live,C-2020-to-present.pdf@20250910104450,False,
ZC,2021-01-26,1400.0,,False,,front-tier snapshot,snapshot-wayback+snapshot-live,C-2020-to-present.pdf@20250910104450,False,
ZC,2021-02-05,1500.0,,False,,front-tier snapshot,snapshot-wayback+snapshot-live,C-2020-to-present.pdf@20250910104450,False,
ZC,2021-04-23,1700.0,,False,,front-tier snapshot,snapshot-wayback+snapshot-live,C-2020-to-present.pdf@20250910104450,False,
ZC,2021-04-29,1900.0,,False,,front-tier snapshot,snapshot-wayback+snapshot-live,C-2020-to-present.pdf@20250910104450,False,
ZC,2021-05-03,2050.0,,False,,front-tier snapshot,snapshot-wayback+snapshot-live,C-2020-to-present.pdf@20250910104450,False,
ZC,2021-05-07,2125.0,,False,,front-tier snapshot,snapshot-wayback+snapshot-live,C-2020-to-present.pdf@20250910104450,False,
ZC,2021-06-18,2325.0,,False,,front-tier snapshot,snapshot-wayback+snapshot-live,C-2020-to-present.pdf@20250910104450,False,
ZC,2021-06-22,2400.0,,False,,front-tier snapshot,snapshot-wayback+snapshot-live,C-2020-to-present.pdf@20250910104450,False,
ZC,2021-09-02,2100.0,,False,,front-tier snapshot,snapshot-wayback+snapshot-live,C-2020-to-present.pdf@20250910104450,False,
ZC,2021-09-17,1900.0,,False,,front-tier snapshot,snapshot-wayback+snapshot-live,C-2020-to-present.pdf@20250910104450,False,
ZC,2021-10-01,1725.0,,False,,front-tier snapshot,snapshot-wayback+snapshot-live,C-2020-to-present.pdf@20250910104450,False,
ZC,2021-10-20,1525.0,,False,,front-tier snapshot,snapshot-wayback+snapshot-live,C-2020-to-present.pdf@20250910104450,False,
ZC,2022-02-17,1750.0,,False,,front-tier snapshot,snapshot-wayback+snapshot-live,C-2020-to-present.pdf@20250910104450,False,
ZC,2022-02-28,1925.0,,False,,front-tier snapshot,snapshot-wayback+snapshot-live,C-2020-to-present.pdf@20250910104450,False,
ZC,2022-03-02,2150.0,,False,,front-tier snapshot,snapshot-wayback+snapshot-live,C-2020-to-present.pdf@20250910104450,False,
ZC,2022-03-07,2400.0,,False,,front-tier snapshot,snapshot-wayback+snapshot-live,C-2020-to-present.pdf@20250910104450,False,
ZC,2022-03-25,2650.0,,False,,front-tier snapshot,snapshot-wayback+snapshot-live,C-2020-to-present.pdf@20250910104450,False,
ZC,2022-05-17,2500.0,,False,,front-tier snapshot,snapshot-wayback+snapshot-live,C-2020-to-present.pdf@20250910104450,False,
ZC,2022-07-15,2700.0,,False,,front-tier snapshot,snapshot-wayback+snapshot-live,C-2020-to-present.pdf@20250910104450,False,
ZC,2022-09-16,2500.0,,False,,front-tier snapshot,snapshot-wayback+snapshot-live,C-2020-to-present.pdf@20250910104450,False,
ZC,2022-11-04,2250.0,,False,,front-tier snapshot,snapshot-wayback+snapshot-live,C-2020-to-present.pdf@20250910104450,False,
ZC,2023-02-16,2100.0,,False,,front-tier snapshot,snapshot-wayback+snapshot-live,C-2020-to-present.pdf@20250910104450,False,
ZC,2023-03-23,2000.0,,False,,front-tier snapshot,snapshot-wayback+snapshot-live,C-2020-to-present.pdf@20250910104450,False,
ZC,2023-04-21,1800.0,,False,,front-tier snapshot,snapshot-wayback+snapshot-live,C-2020-to-present.pdf@20250910104450,False,
ZC,2023-05-25,1700.0,,False,,front-tier snapshot,snapshot-wayback+snapshot-live,C-2020-to-present.pdf@20250910104450,False,
ZC,2023-06-23,1950.0,,False,,front-tier snapshot,snapshot-wayback+snapshot-live,C-2020-to-present.pdf@20250910104450,False,
ZC,2023-06-29,2250.0,,False,,front-tier snapshot,snapshot-wayback+snapshot-live,C-2020-to-present.pdf@20250910104450,False,
ZC,2023-07-03,2550.0,,False,,front-tier snapshot,snapshot-wayback+snapshot-live,C-2020-to-present.pdf@20250910104450,False,
ZC,2023-09-21,2200.0,,False,,front-tier snapshot,snapshot-wayback+snapshot-live,C-2020-to-present.pdf@20250910104450,False,
ZC,2023-09-29,2000.0,,False,,front-tier snapshot,snapshot-wayback+snapshot-live,C-2020-to-present.pdf@20250910104450,False,
ZC,2023-10-06,1725.0,,False,,front-tier snapshot,snapshot-wayback+snapshot-live,C-2020-to-present.pdf@20250910104450,False,
ZC,2023-11-30,1575.0,,False,,front-tier snapshot,snapshot-wayback+snapshot-live,C-2020-to-present.pdf@20250910104450,False,
ZC,2024-01-10,1425.0,,False,,front-tier snapshot,snapshot-wayback+snapshot-live,C-2020-to-present.pdf@20250910104450,False,
ZC,2024-02-09,1300.0,,False,,front-tier snapshot,snapshot-wayback+snapshot-live,C-2020-to-present.pdf@20250910104450,False,
ZC,2024-08-02,1200.0,,False,,front-tier snapshot,snapshot-wayback+snapshot-live,C-2020-to-present.pdf@20250910104450,False,
ZC,2024-10-22,1050.0,,False,,front-tier snapshot,snapshot-wayback+snapshot-live,C-2020-to-present.pdf@20250910104450,False,
ZC,2025-08-01,975.0,,False,,front-tier snapshot,snapshot-live,C-2020-to-present.pdf,False,
ZC,2026-05-20,1100.0,,False,,front-tier snapshot,snapshot-live,C-2020-to-present.pdf,False,
ZN,2004-01-02,1300.0,1755.0,False,,Spec,wayback-history,21_prior_to_2009.pdf@20121109080110,False,
ZN,2004-02-26,1150.0,1553.0,False,,Spec,wayback-history,21_prior_to_2009.pdf@20121109080110,False,
ZN,2004-04-07,1300.0,1755.0,False,,Spec,wayback-history,21_prior_to_2009.pdf@20121109080110,False,
ZN,2004-06-24,1200.0,1620.0,False,,Spec,wayback-history,21_prior_to_2009.pdf@20121109080110,False,
ZN,2004-07-30,1000.0,1350.0,False,,Spec,wayback-history,21_prior_to_2009.pdf@20121109080110,False,
ZN,2004-10-26,900.0,1215.0,False,,Spec,wayback-history,21_prior_to_2009.pdf@20121109080110,False,
ZN,2004-11-24,850.0,1148.0,False,,Spec,wayback-history,21_prior_to_2009.pdf@20121109080110,False,
ZN,2005-03-01,750.0,1013.0,False,,Spec,wayback-history,21_prior_to_2009.pdf@20121109080110,False,
ZN,2005-12-05,650.0,878.0,False,,Spec,wayback-history,21_prior_to_2009.pdf@20121109080110,False,
ZN,2006-02-09,600.0,810.0,False,,Spec,wayback-history,21_prior_to_2009.pdf@20121109080110,False,
ZN,2006-06-06,650.0,878.0,False,,Spec,wayback-history,21_prior_to_2009.pdf@20121109080110,False,
ZN,2006-08-21,600.0,810.0,False,,Spec,wayback-history,21_prior_to_2009.pdf@20121109080110,False,
ZN,2006-11-08,650.0,878.0,False,,Spec,wayback-history,21_prior_to_2009.pdf@20121109080110,False,
ZN,2007-03-01,750.0,1013.0,False,,Spec,wayback-history,21_prior_to_2009.pdf@20121109080110,False,
ZN,2007-04-24,650.0,878.0,False,,Spec,wayback-history,21_prior_to_2009.pdf@20121109080110,False,
ZN,2007-06-15,700.0,945.0,False,,Spec,wayback-history,21_prior_to_2009.pdf@20121109080110,False,
ZN,2007-07-30,850.0,1148.0,False,,Spec,wayback-history,21_prior_to_2009.pdf@20121109080110,False,
ZN,2007-11-27,1000.0,1350.0,False,,Spec,wayback-history,21_prior_to_2009.pdf@20121109080110,False,
ZN,2007-12-17,1200.0,1620.0,False,,Spec,wayback-history,21_prior_to_2009.pdf@20121109080110,False,
ZN,2008-01-17,1200.0,1620.0,False,,Spec,wayback-history,21_2008_to_present.pdf@20121109075822,False,
ZN,2008-03-18,1400.0,1890.0,False,,Spec,wayback-history,21_2008_to_present.pdf@20121109075822,False,
ZN,2008-03-26,1600.0,2160.0,False,,Spec,wayback-history,21_2008_to_present.pdf@20121109075822,False,
ZN,2008-06-03,1400.0,1890.0,False,,Spec,wayback-history,21_2008_to_present.pdf@20121109075822,False,
ZN,2008-07-17,1200.0,1620.0,False,,Spec,wayback-history,21_2008_to_present.pdf@20121109075822,False,
ZN,2008-09-22,1500.0,2025.0,False,,Spec,wayback-history,21_2008_to_present.pdf@20121109075822,False,
ZN,2008-09-30,2000.0,2700.0,False,,Spec,wayback-history,21_2008_to_present.pdf@20121109075822,False,
ZN,2008-10-08,2200.0,2970.0,False,,Spec,wayback-history,21_2008_to_present.pdf@20121109075822,False,
ZN,2009-04-14,2000.0,2700.0,False,,Spec,wayback-history,21_2008_to_present.pdf@20121109075822,False,
ZN,2009-05-19,1800.0,2430.0,False,,Spec,wayback-history,21_2008_to_present.pdf@20121109075822,False,
ZN,2009-11-27,1500.0,2025.0,False,,Spec,wayback-history,21_2008_to_present.pdf@20121109075822,False,
ZN,2010-03-05,1100.0,1485.0,False,,Spec,wayback-history,21_2008_to_present.pdf@20121109075822,False,
ZN,2010-05-10,1300.0,1755.0,False,,Spec,wayback-history,21_2008_to_present.pdf@20121109075822,False,
ZN,2010-07-20,1400.0,1890.0,False,,Spec,wayback-history,21_2008_to_present.pdf@20121109075822,False,
ZN,2010-12-17,1600.0,2160.0,False,,Spec,wayback-history,21_2008_to_present.pdf@20121109075822,False,
ZN,2011-06-06,1300.0,1755.0,False,,Spec,wayback-history,21_2008_to_present.pdf@20121109075822,False,
ZN,2011-06-21,1100.0,1485.0,False,,Spec,wayback-history,21_2008_to_present.pdf@20121109075822,False,
ZN,2011-07-25,1300.0,1755.0,False,,Spec,wayback-history,21_2008_to_present.pdf@20121109075822,False,
ZN,2011-08-11,1600.0,2160.0,False,,Spec,wayback-history,21_2008_to_present.pdf@20121109075822,False,
ZN,2012-01-17,1300.0,1755.0,False,,Spec,wayback-history,21_2008_to_present.pdf@20121109075822,False,
ZN,2012-02-03,1100.0,1485.0,False,,Spec,wayback-history,21_2008_to_present.pdf@20121109075822,False,
ZN,2013-07-02,1250.0,1375.0,False,,Spec,wayback-history,21_2008_to_present.pdf@20140826125957,False,
ZN,2013-07-10,1475.0,1622.5,False,,Spec,wayback-history,21_2008_to_present.pdf@20140826125957,False,
ZN,2014-04-09,1300.0,1430.0,False,,Spec,wayback-history+snapshot-wayback,21_2008_to_present.pdf@20140826125957,False,
ZN,2014-09-19,1200.0,1320.0,False,,Spec,wayback-history+snapshot-wayback,21_2008_to_present.pdf@20150528081416,False,
ZN,2015-01-20,1350.0,1485.0,False,,Spec,wayback-history+snapshot-wayback,21_2008_to_present.pdf@20150528081416,False,
ZN,2016-04-08,1250.0,1375.0,True,2016-04-07,Spec nan,advisory+snapshot-wayback,/notices/clearing/2016/04/Chadv16-153.html,False,
ZN,2016-06-27,1350.0,1485.0,True,2016-06-24,Spec nan,advisory+snapshot-wayback,/notices/clearing/2016/06/Chadv16-247.html,False,
ZN,2016-11-11,1450.0,1595.0,True,2016-11-10,Spec nan,advisory+snapshot-wayback,/notices/clearing/2016/11/Chadv16-480.html,False,
ZN,2017-05-12,1300.0,1430.0,True,2017-05-11,Spec nan,advisory+snapshot-wayback,/notices/clearing/2017/05/Chadv17-167.html,False,
ZN,2017-06-30,1150.0,1265.0,True,2017-06-29,Spec nan,advisory+snapshot-wayback,/notices/clearing/2017/06/Chadv17-251.html,False,
ZN,2017-10-20,1050.0,1155.0,True,2017-10-19,Spec nan,advisory+snapshot-wayback,/notices/clearing/2017/10/Chadv17-404.html,False,
ZN,2018-01-05,950.0,1045.0,True,2018-01-04,Spec nan,advisory,/notices/clearing/2018/01/Chadv18-006.html,False,
ZN,2018-04-02,900.0,990.0,True,2018-03-29,Spec nan,advisory,/notices/clearing/2018/03/Chadv18-134.html,False,
ZN,2018-05-31,1000.0,1100.0,True,2018-05-30,Spec nan,advisory,/notices/clearing/2018/05/Chadv18-213.html,False,
ZN,2018-06-05,1050.0,1155.0,True,2018-06-04,Spec nan,advisory,/notices/clearing/2018/06/Chadv18-223.html,False,
ZN,2019-01-08,1150.0,1265.0,True,2019-01-07,Spec nan,advisory,/notices/clearing/2019/01/Chadv19-010.html,False,
ZN,2019-05-03,1050.0,1155.0,True,2019-05-02,Spec nan,advisory,/notices/clearing/2019/05/Chadv19-145.html,False,
ZN,2019-07-12,1100.0,1210.0,True,2019-07-11,Spec nan,advisory+snapshot-wayback,/notices/clearing/2019/07/Chadv19-223.html,False,
ZN,2019-08-02,1200.0,1320.0,True,2019-08-01,Spec nan,advisory+snapshot-wayback,/notices/clearing/2019/08/19-246/Chadv19-249.html,False,
ZN,2019-08-08,1300.0,1430.0,True,2019-08-07,Spec nan,advisory+snapshot-wayback,/notices/clearing/2019/08/Chadv19-261.html,False,
ZN,2019-11-15,1150.0,1265.0,True,2019-11-14,Spec nan,advisory+snapshot-wayback,/notices/clearing/2019/11/Chadv19-382.html,False,
ZN,2020-03-03,1275.0,1403.0,True,2020-03-02,Spec nan,advisory+snapshot-wayback,/notices/clearing/2020/03/Chadv20-069.html,False,
ZN,2020-03-09,1375.0,1513.0,True,2020-03-06,Spec nan,advisory+snapshot-wayback,/notices/clearing/2020/03/Chadv20-082.html,False,
ZN,2020-03-11,1600.0,1760.0,True,2020-03-10,Spec nan,advisory+snapshot-wayback,/notices/clearing/2020/03/Chadv20-089.html,False,
ZN,2020-03-13,1700.0,1870.0,True,2020-03-12,Spec nan,advisory+snapshot-wayback,/notices/clearing/2020/03/Chadv20-096.html,False,
ZN,2020-03-19,1850.0,2035.0,True,2020-03-18,Spec nan,advisory+snapshot-wayback,/notices/clearing/2020/03/Chadv20-116.html,False,
ZN,2020-04-14,2000.0,2200.0,True,2020-04-13,Spec nan,advisory+snapshot-wayback,/notices/clearing/2020/04/Chadv20-154.html,False,
ZN,2020-05-26,1800.0,1980.0,True,2020-05-22,Spec nan,advisory+snapshot-wayback,/notices/clearing/2020/05/Chadv20-207.html,False,
ZN,2020-06-26,1700.0,1870.0,True,2020-06-25,Spec nan,advisory+snapshot-wayback,/notices/clearing/2020/06/Chadv20-251.html,False,
ZN,2020-07-21,1550.0,1705.0,True,2020-07-20,Spec nan,advisory+snapshot-wayback+snapshot-live,/notices/clearing/2020/07/Chadv20-281.html,False,
ZN,2020-11-20,1400.0,,False,,front-tier snapshot,snapshot-wayback+snapshot-live,21-2020-to-present.pdf@20250910111732,False,
ZN,2021-01-08,1250.0,,False,,front-tier snapshot,snapshot-wayback+snapshot-live,21-2020-to-present.pdf@20250910111732,False,
ZN,2021-02-26,1400.0,,False,,front-tier snapshot,snapshot-wayback+snapshot-live,21-2020-to-present.pdf@20250910111732,False,
ZN,2021-04-16,1525.0,,False,,front-tier snapshot,snapshot-wayback+snapshot-live,21-2020-to-present.pdf@20250910111732,False,
ZN,2021-09-10,1400.0,,False,,front-tier snapshot,snapshot-wayback+snapshot-live,21-2020-to-present.pdf@20250910111732,False,
ZN,2021-11-12,1500.0,,False,,front-tier snapshot,snapshot-wayback+snapshot-live,21-2020-to-present.pdf@20250910111732,False,
ZN,2022-02-15,1600.0,,False,,front-tier snapshot,snapshot-wayback+snapshot-live,21-2020-to-present.pdf@20250910111732,False,
ZN,2022-04-01,1700.0,,False,,front-tier snapshot,snapshot-wayback+snapshot-live,21-2020-to-present.pdf@20250910111732,False,
ZN,2022-06-21,1800.0,,False,,front-tier snapshot,snapshot-wayback+snapshot-live,21-2020-to-present.pdf@20250910111732,False,
ZN,2022-09-30,2000.0,,False,,front-tier snapshot,snapshot-wayback+snapshot-live,21-2020-to-present.pdf@20250910111732,False,
ZN,2022-11-14,2200.0,,False,,front-tier snapshot,snapshot-wayback+snapshot-live,21-2020-to-present.pdf@20250910111732,False,
ZN,2023-01-06,1950.0,,False,,front-tier snapshot,snapshot-wayback+snapshot-live,21-2020-to-present.pdf@20250910111732,False,
ZN,2023-03-14,2250.0,,False,,front-tier snapshot,snapshot-wayback+snapshot-live,21-2020-to-present.pdf@20250910111732,False,
ZN,2023-06-16,2100.0,,False,,front-tier snapshot,snapshot-wayback+snapshot-live,21-2020-to-present.pdf@20250910111732,False,
ZN,2023-07-21,2000.0,,False,,front-tier snapshot,snapshot-wayback+snapshot-live,21-2020-to-present.pdf@20250910111732,False,
ZN,2023-12-12,2125.0,,False,,front-tier snapshot,snapshot-wayback+snapshot-live,21-2020-to-present.pdf@20250910111732,False,
ZN,2024-06-21,2000.0,,False,,front-tier snapshot,snapshot-wayback+snapshot-live,21-2020-to-present.pdf@20250910111732,False,
ZN,2024-11-01,2200.0,,False,,front-tier snapshot,snapshot-wayback+snapshot-live,21-2020-to-present.pdf@20250910111732,False,
ZN,2024-11-14,2000.0,,False,,front-tier snapshot,snapshot-wayback+snapshot-live,21-2020-to-present.pdf@20250910111732,False,
ZN,2025-01-31,1875.0,,False,,front-tier snapshot,snapshot-wayback+snapshot-live,21-2020-to-present.pdf@20250910111732,False,
ZS,2003-11-24,1200.0,1620.0,False,,Spec,wayback-history,S_prior_to_2009.pdf@20121109080137,False,
ZS,2004-01-15,1500.0,2025.0,False,,Spec,wayback-history,S_prior_to_2009.pdf@20121109080137,False,
ZS,2004-04-07,1600.0,2160.0,False,,Spec,wayback-history,S_prior_to_2009.pdf@20121109080137,False,
ZS,2004-04-20,1900.0,2565.0,False,,Speculative - Old Crop,wayback-history,S_prior_to_2009.pdf@20121109080137,False,
ZS,2004-05-18,2300.0,3105.0,False,,Speculative - Old Crop,wayback-history,S_prior_to_2009.pdf@20121109080137,False,
ZS,2004-06-24,1800.0,2430.0,False,,Speculative - New Crop,wayback-history,S_prior_to_2009.pdf@20121109080137,False,
ZS,2004-07-30,1700.0,2295.0,False,,Speculative - New Crop,wayback-history,S_prior_to_2009.pdf@20121109080137,False,
ZS,2004-09-01,2200.0,2970.0,False,,Speculative - Old Crop,wayback-history,S_prior_to_2009.pdf@20121109080137,False,
ZS,2004-09-28,1450.0,1958.0,False,,Speculative - Old Crop,wayback-history,S_prior_to_2009.pdf@20121109080137,False,
ZS,2004-10-26,1350.0,1823.0,False,,Speculative - Old Crop,wayback-history,S_prior_to_2009.pdf@20121109080137,False,
ZS,2004-11-24,1200.0,1620.0,False,,Speculative - Old Crop,wayback-history,S_prior_to_2009.pdf@20121109080137,False,
ZS,2004-12-17,900.0,1215.0,False,,Speculative - Old Crop,wayback-history,S_prior_to_2009.pdf@20121109080137,False,
ZS,2005-02-24,1100.0,1485.0,False,,Speculative - Old Crop,wayback-history,S_prior_to_2009.pdf@20121109080137,False,
ZS,2005-03-04,1350.0,1823.0,False,,Speculative - Old Crop,wayback-history,S_prior_to_2009.pdf@20121109080137,False,
ZS,2005-07-06,1700.0,2295.0,False,,Speculative - Old Crop,wayback-history,S_prior_to_2009.pdf@20121109080137,False,
ZS,2005-08-05,1850.0,2498.0,False,,Speculative - Old Crop,wayback-history,S_prior_to_2009.pdf@20121109080137,False,
ZS,2005-09-29,800.0,1080.0,False,,Speculative - Old Crop,wayback-history,S_prior_to_2009.pdf@20121109080137,False,
ZS,2005-12-05,750.0,1013.0,False,,Speculative - Old Crop,wayback-history,S_prior_to_2009.pdf@20121109080137,False,
ZS,2006-01-11,850.0,1148.0,False,,Speculative - Old Crop,wayback-history,S_prior_to_2009.pdf@20121109080137,False,
ZS,2006-05-16,750.0,1013.0,False,,Speculative - Old Crop,wayback-history,S_prior_to_2009.pdf@20121109080137,False,
ZS,2006-12-19,800.0,1080.0,False,,Speculative - Old Crop,wayback-history,S_prior_to_2009.pdf@20121109080137,False,
ZS,2007-01-17,1000.0,1350.0,False,,Speculative - Old Crop,wayback-history,S_prior_to_2009.pdf@20121109080137,False,
ZS,2007-06-11,900.0,1215.0,False,,Speculative - Old Crop,wayback-history,S_prior_to_2009.pdf@20121109080137,False,
ZS,2007-07-02,1350.0,1823.0,False,,Speculative - Old Crop,wayback-history,S_prior_to_2009.pdf@20121109080137,False,
ZS,2007-07-17,1800.0,2430.0,False,,Speculative - Old Crop,wayback-history,S_prior_to_2009.pdf@20121109080137,False,
ZS,2007-09-20,2000.0,2700.0,False,,Speculative - Old Crop,wayback-history,S_prior_to_2009.pdf@20121109080137,False,
ZS,2008-01-28,2200.0,2970.0,False,,Spec All Months,wayback-history,S_2008_to_present.pdf@20140308200930,False,
ZS,2008-03-11,2500.0,3375.0,False,,Spec All Months,wayback-history,S_2008_to_present.pdf@20140308200930,False,
ZS,2008-03-27,3250.0,4387.5,False,,Spec All Months,wayback-history,S_2008_to_present.pdf@20140308200930,False,
ZS,2008-04-01,4000.0,5400.0,False,,Spec All Months,wayback-history,S_2008_to_present.pdf@20140308200930,False,
ZS,2008-04-22,3500.0,4725.0,False,,Spec All Months,wayback-history,S_2008_to_present.pdf@20140308200930,False,
ZS,2008-06-03,3000.0,4050.0,False,,Spec All Months,wayback-history,S_2008_to_present.pdf@20140308200930,False,
ZS,2008-06-12,3500.0,4725.0,False,,Spec All Months,wayback-history,S_2008_to_present.pdf@20140308200930,False,
ZS,2009-05-06,3000.0,4050.0,False,,Spec All Months,wayback-history+snapshot-wayback,S_2008_to_present.pdf@20140308200930,False,
ZS,2009-10-27,2750.0,3712.5,False,,Spec All Months,wayback-history+snapshot-wayback,S_2008_to_present.pdf@20140308200930,False,
ZS,2010-05-21,2250.0,3037.5,False,,Spec All Months,wayback-history+snapshot-wayback,S_2008_to_present.pdf@20140308200930,False,
ZS,2010-07-02,2000.0,2700.0,False,,Spec All Months,wayback-history+snapshot-wayback,S_2008_to_present.pdf@20140308200930,False,
ZS,2010-10-11,2500.0,3375.0,False,,Spec All Months,wayback-history+snapshot-wayback,S_2008_to_present.pdf@20140308200930,False,
ZS,2010-11-10,2750.0,3712.5,False,,Spec All Months,wayback-history+snapshot-wayback,S_2008_to_present.pdf@20140308200930,False,
ZS,2010-11-19,3250.0,4387.5,False,,Spec All Months,wayback-history+snapshot-wayback,S_2008_to_present.pdf@20140308200930,False,
ZS,2011-01-14,3500.0,4725.0,False,,Spec All Months,wayback-history+snapshot-wayback,S_2008_to_present.pdf@20140308200930,False,
ZS,2011-06-13,3250.0,4387.5,False,,Spec All Months,wayback-history+snapshot-wayback,S_2008_to_present.pdf@20140308200930,False,
ZS,2011-07-25,2750.0,3712.5,False,,Spec All Months,wayback-history+snapshot-wayback,S_2008_to_present.pdf@20140308200930,False,
ZS,2011-09-06,2500.0,3375.0,False,,Spec All Months,wayback-history+snapshot-wayback,S_2008_to_present.pdf@20140308200930,False,
ZS,2012-06-27,3000.0,4050.0,False,,Spec All Months,wayback-history+snapshot-wayback,S_2008_to_present.pdf@20140308200930,False,
ZS,2012-07-10,3750.0,5062.5,False,,Spec All Months,wayback-history+snapshot-wayback,S_2008_to_present.pdf@20140308200930,False,
ZS,2013-01-15,3400.0,4590.0,False,,Spec All Months,wayback-history+snapshot-wayback,S_2008_to_present.pdf@20140308200930,False,
ZS,2013-08-20,3000.0,4050.0,False,,Spec All Months,wayback-history+snapshot-wayback,S_2008_to_present.pdf@20140308200930,False,
ZS,2013-08-28,3500.0,4725.0,False,,Spec All Months,wayback-history+snapshot-wayback,S_2008_to_present.pdf@20140308200930,False,
ZS,2013-11-13,2900.0,3915.0,False,,Spec All Months,wayback-history+snapshot-wayback,S_2008_to_present.pdf@20140308200930,False,
ZS,2014-02-14,2500.0,2750.0,False,,Spec All Months,wayback-history+snapshot-wayback,S_2008_to_present.pdf@20140826124940,False,
ZS,2014-05-09,3000.0,3300.0,False,,Spec All Months,wayback-history+snapshot-wayback,S_2008_to_present.pdf@20140826124940,False,
ZS,2014-09-18,2500.0,2750.0,False,,Spec All Months,wayback-history+snapshot-wayback,S_2008_to_present.pdf@20150528075951,False,
ZS,2015-01-09,2250.0,2475.0,False,,Spec All Months,wayback-history+snapshot-wayback,S_2008_to_present.pdf@20150528075951,False,
ZS,2015-02-20,2000.0,2200.0,False,,Spec All Months,wayback-history+snapshot-wayback,S_2008_to_present.pdf@20150528075951,False,
ZS,2015-07-01,2300.0,,False,,front-tier snapshot,snapshot-wayback,S_2014_to_present.pdf@20171129083126,False,
ZS,2015-08-28,2600.0,,False,,front-tier snapshot,snapshot-wayback,S_2014_to_present.pdf@20171129083126,False,
ZS,2016-01-08,2100.0,2310.0,True,2016-01-07,Spec All Months,advisory+snapshot-wayback,/tools-information/lookups/advisories/clearing/Chadv16-010.html,False,
ZS,2016-02-19,1800.0,1980.0,True,2016-02-18,Spec All Months,advisory+snapshot-wayback,/tools-information/lookups/advisories/clearing/Chadv16-081.html,False,
ZS,2016-03-10,1500.0,1650.0,True,2016-03-09,Spec All Months,advisory+snapshot-wayback,/tools-information/lookups/advisories/clearing/Chadv16-107.html,False,
ZS,2016-04-22,1750.0,1925.0,True,2016-04-21,Spec All Months,advisory+snapshot-wayback,/notices/clearing/2016/04/Chadv16-177.html,False,
ZS,2016-04-29,2000.0,2200.0,True,2016-04-28,Spec All Months,advisory+snapshot-wayback,/notices/clearing/2016/04/Chadv16-185.html,False,
ZS,2016-05-11,2300.0,,False,,front-tier snapshot,snapshot-wayback,S_2014_to_present.pdf@20171129083126,False,
ZS,2016-06-03,2600.0,,False,,front-tier snapshot,snapshot-wayback,S_2014_to_present.pdf@20171129083126,False,
ZS,2016-07-01,2900.0,,False,,front-tier snapshot,snapshot-wayback,S_2014_to_present.pdf@20171129083126,False,
ZS,2016-07-08,3100.0,,False,,front-tier snapshot,snapshot-wayback,S_2014_to_present.pdf@20171129083126,False,
ZS,2016-09-22,2700.0,2970.0,True,2016-09-21,Spec Month 1,advisory+snapshot-wayback,/notices/clearing/2016/09/Chadv16-382.html,False,
ZS,2016-10-07,2400.0,,False,,front-tier snapshot,snapshot-wayback,S_2014_to_present.pdf@20171129083126,False,
ZS,2017-01-20,2100.0,nan,True,2017-01-19,Spec Period 1 (2017-03-01),advisory+snapshot-wayback,/notices/clearing/2017/01/Chadv17-034.html,False,
ZS,2017-02-01,2100.0,nan,True,2017-01-31,Spec Period 1 (2017-03-01),advisory,/notices/clearing/2017/01/Chadv17-047.html,False,
ZS,2017-04-17,2100.0,nan,True,2017-04-13,Spec Period 1 (2017-05-01),advisory,/notices/clearing/2017/04/Chadv17-138.html,False,
ZS,2017-05-31,2100.0,nan,True,2017-05-30,Spec Period 1 (2017-07-01),advisory,/notices/clearing/2017/05/Chadv17-193.html,False,
ZS,2017-07-28,2100.0,nan,True,2017-07-27,Spec Period 1 (2017-08-01),advisory,/notices/clearing/2017/07/Chadv17-290.html,False,
ZS,2017-08-18,1900.0,nan,True,2017-08-17,Spec Period 1 (2017-09-01),advisory+snapshot-wayback,/notices/clearing/2017/08/Chadv17-319.html,False,
ZS,2017-09-29,1900.0,nan,True,2017-09-27,Spec Period 1 (2017-11-01),advisory,/notices/clearing/2017/09/Chadv17-376.html,False,
ZS,2017-12-06,1650.0,nan,True,2017-12-05,Spec Period 1 (2018-01-01),advisory,/notices/clearing/2017/12/Chadv17-473.html,False,
ZS,2017-12-15,1450.0,nan,True,2017-12-14,Spec Period 1 (2018-01-01),advisory,/notices/clearing/2017/12/Chadv17-486.html,False,
ZS,2018-01-12,1300.0,nan,True,2018-01-11,Spec Period 1 (2018-01-01),advisory,/notices/clearing/2018/01/Chadv18-019.html,False,
ZS,2018-01-19,1300.0,nan,True,2018-01-18,Spec Period 1 (2018-03-01),advisory,/notices/clearing/2018/01/Chadv18-028.html,False,
ZS,2018-03-14,1400.0,nan,True,2018-03-13,Spec Period 1 (2018-03-01),advisory,/notices/clearing/2018/03/Chadv18-109.html,False,
ZS,2018-03-21,1550.0,nan,True,2018-03-20,Spec Period 1 (2018-05-01),advisory,/notices/clearing/2018/03/Chadv18-120.html,False,
ZS,2018-04-04,1850.0,nan,True,2018-04-03,Spec Period 1 (2018-05-01),advisory,/notices/clearing/2018/04/Chadv18-140.html,False,
ZS,2018-06-01,1850.0,nan,True,2018-05-31,Spec Period 1 (2018-07-01),advisory,/notices/clearing/2018/05/Chadv18-220.html,False,
ZS,2018-07-11,2050.0,nan,True,2018-07-10,Spec Period 1 (2018-07-01),advisory,/notices/clearing/2018/07/Chadv18-281.html,False,
ZS,2018-08-14,2350.0,nan,True,2018-08-13,Spec Period 1 (2018-08-01),advisory,/notices/clearing/2018/08/Chadv18-321.html,False,
ZS,2018-10-10,2050.0,nan,True,2018-10-09,Spec Period 1 (2018-11-01),advisory,/notices/clearing/2018/10/Chadv18-405.html,False,
ZS,2019-01-11,1750.0,nan,True,2019-01-10,Spec Period 1 (2019-01-01),advisory,/notices/clearing/2019/01/Chadv19-014.html,False,
ZS,2019-05-10,1870.0,nan,True,2019-05-09,Spec Period 1 (2019-05-01),advisory,/notices/clearing/2019/05/Chadv19-148.html,False,
ZS,2019-06-06,1990.0,nan,True,2019-06-05,Spec Period 1 (2019-07-01),advisory,/notices/clearing/2019/06/Chadv19-176.html,False,
ZS,2019-10-04,1690.0,nan,True,2019-10-03,Spec Period 1 (2019-11-01),advisory,/notices/clearing/2019/10/Chadv19-327.html,False,
ZS,2019-12-11,1500.0,nan,True,2019-12-10,Spec Period 1 (2020-01-01),advisory,/notices/clearing/2019/12/Chadv19-408.html,False,
ZS,2019-12-19,1500.0,nan,True,2019-12-18,Spec Period 1 (2020-01-01),advisory,/notices/clearing/2019/12/Chadv19-414.html,False,
ZS,2020-01-29,1500.0,nan,True,2020-01-28,Spec Period 1 (2020-03-01),advisory,/notices/clearing/2020/01/Chadv20-033.html,False,
ZS,2020-03-25,1650.0,nan,True,2020-03-24,Spec Period 1 (2020-05-01),advisory,/notices/clearing/2020/03/Chadv20-127.html,False,
ZS,2020-03-27,1650.0,nan,True,2020-03-26,Spec Period 1 (2020-05-01),advisory,/notices/clearing/2020/03/Chadv20-132.html,False,
ZS,2020-05-26,1500.0,nan,True,2020-05-22,Spec Period 1 (2020-07-01),advisory,/notices/clearing/2020/05/Chadv20-203.html,False,
ZS,2020-06-24,1500.0,,False,,front-tier snapshot,snapshot-wayback,S-2020-to-present.pdf@20250910112322,False,
ZS,2020-07-10,1500.0,nan,True,2020-07-09,Spec Period 1 (2020-07-01),advisory,/notices/clearing/2020/07/Chadv20-266.html,False,
ZS,2020-07-24,1500.0,nan,True,2020-07-23,Spec Period 1 (2020-08-01),advisory,/notices/clearing/2020/07/Chadv20-289.html,False,
ZS,2020-09-22,1650.0,,False,,front-tier snapshot,snapshot-wayback+snapshot-live,S-2020-to-present.pdf@20260728070947,False,
ZS,2020-10-07,1800.0,,False,,front-tier snapshot,snapshot-wayback+snapshot-live,S-2020-to-present.pdf@20260728070947,False,
ZS,2020-11-20,1900.0,,False,,front-tier snapshot,snapshot-wayback+snapshot-live,S-2020-to-present.pdf@20260728070947,False,
ZS,2020-12-29,2200.0,,False,,front-tier snapshot,snapshot-wayback+snapshot-live,S-2020-to-present.pdf@20260728070947,False,
ZS,2021-01-04,2400.0,,False,,front-tier snapshot,snapshot-wayback+snapshot-live,S-2020-to-present.pdf@20260728070947,False,
ZS,2021-01-06,2750.0,,False,,front-tier snapshot,snapshot-wayback+snapshot-live,S-2020-to-present.pdf@20260728070947,False,
ZS,2021-01-20,2950.0,,False,,front-tier snapshot,snapshot-wayback+snapshot-live,S-2020-to-present.pdf@20260728070947,False,
ZS,2021-01-26,3000.0,,False,,front-tier snapshot,snapshot-wayback+snapshot-live,S-2020-to-present.pdf@20260728070947,False,
ZS,2021-04-05,3350.0,,False,,front-tier snapshot,snapshot-wayback+snapshot-live,S-2020-to-present.pdf@20260728070947,False,
ZS,2021-04-23,3825.0,,False,,front-tier snapshot,snapshot-wayback+snapshot-live,S-2020-to-present.pdf@20260728070947,False,
ZS,2021-04-30,4100.0,,False,,front-tier snapshot,snapshot-wayback+snapshot-live,S-2020-to-present.pdf@20260728070947,False,
ZS,2021-06-18,4500.0,,False,,front-tier snapshot,snapshot-wayback+snapshot-live,S-2020-to-present.pdf@20260728070947,False,
ZS,2021-07-01,5000.0,,False,,front-tier snapshot,snapshot-wayback+snapshot-live,S-2020-to-present.pdf@20260728070947,False,
ZS,2021-09-17,4500.0,,False,,front-tier snapshot,snapshot-wayback+snapshot-live,S-2020-to-present.pdf@20260728070947,False,
ZS,2021-10-01,4050.0,,False,,front-tier snapshot,snapshot-wayback+snapshot-live,S-2020-to-present.pdf@20260728070947,False,
ZS,2021-10-06,3600.0,,False,,front-tier snapshot,snapshot-wayback+snapshot-live,S-2020-to-present.pdf@20260728070947,False,
ZS,2021-10-20,3100.0,,False,,front-tier snapshot,snapshot-wayback+snapshot-live,S-2020-to-present.pdf@20260728070947,False,
ZS,2021-11-03,2650.0,,False,,front-tier snapshot,snapshot-wayback+snapshot-live,S-2020-to-present.pdf@20260728070947,False,
ZS,2022-02-03,3050.0,,False,,front-tier snapshot,snapshot-wayback+snapshot-live,S-2020-to-present.pdf@20260728070947,False,
ZS,2022-02-17,3300.0,,False,,front-tier snapshot,snapshot-wayback+snapshot-live,S-2020-to-present.pdf@20260728070947,False,
ZS,2022-02-28,3600.0,,False,,front-tier snapshot,snapshot-wayback+snapshot-live,S-2020-to-present.pdf@20260728070947,False,
ZS,2022-03-02,3800.0,,False,,front-tier snapshot,snapshot-wayback+snapshot-live,S-2020-to-present.pdf@20260728070947,False,
ZS,2022-03-09,4200.0,,False,,front-tier snapshot,snapshot-wayback+snapshot-live,S-2020-to-present.pdf@20260728070947,False,
ZS,2022-03-25,4600.0,,False,,front-tier snapshot,snapshot-wayback+snapshot-live,S-2020-to-present.pdf@20260728070947,False,
ZS,2022-05-02,4000.0,,False,,front-tier snapshot,snapshot-wayback+snapshot-live,S-2020-to-present.pdf@20260728070947,False,
ZS,2022-07-15,4400.0,,False,,front-tier snapshot,snapshot-wayback+snapshot-live,S-2020-to-present.pdf@20260728070947,False,
ZS,2022-11-04,4000.0,,False,,front-tier snapshot,snapshot-wayback+snapshot-live,S-2020-to-present.pdf@20260728070947,False,
ZS,2022-12-09,3600.0,,False,,front-tier snapshot,snapshot-wayback+snapshot-live,S-2020-to-present.pdf@20260728070947,False,
ZS,2023-01-11,3300.0,,False,,front-tier snapshot,snapshot-wayback+snapshot-live,S-2020-to-present.pdf@20260728070947,False,
ZS,2023-01-13,3600.0,,False,,front-tier snapshot,snapshot-wayback+snapshot-live,S-2020-to-present.pdf@20260728070947,False,
ZS,2023-02-16,3300.0,,False,,front-tier snapshot,snapshot-wayback+snapshot-live,S-2020-to-present.pdf@20260728070947,False,
ZS,2023-03-23,3100.0,,False,,front-tier snapshot,snapshot-wayback+snapshot-live,S-2020-to-present.pdf@20260728070947,False,
ZS,2023-04-21,2800.0,,False,,front-tier snapshot,snapshot-wayback+snapshot-live,S-2020-to-present.pdf@20260728070947,False,
ZS,2023-05-25,2600.0,,False,,front-tier snapshot,snapshot-wayback+snapshot-live,S-2020-to-present.pdf@20260728070947,False,
ZS,2023-06-21,2850.0,,False,,front-tier snapshot,snapshot-wayback+snapshot-live,S-2020-to-present.pdf@20260728070947,False,
ZS,2023-06-23,3275.0,,False,,front-tier snapshot,snapshot-wayback+snapshot-live,S-2020-to-present.pdf@20260728070947,False,
ZS,2023-06-29,3600.0,,False,,front-tier snapshot,snapshot-wayback+snapshot-live,S-2020-to-present.pdf@20260728070947,False,
ZS,2023-07-03,4200.0,,False,,front-tier snapshot,snapshot-wayback+snapshot-live,S-2020-to-present.pdf@20260728070947,False,
ZS,2023-09-21,3700.0,,False,,front-tier snapshot,snapshot-wayback+snapshot-live,S-2020-to-present.pdf@20260728070947,False,
ZS,2023-09-29,3300.0,,False,,front-tier snapshot,snapshot-wayback+snapshot-live,S-2020-to-present.pdf@20260728070947,False,
ZS,2023-11-30,3000.0,,False,,front-tier snapshot,snapshot-wayback+snapshot-live,S-2020-to-present.pdf@20260728070947,False,
ZS,2024-01-10,2700.0,,False,,front-tier snapshot,snapshot-wayback+snapshot-live,S-2020-to-present.pdf@20260728070947,False,
ZS,2024-02-09,2400.0,,False,,front-tier snapshot,snapshot-wayback+snapshot-live,S-2020-to-present.pdf@20260728070947,False,
ZS,2024-08-02,2200.0,,False,,front-tier snapshot,snapshot-wayback+snapshot-live,S-2020-to-present.pdf@20260728070947,False,
ZS,2024-10-22,2000.0,,False,,front-tier snapshot,snapshot-wayback+snapshot-live,S-2020-to-present.pdf@20260728070947,False,
ZS,2025-04-08,2150.0,,False,,front-tier snapshot,snapshot-wayback+snapshot-live,S-2020-to-present.pdf@20260728070947,False,
ZS,2025-08-01,2000.0,,False,,front-tier snapshot,snapshot-wayback+snapshot-live,S-2020-to-present.pdf@20260728070947,False,
ZS,2026-05-20,2200.0,,False,,front-tier snapshot,snapshot-wayback+snapshot-live,S-2020-to-present.pdf@20260728070947,False,
