product,effective_date,notice_date,initial_margin,maintenance_margin,source_file,prev_maintenance_margin,prev_business_date,margin_short,prev_margin_short,pct_change,direction,tier_code,n_tiers_changed,n_tiers_total,frac_tiers_shift_match,likely_roll_shift,methodology_transition,is_series_start
6E,2020-06-30,,,2275.0,EC-2020-to-present.pdf,,,,,,series_start,EC-1,,23,,,False,True
6E,2020-08-28,,,2500.0,EC-2020-to-present.pdf,2275.0,2020-08-27,,,0.098901098901099,increase,EC-1,23,23,0.0,False,False,False
6E,2020-10-09,,,2900.0,EC-2020-to-present.pdf,2500.0,2020-10-08,,,0.15999999999999992,increase,EC-1,23,23,0.0,False,False,False
6E,2020-11-13,,,2600.0,EC-2020-to-present.pdf,2900.0,2020-11-12,,,-0.10344827586206895,decrease,EC-1,23,23,0.0,False,False,False
6E,2020-12-01,,,2300.0,EC-2020-to-present.pdf,2600.0,2020-11-30,,,-0.11538461538461542,decrease,EC-1,23,23,0.0,False,False,False
6E,2021-01-14,,,2000.0,EC-2020-to-present.pdf,2300.0,2021-01-13,,,-0.13043478260869568,decrease,EC-1,23,23,0.0,False,False,False
6E,2021-04-16,,,2200.0,EC-2020-to-present.pdf,2000.0,2021-04-15,,,0.10000000000000009,increase,EC-1,23,23,0.0,False,False,False
6E,2022-02-25,,,2400.0,EC-2020-to-present.pdf,2200.0,2022-02-24,,,0.09090909090909083,increase,EC-1,23,23,0.0,False,False,False
6E,2022-07-15,,,2650.0,EC-2020-to-present.pdf,2400.0,2022-07-14,,,0.10416666666666674,increase,EC-1,23,23,0.0,False,False,False
6E,2023-06-16,,,2400.0,EC-2020-to-present.pdf,2650.0,2023-06-15,,,-0.09433962264150941,decrease,EC-1,22,22,0.0,False,False,False
6E,2023-11-03,,,2100.0,EC-2020-to-present.pdf,2400.0,2023-11-02,,,-0.125,decrease,EC-1,23,23,0.0,False,False,False
6E,2024-10-04,,,2400.0,EC-2020-to-present.pdf,2100.0,2024-10-03,,,0.1428571428571428,increase,EC-1,23,23,0.0,False,False,False
6E,2024-10-18,,,2800.0,EC-2020-to-present.pdf,2400.0,2024-10-17,,,0.16666666666666674,increase,EC-1,23,23,0.0,False,False,False
6E,2024-11-14,,,2300.0,EC-2020-to-present.pdf,2800.0,2024-11-13,,,-0.1785714285714286,decrease,EC-1,23,23,0.0,False,False,False
6E,2025-02-07,,,2600.0,EC-2020-to-present.pdf,2300.0,2025-02-06,,,0.13043478260869557,increase,EC-1,23,23,0.0,False,False,False
6E,2025-04-04,,,2900.0,EC-2020-to-present.pdf,2600.0,2025-04-03,,,0.11538461538461542,increase,EC-1,23,23,0.0,False,False,False
6E,2025-04-11,,,3400.0,EC-2020-to-present.pdf,2900.0,2025-04-10,,,0.17241379310344818,increase,EC-1,23,23,0.0,False,False,False
6E,2025-08-08,,,2900.0,EC-2020-to-present.pdf,3400.0,2025-08-07,,,-0.1470588235294118,decrease,EC-1,23,23,0.0,False,False,False
6E,2025-10-03,,,2700.0,EC-2020-to-present.pdf,2900.0,2025-10-02,,,-0.06896551724137934,decrease,EC-1,23,23,0.0,False,False,False
6E,2026-05-01,,,2400.0,EC-2020-to-present.pdf,2700.0,2026-04-30,,,-0.11111111111111116,decrease,EC-1,23,23,0.0,False,False,False
6J,2020-06-30,,,3600.0,JY-2020-to-present.pdf,,,,,,series_start,JY-1,,23,,,False,True
6J,2020-10-09,,,4000.0,JY-2020-to-present.pdf,3600.0,2020-10-08,,,0.11111111111111116,increase,JY-1,23,23,0.0,False,False,False
6J,2020-11-13,,,3600.0,JY-2020-to-present.pdf,4000.0,2020-11-12,,,-0.09999999999999998,decrease,JY-1,23,23,0.0,False,False,False
6J,2020-12-01,,,3000.0,JY-2020-to-present.pdf,3600.0,2020-11-30,,,-0.16666666666666663,decrease,JY-1,23,23,0.0,False,False,False
6J,2021-01-14,,,2500.0,JY-2020-to-present.pdf,3000.0,2021-01-13,,,-0.16666666666666663,decrease,JY-1,23,23,0.0,False,False,False
6J,2021-04-30,,,2250.0,JY-2020-to-present.pdf,2500.0,2021-04-29,,,-0.09999999999999998,decrease,JY-1,23,23,0.0,False,False,False
6J,2021-06-04,,,2050.0,JY-2020-to-present.pdf,2250.0,2021-06-03,,,-0.0888888888888889,decrease,JY-1,23,23,0.0,False,False,False
6J,2021-09-17,,,1900.0,JY-2020-to-present.pdf,2050.0,2021-09-16,,,-0.07317073170731703,decrease,JY-1,23,23,0.0,False,False,False
6J,2021-11-30,,,2280.0,JY-2020-to-present.pdf,1900.0,2021-11-29,,,0.19999999999999996,increase,JY-1,23,23,0.0,False,False,False
6J,2021-12-17,,,2500.0,JY-2020-to-present.pdf,2280.0,2021-12-16,,,0.09649122807017552,increase,JY-1,23,23,0.0,False,False,False
6J,2022-06-21,,,2750.0,JY-2020-to-present.pdf,2500.0,2022-06-20,,,0.10000000000000009,increase,JY-1,23,23,0.0,False,False,False
6J,2022-11-14,,,3100.0,JY-2020-to-present.pdf,2750.0,2022-11-11,,,0.1272727272727272,increase,JY-1,22,22,0.0,False,False,False
6J,2022-12-22,,,3720.0,JY-2020-to-present.pdf,3100.0,2022-12-21,,,0.19999999999999996,increase,JY-1,23,23,0.0,False,False,False
6J,2023-06-16,,,3300.0,JY-2020-to-present.pdf,3720.0,2023-06-15,,,-0.11290322580645162,decrease,JY-1,22,22,0.0,False,False,False
6J,2023-09-22,,,3000.0,JY-2020-to-present.pdf,3300.0,2023-09-21,,,-0.09090909090909094,decrease,JY-1,23,23,0.0,False,False,False
6J,2023-11-03,,,2600.0,JY-2020-to-present.pdf,3000.0,2023-11-02,,,-0.1333333333333333,decrease,JY-1,23,23,0.0,False,False,False
6J,2024-06-11,,,2800.0,JY-2020-to-present.pdf,2600.0,2024-06-10,,,0.07692307692307687,increase,JY-1,23,23,0.0,False,False,False
6J,2024-08-09,,,3200.0,JY-2020-to-present.pdf,2800.0,2024-08-08,,,0.1428571428571428,increase,JY-1,23,23,0.0,False,False,False
6J,2024-10-04,,,3600.0,JY-2020-to-present.pdf,3200.0,2024-10-03,,,0.125,increase,JY-1,23,23,0.0,False,False,False
6J,2024-11-14,,,2900.0,JY-2020-to-present.pdf,3600.0,2024-11-13,,,-0.19444444444444442,decrease,JY-1,23,23,0.0,False,False,False
6J,2025-03-07,,,3300.0,JY-2020-to-present.pdf,2900.0,2025-03-06,,,0.13793103448275867,increase,JY-1,23,23,0.0,False,False,False
6J,2025-04-07,,,3800.0,JY-2020-to-present.pdf,3300.0,2025-04-04,,,0.1515151515151516,increase,JY-1,23,23,0.0,False,False,False
6J,2025-08-08,,,3100.0,JY-2020-to-present.pdf,3800.0,2025-08-07,,,-0.1842105263157895,decrease,JY-1,23,23,0.0,False,False,False
6J,2025-10-03,,,2800.0,JY-2020-to-present.pdf,3100.0,2025-10-02,,,-0.09677419354838712,decrease,JY-1,23,23,0.0,False,False,False
6J,2026-05-01,,,2600.0,JY-2020-to-present.pdf,2800.0,2026-04-30,,,-0.0714285714285714,decrease,JY-1,23,23,0.0,False,False,False
CL,2020-06-30,,,7800.0,CL-2020-to-2023-10-19.pdf,,,,,,series_start,CL-1,,127,,,False,True
CL,2020-07-07,,,6800.0,CL-2020-to-2023-10-19.pdf,7800.0,2020-07-06,,,-0.1282051282051282,decrease,CL-1,127,127,0.0,False,False,False
CL,2020-07-24,,,6200.0,CL-2020-to-2023-10-19.pdf,6800.0,2020-07-23,,,-0.08823529411764708,decrease,CL-1,126,126,0.024,False,False,False
CL,2020-09-16,,,5500.0,CL-2020-to-2023-10-19.pdf,6200.0,2020-09-15,,,-0.11290322580645162,decrease,CL-1,125,125,0.0,False,False,False
CL,2020-10-07,,,5100.0,CL-2020-to-2023-10-19.pdf,5500.0,2020-10-06,,,-0.07272727272727275,decrease,CL-1,124,124,0.057,False,False,False
CL,2020-11-06,,,4750.0,CL-2020-to-2023-10-19.pdf,5100.0,2020-11-05,,,-0.06862745098039214,decrease,CL-1,9,123,0.762,False,False,False
CL,2021-01-06,,,4525.0,CL-2020-to-2023-10-19.pdf,4750.0,2021-01-05,,,-0.047368421052631615,decrease,CL-1,1,133,0.735,False,False,False
CL,2021-03-22,,,5100.0,CL-2020-to-2023-10-19.pdf,4525.0,2021-03-19,,,0.1270718232044199,increase,CL-1,131,131,0.0,False,False,False
CL,2021-04-23,,,5300.0,CL-2020-to-2023-10-19.pdf,5100.0,2021-04-22,,,0.03921568627450989,increase,CL-1,30,129,0.766,False,False,False
CL,2021-07-21,,,5450.0,CL-2020-to-2023-10-19.pdf,5300.0,2021-07-20,,,0.028301886792452935,increase,CL-1,126,126,0.0,False,False,False
CL,2021-08-20,,,5300.0,CL-2020-to-2023-10-19.pdf,5450.0,2021-08-19,,,-0.02752293577981646,decrease,CL-1,125,126,0.04,False,False,False
CL,2021-08-27,,,5100.0,CL-2020-to-2023-10-19.pdf,5300.0,2021-08-26,,,-0.037735849056603765,decrease,CL-1,125,125,0.008,False,False,False
CL,2021-11-30,,,5850.0,CL-2020-to-2023-10-19.pdf,5100.0,2021-11-29,,,0.1470588235294117,increase,CL-1,134,134,0.0,False,False,False
CL,2022-01-20,,,6150.0,CL-2020-to-2023-10-19.pdf,5850.0,2022-01-19,,,0.05128205128205132,increase,CL-1,133,133,0.0,False,False,False
CL,2022-02-07,,,6800.0,CL-2020-to-2023-10-19.pdf,6150.0,2022-02-04,,,0.10569105691056913,increase,CL-1,132,132,0.0,False,False,False
CL,2022-02-23,,,7600.0,CL-2020-to-2023-10-19.pdf,6800.0,2022-02-22,,,0.11764705882352944,increase,CL-1,46,131,0.908,True,False,False
CL,2022-02-28,,,8000.0,CL-2020-to-2023-10-19.pdf,7600.0,2022-02-25,,,0.05263157894736836,increase,CL-1,45,131,0.662,True,False,False
CL,2022-03-02,,,9000.0,CL-2020-to-2023-10-19.pdf,8000.0,2022-03-01,,,0.125,increase,CL-1,5,131,0.692,False,False,False
CL,2022-03-04,,,10500.0,CL-2020-to-2023-10-19.pdf,9000.0,2022-03-03,,,0.16666666666666674,increase,CL-1,8,131,0.692,False,False,False
CL,2022-03-07,,,12000.0,CL-2020-to-2023-10-19.pdf,10500.0,2022-03-04,,,0.1428571428571428,increase,CL-1,131,131,0.0,False,False,False
CL,2022-03-25,,,10750.0,CL-2020-to-2023-10-19.pdf,12000.0,2022-03-24,,,-0.10416666666666663,decrease,CL-1,13,130,0.705,False,False,False
CL,2022-04-06,,,9500.0,CL-2020-to-2023-10-19.pdf,10750.0,2022-04-05,,,-0.11627906976744184,decrease,CL-1,5,130,0.713,False,False,False
CL,2022-04-12,,,8750.0,CL-2020-to-2023-10-19.pdf,9500.0,2022-04-11,,,-0.07894736842105265,decrease,CL-1,7,130,0.713,False,False,False
CL,2022-06-02,,,8350.0,CL-2020-to-2023-10-19.pdf,8750.0,2022-06-01,,,-0.04571428571428571,decrease,CL-1,128,128,0.11,False,False,False
CL,2022-07-08,,,8600.0,CL-2020-to-2023-10-19.pdf,8350.0,2022-07-07,,,0.029940119760478945,increase,CL-1,30,127,0.698,False,False,False
CL,2022-09-20,,,8450.0,CL-2020-to-2023-10-19.pdf,8600.0,2022-09-19,,,-0.01744186046511631,decrease,CL-1,125,125,0.024,False,False,False
CL,2022-10-07,,,7500.0,CL-2020-to-2023-10-19.pdf,8450.0,2022-10-06,,,-0.1124260355029586,decrease,CL-1,24,124,0.691,False,False,False
CL,2022-12-07,,,7000.0,CL-2020-to-2023-10-19.pdf,7500.0,2022-12-06,,,-0.06666666666666665,decrease,CL-1,134,134,0.083,False,False,False
CL,2023-02-10,,,6600.0,CL-2020-to-2023-10-19.pdf,7000.0,2023-02-09,,,-0.05714285714285716,decrease,CL-1,39,132,0.679,False,False,False
CL,2023-03-17,,,6000.0,CL-2020-to-2023-10-19.pdf,6600.0,2023-03-16,,,-0.09090909090909094,decrease,CL-1,25,131,0.708,False,False,False
CL,2023-03-24,,,5800.0,CL-2020-to-2023-10-19.pdf,6000.0,2023-03-23,,,-0.033333333333333326,decrease,CL-1,130,130,0.023,False,False,False
CL,2023-08-11,,,6200.0,CL-2020-to-2023-10-19.pdf,5800.0,2023-08-10,,,0.06896551724137923,increase,CL-1,108,126,0.0,False,False,False
CL,2023-08-18,,,6600.0,CL-2020-to-2023-10-19.pdf,6200.0,2023-08-17,,,0.06451612903225801,increase,CL-1,126,126,0.0,False,False,False
CL,2023-10-20,,,6887.0,CL-2023-to-present.pdf,6600.0,2023-10-19,6545.0,,0.04348484848484846,increase,CL-1,124,124,0.0,False,True,False
CL,2023-10-23,,,6620.0,CL-2023-to-present.pdf,6887.0,2023-10-20,6197.0,6545.0,-0.03876869464207933,decrease,CL-1,120,120,0.017,False,False,False
CL,2023-10-24,,,6471.0,CL-2023-to-present.pdf,6620.0,2023-10-23,6066.0,6197.0,-0.022507552870090652,decrease,CL-1,119,120,0.025,False,False,False
CL,2023-10-25,,,6593.0,CL-2023-to-present.pdf,6471.0,2023-10-24,6187.0,6066.0,0.01885334569618302,increase,CL-1,117,120,0.0,False,False,False
CL,2023-10-26,,,6382.0,CL-2023-to-present.pdf,6593.0,2023-10-25,5992.0,6187.0,-0.032003640224480545,decrease,CL-1,119,120,0.017,False,False,False
CL,2023-10-27,,,6625.0,CL-2023-to-present.pdf,6382.0,2023-10-26,6236.0,5992.0,0.03807583829520533,increase,CL-1,119,120,0.017,False,False,False
CL,2023-10-30,,,6414.0,CL-2023-to-present.pdf,6625.0,2023-10-27,5979.0,6236.0,-0.03184905660377357,decrease,CL-1,120,120,0.017,False,False,False
CL,2023-10-31,,,6300.0,CL-2023-to-present.pdf,6414.0,2023-10-30,5925.0,5979.0,-0.017773620205799867,decrease,CL-1,119,120,0.0,False,False,False
CL,2023-11-01,,,6279.0,CL-2023-to-present.pdf,6300.0,2023-10-31,5902.0,5925.0,-0.0033333333333332993,decrease,CL-1,114,120,0.067,False,False,False
CL,2023-11-02,,,6405.0,CL-2023-to-present.pdf,6279.0,2023-11-01,6018.0,5902.0,0.02006688963210701,increase,CL-1,112,120,0.076,False,False,False
CL,2023-11-03,,,6297.0,CL-2023-to-present.pdf,6405.0,2023-11-02,5907.0,6018.0,-0.016861826697892268,decrease,CL-1,115,120,0.017,False,False,False
CL,2023-11-06,,,6312.0,CL-2023-to-present.pdf,6297.0,2023-11-03,5897.0,5907.0,0.0023820867079562547,increase,CL-1,113,120,0.042,False,False,False
CL,2023-11-07,,,6231.0,CL-2023-to-present.pdf,6312.0,2023-11-06,5830.0,5897.0,-0.012832699619771848,decrease,CL-1,118,120,0.0,False,False,False
CL,2023-11-08,,,6201.0,CL-2023-to-present.pdf,6231.0,2023-11-07,5723.0,5830.0,-0.004814636494944624,decrease,CL-1,117,120,0.059,False,False,False
CL,2023-11-09,,,6200.0,CL-2023-to-present.pdf,6201.0,2023-11-08,5801.0,5723.0,-0.00016126431220775395,decrease,CL-1,119,120,0.034,False,False,False
CL,2023-11-10,,,6244.0,CL-2023-to-present.pdf,6200.0,2023-11-09,5859.0,5801.0,0.007096774193548372,increase,CL-1,120,120,0.0,False,False,False
CL,2023-11-13,,,6284.0,CL-2023-to-present.pdf,6244.0,2023-11-10,5864.0,5859.0,0.006406149903907643,increase,CL-1,120,120,0.017,False,False,False
CL,2023-11-14,,,6286.0,CL-2023-to-present.pdf,6284.0,2023-11-13,5908.0,5864.0,0.0003182686187142014,increase,CL-1,120,120,0.0,False,False,False
CL,2023-11-15,,,6236.0,CL-2023-to-present.pdf,6286.0,2023-11-14,5890.0,5908.0,-0.00795418390073177,decrease,CL-1,120,120,0.025,False,False,False
CL,2023-11-16,,,6152.0,CL-2023-to-present.pdf,6236.0,2023-11-15,5731.0,5890.0,-0.01347017318794097,decrease,CL-1,116,120,0.017,False,False,False
CL,2023-11-17,,,6281.0,CL-2023-to-present.pdf,6152.0,2023-11-16,5868.0,5731.0,0.020968790637191148,increase,CL-1,120,120,0.0,False,False,False
CL,2023-11-20,,,6342.0,CL-2023-to-present.pdf,6281.0,2023-11-17,5894.0,5868.0,0.009711829326540355,increase,CL-1,118,120,0.008,False,False,False
CL,2023-11-21,,,6157.0,CL-2023-to-present.pdf,6342.0,2023-11-20,5625.0,5894.0,-0.02917060864080734,decrease,CL-1,120,120,0.017,False,False,False
CL,2023-11-22,,,6166.0,CL-2023-to-present.pdf,6157.0,2023-11-21,5674.0,5625.0,0.0014617508526879597,increase,CL-1,120,120,0.034,False,False,False
CL,2023-11-24,,,6109.0,CL-2023-to-present.pdf,6166.0,2023-11-23,5700.0,5674.0,-0.009244242620823906,decrease,CL-1,120,120,0.008,False,False,False
CL,2023-11-27,,,6091.0,CL-2023-to-present.pdf,6109.0,2023-11-24,5684.0,5700.0,-0.0029464724177442614,decrease,CL-1,120,120,0.008,False,False,False
CL,2023-11-28,,,6130.0,CL-2023-to-present.pdf,6091.0,2023-11-27,5727.0,5684.0,0.00640288950911172,increase,CL-1,120,120,0.0,False,False,False
CL,2023-11-29,,,6172.0,CL-2023-to-present.pdf,6130.0,2023-11-28,5764.0,5727.0,0.006851549755301889,increase,CL-1,120,120,0.008,False,False,False
CL,2023-11-30,,,6130.0,CL-2023-to-present.pdf,6172.0,2023-11-29,5711.0,5764.0,-0.006804925469863887,decrease,CL-1,120,120,0.008,False,False,False
CL,2023-12-01,,,6099.0,CL-2023-to-present.pdf,6130.0,2023-11-30,5665.0,5711.0,-0.005057096247960802,decrease,CL-1,120,120,0.017,False,False,False
CL,2023-12-04,,,6084.0,CL-2023-to-present.pdf,6099.0,2023-12-01,5627.0,5665.0,-0.0024594195769798155,decrease,CL-1,115,120,0.042,False,False,False
CL,2023-12-05,,,6109.0,CL-2023-to-present.pdf,6084.0,2023-12-04,5516.0,5627.0,0.004109138724523342,increase,CL-1,120,120,0.017,False,False,False
CL,2023-12-06,,,6097.0,CL-2023-to-present.pdf,6109.0,2023-12-05,5519.0,5516.0,-0.001964314945162915,decrease,CL-1,119,120,0.025,False,False,False
CL,2023-12-07,,,6096.0,CL-2023-to-present.pdf,6097.0,2023-12-06,5505.0,5519.0,-0.0001640150893882364,decrease,CL-1,120,120,0.034,False,False,False
CL,2023-12-08,,,6131.0,CL-2023-to-present.pdf,6096.0,2023-12-07,5579.0,5505.0,0.005741469816272993,increase,CL-1,120,120,0.0,False,False,False
CL,2023-12-11,,,6134.0,CL-2023-to-present.pdf,6131.0,2023-12-08,5588.0,5579.0,0.0004893165878323558,increase,CL-1,85,120,0.034,False,False,False
CL,2023-12-12,,,6144.0,CL-2023-to-present.pdf,6134.0,2023-12-11,5493.0,5588.0,0.0016302575806976805,increase,CL-1,120,120,0.008,False,False,False
CL,2023-12-13,,,6155.0,CL-2023-to-present.pdf,6144.0,2023-12-12,5531.0,5493.0,0.0017903645833332593,increase,CL-1,120,120,0.0,False,False,False
CL,2023-12-14,,,6200.0,CL-2023-to-present.pdf,6155.0,2023-12-13,5687.0,5531.0,0.007311129163281915,increase,CL-1,120,120,0.0,False,False,False
CL,2023-12-15,,,6125.0,CL-2023-to-present.pdf,6200.0,2023-12-14,5640.0,5687.0,-0.012096774193548376,decrease,CL-1,119,120,0.008,False,False,False
CL,2023-12-18,,,6239.0,CL-2023-to-present.pdf,6125.0,2023-12-15,5742.0,5640.0,0.018612244897959096,increase,CL-1,119,120,0.034,False,False,False
CL,2023-12-19,,,6202.0,CL-2023-to-present.pdf,6239.0,2023-12-18,5763.0,5742.0,-0.005930437570123459,decrease,CL-1,114,120,0.034,False,False,False
CL,2023-12-20,,,6080.0,CL-2023-to-present.pdf,6202.0,2023-12-19,5627.0,5763.0,-0.01967107384714606,decrease,CL-1,117,119,0.017,False,False,False
CL,2023-12-21,,,6082.0,CL-2023-to-present.pdf,6080.0,2023-12-20,5639.0,5627.0,0.0003289473684211508,increase,CL-1,119,119,0.008,False,False,False
CL,2023-12-22,,,6092.0,CL-2023-to-present.pdf,6082.0,2023-12-21,5558.0,5639.0,0.0016441959881616786,increase,CL-1,120,120,0.008,False,False,False
CL,2023-12-26,,,6137.0,CL-2023-to-present.pdf,6092.0,2023-12-25,5689.0,5558.0,0.0073867367038740195,increase,CL-1,115,120,0.025,False,False,False
CL,2023-12-27,,,6115.0,CL-2023-to-present.pdf,6137.0,2023-12-26,5604.0,5689.0,-0.003584813426755762,decrease,CL-1,120,120,0.0,False,False,False
CL,2023-12-28,,,6109.0,CL-2023-to-present.pdf,6115.0,2023-12-27,5583.0,5604.0,-0.0009811937857726605,decrease,CL-1,120,120,0.0,False,False,False
CL,2023-12-29,,,6124.0,CL-2023-to-present.pdf,6109.0,2023-12-28,5553.0,5583.0,0.0024553936814535327,increase,CL-1,119,120,0.025,False,False,False
CL,2024-01-02,,,6128.0,CL-2023-to-present.pdf,6124.0,2023-12-29,5543.0,5553.0,0.0006531678641410466,increase,CL-1,114,120,0.034,False,False,False
CL,2024-01-03,,,6145.0,CL-2023-to-present.pdf,6128.0,2024-01-02,5601.0,5543.0,0.0027741514360313246,increase,CL-1,120,120,0.0,False,False,False
CL,2024-01-04,,,6155.0,CL-2023-to-present.pdf,6145.0,2024-01-03,5559.0,5601.0,0.0016273393002441683,increase,CL-1,120,120,0.034,False,False,False
CL,2024-01-05,,,6134.0,CL-2023-to-present.pdf,6155.0,2024-01-04,5587.0,5559.0,-0.0034118602761982197,decrease,CL-1,85,120,0.05,False,False,False
CL,2024-01-08,,,6060.0,CL-2023-to-present.pdf,6134.0,2024-01-05,5455.0,5587.0,-0.012063906097163346,decrease,CL-1,119,120,0.008,False,False,False
CL,2024-01-09,,,6075.0,CL-2023-to-present.pdf,6060.0,2024-01-08,5509.0,5455.0,0.0024752475247524774,increase,CL-1,117,120,0.017,False,False,False
CL,2024-01-10,,,6182.0,CL-2023-to-present.pdf,6075.0,2024-01-09,5562.0,5509.0,0.01761316872427976,increase,CL-1,117,120,0.042,False,False,False
CL,2024-01-11,,,6084.0,CL-2023-to-present.pdf,6182.0,2024-01-10,5543.0,5562.0,-0.015852474927207982,decrease,CL-1,114,120,0.034,False,False,False
CL,2024-01-12,,,6192.0,CL-2023-to-present.pdf,6084.0,2024-01-11,5590.0,5543.0,0.01775147928994092,increase,CL-1,120,120,0.0,False,False,False
CL,2024-01-16,,,6171.0,CL-2023-to-present.pdf,6192.0,2024-01-15,5627.0,5590.0,-0.0033914728682170603,decrease,CL-1,120,120,0.0,False,False,False
CL,2024-01-17,,,6192.0,CL-2023-to-present.pdf,6171.0,2024-01-16,5658.0,5627.0,0.003403014098201318,increase,CL-1,118,120,0.017,False,False,False
CL,2024-01-18,,,6201.0,CL-2023-to-present.pdf,6192.0,2024-01-17,5730.0,5658.0,0.0014534883720929148,increase,CL-1,103,120,0.025,False,False,False
CL,2024-01-19,,,6217.0,CL-2023-to-present.pdf,6201.0,2024-01-18,5754.0,5730.0,0.002580228995323397,increase,CL-1,111,120,0.017,False,False,False
CL,2024-01-22,,,6184.0,CL-2023-to-present.pdf,6217.0,2024-01-19,5708.0,5754.0,-0.0053080263792826266,decrease,CL-1,118,120,0.0,False,False,False
CL,2024-01-23,,,6097.0,CL-2023-to-present.pdf,6184.0,2024-01-22,5573.0,5708.0,-0.014068564036222475,decrease,CL-1,117,119,0.025,False,False,False
CL,2024-01-24,,,6117.0,CL-2023-to-present.pdf,6097.0,2024-01-23,5607.0,5573.0,0.0032803017877645058,increase,CL-1,96,119,0.034,False,False,False
CL,2024-01-25,,,6189.0,CL-2023-to-present.pdf,6117.0,2024-01-24,5665.0,5607.0,0.011770475723393847,increase,CL-1,114,120,0.042,False,False,False
CL,2024-01-26,,,6214.0,CL-2023-to-present.pdf,6189.0,2024-01-25,5699.0,5665.0,0.0040394247859105725,increase,CL-1,120,120,0.008,False,False,False
CL,2024-01-29,,,6195.0,CL-2023-to-present.pdf,6214.0,2024-01-26,5677.0,5699.0,-0.0030576118442227074,decrease,CL-1,120,120,0.034,False,False,False
CL,2024-01-30,,,6224.0,CL-2023-to-present.pdf,6195.0,2024-01-29,5723.0,5677.0,0.004681194511702902,increase,CL-1,120,120,0.008,False,False,False
CL,2024-01-31,,,6197.0,CL-2023-to-present.pdf,6224.0,2024-01-30,5536.0,5723.0,-0.0043380462724935676,decrease,CL-1,120,120,0.017,False,False,False
CL,2024-02-01,,,6158.0,CL-2023-to-present.pdf,6197.0,2024-01-31,5485.0,5536.0,-0.006293367758592905,decrease,CL-1,116,120,0.0,False,False,False
CL,2024-02-02,,,6063.0,CL-2023-to-present.pdf,6158.0,2024-02-01,5401.0,5485.0,-0.01542708671646642,decrease,CL-1,112,120,0.008,False,False,False
CL,2024-02-05,,,6085.0,CL-2023-to-present.pdf,6063.0,2024-02-02,5467.0,5401.0,0.003628566716147086,increase,CL-1,104,120,0.008,False,False,False
CL,2024-02-07,,,6193.0,CL-2023-to-present.pdf,6085.0,2024-02-06,5489.0,5467.0,0.017748562037797955,increase,CL-1,103,120,0.017,False,False,False
CL,2024-02-08,,,6247.0,CL-2023-to-present.pdf,6193.0,2024-02-07,5571.0,5489.0,0.008719522041014116,increase,CL-1,115,120,0.017,False,False,False
CL,2024-02-09,,,6275.0,CL-2023-to-present.pdf,6247.0,2024-02-08,5587.0,5571.0,0.004482151432687598,increase,CL-1,96,120,0.059,False,False,False
CL,2024-02-12,,,6235.0,CL-2023-to-present.pdf,6275.0,2024-02-09,5595.0,5587.0,-0.0063745019920318224,decrease,CL-1,113,120,0.042,False,False,False
CL,2024-02-13,,,6188.0,CL-2023-to-present.pdf,6235.0,2024-02-12,5629.0,5595.0,-0.007538091419406534,decrease,CL-1,108,120,0.092,False,False,False
CL,2024-02-14,,,6249.0,CL-2023-to-present.pdf,6188.0,2024-02-13,5612.0,5629.0,0.00985778926955394,increase,CL-1,112,120,0.008,False,False,False
CL,2024-02-15,,,6307.0,CL-2023-to-present.pdf,6249.0,2024-02-14,5689.0,5612.0,0.009281485037605952,increase,CL-1,102,120,0.008,False,False,False
CL,2024-02-16,,,6139.0,CL-2023-to-present.pdf,6307.0,2024-02-15,5249.0,5689.0,-0.02663706992230852,decrease,CL-1,110,120,0.0,False,False,False
CL,2024-02-20,,,6186.0,CL-2023-to-present.pdf,6139.0,2024-02-19,5233.0,5249.0,0.007655970027691916,increase,CL-1,109,120,0.008,False,False,False
CL,2024-02-21,,,6102.0,CL-2023-to-present.pdf,6186.0,2024-02-20,5159.0,5233.0,-0.013579049466537318,decrease,CL-1,78,119,0.017,False,False,False
CL,2024-02-22,,,6111.0,CL-2023-to-present.pdf,6102.0,2024-02-21,5171.0,5159.0,0.001474926253687281,increase,CL-1,71,119,0.042,False,False,False
CL,2024-02-23,,,6106.0,CL-2023-to-present.pdf,6111.0,2024-02-22,5173.0,5171.0,-0.0008181966944853514,decrease,CL-1,106,120,0.017,False,False,False
CL,2024-02-26,,,6110.0,CL-2023-to-present.pdf,6106.0,2024-02-23,5168.0,5173.0,0.0006550933508024936,increase,CL-1,87,120,0.008,False,False,False
CL,2024-02-27,,,6130.0,CL-2023-to-present.pdf,6110.0,2024-02-26,5186.0,5168.0,0.003273322422258529,increase,CL-1,94,120,0.034,False,False,False
CL,2024-02-28,,,6056.0,CL-2023-to-present.pdf,6130.0,2024-02-27,5137.0,5186.0,-0.012071778140293588,decrease,CL-1,87,120,0.008,False,False,False
CL,2024-02-29,,,6039.0,CL-2023-to-present.pdf,6056.0,2024-02-28,5092.0,5137.0,-0.0028071334214002652,decrease,CL-1,49,120,0.034,False,False,False
CL,2024-03-01,,,6057.0,CL-2023-to-present.pdf,6039.0,2024-02-29,5119.0,5092.0,0.0029806259314455463,increase,CL-1,113,120,0.008,False,False,False
CL,2024-03-04,,,6112.0,CL-2023-to-present.pdf,6057.0,2024-03-01,5234.0,5119.0,0.009080402839689583,increase,CL-1,109,120,0.008,False,False,False
CL,2024-03-05,,,6123.0,CL-2023-to-present.pdf,6112.0,2024-03-04,5213.0,5234.0,0.0017997382198953193,increase,CL-1,84,120,0.05,False,False,False
CL,2024-03-06,,,6144.0,CL-2023-to-present.pdf,6123.0,2024-03-05,5261.0,5213.0,0.003429691327780482,increase,CL-1,101,120,0.025,False,False,False
CL,2024-03-07,,,6132.0,CL-2023-to-present.pdf,6144.0,2024-03-06,5276.0,5261.0,-0.001953125,decrease,CL-1,77,120,0.034,False,False,False
CL,2024-03-08,,,6142.0,CL-2023-to-present.pdf,6132.0,2024-03-07,5279.0,5276.0,0.0016307893020222064,increase,CL-1,84,120,0.017,False,False,False
CL,2024-03-11,,,6146.0,CL-2023-to-present.pdf,6142.0,2024-03-08,5318.0,5279.0,0.0006512536633018762,increase,CL-1,93,120,0.042,False,False,False
CL,2024-03-12,,,6156.0,CL-2023-to-present.pdf,6146.0,2024-03-11,5310.0,5318.0,0.0016270745200130943,increase,CL-1,89,120,0.042,False,False,False
CL,2024-03-13,,,6158.0,CL-2023-to-present.pdf,6156.0,2024-03-12,5336.0,5310.0,0.00032488628979865375,increase,CL-1,86,120,0.025,False,False,False
CL,2024-03-14,,,6184.0,CL-2023-to-present.pdf,6158.0,2024-03-13,5381.0,5336.0,0.004222150048717177,increase,CL-1,104,120,0.042,False,False,False
CL,2024-03-15,,,6192.0,CL-2023-to-present.pdf,6184.0,2024-03-14,5347.0,5381.0,0.001293661060802087,increase,CL-1,79,120,0.034,False,False,False
CL,2024-03-18,,,6259.0,CL-2023-to-present.pdf,6192.0,2024-03-15,5376.0,5347.0,0.010820413436692489,increase,CL-1,97,120,0.05,False,False,False
CL,2024-03-19,,,6293.0,CL-2023-to-present.pdf,6259.0,2024-03-18,5390.0,5376.0,0.0054321776641637065,increase,CL-1,73,120,0.084,False,False,False
CL,2024-03-20,,,6263.0,CL-2023-to-present.pdf,6293.0,2024-03-19,5355.0,5390.0,-0.004767201652629893,decrease,CL-1,81,120,0.059,False,False,False
CL,2024-03-21,,,6081.0,CL-2023-to-present.pdf,6263.0,2024-03-20,5158.0,5355.0,-0.029059556123263608,decrease,CL-1,65,119,0.017,False,False,False
CL,2024-03-22,,,6080.0,CL-2023-to-present.pdf,6081.0,2024-03-21,5171.0,5158.0,-0.00016444663706627338,decrease,CL-1,64,119,0.085,False,False,False
CL,2024-03-25,,,6119.0,CL-2023-to-present.pdf,6080.0,2024-03-22,5204.0,5171.0,0.006414473684210442,increase,CL-1,71,120,0.059,False,False,False
CL,2024-03-26,,,6102.0,CL-2023-to-present.pdf,6119.0,2024-03-25,5199.0,5204.0,-0.0027782317372119225,decrease,CL-1,59,120,0.042,False,False,False
CL,2024-03-27,,,6107.0,CL-2023-to-present.pdf,6102.0,2024-03-26,5215.0,5199.0,0.0008194034742707856,increase,CL-1,64,120,0.076,False,False,False
CL,2024-03-28,,,6155.0,CL-2023-to-present.pdf,6107.0,2024-03-27,5256.0,5215.0,0.007859832978549308,increase,CL-1,93,120,0.034,False,False,False
CL,2024-04-01,,,6173.0,CL-2023-to-present.pdf,6155.0,2024-03-29,5316.0,5256.0,0.002924451665312855,increase,CL-1,84,120,0.084,False,False,False
CL,2024-04-02,,,6214.0,CL-2023-to-present.pdf,6173.0,2024-04-01,5378.0,5316.0,0.006641827312489967,increase,CL-1,89,120,0.05,False,False,False
CL,2024-04-03,,,6246.0,CL-2023-to-present.pdf,6214.0,2024-04-02,5413.0,5378.0,0.005149662053427706,increase,CL-1,91,120,0.042,False,False,False
CL,2024-04-04,,,6267.0,CL-2023-to-present.pdf,6246.0,2024-04-03,5446.0,5413.0,0.00336215177713739,increase,CL-1,87,120,0.076,False,False,False
CL,2024-04-05,,,6285.0,CL-2023-to-present.pdf,6267.0,2024-04-04,5486.0,5446.0,0.002872187649593183,increase,CL-1,48,120,0.059,False,False,False
CL,2024-04-08,,,6278.0,CL-2023-to-present.pdf,6285.0,2024-04-05,5493.0,5486.0,-0.001113762927605455,decrease,CL-1,50,120,0.067,False,False,False
CL,2024-04-09,,,6251.0,CL-2023-to-present.pdf,6278.0,2024-04-08,5474.0,5493.0,-0.004300732717425926,decrease,CL-1,75,120,0.034,False,False,False
CL,2024-04-10,,,6289.0,CL-2023-to-present.pdf,6251.0,2024-04-09,5504.0,5474.0,0.006079027355623046,increase,CL-1,56,120,0.025,False,False,False
CL,2024-04-11,,,6274.0,CL-2023-to-present.pdf,6289.0,2024-04-10,5467.0,5504.0,-0.0023851168707266224,decrease,CL-1,101,120,0.042,False,False,False
CL,2024-04-12,,,6257.0,CL-2023-to-present.pdf,6274.0,2024-04-11,5491.0,5467.0,-0.002709595154606337,decrease,CL-1,100,120,0.084,False,False,False
CL,2024-04-15,,,6272.0,CL-2023-to-present.pdf,6257.0,2024-04-12,5472.0,5491.0,0.002397315007191869,increase,CL-1,91,120,0.042,False,False,False
CL,2024-04-16,,,6277.0,CL-2023-to-present.pdf,6272.0,2024-04-15,5467.0,5472.0,0.0007971938775510612,increase,CL-1,105,120,0.059,False,False,False
CL,2024-04-17,,,6230.0,CL-2023-to-present.pdf,6277.0,2024-04-16,5414.0,5467.0,-0.007487653337581612,decrease,CL-1,103,120,0.05,False,False,False
CL,2024-04-18,,,6238.0,CL-2023-to-present.pdf,6230.0,2024-04-17,5393.0,5414.0,0.001284109149277679,increase,CL-1,98,120,0.034,False,False,False
CL,2024-04-19,,,6281.0,CL-2023-to-present.pdf,6238.0,2024-04-18,5395.0,5393.0,0.006893235011221632,increase,CL-1,71,120,0.076,False,False,False
CL,2024-04-22,,,6268.0,CL-2023-to-present.pdf,6281.0,2024-04-19,5386.0,5395.0,-0.0020697341187708718,decrease,CL-1,61,120,0.076,False,False,False
CL,2024-04-23,,,6101.0,CL-2023-to-present.pdf,6268.0,2024-04-22,5233.0,5386.0,-0.02664326738991707,decrease,CL-1,73,120,0.067,False,False,False
CL,2024-04-24,,,6091.0,CL-2023-to-present.pdf,6101.0,2024-04-23,5294.0,5233.0,-0.0016390755613834296,decrease,CL-1,89,120,0.05,False,False,False
CL,2024-04-25,,,6112.0,CL-2023-to-present.pdf,6091.0,2024-04-24,5317.0,5294.0,0.0034477097356755415,increase,CL-1,86,120,0.067,False,False,False
CL,2024-04-26,,,6099.0,CL-2023-to-present.pdf,6112.0,2024-04-25,5337.0,5317.0,-0.002126963350785327,decrease,CL-1,88,120,0.042,False,False,False
CL,2024-04-29,,,6061.0,CL-2023-to-present.pdf,6099.0,2024-04-26,5305.0,5337.0,-0.006230529595015577,decrease,CL-1,107,120,0.025,False,False,False
CL,2024-04-30,,,6063.0,CL-2023-to-present.pdf,6061.0,2024-04-29,5310.0,5305.0,0.0003299785513941611,increase,CL-1,92,120,0.042,False,False,False
CL,2024-05-01,,,6056.0,CL-2023-to-present.pdf,6063.0,2024-04-30,5201.0,5310.0,-0.001154543955137699,decrease,CL-1,115,120,0.042,False,False,False
CL,2024-05-02,,,6058.0,CL-2023-to-present.pdf,6056.0,2024-05-01,5274.0,5201.0,0.00033025099075301156,increase,CL-1,85,120,0.008,False,False,False
CL,2024-05-03,,,6040.0,CL-2023-to-present.pdf,6058.0,2024-05-02,5326.0,5274.0,-0.0029712776493892035,decrease,CL-1,80,120,0.042,False,False,False
CL,2024-05-06,,,6047.0,CL-2023-to-present.pdf,6040.0,2024-05-03,5344.0,5326.0,0.0011589403973510937,increase,CL-1,45,120,0.042,False,False,False
CL,2024-05-07,,,6058.0,CL-2023-to-present.pdf,6047.0,2024-05-06,5342.0,5344.0,0.001819083843228153,increase,CL-1,66,120,0.076,False,False,False
CL,2024-05-08,,,6068.0,CL-2023-to-present.pdf,6058.0,2024-05-07,5263.0,5342.0,0.0016507098052163105,increase,CL-1,93,120,0.05,False,False,False
CL,2024-05-09,,,6069.0,CL-2023-to-present.pdf,6068.0,2024-05-08,5339.0,5263.0,0.0001647989452866483,increase,CL-1,46,120,0.05,False,False,False
CL,2024-05-10,,,6092.0,CL-2023-to-present.pdf,6069.0,2024-05-09,5250.0,5339.0,0.0037897511945954587,increase,CL-1,77,120,0.042,False,False,False
CL,2024-05-13,,,6093.0,CL-2023-to-present.pdf,6092.0,2024-05-10,5334.0,5250.0,0.00016414970453060285,increase,CL-1,70,120,0.034,False,False,False
CL,2024-05-14,,,6099.0,CL-2023-to-present.pdf,6093.0,2024-05-13,5311.0,5334.0,0.000984736582964052,increase,CL-1,87,120,0.025,False,False,False
CL,2024-05-15,,,6123.0,CL-2023-to-present.pdf,6099.0,2024-05-14,5257.0,5311.0,0.003935071323167838,increase,CL-1,61,120,0.042,False,False,False
CL,2024-05-16,,,6138.0,CL-2023-to-present.pdf,6123.0,2024-05-15,5263.0,5257.0,0.002449779519843265,increase,CL-1,86,120,0.017,False,False,False
CL,2024-05-17,,,6164.0,CL-2023-to-present.pdf,6138.0,2024-05-16,5280.0,5263.0,0.004235907461713984,increase,CL-1,81,120,0.008,False,False,False
CL,2024-05-20,,,6178.0,CL-2023-to-present.pdf,6164.0,2024-05-17,5335.0,5280.0,0.002271252433484694,increase,CL-1,77,120,0.05,False,False,False
CL,2024-05-21,,,6159.0,CL-2023-to-present.pdf,6178.0,2024-05-20,5328.0,5335.0,-0.0030754289414050007,decrease,CL-1,101,120,0.059,False,False,False
CL,2024-05-22,,,5996.0,CL-2023-to-present.pdf,6159.0,2024-05-21,5284.0,5328.0,-0.026465335281701585,decrease,CL-1,98,120,0.05,False,False,False
CL,2024-05-23,,,5992.0,CL-2023-to-present.pdf,5996.0,2024-05-22,5315.0,5284.0,-0.0006671114076051143,decrease,CL-1,60,120,0.042,False,False,False
CL,2024-05-24,,,6001.0,CL-2023-to-present.pdf,5992.0,2024-05-23,5279.0,5315.0,0.0015020026702270428,increase,CL-1,90,120,0.034,False,False,False
CL,2024-05-28,,,6008.0,CL-2023-to-present.pdf,6001.0,2024-05-27,5325.0,5279.0,0.0011664722546242956,increase,CL-1,109,120,0.059,False,False,False
CL,2024-05-29,,,5995.0,CL-2023-to-present.pdf,6008.0,2024-05-28,5294.0,5325.0,-0.0021637816245007047,decrease,CL-1,114,120,0.067,False,False,False
CL,2024-05-30,,,5993.0,CL-2023-to-present.pdf,5995.0,2024-05-29,5317.0,5294.0,-0.00033361134278564464,decrease,CL-1,91,120,0.042,False,False,False
CL,2024-05-31,,,5988.0,CL-2023-to-present.pdf,5993.0,2024-05-30,5298.0,5317.0,-0.0008343066911397079,decrease,CL-1,97,120,0.042,False,False,False
CL,2024-06-03,,,5987.0,CL-2023-to-present.pdf,5988.0,2024-05-31,5288.0,5298.0,-0.00016700066800268143,decrease,CL-1,116,120,0.025,False,False,False
CL,2024-06-04,,,5997.0,CL-2023-to-present.pdf,5987.0,2024-06-03,5286.0,5288.0,0.001670285618840861,increase,CL-1,104,120,0.025,False,False,False
CL,2024-06-05,,,5948.0,CL-2023-to-present.pdf,5997.0,2024-06-04,5298.0,5286.0,-0.008170752042688023,decrease,CL-1,112,120,0.084,False,False,False
CL,2024-06-06,,,5959.0,CL-2023-to-present.pdf,5948.0,2024-06-05,5284.0,5298.0,0.0018493611297916157,increase,CL-1,78,120,0.059,False,False,False
CL,2024-06-07,,,5967.0,CL-2023-to-present.pdf,5959.0,2024-06-06,5313.0,5284.0,0.0013425071320691817,increase,CL-1,94,120,0.05,False,False,False
CL,2024-06-10,,,5975.0,CL-2023-to-present.pdf,5967.0,2024-06-07,5302.0,5313.0,0.0013407072230602335,increase,CL-1,85,120,0.092,False,False,False
CL,2024-06-11,,,5990.0,CL-2023-to-present.pdf,5975.0,2024-06-10,5291.0,5302.0,0.002510460251045954,increase,CL-1,72,120,0.067,False,False,False
CL,2024-06-12,,,6035.0,CL-2023-to-present.pdf,5990.0,2024-06-11,5325.0,5291.0,0.0075125208681134925,increase,CL-1,119,120,0.017,False,False,False
CL,2024-06-13,,,6046.0,CL-2023-to-present.pdf,6035.0,2024-06-12,5337.0,5325.0,0.0018227009113505055,increase,CL-1,72,120,0.042,False,False,False
CL,2024-06-14,,,6041.0,CL-2023-to-present.pdf,6046.0,2024-06-13,5317.0,5337.0,-0.0008269930532583958,decrease,CL-1,69,120,0.076,False,False,False
CL,2024-06-17,,,5990.0,CL-2023-to-present.pdf,6041.0,2024-06-14,5383.0,5317.0,-0.008442310875682812,decrease,CL-1,113,120,0.067,False,False,False
CL,2024-06-18,,,6001.0,CL-2023-to-present.pdf,5990.0,2024-06-17,5489.0,5383.0,0.0018363939899832538,increase,CL-1,94,120,0.067,False,False,False
CL,2024-06-20,,,6029.0,CL-2023-to-present.pdf,6001.0,2024-06-19,5496.0,5489.0,0.00466588901849696,increase,CL-1,115,120,0.034,False,False,False
CL,2024-06-21,,,5935.0,CL-2023-to-present.pdf,6029.0,2024-06-20,5427.0,5496.0,-0.01559130867473879,decrease,CL-1,89,120,0.05,False,False,False
CL,2024-06-24,,,5974.0,CL-2023-to-present.pdf,5935.0,2024-06-21,5446.0,5427.0,0.006571187868576134,increase,CL-1,113,120,0.025,False,False,False
CL,2024-06-25,,,5949.0,CL-2023-to-present.pdf,5974.0,2024-06-24,5432.0,5446.0,-0.004184800803481714,decrease,CL-1,115,120,0.076,False,False,False
CL,2024-06-26,,,5950.0,CL-2023-to-present.pdf,5949.0,2024-06-25,5428.0,5432.0,0.00016809547823171123,increase,CL-1,58,120,0.067,False,False,False
CL,2024-06-27,,,5964.0,CL-2023-to-present.pdf,5950.0,2024-06-26,5430.0,5428.0,0.0023529411764706687,increase,CL-1,84,120,0.059,False,False,False
CL,2024-06-28,,,5968.0,CL-2023-to-present.pdf,5964.0,2024-06-27,5423.0,5430.0,0.0006706908115359234,increase,CL-1,83,120,0.067,False,False,False
CL,2024-07-01,,,6030.0,CL-2023-to-present.pdf,5968.0,2024-06-28,5479.0,5423.0,0.010388739946380676,increase,CL-1,98,120,0.059,False,False,False
CL,2024-07-02,,,6007.0,CL-2023-to-present.pdf,6030.0,2024-07-01,5454.0,5479.0,-0.0038142620232172186,decrease,CL-1,100,120,0.076,False,False,False
CL,2024-07-03,,,6048.0,CL-2023-to-present.pdf,6007.0,2024-07-02,5481.0,5454.0,0.006825370401198683,increase,CL-1,81,120,0.034,False,False,False
CL,2024-07-05,,,6039.0,CL-2023-to-present.pdf,6048.0,2024-07-04,5468.0,5481.0,-0.0014880952380952328,decrease,CL-1,107,120,0.025,False,False,False
CL,2024-07-08,,,6019.0,CL-2023-to-present.pdf,6039.0,2024-07-05,5441.0,5468.0,-0.0033118065904951255,decrease,CL-1,81,120,0.034,False,False,False
CL,2024-07-09,,,5991.0,CL-2023-to-present.pdf,6019.0,2024-07-08,5408.0,5441.0,-0.00465193553746468,decrease,CL-1,87,120,0.042,False,False,False
CL,2024-07-10,,,6003.0,CL-2023-to-present.pdf,5991.0,2024-07-09,5417.0,5408.0,0.0020030045067600533,increase,CL-1,65,120,0.05,False,False,False
CL,2024-07-11,,,6016.0,CL-2023-to-present.pdf,6003.0,2024-07-10,5415.0,5417.0,0.0021655838747292044,increase,CL-1,31,120,0.059,False,False,False
CL,2024-07-12,,,6013.0,CL-2023-to-present.pdf,6016.0,2024-07-11,5399.0,5415.0,-0.0004986702127659504,decrease,CL-1,61,120,0.034,False,False,False
CL,2024-07-15,,,6013.0,CL-2023-to-present.pdf,6013.0,2024-07-12,5386.0,5399.0,0.0,short_side_only_change,CL-1,66,120,0.05,False,False,False
CL,2024-07-16,,,5988.0,CL-2023-to-present.pdf,6013.0,2024-07-15,5357.0,5386.0,-0.004157658406785281,decrease,CL-1,100,120,0.059,False,False,False
CL,2024-07-17,,,6026.0,CL-2023-to-present.pdf,5988.0,2024-07-16,5421.0,5357.0,0.00634602538410145,increase,CL-1,82,120,0.042,False,False,False
CL,2024-07-18,,,6010.0,CL-2023-to-present.pdf,6026.0,2024-07-17,5427.0,5421.0,-0.002655160969133763,decrease,CL-1,81,120,0.017,False,False,False
CL,2024-07-19,,,5991.0,CL-2023-to-present.pdf,6010.0,2024-07-18,5381.0,5427.0,-0.0031613976705491265,decrease,CL-1,111,120,0.017,False,False,False
CL,2024-07-22,,,5982.0,CL-2023-to-present.pdf,5991.0,2024-07-19,5411.0,5381.0,-0.001502253380070151,decrease,CL-1,83,120,0.042,False,False,False
CL,2024-07-23,,,5920.0,CL-2023-to-present.pdf,5982.0,2024-07-22,5319.0,5411.0,-0.010364426613172828,decrease,CL-1,94,120,0.034,False,False,False
CL,2024-07-24,,,5924.0,CL-2023-to-present.pdf,5920.0,2024-07-23,5318.0,5319.0,0.0006756756756756133,increase,CL-1,46,120,0.059,False,False,False
CL,2024-07-25,,,5930.0,CL-2023-to-present.pdf,5924.0,2024-07-24,5311.0,5318.0,0.0010128291694799785,increase,CL-1,97,120,0.034,False,False,False
CL,2024-07-26,,,5941.0,CL-2023-to-present.pdf,5930.0,2024-07-25,5310.0,5311.0,0.0018549747048903775,increase,CL-1,85,120,0.034,False,False,False
CL,2024-07-29,,,5933.0,CL-2023-to-present.pdf,5941.0,2024-07-26,5310.0,5310.0,-0.0013465746507321796,decrease,CL-1,71,120,0.034,False,False,False
CL,2024-07-30,,,5914.0,CL-2023-to-present.pdf,5933.0,2024-07-29,5298.0,5310.0,-0.003202427102646177,decrease,CL-1,93,120,0.059,False,False,False
CL,2024-07-31,,,5934.0,CL-2023-to-present.pdf,5914.0,2024-07-30,5314.0,5298.0,0.003381805884342226,increase,CL-1,98,120,0.042,False,False,False
CL,2024-08-01,,,5936.0,CL-2023-to-present.pdf,5934.0,2024-07-31,5281.0,5314.0,0.0003370407819345278,increase,CL-1,83,120,0.034,False,False,False
CL,2024-08-02,,,5943.0,CL-2023-to-present.pdf,5936.0,2024-08-01,5153.0,5281.0,0.001179245283018826,increase,CL-1,117,120,0.0,False,False,False
CL,2024-08-05,,,5947.0,CL-2023-to-present.pdf,5943.0,2024-08-02,5198.0,5153.0,0.00067306074373219,increase,CL-1,79,120,0.042,False,False,False
CL,2024-08-06,,,5949.0,CL-2023-to-present.pdf,5947.0,2024-08-05,5205.0,5198.0,0.00033630401883311123,increase,CL-1,102,120,0.076,False,False,False
CL,2024-08-07,,,5960.0,CL-2023-to-present.pdf,5949.0,2024-08-06,5208.0,5205.0,0.0018490502605479353,increase,CL-1,72,120,0.05,False,False,False
CL,2024-08-08,,,5958.0,CL-2023-to-present.pdf,5960.0,2024-08-07,5211.0,5208.0,-0.0003355704697987072,decrease,CL-1,93,120,0.067,False,False,False
CL,2024-08-09,,,5965.0,CL-2023-to-present.pdf,5958.0,2024-08-08,5227.0,5211.0,0.0011748909029876131,increase,CL-1,34,120,0.059,False,False,False
CL,2024-08-12,,,5979.0,CL-2023-to-present.pdf,5965.0,2024-08-09,5322.0,5227.0,0.002347024308466006,increase,CL-1,105,120,0.034,False,False,False
CL,2024-08-13,,,5991.0,CL-2023-to-present.pdf,5979.0,2024-08-12,5140.0,5322.0,0.002007024586051287,increase,CL-1,99,120,0.059,False,False,False
CL,2024-08-14,,,6005.0,CL-2023-to-present.pdf,5991.0,2024-08-13,5177.0,5140.0,0.002336838591220136,increase,CL-1,65,120,0.034,False,False,False
CL,2024-08-15,,,6019.0,CL-2023-to-present.pdf,6005.0,2024-08-14,5199.0,5177.0,0.0023313905079100916,increase,CL-1,86,120,0.042,False,False,False
CL,2024-08-16,,,6018.0,CL-2023-to-present.pdf,6019.0,2024-08-15,5230.0,5199.0,-0.00016614055490948854,decrease,CL-1,64,120,0.05,False,False,False
CL,2024-08-19,,,6026.0,CL-2023-to-present.pdf,6018.0,2024-08-16,5328.0,5230.0,0.001329345297440998,increase,CL-1,70,120,0.059,False,False,False
CL,2024-08-20,,,6020.0,CL-2023-to-present.pdf,6026.0,2024-08-19,5322.0,5328.0,-0.0009956853634252028,decrease,CL-1,90,120,0.034,False,False,False
CL,2024-08-21,,,5938.0,CL-2023-to-present.pdf,6020.0,2024-08-20,5197.0,5322.0,-0.013621262458471728,decrease,CL-1,93,120,0.076,False,False,False
CL,2024-08-22,,,5944.0,CL-2023-to-present.pdf,5938.0,2024-08-21,5199.0,5197.0,0.0010104412260019124,increase,CL-1,46,120,0.05,False,False,False
CL,2024-08-23,,,5952.0,CL-2023-to-present.pdf,5944.0,2024-08-22,5191.0,5199.0,0.0013458950201883368,increase,CL-1,90,120,0.017,False,False,False
CL,2024-08-26,,,5960.0,CL-2023-to-present.pdf,5952.0,2024-08-23,5182.0,5191.0,0.0013440860215054862,increase,CL-1,61,120,0.042,False,False,False
CL,2024-08-27,,,5963.0,CL-2023-to-present.pdf,5960.0,2024-08-26,5188.0,5182.0,0.0005033557046980608,increase,CL-1,87,120,0.042,False,False,False
CL,2024-08-28,,,5964.0,CL-2023-to-present.pdf,5963.0,2024-08-27,5190.0,5188.0,0.00016770082173400702,increase,CL-1,69,120,0.05,False,False,False
CL,2024-08-29,,,5969.0,CL-2023-to-present.pdf,5964.0,2024-08-28,5185.0,5190.0,0.0008383635144197932,increase,CL-1,96,120,0.05,False,False,False
CL,2024-08-30,,,5993.0,CL-2023-to-present.pdf,5969.0,2024-08-29,5184.0,5185.0,0.004020773998994809,increase,CL-1,105,120,0.025,False,False,False
CL,2024-09-03,,,5974.0,CL-2023-to-present.pdf,5993.0,2024-09-02,5199.0,5184.0,-0.003170365426330757,decrease,CL-1,119,120,0.042,False,False,False
CL,2024-09-04,,,5962.0,CL-2023-to-present.pdf,5974.0,2024-09-03,5197.0,5199.0,-0.002008704385671245,decrease,CL-1,101,120,0.067,False,False,False
CL,2024-09-05,,,5959.0,CL-2023-to-present.pdf,5962.0,2024-09-04,5185.0,5197.0,-0.0005031868500503522,decrease,CL-1,103,120,0.076,False,False,False
CL,2024-09-06,,,5948.0,CL-2023-to-present.pdf,5959.0,2024-09-05,5169.0,5185.0,-0.0018459473065950416,decrease,CL-1,103,120,0.05,False,False,False
CL,2024-09-09,,,5948.0,CL-2023-to-present.pdf,5948.0,2024-09-06,5153.0,5169.0,0.0,short_side_only_change,CL-1,101,120,0.034,False,False,False
CL,2024-09-10,,,5958.0,CL-2023-to-present.pdf,5948.0,2024-09-09,5184.0,5153.0,0.00168123739071957,increase,CL-1,113,120,0.034,False,False,False
CL,2024-09-11,,,5972.0,CL-2023-to-present.pdf,5958.0,2024-09-10,5181.0,5184.0,0.0023497818059752262,increase,CL-1,95,120,0.101,False,False,False
CL,2024-09-12,,,5982.0,CL-2023-to-present.pdf,5972.0,2024-09-11,5170.0,5181.0,0.0016744809109177083,increase,CL-1,94,120,0.118,False,False,False
CL,2024-09-13,,,5981.0,CL-2023-to-present.pdf,5982.0,2024-09-12,5161.0,5170.0,-0.00016716817118023197,decrease,CL-1,103,120,0.059,False,False,False
CL,2024-09-16,,,5984.0,CL-2023-to-present.pdf,5981.0,2024-09-13,5140.0,5161.0,0.0005015883631500628,increase,CL-1,98,120,0.076,False,False,False
CL,2024-09-17,,,5994.0,CL-2023-to-present.pdf,5984.0,2024-09-16,5124.0,5140.0,0.0016711229946524409,increase,CL-1,91,120,0.059,False,False,False
CL,2024-09-18,,,6019.0,CL-2023-to-present.pdf,5994.0,2024-09-17,5123.0,5124.0,0.00417083750417091,increase,CL-1,113,120,0.034,False,False,False
CL,2024-09-19,,,6036.0,CL-2023-to-present.pdf,6019.0,2024-09-18,5212.0,5123.0,0.00282438943346075,increase,CL-1,97,120,0.042,False,False,False
CL,2024-09-20,,,6035.0,CL-2023-to-present.pdf,6036.0,2024-09-19,5186.0,5212.0,-0.00016567263088140827,decrease,CL-1,61,120,0.101,False,False,False
CL,2024-09-23,,,5979.0,CL-2023-to-present.pdf,6035.0,2024-09-20,5166.0,5186.0,-0.009279204639602301,decrease,CL-1,112,120,0.017,False,False,False
CL,2024-09-24,,,5989.0,CL-2023-to-present.pdf,5979.0,2024-09-23,5172.0,5166.0,0.0016725204883760725,increase,CL-1,103,120,0.084,False,False,False
CL,2024-09-25,,,5981.0,CL-2023-to-present.pdf,5989.0,2024-09-24,5179.0,5172.0,-0.0013357822674904263,decrease,CL-1,98,120,0.076,False,False,False
CL,2024-09-26,,,5939.0,CL-2023-to-present.pdf,5981.0,2024-09-25,5178.0,5179.0,-0.007022237084099658,decrease,CL-1,114,120,0.034,False,False,False
CL,2024-09-27,,,5943.0,CL-2023-to-present.pdf,5939.0,2024-09-26,5181.0,5178.0,0.0006735140596059175,increase,CL-1,116,120,0.042,False,False,False
CL,2024-09-30,,,5939.0,CL-2023-to-present.pdf,5943.0,2024-09-27,5188.0,5181.0,-0.000673060743732079,decrease,CL-1,74,120,0.059,False,False,False
CL,2024-10-01,,,5967.0,CL-2023-to-present.pdf,5939.0,2024-09-30,5181.0,5188.0,0.0047145984172418665,increase,CL-1,103,120,0.017,False,False,False
CL,2024-10-02,,,5949.0,CL-2023-to-present.pdf,5967.0,2024-10-01,5199.0,5181.0,-0.003016591251885359,decrease,CL-1,104,120,0.076,False,False,False
CL,2024-10-03,,,6015.0,CL-2023-to-present.pdf,5949.0,2024-10-02,5258.0,5199.0,0.011094301563288056,increase,CL-1,110,120,0.034,False,False,False
CL,2024-10-04,,,5992.0,CL-2023-to-present.pdf,6015.0,2024-10-03,5240.0,5258.0,-0.003823773898586902,decrease,CL-1,63,120,0.042,False,False,False
CL,2024-10-07,,,6033.0,CL-2023-to-present.pdf,5992.0,2024-10-04,5249.0,5240.0,0.0068424566088116645,increase,CL-1,103,120,0.059,False,False,False
CL,2024-10-08,,,5993.0,CL-2023-to-present.pdf,6033.0,2024-10-07,5214.0,5249.0,-0.006630200563567001,decrease,CL-1,108,120,0.042,False,False,False
CL,2024-10-09,,,5984.0,CL-2023-to-present.pdf,5993.0,2024-10-08,5208.0,5214.0,-0.001501752044051341,decrease,CL-1,69,120,0.076,False,False,False
CL,2024-10-10,,,6009.0,CL-2023-to-present.pdf,5984.0,2024-10-09,5231.0,5208.0,0.004177807486630991,increase,CL-1,92,120,0.05,False,False,False
CL,2024-10-11,,,6011.0,CL-2023-to-present.pdf,6009.0,2024-10-10,5235.0,5231.0,0.00033283408220996513,increase,CL-1,57,120,0.025,False,False,False
CL,2024-10-14,,,6010.0,CL-2023-to-present.pdf,6011.0,2024-10-11,5241.0,5235.0,-0.00016636167027117565,decrease,CL-1,69,120,0.059,False,False,False
CL,2024-10-15,,,6015.0,CL-2023-to-present.pdf,6010.0,2024-10-14,5265.0,5241.0,0.0008319467554076532,increase,CL-1,105,120,0.034,False,False,False
CL,2024-10-16,,,6005.0,CL-2023-to-present.pdf,6015.0,2024-10-15,5247.0,5265.0,-0.0016625103906899863,decrease,CL-1,80,120,0.101,False,False,False
CL,2024-10-17,,,6018.0,CL-2023-to-present.pdf,6005.0,2024-10-16,5243.0,5247.0,0.0021648626144878946,increase,CL-1,96,120,0.034,False,False,False
CL,2024-10-18,,,6039.0,CL-2023-to-present.pdf,6018.0,2024-10-17,5262.0,5243.0,0.0034895314057825644,increase,CL-1,100,120,0.034,False,False,False
CL,2024-10-21,,,6077.0,CL-2023-to-present.pdf,6039.0,2024-10-18,5270.0,5262.0,0.006292432521940672,increase,CL-1,106,120,0.042,False,False,False
CL,2024-10-22,,,6085.0,CL-2023-to-present.pdf,6077.0,2024-10-21,5285.0,5270.0,0.0013164390324174047,increase,CL-1,90,120,0.05,False,False,False
CL,2024-10-23,,,5970.0,CL-2023-to-present.pdf,6085.0,2024-10-22,5264.0,5285.0,-0.01889893179950697,decrease,CL-1,91,120,0.025,False,False,False
CL,2024-10-24,,,5978.0,CL-2023-to-present.pdf,5970.0,2024-10-23,5264.0,5264.0,0.0013400335008375563,increase,CL-1,86,120,0.059,False,False,False
CL,2024-10-25,,,5984.0,CL-2023-to-present.pdf,5978.0,2024-10-24,5272.0,5264.0,0.0010036801605888268,increase,CL-1,81,120,0.05,False,False,False
CL,2024-10-28,,,5970.0,CL-2023-to-present.pdf,5984.0,2024-10-25,5282.0,5272.0,-0.0023395721925133506,decrease,CL-1,113,120,0.034,False,False,False
CL,2024-10-29,,,5964.0,CL-2023-to-present.pdf,5970.0,2024-10-28,5297.0,5282.0,-0.0010050251256281673,decrease,CL-1,101,120,0.05,False,False,False
CL,2024-10-30,,,5970.0,CL-2023-to-present.pdf,5964.0,2024-10-29,5297.0,5297.0,0.001006036217303885,increase,CL-1,86,120,0.076,False,False,False
CL,2024-10-31,,,5973.0,CL-2023-to-present.pdf,5970.0,2024-10-30,5297.0,5297.0,0.0005025125628139726,increase,CL-1,94,120,0.059,False,False,False
CL,2024-11-01,,,5990.0,CL-2023-to-present.pdf,5973.0,2024-10-31,5334.0,5297.0,0.0028461409676878713,increase,CL-1,116,120,0.025,False,False,False
CL,2024-11-04,,,5988.0,CL-2023-to-present.pdf,5990.0,2024-11-01,5322.0,5334.0,-0.00033388981636062187,decrease,CL-1,107,120,0.034,False,False,False
CL,2024-11-05,,,6002.0,CL-2023-to-present.pdf,5988.0,2024-11-04,5313.0,5322.0,0.002338009352037318,increase,CL-1,100,120,0.118,False,False,False
CL,2024-11-06,,,6007.0,CL-2023-to-present.pdf,6002.0,2024-11-05,5309.0,5313.0,0.000833055648117309,increase,CL-1,53,120,0.067,False,False,False
CL,2024-11-07,,,6014.0,CL-2023-to-present.pdf,6007.0,2024-11-06,5319.0,5309.0,0.0011653071416679595,increase,CL-1,88,120,0.042,False,False,False
CL,2024-11-08,,,6014.0,CL-2023-to-present.pdf,6014.0,2024-11-07,5341.0,5319.0,0.0,short_side_only_change,CL-1,100,120,0.017,False,False,False
CL,2024-11-11,,,6013.0,CL-2023-to-present.pdf,6014.0,2024-11-08,5347.0,5341.0,-0.00016627868307284022,decrease,CL-1,102,120,0.059,False,False,False
CL,2024-11-12,,,6023.0,CL-2023-to-present.pdf,6013.0,2024-11-11,5349.0,5347.0,0.0016630633627141567,increase,CL-1,92,120,0.025,False,False,False
CL,2024-11-13,,,6039.0,CL-2023-to-present.pdf,6023.0,2024-11-12,5342.0,5349.0,0.0026564834799933656,increase,CL-1,81,120,0.05,False,False,False
CL,2024-11-14,,,6051.0,CL-2023-to-present.pdf,6039.0,2024-11-13,5326.0,5342.0,0.001987083954297031,increase,CL-1,87,120,0.05,False,False,False
CL,2024-11-15,,,6056.0,CL-2023-to-present.pdf,6051.0,2024-11-14,5320.0,5326.0,0.0008263097008758269,increase,CL-1,99,120,0.042,False,False,False
CL,2024-11-18,,,6085.0,CL-2023-to-present.pdf,6056.0,2024-11-15,5319.0,5320.0,0.0047886393659180015,increase,CL-1,99,120,0.034,False,False,False
CL,2024-11-19,,,6117.0,CL-2023-to-present.pdf,6085.0,2024-11-18,5305.0,5319.0,0.005258833196384538,increase,CL-1,87,120,0.059,False,False,False
CL,2024-11-20,,,6120.0,CL-2023-to-present.pdf,6117.0,2024-11-19,5318.0,5305.0,0.0004904364884747991,increase,CL-1,83,120,0.076,False,False,False
CL,2024-11-21,,,5977.0,CL-2023-to-present.pdf,6120.0,2024-11-20,5258.0,5318.0,-0.023366013071895453,decrease,CL-1,108,120,0.025,False,False,False
CL,2024-11-22,,,5979.0,CL-2023-to-present.pdf,5977.0,2024-11-21,5265.0,5258.0,0.00033461602810769264,increase,CL-1,100,120,0.042,False,False,False
CL,2024-11-25,,,5970.0,CL-2023-to-present.pdf,5979.0,2024-11-22,5267.0,5265.0,-0.0015052684395383542,decrease,CL-1,107,120,0.05,False,False,False
CL,2024-11-26,,,5976.0,CL-2023-to-present.pdf,5970.0,2024-11-25,5283.0,5267.0,0.0010050251256281673,increase,CL-1,73,120,0.101,False,False,False
CL,2024-11-27,,,5984.0,CL-2023-to-present.pdf,5976.0,2024-11-26,5281.0,5283.0,0.0013386880856760541,increase,CL-1,75,120,0.042,False,False,False
CL,2024-11-29,,,5986.0,CL-2023-to-present.pdf,5984.0,2024-11-28,5279.0,5281.0,0.00033422459893039935,increase,CL-1,81,120,0.059,False,False,False
CL,2024-12-02,,,5994.0,CL-2023-to-present.pdf,5986.0,2024-11-29,5292.0,5279.0,0.0013364517206815307,increase,CL-1,75,120,0.059,False,False,False
CL,2024-12-03,,,5994.0,CL-2023-to-present.pdf,5994.0,2024-12-02,5296.0,5292.0,0.0,short_side_only_change,CL-1,106,120,0.067,False,False,False
CL,2024-12-04,,,6015.0,CL-2023-to-present.pdf,5994.0,2024-12-03,5234.0,5296.0,0.003503503503503591,increase,CL-1,114,120,0.034,False,False,False
CL,2024-12-05,,,6013.0,CL-2023-to-present.pdf,6015.0,2024-12-04,5219.0,5234.0,-0.00033250207813795285,decrease,CL-1,100,120,0.034,False,False,False
CL,2024-12-06,,,6014.0,CL-2023-to-present.pdf,6013.0,2024-12-05,5231.0,5219.0,0.00016630633627134905,increase,CL-1,84,120,0.05,False,False,False
CL,2024-12-09,,,6024.0,CL-2023-to-present.pdf,6014.0,2024-12-06,5238.0,5231.0,0.0016627868307284022,increase,CL-1,102,120,0.076,False,False,False
CL,2024-12-10,,,6026.0,CL-2023-to-present.pdf,6024.0,2024-12-09,5246.0,5238.0,0.00033200531208499307,increase,CL-1,75,120,0.042,False,False,False
CL,2024-12-11,,,6030.0,CL-2023-to-present.pdf,6026.0,2024-12-10,5265.0,5246.0,0.0006637902422834685,increase,CL-1,93,120,0.017,False,False,False
CL,2024-12-12,,,6037.0,CL-2023-to-present.pdf,6030.0,2024-12-11,5278.0,5265.0,0.0011608623548922115,increase,CL-1,102,120,0.042,False,False,False
CL,2024-12-13,,,6048.0,CL-2023-to-present.pdf,6037.0,2024-12-12,5291.0,5278.0,0.0018220970680802306,increase,CL-1,81,120,0.0,False,False,False
CL,2024-12-16,,,6053.0,CL-2023-to-present.pdf,6048.0,2024-12-13,5307.0,5291.0,0.0008267195767195368,increase,CL-1,97,120,0.042,False,False,False
CL,2024-12-17,,,6057.0,CL-2023-to-present.pdf,6053.0,2024-12-16,5324.0,5307.0,0.0006608293408227883,increase,CL-1,58,120,0.059,False,False,False
CL,2024-12-18,,,6077.0,CL-2023-to-present.pdf,6057.0,2024-12-17,5345.0,5324.0,0.00330196466897803,increase,CL-1,92,120,0.042,False,False,False
CL,2024-12-19,,,6076.0,CL-2023-to-present.pdf,6077.0,2024-12-18,5340.0,5345.0,-0.00016455487905220334,decrease,CL-1,108,120,0.067,False,False,False
CL,2024-12-20,,,6007.0,CL-2023-to-present.pdf,6076.0,2024-12-19,5267.0,5340.0,-0.011356155365371934,decrease,CL-1,79,120,0.05,False,False,False
CL,2024-12-23,,,6005.0,CL-2023-to-present.pdf,6007.0,2024-12-20,5258.0,5267.0,-0.00033294489761948043,decrease,CL-1,76,120,0.025,False,False,False
CL,2024-12-24,,,6014.0,CL-2023-to-present.pdf,6005.0,2024-12-23,5260.0,5258.0,0.0014987510407993287,increase,CL-1,86,120,0.05,False,False,False
CL,2024-12-26,,,6010.0,CL-2023-to-present.pdf,6014.0,2024-12-25,5251.0,5260.0,-0.0006651147322913609,decrease,CL-1,55,120,0.042,False,False,False
CL,2024-12-27,,,6016.0,CL-2023-to-present.pdf,6010.0,2024-12-26,5242.0,5251.0,0.0009983361064891394,increase,CL-1,84,120,0.067,False,False,False
CL,2024-12-30,,,6022.0,CL-2023-to-present.pdf,6016.0,2024-12-27,5232.0,5242.0,0.0009973404255319007,increase,CL-1,78,120,0.059,False,False,False
CL,2024-12-31,,,6026.0,CL-2023-to-present.pdf,6022.0,2024-12-30,5227.0,5232.0,0.0006642311524409639,increase,CL-1,93,120,0.042,False,False,False
CL,2025-01-02,,,6019.0,CL-2023-to-present.pdf,6026.0,2024-12-31,5221.0,5227.0,-0.0011616329239960699,decrease,CL-1,94,120,0.084,False,False,False
CL,2025-01-03,,,6024.0,CL-2023-to-present.pdf,6019.0,2025-01-02,5213.0,5221.0,0.0008307027745473317,increase,CL-1,93,120,0.034,False,False,False
CL,2025-01-06,,,6041.0,CL-2023-to-present.pdf,6024.0,2025-01-03,5229.0,5213.0,0.002822045152722552,increase,CL-1,104,120,0.042,False,False,False
CL,2025-01-07,,,6043.0,CL-2023-to-present.pdf,6041.0,2025-01-06,5238.0,5229.0,0.00033107101473262013,increase,CL-1,91,120,0.008,False,False,False
CL,2025-01-08,,,6038.0,CL-2023-to-present.pdf,6043.0,2025-01-07,5239.0,5238.0,-0.000827403607479682,decrease,CL-1,92,120,0.042,False,False,False
CL,2025-01-09,,,6042.0,CL-2023-to-present.pdf,6038.0,2025-01-08,5257.0,5239.0,0.0006624710168929848,increase,CL-1,90,120,0.025,False,False,False
CL,2025-01-10,,,6018.0,CL-2023-to-present.pdf,6042.0,2025-01-09,5294.0,5257.0,-0.003972194637537285,decrease,CL-1,110,120,0.059,False,False,False
CL,2025-01-13,,,5935.0,CL-2023-to-present.pdf,6018.0,2025-01-10,5291.0,5294.0,-0.013791957460950521,decrease,CL-1,112,120,0.05,False,False,False
CL,2025-01-14,,,5946.0,CL-2023-to-present.pdf,5935.0,2025-01-13,5315.0,5291.0,0.0018534119629316503,increase,CL-1,91,120,0.05,False,False,False
CL,2025-01-15,,,5909.0,CL-2023-to-present.pdf,5946.0,2025-01-14,5308.0,5315.0,-0.006222670702993649,decrease,CL-1,112,120,0.025,False,False,False
CL,2025-01-16,,,5927.0,CL-2023-to-present.pdf,5909.0,2025-01-15,5313.0,5308.0,0.0030462007107801004,increase,CL-1,80,120,0.076,False,False,False
CL,2025-01-17,,,5956.0,CL-2023-to-present.pdf,5927.0,2025-01-16,5345.0,5313.0,0.004892863168550754,increase,CL-1,58,120,0.042,False,False,False
CL,2025-01-21,,,5948.0,CL-2023-to-present.pdf,5956.0,2025-01-20,5399.0,5345.0,-0.001343183344526544,decrease,CL-1,91,120,0.092,False,False,False
CL,2025-01-22,,,5834.0,CL-2023-to-present.pdf,5948.0,2025-01-21,5217.0,5399.0,-0.01916610625420312,decrease,CL-1,82,120,0.076,False,False,False
CL,2025-01-23,,,5831.0,CL-2023-to-present.pdf,5834.0,2025-01-22,5218.0,5217.0,-0.000514226945491969,decrease,CL-1,49,120,0.059,False,False,False
CL,2025-01-24,,,5829.0,CL-2023-to-present.pdf,5831.0,2025-01-23,5227.0,5218.0,-0.0003429943405933722,decrease,CL-1,92,120,0.025,False,False,False
CL,2025-01-27,,,5838.0,CL-2023-to-present.pdf,5829.0,2025-01-24,5230.0,5227.0,0.0015440041173442332,increase,CL-1,94,120,0.034,False,False,False
CL,2025-01-28,,,5830.0,CL-2023-to-present.pdf,5838.0,2025-01-27,5225.0,5230.0,-0.0013703323055841432,decrease,CL-1,70,120,0.05,False,False,False
CL,2025-01-29,,,5835.0,CL-2023-to-present.pdf,5830.0,2025-01-28,5227.0,5225.0,0.0008576329331047017,increase,CL-1,61,120,0.067,False,False,False
CL,2025-01-30,,,5836.0,CL-2023-to-present.pdf,5835.0,2025-01-29,5231.0,5227.0,0.0001713796058269157,increase,CL-1,83,120,0.067,False,False,False
CL,2025-01-31,,,5838.0,CL-2023-to-present.pdf,5836.0,2025-01-30,5234.0,5231.0,0.00034270047978068874,increase,CL-1,69,120,0.05,False,False,False
CL,2025-02-03,,,5837.0,CL-2023-to-present.pdf,5838.0,2025-01-31,5237.0,5234.0,-0.00017129153819805953,decrease,CL-1,91,120,0.05,False,False,False
CL,2025-02-04,,,5825.0,CL-2023-to-present.pdf,5837.0,2025-02-03,5252.0,5237.0,-0.002055850608189136,decrease,CL-1,92,120,0.025,False,False,False
CL,2025-02-05,,,5832.0,CL-2023-to-present.pdf,5825.0,2025-02-04,5269.0,5252.0,0.001201716738197467,increase,CL-1,104,120,0.025,False,False,False
CL,2025-02-06,,,5829.0,CL-2023-to-present.pdf,5832.0,2025-02-05,5271.0,5269.0,-0.0005144032921811093,decrease,CL-1,90,120,0.025,False,False,False
CL,2025-02-07,,,5840.0,CL-2023-to-present.pdf,5829.0,2025-02-06,5284.0,5271.0,0.0018871161434208528,increase,CL-1,88,120,0.034,False,False,False
CL,2025-02-10,,,5848.0,CL-2023-to-present.pdf,5840.0,2025-02-07,5283.0,5284.0,0.00136986301369868,increase,CL-1,77,120,0.101,False,False,False
CL,2025-02-11,,,5859.0,CL-2023-to-present.pdf,5848.0,2025-02-10,5299.0,5283.0,0.0018809849521204125,increase,CL-1,105,120,0.008,False,False,False
CL,2025-02-12,,,5862.0,CL-2023-to-present.pdf,5859.0,2025-02-11,5291.0,5299.0,0.0005120327700973704,increase,CL-1,94,120,0.067,False,False,False
CL,2025-02-13,,,5881.0,CL-2023-to-present.pdf,5862.0,2025-02-12,5317.0,5291.0,0.003241214602524689,increase,CL-1,89,120,0.05,False,False,False
CL,2025-02-14,,,5890.0,CL-2023-to-present.pdf,5881.0,2025-02-13,5356.0,5317.0,0.0015303519809555244,increase,CL-1,63,120,0.042,False,False,False
CL,2025-02-18,,,5903.0,CL-2023-to-present.pdf,5890.0,2025-02-17,5356.0,5356.0,0.0022071307300508547,increase,CL-1,105,120,0.067,False,False,False
CL,2025-02-19,,,5918.0,CL-2023-to-present.pdf,5903.0,2025-02-18,5426.0,5356.0,0.002541080806369722,increase,CL-1,72,120,0.076,False,False,False
CL,2025-02-20,,,5939.0,CL-2023-to-present.pdf,5918.0,2025-02-19,5459.0,5426.0,0.003548496113551902,increase,CL-1,99,120,0.025,False,False,False
CL,2025-02-21,,,5818.0,CL-2023-to-present.pdf,5939.0,2025-02-20,5248.0,5459.0,-0.020373800303081335,decrease,CL-1,104,120,0.025,False,False,False
CL,2025-02-24,,,5817.0,CL-2023-to-present.pdf,5818.0,2025-02-21,5243.0,5248.0,-0.00017188037126159017,decrease,CL-1,83,120,0.017,False,False,False
CL,2025-02-25,,,5826.0,CL-2023-to-present.pdf,5817.0,2025-02-24,5241.0,5243.0,0.0015471892728209369,increase,CL-1,106,120,0.042,False,False,False
CL,2025-02-26,,,5830.0,CL-2023-to-present.pdf,5826.0,2025-02-25,5244.0,5241.0,0.000686577411603162,increase,CL-1,82,120,0.034,False,False,False
CL,2025-02-27,,,5838.0,CL-2023-to-present.pdf,5830.0,2025-02-26,5247.0,5244.0,0.0013722126929673895,increase,CL-1,105,120,0.092,False,False,False
CL,2025-02-28,,,5849.0,CL-2023-to-present.pdf,5838.0,2025-02-27,5236.0,5247.0,0.0018842069201780998,increase,CL-1,102,120,0.025,False,False,False
CL,2025-03-03,,,5851.0,CL-2023-to-present.pdf,5849.0,2025-02-28,5242.0,5236.0,0.00034193879295596474,increase,CL-1,107,120,0.042,False,False,False
CL,2025-03-04,,,5839.0,CL-2023-to-present.pdf,5851.0,2025-03-03,5242.0,5242.0,-0.0020509314647069177,decrease,CL-1,110,120,0.034,False,False,False
CL,2025-03-05,,,5856.0,CL-2023-to-present.pdf,5839.0,2025-03-04,5244.0,5242.0,0.002911457441342691,increase,CL-1,107,120,0.025,False,False,False
CL,2025-03-06,,,5863.0,CL-2023-to-present.pdf,5856.0,2025-03-05,5243.0,5244.0,0.0011953551912569083,increase,CL-1,98,120,0.025,False,False,False
CL,2025-03-07,,,5873.0,CL-2023-to-present.pdf,5863.0,2025-03-06,5249.0,5243.0,0.0017056114617091112,increase,CL-1,100,120,0.042,False,False,False
CL,2025-03-10,,,5868.0,CL-2023-to-present.pdf,5873.0,2025-03-07,5265.0,5249.0,-0.0008513536523071519,decrease,CL-1,109,120,0.008,False,False,False
CL,2025-03-11,,,5876.0,CL-2023-to-present.pdf,5868.0,2025-03-10,5272.0,5265.0,0.0013633265167007913,increase,CL-1,63,120,0.025,False,False,False
CL,2025-03-12,,,5892.0,CL-2023-to-present.pdf,5876.0,2025-03-11,5235.0,5272.0,0.002722940776038074,increase,CL-1,104,120,0.025,False,False,False
CL,2025-03-13,,,5894.0,CL-2023-to-present.pdf,5892.0,2025-03-12,5239.0,5235.0,0.0003394433129666474,increase,CL-1,81,120,0.025,False,False,False
CL,2025-03-14,,,5891.0,CL-2023-to-present.pdf,5894.0,2025-03-13,5248.0,5239.0,-0.000508992195452973,decrease,CL-1,104,120,0.017,False,False,False
CL,2025-03-17,,,5902.0,CL-2023-to-present.pdf,5891.0,2025-03-14,5265.0,5248.0,0.001867255134951673,increase,CL-1,111,120,0.034,False,False,False
CL,2025-03-18,,,5915.0,CL-2023-to-present.pdf,5902.0,2025-03-17,5295.0,5265.0,0.0022026431718060735,increase,CL-1,70,120,0.008,False,False,False
CL,2025-03-19,,,5937.0,CL-2023-to-present.pdf,5915.0,2025-03-18,5337.0,5295.0,0.0037193575655114497,increase,CL-1,68,120,0.025,False,False,False
CL,2025-03-20,,,5930.0,CL-2023-to-present.pdf,5937.0,2025-03-19,5335.0,5337.0,-0.001179046656560545,decrease,CL-1,103,120,0.017,False,False,False
CL,2025-03-21,,,5868.0,CL-2023-to-present.pdf,5930.0,2025-03-20,5219.0,5335.0,-0.010455311973018522,decrease,CL-1,68,120,0.025,False,False,False
CL,2025-03-24,,,5872.0,CL-2023-to-present.pdf,5868.0,2025-03-21,5226.0,5219.0,0.0006816632583503957,increase,CL-1,90,120,0.067,False,False,False
CL,2025-03-25,,,5876.0,CL-2023-to-present.pdf,5872.0,2025-03-24,5221.0,5226.0,0.0006811989100816707,increase,CL-1,72,120,0.017,False,False,False
CL,2025-03-26,,,5868.0,CL-2023-to-present.pdf,5876.0,2025-03-25,5206.0,5221.0,-0.001361470388019037,decrease,CL-1,100,120,0.025,False,False,False
CL,2025-03-27,,,5852.0,CL-2023-to-present.pdf,5868.0,2025-03-26,5189.0,5206.0,-0.0027266530334014716,decrease,CL-1,85,120,0.025,False,False,False
CL,2025-03-28,,,5839.0,CL-2023-to-present.pdf,5852.0,2025-03-27,5184.0,5189.0,-0.0022214627477785687,decrease,CL-1,104,120,0.025,False,False,False
CL,2025-03-31,,,5867.0,CL-2023-to-present.pdf,5839.0,2025-03-28,5195.0,5184.0,0.004795341668093922,increase,CL-1,106,120,0.017,False,False,False
CL,2025-04-01,,,5868.0,CL-2023-to-present.pdf,5867.0,2025-03-31,5169.0,5195.0,0.00017044486108752643,increase,CL-1,66,120,0.025,False,False,False
CL,2025-04-02,,,5867.0,CL-2023-to-present.pdf,5868.0,2025-04-01,5178.0,5169.0,-0.0001704158145875434,decrease,CL-1,77,120,0.05,False,False,False
CL,2025-04-03,,,5942.0,CL-2023-to-present.pdf,5867.0,2025-04-02,5193.0,5178.0,0.012783364581557821,increase,CL-1,115,120,0.017,False,False,False
CL,2025-04-04,,,6029.0,CL-2023-to-present.pdf,5942.0,2025-04-03,5182.0,5193.0,0.014641534836755232,increase,CL-1,105,120,0.076,False,False,False
CL,2025-04-07,,,6007.0,CL-2023-to-present.pdf,6029.0,2025-04-04,5234.0,5182.0,-0.0036490296898324948,decrease,CL-1,109,120,0.025,False,False,False
CL,2025-04-08,,,6005.0,CL-2023-to-present.pdf,6007.0,2025-04-07,5200.0,5234.0,-0.00033294489761948043,decrease,CL-1,108,120,0.025,False,False,False
CL,2025-04-09,,,6026.0,CL-2023-to-present.pdf,6005.0,2025-04-08,5190.0,5200.0,0.0034970857618650264,increase,CL-1,117,120,0.034,False,False,False
CL,2025-04-10,,,6034.0,CL-2023-to-present.pdf,6026.0,2025-04-09,5206.0,5190.0,0.001327580484566937,increase,CL-1,89,120,0.025,False,False,False
CL,2025-04-11,,,6040.0,CL-2023-to-present.pdf,6034.0,2025-04-10,5208.0,5206.0,0.0009943652635067135,increase,CL-1,99,120,0.067,False,False,False
CL,2025-04-14,,,6039.0,CL-2023-to-present.pdf,6040.0,2025-04-11,5231.0,5208.0,-0.00016556291390723565,decrease,CL-1,73,120,0.008,False,False,False
CL,2025-04-15,,,6042.0,CL-2023-to-present.pdf,6039.0,2025-04-14,5230.0,5231.0,0.0004967709885743687,increase,CL-1,90,120,0.034,False,False,False
CL,2025-04-16,,,5991.0,CL-2023-to-present.pdf,6042.0,2025-04-15,5194.0,5230.0,-0.00844091360476662,decrease,CL-1,116,120,0.05,False,False,False
CL,2025-04-17,,,6017.0,CL-2023-to-present.pdf,5991.0,2025-04-16,5187.0,5194.0,0.0043398430979804115,increase,CL-1,89,120,0.017,False,False,False
CL,2025-04-21,,,6029.0,CL-2023-to-present.pdf,6017.0,2025-04-18,5237.0,5187.0,0.0019943493435266024,increase,CL-1,110,120,0.042,False,False,False
CL,2025-04-22,,,6038.0,CL-2023-to-present.pdf,6029.0,2025-04-21,5225.0,5237.0,0.0014927848731132176,increase,CL-1,89,120,0.017,False,False,False
CL,2025-04-23,,,6013.0,CL-2023-to-present.pdf,6038.0,2025-04-22,5170.0,5225.0,-0.004140443855581322,decrease,CL-1,113,120,0.05,False,False,False
CL,2025-04-24,,,6004.0,CL-2023-to-present.pdf,6013.0,2025-04-23,5168.0,5170.0,-0.0014967570264426966,decrease,CL-1,89,120,0.059,False,False,False
CL,2025-04-25,,,6012.0,CL-2023-to-present.pdf,6004.0,2025-04-24,5174.0,5168.0,0.0013324450366423157,increase,CL-1,84,120,0.076,False,False,False
CL,2025-04-28,,,6003.0,CL-2023-to-present.pdf,6012.0,2025-04-25,5172.0,5174.0,-0.0014970059880239361,decrease,CL-1,76,120,0.042,False,False,False
CL,2025-04-29,,,6018.0,CL-2023-to-present.pdf,6003.0,2025-04-28,5191.0,5172.0,0.002498750624687629,increase,CL-1,102,120,0.017,False,False,False
CL,2025-04-30,,,5987.0,CL-2023-to-present.pdf,6018.0,2025-04-29,5197.0,5191.0,-0.005151213027583923,decrease,CL-1,109,120,0.017,False,False,False
CL,2025-05-01,,,5986.0,CL-2023-to-present.pdf,5987.0,2025-04-30,5214.0,5197.0,-0.0001670285618841083,decrease,CL-1,93,120,0.042,False,False,False
CL,2025-05-02,,,6019.0,CL-2023-to-present.pdf,5986.0,2025-05-01,5203.0,5214.0,0.005512863347811647,increase,CL-1,108,120,0.025,False,False,False
CL,2025-05-05,,,5999.0,CL-2023-to-present.pdf,6019.0,2025-05-02,5191.0,5203.0,-0.0033228110981891046,decrease,CL-1,108,120,0.008,False,False,False
CL,2025-05-06,,,6023.0,CL-2023-to-present.pdf,5999.0,2025-05-05,5201.0,5191.0,0.004000666777796313,increase,CL-1,102,120,0.025,False,False,False
CL,2025-05-07,,,6008.0,CL-2023-to-present.pdf,6023.0,2025-05-06,5197.0,5201.0,-0.0024904532624937525,decrease,CL-1,96,120,0.034,False,False,False
CL,2025-05-08,,,6019.0,CL-2023-to-present.pdf,6008.0,2025-05-07,5209.0,5197.0,0.0018308921438081605,increase,CL-1,91,120,0.017,False,False,False
CL,2025-05-09,,,6030.0,CL-2023-to-present.pdf,6019.0,2025-05-08,5219.0,5209.0,0.0018275461040040408,increase,CL-1,71,120,0.067,False,False,False
CL,2025-05-12,,,6011.0,CL-2023-to-present.pdf,6030.0,2025-05-09,5220.0,5219.0,-0.003150912106135939,decrease,CL-1,92,120,0.05,False,False,False
CL,2025-05-13,,,6030.0,CL-2023-to-present.pdf,6011.0,2025-05-12,5223.0,5220.0,0.0031608717351521154,increase,CL-1,109,120,0.017,False,False,False
CL,2025-05-14,,,6023.0,CL-2023-to-present.pdf,6030.0,2025-05-13,5219.0,5223.0,-0.0011608623548922115,decrease,CL-1,87,120,0.034,False,False,False
CL,2025-05-15,,,6031.0,CL-2023-to-present.pdf,6023.0,2025-05-14,5202.0,5219.0,0.0013282417399966828,increase,CL-1,106,120,0.025,False,False,False
CL,2025-05-16,,,6029.0,CL-2023-to-present.pdf,6031.0,2025-05-15,5209.0,5202.0,-0.0003316199635218231,decrease,CL-1,56,120,0.067,False,False,False
CL,2025-05-19,,,6035.0,CL-2023-to-present.pdf,6029.0,2025-05-16,5218.0,5209.0,0.0009951899154088117,increase,CL-1,75,120,0.067,False,False,False
CL,2025-05-20,,,6025.0,CL-2023-to-present.pdf,6035.0,2025-05-19,5257.0,5218.0,-0.001657000828500399,decrease,CL-1,84,120,0.034,False,False,False
CL,2025-05-21,,,6003.0,CL-2023-to-present.pdf,6025.0,2025-05-20,5191.0,5257.0,-0.0036514522821576856,decrease,CL-1,40,120,0.076,False,False,False
CL,2025-05-22,,,5993.0,CL-2023-to-present.pdf,6003.0,2025-05-21,5182.0,5191.0,-0.0016658337497917897,decrease,CL-1,95,120,0.067,False,False,False
CL,2025-05-23,,,6003.0,CL-2023-to-present.pdf,5993.0,2025-05-22,5176.0,5182.0,0.0016686133822794158,increase,CL-1,87,120,0.067,False,False,False
CL,2025-05-27,,,6004.0,CL-2023-to-present.pdf,6003.0,2025-05-26,5182.0,5176.0,0.00016658337497910125,increase,CL-1,70,120,0.05,False,False,False
CL,2025-05-28,,,6011.0,CL-2023-to-present.pdf,6004.0,2025-05-27,5177.0,5182.0,0.0011658894070618597,increase,CL-1,73,120,0.025,False,False,False
CL,2025-05-29,,,5996.0,CL-2023-to-present.pdf,6011.0,2025-05-28,5179.0,5177.0,-0.002495425054067524,decrease,CL-1,89,120,0.118,False,False,False
CL,2025-05-30,,,5994.0,CL-2023-to-present.pdf,5996.0,2025-05-29,5180.0,5179.0,-0.00033355570380255717,decrease,CL-1,61,120,0.034,False,False,False
CL,2025-06-02,,,6008.0,CL-2023-to-present.pdf,5994.0,2025-05-30,5172.0,5180.0,0.0023356690023357274,increase,CL-1,94,120,0.05,False,False,False
CL,2025-06-03,,,6010.0,CL-2023-to-present.pdf,6008.0,2025-06-02,5181.0,5172.0,0.0003328894806924332,increase,CL-1,86,120,0.05,False,False,False
CL,2025-06-04,,,6011.0,CL-2023-to-present.pdf,6010.0,2025-06-03,5186.0,5181.0,0.00016638935108148623,increase,CL-1,86,120,0.042,False,False,False
CL,2025-06-05,,,6025.0,CL-2023-to-present.pdf,6011.0,2025-06-04,5197.0,5186.0,0.002329063383796459,increase,CL-1,91,120,0.05,False,False,False
CL,2025-06-06,,,6008.0,CL-2023-to-present.pdf,6025.0,2025-06-05,5177.0,5197.0,-0.0028215767634854894,decrease,CL-1,89,120,0.059,False,False,False
CL,2025-06-09,,,6028.0,CL-2023-to-present.pdf,6008.0,2025-06-06,5197.0,5177.0,0.0033288948069241098,increase,CL-1,97,120,0.034,False,False,False
CL,2025-06-10,,,6013.0,CL-2023-to-present.pdf,6028.0,2025-06-09,5189.0,5197.0,-0.002488387524883895,decrease,CL-1,115,120,0.034,False,False,False
CL,2025-06-11,,,6013.0,CL-2023-to-present.pdf,6013.0,2025-06-10,5207.0,5189.0,0.0,short_side_only_change,CL-1,99,120,0.042,False,False,False
CL,2025-06-12,,,6019.0,CL-2023-to-present.pdf,6013.0,2025-06-11,5202.0,5207.0,0.0009978380176285384,increase,CL-1,91,120,0.067,False,False,False
CL,2025-06-13,,,6013.0,CL-2023-to-present.pdf,6019.0,2025-06-12,5231.0,5202.0,-0.0009968433294567092,decrease,CL-1,109,120,0.05,False,False,False
CL,2025-06-16,,,5994.0,CL-2023-to-present.pdf,6013.0,2025-06-13,5235.0,5231.0,-0.0031598203891568533,decrease,CL-1,104,120,0.059,False,False,False
CL,2025-06-17,,,6008.0,CL-2023-to-present.pdf,5994.0,2025-06-16,5255.0,5235.0,0.0023356690023357274,increase,CL-1,90,120,0.025,False,False,False
CL,2025-06-18,,,6022.0,CL-2023-to-present.pdf,6008.0,2025-06-17,5248.0,5255.0,0.0023302263648468102,increase,CL-1,101,120,0.059,False,False,False
CL,2025-06-20,,,6055.0,CL-2023-to-present.pdf,6022.0,2025-06-19,5262.0,5248.0,0.0054799070076385625,increase,CL-1,94,120,0.05,False,False,False
CL,2025-06-23,,,5992.0,CL-2023-to-present.pdf,6055.0,2025-06-20,5328.0,5262.0,-0.010404624277456698,decrease,CL-1,116,120,0.042,False,False,False
CL,2025-06-24,,,6192.0,CL-2023-to-present.pdf,5992.0,2025-06-23,5517.0,5328.0,0.03337783711615483,increase,CL-1,120,120,0.0,False,False,False
CL,2025-06-25,,,6177.0,CL-2023-to-present.pdf,6192.0,2025-06-24,5503.0,5517.0,-0.002422480620155043,decrease,CL-1,88,120,0.05,False,False,False
CL,2025-06-26,,,6182.0,CL-2023-to-present.pdf,6177.0,2025-06-25,5499.0,5503.0,0.0008094544277157389,increase,CL-1,75,120,0.042,False,False,False
CL,2025-06-27,,,6160.0,CL-2023-to-present.pdf,6182.0,2025-06-26,5471.0,5499.0,-0.003558718861209953,decrease,CL-1,115,120,0.042,False,False,False
CL,2025-06-30,,,6164.0,CL-2023-to-present.pdf,6160.0,2025-06-27,5470.0,5471.0,0.0006493506493505663,increase,CL-1,97,120,0.034,False,False,False
CL,2025-07-01,,,6162.0,CL-2023-to-present.pdf,6164.0,2025-06-30,5469.0,5470.0,-0.00032446463335500386,decrease,CL-1,91,120,0.034,False,False,False
CL,2025-07-02,,,6177.0,CL-2023-to-present.pdf,6162.0,2025-07-01,5488.0,5469.0,0.0024342745861734016,increase,CL-1,107,120,0.067,False,False,False
CL,2025-07-03,,,6178.0,CL-2023-to-present.pdf,6177.0,2025-07-02,5498.0,5488.0,0.0001618908855431922,increase,CL-1,59,120,0.025,False,False,False
CL,2025-07-07,,,6181.0,CL-2023-to-present.pdf,6178.0,2025-07-04,5497.0,5498.0,0.00048559404337966683,increase,CL-1,92,120,0.05,False,False,False
CL,2025-07-08,,,6191.0,CL-2023-to-present.pdf,6181.0,2025-07-07,5513.0,5497.0,0.0016178611875101723,increase,CL-1,99,120,0.042,False,False,False
CL,2025-07-09,,,6201.0,CL-2023-to-present.pdf,6191.0,2025-07-08,5531.0,5513.0,0.0016152479405588949,increase,CL-1,93,120,0.008,False,False,False
CL,2025-07-10,,,6188.0,CL-2023-to-present.pdf,6201.0,2025-07-09,5525.0,5531.0,-0.002096436058700246,decrease,CL-1,102,120,0.067,False,False,False
CL,2025-07-11,,,6189.0,CL-2023-to-present.pdf,6188.0,2025-07-10,5506.0,5525.0,0.0001616031027795728,increase,CL-1,109,120,0.034,False,False,False
CL,2025-07-14,,,6199.0,CL-2023-to-present.pdf,6189.0,2025-07-11,5544.0,5506.0,0.0016157699143641846,increase,CL-1,101,120,0.05,False,False,False
CL,2025-07-15,,,6194.0,CL-2023-to-present.pdf,6199.0,2025-07-14,5551.0,5544.0,-0.0008065817067268721,decrease,CL-1,77,120,0.067,False,False,False
CL,2025-07-16,,,6201.0,CL-2023-to-present.pdf,6194.0,2025-07-15,5566.0,5551.0,0.0011301259283176268,increase,CL-1,88,120,0.042,False,False,False
CL,2025-07-17,,,6202.0,CL-2023-to-present.pdf,6201.0,2025-07-16,5554.0,5566.0,0.00016126431220775395,increase,CL-1,96,120,0.034,False,False,False
CL,2025-07-18,,,6188.0,CL-2023-to-present.pdf,6202.0,2025-07-17,5532.0,5554.0,-0.0022573363431150906,decrease,CL-1,110,120,0.025,False,False,False
CL,2025-07-21,,,6188.0,CL-2023-to-present.pdf,6188.0,2025-07-18,5508.0,5532.0,0.0,short_side_only_change,CL-1,61,120,0.067,False,False,False
CL,2025-07-22,,,6212.0,CL-2023-to-present.pdf,6188.0,2025-07-21,5534.0,5508.0,0.003878474466709747,increase,CL-1,83,120,0.042,False,False,False
CL,2025-07-23,,,6205.0,CL-2023-to-present.pdf,6212.0,2025-07-22,5503.0,5534.0,-0.0011268512556342758,decrease,CL-1,114,120,0.034,False,False,False
CL,2025-07-24,,,6209.0,CL-2023-to-present.pdf,6205.0,2025-07-23,5505.0,5503.0,0.0006446414182110782,increase,CL-1,62,120,0.059,False,False,False
CL,2025-07-25,,,6215.0,CL-2023-to-present.pdf,6209.0,2025-07-24,5513.0,5505.0,0.0009663391850538439,increase,CL-1,66,120,0.059,False,False,False
CL,2025-07-28,,,6229.0,CL-2023-to-present.pdf,6215.0,2025-07-25,5506.0,5513.0,0.002252614641995221,increase,CL-1,112,120,0.067,False,False,False
CL,2025-07-29,,,6221.0,CL-2023-to-present.pdf,6229.0,2025-07-28,5502.0,5506.0,-0.0012843152994059803,decrease,CL-1,104,120,0.05,False,False,False
CL,2025-07-30,,,6218.0,CL-2023-to-present.pdf,6221.0,2025-07-29,5483.0,5502.0,-0.0004822375823823055,decrease,CL-1,88,120,0.05,False,False,False
CL,2025-07-31,,,6211.0,CL-2023-to-present.pdf,6218.0,2025-07-30,5475.0,5483.0,-0.0011257639112254303,decrease,CL-1,115,120,0.025,False,False,False
CL,2025-08-01,,,6195.0,CL-2023-to-present.pdf,6211.0,2025-07-31,5482.0,5475.0,-0.002576074706166498,decrease,CL-1,106,120,0.067,False,False,False
CL,2025-08-04,,,6203.0,CL-2023-to-present.pdf,6195.0,2025-08-01,5499.0,5482.0,0.001291364003228379,increase,CL-1,108,120,0.034,False,False,False
CL,2025-08-05,,,6198.0,CL-2023-to-present.pdf,6203.0,2025-08-04,5494.0,5499.0,-0.0008060615831049223,decrease,CL-1,111,120,0.059,False,False,False
CL,2025-08-06,,,6201.0,CL-2023-to-present.pdf,6198.0,2025-08-05,5477.0,5494.0,0.0004840271055179812,increase,CL-1,94,120,0.05,False,False,False
CL,2025-08-07,,,6227.0,CL-2023-to-present.pdf,6201.0,2025-08-06,5455.0,5477.0,0.004192872117400492,increase,CL-1,109,120,0.067,False,False,False
CL,2025-08-08,,,6220.0,CL-2023-to-present.pdf,6227.0,2025-08-07,5428.0,5455.0,-0.0011241368235105353,decrease,CL-1,103,120,0.042,False,False,False
CL,2025-08-11,,,6211.0,CL-2023-to-present.pdf,6220.0,2025-08-08,5417.0,5428.0,-0.0014469453376205754,decrease,CL-1,73,120,0.034,False,False,False
CL,2025-08-12,,,6215.0,CL-2023-to-present.pdf,6211.0,2025-08-11,5427.0,5417.0,0.0006440186765415135,increase,CL-1,60,120,0.017,False,False,False
CL,2025-08-13,,,6213.0,CL-2023-to-present.pdf,6215.0,2025-08-12,5431.0,5427.0,-0.00032180209171361884,decrease,CL-1,45,120,0.025,False,False,False
CL,2025-08-14,,,6196.0,CL-2023-to-present.pdf,6213.0,2025-08-13,5413.0,5431.0,-0.0027361982938999274,decrease,CL-1,87,120,0.025,False,False,False
CL,2025-08-15,,,6204.0,CL-2023-to-present.pdf,6196.0,2025-08-14,5435.0,5413.0,0.0012911555842478606,increase,CL-1,87,120,0.025,False,False,False
CL,2025-08-18,,,6219.0,CL-2023-to-present.pdf,6204.0,2025-08-15,5453.0,5435.0,0.0024177949709864865,increase,CL-1,94,120,0.05,False,False,False
CL,2025-08-19,,,6237.0,CL-2023-to-present.pdf,6219.0,2025-08-18,5493.0,5453.0,0.0028943560057888007,increase,CL-1,106,120,0.059,False,False,False
CL,2025-08-20,,,6241.0,CL-2023-to-present.pdf,6237.0,2025-08-19,5494.0,5493.0,0.0006413339746673685,increase,CL-1,89,120,0.034,False,False,False
CL,2025-08-21,,,6212.0,CL-2023-to-present.pdf,6241.0,2025-08-20,5498.0,5494.0,-0.004646691235378975,decrease,CL-1,108,120,0.042,False,False,False
CL,2025-08-22,,,6216.0,CL-2023-to-present.pdf,6212.0,2025-08-21,5491.0,5498.0,0.0006439150032195862,increase,CL-1,107,120,0.025,False,False,False
CL,2025-08-25,,,6230.0,CL-2023-to-present.pdf,6216.0,2025-08-22,5490.0,5491.0,0.0022522522522523403,increase,CL-1,69,120,0.025,False,False,False
CL,2025-08-26,,,6226.0,CL-2023-to-present.pdf,6230.0,2025-08-25,5497.0,5490.0,-0.0006420545746388395,decrease,CL-1,85,120,0.042,False,False,False
CL,2025-08-27,,,6235.0,CL-2023-to-present.pdf,6226.0,2025-08-26,5430.0,5497.0,0.00144555091551557,increase,CL-1,116,120,0.025,False,False,False
CL,2025-08-28,,,6244.0,CL-2023-to-present.pdf,6235.0,2025-08-27,5437.0,5430.0,0.0014434643143543813,increase,CL-1,86,120,0.034,False,False,False
CL,2025-08-29,,,6235.0,CL-2023-to-present.pdf,6244.0,2025-08-28,5435.0,5437.0,-0.0014413837283792086,decrease,CL-1,83,120,0.025,False,False,False
CL,2025-09-02,,,6233.0,CL-2023-to-present.pdf,6235.0,2025-09-01,5427.0,5435.0,-0.0003207698476342946,decrease,CL-1,103,120,0.042,False,False,False
CL,2025-09-03,,,6240.0,CL-2023-to-present.pdf,6233.0,2025-09-02,5443.0,5427.0,0.0011230547088079135,increase,CL-1,98,120,0.034,False,False,False
CL,2025-09-04,,,6235.0,CL-2023-to-present.pdf,6240.0,2025-09-03,5445.0,5443.0,-0.0008012820512820484,decrease,CL-1,83,120,0.042,False,False,False
CL,2025-09-05,,,6232.0,CL-2023-to-present.pdf,6235.0,2025-09-04,5444.0,5445.0,-0.00048115477145149743,decrease,CL-1,82,120,0.008,False,False,False
CL,2025-09-08,,,6240.0,CL-2023-to-present.pdf,6232.0,2025-09-05,5452.0,5444.0,0.0012836970474967568,increase,CL-1,110,120,0.067,False,False,False
CL,2025-09-09,,,6239.0,CL-2023-to-present.pdf,6240.0,2025-09-08,5450.0,5452.0,-0.0001602564102564097,decrease,CL-1,102,120,0.059,False,False,False
CL,2025-09-10,,,6244.0,CL-2023-to-present.pdf,6239.0,2025-09-09,5451.0,5450.0,0.0008014104824491941,increase,CL-1,99,120,0.025,False,False,False
CL,2025-09-11,,,6246.0,CL-2023-to-present.pdf,6244.0,2025-09-10,5458.0,5451.0,0.00032030749519540436,increase,CL-1,97,120,0.025,False,False,False
CL,2025-09-12,,,6245.0,CL-2023-to-present.pdf,6246.0,2025-09-11,5459.0,5458.0,-0.00016010246557796037,decrease,CL-1,90,120,0.076,False,False,False
CL,2025-09-15,,,6254.0,CL-2023-to-present.pdf,6245.0,2025-09-12,5468.0,5459.0,0.0014411529223379294,increase,CL-1,108,120,0.017,False,False,False
CL,2025-09-16,,,6270.0,CL-2023-to-present.pdf,6254.0,2025-09-15,5451.0,5468.0,0.002558362647905321,increase,CL-1,107,120,0.05,False,False,False
CL,2025-09-17,,,6256.0,CL-2023-to-present.pdf,6270.0,2025-09-16,5435.0,5451.0,-0.0022328548644338087,decrease,CL-1,96,120,0.067,False,False,False
CL,2025-09-18,,,6256.0,CL-2023-to-present.pdf,6256.0,2025-09-17,5417.0,5435.0,0.0,short_side_only_change,CL-1,83,120,0.042,False,False,False
CL,2025-09-19,,,6265.0,CL-2023-to-present.pdf,6256.0,2025-09-18,5422.0,5417.0,0.0014386189258313031,increase,CL-1,73,120,0.034,False,False,False
CL,2025-09-22,,,6264.0,CL-2023-to-present.pdf,6265.0,2025-09-19,5429.0,5422.0,-0.00015961691939347933,decrease,CL-1,84,120,0.034,False,False,False
CL,2025-09-23,,,6225.0,CL-2023-to-present.pdf,6264.0,2025-09-22,5413.0,5429.0,-0.00622605363984674,decrease,CL-1,72,120,0.025,False,False,False
CL,2025-09-24,,,6233.0,CL-2023-to-present.pdf,6225.0,2025-09-23,5419.0,5413.0,0.001285140562248932,increase,CL-1,94,120,0.059,False,False,False
CL,2025-09-25,,,6235.0,CL-2023-to-present.pdf,6233.0,2025-09-24,5425.0,5419.0,0.0003208727739452133,increase,CL-1,59,120,0.017,False,False,False
CL,2025-09-26,,,6234.0,CL-2023-to-present.pdf,6235.0,2025-09-25,5422.0,5425.0,-0.00016038492381720282,decrease,CL-1,55,120,0.05,False,False,False
CL,2025-09-29,,,6240.0,CL-2023-to-present.pdf,6234.0,2025-09-26,5424.0,5422.0,0.0009624639076035724,increase,CL-1,102,120,0.059,False,False,False
CL,2025-09-30,,,6244.0,CL-2023-to-present.pdf,6240.0,2025-09-29,5430.0,5424.0,0.0006410256410256387,increase,CL-1,72,120,0.042,False,False,False
CL,2025-10-01,,,6247.0,CL-2023-to-present.pdf,6244.0,2025-09-30,5440.0,5430.0,0.00048046124279310654,increase,CL-1,85,120,0.05,False,False,False
CL,2025-10-02,,,6252.0,CL-2023-to-present.pdf,6247.0,2025-10-01,5450.0,5440.0,0.0008003841844084203,increase,CL-1,105,120,0.042,False,False,False
CL,2025-10-03,,,6255.0,CL-2023-to-present.pdf,6252.0,2025-10-02,5473.0,5450.0,0.0004798464491362342,increase,CL-1,105,120,0.059,False,False,False
CL,2025-10-06,,,6252.0,CL-2023-to-present.pdf,6255.0,2025-10-03,5455.0,5473.0,-0.0004796163069544779,decrease,CL-1,113,120,0.05,False,False,False
CL,2025-10-07,,,6253.0,CL-2023-to-present.pdf,6252.0,2025-10-06,5463.0,5455.0,0.00015994881637881875,increase,CL-1,78,120,0.017,False,False,False
CL,2025-10-08,,,6246.0,CL-2023-to-present.pdf,6253.0,2025-10-07,5476.0,5463.0,-0.001119462657924175,decrease,CL-1,103,120,0.059,False,False,False
CL,2025-10-09,,,6253.0,CL-2023-to-present.pdf,6246.0,2025-10-08,5480.0,5476.0,0.0011207172590457226,increase,CL-1,95,120,0.034,False,False,False
CL,2025-10-10,,,6259.0,CL-2023-to-present.pdf,6253.0,2025-10-09,5468.0,5480.0,0.0009595394210779595,increase,CL-1,116,120,0.034,False,False,False
CL,2025-10-13,,,6252.0,CL-2023-to-present.pdf,6259.0,2025-10-10,5483.0,5468.0,-0.0011183895190924886,decrease,CL-1,112,120,0.017,False,False,False
CL,2025-10-14,,,6243.0,CL-2023-to-present.pdf,6252.0,2025-10-13,5465.0,5483.0,-0.0014395393474088136,decrease,CL-1,100,120,0.025,False,False,False
CL,2025-10-15,,,6244.0,CL-2023-to-present.pdf,6243.0,2025-10-14,5457.0,5465.0,0.00016017940092893923,increase,CL-1,54,120,0.067,False,False,False
CL,2025-10-16,,,6243.0,CL-2023-to-present.pdf,6244.0,2025-10-15,5446.0,5457.0,-0.00016015374759770218,decrease,CL-1,105,120,0.025,False,False,False
CL,2025-10-17,,,6248.0,CL-2023-to-present.pdf,6243.0,2025-10-16,5425.0,5446.0,0.0008008970046451402,increase,CL-1,105,120,0.067,False,False,False
CL,2025-10-20,,,6251.0,CL-2023-to-present.pdf,6248.0,2025-10-17,5454.0,5425.0,0.00048015364916764725,increase,CL-1,79,120,0.025,False,False,False
CL,2025-10-21,,,6242.0,CL-2023-to-present.pdf,6251.0,2025-10-20,5460.0,5454.0,-0.0014397696368581014,decrease,CL-1,88,120,0.067,False,False,False
CL,2025-10-22,,,6187.0,CL-2023-to-present.pdf,6242.0,2025-10-21,5456.0,5460.0,-0.008811278436398617,decrease,CL-1,92,120,0.067,False,False,False
CL,2025-10-23,,,6187.0,CL-2023-to-present.pdf,6187.0,2025-10-22,5494.0,5456.0,0.0,short_side_only_change,CL-1,111,120,0.025,False,False,False
CL,2025-10-24,,,5598.0,CL-2023-to-present.pdf,6187.0,2025-10-23,4954.0,5494.0,-0.09519961208986583,decrease,CL-1,120,120,0.0,False,False,False
CL,2025-10-27,,,5597.0,CL-2023-to-present.pdf,5598.0,2025-10-24,4950.0,4954.0,-0.00017863522686678568,decrease,CL-1,102,120,0.025,False,False,False
CL,2025-10-28,,,5594.0,CL-2023-to-present.pdf,5597.0,2025-10-27,4942.0,4950.0,-0.0005360014293371851,decrease,CL-1,89,120,0.059,False,False,False
CL,2025-10-29,,,5596.0,CL-2023-to-present.pdf,5594.0,2025-10-28,4939.0,4942.0,0.0003575259206292092,increase,CL-1,32,120,0.076,False,False,False
CL,2025-10-30,,,5613.0,CL-2023-to-present.pdf,5596.0,2025-10-29,4953.0,4939.0,0.003037884203002106,increase,CL-1,107,120,0.034,False,False,False
CL,2025-10-31,,,5602.0,CL-2023-to-present.pdf,5613.0,2025-10-30,4944.0,4953.0,-0.001959736326385131,decrease,CL-1,110,120,0.034,False,False,False
CL,2025-11-03,,,5612.0,CL-2023-to-present.pdf,5602.0,2025-10-31,4956.0,4944.0,0.00178507675830053,increase,CL-1,95,120,0.025,False,False,False
CL,2025-11-04,,,5607.0,CL-2023-to-present.pdf,5612.0,2025-11-03,4951.0,4956.0,-0.0008909479686386446,decrease,CL-1,104,120,0.042,False,False,False
CL,2025-11-05,,,5608.0,CL-2023-to-present.pdf,5607.0,2025-11-04,4955.0,4951.0,0.00017834849295517152,increase,CL-1,72,120,0.059,False,False,False
CL,2025-11-06,,,5616.0,CL-2023-to-present.pdf,5608.0,2025-11-05,4969.0,4955.0,0.0014265335235377208,increase,CL-1,92,120,0.042,False,False,False
CL,2025-11-07,,,5609.0,CL-2023-to-present.pdf,5616.0,2025-11-06,4966.0,4969.0,-0.001246438746438705,decrease,CL-1,96,120,0.059,False,False,False
CL,2025-11-10,,,5241.0,CL-2023-to-present.pdf,5609.0,2025-11-07,4600.0,4966.0,-0.06560884293100377,decrease,CL-1,120,120,0.0,False,False,False
CL,2025-11-11,,,5253.0,CL-2023-to-present.pdf,5241.0,2025-11-10,4623.0,4600.0,0.0022896393817972704,increase,CL-1,107,120,0.059,False,False,False
CL,2025-11-12,,,5225.0,CL-2023-to-present.pdf,5253.0,2025-11-11,4585.0,4623.0,-0.005330287454787697,decrease,CL-1,118,120,0.059,False,False,False
CL,2025-11-13,,,5215.0,CL-2023-to-present.pdf,5225.0,2025-11-12,4580.0,4585.0,-0.00191387559808609,decrease,CL-1,82,120,0.076,False,False,False
CL,2025-11-14,,,5233.0,CL-2023-to-present.pdf,5215.0,2025-11-13,4586.0,4580.0,0.0034515819750720045,increase,CL-1,105,120,0.05,False,False,False
CL,2025-11-17,,,5239.0,CL-2023-to-present.pdf,5233.0,2025-11-14,4601.0,4586.0,0.001146569845213108,increase,CL-1,102,120,0.076,False,False,False
CL,2025-11-18,,,5260.0,CL-2023-to-present.pdf,5239.0,2025-11-17,4624.0,4601.0,0.004008398549341541,increase,CL-1,100,120,0.084,False,False,False
CL,2025-11-19,,,5227.0,CL-2023-to-present.pdf,5260.0,2025-11-18,4619.0,4624.0,-0.006273764258555081,decrease,CL-1,106,120,0.034,False,False,False
CL,2025-11-20,,,5237.0,CL-2023-to-present.pdf,5227.0,2025-11-19,4631.0,4619.0,0.0019131432944328175,increase,CL-1,72,120,0.059,False,False,False
CL,2025-11-21,,,5204.0,CL-2023-to-present.pdf,5237.0,2025-11-20,4576.0,4631.0,-0.006301317548214613,decrease,CL-1,108,120,0.042,False,False,False
CL,2025-11-24,,,5208.0,CL-2023-to-present.pdf,5204.0,2025-11-21,4572.0,4576.0,0.000768639508070823,increase,CL-1,49,120,0.042,False,False,False
CL,2025-11-25,,,5215.0,CL-2023-to-present.pdf,5208.0,2025-11-24,4582.0,4572.0,0.0013440860215054862,increase,CL-1,107,120,0.025,False,False,False
CL,2025-11-26,,,5222.0,CL-2023-to-present.pdf,5215.0,2025-11-25,4589.0,4582.0,0.0013422818791946067,increase,CL-1,96,120,0.05,False,False,False
CL,2025-11-28,,,5212.0,CL-2023-to-present.pdf,5222.0,2025-11-27,4592.0,4589.0,-0.0019149751053236796,decrease,CL-1,95,120,0.034,False,False,False
CL,2025-12-01,,,5222.0,CL-2023-to-present.pdf,5212.0,2025-11-28,4598.0,4592.0,0.0019186492709133418,increase,CL-1,91,120,0.042,False,False,False
CL,2025-12-02,,,5216.0,CL-2023-to-present.pdf,5222.0,2025-12-01,4599.0,4598.0,-0.0011489850631941634,decrease,CL-1,94,120,0.042,False,False,False
CL,2025-12-03,,,5214.0,CL-2023-to-present.pdf,5216.0,2025-12-02,4612.0,4599.0,-0.0003834355828220559,decrease,CL-1,72,120,0.067,False,False,False
CL,2025-12-04,,,5224.0,CL-2023-to-present.pdf,5214.0,2025-12-03,4614.0,4612.0,0.001917913310318431,increase,CL-1,33,120,0.025,False,False,False
CL,2025-12-05,,,5232.0,CL-2023-to-present.pdf,5224.0,2025-12-04,4614.0,4614.0,0.0015313935681469104,increase,CL-1,90,120,0.025,False,False,False
CL,2025-12-08,,,5227.0,CL-2023-to-present.pdf,5232.0,2025-12-05,4619.0,4614.0,-0.0009556574923547112,decrease,CL-1,108,120,0.034,False,False,False
CL,2025-12-09,,,4252.0,CL-2023-to-present.pdf,5227.0,2025-12-08,3728.0,4619.0,-0.18653147120719338,decrease,CL-1,120,120,0.0,False,False,False
CL,2025-12-10,,,4260.0,CL-2023-to-present.pdf,4252.0,2025-12-09,3737.0,3728.0,0.0018814675446847673,increase,CL-1,95,120,0.067,False,False,False
CL,2025-12-11,,,4260.0,CL-2023-to-present.pdf,4260.0,2025-12-10,3745.0,3737.0,0.0,short_side_only_change,CL-1,93,120,0.059,False,False,False
CL,2025-12-12,,,4246.0,CL-2023-to-present.pdf,4260.0,2025-12-11,3740.0,3745.0,-0.00328638497652578,decrease,CL-1,103,120,0.017,False,False,False
CL,2025-12-15,,,4244.0,CL-2023-to-present.pdf,4246.0,2025-12-12,3769.0,3740.0,-0.00047103155911443206,decrease,CL-1,99,120,0.067,False,False,False
CL,2025-12-16,,,4224.0,CL-2023-to-present.pdf,4244.0,2025-12-15,3764.0,3769.0,-0.004712535344015056,decrease,CL-1,110,120,0.025,False,False,False
CL,2025-12-17,,,4222.0,CL-2023-to-present.pdf,4224.0,2025-12-16,3779.0,3764.0,-0.00047348484848486194,decrease,CL-1,91,120,0.059,False,False,False
CL,2025-12-18,,,4224.0,CL-2023-to-present.pdf,4222.0,2025-12-17,3808.0,3779.0,0.000473709142586376,increase,CL-1,67,120,0.042,False,False,False
CL,2025-12-19,,,4248.0,CL-2023-to-present.pdf,4224.0,2025-12-18,3757.0,3808.0,0.005681818181818121,increase,CL-1,93,120,0.05,False,False,False
CL,2025-12-22,,,4219.0,CL-2023-to-present.pdf,4248.0,2025-12-19,3711.0,3757.0,-0.006826741996233565,decrease,CL-1,96,120,0.084,False,False,False
CL,2025-12-23,,,4211.0,CL-2023-to-present.pdf,4219.0,2025-12-22,3707.0,3711.0,-0.0018961839298411443,decrease,CL-1,99,120,0.008,False,False,False
CL,2025-12-24,,,4209.0,CL-2023-to-present.pdf,4211.0,2025-12-23,3716.0,3707.0,-0.00047494656851099215,decrease,CL-1,74,120,0.05,False,False,False
CL,2025-12-26,,,4225.0,CL-2023-to-present.pdf,4209.0,2025-12-25,3732.0,3716.0,0.0038013779995247354,increase,CL-1,113,120,0.042,False,False,False
CL,2025-12-29,,,4229.0,CL-2023-to-present.pdf,4225.0,2025-12-26,3735.0,3732.0,0.0009467455621301468,increase,CL-1,103,120,0.034,False,False,False
CL,2025-12-30,,,4221.0,CL-2023-to-present.pdf,4229.0,2025-12-29,3730.0,3735.0,-0.0018917001655237575,decrease,CL-1,109,120,0.025,False,False,False
CL,2025-12-31,,,4216.0,CL-2023-to-present.pdf,4221.0,2025-12-30,3736.0,3730.0,-0.0011845534233594357,decrease,CL-1,99,120,0.025,False,False,False
CL,2026-01-02,,,4213.0,CL-2023-to-present.pdf,4216.0,2025-12-31,3738.0,3736.0,-0.0007115749525616888,decrease,CL-1,72,120,0.042,False,False,False
CL,2026-01-05,,,4208.0,CL-2023-to-present.pdf,4213.0,2026-01-02,3735.0,3738.0,-0.0011868027533823433,decrease,CL-1,103,120,0.05,False,False,False
CL,2026-01-06,,,4210.0,CL-2023-to-present.pdf,4208.0,2026-01-05,3750.0,3735.0,0.00047528517110273505,increase,CL-1,86,120,0.067,False,False,False
CL,2026-01-07,,,4212.0,CL-2023-to-present.pdf,4210.0,2026-01-06,3753.0,3750.0,0.00047505938242276,increase,CL-1,98,120,0.05,False,False,False
CL,2026-01-08,,,4239.0,CL-2023-to-present.pdf,4212.0,2026-01-07,3765.0,3753.0,0.0064102564102563875,increase,CL-1,114,120,0.05,False,False,False
CL,2026-01-09,,,4228.0,CL-2023-to-present.pdf,4239.0,2026-01-08,3756.0,3765.0,-0.0025949516395376016,decrease,CL-1,108,120,0.025,False,False,False
CL,2026-01-12,,,4235.0,CL-2023-to-present.pdf,4228.0,2026-01-09,3761.0,3756.0,0.0016556291390728006,increase,CL-1,109,120,0.034,False,False,False
CL,2026-01-13,,,4256.0,CL-2023-to-present.pdf,4235.0,2026-01-12,3764.0,3761.0,0.0049586776859504855,increase,CL-1,107,120,0.025,False,False,False
CL,2026-01-14,,,4314.0,CL-2023-to-present.pdf,4256.0,2026-01-13,3782.0,3764.0,0.013627819548872155,increase,CL-1,104,120,0.034,False,False,False
CL,2026-01-15,,,4283.0,CL-2023-to-present.pdf,4314.0,2026-01-14,3771.0,3782.0,-0.007185906351414029,decrease,CL-1,105,120,0.042,False,False,False
CL,2026-01-16,,,4322.0,CL-2023-to-present.pdf,4283.0,2026-01-15,3766.0,3771.0,0.009105766985757713,increase,CL-1,81,120,0.034,False,False,False
CL,2026-01-20,,,4337.0,CL-2023-to-present.pdf,4322.0,2026-01-19,3779.0,3766.0,0.003470615455807513,increase,CL-1,109,120,0.025,False,False,False
CL,2026-01-21,,,4206.0,CL-2023-to-present.pdf,4337.0,2026-01-20,3703.0,3779.0,-0.030205210975328578,decrease,CL-1,115,119,0.025,False,False,False
CL,2026-01-22,,,4206.0,CL-2023-to-present.pdf,4206.0,2026-01-21,3682.0,3703.0,0.0,short_side_only_change,CL-1,53,119,0.059,False,False,False
CL,2026-01-23,,,4225.0,CL-2023-to-present.pdf,4206.0,2026-01-22,3688.0,3682.0,0.004517356157869745,increase,CL-1,75,119,0.042,False,False,False
CL,2026-01-26,,,4210.0,CL-2023-to-present.pdf,4225.0,2026-01-23,3710.0,3688.0,-0.0035502958579881616,decrease,CL-1,80,119,0.068,False,False,False
CL,2026-01-27,,,4235.0,CL-2023-to-present.pdf,4210.0,2026-01-26,3760.0,3710.0,0.005938242280284944,increase,CL-1,105,119,0.042,False,False,False
CL,2026-01-28,,,4262.0,CL-2023-to-present.pdf,4235.0,2026-01-27,3717.0,3760.0,0.006375442739079196,increase,CL-1,78,119,0.051,False,False,False
CL,2026-01-29,,,4341.0,CL-2023-to-present.pdf,4262.0,2026-01-28,3819.0,3717.0,0.018535898639136628,increase,CL-1,94,119,0.051,False,False,False
CL,2026-01-30,,,4315.0,CL-2023-to-present.pdf,4341.0,2026-01-29,3840.0,3819.0,-0.0059894033632803545,decrease,CL-1,60,119,0.051,False,False,False
CL,2026-02-02,,,4250.0,CL-2023-to-present.pdf,4315.0,2026-01-30,3707.0,3840.0,-0.015063731170335992,decrease,CL-1,116,119,0.051,False,False,False
CL,2026-02-03,,,4275.0,CL-2023-to-present.pdf,4250.0,2026-02-02,3739.0,3707.0,0.00588235294117645,increase,CL-1,87,119,0.042,False,False,False
CL,2026-02-04,,,4409.0,CL-2023-to-present.pdf,4275.0,2026-02-03,3862.0,3739.0,0.03134502923976612,increase,CL-1,103,119,0.059,False,False,False
CL,2026-02-05,,,4296.0,CL-2023-to-present.pdf,4409.0,2026-02-04,3802.0,3862.0,-0.025629394420503493,decrease,CL-1,102,119,0.042,False,False,False
CL,2026-02-06,,,4304.0,CL-2023-to-present.pdf,4296.0,2026-02-05,3792.0,3802.0,0.0018621973929235924,increase,CL-1,97,119,0.059,False,False,False
CL,2026-02-09,,,4353.0,CL-2023-to-present.pdf,4304.0,2026-02-06,3819.0,3792.0,0.011384758364312297,increase,CL-1,78,119,0.059,False,False,False
CL,2026-02-10,,,4320.0,CL-2023-to-present.pdf,4353.0,2026-02-09,3792.0,3819.0,-0.007580978635423841,decrease,CL-1,70,119,0.085,False,False,False
CL,2026-02-11,,,4353.0,CL-2023-to-present.pdf,4320.0,2026-02-10,3830.0,3792.0,0.007638888888888973,increase,CL-1,106,119,0.025,False,False,False
CL,2026-02-12,,,4279.0,CL-2023-to-present.pdf,4353.0,2026-02-11,3769.0,3830.0,-0.016999770273374737,decrease,CL-1,113,119,0.042,False,False,False
CL,2026-02-13,,,4291.0,CL-2023-to-present.pdf,4279.0,2026-02-12,3776.0,3769.0,0.0028043935498949235,increase,CL-1,96,119,0.042,False,False,False
CL,2026-02-17,,,4299.0,CL-2023-to-present.pdf,4291.0,2026-02-16,3783.0,3776.0,0.0018643672803542177,increase,CL-1,96,119,0.034,False,False,False
CL,2026-02-18,,,4487.0,CL-2023-to-present.pdf,4299.0,2026-02-17,3964.0,3783.0,0.04373110025587357,increase,CL-1,113,119,0.025,False,False,False
CL,2026-02-19,,,4618.0,CL-2023-to-present.pdf,4487.0,2026-02-18,4018.0,3964.0,0.02919545353242703,increase,CL-1,78,119,0.017,False,False,False
CL,2026-02-20,,,4599.0,CL-2023-to-present.pdf,4618.0,2026-02-19,4003.0,4018.0,-0.0041143352100476704,decrease,CL-1,58,119,0.017,False,False,False
CL,2026-02-23,,,4494.0,CL-2023-to-present.pdf,4599.0,2026-02-20,3859.0,4003.0,-0.022831050228310557,decrease,CL-1,109,118,0.059,False,False,False
CL,2026-02-24,,,4434.0,CL-2023-to-present.pdf,4494.0,2026-02-23,3845.0,3859.0,-0.013351134846461998,decrease,CL-1,103,118,0.017,False,False,False
CL,2026-02-25,,,4408.0,CL-2023-to-present.pdf,4434.0,2026-02-24,3848.0,3845.0,-0.0058637798827243515,decrease,CL-1,93,118,0.051,False,False,False
CL,2026-02-26,,,4367.0,CL-2023-to-present.pdf,4408.0,2026-02-25,3812.0,3848.0,-0.009301270417422902,decrease,CL-1,79,118,0.026,False,False,False
CL,2026-02-27,,,4508.0,CL-2023-to-present.pdf,4367.0,2026-02-26,3914.0,3812.0,0.032287611632699775,increase,CL-1,102,118,0.043,False,False,False
CL,2026-03-02,,,6490.0,CL-2023-to-present.pdf,4508.0,2026-02-27,5679.0,3914.0,0.43966282165039927,increase,CL-1,118,118,0.0,False,False,False
CL,2026-03-03,,,6524.0,CL-2023-to-present.pdf,6490.0,2026-03-02,5748.0,5679.0,0.005238828967642606,increase,CL-1,103,118,0.0,False,False,False
CL,2026-03-04,,,6513.0,CL-2023-to-present.pdf,6524.0,2026-03-03,5766.0,5748.0,-0.0016860821581851093,decrease,CL-1,107,118,0.043,False,False,False
CL,2026-03-05,,,6567.0,CL-2023-to-present.pdf,6513.0,2026-03-04,5952.0,5766.0,0.008291110087517373,increase,CL-1,112,118,0.0,False,False,False
CL,2026-03-06,,,6773.0,CL-2023-to-present.pdf,6567.0,2026-03-05,6351.0,5952.0,0.03136896604233286,increase,CL-1,114,118,0.017,False,False,False
CL,2026-03-09,,,8920.0,CL-2023-to-present.pdf,6773.0,2026-03-06,8584.0,6351.0,0.3169939465524878,increase,CL-1,118,118,0.0,False,False,False
CL,2026-03-10,,,8798.0,CL-2023-to-present.pdf,8920.0,2026-03-09,8681.0,8584.0,-0.013677130044843056,decrease,CL-1,116,118,0.0,False,False,False
CL,2026-03-11,,,8835.0,CL-2023-to-present.pdf,8798.0,2026-03-10,8638.0,8681.0,0.004205501250284183,increase,CL-1,113,118,0.0,False,False,False
CL,2026-03-12,,,8937.0,CL-2023-to-present.pdf,8835.0,2026-03-11,8656.0,8638.0,0.011544991511035718,increase,CL-1,116,118,0.017,False,False,False
CL,2026-03-13,,,10924.0,CL-2023-to-present.pdf,8937.0,2026-03-12,10644.0,8656.0,0.22233411659393543,increase,CL-1,109,118,0.0,False,False,False
CL,2026-03-16,,,10951.0,CL-2023-to-present.pdf,10924.0,2026-03-13,10682.0,10644.0,0.002471622116440919,increase,CL-1,114,118,0.009,False,False,False
CL,2026-03-17,,,10955.0,CL-2023-to-present.pdf,10951.0,2026-03-16,10711.0,10682.0,0.0003652634462605331,increase,CL-1,110,118,0.017,False,False,False
CL,2026-03-18,,,10832.0,CL-2023-to-present.pdf,10955.0,2026-03-17,10754.0,10711.0,-0.01122774988589681,decrease,CL-1,115,118,0.0,False,False,False
CL,2026-03-19,,,10776.0,CL-2023-to-present.pdf,10832.0,2026-03-18,11030.0,10754.0,-0.005169867060561328,decrease,CL-1,117,118,0.017,False,False,False
CL,2026-03-20,,,10838.0,CL-2023-to-present.pdf,10776.0,2026-03-19,11047.0,11030.0,0.005753526354862704,increase,CL-1,106,118,0.0,False,False,False
CL,2026-03-23,,,10694.0,CL-2023-to-present.pdf,10838.0,2026-03-20,10547.0,11047.0,-0.01328658424063478,decrease,CL-1,117,117,0.0,False,False,False
CL,2026-03-24,,,10717.0,CL-2023-to-present.pdf,10694.0,2026-03-23,10491.0,10547.0,0.0021507387319992244,increase,CL-1,115,117,0.026,False,False,False
CL,2026-03-25,,,10739.0,CL-2023-to-present.pdf,10717.0,2026-03-24,10501.0,10491.0,0.002052813287300559,increase,CL-1,111,117,0.017,False,False,False
CL,2026-03-26,,,10796.0,CL-2023-to-present.pdf,10739.0,2026-03-25,10501.0,10501.0,0.005307756774373784,increase,CL-1,110,117,0.026,False,False,False
CL,2026-03-27,,,10958.0,CL-2023-to-present.pdf,10796.0,2026-03-26,10687.0,10501.0,0.015005557613931186,increase,CL-1,113,117,0.017,False,False,False
CL,2026-03-30,,,11123.0,CL-2023-to-present.pdf,10958.0,2026-03-27,10864.0,10687.0,0.015057492243110149,increase,CL-1,111,117,0.009,False,False,False
CL,2026-03-31,,,11149.0,CL-2023-to-present.pdf,11123.0,2026-03-30,10916.0,10864.0,0.002337498876202382,increase,CL-1,113,117,0.026,False,False,False
CL,2026-04-01,,,11047.0,CL-2023-to-present.pdf,11149.0,2026-03-31,10833.0,10916.0,-0.009148802583191284,decrease,CL-1,111,117,0.017,False,False,False
CL,2026-04-02,,,12154.0,CL-2023-to-present.pdf,11047.0,2026-04-01,11769.0,10833.0,0.10020820132162589,increase,CL-1,111,117,0.009,False,False,False
CL,2026-04-06,,,12173.0,CL-2023-to-present.pdf,12154.0,2026-04-03,11842.0,11769.0,0.0015632713509956542,increase,CL-1,111,117,0.017,False,False,False
CL,2026-04-07,,,12128.0,CL-2023-to-present.pdf,12173.0,2026-04-06,11936.0,11842.0,-0.0036967058243654316,decrease,CL-1,107,117,0.017,False,False,False
CL,2026-04-08,,,10992.0,CL-2023-to-present.pdf,12128.0,2026-04-07,11342.0,11936.0,-0.09366754617414252,decrease,CL-1,116,117,0.026,False,False,False
CL,2026-04-09,,,11219.0,CL-2023-to-present.pdf,10992.0,2026-04-08,11628.0,11342.0,0.02065138282387191,increase,CL-1,99,117,0.009,False,False,False
CL,2026-04-10,,,11097.0,CL-2023-to-present.pdf,11219.0,2026-04-09,11536.0,11628.0,-0.010874409483911274,decrease,CL-1,108,117,0.0,False,False,False
CL,2026-04-13,,,11322.0,CL-2023-to-present.pdf,11097.0,2026-04-10,11752.0,11536.0,0.020275750202757514,increase,CL-1,106,117,0.009,False,False,False
CL,2026-04-14,,,10842.0,CL-2023-to-present.pdf,11322.0,2026-04-13,11192.0,11752.0,-0.04239533651298355,decrease,CL-1,111,117,0.043,False,False,False
CL,2026-04-15,,,10687.0,CL-2023-to-present.pdf,10842.0,2026-04-14,10903.0,11192.0,-0.014296255303449579,decrease,CL-1,115,117,0.026,False,False,False
CL,2026-04-16,,,11079.0,CL-2023-to-present.pdf,10687.0,2026-04-15,11570.0,10903.0,0.03668007860016842,increase,CL-1,115,117,0.0,False,False,False
CL,2026-04-17,,,10631.0,CL-2023-to-present.pdf,11079.0,2026-04-16,10936.0,11570.0,-0.04043686253271961,decrease,CL-1,115,117,0.026,False,False,False
CL,2026-04-20,,,11245.0,CL-2023-to-present.pdf,10631.0,2026-04-17,11595.0,10936.0,0.05775562035556381,increase,CL-1,112,117,0.034,False,False,False
CL,2026-04-21,,,11392.0,CL-2023-to-present.pdf,11245.0,2026-04-20,11794.0,11595.0,0.013072476656291743,increase,CL-1,88,117,0.017,False,False,False
CL,2026-04-22,,,11177.0,CL-2023-to-present.pdf,11392.0,2026-04-21,11140.0,11794.0,-0.018872893258427004,decrease,CL-1,99,116,0.0,False,False,False
CL,2026-04-23,,,11444.0,CL-2023-to-present.pdf,11177.0,2026-04-22,11347.0,11140.0,0.0238883421311622,increase,CL-1,91,116,0.009,False,False,False
CL,2026-04-24,,,11376.0,CL-2023-to-present.pdf,11444.0,2026-04-23,11232.0,11347.0,-0.005941978329255471,decrease,CL-1,90,116,0.017,False,False,False
CL,2026-04-27,,,11415.0,CL-2023-to-present.pdf,11376.0,2026-04-24,11381.0,11232.0,0.003428270042194148,increase,CL-1,96,116,0.026,False,False,False
CL,2026-04-28,,,11808.0,CL-2023-to-present.pdf,11415.0,2026-04-27,11778.0,11381.0,0.03442838370565049,increase,CL-1,112,116,0.0,False,False,False
CL,2026-04-29,,,12151.0,CL-2023-to-present.pdf,11808.0,2026-04-28,12439.0,11778.0,0.02904810298102989,increase,CL-1,109,116,0.017,False,False,False
CL,2026-04-30,,,12116.0,CL-2023-to-present.pdf,12151.0,2026-04-29,12349.0,12439.0,-0.0028804213644967325,decrease,CL-1,105,116,0.026,False,False,False
CL,2026-05-01,,,11896.0,CL-2023-to-present.pdf,12116.0,2026-04-30,12151.0,12349.0,-0.01815780785737864,decrease,CL-1,103,116,0.009,False,False,False
CL,2026-05-04,,,12361.0,CL-2023-to-present.pdf,11896.0,2026-05-01,12535.0,12151.0,0.03908876933422989,increase,CL-1,112,116,0.009,False,False,False
CL,2026-05-05,,,12002.0,CL-2023-to-present.pdf,12361.0,2026-05-04,12275.0,12535.0,-0.029042957689507376,decrease,CL-1,112,116,0.009,False,False,False
CL,2026-05-06,,,11804.0,CL-2023-to-present.pdf,12002.0,2026-05-05,11918.0,12275.0,-0.016497250458257007,decrease,CL-1,111,116,0.009,False,False,False
CL,2026-05-07,,,11753.0,CL-2023-to-present.pdf,11804.0,2026-05-06,11908.0,11918.0,-0.004320569298542853,decrease,CL-1,84,116,0.009,False,False,False
CL,2026-05-08,,,11778.0,CL-2023-to-present.pdf,11753.0,2026-05-07,11974.0,11908.0,0.002127116480898472,increase,CL-1,113,116,0.009,False,False,False
CL,2026-05-11,,,11735.0,CL-2023-to-present.pdf,11778.0,2026-05-08,12173.0,11974.0,-0.0036508745118016828,decrease,CL-1,112,116,0.035,False,False,False
CL,2026-05-12,,,12046.0,CL-2023-to-present.pdf,11735.0,2026-05-11,12498.0,12173.0,0.026501917341286818,increase,CL-1,114,120,0.025,False,False,False
CL,2026-05-13,,,11977.0,CL-2023-to-present.pdf,12046.0,2026-05-12,12478.0,12498.0,-0.0057280425037357086,decrease,CL-1,111,120,0.017,False,False,False
CL,2026-05-14,,,12013.0,CL-2023-to-present.pdf,11977.0,2026-05-13,12493.0,12478.0,0.0030057610419971237,increase,CL-1,101,120,0.008,False,False,False
CL,2026-05-15,,,12450.0,CL-2023-to-present.pdf,12013.0,2026-05-14,12933.0,12493.0,0.03637725797053193,increase,CL-1,98,120,0.017,False,False,False
CL,2026-05-18,,,12703.0,CL-2023-to-present.pdf,12450.0,2026-05-15,13334.0,12933.0,0.020321285140562306,increase,CL-1,106,120,0.008,False,False,False
CL,2026-05-19,,,12861.0,CL-2023-to-present.pdf,12703.0,2026-05-18,13385.0,13334.0,0.012438006770054244,increase,CL-1,119,120,0.034,False,False,False
CL,2026-05-20,,,11722.0,CL-2023-to-present.pdf,12861.0,2026-05-19,11644.0,13385.0,-0.08856232019283106,decrease,CL-1,117,120,0.0,False,False,False
CL,2026-05-21,,,11634.0,CL-2023-to-present.pdf,11722.0,2026-05-20,11511.0,11644.0,-0.0075072513222999016,decrease,CL-1,85,120,0.0,False,False,False
CL,2026-05-22,,,11398.0,CL-2023-to-present.pdf,11634.0,2026-05-21,11320.0,11511.0,-0.020285370465875863,decrease,CL-1,111,120,0.025,False,False,False
CL,2026-05-26,,,11241.0,CL-2023-to-present.pdf,11398.0,2026-05-25,11265.0,11320.0,-0.013774346376557278,decrease,CL-1,116,120,0.017,False,False,False
CL,2026-05-27,,,10862.0,CL-2023-to-present.pdf,11241.0,2026-05-26,11064.0,11265.0,-0.03371586157815143,decrease,CL-1,114,120,0.017,False,False,False
CL,2026-05-28,,,10978.0,CL-2023-to-present.pdf,10862.0,2026-05-27,11148.0,11064.0,0.010679432885288165,increase,CL-1,119,120,0.008,False,False,False
CL,2026-05-29,,,10873.0,CL-2023-to-present.pdf,10978.0,2026-05-28,11001.0,11148.0,-0.00956458371288027,decrease,CL-1,120,120,0.0,False,False,False
CL,2026-06-01,,,11298.0,CL-2023-to-present.pdf,10873.0,2026-05-29,11489.0,11001.0,0.03908764830313616,increase,CL-1,114,120,0.034,False,False,False
CL,2026-06-02,,,11366.0,CL-2023-to-present.pdf,11298.0,2026-06-01,11485.0,11489.0,0.006018764383076691,increase,CL-1,119,120,0.017,False,False,False
CL,2026-06-03,,,11525.0,CL-2023-to-present.pdf,11366.0,2026-06-02,11741.0,11485.0,0.013989090269223903,increase,CL-1,117,120,0.025,False,False,False
CL,2026-06-04,,,11397.0,CL-2023-to-present.pdf,11525.0,2026-06-03,11467.0,11741.0,-0.011106290672451169,decrease,CL-1,119,120,0.008,False,False,False
CL,2026-06-05,,,11210.0,CL-2023-to-present.pdf,11397.0,2026-06-04,11371.0,11467.0,-0.016407826621040678,decrease,CL-1,113,120,0.034,False,False,False
CL,2026-06-08,,,11240.0,CL-2023-to-present.pdf,11210.0,2026-06-05,11594.0,11371.0,0.00267618198037467,increase,CL-1,114,120,0.034,False,False,False
CL,2026-06-09,,,11072.0,CL-2023-to-present.pdf,11240.0,2026-06-08,11221.0,11594.0,-0.014946619217081847,decrease,CL-1,119,120,0.0,False,False,False
CL,2026-06-10,,,11212.0,CL-2023-to-present.pdf,11072.0,2026-06-09,11562.0,11221.0,0.01264450867052025,increase,CL-1,120,120,0.042,False,False,False
CL,2026-06-11,,,11087.0,CL-2023-to-present.pdf,11212.0,2026-06-10,11224.0,11562.0,-0.011148769175883033,decrease,CL-1,119,120,0.017,False,False,False
CL,2026-06-12,,,10897.0,CL-2023-to-present.pdf,11087.0,2026-06-11,11249.0,11224.0,-0.017137187697303102,decrease,CL-1,117,120,0.025,False,False,False
CL,2026-06-15,,,10651.0,CL-2023-to-present.pdf,10897.0,2026-06-12,10744.0,11249.0,-0.022575020647884747,decrease,CL-1,118,120,0.034,False,False,False
CL,2026-06-16,,,10392.0,CL-2023-to-present.pdf,10651.0,2026-06-15,10617.0,10744.0,-0.024316965543141444,decrease,CL-1,118,120,0.0,False,False,False
CL,2026-06-17,,,10432.0,CL-2023-to-present.pdf,10392.0,2026-06-16,10563.0,10617.0,0.0038491147036181506,increase,CL-1,117,120,0.025,False,False,False
CL,2026-06-18,,,10513.0,CL-2023-to-present.pdf,10432.0,2026-06-17,10731.0,10563.0,0.0077645705521471875,increase,CL-1,112,120,0.008,False,False,False
CL,2026-06-22,,,10431.0,CL-2023-to-present.pdf,10513.0,2026-06-19,10574.0,10731.0,-0.0077998668315418795,decrease,CL-1,119,120,0.025,False,False,False
CL,2026-06-23,,,9980.0,CL-2023-to-present.pdf,10431.0,2026-06-22,9750.0,10574.0,-0.04323650656696387,decrease,CL-1,108,120,0.034,False,False,False
CL,2026-06-24,,,9881.0,CL-2023-to-present.pdf,9980.0,2026-06-23,9612.0,9750.0,-0.009919839679358722,decrease,CL-1,118,120,0.059,False,False,False
CL,2026-06-25,,,9809.0,CL-2023-to-present.pdf,9881.0,2026-06-24,9703.0,9612.0,-0.007286711871268059,decrease,CL-1,117,120,0.008,False,False,False
CL,2026-06-26,,,7707.0,CL-2023-to-present.pdf,9809.0,2026-06-25,6496.0,9703.0,-0.21429299622795395,decrease,CL-1,115,120,0.042,False,False,False
CL,2026-06-29,,,7819.0,CL-2023-to-present.pdf,7707.0,2026-06-26,6637.0,6496.0,0.014532243415077195,increase,CL-1,119,120,0.025,False,False,False
CL,2026-06-30,,,7775.0,CL-2023-to-present.pdf,7819.0,2026-06-29,6539.0,6637.0,-0.005627318071364629,decrease,CL-1,111,120,0.034,False,False,False
GC,2020-06-30,,,8200.0,GC-2020-to-present.pdf,,,,,,series_start,GC-1,,22,,,False,True
GC,2020-08-07,,,8700.0,GC-2020-to-present.pdf,8200.0,2020-08-06,,,0.060975609756097615,increase,GC-1,21,21,0.0,False,False,False
GC,2020-08-12,,,9300.0,GC-2020-to-present.pdf,8700.0,2020-08-11,,,0.06896551724137923,increase,GC-1,21,21,0.0,False,False,False
GC,2020-10-02,,,10500.0,GC-2020-to-present.pdf,9300.0,2020-10-01,,,0.12903225806451624,increase,GC-1,21,21,0.0,False,False,False
GC,2020-10-16,,,11500.0,GC-2020-to-present.pdf,10500.0,2020-10-15,,,0.09523809523809534,increase,GC-1,21,21,0.0,False,False,False
GC,2020-12-04,,,10000.0,GC-2020-to-present.pdf,11500.0,2020-12-03,,,-0.13043478260869568,decrease,GC-1,21,21,0.0,False,False,False
GC,2021-02-02,,,11000.0,GC-2020-to-present.pdf,10000.0,2021-02-01,,,0.10000000000000009,increase,GC-1,21,21,0.0,False,False,False
GC,2021-03-05,,,10000.0,GC-2020-to-present.pdf,11000.0,2021-03-04,,,-0.09090909090909094,decrease,GC-1,21,21,0.0,False,False,False
GC,2021-05-07,,,9000.0,GC-2020-to-present.pdf,10000.0,2021-05-06,,,-0.09999999999999998,decrease,GC-1,21,21,0.0,False,False,False
GC,2021-08-20,,,8250.0,GC-2020-to-present.pdf,9000.0,2021-08-19,,,-0.08333333333333337,decrease,GC-1,21,21,0.0,False,False,False
GC,2021-09-29,,,7500.0,GC-2020-to-present.pdf,8250.0,2021-09-28,,,-0.09090909090909094,decrease,GC-1,20,20,0.0,False,False,False
GC,2022-01-05,,,6500.0,GC-2020-to-present.pdf,7500.0,2022-01-04,,,-0.1333333333333333,decrease,GC-1,22,22,0.0,False,False,False
GC,2022-01-21,,,6000.0,GC-2020-to-present.pdf,6500.0,2022-01-20,,,-0.07692307692307687,decrease,GC-1,22,22,0.0,False,False,False
GC,2022-02-25,,,6600.0,GC-2020-to-present.pdf,6000.0,2022-02-24,,,0.10000000000000009,increase,GC-1,20,20,0.0,False,False,False
GC,2022-03-08,,,7200.0,GC-2020-to-present.pdf,6600.0,2022-03-07,,,0.09090909090909083,increase,GC-1,21,21,0.0,False,False,False
GC,2022-07-08,,,6500.0,GC-2020-to-present.pdf,7200.0,2022-07-07,,,-0.09722222222222221,decrease,GC-1,22,22,0.0,False,False,False
GC,2022-09-16,,,5700.0,GC-2020-to-present.pdf,6500.0,2022-09-15,,,-0.12307692307692308,decrease,GC-1,21,21,0.0,False,False,False
GC,2022-12-05,,,6300.0,GC-2020-to-present.pdf,5700.0,2022-12-02,,,0.10526315789473695,increase,GC-1,21,21,0.0,False,False,False
GC,2023-01-06,,,6900.0,GC-2020-to-present.pdf,6300.0,2023-01-05,,,0.09523809523809534,increase,GC-1,22,22,0.0,False,False,False
GC,2023-02-10,,,7400.0,GC-2020-to-present.pdf,6900.0,2023-02-09,,,0.07246376811594213,increase,GC-1,21,21,0.0,False,False,False
GC,2023-03-14,,,8000.0,GC-2020-to-present.pdf,7400.0,2023-03-13,,,0.08108108108108114,increase,GC-1,21,21,0.0,False,False,False
GC,2023-04-06,,,8300.0,GC-2020-to-present.pdf,8000.0,2023-04-05,,,0.03750000000000009,increase,GC-1,21,21,0.0,False,False,False
GC,2023-09-08,,,7800.0,GC-2020-to-present.pdf,8300.0,2023-09-07,,,-0.06024096385542166,decrease,GC-1,21,21,0.0,False,False,False
GC,2023-12-15,,,8300.0,GC-2020-to-present.pdf,7800.0,2023-12-14,,,0.0641025641025641,increase,GC-1,21,21,0.0,False,False,False
GC,2024-03-08,,,8800.0,GC-2020-to-present.pdf,8300.0,2024-03-07,,,0.06024096385542177,increase,GC-1,21,21,0.0,False,False,False
GC,2024-04-05,,,9400.0,GC-2020-to-present.pdf,8800.0,2024-04-04,,,0.06818181818181812,increase,GC-1,21,21,0.0,False,False,False
GC,2024-04-19,,,10000.0,GC-2020-to-present.pdf,9400.0,2024-04-18,,,0.06382978723404253,increase,GC-1,21,21,0.0,False,False,False
GC,2024-08-23,,,10500.0,GC-2020-to-present.pdf,10000.0,2024-08-22,,,0.050000000000000044,increase,GC-1,21,21,0.0,False,False,False
GC,2024-09-27,,,11000.0,GC-2020-to-present.pdf,10500.0,2024-09-26,,,0.04761904761904767,increase,GC-1,20,20,0.0,False,False,False
GC,2024-11-01,,,11500.0,GC-2020-to-present.pdf,11000.0,2024-10-31,,,0.045454545454545414,increase,GC-1,21,21,0.0,False,False,False
GC,2025-02-07,,,12500.0,GC-2020-to-present.pdf,11500.0,2025-02-06,,,0.08695652173913038,increase,GC-1,21,21,0.0,False,False,False
GC,2025-03-21,,,13500.0,GC-2020-to-present.pdf,12500.0,2025-03-20,,,0.08000000000000007,increase,GC-1,32,32,0.0,False,False,False
GC,2025-03-28,,,14000.0,GC-2020-to-present.pdf,13500.0,2025-03-27,,,0.03703703703703698,increase,GC-1,32,32,0.0,False,False,False
GC,2025-04-04,,,15000.0,GC-2020-to-present.pdf,14000.0,2025-04-03,,,0.0714285714285714,increase,GC-1,32,32,0.0,False,False,False
GC,2025-09-12,,,16000.0,GC-2020-to-present.pdf,15000.0,2025-09-11,,,0.06666666666666665,increase,GC-1,34,34,0.0,False,False,False
GC,2025-09-26,,,17000.0,GC-2020-to-present.pdf,16000.0,2025-09-25,,,0.0625,increase,GC-1,34,34,0.0,False,False,False
GC,2025-10-10,,,18000.0,GC-2020-to-present.pdf,17000.0,2025-10-09,,,0.05882352941176472,increase,GC-1,34,34,0.0,False,False,False
GC,2025-10-17,,,19000.0,GC-2020-to-present.pdf,18000.0,2025-10-16,,,0.05555555555555558,increase,GC-1,34,34,0.0,False,False,False
GC,2025-10-24,,,20000.0,GC-2020-to-present.pdf,19000.0,2025-10-23,,,0.05263157894736836,increase,GC-1,34,34,0.0,False,False,False
GC,2025-12-29,,,22000.0,GC-2020-to-present.pdf,20000.0,2025-12-26,,,0.10000000000000009,increase,GC-1,34,34,0.0,False,False,False
GC,2025-12-31,,,24000.0,GC-2020-to-present.pdf,22000.0,2025-12-30,,,0.09090909090909083,increase,GC-1,34,34,0.0,False,False,False
GC,2026-01-13,,,22946.0,GC-2020-to-present.pdf,24000.0,2026-01-12,,,-0.043916666666666715,decrease,GC-1,34,34,0.0,False,False,False
GC,2026-01-14,,,23132.0,GC-2020-to-present.pdf,22946.0,2026-01-13,,,0.008105987971759765,increase,GC-1,34,34,0.0,False,False,False
GC,2026-01-15,,,23082.0,GC-2020-to-present.pdf,23132.0,2026-01-14,,,-0.0021615078678886013,decrease,GC-1,34,34,0.0,False,False,False
GC,2026-01-16,,,22942.0,GC-2020-to-present.pdf,23082.0,2026-01-15,,,-0.006065332293562098,decrease,GC-1,34,34,0.0,False,False,False
GC,2026-01-20,,,23798.0,GC-2020-to-present.pdf,22942.0,2026-01-19,,,0.037311481126318435,increase,GC-1,34,34,0.0,False,False,False
GC,2026-01-21,,,24159.0,GC-2020-to-present.pdf,23798.0,2026-01-20,,,0.01516934196150932,increase,GC-1,34,34,0.0,False,False,False
GC,2026-01-22,,,24544.0,GC-2020-to-present.pdf,24159.0,2026-01-21,,,0.015936090069953224,increase,GC-1,34,34,0.0,False,False,False
GC,2026-01-23,,,24881.0,GC-2020-to-present.pdf,24544.0,2026-01-22,,,0.013730443285528082,increase,GC-1,34,34,0.0,False,False,False
GC,2026-01-26,,,25399.0,GC-2020-to-present.pdf,24881.0,2026-01-23,,,0.02081909891081546,increase,GC-1,34,34,0.0,False,False,False
GC,2026-01-27,,,25400.0,GC-2020-to-present.pdf,25399.0,2026-01-26,,,3.937162880429668e-05,increase,GC-1,33,34,0.0,False,False,False
GC,2026-01-28,,,26508.0,GC-2020-to-present.pdf,25400.0,2026-01-27,,,0.043622047244094464,increase,GC-1,34,34,0.0,False,False,False
GC,2026-01-29,,,26592.0,GC-2020-to-present.pdf,26508.0,2026-01-28,,,0.0031688546853780863,increase,GC-1,34,34,0.0,False,False,False
GC,2026-01-30,,,28284.0,GC-2020-to-present.pdf,26592.0,2026-01-29,,,0.06362815884476536,increase,GC-1,34,34,0.0,False,False,False
GC,2026-02-02,,,36980.0,GC-2020-to-present.pdf,28284.0,2026-01-30,,,0.3074529769480978,increase,GC-1,34,34,0.0,False,False,False
GC,2026-02-03,,,39230.0,GC-2020-to-present.pdf,36980.0,2026-02-02,,,0.06084369929691724,increase,GC-1,34,34,0.0,False,False,False
GC,2026-02-04,,,39364.0,GC-2020-to-present.pdf,39230.0,2026-02-03,,,0.0034157532500638244,increase,GC-1,34,34,0.0,False,False,False
GC,2026-02-05,,,38892.0,GC-2020-to-present.pdf,39364.0,2026-02-04,,,-0.011990651356569404,decrease,GC-1,34,34,0.0,False,False,False
GC,2026-02-06,,,44561.0,GC-2020-to-present.pdf,38892.0,2026-02-05,,,0.14576262470430934,increase,GC-1,34,34,0.0,False,False,False
GC,2026-02-09,,,45459.0,GC-2020-to-present.pdf,44561.0,2026-02-06,,,0.020152150984044326,increase,GC-1,34,34,0.0,False,False,False
GC,2026-02-10,,,45035.0,GC-2020-to-present.pdf,45459.0,2026-02-09,,,-0.009327085945577296,decrease,GC-1,34,34,0.0,False,False,False
GC,2026-02-11,,,45645.0,GC-2020-to-present.pdf,45035.0,2026-02-10,,,0.013545020539580399,increase,GC-1,34,34,0.0,False,False,False
GC,2026-02-12,,,44314.0,GC-2020-to-present.pdf,45645.0,2026-02-11,,,-0.029159820352722132,decrease,GC-1,34,34,0.0,False,False,False
GC,2026-02-13,,,45198.0,GC-2020-to-present.pdf,44314.0,2026-02-12,,,0.019948548991289394,increase,GC-1,34,34,0.0,False,False,False
GC,2026-02-17,,,43947.0,GC-2020-to-present.pdf,45198.0,2026-02-16,,,-0.02767821585025887,decrease,GC-1,34,34,0.0,False,False,False
GC,2026-02-18,,,44879.0,GC-2020-to-present.pdf,43947.0,2026-02-17,,,0.021207363415022717,increase,GC-1,34,34,0.0,False,False,False
GC,2026-02-19,,,44784.0,GC-2020-to-present.pdf,44879.0,2026-02-18,,,-0.0021168029590676873,decrease,GC-1,34,34,0.0,False,False,False
GC,2026-02-20,,,45534.0,GC-2020-to-present.pdf,44784.0,2026-02-19,,,0.016747052518756744,increase,GC-1,34,34,0.0,False,False,False
GC,2026-02-23,,,46843.0,GC-2020-to-present.pdf,45534.0,2026-02-20,,,0.02874774893486176,increase,GC-1,34,34,0.0,False,False,False
GC,2026-02-24,,,46403.0,GC-2020-to-present.pdf,46843.0,2026-02-23,,,-0.0093930790086032,decrease,GC-1,34,34,0.0,False,False,False
GC,2026-02-25,,,46858.0,GC-2020-to-present.pdf,46403.0,2026-02-24,,,0.0098054005128978,increase,GC-1,34,34,0.0,False,False,False
GC,2026-02-26,,,46589.0,GC-2020-to-present.pdf,46858.0,2026-02-25,,,-0.005740748644841864,decrease,GC-1,34,34,0.0,False,False,False
GC,2026-02-27,,,47075.0,GC-2020-to-present.pdf,46589.0,2026-02-26,,,0.010431646955289864,increase,GC-1,34,34,0.0,False,False,False
GC,2026-03-02,,,47650.0,GC-2020-to-present.pdf,47075.0,2026-02-27,,,0.01221455124800852,increase,GC-1,34,34,0.0,False,False,False
GC,2026-03-03,,,45967.0,GC-2020-to-present.pdf,47650.0,2026-03-02,,,-0.035320041972717764,decrease,GC-1,34,34,0.0,False,False,False
GC,2026-03-04,,,46082.0,GC-2020-to-present.pdf,45967.0,2026-03-03,,,0.002501794765810361,increase,GC-1,34,34,0.0,False,False,False
GC,2026-03-05,,,45588.0,GC-2020-to-present.pdf,46082.0,2026-03-04,,,-0.010720020832429178,decrease,GC-1,34,34,0.0,False,False,False
GC,2026-03-06,,,36023.0,GC-2020-to-present.pdf,45588.0,2026-03-05,,,-0.20981398613670266,decrease,GC-1,34,34,0.0,False,False,False
GC,2026-03-09,,,35641.0,GC-2020-to-present.pdf,36023.0,2026-03-06,,,-0.010604336118590907,decrease,GC-1,34,34,0.0,False,False,False
GC,2026-03-10,,,36608.0,GC-2020-to-present.pdf,35641.0,2026-03-09,,,0.02713167419544904,increase,GC-1,34,34,0.0,False,False,False
GC,2026-03-11,,,36172.0,GC-2020-to-present.pdf,36608.0,2026-03-10,,,-0.011909965034964998,decrease,GC-1,34,34,0.0,False,False,False
GC,2026-03-12,,,35811.0,GC-2020-to-present.pdf,36172.0,2026-03-11,,,-0.00998009510118325,decrease,GC-1,34,34,0.0,False,False,False
GC,2026-03-13,,,35368.0,GC-2020-to-present.pdf,35811.0,2026-03-12,,,-0.012370500684147356,decrease,GC-1,34,34,0.0,False,False,False
GC,2026-03-16,,,34958.0,GC-2020-to-present.pdf,35368.0,2026-03-13,,,-0.011592399909522766,decrease,GC-1,34,34,0.0,False,False,False
GC,2026-03-17,,,35007.0,GC-2020-to-present.pdf,34958.0,2026-03-16,,,0.0014016820184221679,increase,GC-1,34,34,0.0,False,False,False
GC,2026-03-18,,,34230.0,GC-2020-to-present.pdf,35007.0,2026-03-17,,,-0.022195560887822485,decrease,GC-1,34,34,0.0,False,False,False
GC,2026-03-19,,,32205.0,GC-2020-to-present.pdf,34230.0,2026-03-18,,,-0.05915863277826472,decrease,GC-1,34,34,0.0,False,False,False
GC,2026-03-20,,,31993.0,GC-2020-to-present.pdf,32205.0,2026-03-19,,,-0.006582828753299186,decrease,GC-1,34,34,0.0,False,False,False
GC,2026-03-23,,,30829.0,GC-2020-to-present.pdf,31993.0,2026-03-20,,,-0.03638295877223141,decrease,GC-1,34,34,0.0,False,False,False
GC,2026-03-24,,,30796.0,GC-2020-to-present.pdf,30829.0,2026-03-23,,,-0.0010704207077751882,decrease,GC-1,34,34,0.0,False,False,False
GC,2026-03-25,,,31849.0,GC-2020-to-present.pdf,30796.0,2026-03-24,,,0.03419275230549412,increase,GC-1,34,34,0.0,False,False,False
GC,2026-03-26,,,30629.0,GC-2020-to-present.pdf,31849.0,2026-03-25,,,-0.038305755282740384,decrease,GC-1,34,34,0.0,False,False,False
GC,2026-03-27,,,31445.0,GC-2020-to-present.pdf,30629.0,2026-03-26,,,0.026641418263736893,increase,GC-1,34,34,0.0,False,False,False
GC,2026-03-30,,,31683.0,GC-2020-to-present.pdf,31445.0,2026-03-27,,,0.007568770869772701,increase,GC-1,34,34,0.0,False,False,False
GC,2026-03-31,,,32534.0,GC-2020-to-present.pdf,31683.0,2026-03-30,,,0.02685983019284799,increase,GC-1,34,34,0.0,False,False,False
GC,2026-04-01,,,33483.0,GC-2020-to-present.pdf,32534.0,2026-03-31,,,0.029169484231880594,increase,GC-1,34,34,0.0,False,False,False
GC,2026-04-02,,,32561.0,GC-2020-to-present.pdf,33483.0,2026-04-01,,,-0.027536361735806203,decrease,GC-1,34,34,0.0,False,False,False
GC,2026-04-06,,,32598.0,GC-2020-to-present.pdf,32561.0,2026-04-03,,,0.0011363287368324482,increase,GC-1,34,34,0.0,False,False,False
GC,2026-04-07,,,32600.0,GC-2020-to-present.pdf,32598.0,2026-04-06,,,6.135345726732133e-05,increase,GC-1,30,34,0.0,False,False,False
GC,2026-04-08,,,33247.0,GC-2020-to-present.pdf,32600.0,2026-04-07,,,0.01984662576687124,increase,GC-1,34,34,0.0,False,False,False
GC,2026-04-09,,,33546.0,GC-2020-to-present.pdf,33247.0,2026-04-08,,,0.00899329262790638,increase,GC-1,34,34,0.0,False,False,False
GC,2026-04-10,,,33334.0,GC-2020-to-present.pdf,33546.0,2026-04-09,,,-0.00631968043880049,decrease,GC-1,34,34,0.0,False,False,False
GC,2026-04-13,,,33197.0,GC-2020-to-present.pdf,33334.0,2026-04-10,,,-0.004109917801643936,decrease,GC-1,34,34,0.0,False,False,False
GC,2026-04-14,,,33775.0,GC-2020-to-present.pdf,33197.0,2026-04-13,,,0.01741121185649308,increase,GC-1,34,34,0.0,False,False,False
GC,2026-04-15,,,33600.0,GC-2020-to-present.pdf,33775.0,2026-04-14,,,-0.005181347150259086,decrease,GC-1,34,34,0.0,False,False,False
GC,2026-04-16,,,33498.0,GC-2020-to-present.pdf,33600.0,2026-04-15,,,-0.0030357142857142527,decrease,GC-1,34,34,0.0,False,False,False
GC,2026-04-17,,,34004.0,GC-2020-to-present.pdf,33498.0,2026-04-16,,,0.015105379425637278,increase,GC-1,34,34,0.0,False,False,False
GC,2026-04-20,,,33647.0,GC-2020-to-present.pdf,34004.0,2026-04-17,,,-0.010498764851193942,decrease,GC-1,34,34,0.0,False,False,False
GC,2026-04-21,,,32889.0,GC-2020-to-present.pdf,33647.0,2026-04-20,,,-0.022528011412607407,decrease,GC-1,34,34,0.0,False,False,False
GC,2026-04-22,,,33128.0,GC-2020-to-present.pdf,32889.0,2026-04-21,,,0.007266867341664485,increase,GC-1,34,34,0.0,False,False,False
GC,2026-04-23,,,32936.0,GC-2020-to-present.pdf,33128.0,2026-04-22,,,-0.0057957015213716545,decrease,GC-1,34,34,0.0,False,False,False
GC,2026-04-24,,,28334.0,GC-2020-to-present.pdf,32936.0,2026-04-23,,,-0.1397255282973039,decrease,GC-1,34,34,0.0,False,False,False
GC,2026-04-27,,,28053.0,GC-2020-to-present.pdf,28334.0,2026-04-24,,,-0.00991741370791277,decrease,GC-1,34,34,0.0,False,False,False
GC,2026-04-28,,,27549.0,GC-2020-to-present.pdf,28053.0,2026-04-27,,,-0.017965992941931352,decrease,GC-1,34,34,0.0,False,False,False
GC,2026-04-29,,,27272.0,GC-2020-to-present.pdf,27549.0,2026-04-28,,,-0.010054811426912003,decrease,GC-1,33,33,0.0,False,False,False
GC,2026-04-30,,,27689.0,GC-2020-to-present.pdf,27272.0,2026-04-29,,,0.015290407744206425,increase,GC-1,33,33,0.0,False,False,False
GC,2026-05-01,,,27780.0,GC-2020-to-present.pdf,27689.0,2026-04-30,,,0.003286503665715701,increase,GC-1,33,33,0.0,False,False,False
GC,2026-05-04,,,27117.0,GC-2020-to-present.pdf,27780.0,2026-05-01,,,-0.023866090712742927,decrease,GC-1,33,33,0.0,False,False,False
GC,2026-05-05,,,27335.0,GC-2020-to-present.pdf,27117.0,2026-05-04,,,0.008039237378766106,increase,GC-1,33,33,0.0,False,False,False
GC,2026-05-06,,,28092.0,GC-2020-to-present.pdf,27335.0,2026-05-05,,,0.02769343332723606,increase,GC-1,33,33,0.0,False,False,False
GC,2026-05-07,,,28199.0,GC-2020-to-present.pdf,28092.0,2026-05-06,,,0.003808913569699479,increase,GC-1,33,33,0.125,False,False,False
GC,2026-05-08,,,28323.0,GC-2020-to-present.pdf,28199.0,2026-05-07,,,0.004397319053867088,increase,GC-1,33,33,0.0,False,False,False
GC,2026-05-11,,,28313.0,GC-2020-to-present.pdf,28323.0,2026-05-08,,,-0.00035306994315575935,decrease,GC-1,31,33,0.0,False,False,False
GC,2026-05-12,,,28066.0,GC-2020-to-present.pdf,28313.0,2026-05-11,,,-0.008723907745558535,decrease,GC-1,33,33,0.0,False,False,False
GC,2026-05-13,,,28187.0,GC-2020-to-present.pdf,28066.0,2026-05-12,,,0.004311266300862204,increase,GC-1,33,33,0.0,False,False,False
GC,2026-05-14,,,28069.0,GC-2020-to-present.pdf,28187.0,2026-05-13,,,-0.004186327030191173,decrease,GC-1,33,33,0.0,False,False,False
GC,2026-05-15,,,27335.0,GC-2020-to-present.pdf,28069.0,2026-05-14,,,-0.026149845024760365,decrease,GC-1,33,33,0.0,False,False,False
GC,2026-05-18,,,27315.0,GC-2020-to-present.pdf,27335.0,2026-05-15,,,-0.000731662703493674,decrease,GC-1,33,33,0.0,False,False,False
GC,2026-05-19,,,27038.0,GC-2020-to-present.pdf,27315.0,2026-05-18,,,-0.01014094819696143,decrease,GC-1,33,33,0.0,False,False,False
GC,2026-05-20,,,27188.0,GC-2020-to-present.pdf,27038.0,2026-05-19,,,0.005547747614468523,increase,GC-1,33,33,0.0,False,False,False
GC,2026-05-21,,,27239.0,GC-2020-to-present.pdf,27188.0,2026-05-20,,,0.001875827570987143,increase,GC-1,33,33,0.0,False,False,False
GC,2026-05-22,,,27126.0,GC-2020-to-present.pdf,27239.0,2026-05-21,,,-0.00414846359998533,decrease,GC-1,33,33,0.0,False,False,False
GC,2026-05-26,,,27003.0,GC-2020-to-present.pdf,27126.0,2026-05-25,,,-0.00453439504534392,decrease,GC-1,33,33,0.0,False,False,False
GC,2026-05-27,,,26685.0,GC-2020-to-present.pdf,27003.0,2026-05-26,,,-0.011776469281191027,decrease,GC-1,33,33,0.0,False,False,False
GC,2026-05-28,,,26996.0,GC-2020-to-present.pdf,26685.0,2026-05-27,,,0.01165448753981635,increase,GC-1,33,33,0.0,False,False,False
GC,2026-05-29,,,22803.0,GC-2020-to-present.pdf,26996.0,2026-05-28,,,-0.15531930656393544,decrease,GC-1,33,33,0.0,False,False,False
GC,2026-06-01,,,22376.0,GC-2020-to-present.pdf,22803.0,2026-05-29,,,-0.018725606279875406,decrease,GC-1,33,33,0.0,False,False,False
GC,2026-06-02,,,22446.0,GC-2020-to-present.pdf,22376.0,2026-06-01,,,0.003128351805505858,increase,GC-1,34,34,0.0,False,False,False
GC,2026-06-03,,,22184.0,GC-2020-to-present.pdf,22446.0,2026-06-02,,,-0.01167245834447117,decrease,GC-1,34,34,0.0,False,False,False
GC,2026-06-04,,,22379.0,GC-2020-to-present.pdf,22184.0,2026-06-03,,,0.008790119004687957,increase,GC-1,34,34,0.0,False,False,False
GC,2026-06-05,,,21686.0,GC-2020-to-present.pdf,22379.0,2026-06-04,,,-0.0309665311229278,decrease,GC-1,34,34,0.0,False,False,False
GC,2026-06-08,,,21680.0,GC-2020-to-present.pdf,21686.0,2026-06-05,,,-0.0002766761966245257,decrease,GC-1,33,34,0.0,False,False,False
GC,2026-06-09,,,21300.0,GC-2020-to-present.pdf,21680.0,2026-06-08,,,-0.017527675276752808,decrease,GC-1,34,34,0.0,False,False,False
GC,2026-06-10,,,20541.0,GC-2020-to-present.pdf,21300.0,2026-06-09,,,-0.03563380281690143,decrease,GC-1,34,34,0.0,False,False,False
GC,2026-06-11,,,20452.0,GC-2020-to-present.pdf,20541.0,2026-06-10,,,-0.0043327978189962035,decrease,GC-1,34,34,0.0,False,False,False
GC,2026-06-12,,,21075.0,GC-2020-to-present.pdf,20452.0,2026-06-11,,,0.030461568550752993,increase,GC-1,34,34,0.0,False,False,False
GC,2026-06-15,,,21640.0,GC-2020-to-present.pdf,21075.0,2026-06-12,,,0.026809015421115134,increase,GC-1,34,34,0.0,False,False,False
GC,2026-06-16,,,21655.0,GC-2020-to-present.pdf,21640.0,2026-06-15,,,0.0006931608133087241,increase,GC-1,34,34,0.0,False,False,False
GC,2026-06-17,,,21795.0,GC-2020-to-present.pdf,21655.0,2026-06-16,,,0.006465019625952362,increase,GC-1,34,34,0.0,False,False,False
GC,2026-06-18,,,21121.0,GC-2020-to-present.pdf,21795.0,2026-06-17,,,-0.030924523973388407,decrease,GC-1,34,34,0.0,False,False,False
GC,2026-06-22,,,20910.0,GC-2020-to-present.pdf,21121.0,2026-06-19,,,-0.00999005728895408,decrease,GC-1,34,34,0.0,False,False,False
GC,2026-06-23,,,20650.0,GC-2020-to-present.pdf,20910.0,2026-06-22,,,-0.012434241989478734,decrease,GC-1,34,34,0.0,False,False,False
GC,2026-06-24,,,19952.0,GC-2020-to-present.pdf,20650.0,2026-06-23,,,-0.03380145278450364,decrease,GC-1,34,34,0.0,False,False,False
GC,2026-06-25,,,20153.0,GC-2020-to-present.pdf,19952.0,2026-06-24,,,0.010074178027265512,increase,GC-1,34,34,0.0,False,False,False
GC,2026-06-26,,,20394.0,GC-2020-to-present.pdf,20153.0,2026-06-25,,,0.01195851734233111,increase,GC-1,34,34,0.0,False,False,False
GC,2026-06-29,,,20112.0,GC-2020-to-present.pdf,20394.0,2026-06-26,,,-0.013827596351868143,decrease,GC-1,34,34,0.0,False,False,False
GC,2026-06-30,,,20115.0,GC-2020-to-present.pdf,20112.0,2026-06-29,,,0.0001491646778042366,increase,GC-1,34,34,0.0,False,False,False
HG,2020-06-30,,,2900.0,HG-2020-to-present.pdf,,,,,,series_start,HG-1,,39,,,False,True
HG,2020-08-14,,,3200.0,HG-2020-to-present.pdf,2900.0,2020-08-13,,,0.10344827586206895,increase,HG-1,39,39,0.0,False,False,False
HG,2020-10-02,,,3600.0,HG-2020-to-present.pdf,3200.0,2020-10-01,,,0.125,increase,HG-1,40,40,0.0,False,False,False
HG,2020-10-16,,,4200.0,HG-2020-to-present.pdf,3600.0,2020-10-15,,,0.16666666666666674,increase,HG-1,40,40,0.0,False,False,False
HG,2021-02-02,,,4600.0,HG-2020-to-present.pdf,4200.0,2021-02-01,,,0.09523809523809534,increase,HG-1,40,40,0.0,False,False,False
HG,2021-02-19,,,5000.0,HG-2020-to-present.pdf,4600.0,2021-02-18,,,0.08695652173913038,increase,HG-1,40,40,0.0,False,False,False
HG,2021-03-05,,,5500.0,HG-2020-to-present.pdf,5000.0,2021-03-04,,,0.10000000000000009,increase,HG-1,41,41,0.0,False,False,False
HG,2021-04-09,,,6100.0,HG-2020-to-present.pdf,5500.0,2021-04-08,,,0.10909090909090913,increase,HG-1,40,40,0.0,False,False,False
HG,2021-05-14,,,6600.0,HG-2020-to-present.pdf,6100.0,2021-05-13,,,0.08196721311475419,increase,HG-1,41,41,0.0,False,False,False
HG,2021-07-09,,,6000.0,HG-2020-to-present.pdf,6600.0,2021-07-08,,,-0.09090909090909094,decrease,HG-1,41,41,0.0,False,False,False
HG,2021-08-06,,,6600.0,HG-2020-to-present.pdf,6000.0,2021-08-05,,,0.10000000000000009,increase,HG-1,40,40,0.0,False,False,False
HG,2021-10-06,,,6000.0,HG-2020-to-present.pdf,6600.0,2021-10-05,,,-0.09090909090909094,decrease,HG-1,40,40,0.0,False,False,False
HG,2021-12-17,,,5400.0,HG-2020-to-present.pdf,6000.0,2021-12-16,,,-0.09999999999999998,decrease,HG-1,40,40,0.0,False,False,False
HG,2022-01-21,,,5000.0,HG-2020-to-present.pdf,5400.0,2022-01-20,,,-0.07407407407407407,decrease,HG-1,40,40,0.0,False,False,False
HG,2022-02-17,,,5500.0,HG-2020-to-present.pdf,5000.0,2022-02-16,,,0.10000000000000009,increase,HG-1,40,40,0.0,False,False,False
HG,2022-03-08,,,6500.0,HG-2020-to-present.pdf,5500.0,2022-03-07,,,0.18181818181818188,increase,HG-1,41,41,0.0,False,False,False
HG,2022-04-20,,,5500.0,HG-2020-to-present.pdf,6500.0,2022-04-19,,,-0.15384615384615385,decrease,HG-1,40,40,0.0,False,False,False
HG,2022-09-20,,,5000.0,HG-2020-to-present.pdf,5500.0,2022-09-19,,,-0.09090909090909094,decrease,HG-1,40,40,0.0,False,False,False
HG,2022-11-10,,,5750.0,HG-2020-to-present.pdf,5000.0,2022-11-09,,,0.1499999999999999,increase,HG-1,40,40,0.0,False,False,False
HG,2023-03-17,,,6100.0,HG-2020-to-present.pdf,5750.0,2023-03-16,,,0.0608695652173914,increase,HG-1,41,41,0.0,False,False,False
HG,2023-04-06,,,6500.0,HG-2020-to-present.pdf,6100.0,2023-04-05,,,0.06557377049180335,increase,HG-1,40,40,0.0,False,False,False
HG,2023-06-23,,,5500.0,HG-2020-to-present.pdf,6500.0,2023-06-22,,,-0.15384615384615385,decrease,HG-1,40,40,0.0,False,False,False
HG,2023-09-08,,,5000.0,HG-2020-to-present.pdf,5500.0,2023-09-07,,,-0.09090909090909094,decrease,HG-1,40,40,0.0,False,False,False
HG,2023-10-20,,,4500.0,HG-2020-to-present.pdf,5000.0,2023-10-19,,,-0.09999999999999998,decrease,HG-1,40,40,0.0,False,False,False
HG,2024-01-19,,,4000.0,HG-2020-to-present.pdf,4500.0,2024-01-18,,,-0.11111111111111116,decrease,HG-1,40,40,0.0,False,False,False
HG,2024-04-25,,,4500.0,HG-2020-to-present.pdf,4000.0,2024-04-24,,,0.125,increase,HG-1,40,40,0.0,False,False,False
HG,2024-05-16,,,5000.0,HG-2020-to-present.pdf,4500.0,2024-05-15,,,0.11111111111111116,increase,HG-1,41,41,0.0,False,False,False
HG,2024-05-20,,,5250.0,HG-2020-to-present.pdf,5000.0,2024-05-17,,,0.050000000000000044,increase,HG-1,41,41,0.0,False,False,False
HG,2024-05-22,,,5500.0,HG-2020-to-present.pdf,5250.0,2024-05-21,,,0.04761904761904767,increase,HG-1,41,41,0.0,False,False,False
HG,2024-05-24,,,6100.0,HG-2020-to-present.pdf,5500.0,2024-05-23,,,0.10909090909090913,increase,HG-1,41,41,0.0,False,False,False
HG,2024-07-26,,,5500.0,HG-2020-to-present.pdf,6100.0,2024-07-25,,,-0.09836065573770492,decrease,HG-1,41,41,0.0,False,False,False
HG,2024-09-27,,,6000.0,HG-2020-to-present.pdf,5500.0,2024-09-26,,,0.09090909090909083,increase,HG-1,39,39,0.0,False,False,False
HG,2025-02-14,,,6500.0,HG-2020-to-present.pdf,6000.0,2025-02-13,,,0.08333333333333326,increase,HG-1,40,40,0.0,False,False,False
HG,2025-03-07,,,7000.0,HG-2020-to-present.pdf,6500.0,2025-03-06,,,0.07692307692307687,increase,HG-1,41,41,0.0,False,False,False
HG,2025-03-28,,,7500.0,HG-2020-to-present.pdf,7000.0,2025-03-27,,,0.0714285714285714,increase,HG-1,40,40,0.0,False,False,False
HG,2025-04-07,,,9000.0,HG-2020-to-present.pdf,7500.0,2025-04-04,,,0.19999999999999996,increase,HG-1,40,40,0.0,False,False,False
HG,2025-07-09,,,11000.0,HG-2020-to-present.pdf,9000.0,2025-07-08,,,0.22222222222222232,increase,HG-1,41,41,0.0,False,False,False
HG,2025-08-29,,,9500.0,HG-2020-to-present.pdf,11000.0,2025-08-28,,,-0.13636363636363635,decrease,HG-1,39,39,0.0,False,False,False
HG,2025-09-19,,,9000.0,HG-2020-to-present.pdf,9500.0,2025-09-18,,,-0.052631578947368474,decrease,HG-1,40,40,0.0,False,False,False
HG,2025-12-29,,,10000.0,HG-2020-to-present.pdf,9000.0,2025-12-26,,,0.11111111111111116,increase,HG-1,40,40,0.0,False,False,False
HG,2026-01-30,,,12000.0,HG-2020-to-present.pdf,10000.0,2026-01-29,,,0.19999999999999996,increase,HG-1,39,39,0.0,False,False,False
SI,2020-06-30,,,8000.0,SI-2020-to-present.pdf,,,,,,series_start,SI-1,,19,,,False,True
SI,2020-07-24,,,9000.0,SI-2020-to-present.pdf,8000.0,2020-07-23,,,0.125,increase,SI-1,19,19,0.0,False,False,False
SI,2020-07-28,,,10000.0,SI-2020-to-present.pdf,9000.0,2020-07-27,,,0.11111111111111116,increase,SI-1,19,19,0.0,False,False,False
SI,2020-08-07,,,11500.0,SI-2020-to-present.pdf,10000.0,2020-08-06,,,0.1499999999999999,increase,SI-1,20,20,0.0,False,False,False
SI,2020-08-12,,,13250.0,SI-2020-to-present.pdf,11500.0,2020-08-11,,,0.15217391304347827,increase,SI-1,20,20,0.0,False,False,False
SI,2020-10-02,,,15000.0,SI-2020-to-present.pdf,13250.0,2020-10-01,,,0.13207547169811318,increase,SI-1,19,19,0.0,False,False,False
SI,2020-10-16,,,17000.0,SI-2020-to-present.pdf,15000.0,2020-10-15,,,0.1333333333333333,increase,SI-1,19,19,0.0,False,False,False
SI,2020-11-17,,,15000.0,SI-2020-to-present.pdf,17000.0,2020-11-16,,,-0.11764705882352944,decrease,SI-1,19,19,0.0,False,False,False
SI,2020-12-04,,,14000.0,SI-2020-to-present.pdf,15000.0,2020-12-03,,,-0.06666666666666665,decrease,SI-1,19,19,0.0,False,False,False
SI,2021-02-02,,,16500.0,SI-2020-to-present.pdf,14000.0,2021-02-01,,,0.1785714285714286,increase,SI-1,19,19,0.0,False,False,False
SI,2021-05-07,,,15000.0,SI-2020-to-present.pdf,16500.0,2021-05-06,,,-0.09090909090909094,decrease,SI-1,19,19,0.0,False,False,False
SI,2021-07-09,,,13500.0,SI-2020-to-present.pdf,15000.0,2021-07-08,,,-0.09999999999999998,decrease,SI-1,19,19,0.0,False,False,False
SI,2021-09-29,,,12500.0,SI-2020-to-present.pdf,13500.0,2021-09-28,,,-0.07407407407407407,decrease,SI-1,19,19,0.0,False,False,False
SI,2021-10-29,,,11500.0,SI-2020-to-present.pdf,12500.0,2021-10-28,,,-0.07999999999999996,decrease,SI-1,18,18,0.0,False,False,False
SI,2021-12-17,,,10350.0,SI-2020-to-present.pdf,11500.0,2021-12-16,,,-0.09999999999999998,decrease,SI-1,19,19,0.0,False,False,False
SI,2022-01-05,,,9500.0,SI-2020-to-present.pdf,10350.0,2022-01-04,,,-0.08212560386473433,decrease,SI-1,19,19,0.0,False,False,False
SI,2022-04-20,,,8500.0,SI-2020-to-present.pdf,9500.0,2022-04-19,,,-0.10526315789473684,decrease,SI-1,19,19,0.0,False,False,False
SI,2022-07-08,,,7500.0,SI-2020-to-present.pdf,8500.0,2022-07-07,,,-0.11764705882352944,decrease,SI-1,19,19,0.0,False,False,False
SI,2022-10-05,,,8500.0,SI-2020-to-present.pdf,7500.0,2022-10-04,,,0.1333333333333333,increase,SI-1,19,19,0.0,False,False,False
SI,2023-03-14,,,9500.0,SI-2020-to-present.pdf,8500.0,2023-03-13,,,0.11764705882352944,increase,SI-1,19,19,0.0,False,False,False
SI,2023-07-14,,,8500.0,SI-2020-to-present.pdf,9500.0,2023-07-13,,,-0.10526315789473684,decrease,SI-1,19,19,0.0,False,False,False
SI,2023-09-08,,,8000.0,SI-2020-to-present.pdf,8500.0,2023-09-07,,,-0.05882352941176472,decrease,SI-1,20,20,0.0,False,False,False
SI,2023-12-15,,,9000.0,SI-2020-to-present.pdf,8000.0,2023-12-14,,,0.125,increase,SI-1,19,19,0.0,False,False,False
SI,2024-02-16,,,8000.0,SI-2020-to-present.pdf,9000.0,2024-02-15,,,-0.11111111111111116,decrease,SI-1,19,19,0.0,False,False,False
SI,2024-03-08,,,8500.0,SI-2020-to-present.pdf,8000.0,2024-03-07,,,0.0625,increase,SI-1,19,19,0.0,False,False,False
SI,2024-04-05,,,9500.0,SI-2020-to-present.pdf,8500.0,2024-04-04,,,0.11764705882352944,increase,SI-1,19,19,0.0,False,False,False
SI,2024-04-19,,,10500.0,SI-2020-to-present.pdf,9500.0,2024-04-18,,,0.10526315789473695,increase,SI-1,19,19,0.0,False,False,False
SI,2024-05-23,,,11500.0,SI-2020-to-present.pdf,10500.0,2024-05-22,,,0.09523809523809534,increase,SI-1,19,19,0.0,False,False,False
SI,2024-08-23,,,10500.0,SI-2020-to-present.pdf,11500.0,2024-08-22,,,-0.08695652173913049,decrease,SI-1,20,20,0.0,False,False,False
SI,2024-09-20,,,11000.0,SI-2020-to-present.pdf,10500.0,2024-09-19,,,0.04761904761904767,increase,SI-1,20,20,0.0,False,False,False
SI,2024-09-27,,,11500.0,SI-2020-to-present.pdf,11000.0,2024-09-26,,,0.045454545454545414,increase,SI-1,19,19,0.0,False,False,False
SI,2024-10-25,,,12000.0,SI-2020-to-present.pdf,11500.0,2024-10-24,,,0.04347826086956519,increase,SI-1,19,19,0.0,False,False,False
SI,2024-11-01,,,12500.0,SI-2020-to-present.pdf,12000.0,2024-10-31,,,0.04166666666666674,increase,SI-1,19,19,0.0,False,False,False
SI,2024-11-14,,,11500.0,SI-2020-to-present.pdf,12500.0,2024-11-13,,,-0.07999999999999996,decrease,SI-1,19,19,0.0,False,False,False
SI,2025-02-07,,,12000.0,SI-2020-to-present.pdf,11500.0,2025-02-06,,,0.04347826086956519,increase,SI-1,19,19,0.0,False,False,False
SI,2025-03-28,,,13000.0,SI-2020-to-present.pdf,12000.0,2025-03-27,,,0.08333333333333326,increase,SI-1,30,30,0.0,False,False,False
SI,2025-04-04,,,15000.0,SI-2020-to-present.pdf,13000.0,2025-04-03,,,0.15384615384615374,increase,SI-1,30,30,0.0,False,False,False
SI,2025-09-26,,,16000.0,SI-2020-to-present.pdf,15000.0,2025-09-25,,,0.06666666666666665,increase,SI-1,32,32,0.0,False,False,False
SI,2025-10-10,,,17500.0,SI-2020-to-present.pdf,16000.0,2025-10-09,,,0.09375,increase,SI-1,32,32,0.0,False,False,False
SI,2025-10-17,,,19000.0,SI-2020-to-present.pdf,17500.0,2025-10-16,,,0.08571428571428563,increase,SI-1,32,32,0.0,False,False,False
SI,2025-10-24,,,20000.0,SI-2020-to-present.pdf,19000.0,2025-10-23,,,0.05263157894736836,increase,SI-1,32,32,0.0,False,False,False
SI,2025-12-12,,,22000.0,SI-2020-to-present.pdf,20000.0,2025-12-11,,,0.10000000000000009,increase,SI-1,31,31,0.0,False,False,False
SI,2025-12-29,,,25000.0,SI-2020-to-present.pdf,22000.0,2025-12-26,,,0.13636363636363646,increase,SI-1,31,31,0.0,False,False,False
SI,2025-12-31,,,32500.0,SI-2020-to-present.pdf,25000.0,2025-12-30,,,0.30000000000000004,increase,SI-1,32,32,0.0,False,False,False
SI,2026-01-13,,,38645.0,SI-2020-to-present.pdf,32500.0,2026-01-12,,,0.18907692307692314,increase,SI-1,32,32,0.0,False,False,False
SI,2026-01-14,,,40892.0,SI-2020-to-present.pdf,38645.0,2026-01-13,,,0.058144650019407385,increase,SI-1,32,32,0.0,False,False,False
SI,2026-01-15,,,41345.0,SI-2020-to-present.pdf,40892.0,2026-01-14,,,0.011077961459454277,increase,SI-1,32,32,0.0,False,False,False
SI,2026-01-16,,,39641.0,SI-2020-to-present.pdf,41345.0,2026-01-15,,,-0.041214173418793076,decrease,SI-1,32,32,0.0,False,False,False
SI,2026-01-20,,,42393.0,SI-2020-to-present.pdf,39641.0,2026-01-19,,,0.06942307207184473,increase,SI-1,32,32,0.0,False,False,False
SI,2026-01-21,,,41495.0,SI-2020-to-present.pdf,42393.0,2026-01-20,,,-0.0211827424338924,decrease,SI-1,32,32,0.0,False,False,False
SI,2026-01-22,,,43190.0,SI-2020-to-present.pdf,41495.0,2026-01-21,,,0.04084829497529818,increase,SI-1,32,32,0.0,False,False,False
SI,2026-01-23,,,45417.0,SI-2020-to-present.pdf,43190.0,2026-01-22,,,0.05156286177355862,increase,SI-1,32,32,0.0,False,False,False
SI,2026-01-26,,,51786.0,SI-2020-to-present.pdf,45417.0,2026-01-23,,,0.14023383314617877,increase,SI-1,32,32,0.0,False,False,False
SI,2026-01-27,,,47486.0,SI-2020-to-present.pdf,51786.0,2026-01-26,,,-0.08303402463986409,decrease,SI-1,32,32,0.0,False,False,False
SI,2026-01-28,,,62212.0,SI-2020-to-present.pdf,47486.0,2026-01-27,,,0.3101124541970266,increase,SI-1,32,32,0.0,False,False,False
SI,2026-01-29,,,62721.0,SI-2020-to-present.pdf,62212.0,2026-01-28,,,0.008181701279496023,increase,SI-1,32,32,0.0,False,False,False
SI,2026-01-30,,,43060.0,SI-2020-to-present.pdf,62721.0,2026-01-29,,,-0.3134675786419222,decrease,SI-1,32,32,0.0,False,False,False
SI,2026-02-02,,,57584.0,SI-2020-to-present.pdf,43060.0,2026-01-30,,,0.3372967951695309,increase,SI-1,32,32,0.0,False,False,False
SI,2026-02-03,,,62282.0,SI-2020-to-present.pdf,57584.0,2026-02-02,,,0.08158516254515136,increase,SI-1,32,32,0.0,False,False,False
SI,2026-02-04,,,63124.0,SI-2020-to-present.pdf,62282.0,2026-02-03,,,0.01351915481198418,increase,SI-1,32,32,0.0,False,False,False
SI,2026-02-05,,,57397.0,SI-2020-to-present.pdf,63124.0,2026-02-04,,,-0.09072618972181734,decrease,SI-1,32,32,0.0,False,False,False
SI,2026-02-06,,,69062.0,SI-2020-to-present.pdf,57397.0,2026-02-05,,,0.20323361848180221,increase,SI-1,32,32,0.0,False,False,False
SI,2026-02-09,,,73859.0,SI-2020-to-present.pdf,69062.0,2026-02-06,,,0.06945932640236308,increase,SI-1,32,32,0.0,False,False,False
SI,2026-02-10,,,72197.0,SI-2020-to-present.pdf,73859.0,2026-02-09,,,-0.022502335531214834,decrease,SI-1,32,32,0.0,False,False,False
SI,2026-02-11,,,75379.0,SI-2020-to-present.pdf,72197.0,2026-02-10,,,0.044073853484216885,increase,SI-1,32,32,0.0,False,False,False
SI,2026-02-12,,,67992.0,SI-2020-to-present.pdf,75379.0,2026-02-11,,,-0.09799811618620569,decrease,SI-1,32,32,0.0,False,False,False
SI,2026-02-13,,,70066.0,SI-2020-to-present.pdf,67992.0,2026-02-12,,,0.030503588657489145,increase,SI-1,32,32,0.0,False,False,False
SI,2026-02-17,,,66103.0,SI-2020-to-present.pdf,70066.0,2026-02-16,,,-0.056560956812148566,decrease,SI-1,32,32,0.0,False,False,False
SI,2026-02-18,,,69759.0,SI-2020-to-present.pdf,66103.0,2026-02-17,,,0.05530762597764105,increase,SI-1,32,32,0.0,False,False,False
SI,2026-02-19,,,69809.0,SI-2020-to-present.pdf,69759.0,2026-02-18,,,0.000716753393827263,increase,SI-1,32,32,0.0,False,False,False
SI,2026-02-20,,,74055.0,SI-2020-to-present.pdf,69809.0,2026-02-19,,,0.060823103038290194,increase,SI-1,32,32,0.0,False,False,False
SI,2026-02-23,,,77871.0,SI-2020-to-present.pdf,74055.0,2026-02-20,,,0.0515292687867126,increase,SI-1,32,32,0.0,False,False,False
SI,2026-02-24,,,78712.0,SI-2020-to-present.pdf,77871.0,2026-02-23,,,0.010799912676092482,increase,SI-1,32,32,0.0,False,False,False
SI,2026-02-25,,,81846.0,SI-2020-to-present.pdf,78712.0,2026-02-24,,,0.03981603821526569,increase,SI-1,32,32,0.0,False,False,False
SI,2026-02-26,,,78299.0,SI-2020-to-present.pdf,81846.0,2026-02-25,,,-0.04333748747648025,decrease,SI-1,32,32,0.0,False,False,False
SI,2026-02-27,,,83414.0,SI-2020-to-present.pdf,78299.0,2026-02-26,,,0.06532650480849056,increase,SI-1,32,32,0.0,False,False,False
SI,2026-03-02,,,79456.0,SI-2020-to-present.pdf,83414.0,2026-02-27,,,-0.04745006833385279,decrease,SI-1,32,32,0.0,False,False,False
SI,2026-03-03,,,74631.0,SI-2020-to-present.pdf,79456.0,2026-03-02,,,-0.06072543294401933,decrease,SI-1,32,32,0.0,False,False,False
SI,2026-03-04,,,74370.0,SI-2020-to-present.pdf,74631.0,2026-03-03,,,-0.003497206254773455,decrease,SI-1,32,32,0.0,False,False,False
SI,2026-03-05,,,73519.0,SI-2020-to-present.pdf,74370.0,2026-03-04,,,-0.011442786069651767,decrease,SI-1,32,32,0.0,False,False,False
SI,2026-03-06,,,58672.0,SI-2020-to-present.pdf,73519.0,2026-03-05,,,-0.20194779580788635,decrease,SI-1,32,32,0.0,False,False,False
SI,2026-03-09,,,58823.0,SI-2020-to-present.pdf,58672.0,2026-03-06,,,0.002573629670030053,increase,SI-1,32,32,0.0,False,False,False
SI,2026-03-10,,,62359.0,SI-2020-to-present.pdf,58823.0,2026-03-09,,,0.060112541012869114,increase,SI-1,32,32,0.0,False,False,False
SI,2026-03-11,,,59546.0,SI-2020-to-present.pdf,62359.0,2026-03-10,,,-0.045109767635786335,decrease,SI-1,32,32,0.0,False,False,False
SI,2026-03-12,,,59270.0,SI-2020-to-present.pdf,59546.0,2026-03-11,,,-0.004635072045141575,decrease,SI-1,32,32,0.0,False,False,False
SI,2026-03-13,,,56640.0,SI-2020-to-present.pdf,59270.0,2026-03-12,,,-0.04437320735616668,decrease,SI-1,32,32,0.0,False,False,False
SI,2026-03-16,,,56185.0,SI-2020-to-present.pdf,56640.0,2026-03-13,,,-0.008033192090395436,decrease,SI-1,32,32,0.0,False,False,False
SI,2026-03-17,,,55672.0,SI-2020-to-present.pdf,56185.0,2026-03-16,,,-0.009130550858770126,decrease,SI-1,32,32,0.0,False,False,False
SI,2026-03-18,,,54067.0,SI-2020-to-present.pdf,55672.0,2026-03-17,,,-0.02882957321454227,decrease,SI-1,32,32,0.0,False,False,False
SI,2026-03-19,,,49632.0,SI-2020-to-present.pdf,54067.0,2026-03-18,,,-0.08202785432888826,decrease,SI-1,32,32,0.0,False,False,False
SI,2026-03-20,,,48553.0,SI-2020-to-present.pdf,49632.0,2026-03-19,,,-0.02174000644745322,decrease,SI-1,32,32,0.0,False,False,False
SI,2026-03-23,,,48335.0,SI-2020-to-present.pdf,48553.0,2026-03-20,,,-0.004489938829732476,decrease,SI-1,32,32,0.0,False,False,False
SI,2026-03-24,,,48492.0,SI-2020-to-present.pdf,48335.0,2026-03-23,,,0.0032481638564187953,increase,SI-1,32,32,0.0,False,False,False
SI,2026-03-25,,,50653.0,SI-2020-to-present.pdf,48492.0,2026-03-24,,,0.04456405180235912,increase,SI-1,32,32,0.0,False,False,False
SI,2026-03-26,,,47370.0,SI-2020-to-present.pdf,50653.0,2026-03-25,,,-0.06481353522989752,decrease,SI-1,32,32,0.0,False,False,False
SI,2026-03-27,,,48682.0,SI-2020-to-present.pdf,47370.0,2026-03-26,,,0.027696854549292826,increase,SI-1,32,32,0.0,False,False,False
SI,2026-03-30,,,49227.0,SI-2020-to-present.pdf,48682.0,2026-03-27,,,0.011195102912780808,increase,SI-1,32,32,0.0,False,False,False
SI,2026-03-31,,,52284.0,SI-2020-to-present.pdf,49227.0,2026-03-30,,,0.06210006703638249,increase,SI-1,32,32,0.0,False,False,False
SI,2026-04-01,,,53107.0,SI-2020-to-present.pdf,52284.0,2026-03-31,,,0.015740953255297896,increase,SI-1,32,32,0.0,False,False,False
SI,2026-04-02,,,50915.0,SI-2020-to-present.pdf,53107.0,2026-04-01,,,-0.041275161466473365,decrease,SI-1,32,32,0.0,False,False,False
SI,2026-04-06,,,50863.0,SI-2020-to-present.pdf,50915.0,2026-04-03,,,-0.0010213100265147323,decrease,SI-1,32,32,0.0,False,False,False
SI,2026-04-07,,,50279.0,SI-2020-to-present.pdf,50863.0,2026-04-06,,,-0.0114818237225488,decrease,SI-1,32,32,0.0,False,False,False
SI,2026-04-08,,,52657.0,SI-2020-to-present.pdf,50279.0,2026-04-07,,,0.04729608782990913,increase,SI-1,32,32,0.0,False,False,False
SI,2026-04-09,,,53394.0,SI-2020-to-present.pdf,52657.0,2026-04-08,,,0.01399623981616882,increase,SI-1,32,32,0.0,False,False,False
SI,2026-04-10,,,53427.0,SI-2020-to-present.pdf,53394.0,2026-04-09,,,0.0006180469715697523,increase,SI-1,32,32,0.0,False,False,False
SI,2026-04-13,,,52867.0,SI-2020-to-present.pdf,53427.0,2026-04-10,,,-0.01048159170456886,decrease,SI-1,32,32,0.0,False,False,False
SI,2026-04-14,,,55574.0,SI-2020-to-present.pdf,52867.0,2026-04-13,,,0.05120396466604871,increase,SI-1,32,32,0.0,False,False,False
SI,2026-04-15,,,55644.0,SI-2020-to-present.pdf,55574.0,2026-04-14,,,0.0012595818188361196,increase,SI-1,32,32,0.0,False,False,False
SI,2026-04-16,,,55025.0,SI-2020-to-present.pdf,55644.0,2026-04-15,,,-0.011124290130112846,decrease,SI-1,32,32,0.0,False,False,False
SI,2026-04-17,,,57217.0,SI-2020-to-present.pdf,55025.0,2026-04-16,,,0.03983643798273517,increase,SI-1,32,32,0.0,False,False,False
SI,2026-04-20,,,55966.0,SI-2020-to-present.pdf,57217.0,2026-04-17,,,-0.0218641312896517,decrease,SI-1,32,32,0.0,False,False,False
SI,2026-04-21,,,53488.0,SI-2020-to-present.pdf,55966.0,2026-04-20,,,-0.04427688239288141,decrease,SI-1,32,32,0.0,False,False,False
SI,2026-04-22,,,54526.0,SI-2020-to-present.pdf,53488.0,2026-04-21,,,0.019406221956326686,increase,SI-1,32,32,0.0,False,False,False
SI,2026-04-23,,,52826.0,SI-2020-to-present.pdf,54526.0,2026-04-22,,,-0.031177786743938674,decrease,SI-1,32,32,0.0,False,False,False
SI,2026-04-24,,,42011.0,SI-2020-to-present.pdf,52826.0,2026-04-23,,,-0.20472873206375652,decrease,SI-1,32,32,0.0,False,False,False
SI,2026-04-27,,,41252.0,SI-2020-to-present.pdf,42011.0,2026-04-24,,,-0.018066696817500172,decrease,SI-1,32,32,0.0,False,False,False
SI,2026-04-28,,,40263.0,SI-2020-to-present.pdf,41252.0,2026-04-27,,,-0.023974595171143198,decrease,SI-1,32,32,0.0,False,False,False
SI,2026-04-29,,,39363.0,SI-2020-to-present.pdf,40263.0,2026-04-28,,,-0.02235302883540724,decrease,SI-1,32,32,0.0,False,False,False
SI,2026-04-30,,,40444.0,SI-2020-to-present.pdf,39363.0,2026-04-29,,,0.027462337728323627,increase,SI-1,32,32,0.0,False,False,False
SI,2026-05-01,,,41774.0,SI-2020-to-present.pdf,40444.0,2026-04-30,,,0.032884976757986406,increase,SI-1,32,32,0.0,False,False,False
SI,2026-05-04,,,40190.0,SI-2020-to-present.pdf,41774.0,2026-05-01,,,-0.03791832240149373,decrease,SI-1,32,32,0.0,False,False,False
SI,2026-05-05,,,40210.0,SI-2020-to-present.pdf,40190.0,2026-05-04,,,0.0004976362279174307,increase,SI-1,32,32,0.0,False,False,False
SI,2026-05-06,,,42247.0,SI-2020-to-present.pdf,40210.0,2026-05-05,,,0.05065904003979105,increase,SI-1,32,32,0.0,False,False,False
SI,2026-05-07,,,43836.0,SI-2020-to-present.pdf,42247.0,2026-05-06,,,0.03761213813998632,increase,SI-1,32,32,0.0,False,False,False
SI,2026-05-08,,,44218.0,SI-2020-to-present.pdf,43836.0,2026-05-07,,,0.00871429874988583,increase,SI-1,32,32,0.0,False,False,False
SI,2026-05-11,,,47017.0,SI-2020-to-present.pdf,44218.0,2026-05-08,,,0.06330001356913484,increase,SI-1,32,32,0.0,False,False,False
SI,2026-05-12,,,46822.0,SI-2020-to-present.pdf,47017.0,2026-05-11,,,-0.004147436033774987,decrease,SI-1,32,32,0.0,False,False,False
SI,2026-05-13,,,48889.0,SI-2020-to-present.pdf,46822.0,2026-05-12,,,0.04414591431378412,increase,SI-1,32,32,0.0,False,False,False
SI,2026-05-14,,,46702.0,SI-2020-to-present.pdf,48889.0,2026-05-13,,,-0.044733989240933525,decrease,SI-1,32,32,0.0,False,False,False
SI,2026-05-15,,,42439.0,SI-2020-to-present.pdf,46702.0,2026-05-14,,,-0.09128088732816586,decrease,SI-1,32,32,0.0,False,False,False
SI,2026-05-18,,,42391.0,SI-2020-to-present.pdf,42439.0,2026-05-15,,,-0.0011310351327787904,decrease,SI-1,32,32,0.0,False,False,False
SI,2026-05-19,,,41156.0,SI-2020-to-present.pdf,42391.0,2026-05-18,,,-0.029133542497228215,decrease,SI-1,32,32,0.0,False,False,False
SI,2026-05-20,,,41719.0,SI-2020-to-present.pdf,41156.0,2026-05-19,,,0.013679657887063934,increase,SI-1,32,32,0.0,False,False,False
SI,2026-05-21,,,42028.0,SI-2020-to-present.pdf,41719.0,2026-05-20,,,0.007406697188331535,increase,SI-1,32,32,0.0,False,False,False
SI,2026-05-22,,,41742.0,SI-2020-to-present.pdf,42028.0,2026-05-21,,,-0.006804987151422859,decrease,SI-1,32,32,0.0,False,False,False
SI,2026-05-26,,,41968.0,SI-2020-to-present.pdf,41742.0,2026-05-25,,,0.005414211106319788,increase,SI-1,32,32,0.0,False,False,False
SI,2026-05-27,,,41030.0,SI-2020-to-present.pdf,41968.0,2026-05-26,,,-0.02235036218070907,decrease,SI-1,32,32,0.0,False,False,False
SI,2026-05-28,,,41605.0,SI-2020-to-present.pdf,41030.0,2026-05-27,,,0.014014135998050126,increase,SI-1,31,31,0.0,False,False,False
SI,2026-05-29,,,37808.0,SI-2020-to-present.pdf,41605.0,2026-05-28,,,-0.09126306934262707,decrease,SI-1,31,31,0.0,False,False,False
SI,2026-06-01,,,37504.0,SI-2020-to-present.pdf,37808.0,2026-05-29,,,-0.008040626322471489,decrease,SI-1,31,31,0.0,False,False,False
SI,2026-06-02,,,37656.0,SI-2020-to-present.pdf,37504.0,2026-06-01,,,0.004052901023890776,increase,SI-1,31,31,0.0,False,False,False
SI,2026-06-03,,,36738.0,SI-2020-to-present.pdf,37656.0,2026-06-02,,,-0.02437858508604207,decrease,SI-1,31,31,0.0,False,False,False
SI,2026-06-04,,,36890.0,SI-2020-to-present.pdf,36738.0,2026-06-03,,,0.004137405411290818,increase,SI-1,31,31,0.0,False,False,False
SI,2026-06-05,,,34472.0,SI-2020-to-present.pdf,36890.0,2026-06-04,,,-0.06554621848739495,decrease,SI-1,31,31,0.0,False,False,False
SI,2026-06-08,,,34213.0,SI-2020-to-present.pdf,34472.0,2026-06-05,,,-0.00751334416337901,decrease,SI-1,31,31,0.0,False,False,False
SI,2026-06-09,,,32547.0,SI-2020-to-present.pdf,34213.0,2026-06-08,,,-0.04869494051968548,decrease,SI-1,31,31,0.0,False,False,False
SI,2026-06-10,,,32300.0,SI-2020-to-present.pdf,32547.0,2026-06-09,,,-0.007589025102159974,decrease,SI-1,31,31,0.0,False,False,False
SI,2026-06-11,,,31943.0,SI-2020-to-present.pdf,32300.0,2026-06-10,,,-0.011052631578947314,decrease,SI-1,31,31,0.0,False,False,False
SI,2026-06-12,,,33930.0,SI-2020-to-present.pdf,31943.0,2026-06-11,,,0.062204551857997004,increase,SI-1,31,31,0.0,False,False,False
SI,2026-06-15,,,35033.0,SI-2020-to-present.pdf,33930.0,2026-06-12,,,0.03250810492189804,increase,SI-1,31,31,0.0,False,False,False
SI,2026-06-16,,,34950.0,SI-2020-to-present.pdf,35033.0,2026-06-15,,,-0.0023691947592270335,decrease,SI-1,31,31,0.0,False,False,False
SI,2026-06-17,,,35348.0,SI-2020-to-present.pdf,34950.0,2026-06-16,,,0.011387696709585171,increase,SI-1,31,31,0.0,False,False,False
SI,2026-06-18,,,33128.0,SI-2020-to-present.pdf,35348.0,2026-06-17,,,-0.06280411904492478,decrease,SI-1,31,31,0.0,False,False,False
SI,2026-06-22,,,32764.0,SI-2020-to-present.pdf,33128.0,2026-06-19,,,-0.010987684134267095,decrease,SI-1,31,31,0.0,False,False,False
SI,2026-06-23,,,31010.0,SI-2020-to-present.pdf,32764.0,2026-06-22,,,-0.05353436698815772,decrease,SI-1,31,31,0.0,False,False,False
SI,2026-06-24,,,29026.0,SI-2020-to-present.pdf,31010.0,2026-06-23,,,-0.06397936149629146,decrease,SI-1,31,31,0.0,False,False,False
SI,2026-06-25,,,29174.0,SI-2020-to-present.pdf,29026.0,2026-06-24,,,0.005098876869013891,increase,SI-1,31,31,0.0,False,False,False
SI,2026-06-26,,,29609.0,SI-2020-to-present.pdf,29174.0,2026-06-25,,,0.01491053677932408,increase,SI-1,31,31,0.0,False,False,False
SI,2026-06-29,,,29088.0,SI-2020-to-present.pdf,29609.0,2026-06-26,,,-0.01759600121584648,decrease,SI-1,31,31,0.0,False,False,False
SI,2026-06-30,,,29739.0,SI-2020-to-present.pdf,29088.0,2026-06-29,,,0.02238036303630353,increase,SI-1,31,31,0.0,False,False,False
ZC,2020-06-30,,,900.0,C-2020-to-present.pdf,,,,,,series_start,C-1,,15,,,False,True
ZC,2020-07-24,,,850.0,C-2020-to-present.pdf,900.0,2020-07-23,,,-0.05555555555555558,decrease,C-1,14,14,0.0,False,False,False
ZC,2021-01-04,,,975.0,C-2020-to-present.pdf,850.0,2020-12-31,,,0.1470588235294117,increase,C-1,17,17,0.0,False,False,False
ZC,2021-01-06,,,1100.0,C-2020-to-present.pdf,975.0,2021-01-05,,,0.1282051282051282,increase,C-1,3,17,0.625,False,False,False
ZC,2021-01-14,,,1300.0,C-2020-to-present.pdf,1100.0,2021-01-13,,,0.18181818181818188,increase,C-1,17,17,0.0,False,False,False
ZC,2021-01-26,,,1400.0,C-2020-to-present.pdf,1300.0,2021-01-25,,,0.07692307692307687,increase,C-1,8,17,0.5,False,False,False
ZC,2021-02-05,,,1500.0,C-2020-to-present.pdf,1400.0,2021-02-04,,,0.0714285714285714,increase,C-1,17,17,0.0,False,False,False
ZC,2021-04-23,,,1700.0,C-2020-to-present.pdf,1500.0,2021-04-22,,,0.1333333333333333,increase,C-1,16,16,0.0,False,False,False
ZC,2021-04-29,,,1900.0,C-2020-to-present.pdf,1700.0,2021-04-28,,,0.11764705882352944,increase,C-1,16,16,0.0,False,False,False
ZC,2021-05-03,,,2050.0,C-2020-to-present.pdf,1900.0,2021-04-30,,,0.07894736842105265,increase,C-1,6,16,0.333,False,False,False
ZC,2021-05-07,,,2125.0,C-2020-to-present.pdf,2050.0,2021-05-06,,,0.03658536585365857,increase,C-1,16,16,0.0,False,False,False
ZC,2021-06-18,,,2325.0,C-2020-to-present.pdf,2125.0,2021-06-17,,,0.09411764705882364,increase,C-1,15,15,0.0,False,False,False
ZC,2021-06-22,,,2400.0,C-2020-to-present.pdf,2325.0,2021-06-21,,,0.032258064516129004,increase,C-1,14,15,0.0,False,False,False
ZC,2021-09-02,,,2100.0,C-2020-to-present.pdf,2400.0,2021-09-01,,,-0.125,decrease,C-1,14,14,0.0,False,False,False
ZC,2021-09-17,,,1900.0,C-2020-to-present.pdf,2100.0,2021-09-16,,,-0.09523809523809523,decrease,C-1,13,13,0.167,False,False,False
ZC,2021-10-01,,,1725.0,C-2020-to-present.pdf,1900.0,2021-09-30,,,-0.09210526315789469,decrease,C-1,13,13,0.333,False,False,False
ZC,2021-10-20,,,1525.0,C-2020-to-present.pdf,1725.0,2021-10-19,,,-0.1159420289855072,decrease,C-1,13,13,0.167,False,False,False
ZC,2022-02-17,,,1750.0,C-2020-to-present.pdf,1525.0,2022-02-16,,,0.14754098360655732,increase,C-1,7,17,0.375,False,False,False
ZC,2022-02-28,,,1925.0,C-2020-to-present.pdf,1750.0,2022-02-25,,,0.10000000000000009,increase,C-1,17,17,0.0,False,False,False
ZC,2022-03-02,,,2150.0,C-2020-to-present.pdf,1925.0,2022-03-01,,,0.11688311688311681,increase,C-1,17,17,0.0,False,False,False
ZC,2022-03-07,,,2400.0,C-2020-to-present.pdf,2150.0,2022-03-04,,,0.11627906976744184,increase,C-1,5,17,0.438,False,False,False
ZC,2022-03-25,,,2650.0,C-2020-to-present.pdf,2400.0,2022-03-24,,,0.10416666666666674,increase,C-1,4,16,0.4,False,False,False
ZC,2022-05-17,,,2500.0,C-2020-to-present.pdf,2650.0,2022-05-16,,,-0.05660377358490565,decrease,C-1,8,15,0.357,False,False,False
ZC,2022-07-15,,,2700.0,C-2020-to-present.pdf,2500.0,2022-07-14,,,0.08000000000000007,increase,C-1,10,14,0.0,False,False,False
ZC,2022-09-16,,,2500.0,C-2020-to-present.pdf,2700.0,2022-09-15,,,-0.07407407407407407,decrease,C-1,2,13,0.333,False,False,False
ZC,2022-11-04,,,2250.0,C-2020-to-present.pdf,2500.0,2022-11-03,,,-0.09999999999999998,decrease,C-1,7,13,0.417,False,False,False
ZC,2023-02-16,,,2100.0,C-2020-to-present.pdf,2250.0,2023-02-15,,,-0.06666666666666665,decrease,C-1,5,17,0.562,False,False,False
ZC,2023-03-23,,,2000.0,C-2020-to-present.pdf,2100.0,2023-03-22,,,-0.04761904761904767,decrease,C-1,16,16,0.067,False,False,False
ZC,2023-04-21,,,1800.0,C-2020-to-present.pdf,2000.0,2023-04-20,,,-0.09999999999999998,decrease,C-1,16,16,0.0,False,False,False
ZC,2023-05-25,,,1700.0,C-2020-to-present.pdf,1800.0,2023-05-24,,,-0.05555555555555558,decrease,C-1,9,15,0.286,False,False,False
ZC,2023-06-23,,,1950.0,C-2020-to-present.pdf,1700.0,2023-06-22,,,0.1470588235294117,increase,C-1,15,15,0.0,False,False,False
ZC,2023-06-29,,,2250.0,C-2020-to-present.pdf,1950.0,2023-06-28,,,0.15384615384615374,increase,C-1,2,15,0.286,False,False,False
ZC,2023-07-03,,,2550.0,C-2020-to-present.pdf,2250.0,2023-06-30,,,0.1333333333333333,increase,C-1,15,15,0.0,False,False,False
ZC,2023-09-21,,,2200.0,C-2020-to-present.pdf,2550.0,2023-09-20,,,-0.13725490196078427,decrease,C-1,13,13,0.167,False,False,False
ZC,2023-09-29,,,2000.0,C-2020-to-present.pdf,2200.0,2023-09-28,,,-0.09090909090909094,decrease,C-1,8,13,0.333,False,False,False
ZC,2023-10-06,,,1725.0,C-2020-to-present.pdf,2000.0,2023-10-05,,,-0.13749999999999996,decrease,C-1,13,13,0.0,False,False,False
ZC,2023-11-30,,,1575.0,C-2020-to-present.pdf,1725.0,2023-11-29,,,-0.08695652173913049,decrease,C-1,13,13,0.167,False,False,False
ZC,2024-01-10,,,1425.0,C-2020-to-present.pdf,1575.0,2024-01-09,,,-0.09523809523809523,decrease,C-1,17,17,0.125,False,False,False
ZC,2024-02-09,,,1300.0,C-2020-to-present.pdf,1425.0,2024-02-08,,,-0.08771929824561409,decrease,C-1,9,17,0.5,False,False,False
ZC,2024-08-02,,,1200.0,C-2020-to-present.pdf,1300.0,2024-08-01,,,-0.07692307692307687,decrease,C-1,14,14,0.077,False,False,False
ZC,2024-10-22,,,1050.0,C-2020-to-present.pdf,1200.0,2024-10-21,,,-0.125,decrease,C-1,13,13,0.167,False,False,False
ZC,2025-08-01,,,975.0,C-2020-to-present.pdf,1050.0,2025-07-31,,,-0.0714285714285714,decrease,C-1,14,14,0.308,False,False,False
ZC,2026-05-20,,,1100.0,C-2020-to-present.pdf,975.0,2026-05-19,,,0.1282051282051282,increase,C-1,15,15,0.0,False,False,False
ZN,2020-06-30,,,1700.0,21-2020-to-present.pdf,,,,,,series_start,21-1,,3,,,False,True
ZN,2020-07-21,,,1550.0,21-2020-to-present.pdf,1700.0,2020-07-20,,,-0.08823529411764708,decrease,21-1,3,3,0.0,False,False,False
ZN,2020-11-20,,,1400.0,21-2020-to-present.pdf,1550.0,2020-11-19,,,-0.09677419354838712,decrease,21-1,3,3,0.0,False,False,False
ZN,2021-01-08,,,1250.0,21-2020-to-present.pdf,1400.0,2021-01-07,,,-0.1071428571428571,decrease,21-1,3,3,0.0,False,False,False
ZN,2021-02-26,,,1400.0,21-2020-to-present.pdf,1250.0,2021-02-25,,,0.1200000000000001,increase,21-1,3,3,0.0,False,False,False
ZN,2021-04-16,,,1525.0,21-2020-to-present.pdf,1400.0,2021-04-15,,,0.08928571428571419,increase,21-1,3,3,0.0,False,False,False
ZN,2021-09-10,,,1400.0,21-2020-to-present.pdf,1525.0,2021-09-09,,,-0.08196721311475408,decrease,21-1,3,3,0.0,False,False,False
ZN,2021-11-12,,,1500.0,21-2020-to-present.pdf,1400.0,2021-11-11,,,0.0714285714285714,increase,21-1,3,3,0.0,False,False,False
ZN,2022-02-15,,,1600.0,21-2020-to-present.pdf,1500.0,2022-02-14,,,0.06666666666666665,increase,21-1,3,3,0.0,False,False,False
ZN,2022-04-01,,,1700.0,21-2020-to-present.pdf,1600.0,2022-03-31,,,0.0625,increase,21-1,3,3,0.0,False,False,False
ZN,2022-06-21,,,1800.0,21-2020-to-present.pdf,1700.0,2022-06-20,,,0.05882352941176472,increase,21-1,3,3,0.0,False,False,False
ZN,2022-09-30,,,2000.0,21-2020-to-present.pdf,1800.0,2022-09-29,,,0.11111111111111116,increase,21-1,3,3,0.0,False,False,False
ZN,2022-11-14,,,2200.0,21-2020-to-present.pdf,2000.0,2022-11-11,,,0.10000000000000009,increase,21-1,3,3,0.0,False,False,False
ZN,2023-01-06,,,1950.0,21-2020-to-present.pdf,2200.0,2023-01-05,,,-0.11363636363636365,decrease,21-1,3,3,0.0,False,False,False
ZN,2023-03-14,,,2250.0,21-2020-to-present.pdf,1950.0,2023-03-13,,,0.15384615384615374,increase,21-1,3,3,0.0,False,False,False
ZN,2023-06-16,,,2100.0,21-2020-to-present.pdf,2250.0,2023-06-15,,,-0.06666666666666665,decrease,21-1,3,3,0.0,False,False,False
ZN,2023-07-21,,,2000.0,21-2020-to-present.pdf,2100.0,2023-07-20,,,-0.04761904761904767,decrease,21-1,3,3,0.0,False,False,False
ZN,2023-12-12,,,2125.0,21-2020-to-present.pdf,2000.0,2023-12-11,,,0.0625,increase,21-1,3,3,0.0,False,False,False
ZN,2024-06-21,,,2000.0,21-2020-to-present.pdf,2125.0,2024-06-20,,,-0.05882352941176472,decrease,21-1,3,3,0.0,False,False,False
ZN,2024-11-01,,,2200.0,21-2020-to-present.pdf,2000.0,2024-10-31,,,0.10000000000000009,increase,21-1,3,3,0.0,False,False,False
ZN,2024-11-14,,,2000.0,21-2020-to-present.pdf,2200.0,2024-11-13,,,-0.09090909090909094,decrease,21-1,3,3,0.0,False,False,False
ZN,2025-01-31,,,1875.0,21-2020-to-present.pdf,2000.0,2025-01-30,,,-0.0625,decrease,21-1,3,3,0.0,False,False,False
ZS,2020-06-30,,,1500.0,S-2020-to-present.pdf,,,,,,series_start,S-1,,20,,,False,True
ZS,2020-09-22,,,1650.0,S-2020-to-present.pdf,1500.0,2020-09-21,,,0.10000000000000009,increase,S-1,17,17,0.0,False,False,False
ZS,2020-10-07,,,1800.0,S-2020-to-present.pdf,1650.0,2020-10-06,,,0.09090909090909083,increase,S-1,17,17,0.0,False,False,False
ZS,2020-11-20,,,1900.0,S-2020-to-present.pdf,1800.0,2020-11-19,,,0.05555555555555558,increase,S-1,10,23,0.545,False,False,False
ZS,2020-12-29,,,2200.0,S-2020-to-present.pdf,1900.0,2020-12-28,,,0.1578947368421053,increase,S-1,23,23,0.0,False,False,False
ZS,2021-01-04,,,2400.0,S-2020-to-present.pdf,2200.0,2020-12-31,,,0.09090909090909083,increase,S-1,5,23,0.545,False,False,False
ZS,2021-01-06,,,2750.0,S-2020-to-present.pdf,2400.0,2021-01-05,,,0.14583333333333326,increase,S-1,23,23,0.0,False,False,False
ZS,2021-01-20,,,2950.0,S-2020-to-present.pdf,2750.0,2021-01-19,,,0.07272727272727275,increase,S-1,10,22,0.476,False,False,False
ZS,2021-01-26,,,3000.0,S-2020-to-present.pdf,2950.0,2021-01-25,,,0.016949152542372836,increase,S-1,22,22,0.0,False,False,False
ZS,2021-04-05,,,3350.0,S-2020-to-present.pdf,3000.0,2021-04-02,,,0.1166666666666667,increase,S-1,21,21,0.0,False,False,False
ZS,2021-04-23,,,3825.0,S-2020-to-present.pdf,3350.0,2021-04-22,,,0.14179104477611948,increase,S-1,21,21,0.0,False,False,False
ZS,2021-04-30,,,4100.0,S-2020-to-present.pdf,3825.0,2021-04-29,,,0.07189542483660127,increase,S-1,21,21,0.0,False,False,False
ZS,2021-06-18,,,4500.0,S-2020-to-present.pdf,4100.0,2021-06-17,,,0.09756097560975618,increase,S-1,20,20,0.0,False,False,False
ZS,2021-07-01,,,5000.0,S-2020-to-present.pdf,4500.0,2021-06-30,,,0.11111111111111116,increase,S-1,20,20,0.0,False,False,False
ZS,2021-09-17,,,4500.0,S-2020-to-present.pdf,5000.0,2021-09-16,,,-0.09999999999999998,decrease,S-1,17,17,0.0,False,False,False
ZS,2021-10-01,,,4050.0,S-2020-to-present.pdf,4500.0,2021-09-30,,,-0.09999999999999998,decrease,S-1,17,17,0.0,False,False,False
ZS,2021-10-06,,,3600.0,S-2020-to-present.pdf,4050.0,2021-10-05,,,-0.11111111111111116,decrease,S-1,17,17,0.0,False,False,False
ZS,2021-10-20,,,3100.0,S-2020-to-present.pdf,3600.0,2021-10-19,,,-0.13888888888888884,decrease,S-1,17,17,0.0,False,False,False
ZS,2021-11-03,,,2650.0,S-2020-to-present.pdf,3100.0,2021-11-02,,,-0.14516129032258063,decrease,S-1,17,17,0.0,False,False,False
ZS,2022-02-03,,,3050.0,S-2020-to-present.pdf,2650.0,2022-02-02,,,0.15094339622641506,increase,S-1,6,22,0.429,False,False,False
ZS,2022-02-17,,,3300.0,S-2020-to-present.pdf,3050.0,2022-02-16,,,0.08196721311475419,increase,S-1,7,22,0.429,False,False,False
ZS,2022-02-28,,,3600.0,S-2020-to-present.pdf,3300.0,2022-02-25,,,0.09090909090909083,increase,S-1,22,22,0.0,False,False,False
ZS,2022-03-02,,,3800.0,S-2020-to-present.pdf,3600.0,2022-03-01,,,0.05555555555555558,increase,S-1,5,22,0.429,False,False,False
ZS,2022-03-09,,,4200.0,S-2020-to-present.pdf,3800.0,2022-03-08,,,0.10526315789473695,increase,S-1,22,22,0.0,False,False,False
ZS,2022-03-25,,,4600.0,S-2020-to-present.pdf,4200.0,2022-03-24,,,0.09523809523809534,increase,S-1,4,21,0.4,False,False,False
ZS,2022-05-02,,,4000.0,S-2020-to-present.pdf,4600.0,2022-04-29,,,-0.13043478260869568,decrease,S-1,21,21,0.1,False,False,False
ZS,2022-07-15,,,4400.0,S-2020-to-present.pdf,4000.0,2022-07-14,,,0.10000000000000009,increase,S-1,17,19,0.0,False,False,False
ZS,2022-11-04,,,4000.0,S-2020-to-present.pdf,4400.0,2022-11-03,,,-0.09090909090909094,decrease,S-1,17,17,0.062,False,False,False
ZS,2022-12-09,,,3600.0,S-2020-to-present.pdf,4000.0,2022-12-08,,,-0.09999999999999998,decrease,S-1,23,23,0.0,False,False,False
ZS,2023-01-11,,,3300.0,S-2020-to-present.pdf,3600.0,2023-01-10,,,-0.08333333333333337,decrease,S-1,8,23,0.455,False,False,False
ZS,2023-01-13,,,3600.0,S-2020-to-present.pdf,3300.0,2023-01-12,,,0.09090909090909083,increase,S-1,13,23,0.409,False,False,False
ZS,2023-02-16,,,3300.0,S-2020-to-present.pdf,3600.0,2023-02-15,,,-0.08333333333333337,decrease,S-1,22,22,0.0,False,False,False
ZS,2023-03-23,,,3100.0,S-2020-to-present.pdf,3300.0,2023-03-22,,,-0.06060606060606055,decrease,S-1,21,21,0.05,False,False,False
ZS,2023-04-21,,,2800.0,S-2020-to-present.pdf,3100.0,2023-04-20,,,-0.09677419354838712,decrease,S-1,21,21,0.1,False,False,False
ZS,2023-05-25,,,2600.0,S-2020-to-present.pdf,2800.0,2023-05-24,,,-0.0714285714285714,decrease,S-1,10,20,0.421,False,False,False
ZS,2023-06-21,,,2850.0,S-2020-to-present.pdf,2600.0,2023-06-20,,,0.09615384615384626,increase,S-1,20,20,0.0,False,False,False
ZS,2023-06-23,,,3275.0,S-2020-to-present.pdf,2850.0,2023-06-22,,,0.14912280701754388,increase,S-1,20,20,0.0,False,False,False
ZS,2023-06-29,,,3600.0,S-2020-to-present.pdf,3275.0,2023-06-28,,,0.0992366412213741,increase,S-1,2,20,0.263,False,False,False
ZS,2023-07-03,,,4200.0,S-2020-to-present.pdf,3600.0,2023-06-30,,,0.16666666666666674,increase,S-1,20,20,0.0,False,False,False
ZS,2023-09-21,,,3700.0,S-2020-to-present.pdf,4200.0,2023-09-20,,,-0.11904761904761907,decrease,S-1,7,17,0.125,False,False,False
ZS,2023-09-29,,,3300.0,S-2020-to-present.pdf,3700.0,2023-09-28,,,-0.10810810810810811,decrease,S-1,9,17,0.125,False,False,False
ZS,2023-11-30,,,3000.0,S-2020-to-present.pdf,3300.0,2023-11-29,,,-0.09090909090909094,decrease,S-1,23,23,0.0,False,False,False
ZS,2024-01-10,,,2700.0,S-2020-to-present.pdf,3000.0,2024-01-09,,,-0.09999999999999998,decrease,S-1,23,23,0.0,False,False,False
ZS,2024-02-09,,,2400.0,S-2020-to-present.pdf,2700.0,2024-02-08,,,-0.11111111111111116,decrease,S-1,22,22,0.0,False,False,False
ZS,2024-08-02,,,2200.0,S-2020-to-present.pdf,2400.0,2024-08-01,,,-0.08333333333333337,decrease,S-1,19,19,0.0,False,False,False
ZS,2024-10-22,,,2000.0,S-2020-to-present.pdf,2200.0,2024-10-21,,,-0.09090909090909094,decrease,S-1,17,17,0.062,False,False,False
ZS,2025-04-08,,,2150.0,S-2020-to-present.pdf,2000.0,2025-04-07,,,0.07499999999999996,increase,S-1,21,21,0.0,False,False,False
ZS,2025-08-01,,,2000.0,S-2020-to-present.pdf,2150.0,2025-07-31,,,-0.06976744186046513,decrease,S-1,19,19,0.056,False,False,False
ZS,2026-05-20,,,2200.0,S-2020-to-present.pdf,2000.0,2026-05-19,,,0.10000000000000009,increase,S-1,20,20,0.0,False,False,False
