date,open,high,low,close
1999-01-04,106.19,106.62,105.81,106.62
1999-01-05,106.94,106.94,105.69,105.81
1999-01-06,105.75,106,105.5,106
1999-01-07,106.31,106.31,105.56,105.69
1999-01-08,105.62,105.75,104.81,105.31
1999-01-11,104.94,105,104.44,104.81
1999-01-12,104.81,105.44,104.56,105.19
1999-01-13,105.25,106.38,105.25,105.62
1999-01-14,105.62,106.25,105.38,106.12
1999-01-15,106.12,106.56,105.62,105.69
1999-01-19,105.69,105.81,105.31,105.56
1999-01-20,105.56,105.62,105.31,105.31
1999-01-21,105.31,105.88,105.31,105.75
1999-01-22,105.81,106.25,105.75,106.19
1999-01-25,106.25,106.56,106.19,106.19
1999-01-26,106.19,106.44,105.94,106.31
1999-01-27,106,106.19,105.81,106.12
1999-01-28,106.12,106.38,105.88,106.19
1999-01-29,106.25,106.31,105.81,106.31
1999-02-01,106.31,106.31,105.56,105.69
1999-02-02,105.69,105.75,105.25,105.31
1999-02-03,105.31,105.38,105,105.31
1999-02-04,105.31,105.31,104.25,104.5
1999-02-05,104.56,104.75,104.19,104.25
1999-02-08,104.25,104.5,104.25,104.44
1999-02-09,104.44,104.81,104.38,104.62
1999-02-10,104.56,104.94,104.44,104.56
1999-02-11,104.56,104.56,104.25,104.5
1999-02-12,104.5,104.56,103.25,103.62
1999-02-16,103.75,104,103.38,103.62
1999-02-17,103.69,104,103.44,103.94
1999-02-18,103.94,104.62,103.5,103.56
1999-02-19,103.56,103.69,103.19,103.44
1999-02-22,103.44,103.69,103.19,103.69
1999-02-23,103.62,103.81,103.12,103.31
1999-02-24,103.31,103.44,102.75,102.75
1999-02-25,102.81,102.88,101.69,102.31
1999-02-26,102.62,102.62,101.81,102.31
1999-03-01,102.31,102.56,101.44,101.69
1999-03-02,101.62,102.94,101.56,101.94
1999-03-03,101.94,102.25,101.56,101.69
1999-03-04,101.69,101.75,101.38,101.44
1999-03-05,101.44,102.75,101.38,101.94
1999-03-08,102,102.31,101.94,102.31
1999-03-09,102.94,102.94,101.75,102.56
1999-03-10,102.62,102.69,102.25,102.44
1999-03-11,102.44,102.62,102.19,102.44
1999-03-12,102.44,102.75,102.38,102.69
1999-03-15,102.69,102.88,102.62,102.81
1999-03-16,102.88,103.62,102.75,103.62
1999-03-17,103.94,103.94,102.88,102.94
1999-03-18,102.94,103.31,102.88,103.31
1999-03-19,103.62,103.62,102.69,102.69
1999-03-22,102.69,102.69,102.44,102.5
1999-03-23,102.5,102.69,102.38,102.5
1999-03-24,102.62,103.31,102.56,102.75
1999-03-25,102.75,102.94,102.44,102.44
1999-03-26,102.44,102.94,102.38,102.44
1999-03-29,102.44,102.62,102,102.12
1999-03-30,102.94,102.94,102.5,102.5
1999-03-31,102.56,102.62,101.94,102.25
1999-04-01,102.25,102.44,101.94,102.12
1999-04-05,102.88,102.94,102.56,102.75
1999-04-06,102.75,103.25,102.75,103.19
1999-04-07,103.19,103.94,103.19,103.94
1999-04-08,103.19,103.88,103.19,103.81
1999-04-09,103.81,104,103.62,103.75
1999-04-12,103.81,104.31,103.75,103.75
1999-04-13,103.81,103.88,103.31,103.44
1999-04-14,103.44,103.56,103.31,103.38
1999-04-15,103.38,103.5,103.19,103.19
1999-04-16,103.19,103.25,102.81,102.88
1999-04-19,102.88,103.19,102.75,103.12
1999-04-20,103.19,103.94,103.19,103.31
1999-04-21,103.31,103.5,103.19,103.31
1999-04-22,103.25,103.25,102.69,102.75
1999-04-23,102.75,102.94,102.69,102.75
1999-04-26,102.75,102.94,102.44,102.94
1999-04-27,102.94,103.31,102.81,103.31
1999-04-28,103.31,103.31,102.69,102.88
1999-04-29,102.81,103.44,102.75,103.25
1999-04-30,103.25,103.44,102.19,102.25
1999-05-03,102.31,102.38,102,102.25
1999-05-04,102.25,102.38,101.81,101.94
1999-05-05,101.94,102.62,101.81,102.62
1999-05-06,102.94,102.94,101.31,101.44
1999-05-07,101.44,101.88,101,101.19
1999-05-10,101.19,101.5,100.94,101.38
1999-05-11,101.44,101.62,101,101.62
1999-05-12,101.62,101.62,100.81,101.19
1999-05-13,101.25,101.94,101.19,101.88
1999-05-14,101.88,101.94,100.19,100.56
1999-05-17,100.56,100.62,100.25,100.38
1999-05-18,100.38,100.75,100,100.19
1999-05-19,100.19,100.94,100.19,100.5
1999-05-20,100.56,100.62,100.25,100.44
1999-05-21,100.44,101,100.38,100.75
1999-05-24,100.81,101.62,100.62,100.88
1999-05-25,100.94,101.31,100.75,100.88
1999-05-26,100.88,101,100.44,100.56
1999-05-27,100.56,100.62,99.94,100.62
1999-05-28,99.44,99.62,99.12,99.44
1999-06-01,99.5,99.56,98.44,98.56
1999-06-02,98.56,98.75,98.25,98.56
1999-06-03,98.62,98.94,98.56,98.75
1999-06-04,98.75,99.25,98.5,98.75
1999-06-07,98.75,99,98.62,98.75
1999-06-08,98.75,98.94,98.62,98.62
1999-06-09,98.69,98.75,98.31,98.5
1999-06-10,98.5,98.5,97.88,98.19
1999-06-11,98.19,98.44,97.62,97.62
1999-06-14,97.69,98.19,97.56,97.94
1999-06-15,97.88,98.31,97.88,98.19
1999-06-16,98,98.56,97.94,98.19
1999-06-17,98.25,99.81,98.25,99.81
1999-06-18,99.12,99.19,98.75,98.75
1999-06-21,98.81,99,98.19,98.44
1999-06-22,98.5,98.5,98,98.25
1999-06-23,98.25,98.25,97.62,97.88
1999-06-24,97.88,98,97.44,97.62
1999-06-25,97.75,97.94,97.62,97.75
1999-06-28,97.38,98.81,97.31,98.81
1999-06-29,98.12,98.19,97.5,98.19
1999-06-30,98.38,99.19,97.88,99.12
1999-07-01,99.19,99.31,98.38,98.88
1999-07-02,98.94,99.31,98.56,98.94
1999-07-06,99,99.19,98.38,98.69
1999-07-07,98.75,98.75,98.38,98.5
1999-07-08,98.56,98.94,98.25,98.94
1999-07-09,98.94,99.19,98.81,98.88
1999-07-12,98.88,99.62,98.75,99.5
1999-07-13,99.56,99.94,99.44,99.62
1999-07-14,99.62,99.94,99.38,99.5
1999-07-15,99.5,99.81,99.31,99.56
1999-07-16,99.69,99.88,99.62,99.81
1999-07-19,99.88,100.5,99.81,99.88
1999-07-20,99.88,100,99.56,99.94
1999-07-21,99.94,100.62,99.75,99.94
1999-07-22,99.94,100.81,99.25,99.25
1999-07-23,99.25,99.25,98.75,98.88
1999-07-26,98.75,98.81,98.5,98.75
1999-07-27,98.75,99.19,98.75,99
1999-07-28,99,99.19,98.88,98.94
1999-07-29,99,99,98.12,98.56
1999-07-30,98.56,98.81,98.56,98.62
1999-08-02,98.31,98.5,97.88,98.31
1999-08-03,98.31,98.44,98.12,98.19
1999-08-04,98.19,98.81,98.19,98.25
1999-08-05,98.25,98.69,98.19,98.56
1999-08-06,98.56,98.75,97.69,97.69
1999-08-09,97.56,97.94,97.12,97.12
1999-08-10,97.5,97.5,96.94,97.5
1999-08-11,97.31,97.31,97,97.31
1999-08-12,97.31,97.56,97.19,97.31
1999-08-13,97.19,98.19,97.19,97.94
1999-08-16,97.81,98.12,97.75,98
1999-08-17,98,98.69,97.94,98.56
1999-08-18,98.5,98.62,98.31,98.56
1999-08-19,98.56,98.69,98.31,98.44
1999-08-20,98.5,98.56,98.31,98.5
1999-08-23,98.56,98.56,98.44,98.5
1999-08-24,98.5,99,98.38,98.88
1999-08-25,98.88,99.5,98.81,99.5
1999-08-26,99.5,99.56,99.19,99.31
1999-08-27,98.69,98.75,98.19,98.25
1999-08-30,98.19,98.19,97.56,97.62
1999-08-31,97.56,97.88,97.25,97.5
1999-09-01,97.5,97.75,97.44,97.5
1999-09-02,97.56,97.62,97.19,97.31
1999-09-03,97.31,98.19,97.31,98
1999-09-07,98,98,97.69,97.75
1999-09-08,97.75,98.5,97.56,97.88
1999-09-09,97.88,97.88,97.56,97.62
1999-09-10,97.62,98.19,97.62,98.12
1999-09-13,98.5,98.62,97.88,98
1999-09-14,98,98.12,97.5,97.69
1999-09-15,97.69,98.25,97.62,97.94
1999-09-16,97.94,98.25,97.88,98.12
1999-09-17,98.19,98.5,98.12,98.38
1999-09-20,98.38,98.81,98.31,98.81
1999-09-21,98.94,98.94,97.81,97.94
1999-09-22,98,98.81,97.88,98.31
1999-09-23,98.5,98.56,98,98.56
1999-09-24,98.56,99.81,98.5,99.81
1999-09-27,99.62,99.94,98.56,98.62
1999-09-28,98.62,98.81,98.25,98.25
1999-09-29,98.25,98.31,97.75,97.75
1999-09-30,97.75,98.25,97.69,98.19
1999-10-01,98.25,98.25,97.5,97.56
1999-10-04,97.56,97.94,97.56,97.88
1999-10-05,97.94,98,97.25,97.31
1999-10-06,97.38,97.5,97.25,97.25
1999-10-07,97.25,97.44,97,97.25
1999-10-08,97.25,97.75,97.19,97.31
1999-10-12,97.31,97.94,96.94,97.94
1999-10-13,97.12,97.31,96.75,96.75
1999-10-14,96.81,96.88,96.38,96.5
1999-10-15,96.5,97.5,96.5,97.19
1999-10-18,97.31,97.31,96.81,96.88
1999-10-19,96.88,97.5,96.56,96.62
1999-10-20,96.62,96.69,96.38,96.56
1999-10-21,96.56,96.88,96.44,96.5
1999-10-22,96.44,96.62,96.31,96.44
1999-10-25,96.44,96.62,96.38,96.38
1999-10-26,96.38,96.5,96.19,96.31
1999-10-27,96.31,96.69,96.25,96.69
1999-10-28,96.69,97.25,96.62,97.12
1999-10-29,97.19,97.88,97,97.81
1999-11-01,97.81,97.81,97.44,97.62
1999-11-02,97.62,97.88,97.44,97.75
1999-11-03,97.81,98.62,97.56,97.88
1999-11-04,97.88,98.31,97.88,98.25
1999-11-05,98.25,98.75,98.12,98.5
1999-11-08,98.5,98.5,98.25,98.38
1999-11-09,98.44,98.5,98.25,98.31
1999-11-10,98.31,98.44,97.88,98.19
1999-11-12,98.12,98.62,98.12,98.56
1999-11-15,98.5,98.62,98.38,98.5
1999-11-16,98.5,98.88,98.25,98.38
1999-11-17,98.38,98.44,97.88,97.94
1999-11-18,97.94,98,97.69,97.88
1999-11-19,97.88,98,97.69,97.81
1999-11-22,97.81,97.88,97.5,97.69
1999-11-23,97.62,97.75,97.56,97.69
1999-11-24,97.75,97.81,97.5,97.75
1999-11-26,97.62,97.75,97.56,97.62
1999-11-29,97.62,97.75,97.19,97.25
1999-11-30,97.19,97.69,97.19,97.5
1999-12-01,97.5,97.5,97,97.31
1999-12-02,97.31,97.81,97.12,97.12
1999-12-03,97.12,97.75,97,97.56
1999-12-06,97.62,97.81,97.56,97.75
1999-12-07,97.75,98.5,97.75,98.5
1999-12-08,98.62,98.62,97.81,97.94
1999-12-09,97.94,98.81,97.88,98.81
1999-12-10,98.62,98.62,98.31,98.56
1999-12-13,98.56,98.62,98.38,98.38
1999-12-14,98.38,98.44,97.56,97.62
1999-12-15,97.56,97.75,97.31,97.31
1999-12-16,97.31,97.44,96.75,96.88
1999-12-17,96.88,97.62,96.5,96.81
1999-12-20,96.88,97,96.38,96.44
1999-12-21,96.44,96.94,96.25,96.31
1999-12-22,96.31,96.44,96.12,96.25
1999-12-23,96.25,96.81,96.12,96.12
1999-12-27,96.12,96.31,95.94,96.19
1999-12-28,96.19,96.25,95.94,96
1999-12-29,96,96.25,96,96.19
1999-12-30,96.19,96.62,96.19,96.25
1999-12-31,96.31,96.31,95.75,95.88
2000-01-03,95.69,95.81,95,95.81
2000-01-04,95.62,95.62,94.75,95.56
2000-01-05,95.62,95.75,94.81,94.88
2000-01-06,94.88,95.31,94.88,95.19
2000-01-07,95.25,95.62,94.75,95.56
2000-01-10,95.56,95.56,95.25,95.38
2000-01-11,95.38,95.44,94.5,94.56
2000-01-12,94.31,94.94,94.12,94.12
2000-01-13,94.38,95.31,94.31,95.19
2000-01-14,95,95.44,94.5,94.62
2000-01-18,94.56,94.75,94,94.12
2000-01-19,94.12,94.44,94,94.38
2000-01-20,94.38,94.62,94,94.62
2000-01-21,94.31,94.31,93.69,94
2000-01-24,94.31,94.56,94,94.56
2000-01-25,94.62,94.81,94.44,94.5
2000-01-26,94.5,94.88,94.38,94.62
2000-01-27,94.62,94.75,94.56,94.56
2000-01-28,94.62,95.44,93.69,94.88
2000-01-31,94.88,95.19,94.44,94.81
2000-02-01,94.75,95.94,94.75,95.94
2000-02-02,95.94,95.94,94.75,95.25
2000-02-03,95.25,96.88,94.94,95.88
2000-02-04,95.88,96.44,95.38,95.5
2000-02-07,95.38,95.38,94.75,94.81
2000-02-08,94.81,95.31,94.75,95.12
2000-02-09,95.12,95.25,94.56,94.62
2000-02-10,94.69,94.94,94.12,94.19
2000-02-11,94.19,94.81,94.19,94.44
2000-02-14,94.44,95.31,94.38,95
2000-02-15,95,95.19,94.75,94.81
2000-02-16,94.75,94.81,94.56,94.81
2000-02-17,94.81,95.31,94.44,94.56
2000-02-18,94.56,95.81,94.56,95.81
2000-02-22,95.25,96.19,95.25,96.12
2000-02-23,96.19,96.5,95.56,95.56
2000-02-24,95.56,96.44,95.56,96.19
2000-02-25,96.12,96.38,95.88,96.19
2000-02-28,95.88,96,95.25,95.31
2000-02-29,95.31,95.44,95.12,95.38
2000-03-01,95.44,95.88,95.38,95.56
2000-03-02,95.56,95.62,95.19,95.5
2000-03-03,95.5,96,95.44,95.69
2000-03-06,95.62,95.69,95.12,95.44
2000-03-07,95.44,95.75,95.12,95.62
2000-03-08,95.62,95.81,95.44,95.62
2000-03-09,95.62,96.19,95.62,95.88
2000-03-10,95.81,95.88,95.5,95.56
2000-03-13,95.69,96.38,95.5,95.75
2000-03-14,95.81,96.25,95.44,96.25
2000-03-15,96.25,96.81,96.25,96.44
2000-03-16,96.44,96.81,96.38,96.69
2000-03-17,96.69,97.19,96.62,97
2000-03-20,97,97.62,96.75,97
2000-03-21,97,97.25,96.88,97.19
2000-03-22,97.25,97.38,97.25,97.25
2000-03-23,97.25,97.94,97.19,97.38
2000-03-24,97.44,97.5,96.69,96.69
2000-03-27,96.69,96.81,96.31,96.81
2000-03-28,96.81,97.12,96.56,96.94
2000-03-29,97,97.81,96.81,97.81
2000-03-30,97.5,97.94,96.94,97.81
2000-03-31,97.88,98.81,97.62,98.81
2000-04-03,98.19,98.31,97.94,98.25
2000-04-04,98.31,99.94,98.12,99.19
2000-04-05,98.88,99.69,98.56,98.75
2000-04-06,98.75,98.88,98.25,98.56
2000-04-07,98.56,98.94,98.19,98.88
2000-04-10,98.88,99.25,98.81,99.19
2000-04-11,99.25,99.69,98.38,98.56
2000-04-12,98.56,98.69,97.69,97.88
2000-04-13,97.94,98.38,97.56,98.31
2000-04-14,98.25,98.81,97.69,98.56
2000-04-17,98.81,99.19,97.81,97.88
2000-04-18,97.88,98.94,97.5,97.75
2000-04-19,97.81,98.31,97.56,98.31
2000-04-20,98.31,98.44,98.25,98.25
2000-04-24,98.25,98.62,98.19,98.25
2000-04-25,98.25,98.25,97.5,97.56
2000-04-26,97.5,97.81,97.44,97.56
2000-04-27,97.56,97.75,96.75,96.81
2000-04-28,96.88,97.19,96.5,96.94
2000-05-01,96.94,97.19,96.69,96.75
2000-05-02,96.69,96.88,96.44,96.44
2000-05-03,96.44,96.62,95.94,95.94
2000-05-04,96,96.12,95.5,95.56
2000-05-05,95.62,96,95.19,95.25
2000-05-08,95.25,95.5,94.94,95
2000-05-09,95.12,95.31,94.88,95.25
2000-05-10,95.75,95.94,95.75,95.94
2000-05-11,95.94,96.19,95.56,95.88
2000-05-12,95.88,96.12,95.19,95.25
2000-05-15,95.56,95.62,95.56,95.62
2000-05-16,95.75,95.81,95.75,95.81
2000-05-17,95.56,95.56,95.38,95.44
2000-05-18,94.94,95,94.94,95
2000-05-19,94.94,95.38,94.81,95.31
2000-05-22,95.81,95.81,95.75,95.75
2000-05-23,95.81,95.94,95.5,95.81
2000-05-24,95.62,95.69,95.62,95.69
2000-05-25,96.25,96.31,96.25,96.31
2000-05-26,96.25,96.81,96.12,96.19
2000-05-30,96.25,96.31,96.25,96.25
2000-05-31,96.38,96.88,96.31,96.81
2000-06-01,97.31,97.38,97.31,97.31
2000-06-02,97.31,98.88,97.25,97.62
2000-06-05,97.75,97.94,97.44,97.88
2000-06-06,97.88,97.88,97.31,97.75
2000-06-07,97.75,97.94,97.44,97.81
2000-06-08,97.75,97.94,97.31,97.88
2000-06-09,97.75,98,97.62,97.75
2000-06-12,97.75,98.31,97.62,98.19
2000-06-13,98.19,98.31,97.75,97.81
2000-06-14,97.81,98.38,97.69,98.31
2000-06-15,98.31,98.38,98,98.25
2000-06-16,98.25,98.81,98.12,98.69
2000-06-19,98.75,98.75,98.44,98.5
2000-06-20,98.5,98.69,98.25,98.38
2000-06-21,98.38,98.44,97.81,97.81
2000-06-22,97.81,98,97.62,97.75
2000-06-23,97.75,97.94,97.25,97.38
2000-06-26,97.38,98,97.31,98
2000-06-27,97.94,98.5,97.75,98
2000-06-28,98,98.94,97.69,97.88
2000-06-29,97.94,98.56,97.88,98.38
2000-06-30,98.38,98.62,98.38,98.5
2000-07-03,98.44,98.94,98.25,98.88
2000-07-05,98.81,99.25,98.75,98.94
2000-07-06,99,99,98.56,98.56
2000-07-07,98.56,99.25,98.44,98.88
2000-07-10,98.88,98.94,98.56,98.69
2000-07-11,98.69,98.81,98.56,98.56
2000-07-12,98.56,98.69,98.31,98.38
2000-07-13,98.38,98.94,98.38,98.88
2000-07-14,98.94,99.31,98.19,98.19
2000-07-17,98.19,98.31,97.75,97.81
2000-07-18,97.81,98.94,97.75,97.88
2000-07-19,97.88,98,97.62,97.88
2000-07-20,97.88,98.94,97.81,98.88
2000-07-21,98.88,99.19,98.69,99
2000-07-24,99,99.81,98.62,98.69
2000-07-25,98.69,99,98.62,98.75
2000-07-26,98.75,99,98.75,98.81
2000-07-27,98.81,99.25,98.56,99.19
2000-07-28,99.5,99.5,98.56,98.88
2000-07-31,98.88,98.94,98.69,98.88
2000-08-01,98.88,99.25,98.88,99.19
2000-08-02,99.19,99.44,99.12,99.38
2000-08-03,99.38,99.69,99.31,99.5
2000-08-04,99.5,99.94,99.44,99.81
2000-08-07,99.81,99.88,99.5,99.5
2000-08-08,99.5,99.81,99.44,99.75
2000-08-09,99.75,99.88,99.5,99.81
2000-08-10,99.81,100.12,99.75,100
2000-08-11,100.19,100.25,99.5,99.62
2000-08-14,99.56,99.75,99.38,99.75
2000-08-15,99.75,99.81,99.44,99.56
2000-08-16,99.56,99.62,99.31,99.44
2000-08-17,99.44,99.56,99.31,99.5
2000-08-18,99.5,99.88,99.44,99.75
2000-08-21,99.75,99.75,99.56,99.69
2000-08-22,99.69,99.81,99.62,99.75
2000-08-23,99.75,100.19,99.69,100.12
2000-08-24,100.12,100.5,100.12,100.12
2000-08-25,100.12,100.38,100.12,100.12
2000-08-28,100.12,100.19,99.75,99.81
2000-08-29,99.81,99.81,99.56,99.56
2000-08-30,99.5,99.62,99.31,99.62
2000-08-31,99.56,100.19,99.5,100.19
2000-09-01,100.12,100.62,100.12,100.5
2000-09-05,100.44,100.5,100.19,100.5
2000-09-06,100.44,100.44,100.19,100.19
2000-09-07,100.12,100.31,99.94,100.31
2000-09-08,100.62,100.62,100.19,100.19
2000-09-11,100.19,100.19,99.81,99.94
2000-09-12,99.94,100.94,99.81,100
2000-09-13,100.19,100.31,100,100.31
2000-09-14,100.31,100.56,99.81,100
2000-09-15,99.94,100.19,99.62,99.75
2000-09-18,99.5,99.69,99.44,99.62
2000-09-19,99.69,99.81,99.56,99.75
2000-09-20,99.75,99.88,99.5,99.56
2000-09-21,99.5,99.75,99.31,99.69
2000-09-22,99.94,100.12,99.81,99.88
2000-09-25,99.69,100,99.69,99.94
2000-09-26,99.88,100.25,99.81,100.25
2000-09-27,100.19,100.94,99.81,100.94
2000-09-28,100.12,100.94,100.12,100.12
2000-09-29,100.19,100.44,100.19,100.25
2000-10-02,100.25,100.38,100,100.19
2000-10-03,100.19,100.25,99.88,99.88
2000-10-04,99.94,100.12,99.69,99.75
2000-10-05,99.81,100.19,99.69,100
2000-10-06,100.19,100.56,99.69,100.25
2000-10-10,100.38,100.56,100.12,100.56
2000-10-11,100.56,100.81,100.44,100.62
2000-10-12,100.56,101.19,100.38,100.94
2000-10-13,101,101.19,100.81,100.94
2000-10-16,100.81,100.94,100.69,100.88
2000-10-17,100.88,101.38,100.75,101.25
2000-10-18,101.38,102.94,101.12,101.38
2000-10-19,101.25,101.56,101,101.31
2000-10-20,101.31,101.62,101.25,101.56
2000-10-23,101.56,101.94,101.56,101.88
2000-10-24,101.81,101.88,101.38,101.62
2000-10-25,101.69,101.88,101.19,101.38
2000-10-26,101.31,101.94,101.25,101.25
2000-10-27,101.25,101.44,100.88,101
2000-10-30,100.94,101.25,100.81,100.94
2000-10-31,100.94,101.19,100.69,100.69
2000-11-01,100.75,100.94,100.69,100.88
2000-11-02,100.88,101.31,100.88,101
2000-11-03,101,101.25,100.38,100.38
2000-11-06,100.38,100.5,100.19,100.19
2000-11-07,100.19,100.38,100,100.19
2000-11-08,100.38,100.75,99.88,100.25
2000-11-09,100.31,100.94,100.31,100.62
2000-11-10,100.56,100.81,100.5,100.81
2000-11-13,100.94,101.12,100.81,100.94
2000-11-14,100.88,101.5,100.62,101
2000-11-15,101,101.31,100.94,101.25
2000-11-16,101.25,101.5,101.25,101.5
2000-11-17,101.5,101.56,101.25,101.31
2000-11-20,101.31,101.56,101.31,101.5
2000-11-21,101.5,101.56,101.31,101.5
2000-11-22,101.56,101.94,101.5,101.75
2000-11-24,101.69,101.75,101.56,101.69
2000-11-27,101.56,101.69,101.44,101.69
2000-11-28,101.69,102.62,101.62,102
2000-11-29,102.19,102.31,101.94,102.25
2000-11-30,102.56,103.19,102.5,102.94
2000-12-01,102.75,103,102.56,102.62
2000-12-04,102.62,103,102.44,102.62
2000-12-05,102.56,103.25,102.5,103.19
2000-12-06,103.19,103.94,103.19,103.94
2000-12-07,103.81,103.94,103.44,103.81
2000-12-08,103.81,103.94,103.19,103.5
2000-12-11,103.5,103.5,103.19,103.38
2000-12-12,103.31,103.56,103.12,103.5
2000-12-13,103.62,104.94,103.31,104.94
2000-12-14,104.81,104.81,104.38,104.38
2000-12-15,104.44,104.69,104.12,104.56
2000-12-18,104.5,105.19,104.5,104.81
2000-12-19,104.69,104.88,104.31,104.56
2000-12-20,104.56,105.62,104.56,105.62
2000-12-21,105.25,105.56,104.88,105.31
2000-12-22,105.31,105.62,105.31,105.5
2000-12-26,105.44,105.56,104.94,105.31
2000-12-27,105.31,105.31,104.75,104.81
2000-12-28,104.81,104.94,104.5,104.69
2000-12-29,104.75,105.5,104.69,104.88
2001-01-02,105.12,106.31,105.06,106.19
2001-01-03,106.19,106.56,104.56,104.56
2001-01-04,104.69,105.56,104.62,105.56
2001-01-05,105.56,106.31,105.25,106.19
2001-01-08,106.81,106.81,105.75,106.19
2001-01-09,106.94,106.94,105.62,105.94
2001-01-10,105.94,106.31,105.25,105.31
2001-01-11,105.38,105.62,104.88,105.19
2001-01-12,105.25,105.25,104.25,104.38
2001-01-16,104.5,104.81,104.38,104.56
2001-01-17,104.5,105.31,104.19,105
2001-01-18,105.94,105.94,104.88,105.56
2001-01-19,105.38,105.56,104.88,105.19
2001-01-22,105.62,105.81,104.62,104.69
2001-01-23,104.69,105.5,104.25,104.38
2001-01-24,104.25,104.5,104.19,104.19
2001-01-25,104.19,104.56,103.62,104.44
2001-01-26,104.62,104.81,104.19,104.31
2001-01-29,104.25,104.62,104.19,104.25
2001-01-30,104.25,105,104.25,104.81
2001-01-31,104.94,105.38,104.81,105.38
2001-02-01,105.5,106,105.44,105.69
2001-02-02,105.69,105.81,105.12,105.25
2001-02-05,105.31,105.5,105.12,105.25
2001-02-06,105.25,105.38,104.88,105
2001-02-07,105.5,105.94,105.5,105.94
2001-02-08,105.5,105.94,104.75,105.94
2001-02-09,105.12,105.56,105.12,105.5
2001-02-12,105.56,105.69,105.31,105.38
2001-02-13,105.38,105.81,105.31,105.31
2001-02-14,105.31,105.38,104.81,104.81
2001-02-15,104.69,104.81,104.19,104.44
2001-02-16,104.56,105.62,104.56,105.19
2001-02-20,105,105.62,104.69,105.5
2001-02-21,105,105.19,104.69,104.88
2001-02-22,104.88,105.19,104.62,104.75
2001-02-23,104.81,105.94,104.62,105.94
2001-02-26,105.94,105.94,104.94,105.44
2001-02-27,105.44,106.62,105.44,105.94
2001-02-28,105.81,106,105.44,105.94
2001-03-01,106,106.38,105.88,106
2001-03-02,106.94,106.94,105.44,105.5
2001-03-05,105.5,105.62,105.31,105.38
2001-03-06,105.38,105.69,105.25,105.5
2001-03-07,105.56,105.88,105.5,105.81
2001-03-08,105.88,106.19,105.81,105.94
2001-03-09,106,106.19,105.38,105.69
2001-03-12,105.69,106.81,105.69,106
2001-03-13,106.19,106.31,105.56,105.69
2001-03-14,105.69,106.44,105.69,106.31
2001-03-15,106.38,106.94,106.38,106.5
2001-03-16,106.56,107,106.44,106.75
2001-03-19,106.75,106.81,106.31,106.38
2001-03-20,106.5,106.88,106.25,106.88
2001-03-21,106.94,107.62,106.62,106.81
2001-03-22,106.75,107.38,106.69,107
2001-03-23,106.94,107,106.62,106.62
2001-03-26,106.62,106.62,106.31,106.44
2001-03-27,106.44,106.69,105.44,105.44
2001-03-28,105.62,105.88,105.56,105.75
2001-03-29,105.94,106.62,105.69,105.75
2001-03-30,105.69,106.44,105.44,106.31
2001-04-02,106.38,106.5,105.69,105.88
2001-04-03,105.88,106.25,105.69,106.19
2001-04-04,106.25,106.31,105.88,106.25
2001-04-05,106.25,106.25,105.88,105.94
2001-04-06,105.88,106.88,105.88,106.62
2001-04-09,106.62,106.75,106.38,106.5
2001-04-10,106.38,106.44,105.25,105.38
2001-04-11,105.5,105.62,104.75,105.62
2001-04-12,105.12,105.44,104.69,104.69
2001-04-16,104.62,104.81,103.94,104.12
2001-04-17,104.19,104.94,104.19,104.62
2001-04-18,104.44,105.81,103.62,105.81
2001-04-19,104.81,105.62,103.81,104.25
2001-04-20,103.88,104.44,103.75,104.19
2001-04-23,104.12,104.81,104.12,104.75
2001-04-24,104.81,104.88,104.31,104.69
2001-04-25,104.62,104.94,104.25,104.25
2001-04-26,104.31,104.81,104.31,104.75
2001-04-27,104.75,104.88,103.75,103.81
2001-04-30,103.81,103.94,103.31,103.81
2001-05-01,103.81,104.81,103.62,104.81
2001-05-02,104.81,104.94,103.81,104.94
2001-05-03,103.88,104.19,103.88,104.19
2001-05-04,104.75,105.62,104.69,104.88
2001-05-07,104.81,105,104.75,104.94
2001-05-08,105,105.25,104.62,104.81
2001-05-09,104.75,105.25,104.75,105.19
2001-05-10,105.25,105.31,104.31,104.38
2001-05-11,104.31,104.56,102.94,103
2001-05-14,103.38,103.94,103.38,103.38
2001-05-15,103.44,103.5,102.81,103
2001-05-16,102.88,103.44,102.88,103.19
2001-05-17,103.19,103.5,102.69,103.31
2001-05-18,103.5,103.69,103.25,103.44
2001-05-21,103.31,103.56,103.12,103.5
2001-05-22,103.56,103.69,103.44,103.5
2001-05-23,103.5,103.75,103.38,103.56
2001-05-24,102.81,102.94,102.5,102.62
2001-05-25,103.94,103.94,102.81,102.94
2001-05-29,103.19,103.19,102.75,102.88
2001-05-30,102.88,103.5,102.88,102.88
2001-05-31,102.12,103,102.12,102.81
2001-06-01,102.81,103.44,102.56,103.31
2001-06-04,103.94,103.94,103.38,103.38
2001-06-05,103.31,103.88,103.19,103.81
2001-06-06,103.69,103.88,103.5,103.81
2001-06-07,103.81,104.5,103.38,103.5
2001-06-08,103.44,103.94,103.19,103.19
2001-06-11,103.25,103.75,103.12,103.62
2001-06-12,103.62,104,103.56,103.94
2001-06-13,103.94,104.19,103.5,103.88
2001-06-14,103.81,104.31,103.81,104.19
2001-06-15,104.19,104.62,104,104.62
2001-06-18,104.94,104.94,104.12,104.12
2001-06-19,104.62,104.62,103.81,104.25
2001-06-20,104.25,104.56,104.25,104.44
2001-06-21,104.44,104.88,104.38,104.5
2001-06-22,104.62,105.19,104.56,105
2001-06-25,105.62,105.62,104.81,104.94
2001-06-26,104.94,105.31,104.19,104.38
2001-06-27,104.31,104.5,104.25,104.25
2001-06-28,104.25,104.5,103.38,103.5
2001-06-29,103.56,103.62,102.81,103.19
2001-07-02,103.19,103.62,102.94,103.5
2001-07-03,103.62,103.62,103.12,103.19
2001-07-05,103.31,103.44,102.69,103
2001-07-06,103.19,103.5,102.94,103.38
2001-07-09,103.5,103.75,103.31,103.56
2001-07-10,103.69,104.19,103.5,104.19
2001-07-11,104.81,104.81,103.94,104.31
2001-07-12,103.94,104.5,103.81,104.38
2001-07-13,104.31,104.56,104,104.44
2001-07-16,104.5,104.94,104.44,104.81
2001-07-17,104.88,104.94,104.62,104.81
2001-07-18,104.69,105.69,104.62,105.56
2001-07-19,105.5,105.56,105.25,105.38
2001-07-20,105.38,105.69,105.19,105.31
2001-07-23,105.31,105.5,105.12,105.44
2001-07-24,105.44,105.62,105.38,105.56
2001-07-25,105.5,105.94,105,105.94
2001-07-26,105.31,105.44,104.81,105.25
2001-07-27,105.31,105.75,105.31,105.62
2001-07-30,105.62,105.88,105.5,105.75
2001-07-31,105.81,106.19,105.69,106.12
2001-08-01,106.31,106.31,105.62,105.88
2001-08-02,105.81,105.81,105.31,105.44
2001-08-03,105.38,105.44,105,105.31
2001-08-06,105.31,105.44,105.19,105.38
2001-08-07,105.44,105.56,105.31,105.31
2001-08-08,105.31,106.94,105.31,106.94
2001-08-09,106.12,106.38,105.69,105.75
2001-08-10,105.81,106.31,105.75,106.31
2001-08-13,106.12,106.44,106.12,106.25
2001-08-14,106.19,106.25,105.88,106.19
2001-08-15,106.12,106.31,105.81,105.94
2001-08-16,105.94,106.5,105.81,106.38
2001-08-17,106.31,107,106.31,106.94
2001-08-20,106.88,106.94,106.5,106.56
2001-08-21,106.5,106.81,106.44,106.62
2001-08-22,106.81,106.81,106.25,106.56
2001-08-23,106.62,106.81,106.44,106.75
2001-08-24,106.69,106.75,106.31,106.56
2001-08-27,106.5,106.69,106.38,106.5
2001-08-28,106.56,107.19,106.5,107.12
2001-08-29,107.19,107.56,107.19,107.5
2001-08-30,106.88,107.12,106.56,106.75
2001-08-31,106.62,106.75,106.25,106.5
2001-09-04,106.69,106.69,105.31,105.38
2001-09-05,105.62,105.75,105.44,105.56
2001-09-06,105.56,106.5,105.5,106.38
2001-09-07,106.25,107.19,106.25,106.88
2001-09-10,107,107.31,106.5,106.62
2001-09-11,106.44,107.88,106.44,107.56
2001-09-13,108,108.5,107.25,108.44
2001-09-14,108.94,109.06,108.5,108.94
2001-09-17,108.75,109.31,108.31,108.5
2001-09-18,108.44,108.69,107.62,107.81
2001-09-19,107.81,108.19,107.56,108
2001-09-20,108,108.19,107.5,107.56
2001-09-21,107.5,108.19,107.5,107.94
2001-09-24,107.94,108,107.44,107.75
2001-09-25,107.75,108.19,107.75,107.94
2001-09-26,108.31,108.56,107.88,108.5
2001-09-27,108.5,109.81,108.44,108.94
2001-09-28,108.94,109.31,108.62,108.81
2001-10-01,108.75,109.5,108.56,109.5
2001-10-02,109.62,109.62,109.31,109.31
2001-10-03,109.38,109.88,109.38,109.5
2001-10-04,109.62,109.88,109.44,109.44
2001-10-05,109.56,109.75,109.38,109.5
2001-10-09,109.56,109.69,108.88,109
2001-10-10,109.19,109.81,108.69,109.81
2001-10-11,109.31,109.94,108.31,108.5
2001-10-12,108.5,108.88,108.31,108.56
2001-10-15,108.56,109.94,108.5,109.62
2001-10-16,109.94,109.94,109.31,109.31
2001-10-17,109.38,109.5,108.88,109.31
2001-10-18,109.38,109.5,109.25,109.38
2001-10-19,109.31,109.69,108.88,108.94
2001-10-22,108.94,109.19,108.81,109
2001-10-23,108.88,109,108.69,108.88
2001-10-24,108.81,109.31,108.81,109.25
2001-10-25,109.25,109.81,109.19,109.62
2001-10-26,109.56,109.81,109.38,109.75
2001-10-29,109.75,110.62,109.75,110.62
2001-10-30,110.12,110.75,110.12,110.62
2001-10-31,110.69,111.88,110.31,111.5
2001-11-01,111.75,112.44,111.44,111.56
2001-11-02,111.56,111.69,110.75,110.81
2001-11-05,110.88,111.31,110.81,111.25
2001-11-06,111.19,111.69,111.19,111.44
2001-11-07,111.62,112.19,111.62,112.19
2001-11-08,112.12,112.25,111.19,111.25
2001-11-09,111.19,111.94,111.19,111.19
2001-11-13,111.25,111.44,110.56,110.62
2001-11-14,110.62,110.75,109.44,109.56
2001-11-15,109.5,109.56,107.56,107.94
2001-11-16,107.81,108.44,106.81,106.94
2001-11-19,107.38,107.94,107.19,107.88
2001-11-20,107.69,108.12,107.19,107.19
2001-11-21,107.12,107.38,106,106.44
2001-11-23,106.38,106.81,106,106.81
2001-11-26,106.12,106.88,106,106.81
2001-11-27,106.19,106.94,105.56,106.69
2001-11-28,106.94,107.44,106.56,106.69
2001-11-29,106.88,108.94,106.69,108.94
2001-11-30,106.75,107.31,106.5,106.94
2001-12-03,107,107.38,106.69,107.19
2001-12-04,107.31,107.81,107,107.62
2001-12-05,107.56,107.56,104.94,105.81
2001-12-06,105.69,105.75,104.62,105.19
2001-12-07,105,105.62,103.62,103.94
2001-12-10,103.88,104.62,103.69,104.25
2001-12-11,104.5,105.19,104.38,104.69
2001-12-12,104.75,105.56,104.69,105.44
2001-12-13,105.38,105.88,104.5,104.5
2001-12-14,104.56,104.94,103.88,104
2001-12-17,104.5,104.5,102.5,103.62
2001-12-18,104,104.44,103.75,104.38
2001-12-19,104.5,105.19,104.38,105.19
2001-12-20,104.94,105.94,104.44,104.94
2001-12-21,105,105.25,104.56,104.62
2001-12-24,104.56,104.69,104.19,104.31
2001-12-26,104.38,104.44,103.81,103.94
2001-12-27,103.88,104.81,103.75,104.62
2001-12-28,104.75,104.75,103.94,104.56
2001-12-31,104.62,105.38,104.5,105.12
2002-01-02,105.31,105.31,104.12,104.31
2002-01-03,104.31,104.75,104.31,104.56
2002-01-04,104.69,104.88,103.88,104.56
2002-01-07,104.75,105.38,104.5,105.31
2002-01-08,105.38,105.56,105.31,105.31
2002-01-09,105.12,105.5,104.81,105.31
2002-01-10,105.5,106.31,105.25,106.31
2002-01-11,105.88,107,105.81,106.62
2002-01-14,106.69,107.12,106.62,106.75
2002-01-15,106.56,107.19,106.5,107.19
2002-01-16,107,107.38,106.75,106.94
2002-01-17,106.94,107,106.19,106.31
2002-01-18,106.44,106.69,105.31,106.62
2002-01-22,106.5,106.69,106.12,106.56
2002-01-23,106.44,106.56,105.75,105.94
2002-01-24,105.81,106.25,105.56,105.69
2002-01-25,105.81,105.88,105,105.44
2002-01-28,105.5,105.62,105.5,105.5
2002-01-29,105.5,106.5,105.12,106.25
2002-01-30,106.5,106.62,106,106.31
2002-01-31,106,106.5,105.88,105.88
2002-02-01,105.88,106.44,105.5,106.25
2002-02-04,106.31,107,106.25,106.88
2002-02-05,106.88,107.19,106.56,106.94
2002-02-06,106.94,107.19,106.69,106.75
2002-02-07,106.81,107.31,106.25,106.56
2002-02-08,106.62,107.25,106.31,106.94
2002-02-11,106.81,107,106.62,106.81
2002-02-12,106.75,107.31,106.31,106.31
2002-02-13,106.31,106.44,105.62,106.12
2002-02-14,106.19,106.5,106,106.44
2002-02-15,106.44,107.81,106.44,107.81
2002-02-19,107.62,107.62,106.75,106.94
2002-02-20,107,107.31,106.69,107
2002-02-21,106.94,107.62,106.75,107.62
2002-02-22,107.19,107.69,107.19,107.38
2002-02-25,107.38,107.62,107.19,107.25
2002-02-26,107.25,107.44,106.69,106.75
2002-02-27,106.69,107.62,106.56,107.56
2002-02-28,106.19,106.31,105.62,105.94
2002-03-01,105.94,106,105.19,105.19
2002-03-04,105.81,105.81,104.69,105
2002-03-05,105.5,105.5,104.38,104.94
2002-03-06,105.19,105.19,104.62,104.75
2002-03-07,104.69,104.75,103.44,103.56
2002-03-08,103.5,103.5,102.75,102.81
2002-03-11,103,103.19,102.75,102.81
2002-03-12,102.88,103.38,102.88,102.94
2002-03-13,102.94,103.5,102.56,103.38
2002-03-14,103.25,103.31,102.25,102.31
2002-03-15,102.25,102.94,101.75,102.69
2002-03-18,102.81,103.62,102.62,103
2002-03-19,103,103.38,102.69,102.81
2002-03-20,103.19,103.38,102.12,102.31
2002-03-21,102.31,102.62,101.94,102.5
2002-03-22,102.5,102.69,102.44,102.44
2002-03-25,102.5,102.5,102.31,102.38
2002-03-26,102.38,103.31,102.19,102.88
2002-03-27,102.88,103.62,102.69,102.94
2002-03-28,102.94,103.94,102.19,102.44
2002-04-01,102.5,102.88,102.31,102.5
2002-04-02,102.5,103.81,102.19,103.81
2002-04-03,103.94,103.94,102.88,103.62
2002-04-04,103.56,104.94,103.5,103.69
2002-04-05,103.69,104.38,103.5,104.25
2002-04-08,104.25,104.5,103.81,104
2002-04-09,103.88,104.31,103.69,104.25
2002-04-10,104.25,104.38,103.94,104.12
2002-04-11,104,104.56,103.88,104.25
2002-04-12,104.31,104.75,104.12,104.69
2002-04-15,104.69,105.5,104.56,104.88
2002-04-16,104.81,104.81,104.19,104.62
2002-04-17,104.5,104.56,104.19,104.31
2002-04-18,104.31,105.25,104.31,104.44
2002-04-19,104.5,104.69,104.5,104.56
2002-04-22,104.5,104.75,104.31,104.75
2002-04-23,104.69,104.94,104.5,104.75
2002-04-24,104.81,105.38,104.62,105.31
2002-04-25,105.25,105.75,105.19,105.44
2002-04-26,105.38,105.81,105.25,105.69
2002-04-29,105.75,105.81,105.31,105.44
2002-04-30,105.31,105.62,105.25,105.56
2002-05-01,105.56,106.19,105.5,105.81
2002-05-02,105.81,105.88,105.25,105.44
2002-05-03,105.5,106.31,105.38,105.88
2002-05-06,105.94,105.94,105.62,105.75
2002-05-07,105.81,106.5,105.62,105.81
2002-05-08,105.81,105.81,104.75,104.88
2002-05-09,104.81,105.25,104.62,105.19
2002-05-10,105.25,105.75,104.88,105.69
2002-05-13,105.69,105.69,105,105.62
2002-05-14,105.31,105.94,104.25,104.44
2002-05-15,104.56,104.88,104.38,104.75
2002-05-16,104.81,105.38,104.69,105.25
2002-05-17,105.25,105.25,104.62,104.81
2002-05-20,104.81,105.31,104.81,105.31
2002-05-21,105.25,105.69,105.12,105.62
2002-05-22,105.69,106.62,105.5,106
2002-05-23,105.88,106.5,105.56,105.75
2002-05-24,105.75,106.81,105.69,105.94
2002-05-28,105.69,106.81,105.5,106.19
2002-05-29,106.19,106.56,106,106.44
2002-05-30,106.5,106.94,106.44,106.81
2002-05-31,105.44,105.56,104.94,105.31
2002-06-03,105.19,105.62,104.75,105.38
2002-06-04,105.56,105.88,105.31,105.5
2002-06-05,105.38,105.56,105.12,105.38
2002-06-06,105.38,105.88,105.38,105.62
2002-06-07,105.81,106.12,105.19,105.38
2002-06-10,105.31,105.62,105.19,105.5
2002-06-11,105.56,106,105.25,105.88
2002-06-12,106,106.19,105.81,106.12
2002-06-13,106,106.75,105.88,106.44
2002-06-14,106.5,107.44,106.5,107.25
2002-06-17,107.25,107.38,106.75,106.88
2002-06-18,107,107.38,106.81,106.94
2002-06-19,107.31,107.88,107.31,107.81
2002-06-20,107.88,107.94,107,107.31
2002-06-21,107.38,107.69,107.12,107.62
2002-06-24,107.62,107.94,107,107.12
2002-06-25,107.12,107.44,106.69,107.19
2002-06-26,108.31,108.94,107.69,108.5
2002-06-27,107.88,108.31,107.19,107.31
2002-06-28,107.25,107.62,106.94,107.25
2002-07-01,107.31,107.62,106.88,107.31
2002-07-02,107.56,108.62,107.38,107.94
2002-07-03,107.94,108.5,107.75,107.88
2002-07-05,107.75,107.75,107,107.31
2002-07-08,107.81,107.81,107.44,107.44
2002-07-09,107.5,108.12,107.25,107.94
2002-07-10,107.94,108.88,107.75,108.69
2002-07-11,108.69,109.31,108.56,108.88
2002-07-12,108.56,109.31,108.44,109.31
2002-07-15,109.12,109.5,108.75,108.94
2002-07-16,108.81,109.31,108.25,108.38
2002-07-17,108.62,108.94,108.62,108.81
2002-07-18,108.69,109.31,108.44,109.19
2002-07-19,109.25,109.81,109.19,109.5
2002-07-22,109.81,110.44,109.62,110.19
2002-07-23,110.19,110.81,109.69,110.5
2002-07-24,110.69,112,110.19,110.69
2002-07-25,110.19,111.12,110.19,110.88
2002-07-26,110.94,111.5,110.69,111.5
2002-07-29,110.81,111,109.69,109.94
2002-07-30,109.94,110.25,109.5,109.75
2002-07-31,109.62,110.75,109.56,110.62
2002-08-01,110.62,111.5,110.56,111.5
2002-08-02,111.19,112.25,111.12,112.12
2002-08-05,112,112.62,111.94,112.38
2002-08-06,112.69,112.75,111.38,111.38
2002-08-07,111.56,112.81,111.38,112.81
2002-08-08,112,112,111.38,111.44
2002-08-09,111.69,112.56,111.38,112.5
2002-08-12,112.56,113.31,112.38,112.69
2002-08-13,112.62,113.62,112.62,113.31
2002-08-14,113.62,114.19,112.81,113.25
2002-08-15,113,113.25,112.12,112.56
2002-08-16,112.5,112.94,111.5,111.5
2002-08-19,111.62,111.94,111.31,111.69
2002-08-20,111.81,112.88,111.75,112.75
2002-08-21,112.75,112.88,112.19,112.62
2002-08-22,112.44,112.5,111.81,112
2002-08-23,111.81,112.56,111.81,112.5
2002-08-26,112.44,112.88,112.19,112.75
2002-08-27,112.62,112.94,112,112.19
2002-08-28,112.25,112.81,112.25,112.56
2002-08-29,112.62,113.38,112.56,113.31
2002-08-30,111.81,112.19,111.44,111.81
2002-09-03,112.94,113.5,112.94,113.5
2002-09-04,113.31,113.5,112.94,113.31
2002-09-05,113.25,113.94,113.12,113.62
2002-09-06,113.56,113.69,112.75,112.75
2002-09-09,113,113.19,112.56,112.69
2002-09-10,112.69,113.5,112.25,113.5
2002-09-11,112.88,112.94,112.12,112.56
2002-09-12,112.62,113.25,112.44,113.19
2002-09-13,113.31,113.81,113.25,113.69
2002-09-16,113.69,114.5,113.31,113.88
2002-09-17,113.38,114.31,113.25,114.19
2002-09-18,114.31,114.81,114,114.81
2002-09-19,114.94,114.94,114.5,114.56
2002-09-20,114.62,114.75,114.12,114.69
2002-09-23,114.75,115.44,114.56,115.38
2002-09-24,115.12,115.94,115.12,115.5
2002-09-25,115.56,115.88,114.56,114.69
2002-09-26,114.81,115,114.69,114.69
2002-09-27,114.75,115.5,114.56,115.31
2002-09-30,115.62,116.19,115.44,115.94
2002-10-01,115.88,116.5,114.94,115.25
2002-10-02,115.81,115.81,114.75,115.25
2002-10-03,115.44,115.62,114.94,115.38
2002-10-04,115.38,115.75,114.44,115.38
2002-10-07,115.56,116,115.5,115.75
2002-10-08,115.75,116.25,115.5,115.62
2002-10-09,115.69,116.25,115.69,116.19
2002-10-10,116.25,116.44,115.5,115.69
2002-10-11,115.69,115.88,114.62,114.81
2002-10-15,114.75,114.88,112.88,113.31
2002-10-16,113.5,113.62,112.88,113.12
2002-10-17,112.88,112.88,112.19,112.56
2002-10-18,112.25,113,111.88,112.69
2002-10-21,112.81,113,111.88,112.12
2002-10-22,112,112.5,111.88,112.5
2002-10-23,112.94,112.94,112,112.12
2002-10-24,112.25,112.94,111.81,112.75
2002-10-25,112.94,113.25,112.69,113.12
2002-10-28,113.44,113.62,113.25,113.38
2002-10-29,113.38,114.69,113.38,114.38
2002-10-30,114.25,114.62,114,114.25
2002-10-31,114.38,114.94,114,114.75
2002-11-01,114.81,114.88,113.81,114.25
2002-11-04,114,114.31,113.5,113.81
2002-11-05,113.75,113.88,113.38,113.62
2002-11-06,113.69,114.5,113.12,113.88
2002-11-07,114.19,114.94,114,114.81
2002-11-08,114.75,115.5,114.69,115.5
2002-11-12,115.31,115.81,115.19,115.81
2002-11-13,115.19,115.44,114.88,115.25
2002-11-14,115.31,115.38,113.62,113.94
2002-11-15,113.69,113.94,113.19,113.75
2002-11-18,113.81,114.94,113.5,113.94
2002-11-19,114.31,114.44,113.94,114.12
2002-11-20,114.19,114.5,113.25,113.31
2002-11-21,113.44,113.56,112.5,112.88
2002-11-22,112.88,113.94,112.56,112.69
2002-11-25,112.69,113,112.44,112.69
2002-11-26,112.69,113.56,112.69,113.44
2002-11-27,113.5,113.56,112.19,112.19
2002-11-29,110.81,111.19,110.81,111.12
2002-12-02,110.94,111.25,110.81,111
2002-12-03,110.75,111.38,110.75,110.94
2002-12-04,111.12,111.94,111.12,111.38
2002-12-05,111.56,111.94,110.81,111.81
2002-12-06,111.62,113,111.62,112.25
2002-12-09,112.25,112.75,112.19,112.62
2002-12-10,112.62,112.81,112.31,112.62
2002-12-11,112.62,113.62,112.56,113.62
2002-12-12,113,113.31,112.62,113.31
2002-12-13,112.94,113.31,112.44,112.69
2002-12-16,112.81,112.88,112.19,112.19
2002-12-17,112.12,112.5,112.12,112.44
2002-12-18,112.44,113.12,112.44,113
2002-12-19,113.12,113.88,112.88,113.75
2002-12-20,113.75,113.81,113.44,113.81
2002-12-23,113.75,113.94,113.38,113.75
2002-12-24,113.75,114.25,113.69,114.12
2002-12-26,114.12,114.44,114,114.25
2002-12-27,114.38,115.62,114.31,115.31
2002-12-30,115,115.38,114.69,115.25
2002-12-31,115.25,115.56,114.94,115.5
2003-01-02,115.12,115.19,113.19,113.44
2003-01-03,113.38,113.56,113,113.44
2003-01-06,113.31,113.56,112.94,113.25
2003-01-07,113.38,113.94,113.38,113.56
2003-01-08,113.62,114.19,113.5,113.81
2003-01-09,113.56,113.62,112.31,112.62
2003-01-10,112.62,113.31,112.25,112.56
2003-01-13,112.5,112.94,112.19,112.88
2003-01-14,112.94,113.31,112.69,113.25
2003-01-15,113.31,113.81,113.31,113.31
2003-01-16,113.44,113.44,112.5,113.31
2003-01-17,113.38,114,113.38,113.81
2003-01-21,113.94,114.62,113.62,114.62
2003-01-22,114.12,114.62,114.12,114.56
2003-01-23,114.5,114.5,114.19,114.38
2003-01-24,114.38,115,114.31,114.69
2003-01-27,114.56,114.94,114.12,114.31
2003-01-28,114.25,114.44,113.75,114.19
2003-01-29,114.25,114.5,113.56,113.69
2003-01-30,113.81,114.5,113.38,114.5
2003-01-31,114.19,114.38,113.94,114.12
2003-02-03,114.62,114.81,113.62,114
2003-02-04,113.94,114.5,113.94,114.44
2003-02-05,114.38,114.56,113.62,113.94
2003-02-06,114,114.5,113.88,114.38
2003-02-07,114.31,114.62,113.62,114.56
2003-02-10,114.38,114.56,114,114.19
2003-02-11,114.12,114.44,113.94,114.38
2003-02-12,114.38,114.88,114.25,114.81
2003-02-13,114.88,115.62,114.81,115.38
2003-02-14,115.38,115.44,114.69,114.81
2003-02-18,114.75,114.94,114.44,114.88
2003-02-19,114.94,115.94,114.94,115.38
2003-02-20,115.38,115.81,115.38,115.69
2003-02-21,115.62,115.81,115.25,115.31
2003-02-24,115.44,115.81,115.44,115.69
2003-02-25,115.81,116.44,115.81,115.88
2003-02-26,115.81,116.25,115.81,116.19
2003-02-27,116.38,116.44,115.94,116.31
2003-02-28,116.31,116.75,116.12,116.75
2003-03-03,116.56,117,116.56,116.94
2003-03-04,117.06,117.19,116.75,117.12
2003-03-05,116,116.19,115.69,116.12
2003-03-06,116.06,116.19,115.62,115.94
2003-03-07,116.06,116.56,115.75,116.19
2003-03-10,116.38,116.62,116.31,116.5
2003-03-11,116.44,116.62,116.19,116.31
2003-03-12,116.38,116.44,116,116.19
2003-03-13,115.69,115.81,114.81,114.94
2003-03-14,114.88,115.38,114.88,115.25
2003-03-17,115.69,115.75,114.44,114.56
2003-03-18,114.31,114.69,113.88,114
2003-03-19,113.69,113.94,113.38,113.56
2003-03-20,113.62,114.06,113.06,113.31
2003-03-21,113.31,113.38,112.5,112.69
2003-03-24,113.31,113.69,113.25,113.5
2003-03-25,113.75,114,113.12,113.56
2003-03-26,113.56,113.94,113.44,113.75
2003-03-27,114.12,114.19,113.75,113.94
2003-03-28,114.25,114.5,114.19,114.38
2003-03-31,114.75,115.19,114.62,114.88
2003-04-01,115.06,115.19,114.5,114.88
2003-04-02,114.44,114.44,113.88,114.12
2003-04-03,113.88,114.5,113.75,114.31
2003-04-04,114.19,114.44,113.75,114.12
2003-04-07,113.44,113.69,113.12,113.69
2003-04-08,113.75,114.31,113.69,114.25
2003-04-09,114.5,114.69,114,114.56
2003-04-10,114.62,114.69,114.31,114.38
2003-04-11,114.12,114.31,113.62,114.12
2003-04-14,113.94,114.06,113.62,113.81
2003-04-15,113.88,114.25,113.81,114.12
2003-04-16,114,114.38,113.88,114.31
2003-04-17,114.38,114.69,114.19,114.25
2003-04-21,114.12,114.12,113.62,114
2003-04-22,114.31,114.44,113.94,114.06
2003-04-23,114,114.19,113.88,114
2003-04-24,114.31,114.81,114.19,114.62
2003-04-25,114.5,115,114.5,114.88
2003-04-28,114.88,115.06,114.62,114.75
2003-04-29,114.5,114.62,114.19,114.56
2003-04-30,114.5,115.19,114.31,115.12
2003-05-01,115.31,115.69,115.12,115.25
2003-05-02,115.19,115.38,114.62,114.75
2003-05-05,114.62,115.06,114.5,115.06
2003-05-06,114.94,115.75,114.81,115.75
2003-05-07,116.19,116.5,116,116.44
2003-05-08,116.69,117.06,116.44,116.69
2003-05-09,116.62,116.81,116.38,116.75
2003-05-12,117.19,117.38,116.81,117
2003-05-13,116.94,117.19,116.75,117.06
2003-05-14,117.06,117.81,117.06,117.56
2003-05-15,117.69,117.81,117.25,117.44
2003-05-16,117.69,118.19,117.62,118.06
2003-05-19,118.38,118.5,117.94,118.19
2003-05-20,118,118.88,117.94,118.75
2003-05-21,118.44,119,118.25,118.44
2003-05-22,118.81,118.94,118.5,118.81
2003-05-23,118.94,119.19,118.81,118.81
2003-05-27,118.88,119,118.31,118.56
2003-05-28,118,118.56,117.94,118.5
2003-05-29,118.5,119.12,118.5,119.06
2003-05-30,119.12,119.19,118.5,119.06
2003-06-02,118.69,118.75,118.31,118.56
2003-06-03,118.88,119.62,118.81,119.31
2003-06-04,119.25,119.69,119.19,119.62
2003-06-05,119,119.31,118.5,118.62
2003-06-06,118.94,118.94,118,118.38
2003-06-09,118.94,119.06,118.69,119
2003-06-10,119,119.81,118.94,119.69
2003-06-11,119.81,119.94,119.56,119.62
2003-06-12,119.38,120.06,119.31,119.81
2003-06-13,120,120.38,119.88,120.25
2003-06-16,120.12,120.44,119.62,119.69
2003-06-17,119.69,119.75,118.81,118.94
2003-06-18,118.5,118.81,118.19,118.25
2003-06-19,118.5,118.69,117.88,118.5
2003-06-20,118.56,118.56,117.94,118.19
2003-06-23,118.44,118.88,118.31,118.88
2003-06-24,118.75,119.31,118.62,119.25
2003-06-25,119.5,119.69,118.19,118.44
2003-06-26,117.75,118.06,117.12,117.19
2003-06-27,117.38,117.75,116.75,117.06
2003-06-30,117.25,117.69,117.06,117.44
2003-07-01,117.56,117.94,117.19,117.31
2003-07-02,116.88,117.62,116.69,117.44
2003-07-03,116.94,117.62,116.62,116.69
2003-07-07,116.56,116.69,116.12,116.31
2003-07-08,116.38,116.62,115.94,116.12
2003-07-09,116.38,116.62,116.19,116.38
2003-07-10,116.81,116.88,116.38,116.62
2003-07-11,116.56,117.06,116.44,117.06
2003-07-14,116.81,117.19,116.38,116.44
2003-07-15,116.38,116.5,114.69,115
2003-07-16,114.31,114.94,114,114.75
2003-07-17,114.88,114.94,114.06,114.69
2003-07-18,114.75,114.75,114.38,114.56
2003-07-21,114.31,114.38,113.06,113.12
2003-07-22,113.25,113.44,112.81,113.38
2003-07-23,113.56,114.19,113.44,113.69
2003-07-24,113.69,113.69,112.94,113.31
2003-07-25,113.38,113.94,113,113.19
2003-07-28,112.94,113,112.31,112.31
2003-07-29,111.94,113,111.5,111.56
2003-07-30,111.62,112.5,111.38,111.94
2003-07-31,112.38,112.38,110.06,110.62
2003-08-01,109.75,111.25,109.62,110.5
2003-08-04,110.94,111.75,110.69,111.69
2003-08-05,111.94,112,110.69,110.88
2003-08-06,111.19,112.31,111.12,112.19
2003-08-07,112.44,112.62,111.88,112.5
2003-08-08,113,113.5,112.56,112.56
2003-08-11,112.31,112.44,111.75,112.06
2003-08-12,112.12,112.5,111.81,112.25
2003-08-13,111.31,111.5,110.38,110.5
2003-08-14,110.12,110.44,109.69,110.31
2003-08-15,110.69,111.12,110.38,110.75
2003-08-18,110.62,111.19,110.38,111.12
2003-08-19,110.88,112.12,110.69,112
2003-08-20,112.12,112.38,111.06,111.38
2003-08-21,111.31,111.44,110.38,110.69
2003-08-22,110.94,111.38,110.5,111.19
2003-08-25,111.44,111.62,110.44,110.75
2003-08-26,110.56,111.25,110.12,111.12
2003-08-27,111.19,111.31,110.62,110.75
2003-08-28,110.88,111.75,110.75,111.75
2003-08-29,111.69,111.81,111.19,111.56
2003-09-02,110.62,111.06,110.25,110.31
2003-09-03,110.62,110.75,110.38,110.56
2003-09-04,110.88,111.56,110.81,111.38
2003-09-05,109.62,111,109.56,110.94
2003-09-08,110.75,111.69,110.69,110.81
2003-09-09,110.69,111.12,110.31,111
2003-09-10,111,111.94,110.94,111.81
2003-09-11,111.56,111.81,111.12,111.38
2003-09-12,111.5,112.62,111.5,111.94
2003-09-15,111.88,112.38,111.5,112.19
2003-09-16,111.81,112.25,111.62,111.88
2003-09-17,112.25,112.75,111.88,112.44
2003-09-18,112.81,112.94,111.88,112.38
2003-09-19,112.75,112.81,112.19,112.56
2003-09-22,112,112.25,111.44,112.12
2003-09-23,111.81,112.38,111.69,112.31
2003-09-24,112.31,113.19,112.12,112.94
2003-09-25,112.94,113.38,112.69,113.12
2003-09-26,113.38,114.06,113.12,113.81
2003-09-29,113.75,114,113.5,113.5
2003-09-30,113.62,114.69,113.56,114.62
2003-10-01,114.5,114.75,114.19,114.62
2003-10-02,114.06,114.38,113.56,114
2003-10-03,113.81,113.81,112.25,112.5
2003-10-06,112.56,113,112.25,113
2003-10-07,112.88,113,112.19,112.25
2003-10-08,112.12,112.62,111.88,112.44
2003-10-09,112.25,112.25,111.62,111.94
2003-10-10,112.12,112.56,112,112.44
2003-10-14,111.75,112.12,111.56,111.62
2003-10-15,111.56,111.62,110.94,111.25
2003-10-16,111.25,111.69,110.5,110.56
2003-10-17,110.81,111.31,110.5,111.25
2003-10-20,110.94,111.75,110.81,111.44
2003-10-21,111.44,112,111.44,111.5
2003-10-22,112.06,112.44,111.88,112.31
2003-10-23,112.75,112.75,111.81,112.06
2003-10-24,112.38,113,112.25,113
2003-10-27,112.56,112.81,112.38,112.56
2003-10-28,112.31,113.31,112.12,113.25
2003-10-29,113.06,113.19,112.5,112.56
2003-10-30,112.56,112.56,111.56,111.94
2003-10-31,111.94,112.44,111.94,112.31
2003-11-03,112.06,112.12,111.44,111.81
2003-11-04,112.06,112.38,112.06,112.25
2003-11-05,112.25,112.38,111.81,111.81
2003-11-06,111.75,111.75,111.25,111.44
2003-11-07,111.38,112,110.75,111.12
2003-11-10,111.25,111.5,110.94,111.12
2003-11-12,111.38,111.69,111.38,111.5
2003-11-13,111.81,112.69,111.81,112.62
2003-11-14,112.81,113.31,112.5,113.25
2003-11-17,113.5,113.88,113.25,113.62
2003-11-18,113.44,113.81,113.19,113.75
2003-11-19,113.81,114,113.06,113.25
2003-11-20,113.44,114.12,113.31,113.81
2003-11-21,114,114.06,113.75,113.88
2003-11-24,113.44,113.5,113.12,113.25
2003-11-25,113.12,113.69,112.94,113.5
2003-11-26,113.62,113.69,113,113.06
2003-11-28,112.94,112.94,112.38,112.44
2003-12-01,112.25,112.31,111.44,112
2003-12-02,112.06,112.19,111.62,112.12
2003-12-03,112,112.38,111.81,111.88
2003-12-04,111.81,112.38,111.75,112.31
2003-12-05,111.06,112.38,110.75,112.12
2003-12-08,111.94,112.19,111.62,111.69
2003-12-09,111.75,112.38,110.81,111
2003-12-10,111.31,111.56,111.06,111.44
2003-12-11,111.25,112.31,111,112.25
2003-12-12,112,112.81,111.88,112.12
2003-12-15,111.88,112.44,111.75,111.88
2003-12-16,112.06,112.38,111.81,112.25
2003-12-17,112.5,112.94,112.5,112.62
2003-12-18,112.69,112.88,112.38,112.88
2003-12-19,112.81,113.06,112.5,112.94
2003-12-22,113.12,113.25,112.5,112.75
2003-12-23,112.62,112.69,111.88,111.94
2003-12-24,112.06,112.69,111.94,112.62
2003-12-26,112.75,113.06,112.75,113
2003-12-29,112.88,112.88,112.31,112.38
2003-12-30,112.19,112.38,111.88,112.12
2003-12-31,112.25,112.38,112.12,112.25
2004-01-02,112.19,112.25,111.06,111.38
2004-01-05,111.38,111.44,111.06,111.31
2004-01-06,111.62,112.38,111.56,112.19
2004-01-07,112.06,112.69,111.94,112.5
2004-01-08,112.31,112.62,112.19,112.56
2004-01-09,112.44,113.94,112.38,113.94
2004-01-12,113.81,114.38,113.69,114
2004-01-13,113.88,114.5,113.75,114.44
2004-01-14,114.44,114.81,114.06,114.69
2004-01-15,114.69,114.94,114.25,114.62
2004-01-16,114.75,115.06,114.19,114.31
2004-01-20,114.19,114.38,113.88,114.06
2004-01-21,114.06,114.31,113.94,114.19
2004-01-22,114.31,114.81,114.19,114.75
2004-01-23,114.88,115.12,113.94,114
2004-01-26,113.88,114.06,113.5,113.56
2004-01-27,113.75,114.06,113.56,114
2004-01-28,113.88,114.44,112.5,112.88
2004-01-29,112.88,113.12,112.56,113
2004-01-30,113.12,113.5,113.06,113.44
2004-02-02,113.25,113.75,113.19,113.38
2004-02-03,113.75,113.88,113.5,113.81
2004-02-04,113.88,114,113.5,113.69
2004-02-05,113.44,113.81,113.06,113.25
2004-02-06,113.25,114.19,113.06,114
2004-02-09,114,114.31,114,114.25
2004-02-10,114.19,114.25,113.81,113.94
2004-02-11,113.75,114.94,113.62,114.69
2004-02-12,114.62,114.81,114.38,114.5
2004-02-13,114.88,115.19,114.69,114.81
2004-02-17,114.88,115.06,114.69,114.81
2004-02-18,115,115.25,114.75,114.81
2004-02-19,114.69,115,114.44,114.81
2004-02-20,114.88,114.94,114.38,114.5
2004-02-23,114.44,114.94,114.38,114.88
2004-02-24,115.12,115.38,114.94,115.06
2004-02-25,115.12,115.31,115.06,115.12
2004-02-26,115.06,115.25,114.75,114.94
2004-02-27,115.31,115.44,115.12,115.38
2004-03-01,115.31,115.81,115.19,115.31
2004-03-02,115.25,115.25,114.69,114.88
2004-03-03,114.62,114.88,114.5,114.81
2004-03-04,114.69,115.19,114.62,115.12
2004-03-05,113.62,115.62,113.62,115.25
2004-03-08,115.44,115.75,115.38,115.69
2004-03-09,115.62,116.19,115.62,116.06
2004-03-10,116,116.19,115.81,115.94
2004-03-11,116.25,116.44,115.56,115.88
2004-03-12,116.19,116.25,115.81,115.81
2004-03-15,116.06,116.12,115.56,115.69
2004-03-16,115.75,116.38,115.38,116.31
2004-03-17,116.38,116.56,116.06,116.31
2004-03-18,116.06,116.25,115.62,115.81
2004-03-19,115.69,115.81,115.56,115.56
2004-03-22,115.88,116.12,115.81,116.06
2004-03-23,116,116.19,115.94,116.12
2004-03-24,116.19,116.44,116.06,116.19
2004-03-25,116.12,116.12,115.88,116.06
2004-03-26,115.88,115.94,115.19,115.25
2004-03-29,115,115.06,114.69,114.94
2004-03-30,115.19,115.19,114.81,114.88
2004-03-31,114.94,115.44,114.94,115.44
2004-04-01,115.38,115.44,114.75,114.88
2004-04-02,114.81,114.88,112.19,112.94
2004-04-05,112.88,112.88,112.31,112.44
2004-04-06,112.81,112.88,112.69,112.81
2004-04-07,113,113.12,112.75,112.88
2004-04-08,112.75,112.94,112.56,112.62
2004-04-12,112.5,112.56,112.25,112.44
2004-04-13,112.19,112.19,111.56,111.56
2004-04-14,111.5,111.5,110.56,111.25
2004-04-15,111.44,111.62,110.94,111.19
2004-04-16,111.5,111.88,111.38,111.62
2004-04-19,111.75,111.94,111.44,111.44
2004-04-20,111.31,111.44,111.06,111.12
2004-04-21,110.56,111.19,110.5,111
2004-04-22,110.94,111.44,110.88,111.38
2004-04-23,111.44,111.44,110.62,110.69
2004-04-26,110.75,110.88,110.62,110.81
2004-04-27,110.94,111.12,110.62,111.12
2004-04-28,111,111.06,110.56,110.62
2004-04-29,110.19,110.88,110,110.19
2004-04-30,110.19,110.62,110.06,110.5
2004-05-03,110.31,110.69,110.31,110.5
2004-05-04,110.69,111.06,110.12,110.31
2004-05-05,110.5,110.69,110,110.06
2004-05-06,109.94,110,109.75,109.81
2004-05-07,109.94,110.31,108.25,108.5
2004-05-10,108.5,108.75,108.38,108.56
2004-05-11,108.62,108.75,108.44,108.69
2004-05-12,108.75,108.94,108.5,108.56
2004-05-13,108.31,108.5,108.06,108.19
2004-05-14,108.06,108.94,107.81,108.81
2004-05-17,109.12,109.56,109.06,109.5
2004-05-18,109.25,109.38,109.06,109.19
2004-05-19,108.88,108.94,108.62,108.75
2004-05-20,108.94,109.31,108.94,109.25
2004-05-21,109.44,109.62,108.94,108.94
2004-05-24,109.06,109.19,108.88,109.12
2004-05-25,109.31,109.44,109.19,109.25
2004-05-26,109.5,109.81,109.5,109.81
2004-05-27,109.69,110.44,109.69,110.38
2004-05-28,110.06,110.44,109.81,109.88
2004-06-01,109.75,109.75,109.25,109.62
2004-06-02,109.62,109.62,109.38,109.38
2004-06-03,109.25,109.56,109.19,109.56
2004-06-04,109.56,109.81,109.06,109.06
2004-06-07,107.44,107.81,107.38,107.75
2004-06-08,107.62,107.88,107.31,107.75
2004-06-09,107.56,107.62,107.19,107.44
2004-06-10,107.44,107.69,107.25,107.62
2004-06-14,107.25,107.44,107,107.06
2004-06-15,107.31,108.62,107.31,108.5
2004-06-16,108.31,108.38,108,108.19
2004-06-17,108.12,108.56,107.88,108.5
2004-06-18,108.62,108.81,108.31,108.38
2004-06-21,108.5,108.62,108.38,108.56
2004-06-22,108.44,108.5,108.31,108.44
2004-06-23,108.38,108.62,108.25,108.56
2004-06-24,108.81,109.25,108.75,109
2004-06-25,109.06,109.12,108.81,109
2004-06-28,109.06,109.12,108.19,108.25
2004-06-29,108.44,108.62,108.12,108.62
2004-06-30,108.75,109.56,108.69,109.31
2004-07-01,109.44,109.69,109.19,109.69
2004-07-02,109.56,111.06,109.56,110.5
2004-07-06,110.56,110.69,110.31,110.38
2004-07-07,110.31,110.56,110.31,110.44
2004-07-08,110.31,110.69,110.19,110.5
2004-07-09,110.44,110.69,110.38,110.56
2004-07-12,110.69,110.81,110.62,110.69
2004-07-13,110.44,110.5,110.25,110.44
2004-07-14,110.56,110.81,110.25,110.44
2004-07-15,110.44,110.62,110.25,110.38
2004-07-16,110.38,111.38,110.38,111.38
2004-07-19,111.31,111.44,111.25,111.31
2004-07-20,111.19,111.31,110.56,110.56
2004-07-21,110.44,110.5,110.06,110.38
2004-07-22,110.56,110.69,110.25,110.5
2004-07-23,110.5,110.75,110.5,110.75
2004-07-26,110.69,110.75,110.38,110.5
2004-07-27,110.25,110.38,109.62,109.69
2004-07-28,109.5,109.88,109.38,109.81
2004-07-29,109.62,110,109.5,110
2004-07-30,110.06,110.75,110.06,110.75
2004-08-02,111.06,111.06,110.75,110.88
2004-08-03,110.75,111.19,110.75,111.06
2004-08-04,111.12,111.31,110.88,111
2004-08-05,111.12,111.38,111,111.25
2004-08-06,111.5,113.31,111.31,112.75
2004-08-09,112.56,112.69,112.5,112.5
2004-08-10,112.44,112.62,112.06,112.12
2004-08-11,112.12,112.38,112,112.25
2004-08-12,112.25,112.56,112.06,112.44
2004-08-13,112.56,112.94,112.56,112.81
2004-08-16,112.56,112.69,112.25,112.56
2004-08-17,112.44,112.94,112.44,112.94
2004-08-18,113.12,113.25,112.69,112.75
2004-08-19,112.75,113.25,112.56,112.75
2004-08-20,112.94,113.1,112.69,113
2004-08-23,112.75,112.75,112.25,112.25
2004-08-24,112.25,112.38,112.12,112.12
2004-08-25,112.31,112.81,112.31,112.56
2004-08-26,112.5,112.88,112.44,112.81
2004-08-27,113.06,113.06,112.81,112.81
2004-08-30,112.88,113.12,112.88,113.12
2004-08-31,113.12,113.75,113.12,113.5
2004-09-01,113.75,113.88,113.31,113.62
2004-09-02,113.56,113.69,113.12,113.19
2004-09-03,113.31,113.44,112.44,112.5
2004-09-07,111.31,111.62,111.25,111.56
2004-09-08,111.44,112.31,111.25,112.31
2004-09-09,112.5,112.56,112.06,112.12
2004-09-10,112.25,112.69,112.25,112.31
2004-09-13,112.25,112.56,112.19,112.5
2004-09-14,112.69,112.75,112.31,112.62
2004-09-15,112.62,112.62,112.25,112.38
2004-09-16,112.38,113.19,112.25,113.06
2004-09-17,113.19,113.25,112.69,112.69
2004-09-20,112.88,113.25,112.81,113.25
2004-09-21,113.12,113.38,112.75,113.31
2004-09-22,113.31,113.69,113.12,113.62
2004-09-23,113.62,113.81,113.25,113.25
2004-09-24,113.31,113.44,113,113.19
2004-09-27,113.19,113.56,113.19,113.44
2004-09-28,113.62,113.75,113.25,113.38
2004-09-29,113.12,113.25,112.69,112.81
2004-09-30,112.94,113.06,112.19,112.62
2004-10-01,112.31,112.38,112.06,112.19
2004-10-04,111.94,112.31,111.81,112.25
2004-10-05,112.25,112.44,112.19,112.31
2004-10-06,112.31,112.31,111.88,111.94
2004-10-07,111.94,112,111.69,111.81
2004-10-08,111.81,112.75,111.81,112.56
2004-10-12,112.94,113,112.75,112.81
2004-10-13,112.69,113.19,112.56,113.12
2004-10-14,113.25,113.56,113.12,113.56
2004-10-15,113.56,113.75,112.81,113.25
2004-10-18,113.19,113.25,113,113.25
2004-10-19,113.12,113.38,112.81,113.31
2004-10-20,113.56,113.75,113.44,113.62
2004-10-21,113.81,113.94,113.5,113.56
2004-10-22,113.38,113.75,113.38,113.75
2004-10-25,114,114.06,113.88,113.88
2004-10-26,113.94,114.06,113.75,113.81
2004-10-27,113.88,114,113.06,113.12
2004-10-28,113.06,113.44,112.81,113.19
2004-10-29,113.19,113.62,113.12,113.56
2004-11-01,113.44,113.56,113.06,113.12
2004-11-02,113.12,113.25,113,113.25
2004-11-03,112.81,113.38,112.62,113.31
2004-11-04,113.38,113.5,113.25,113.25
2004-11-05,113.25,113.25,111.56,112.44
2004-11-08,112.31,112.38,112.12,112.25
2004-11-09,112.38,112.5,112.25,112.31
2004-11-10,112.12,112.38,111.88,112
2004-11-12,112.31,112.62,112.12,112.38
2004-11-15,112.38,112.56,112.31,112.44
2004-11-16,112.56,112.56,112.19,112.31
2004-11-17,112.12,112.88,112.06,112.81
2004-11-18,112.81,113,112.62,112.88
2004-11-19,112.94,113.06,112.06,112.31
2004-11-22,112.38,112.44,112.25,112.44
2004-11-23,112.25,112.62,112.12,112.31
2004-11-24,112.38,112.44,112.19,112.25
2004-11-26,112,112.06,111.94,112.06
2004-11-29,112.12,112.12,111.38,111.44
2004-11-30,111.5,111.62,111.25,111.44
2004-12-01,111.62,111.75,111.25,111.38
2004-12-02,111.25,111.38,111,111.25
2004-12-03,111.38,112.44,111.31,112.12
2004-12-06,111.75,111.81,111.56,111.69
2004-12-07,111.62,111.75,111.5,111.69
2004-12-08,111.69,112.5,111.69,112.44
2004-12-09,112.31,112.69,112.12,112.25
2004-12-10,112.5,112.56,112.31,112.38
2004-12-13,112.56,112.62,112.19,112.44
2004-12-14,112.31,112.62,112.19,112.56
2004-12-15,112.81,112.94,112.75,112.88
2004-12-16,112.81,112.88,112.12,112.19
2004-12-17,112.19,112.25,111.69,112.06
2004-12-20,112.12,112.25,112,112
2004-12-21,112.19,112.25,111.94,112.19
2004-12-22,112.12,112.25,111.94,112.06
2004-12-23,112.06,112.06,111.94,112
2004-12-27,111.88,111.88,111.38,111.5
2004-12-28,111.44,111.56,111.19,111.5
2004-12-29,111.5,111.56,111.19,111.25
2004-12-30,111.25,111.75,111.25,111.69
2004-12-31,111.88,112,111.75,111.94
2005-01-03,111.69,112,111.56,111.88
2005-01-04,111.94,112,111.19,111.44
2005-01-05,111.25,111.62,111.25,111.44
2005-01-06,111.38,111.56,111.31,111.5
2005-01-07,111.56,112.44,110.75,111.38
2005-01-10,111.44,111.5,111.25,111.38
2005-01-11,111.31,111.62,111.25,111.56
2005-01-12,111.5,111.75,111.44,111.62
2005-01-13,111.62,112.12,111.62,112
2005-01-14,112.06,112.25,111.69,111.81
2005-01-18,111.75,111.94,111.62,111.94
2005-01-19,112.06,112.12,111.75,111.94
2005-01-20,111.88,112.19,111.75,112.06
2005-01-21,112,112.38,112,112.31
2005-01-24,112.38,112.44,112.19,112.38
2005-01-25,112.31,112.38,111.81,111.94
2005-01-26,111.88,112.06,111.88,111.88
2005-01-27,111.69,111.81,111.5,111.75
2005-01-28,111.88,112.31,111.81,112.25
2005-01-31,112.06,112.31,112.06,112.25
2005-02-01,112.25,112.44,112.19,112.31
2005-02-02,112.25,112.38,112.12,112.25
2005-02-03,112.12,112.12,111.88,112.06
2005-02-04,112.06,112.88,112,112.69
2005-02-07,112.62,112.88,112.56,112.75
2005-02-08,112.69,113,112.62,112.81
2005-02-09,112.88,113.38,112.69,113.38
2005-02-10,113.25,113.31,112.81,112.81
2005-02-11,112.75,112.94,112.5,112.62
2005-02-14,112.5,112.81,112.5,112.75
2005-02-15,112.69,112.75,112.5,112.56
2005-02-16,112.62,112.75,112.06,112.12
2005-02-17,111.94,112.12,111.81,112
2005-02-18,111.88,111.94,111.44,111.5
2005-02-22,111.38,111.56,111.31,111.38
2005-02-23,111.38,111.81,111.19,111.44
2005-02-24,111.56,111.69,111.31,111.31
2005-02-25,111.38,111.5,111.19,111.44
2005-02-28,111.38,111.38,110.69,110.88
2005-03-01,110.88,110.94,110.69,110.81
2005-03-02,110.69,110.88,110.62,110.75
2005-03-03,110.75,110.94,110.69,110.69
2005-03-04,110.75,111.19,110.5,111.12
2005-03-07,110.19,110.31,110.12,110.25
2005-03-08,110.06,110.06,109.62,109.75
2005-03-09,109.19,109.38,108.88,108.94
2005-03-10,108.75,109.31,108.75,109.25
2005-03-11,109,109.06,108.62,108.75
2005-03-14,108.69,108.88,108.56,108.81
2005-03-15,109,109.12,108.62,108.75
2005-03-16,108.88,109.38,108.75,108.94
2005-03-17,109.31,109.5,109.19,109.25
2005-03-18,109.06,109.19,109,109.06
2005-03-21,109,109.12,108.88,109.06
2005-03-22,109.19,109.5,108.31,108.44
2005-03-23,108.38,108.5,107.88,108.38
2005-03-24,108.44,108.62,108.38,108.44
2005-03-28,108.41,108.41,108.12,108.16
2005-03-29,108.19,108.59,108.12,108.59
2005-03-30,108.5,108.81,108.47,108.81
2005-03-31,108.75,109.31,108.75,109.28
2005-04-01,109.25,109.91,108.91,109.53
2005-04-04,109.44,109.78,109.28,109.53
2005-04-05,109.5,109.66,109.34,109.44
2005-04-06,109.47,109.78,109.44,109.75
2005-04-07,109.72,110,109.38,109.41
2005-04-08,109.38,109.47,109.12,109.44
2005-04-11,109.41,109.72,109.31,109.72
2005-04-12,109.69,110.31,109.5,110.25
2005-04-13,110.19,110.5,110.06,110.28
2005-04-14,110.25,110.66,110.22,110.66
2005-04-15,110.62,111.19,110.56,111.16
2005-04-18,111.16,111.47,110.91,110.94
2005-04-19,110.88,111.56,110.75,111.41
2005-04-20,111.31,111.56,110.75,111.56
2005-04-21,111.53,111.56,110.66,110.78
2005-04-22,110.84,111.16,110.81,111.06
2005-04-25,111,111.19,110.91,111
2005-04-26,111.03,111.19,110.75,110.97
2005-04-27,110.91,111.41,110.78,111.25
2005-04-28,111.28,111.88,111.22,111.84
2005-04-29,111.81,111.84,111.34,111.41
2005-05-02,111.38,111.56,111.28,111.53
2005-05-03,111.5,111.69,111.28,111.59
2005-05-04,111.66,111.72,111.16,111.59
2005-05-05,111.56,112,111.41,111.84
2005-05-06,111.88,111.91,110.91,111.03
2005-05-09,110.91,111,110.78,110.91
2005-05-10,110.94,111.47,110.94,111.44
2005-05-11,111.41,111.75,111.19,111.5
2005-05-12,111.47,111.78,111.19,111.75
2005-05-13,111.69,112.06,111.53,111.97
2005-05-16,111.91,112.12,111.78,111.94
2005-05-17,111.88,112.22,111.75,112.09
2005-05-18,112.03,112.56,111.97,112.31
2005-05-19,112.34,112.44,112.06,112.09
2005-05-20,112.06,112.12,112,112.06
2005-05-23,111.97,112.66,111.91,112.59
2005-05-24,112.62,113.22,112.59,113.12
2005-05-25,113.16,113.38,112.56,112.62
2005-05-26,112.66,112.81,112.38,112.56
2005-05-27,112.59,112.69,112.41,112.62
2005-05-31,112.72,113.03,112.72,113
2005-06-01,113.34,114.09,113.31,114.06
2005-06-02,113.94,114.09,113.78,114
2005-06-03,113.91,114.62,113.31,113.38
2005-06-06,113.44,113.69,113.31,113.59
2005-06-07,113.56,114.06,113.53,113.97
2005-06-08,113.94,114.03,113.69,113.72
2005-06-09,113.69,113.75,113.19,113.69
2005-06-10,113.56,113.62,112.91,112.94
2005-06-13,112.91,113.03,112.56,112.62
2005-06-14,112.72,112.94,112.38,112.5
2005-06-15,112.53,112.69,112.16,112.41
2005-06-16,112.44,112.78,112.19,112.72
2005-06-17,112.69,112.78,112.44,112.59
2005-06-20,112.62,112.69,112.12,112.34
2005-06-21,112.31,112.91,112.19,112.84
2005-06-22,112.88,113.69,112.78,113.59
2005-06-23,113.62,113.62,113.28,113.5
2005-06-24,113.53,113.91,113.53,113.75
2005-06-27,113.78,114,113.75,113.91
2005-06-28,113.88,113.88,113.38,113.41
2005-06-29,113.44,113.72,113.12,113.31
2005-06-30,113.34,113.69,113.19,113.66
2005-07-01,113.56,113.59,112.62,112.69
2005-07-05,112.59,112.72,112.12,112.16
2005-07-06,112.25,112.44,112.19,112.41
2005-07-07,112.38,113.53,112.34,112.47
2005-07-08,112.56,112.81,112.03,112.19
2005-07-11,112.16,112.25,111.72,112.12
2005-07-12,112.16,112.22,111.81,111.84
2005-07-13,111.88,111.88,111.62,111.78
2005-07-14,111.75,112,111.53,111.62
2005-07-15,111.72,111.81,111.44,111.75
2005-07-18,111.75,111.81,111.44,111.47
2005-07-19,111.53,111.84,111.34,111.78
2005-07-20,111.72,112.03,111.28,111.91
2005-07-21,111.81,111.97,111.03,111.06
2005-07-22,111.12,111.53,111.12,111.47
2005-07-25,111.44,111.53,111.22,111.22
2005-07-26,111.25,111.41,111.25,111.38
2005-07-27,111.34,111.47,111.09,111.16
2005-07-28,111.19,111.66,111.06,111.66
2005-07-29,111.62,111.66,110.88,111
2005-08-01,110.91,110.97,110.5,110.72
2005-08-02,110.69,110.84,110.5,110.56
2005-08-03,110.59,110.91,110.56,110.84
2005-08-04,110.81,110.94,110.59,110.69
2005-08-05,110.66,110.78,110.06,110.09
2005-08-08,110.09,110.19,109.88,109.91
2005-08-09,109.94,110.22,109.84,110.19
2005-08-10,110.22,110.41,110.03,110.16
2005-08-11,110.12,110.69,110.06,110.69
2005-08-12,110.66,111.19,110.56,111.12
2005-08-15,111.09,111.16,110.81,110.81
2005-08-16,110.84,111.5,110.81,111.44
2005-08-17,111.38,111.44,110.91,110.94
2005-08-18,111,111.66,111,111.59
2005-08-19,111.56,111.66,111.31,111.56
2005-08-22,111.5,111.69,111.19,111.56
2005-08-23,111.5,111.84,111.41,111.72
2005-08-24,111.75,111.97,111.56,111.81
2005-08-25,111.69,111.91,111.66,111.84
2005-08-26,111.81,111.97,111.5,111.59
2005-08-29,111.91,111.97,111.66,111.75
2005-08-30,111.78,112.47,111.62,112.38
2005-08-31,112.28,113.06,112.25,112.97
2005-09-01,112.78,113.34,112.72,113.03
2005-09-02,112.16,112.56,112.03,112.16
2005-09-06,112.03,112.16,111.78,111.81
2005-09-07,111.84,111.84,111.31,111.47
2005-09-08,111.56,111.78,111.44,111.44
2005-09-09,111.53,111.78,111.47,111.59
2005-09-12,111.53,111.62,111,111.16
2005-09-13,111.19,111.66,111.03,111.5
2005-09-14,111.53,111.69,111.22,111.28
2005-09-15,111.31,111.53,110.78,110.91
2005-09-16,110.97,111,110.47,110.5
2005-09-19,110.56,110.88,110.5,110.75
2005-09-20,110.78,110.81,110.28,110.69
2005-09-21,110.75,111.25,110.75,111.25
2005-09-22,111.38,111.56,111.12,111.22
2005-09-23,111.16,111.16,110.62,110.66
2005-09-26,110.5,110.53,110.19,110.31
2005-09-27,110.41,110.53,110.09,110.41
2005-09-28,110.34,110.56,110,110.44
2005-09-29,110.41,110.59,110.12,110.19
2005-09-30,110.22,110.34,109.84,109.94
2005-10-03,109.97,110.06,109.47,109.56
2005-10-04,109.59,109.78,109.38,109.62
2005-10-05,109.59,109.91,109.59,109.78
2005-10-06,109.84,109.91,109.47,109.5
2005-10-07,109.53,109.81,109.16,109.78
2005-10-11,109.75,109.81,109.44,109.56
2005-10-12,109.53,109.59,109.12,109.22
2005-10-13,109.19,109.22,108.81,109.03
2005-10-14,109.06,109.34,108.72,108.97
2005-10-17,108.94,109.09,108.81,108.81
2005-10-18,108.97,109.06,108.75,109
2005-10-19,109.12,109.31,109.09,109.09
2005-10-20,109.12,109.28,108.81,109.25
2005-10-21,109.28,109.69,109.16,109.56
2005-10-24,109.5,109.56,109.06,109.12
2005-10-25,109.19,109.28,108.53,108.53
2005-10-26,108.59,108.62,108.12,108.22
2005-10-27,108.31,108.59,108.28,108.5
2005-10-28,108.56,108.69,108.16,108.38
2005-10-31,108.28,108.62,108.25,108.47
2005-11-01,108.5,108.66,108.28,108.41
2005-11-02,108.47,108.47,108.03,108.12
2005-11-03,108.06,108.31,107.69,107.72
2005-11-04,107.75,108.06,107.5,107.66
2005-11-07,107.72,107.94,107.69,107.88
2005-11-08,107.97,108.41,107.91,108.34
2005-11-09,108.38,108.44,107.78,107.81
2005-11-10,107.88,108.38,107.81,108.38
2005-11-14,108.34,108.47,107.88,107.97
2005-11-15,108,108.44,107.91,108.31
2005-11-16,108.28,108.97,108.25,108.91
2005-11-17,108.88,109.19,108.59,108.97
2005-11-18,109,109.06,108.69,108.78
2005-11-21,108.72,109.09,108.72,109
2005-11-22,109.03,109.31,108.88,109.25
2005-11-23,109.28,109.34,108.91,108.97
2005-11-25,109.16,109.31,109.12,109.25
2005-11-28,109.19,109.53,109,109.41
2005-11-29,109.38,109.5,108.84,108.91
2005-11-30,108.97,109.06,108.66,108.78
2005-12-01,108.81,109,108.44,108.56
2005-12-02,108.41,108.44,108.19,108.34
2005-12-05,108.28,108.28,107.94,108.03
2005-12-06,108.09,108.72,108,108.62
2005-12-07,108.56,108.59,108.34,108.47
2005-12-08,108.41,108.94,108.41,108.91
2005-12-09,108.81,108.97,108.34,108.41
2005-12-12,108.44,108.5,108.12,108.22
2005-12-13,108.25,108.56,108.22,108.44
2005-12-14,108.53,109.12,108.5,108.91
2005-12-15,108.88,109.12,108.53,108.88
2005-12-16,108.94,109.19,108.91,109.09
2005-12-19,109.02,109.08,108.98,109.02
2005-12-20,109.03,109.03,108.87,108.92
2005-12-21,109,109,108.67,108.75
2005-12-22,108.73,109.2,108.72,109.19
2005-12-23,109.16,109.58,109.02,109.56
2005-12-27,109.61,109.88,109.39,109.83
2005-12-28,109.77,109.8,109.56,109.61
2005-12-29,109.62,109.66,109.44,109.64
2005-12-30,109.66,109.88,109.39,109.44
2006-01-03,109.42,109.78,109.17,109.7
2006-01-04,109.77,109.89,109.48,109.83
2006-01-05,109.78,109.89,109.59,109.77
2006-01-06,109.75,110.12,109.52,109.59
2006-01-09,109.55,109.7,109.48,109.64
2006-01-10,109.66,109.67,109.19,109.23
2006-01-11,109.25,109.34,108.97,109
2006-01-12,109.06,109.36,109,109.34
2006-01-13,109.36,109.8,109.17,109.73
2006-01-17,109.58,109.88,109.58,109.86
2006-01-18,109.88,110.12,109.62,109.77
2006-01-19,109.72,109.77,109.42,109.5
2006-01-20,109.56,109.7,109.41,109.66
2006-01-23,109.62,109.73,109.28,109.62
2006-01-24,109.61,109.66,109.36,109.44
2006-01-25,109.39,109.41,108.78,108.83
2006-01-26,108.83,108.85,108.47,108.55
2006-01-27,108.52,108.89,108.41,108.59
2006-01-30,108.58,108.59,108.33,108.48
2006-01-31,108.53,108.62,108.3,108.44
2006-02-01,108.52,108.58,108.09,108.19
2006-02-02,108.17,108.36,108.06,108.19
2006-02-03,108.2,108.42,107.8,108.36
2006-02-06,108.36,108.39,108.16,108.27
2006-02-07,108.19,108.41,108.06,108.17
2006-02-08,108.19,108.27,107.94,107.98
2006-02-09,108.05,108.28,107.88,108.06
2006-02-10,108.05,108.34,107.66,107.78
2006-02-13,107.78,107.91,107.67,107.86
2006-02-14,107.88,107.91,107.55,107.69
2006-02-15,107.72,107.92,107.53,107.7
2006-02-16,107.81,107.84,107.64,107.78
2006-02-17,107.81,108.19,107.81,108.11
2006-02-21,108.03,108.16,107.89,107.94
2006-02-22,107.91,108.19,107.73,108.14
2006-02-23,108.16,108.19,107.78,107.83
2006-02-24,107.89,108.06,107.72,107.73
2006-02-27,107.67,107.88,107.59,107.69
2006-02-28,107.67,108.06,107.67,107.98
2006-03-01,108,108.03,107.7,107.8
2006-03-02,107.77,107.78,107.19,107.38
2006-03-03,107.36,107.39,107.03,107.08
2006-03-06,107.02,107.09,106.7,106.78
2006-03-07,106.72,106.89,106.41,106.81
2006-03-08,106.91,106.98,106.67,106.84
2006-03-09,106.89,106.95,106.72,106.91
2006-03-10,106.89,107.05,106.53,106.78
2006-03-13,106.73,106.73,106.53,106.69
2006-03-14,106.77,107.31,106.73,107.23
2006-03-15,107.19,107.28,106.92,107.08
2006-03-16,107.02,107.8,106.95,107.73
2006-03-17,107.7,107.77,107.47,107.56
2006-03-20,107.53,107.77,107.47,107.69
2006-03-21,107.61,107.7,107.14,107.23
2006-03-22,107.2,107.42,107.14,107.27
2006-03-23,107.3,107.41,106.95,106.97
2006-03-24,107.03,107.61,106.97,107.52
2006-03-27,107.5,107.53,107.22,107.3
2006-03-28,107.31,107.33,106.67,106.75
2006-03-29,106.7,106.8,106.52,106.62
2006-03-30,106.66,106.75,106.14,106.31
2006-03-31,106.33,106.53,106.19,106.39
2006-04-03,106.42,106.44,106.03,106.3
2006-04-04,106.25,106.47,106.2,106.31
2006-04-05,106.34,106.53,106.34,106.48
2006-04-06,106.41,106.44,106.11,106.16
2006-04-07,106.2,106.39,105.7,105.7
2006-04-10,105.72,105.92,105.67,105.88
2006-04-11,105.91,106.11,105.89,106.08
2006-04-12,106.14,106.23,105.67,105.7
2006-04-13,105.73,105.78,105.31,105.31
2006-04-17,105.53,105.7,105.38,105.61
2006-04-18,105.66,106.08,105.58,105.91
2006-04-19,105.94,106.14,105.47,105.7
2006-04-20,105.64,105.75,105.53,105.58
2006-04-21,105.61,105.88,105.5,105.73
2006-04-24,105.72,106.06,105.69,105.91
2006-04-25,105.97,106,105.2,105.36
2006-04-26,105.38,105.39,105.06,105.12
2006-04-27,105.14,105.59,104.92,105.47
2006-04-28,105.56,105.62,105.22,105.61
2006-05-01,105.62,105.7,105.02,105.05
2006-05-02,105.09,105.3,105.03,105.2
2006-05-03,105.16,105.28,104.88,105
2006-05-04,105.03,105.09,104.83,104.92
2006-05-05,104.95,105.38,104.89,105.3
2006-05-08,105.22,105.3,105.09,105.2
2006-05-09,105.17,105.19,105.03,105.16
2006-05-10,105.09,105.48,104.97,105.11
2006-05-11,105.09,105.2,104.83,104.98
2006-05-12,104.95,105.03,104.62,104.64
2006-05-15,104.61,105.08,104.61,104.92
2006-05-16,104.95,105.31,104.89,105.3
2006-05-17,105.27,105.27,104.77,105.05
2006-05-18,105.02,105.64,104.95,105.59
2006-05-19,105.58,105.81,105.38,105.55
2006-05-22,105.67,106.02,105.66,105.72
2006-05-23,105.75,105.78,105.44,105.78
2006-05-24,105.77,106.09,105.66,105.72
2006-05-25,105.73,105.8,105.45,105.5
2006-05-26,105.53,105.59,105.33,105.56
2006-05-30,105.46,105.5,105.34,105.42
2006-05-31,105.52,105.56,104.97,105.03
2006-06-01,104.98,105.22,104.88,105.17
2006-06-02,105.23,106,105.14,105.97
2006-06-05,105.86,105.91,105.59,105.62
2006-06-06,105.61,105.78,105.45,105.7
2006-06-07,105.78,105.8,105.44,105.61
2006-06-08,105.77,106.11,105.62,105.75
2006-06-09,105.73,105.94,105.64,105.88
2006-06-12,105.86,105.88,105.69,105.84
2006-06-13,105.86,106.09,105.8,105.95
2006-06-14,105.88,105.94,105.23,105.27
2006-06-15,105.28,105.33,104.95,105.02
2006-06-16,104.95,105.22,104.81,104.84
2006-06-19,104.83,104.86,104.67,104.77
2006-06-20,104.8,104.89,104.55,104.64
2006-06-21,104.67,104.73,104.59,104.59
2006-06-22,104.61,104.66,104.23,104.25
2006-06-23,104.28,104.47,104.09,104.12
2006-06-26,104.14,104.2,104.06,104.11
2006-06-27,104.2,104.39,104.12,104.33
2006-06-28,104.31,104.38,104.03,104.06
2006-06-29,104.08,104.47,104.06,104.45
2006-06-30,104.59,104.88,104.25,104.86
2006-07-03,104.76,104.81,104.64,104.8
2006-07-05,104.83,104.84,104.17,104.25
2006-07-06,104.3,104.53,104.22,104.52
2006-07-07,104.48,104.94,104.48,104.84
2006-07-10,104.81,104.92,104.7,104.91
2006-07-11,104.86,105.19,104.84,105.06
2006-07-12,105.05,105.09,104.78,105.06
2006-07-13,105.05,105.3,105.03,105.3
2006-07-14,105.31,105.52,105.23,105.33
2006-07-17,105.44,105.45,105.14,105.34
2006-07-18,105.28,105.31,104.8,104.84
2006-07-19,104.88,105.45,104.56,105.42
2006-07-20,105.39,105.69,105.25,105.61
2006-07-21,105.59,105.81,105.52,105.56
2006-07-24,105.48,105.66,105.41,105.56
2006-07-25,105.52,105.7,105.38,105.44
2006-07-26,105.45,105.73,105.28,105.67
2006-07-27,105.66,105.81,105.55,105.66
2006-07-28,105.62,106.05,105.55,105.98
2006-07-31,105.95,106.06,105.84,106.06
2006-08-01,106,106.09,105.8,106.08
2006-08-02,106.06,106.22,105.92,106.14
2006-08-03,106.23,106.25,105.97,106.14
2006-08-04,106.16,106.7,106.06,106.56
2006-08-07,106.52,106.59,106.33,106.38
2006-08-08,106.36,106.62,106.27,106.44
2006-08-09,106.36,106.39,106.2,106.34
2006-08-10,106.3,106.5,106.12,106.3
2006-08-11,106.33,106.34,106.02,106.03
2006-08-14,105.94,105.94,105.78,105.81
2006-08-15,105.78,106.39,105.75,106.27
2006-08-16,106.25,106.77,106.23,106.75
2006-08-17,106.83,106.94,106.59,106.66
2006-08-18,106.72,106.88,106.59,106.83
2006-08-21,106.86,106.98,106.78,106.97
2006-08-22,106.94,107.08,106.84,106.98
2006-08-23,106.92,106.97,106.73,106.92
2006-08-24,106.94,107.03,106.81,106.95
2006-08-25,107.06,107.09,106.86,107.05
2006-08-28,107.03,107.03,106.84,106.95
2006-08-29,106.89,107.02,106.55,106.98
2006-08-30,106.97,107.22,106.89,107.19
2006-08-31,107.17,107.44,107.12,107.42
2006-09-01,107.41,107.5,107.16,107.48
2006-09-05,107.3,107.31,107.05,107.06
2006-09-06,107.11,107.12,106.77,106.98
2006-09-07,107.03,107.14,106.77,107.06
2006-09-08,107,107.3,106.97,107.14
2006-09-11,107.17,107.22,106.86,106.97
2006-09-12,106.95,107.2,106.8,107.14
2006-09-13,107.19,107.38,107.12,107.25
2006-09-14,107.23,107.36,106.98,107
2006-09-15,106.97,107.3,106.92,106.98
2006-09-18,106.86,106.91,106.56,106.86
2006-09-19,106.8,107.44,106.72,107.41
2006-09-20,107.39,107.56,107.31,107.39
2006-09-21,107.41,108.06,107.31,108.05
2006-09-22,108.08,108.38,108.02,108.36
2006-09-25,108.31,108.72,108.3,108.64
2006-09-26,108.67,108.7,108.33,108.36
2006-09-27,108.3,108.7,108.27,108.31
2006-09-28,108.3,108.38,108.09,108.23
2006-09-29,108.27,108.39,107.89,108.09
2006-10-02,108,108.36,107.92,108.27
2006-10-03,108.25,108.38,108.11,108.22
2006-10-04,108.19,108.67,108.11,108.59
2006-10-05,108.53,108.56,108.19,108.27
2006-10-06,108.28,108.55,107.58,107.61
2006-10-10,107.53,107.58,107.16,107.2
2006-10-11,107.27,107.44,106.92,107.03
2006-10-12,107.05,107.22,107,107.08
2006-10-13,107.11,107.28,106.81,106.89
2006-10-16,106.88,107.08,106.86,107.08
2006-10-17,107.06,107.44,107.02,107.16
2006-10-18,107.12,107.23,106.92,107.19
2006-10-19,107.17,107.2,106.88,107.02
2006-10-20,107.03,107.12,106.94,106.98
2006-10-23,106.97,106.98,106.59,106.72
2006-10-24,106.7,106.8,106.67,106.77
2006-10-25,106.75,107.16,106.66,107.14
2006-10-26,107.19,107.48,107.09,107.48
2006-10-27,107.44,107.81,107.39,107.75
2006-10-30,107.78,107.88,107.67,107.78
2006-10-31,107.77,108.23,107.7,108.23
2006-11-01,108.19,108.59,108.11,108.5
2006-11-02,108.44,108.45,108.22,108.28
2006-11-03,108.31,108.41,107.41,107.47
2006-11-06,107.41,107.58,107.31,107.56
2006-11-07,107.58,108.06,107.55,107.86
2006-11-08,108,108.17,107.83,108.05
2006-11-09,108.08,108.14,107.89,108.09
2006-11-10,108.14,108.38,108.08,108.28
2006-11-13,108.31,108.42,107.94,108.12
2006-11-14,108.02,108.56,107.94,108.36
2006-11-15,108.33,108.47,107.98,108
2006-11-16,108.02,108.42,107.66,107.69
2006-11-17,107.75,108.33,107.73,108.19
2006-11-20,108.3,108.33,108.09,108.2
2006-11-21,108.25,108.39,108.11,108.36
2006-11-22,108.3,108.47,108.27,108.42
2006-11-24,108.45,108.69,108.41,108.5
2006-11-27,108.47,108.64,108.17,108.61
2006-11-28,108.64,108.95,108.5,108.83
2006-11-29,108.8,108.97,108.67,108.69
2006-11-30,108.72,109.14,108.72,109.09
2006-12-01,109.05,109.55,108.95,109.38
2006-12-04,109.31,109.34,109.19,109.28
2006-12-05,109.45,109.64,109.27,109.35
2006-12-06,109.38,109.39,109.09,109.09
2006-12-07,109.11,109.28,109,109.12
2006-12-08,109.11,109.16,108.56,108.62
2006-12-11,108.66,108.91,108.58,108.83
2006-12-12,108.84,109.12,108.75,109.08
2006-12-13,109.11,109.2,108.39,108.44
2006-12-14,108.53,108.59,108.27,108.31
2006-12-15,108.33,108.98,108.22,108.34
2006-12-18,108.39,108.48,108.25,108.41
2006-12-19,108.42,108.59,108.11,108.34
2006-12-20,108.38,108.47,108.27,108.31
2006-12-21,108.36,108.48,108.34,108.47
2006-12-22,108.62,108.62,108.09,108.14
2006-12-26,108.17,108.36,108.11,108.27
2006-12-27,108.25,108.33,107.8,107.86
2006-12-28,107.88,108.02,107.41,107.59
2006-12-29,107.62,107.72,107.38,107.5
2007-01-02,107.53,107.77,107.52,107.59
2007-01-03,107.61,107.94,107.55,107.75
2007-01-04,107.78,108.17,107.7,108.16
2007-01-05,108.17,108.33,107.48,107.88
2007-01-08,107.84,107.86,107.67,107.81
2007-01-09,107.78,107.89,107.69,107.81
2007-01-10,107.8,107.89,107.53,107.69
2007-01-11,107.64,107.67,107.2,107.31
2007-01-12,107.33,107.36,107.03,107.08
2007-01-16,107.16,107.34,107.16,107.23
2007-01-17,107.27,107.38,106.97,106.98
2007-01-18,107.05,107.22,106.77,107.19
2007-01-19,107.17,107.28,106.95,107.03
2007-01-22,106.95,107.2,106.92,107.14
2007-01-23,107.08,107.2,106.83,106.89
2007-01-24,106.91,106.98,106.78,106.88
2007-01-25,106.84,106.92,106.41,106.5
2007-01-26,106.44,106.59,106.25,106.45
2007-01-29,106.47,106.56,106.3,106.36
2007-01-30,106.34,106.5,106.34,106.45
2007-01-31,106.48,106.86,106.28,106.75
2007-02-01,106.78,107.11,106.61,106.67
2007-02-02,106.62,106.92,106.56,106.75
2007-02-05,106.77,106.92,106.75,106.84
2007-02-06,106.86,107.17,106.72,107.12
2007-02-07,107.11,107.33,107.03,107.3
2007-02-08,107.23,107.42,107.16,107.33
2007-02-09,107.3,107.3,106.89,106.98
2007-02-12,106.95,107,106.78,106.86
2007-02-13,106.83,106.95,106.72,106.8
2007-02-14,106.83,107.39,106.8,107.34
2007-02-15,107.27,107.64,107.25,107.52
2007-02-16,107.53,107.8,107.52,107.59
2007-02-20,107.55,107.69,107.42,107.67
2007-02-21,107.66,107.78,107.41,107.59
2007-02-22,107.55,107.58,107.25,107.33
2007-02-23,107.3,107.78,107.28,107.72
2007-02-26,107.73,108.02,107.73,107.98
2007-02-27,107.97,109.22,107.97,108.78
2007-02-28,108.56,108.78,108.39,108.56
2007-03-01,108.67,109,108.42,108.58
2007-03-02,108.58,108.95,108.56,108.91
2007-03-05,109.3,109.34,108.78,108.84
2007-03-06,108.73,108.94,108.66,108.75
2007-03-07,108.81,109.06,108.7,108.95
2007-03-08,108.86,108.97,108.72,108.92
2007-03-09,108.86,108.89,108.23,108.33
2007-03-12,108.36,108.72,108.22,108.61
2007-03-13,108.64,109.14,108.62,109.08
2007-03-14,109.23,109.27,108.81,108.92
2007-03-15,108.81,108.89,108.69,108.83
2007-03-16,108.81,108.89,108.53,108.77
2007-03-19,108.69,108.69,108.5,108.59
2007-03-20,108.58,108.84,108.53,108.73
2007-03-21,108.67,109.06,108.38,108.88
2007-03-22,108.89,108.92,108.45,108.53
2007-03-23,108.55,108.72,108.31,108.34
2007-03-26,108.39,108.72,108.2,108.45
2007-03-27,108.42,108.55,108.33,108.39
2007-03-28,108.48,108.78,108.3,108.38
2007-03-29,108.39,108.39,108.11,108.11
2007-03-30,108.16,108.47,107.91,108.14
2007-04-02,108.16,108.27,108.08,108.16
2007-04-03,108.14,108.17,107.97,108
2007-04-04,107.95,108.28,107.95,108.12
2007-04-05,108.16,108.16,107.91,107.95
2007-04-09,107.42,107.5,107.38,107.44
2007-04-10,107.52,107.69,107.5,107.58
2007-04-11,107.66,107.73,107.44,107.48
2007-04-12,107.52,107.67,107.44,107.48
2007-04-13,107.5,107.58,107.25,107.28
2007-04-16,107.23,107.5,107.19,107.45
2007-04-17,107.47,107.84,107.31,107.8
2007-04-18,107.81,108.09,107.77,108.03
2007-04-19,108.16,108.25,107.91,107.98
2007-04-20,107.92,108.06,107.84,107.98
2007-04-23,108,108.22,107.88,108.12
2007-04-24,108.23,108.42,108.14,108.33
2007-04-25,108.39,108.39,108.09,108.17
2007-04-26,108.12,108.16,107.8,107.91
2007-04-27,107.88,108.09,107.8,107.86
2007-04-30,107.91,108.38,107.91,108.33
2007-05-01,108.38,108.45,108.03,108.22
2007-05-02,108.23,108.31,108.08,108.17
2007-05-03,108.16,108.31,107.83,107.95
2007-05-04,107.97,108.27,107.89,108.19
2007-05-07,108.17,108.3,108.09,108.23
2007-05-08,108.28,108.41,108.23,108.27
2007-05-09,108.22,108.31,107.94,107.95
2007-05-10,107.92,108.19,107.89,108.14
2007-05-11,108.2,108.41,107.92,107.94
2007-05-14,107.95,107.97,107.78,107.84
2007-05-15,107.83,107.95,107.59,107.69
2007-05-16,107.8,107.84,107.64,107.72
2007-05-17,107.73,107.75,107.34,107.36
2007-05-18,107.42,107.48,106.97,107.03
2007-05-21,107.05,107.17,106.94,107.14
2007-05-22,107.12,107.16,106.84,106.88
2007-05-23,106.83,106.92,106.58,106.7
2007-05-24,106.81,106.86,106.42,106.78
2007-05-25,106.83,106.84,106.58,106.66
2007-05-29,106.56,106.7,106.44,106.5
2007-05-30,106.61,106.75,106.45,106.5
2007-05-31,106.53,106.59,106.22,106.39
2007-06-01,106.36,106.5,105.92,105.97
2007-06-04,105.98,106.14,105.94,106.12
2007-06-05,106,106.02,105.64,105.64
2007-06-06,105.66,105.91,105.66,105.86
2007-06-07,105.77,105.77,104.84,104.86
2007-06-08,104.77,105.05,104.19,104.97
2007-06-11,104.81,105,104.72,104.75
2007-06-12,104.75,104.78,103.83,103.86
2007-06-13,103.98,104.39,103.66,104.38
2007-06-14,104.36,104.56,104.06,104.27
2007-06-15,104.2,104.75,104.09,104.7
2007-06-18,104.62,104.84,104.47,104.81
2007-06-19,104.73,105.34,104.73,105.23
2007-06-20,105.22,105.41,104.83,104.95
2007-06-21,104.83,105.06,104.56,104.64
2007-06-22,104.69,105.05,104.52,105.02
2007-06-25,105.11,105.45,105.02,105.41
2007-06-26,105.36,105.52,105.19,105.39
2007-06-27,105.45,105.8,105.31,105.39
2007-06-28,105.36,105.42,105.17,105.23
2007-06-29,105.25,105.78,105.25,105.72
2007-07-02,105.7,106.02,105.66,105.94
2007-07-03,105.91,106.03,105.56,105.64
2007-07-05,105.42,105.45,104.88,104.94
2007-07-06,104.97,105.03,104.55,104.69
2007-07-09,104.64,104.95,104.59,104.92
2007-07-10,104.86,105.77,104.86,105.73
2007-07-11,105.95,106,105.31,105.34
2007-07-12,105.45,105.62,105,105.05
2007-07-13,105.06,105.38,104.97,105.2
2007-07-16,105.36,105.64,105.19,105.61
2007-07-17,105.56,105.62,105.22,105.48
2007-07-18,105.7,105.95,105.42,105.69
2007-07-19,105.62,105.81,105.42,105.73
2007-07-20,105.75,106.47,105.7,106.27
2007-07-23,106.38,106.41,106.09,106.23
2007-07-24,106.33,106.56,106.11,106.55
2007-07-25,106.5,106.67,106.31,106.59
2007-07-26,106.52,107.61,106.48,107.53
2007-07-27,107.48,107.83,107.23,107.56
2007-07-30,107.41,107.69,107.12,107.22
2007-07-31,107.23,107.62,106.83,107.59
2007-08-01,107.88,107.89,107.22,107.23
2007-08-02,107.39,107.48,107.14,107.36
2007-08-03,107.31,108.08,107.31,108.03
2007-08-06,107.97,108.12,107.52,107.58
2007-08-07,107.66,107.92,107.28,107.44
2007-08-08,107.27,107.3,106.66,106.86
2007-08-09,106.88,107.69,106.86,107.5
2007-08-10,107.69,107.94,107.25,107.3
2007-08-13,107.39,107.67,107.11,107.66
2007-08-14,107.61,107.91,107.23,107.88
2007-08-15,108.09,108.34,107.78,108.11
2007-08-16,108.22,109.23,108.19,108.55
2007-08-17,108.81,108.98,108.14,108.53
2007-08-20,108.42,108.95,108.41,108.78
2007-08-21,108.91,109.3,108.73,109.08
2007-08-22,108.84,108.89,108.47,108.61
2007-08-23,108.41,108.89,108.2,108.66
2007-08-24,108.77,108.91,108.56,108.72
2007-08-27,108.62,109.08,108.44,109.06
2007-08-28,109.08,109.69,108.97,109.61
2007-08-29,109.69,109.78,109.22,109.3
2007-08-30,109.48,109.83,109.41,109.78
2007-08-31,109.41,109.75,109.2,109.58
2007-09-04,109.58,109.81,109.34,109.55
2007-09-05,109.67,110.3,109.47,110.25
2007-09-06,110.09,110.3,109.84,109.89
2007-09-07,109.94,111.05,109.91,110.94
2007-09-10,110.55,110.97,110.41,110.75
2007-09-11,110.62,110.72,110.34,110.38
2007-09-12,110.56,110.67,110.08,110.17
2007-09-13,110.27,110.31,109.53,109.77
2007-09-14,109.91,110.23,109.56,109.84
2007-09-17,109.67,110,109.58,109.77
2007-09-18,109.88,110.02,109.39,109.91
2007-09-19,109.77,109.8,109.25,109.53
2007-09-20,109.38,109.41,108.41,108.45
2007-09-21,108.72,108.97,108.64,108.94
2007-09-24,108.75,108.98,108.62,108.91
2007-09-25,109.02,109.39,108.95,109
2007-09-26,109.06,109.12,108.7,109.02
2007-09-27,108.94,109.42,108.8,109.38
2007-09-28,109.36,109.69,109.14,109.25
2007-10-01,109.3,109.56,109.17,109.42
2007-10-02,109.31,109.8,109.17,109.62
2007-10-03,109.58,109.83,109.27,109.38
2007-10-04,109.36,109.67,109.23,109.66
2007-10-05,109.64,109.66,108.67,108.81
2007-10-09,108.8,108.98,108.56,108.62
2007-10-10,108.61,108.89,108.47,108.69
2007-10-11,108.67,108.83,108.31,108.8
2007-10-12,108.78,108.84,108.39,108.47
2007-10-15,108.42,108.64,108.2,108.56
2007-10-16,108.58,108.92,108.5,108.86
2007-10-17,108.95,109.67,108.8,109.52
2007-10-18,109.44,109.94,109.41,109.92
2007-10-19,110.16,110.75,109.92,110.67
2007-10-22,110.69,110.84,110.22,110.39
2007-10-23,110.31,110.62,110.19,110.5
2007-10-24,110.69,111.19,110.61,110.97
2007-10-25,111.02,111.06,110.66,110.67
2007-10-26,110.69,110.89,110.44,110.52
2007-10-29,110.58,110.78,110.36,110.66
2007-10-30,110.58,110.7,110.48,110.66
2007-10-31,110.64,110.67,109.95,110.02
2007-11-01,109.8,110.98,109.75,110.8
2007-11-02,110.92,111.42,110.45,111.08
2007-11-05,111.12,111.45,110.91,110.98
2007-11-06,110.97,111.19,110.72,110.77
2007-11-07,110.92,111.28,110.83,111.27
2007-11-08,111.48,111.7,111.12,111.55
2007-11-09,111.44,112.03,111.39,111.98
2007-11-13,111.94,111.97,111.59,111.62
2007-11-14,111.42,111.72,111.28,111.7
2007-11-15,111.69,112.44,111.56,112.44
2007-11-16,112.41,112.61,112.19,112.33
2007-11-19,112.31,113.3,112.25,113.03
2007-11-20,112.83,113.3,112.64,112.84
2007-11-21,113.48,113.72,113.27,113.47
2007-11-23,113.48,113.62,113.19,113.5
2007-11-26,113.11,114.94,113.06,114.75
2007-11-27,114.2,114.7,113.47,113.89
2007-11-28,113.92,113.92,113.25,113.36
2007-11-29,113.28,114.3,113.28,114.06
2007-11-30,113.95,114.25,113.41,114.09
2007-12-03,114.14,114.84,114,114.83
2007-12-04,114.69,115.02,114.44,114.7
2007-12-05,114.48,114.84,114.19,114.45
2007-12-06,113.42,113.67,113.19,113.31
2007-12-07,113.45,113.45,112.38,112.58
2007-12-10,112.91,112.92,112.17,112.28
2007-12-11,112.38,113.89,112.31,113.72
2007-12-12,113.48,113.53,111.98,112.86
2007-12-13,112.97,113.05,112.11,112.14
2007-12-14,112.2,112.34,111.75,111.92
2007-12-17,112.11,112.67,111.98,112.62
2007-12-18,112.5,113.03,112.31,112.81
2007-12-19,112.83,113.64,112.52,113.52
2007-12-20,113.36,113.8,113.17,113.38
2007-12-21,113.2,113.38,112.38,112.41
2007-12-24,112.38,112.45,112.03,112.09
2007-12-26,112.11,112.28,111.52,111.58
2007-12-27,111.78,112.33,111.73,112.22
2007-12-28,112.45,113.28,112.38,113.03
2007-12-31,113.06,113.55,113.05,113.47
2008-01-02,113.28,114.48,113.06,114.31
2008-01-03,114.3,114.58,113.94,114.39
2008-01-04,114.3,115.2,114.27,114.86
2008-01-07,114.8,115.25,114.69,115.19
2008-01-08,114.98,115.18,114.7,115.16
2008-01-09,115.36,115.7,115.12,115.17
2008-01-10,115.23,115.44,114.77,114.88
2008-01-11,115.23,115.56,114.8,115.48
2008-01-14,115.56,115.77,115.34,115.59
2008-01-15,115.73,116.34,115.61,116.28
2008-01-16,116.55,116.59,115.8,115.89
2008-01-17,115.84,116.81,115.75,116.73
2008-01-18,116.48,116.61,116.25,116.59
2008-01-22,117.61,118.52,117.06,118.16
2008-01-23,118.08,119.06,117.24,117.3
2008-01-24,117.09,117.17,116.03,116.05
2008-01-25,116.16,117.23,115.8,117.14
2008-01-28,117.42,117.44,116.77,117.02
2008-01-29,117,117.03,116.22,116.28
2008-01-30,116.62,116.8,115.81,116.41
2008-01-31,116.67,117.3,116.52,117.06
2008-02-01,117,117.56,116.52,117.12
2008-02-04,116.86,117.02,116.59,116.84
2008-02-05,116.81,117.78,116.72,117.56
2008-02-06,117.73,117.8,117.17,117.27
2008-02-07,117.47,117.78,115.97,116.19
2008-02-08,116.45,117.2,116.31,117.19
2008-02-11,117.25,117.62,116.88,117.36
2008-02-12,117.31,117.45,116.52,117.06
2008-02-13,117.22,117.25,116.62,116.77
2008-02-14,116.66,116.95,115.98,116.34
2008-02-15,116.27,116.7,116.08,116.47
2008-02-19,115.91,116.28,115.34,115.41
2008-02-20,115.75,115.89,115.11,115.47
2008-02-21,115.45,116.73,115.28,116.59
2008-02-22,116.53,116.95,116.25,116.33
2008-02-25,116.3,116.36,115.47,115.58
2008-02-26,115.69,116.09,115.33,116.02
2008-02-27,116.03,116.73,115.69,115.95
2008-02-28,116.27,117.55,116.12,117.52
2008-02-29,117.67,118.8,117.64,118.78
2008-03-03,118.78,118.84,118.27,118.58
2008-03-04,118.38,119.11,118.16,118.28
2008-03-05,118.47,118.66,117.8,117.92
2008-03-06,116.58,117.12,116.31,116.98
2008-03-07,117.28,117.86,116.73,117.61
2008-03-10,117.75,118.36,117.5,118.08
2008-03-11,117.83,117.91,116.67,116.89
2008-03-12,117.12,118.3,116.73,117.91
2008-03-13,118.45,118.66,117.58,117.81
2008-03-14,118.11,119.36,117.86,118.91
2008-03-17,119.58,119.95,119.17,119.83
2008-03-18,119.53,119.66,118.72,118.72
2008-03-19,119.16,119.83,118.72,119.73
2008-03-20,119.73,119.95,119.44,119.66
2008-03-24,119.45,119.45,117.86,117.95
2008-03-25,118.3,118.69,118.09,118.39
2008-03-26,118.36,118.94,118.34,118.89
2008-03-27,118.69,118.94,118.09,118.36
2008-03-28,118.27,118.92,118.08,118.83
2008-03-31,118.84,119.33,118.73,119.05
2008-04-01,119.02,119.02,117.41,117.59
2008-04-02,117.58,117.77,117.12,117.36
2008-04-03,117.38,117.97,117.23,117.53
2008-04-04,117.47,118.52,117.45,118.39
2008-04-07,118.03,118.05,117.03,117.56
2008-04-08,117.7,117.94,117.36,117.39
2008-04-09,117.5,118.41,117.39,118.06
2008-04-10,118.27,118.44,117.33,117.45
2008-04-11,117.39,118.44,117.38,118.22
2008-04-14,118.34,118.64,117.78,117.86
2008-04-15,117.92,118.22,117.2,117.22
2008-04-16,117.27,117.47,116.45,116.61
2008-04-17,116.58,116.78,116.08,116.33
2008-04-18,116.42,116.48,115.27,116.31
2008-04-21,116.03,116.5,115.91,116.25
2008-04-22,116.42,116.55,115.95,116.36
2008-04-23,116.2,116.5,115.84,116.05
2008-04-24,116,116.22,115.05,115.39
2008-04-25,115.06,115.44,114.64,115
2008-04-28,115.09,115.45,114.86,115.38
2008-04-29,115.3,115.78,115.27,115.36
2008-04-30,115.42,116.02,115.02,116.02
2008-05-01,116,116.34,115.53,115.59
2008-05-02,115.61,116.03,114.66,114.86
2008-05-05,115.14,115.28,114.69,114.89
2008-05-06,114.95,115.47,114.61,114.67
2008-05-07,114.69,115.3,114.47,115.25
2008-05-08,115.27,116.03,115.11,115.98
2008-05-09,116.11,116.39,115.86,116.06
2008-05-12,116.05,116.34,115.78,115.84
2008-05-13,115.83,116.19,114.84,114.88
2008-05-14,114.81,115.2,114.33,114.8
2008-05-15,114.75,115.47,114.39,115.44
2008-05-16,115.25,115.8,114.84,115.28
2008-05-19,115.23,115.59,114.97,115.44
2008-05-20,115.44,116,115.3,115.95
2008-05-21,116.03,116.05,115.45,115.67
2008-05-22,115.61,115.62,114.5,114.78
2008-05-23,114.59,115.56,114.48,115.45
2008-05-27,115.2,115.38,114.67,114.81
2008-05-28,114.92,114.97,113.94,114.09
2008-05-29,113.95,113.95,113.14,113.7
2008-05-30,113.94,114.2,113.8,113.84
2008-06-02,113.88,115,113.86,114.89
2008-06-03,115.23,115.81,114.45,115.66
2008-06-04,115.59,116,115.08,115.17
2008-06-05,115.16,115.36,114.52,114.58
2008-06-06,114.61,115.69,114.5,115.56
2008-06-09,114.03,114.42,112.95,113.19
2008-06-10,112.53,113.11,112.16,112.17
2008-06-11,112.06,113.09,112.06,112.56
2008-06-12,112.45,112.48,111.27,111.39
2008-06-13,111.34,111.92,111.03,111.2
2008-06-16,111.33,111.67,111.16,111.2
2008-06-17,111.64,112,111.42,111.86
2008-06-18,111.83,112.58,111.64,112.53
2008-06-19,112.38,112.75,111.73,111.8
2008-06-20,111.95,112.66,111.89,112.28
2008-06-23,112.25,112.62,112.12,112.22
2008-06-24,112.2,113.11,112.12,113.06
2008-06-25,112.86,112.98,112.12,112.91
2008-06-26,112.84,113.8,112.66,113.66
2008-06-27,113.7,114.19,113.52,114
2008-06-30,114.14,114.17,113.59,114.03
2008-07-01,113.86,114.58,113.72,113.83
2008-07-02,113.98,114.27,113.53,114.14
2008-07-03,114.16,114.52,113.88,114.31
2008-07-07,114.45,115.45,114.19,114.98
2008-07-08,115.09,115.36,114.78,115.19
2008-07-09,115.22,115.75,114.86,115.69
2008-07-10,115.62,115.86,115.31,115.69
2008-07-11,115.38,115.78,114.2,114.39
2008-07-14,114.03,115.39,113.81,115.09
2008-07-15,115.06,116.03,115.06,115.55
2008-07-16,115.58,115.77,114.64,114.81
2008-07-17,114.86,114.89,113.75,114.27
2008-07-18,114.41,114.45,113.44,114.42
2008-07-21,113.47,113.89,113.33,113.47
2008-07-22,113.86,114.28,113.27,113.34
2008-07-23,113.3,113.3,112.86,113.23
2008-07-24,113.33,114.27,113.22,114.2
2008-07-25,114.42,114.48,113.39,113.5
2008-07-28,113.66,114.45,113.5,114.38
2008-07-29,114.25,114.45,113.69,114.06
2008-07-30,114.17,114.41,113.52,114.14
2008-07-31,114.19,115.12,113.98,115.05
2008-08-01,115,115.3,114.59,115.17
2008-08-04,115.11,115.31,114.78,114.91
2008-08-05,114.95,115.02,114.52,114.59
2008-08-06,114.69,114.91,114.08,114.48
2008-08-07,114.56,115.75,114.53,115.67
2008-08-08,115.62,115.78,115.28,115.47
2008-08-11,115.56,115.62,114.53,114.92
2008-08-12,115.02,115.83,115.02,115.8
2008-08-13,115.73,116.02,115.25,115.48
2008-08-14,115.5,115.95,115.22,115.83
2008-08-15,115.7,116.44,115.66,116.19
2008-08-18,116.14,116.48,116.03,116.41
2008-08-19,116.47,116.67,116.16,116.33
2008-08-20,116.22,116.84,116.09,116.61
2008-08-21,116.77,116.86,116.14,116.34
2008-08-22,116.2,116.3,115.77,116
2008-08-25,116.2,117.05,116.2,116.88
2008-08-26,116.81,117.02,116.53,116.81
2008-08-27,116.83,117.09,116.31,117.06
2008-08-28,116.92,117,116.52,116.92
2008-08-29,116.8,117.08,116.25,116.58
2008-09-02,116.81,117.45,116.2,117.38
2008-09-03,117.31,117.75,117.3,117.58
2008-09-04,117.48,118.09,117.36,118.03
2008-09-05,118.14,118.73,117.28,117.28
2008-09-08,115.91,117.53,115.91,117.39
2008-09-09,116.28,117.09,115.86,116.94
2008-09-10,116.73,117.17,116.17,116.64
2008-09-11,116.67,117.33,116.42,116.5
2008-09-12,116.34,116.88,115.83,116.05
2008-09-15,117.69,118.58,117.55,118.56
2008-09-16,118.73,119.36,117.64,117.8
2008-09-17,117.44,119.06,117.44,118.52
2008-09-18,118.74,118.86,117.61,117.69
2008-09-19,117.06,117.22,115.12,115.31
2008-09-22,115.55,115.58,114.53,115.03
2008-09-23,115.09,115.47,114.59,114.98
2008-09-24,114.95,115.66,114.89,114.91
2008-09-25,114.83,115.16,114.08,114.39
2008-09-26,114.83,115.08,114.48,114.48
2008-09-29,114.8,117.23,114.75,116.58
2008-09-30,116.38,116.41,114.44,114.75
2008-10-01,114.8,115.97,114.8,115.28
2008-10-02,115.52,115.73,115.22,115.69
2008-10-03,115.59,116.38,114.75,116.17
2008-10-06,116.91,118.03,116.52,117.53
2008-10-07,117.08,117.56,116.59,117.22
2008-10-08,117.91,118.05,114.28,115.06
2008-10-09,114.61,114.83,113.5,114.09
2008-10-10,114.11,114.47,112.8,113.75
2008-10-13,112.8,113,112.2,112.27
2008-10-14,112.31,112.81,111.58,111.69
2008-10-15,111.95,112.48,111.52,112.39
2008-10-16,112.44,112.77,111.41,112.08
2008-10-17,112.27,112.89,111.48,111.86
2008-10-20,111.81,113.31,111.59,113.3
2008-10-21,113.22,114.53,113.12,114.33
2008-10-22,114.66,115.34,114.22,115.23
2008-10-23,115.05,115.97,114.7,115.08
2008-10-24,115.52,116.5,114.91,115.34
2008-10-27,115.62,115.95,114.73,115.28
2008-10-28,114.34,115.45,114.12,114.34
2008-10-29,114.48,115.16,113.86,114.06
2008-10-30,113.8,113.94,113.34,113.39
2008-10-31,114.02,114.67,113.06,113.08
2008-11-03,112.89,113.89,112.89,113.86
2008-11-04,113.8,115.42,113.38,115.41
2008-11-05,115,115.75,114.73,115.36
2008-11-06,115.45,115.95,114.75,115.58
2008-11-07,115.5,115.89,114.83,115
2008-11-10,114.61,115.72,114.42,115.45
2008-11-11,115.84,116.16,115.53,115.73
2008-11-12,115.77,116.89,115.62,116.83
2008-11-13,116.7,117.23,115.98,116.08
2008-11-14,116.36,117.5,116.17,117.19
2008-11-17,117.16,117.67,116.95,117.64
2008-11-18,117.69,118.62,117.59,118.38
2008-11-19,118.77,119.58,118.5,119.58
2008-11-20,119.88,121.67,119.64,121.44
2008-11-21,120.31,120.66,119.91,120.12
2008-11-24,119.98,120.36,119.23,119.48
2008-11-25,119.67,121.75,119.67,121.2
2008-11-26,121.55,122.61,121.28,122.3
2008-11-28,122.73,123.11,122.61,122.88
2008-12-01,123.16,125.69,123.03,124.84
2008-12-02,125.3,125.72,124.48,125.39
2008-12-03,125,126.2,124.84,126.03
2008-12-04,126.28,126.95,125.77,126.64
2008-12-05,126.47,127.06,125.3,125.38
2008-12-08,122.64,123.27,121.89,122.88
2008-12-09,122.94,123.69,122.31,123.62
2008-12-10,123.19,123.28,122.11,122.72
2008-12-11,122.91,124.28,122.73,124.12
2008-12-12,125.03,125.2,122.81,124.48
2008-12-15,124.17,125.23,124.06,124.91
2008-12-16,125.08,127.12,124.69,126.88
2008-12-17,126.84,128.39,126.83,127.59
2008-12-18,127.42,128.7,127.34,127.98
2008-12-19,127.89,128.23,127.12,127.19
2008-12-22,126.86,127.44,126.64,126.66
2008-12-23,126.84,127.25,126.59,127
2008-12-24,127.23,127.34,126.42,126.52
2008-12-26,126.94,127.33,126.73,127.22
2008-12-29,127.31,128.31,127.27,127.64
2008-12-30,127.84,127.98,126.89,127.61
2008-12-31,127.44,127.52,125.69,125.92
2009-01-02,126.31,126.75,124.25,124.59
2009-01-05,124.56,124.78,123.62,124.39
2009-01-06,124.16,124.88,123.3,124.88
2009-01-07,124.53,124.86,124.03,124.47
2009-01-08,124.64,125.67,124.3,125.27
2009-01-09,125.38,126.33,125,125.67
2009-01-12,125.64,126.34,125.11,126.22
2009-01-13,126.11,126.34,125.75,126.31
2009-01-14,126,127.48,125.81,127.09
2009-01-15,127.28,127.52,126.73,126.89
2009-01-16,126.34,126.86,125.44,126.09
2009-01-20,125.61,126.41,124.62,126.02
2009-01-21,125.61,125.89,124.58,124.66
2009-01-22,124.62,125.05,123.77,124.19
2009-01-23,124.38,124.75,123.33,123.83
2009-01-26,123.97,123.98,123.19,123.55
2009-01-27,123.47,124.73,123.36,124.61
2009-01-28,124.42,124.92,123.61,123.88
2009-01-29,123.69,124.05,122.34,122.5
2009-01-30,122.73,123.55,122.56,122.66
2009-02-02,123.05,123.91,122.7,123.64
2009-02-03,123.58,123.58,122.17,122.2
2009-02-04,122.36,122.53,121.55,122.03
2009-02-05,122.19,122.75,121.91,122.2
2009-02-06,122.38,122.58,121.59,121.72
2009-02-09,121.92,121.97,121.31,121.72
2009-02-10,121.8,123.42,121.78,123.39
2009-02-11,123.27,123.94,123.08,123.77
2009-02-12,123.84,124.33,123.58,123.72
2009-02-13,123.7,123.77,122.55,122.84
2009-02-17,123.62,124.67,123.52,124.53
2009-02-18,124.44,124.77,123.28,123.44
2009-02-19,123.58,123.58,122.25,122.48
2009-02-20,122.88,124.16,122.77,123.12
2009-02-23,122.95,123.31,122.39,123.3
2009-02-24,123.09,123.77,122.73,122.89
2009-02-25,122.72,123.06,121.55,121.8
2009-02-26,121.94,122.03,121.09,121.64
2009-02-27,121.58,122.5,121.42,121.97
2009-03-02,122.31,123.41,122.25,123.3
2009-03-03,123,123.41,122.58,123.19
2009-03-04,122.7,122.7,121.77,122.17
2009-03-05,122.23,123.7,121.94,123.52
2009-03-06,123.33,124.06,123.06,123.09
2009-03-09,123.2,123.47,122.59,123.28
2009-03-10,121.38,121.39,120.66,120.7
2009-03-11,120.83,121.62,120.45,121.42
2009-03-12,121.66,122.39,121.42,121.98
2009-03-13,121.75,122.36,121.12,121.98
2009-03-16,121.86,121.86,121.25,121.48
2009-03-17,121.33,121.86,120.83,120.88
2009-03-18,121.03,125.94,120.84,124.94
2009-03-19,125.16,125.5,124.45,124.5
2009-03-20,124.81,124.97,124.39,124.55
2009-03-23,124.42,124.84,124.11,124.25
2009-03-24,124.25,124.3,123.48,123.78
2009-03-25,123.8,123.91,122.89,123
2009-03-26,122.97,123.78,122.75,123.59
2009-03-27,123.59,123.94,123.16,123.36
2009-03-30,123.7,124.17,123.48,123.77
2009-03-31,123.72,124.22,123.52,124.2
2009-04-01,124.11,124.41,123.92,124.27
2009-04-02,124.03,124.41,123.17,123.45
2009-04-03,123.27,123.28,121.95,122.16
2009-04-06,122,122.44,121.83,121.97
2009-04-07,122.17,122.42,122.03,122.23
2009-04-08,122.47,122.84,122.27,122.7
2009-04-09,122.44,122.73,121.94,122.36
2009-04-13,122.48,123.28,122.23,123.05
2009-04-14,122.98,123.7,122.88,123.59
2009-04-15,123.7,123.86,123.28,123.72
2009-04-16,123.61,123.62,123.05,123.16
2009-04-17,123.19,123.31,122.08,122.16
2009-04-20,122.3,123.19,122.3,123.05
2009-04-21,123.08,123.45,122.31,122.41
2009-04-22,122.59,122.62,121.86,122.03
2009-04-23,122.16,122.16,121.53,122.09
2009-04-24,122.08,122.12,121.42,121.59
2009-04-27,121.97,122.33,121.66,122.3
2009-04-28,122.44,122.7,121.53,121.66
2009-04-29,121.69,121.95,120.52,121
2009-04-30,121.12,121.14,120.55,120.97
2009-05-01,121.08,121.09,120.47,120.84
2009-05-04,120.69,121.05,120.55,120.91
2009-05-05,120.83,121.11,120.56,120.89
2009-05-06,121.16,121.36,120.61,121.08
2009-05-07,120.97,120.97,119.91,120.02
2009-05-08,120.08,120.64,119.7,120.41
2009-05-11,120.58,121.38,120.56,121.34
2009-05-12,121.28,121.47,120.88,121.25
2009-05-13,121.02,121.91,120.95,121.69
2009-05-14,121.8,122,121.5,121.77
2009-05-15,121.72,121.91,121.19,121.42
2009-05-18,121.55,121.75,120.58,120.64
2009-05-19,120.7,120.83,120.34,120.66
2009-05-20,120.61,121.17,120.39,121.03
2009-05-21,120.89,121.34,119.72,119.77
2009-05-22,119.97,120.11,119.09,119.27
2009-05-26,119.22,119.58,118.3,118.33
2009-05-27,118.44,118.69,117.14,117.23
2009-05-28,117.38,118.02,117.03,117.83
2009-05-29,117.81,118.73,117.62,118.61
2009-06-01,118.3,118.41,116.88,117.19
2009-06-02,117.33,117.61,116.84,117.36
2009-06-03,117.31,118.03,117.14,117.92
2009-06-04,117.78,117.78,116.53,116.64
2009-06-05,116.58,116.61,115.05,115.23
2009-06-08,113.14,113.81,113,113.17
2009-06-09,113.53,113.86,113.41,113.66
2009-06-10,113.52,113.7,113.05,113.3
2009-06-11,113.41,114.33,112.81,113.97
2009-06-12,114.03,114.61,114.02,114.3
2009-06-15,114.38,114.89,114.38,114.75
2009-06-16,114.97,115.23,114.3,115.19
2009-06-17,114.95,115.77,114.8,115.16
2009-06-18,115.09,115.19,113.88,113.92
2009-06-19,114.08,114.53,113.64,114.47
2009-06-22,114.38,115.25,114.27,115.19
2009-06-23,115.3,115.58,114.84,115.53
2009-06-24,115.38,116.08,115,115.05
2009-06-25,114.89,116.33,114.83,116.22
2009-06-26,116.09,116.5,115.83,116.31
2009-06-29,116.28,116.7,116.27,116.53
2009-06-30,116.3,116.59,115.78,116.17
2009-07-01,116.13,116.33,116,116.22
2009-07-02,116.27,117.05,116.16,116.81
2009-07-06,116.94,116.97,116.66,116.81
2009-07-07,116.72,117.36,116.55,117.28
2009-07-08,117.5,118.72,117.33,118.5
2009-07-09,118.3,118.33,117.72,117.86
2009-07-10,118.14,118.98,118.14,118.66
2009-07-13,118.78,119,118.2,118.27
2009-07-14,118.09,118.23,117.53,117.59
2009-07-15,117.69,117.78,116.45,116.61
2009-07-16,116.94,117.41,116.7,116.94
2009-07-17,117.09,117.27,116.28,116.41
2009-07-20,116.16,117.11,115.84,116.81
2009-07-21,117.02,118.02,116.45,117.69
2009-07-22,117.55,117.91,117.14,117.3
2009-07-23,117.33,117.48,115.98,116.36
2009-07-24,116.41,116.45,116.03,116.45
2009-07-27,116.22,116.25,115.61,115.97
2009-07-28,115.89,116.7,115.78,116.09
2009-07-29,116.2,116.48,115.52,116.03
2009-07-30,115.83,116.42,115.55,116.39
2009-07-31,116.22,117.44,116.19,117.39
2009-08-03,117,117.11,115.89,116.25
2009-08-04,116.27,116.59,115.67,115.95
2009-08-05,116.08,116.45,115.47,115.56
2009-08-06,115.66,116,115.34,115.7
2009-08-07,115.62,115.86,114.67,114.95
2009-08-10,114.7,115.7,114.7,115.58
2009-08-11,115.47,116.23,115.36,116.2
2009-08-12,116.23,116.55,115.55,116.11
2009-08-13,116.09,117.09,115.66,116.89
2009-08-14,116.91,117.8,116.89,117.19
2009-08-17,117.61,117.95,117.52,117.81
2009-08-18,117.58,117.88,117.47,117.59
2009-08-19,117.56,117.73,117.49,117.6
2009-08-20,117.69,118.22,117.61,118.12
2009-08-21,118.34,118.42,117.05,117.06
2009-08-24,117,117.7,116.83,117.67
2009-08-25,117.73,117.97,117.36,117.95
2009-08-26,117.83,118.14,117.75,118.03
2009-08-27,118.11,118.2,117.48,117.88
2009-08-28,117.91,118.19,117.44,118.09
2009-08-31,118.28,118.61,118.11,118.55
2009-09-01,118.42,119.06,118.14,118.92
2009-09-02,118.86,119.48,118.78,119.34
2009-09-03,119.16,119.2,118.91,118.97
2009-09-04,118.88,119.02,118.31,118.41
2009-09-08,117.19,117.38,116.89,116.91
2009-09-09,117.03,117.12,116.61,116.98
2009-09-10,116.86,117.98,116.8,117.83
2009-09-11,117.77,118.5,117.72,117.97
2009-09-14,118.11,118.14,117.41,117.42
2009-09-15,117.41,117.58,116.91,117.22
2009-09-16,117.25,117.72,116.69,116.86
2009-09-17,116.92,117.52,116.64,117.47
2009-09-18,117.47,117.61,116.72,116.89
2009-09-21,116.84,117.41,116.77,116.89
2009-09-22,116.89,117.2,116.59,117.14
2009-09-23,117.05,117.5,116.64,117.42
2009-09-24,117.48,117.92,117.28,117.75
2009-09-25,117.7,118.11,117.53,118.03
2009-09-28,118.16,118.31,117.88,118.28
2009-09-29,118.11,118.36,117.8,118.31
2009-09-30,118.17,118.5,118.06,118.33
2009-10-01,118.31,119.41,118.22,119.34
2009-10-02,119.53,119.89,119.11,119.2
2009-10-05,119.17,119.52,119.12,119.22
2009-10-06,119.17,119.3,118.91,119.06
2009-10-07,119.09,119.77,119,119.64
2009-10-08,119.56,119.73,119.09,119.2
2009-10-09,119.06,119.27,118.11,118.28
2009-10-13,118.55,119.03,118.48,118.73
2009-10-14,118.69,118.7,118.03,118.16
2009-10-15,118.16,118.31,117.72,117.78
2009-10-16,117.75,118.23,117.69,118.19
2009-10-19,118.14,118.34,117.83,118.23
2009-10-20,118.16,118.83,118.09,118.61
2009-10-21,118.69,118.69,117.91,118.16
2009-10-22,118.08,118.28,117.72,117.97
2009-10-23,117.77,117.77,117.39,117.42
2009-10-26,117.34,117.56,116.89,117.08
2009-10-27,117.17,117.98,117.05,117.92
2009-10-28,117.83,118.44,117.81,118.25
2009-10-29,118.38,118.39,117.47,117.72
2009-10-30,117.86,118.69,117.81,118.61
2009-11-02,118.52,118.73,118.3,118.45
2009-11-03,118.5,118.86,118.02,118.17
2009-11-04,118.16,118.2,117.56,117.92
2009-11-05,118.02,118.2,117.78,118.11
2009-11-06,118.09,118.67,118.06,118.44
2009-11-09,118.28,118.7,118.22,118.56
2009-11-10,118.59,118.88,118.42,118.61
2009-11-12,118.91,119.08,118.38,118.92
2009-11-13,118.94,119.06,118.75,119
2009-11-16,118.97,119.72,118.94,119.56
2009-11-17,119.58,119.83,119.33,119.75
2009-11-18,119.72,119.8,119.38,119.44
2009-11-19,119.52,119.89,119.38,119.72
2009-11-20,119.77,119.97,119.45,119.48
2009-11-23,119.47,119.67,119.14,119.67
2009-11-24,119.88,120.23,119.67,120.2
2009-11-25,120.11,120.61,119.91,120.55
2009-11-26,120.55,121.23,120.53,121.12
2009-11-27,121.27,121.66,120.86,121.09
2009-11-30,120.86,121.22,120.86,121.17
2009-12-01,121.19,121.19,120.73,120.77
2009-12-02,120.69,120.89,120.42,120.5
2009-12-03,120.31,120.33,119.8,120.08
2009-12-04,120.06,120.22,118.95,119.23
2009-12-07,117.94,118.36,117.86,118.3
2009-12-08,118.39,119,118.33,118.78
2009-12-09,118.73,118.95,118.47,118.53
2009-12-10,118.64,118.66,117.81,118.06
2009-12-11,118.02,118.03,117.44,117.59
2009-12-14,117.61,117.84,117.48,117.5
2009-12-15,117.58,117.67,117,117.27
2009-12-16,117.33,117.61,117.09,117.22
2009-12-17,117.44,118.14,117.44,118.09
2009-12-18,118.06,118.17,117.56,117.61
2009-12-21,117.66,117.7,116.53,116.67
2009-12-22,116.33,116.5,116.12,116.16
2009-12-23,116.05,116.53,116,116.11
2009-12-24,116.11,116.23,115.66,115.69
2009-12-28,115.53,115.72,115.33,115.47
2009-12-29,115.39,115.75,115.3,115.69
2009-12-30,115.78,115.84,115.58,115.78
2009-12-31,115.67,115.72,114.92,115.23
2010-01-04,115.05,115.73,114.98,115.64
2010-01-05,115.83,116.25,115.64,116.11
2010-01-06,116.03,116.17,115.64,115.83
2010-01-07,115.8,116.03,115.58,115.77
2010-01-08,115.64,116.3,115.59,115.83
2010-01-11,115.78,116.17,115.75,116.03
2010-01-12,116.19,116.83,116.14,116.75
2010-01-13,116.67,116.75,116.27,116.28
2010-01-14,116.34,116.94,116.33,116.69
2010-01-15,116.89,117.44,116.81,117.27
2010-01-19,117.33,117.52,116.95,117.14
2010-01-20,117.28,117.61,117.27,117.42
2010-01-21,117.3,117.92,117.17,117.88
2010-01-22,118,118.03,117.72,117.92
2010-01-25,117.72,117.86,117.56,117.72
2010-01-26,118.12,118.22,117.72,117.89
2010-01-27,117.83,118.28,117.58,117.59
2010-01-28,117.44,117.88,117.34,117.81
2010-01-29,117.97,118.38,117.38,118.33
2010-02-01,118.11,118.16,117.73,117.84
2010-02-02,117.81,118.05,117.66,118
2010-02-03,117.94,117.97,117.49,117.5
2010-02-04,117.53,118.36,117.49,118.2
2010-02-05,118.22,118.91,118.03,118.7
2010-02-08,118.72,118.72,118.41,118.7
2010-02-09,118.69,118.69,118.1,118.14
2010-02-10,118.13,118.41,117.74,117.86
2010-02-11,117.88,118,117.49,117.77
2010-02-12,117.75,118.2,117.72,118.06
2010-02-15,118.05,118.08,117.85,118
2010-02-16,117.99,118.38,117.78,118.27
2010-02-17,118.25,118.27,117.5,117.61
2010-02-18,117.63,117.83,117,117.08
2010-02-19,116.99,117.33,116.86,117.22
2010-02-22,117.16,117.25,117.02,117.17
2010-02-23,117.14,118.13,117.1,118.03
2010-02-24,118.02,118.3,117.85,118.07
2010-02-25,116.72,117.26,116.7,117.17
2010-02-26,117.13,117.49,117.06,117.29
2010-03-01,117.18,117.46,117.13,117.35
2010-03-02,117.34,117.43,117.04,117.42
2010-03-03,117.41,117.45,117.1,117.4
2010-03-04,117.38,117.65,117.17,117.48
2010-03-05,117.47,117.59,116.77,117.04
2010-03-08,116.99,117.01,116.7,116.77
2010-03-09,116.79,117.18,116.79,117.04
2010-03-10,117.01,117.1,116.67,116.81
2010-03-11,116.79,116.9,116.54,116.67
2010-03-12,116.65,116.99,116.24,116.85
2010-03-15,116.84,116.95,116.63,116.88
2010-03-16,116.9,117.4,116.73,117.32
2010-03-17,117.34,117.46,117.18,117.35
2010-03-18,117.36,117.51,116.99,117.02
2010-03-19,117.01,117.21,116.76,116.88
2010-03-22,116.92,117.32,116.85,117.27
2010-03-23,117.23,117.43,117.18,117.21
2010-03-24,117.23,117.26,115.88,115.92
2010-03-25,115.96,116.12,115.27,115.7
2010-03-26,115.76,116.01,115.48,115.98
2010-03-29,115.9,116.04,115.67,115.87
2010-03-30,115.85,115.99,115.62,115.96
2010-03-31,115.95,116.34,115.87,116.18
2010-04-01,116.15,116.21,115.79,115.96
2010-04-02,115.95,116.2,115.29,115.29
2010-04-05,115.3,115.38,114.84,114.98
2010-04-06,115.01,115.45,115.01,115.34
2010-04-07,115.31,116.02,115.27,116.01
2010-04-08,115.99,116.24,115.74,115.76
2010-04-09,115.77,115.96,115.56,115.92
2010-04-12,115.79,116.38,115.59,116.24
2010-04-13,116.23,116.65,116.21,116.43
2010-04-14,116.42,116.63,116.17,116.18
2010-04-15,116.2,116.54,116.06,116.46
2010-04-16,116.47,117.23,116.45,117.04
2010-04-19,117.17,117.37,116.76,116.77
2010-04-20,116.82,116.87,116.56,116.68
2010-04-21,116.71,117.15,116.59,117.12
2010-04-22,117.15,117.38,116.71,116.76
2010-04-23,116.82,116.93,116.29,116.46
2010-04-26,116.48,116.73,116.29,116.6
2010-04-27,116.59,117.81,116.57,117.65
2010-04-28,117.67,117.9,116.93,117.04
2010-04-29,117.06,117.42,116.9,117.38
2010-04-30,117.4,117.95,117.24,117.88
2010-05-03,117.77,117.77,117.42,117.59
2010-05-04,117.56,118.27,117.51,118.2
2010-05-05,118.17,119.09,118.04,118.73
2010-05-06,118.71,120.99,118.35,119.83
2010-05-07,119.84,120.6,118.89,119.7
2010-05-10,119.27,119.27,118.35,118.85
2010-05-11,118.87,119.52,118.68,119.09
2010-05-12,119.12,119.37,118.67,118.71
2010-05-13,118.73,119.07,118.46,119.07
2010-05-14,119.09,119.99,118.98,119.65
2010-05-17,119.62,120.23,119.35,119.4
2010-05-18,119.42,120.37,119.29,120.34
2010-05-19,120.37,120.65,120.01,120.13
2010-05-20,120.07,121.45,120.07,121.27
2010-05-21,121.31,122.07,120.92,121.04
2010-05-24,121.02,121.57,121.01,121.38
2010-05-25,121.4,122.4,121.37,121.6
2010-05-26,121.52,121.68,120.74,121.34
2010-05-27,121.35,121.38,120.12,120.29
2010-05-28,119.49,119.92,119.45,119.74
2010-05-31,119.78,119.92,119.56,119.81
2010-06-01,119.8,120,119.76,119.89
2010-06-02,120.15,120.17,119.42,119.46
2010-06-03,119.48,119.57,118.81,119.37
2010-06-04,119.35,120.74,119.24,120.62
2010-06-07,120.84,121.2,120.4,121.1
2010-06-08,121.09,121.17,120.7,120.85
2010-06-09,120.84,120.98,120.43,120.87
2010-06-10,120.88,120.92,119.77,119.81
2010-06-11,119.79,120.63,119.79,120.46
2010-06-14,120.38,120.38,119.71,120.29
2010-06-15,120.27,120.54,119.77,119.87
2010-06-16,119.88,120.42,119.79,120.17
2010-06-17,120.21,120.81,119.92,120.67
2010-06-18,120.7,120.79,120.34,120.42
2010-06-21,120.1,120.34,119.74,120.27
2010-06-22,120.26,120.96,120.06,120.88
2010-06-23,120.85,121.46,120.74,121.32
2010-06-24,121.29,121.74,121.13,121.18
2010-06-25,121.2,121.76,121.09,121.49
2010-06-28,121.54,122.23,121.48,122.2
2010-06-29,122.18,122.67,122.09,122.62
2010-06-30,122.6,122.81,122.23,122.67
2010-07-01,122.65,122.99,122.4,122.46
2010-07-02,122.45,122.74,122.1,122.31
2010-07-05,122.35,122.71,122.26,122.63
2010-07-06,122.6,122.79,122.18,122.7
2010-07-07,122.71,122.82,122.32,122.34
2010-07-08,122.32,122.43,121.81,121.99
2010-07-09,122.03,122.13,121.82,121.92
2010-07-12,121.9,122.31,121.87,121.95
2010-07-13,121.98,122.3,121.49,121.52
2010-07-14,121.51,122.27,121.43,122.21
2010-07-15,122.23,122.85,121.93,122.59
2010-07-16,122.56,123.38,122.52,123.31
2010-07-19,123.34,123.38,122.92,123.06
2010-07-20,123.07,123.49,122.92,123.06
2010-07-21,123.09,123.71,122.98,123.51
2010-07-22,123.52,123.65,122.98,123.12
2010-07-23,123.1,123.24,122.62,122.63
2010-07-26,122.7,122.81,122.35,122.7
2010-07-27,122.71,122.79,122.18,122.24
2010-07-28,122.27,122.9,122.21,122.9
2010-07-29,122.87,123.43,122.74,123.18
2010-07-30,123.2,123.85,123.18,123.76
2010-08-02,123.74,123.74,123.37,123.42
2010-08-03,123.45,124.12,123.38,123.98
2010-08-04,123.99,124.21,123.54,123.6
2010-08-05,123.59,124.01,123.48,123.92
2010-08-06,123.9,124.65,123.76,124.56
2010-08-09,124.54,124.71,124.43,124.48
2010-08-10,124.46,125.17,124.29,125.06
2010-08-11,125.07,125.63,125.06,125.52
2010-08-12,125.57,125.7,125.18,125.27
2010-08-13,125.26,125.6,125.21,125.57
2010-08-16,125.54,126.21,125.52,126.19
2010-08-17,126.16,126.17,125.52,125.63
2010-08-18,125.62,126.03,125.51,125.63
2010-08-19,125.65,126.12,125.18,125.87
2010-08-20,125.85,126.21,125.42,125.48
2010-08-23,125.42,125.78,125.27,125.73
2010-08-24,124.88,125.87,124.83,125.63
2010-08-25,125.62,126.01,124.98,125.19
2010-08-26,125.2,125.49,125.02,125.49
2010-08-27,125.48,125.61,124.21,124.34
2010-08-30,124.2,125.42,124.06,125.34
2010-08-31,125.35,125.77,125.26,125.67
2010-09-01,125.59,125.59,124.38,124.83
2010-09-02,124.84,124.95,124.46,124.51
2010-09-03,124.54,124.89,123.63,123.97
2010-09-06,123.85,124.11,123.76,124.08
2010-09-07,124.09,124.87,124,124.82
2010-09-08,124.84,125.11,124.29,124.39
2010-09-09,124.4,124.68,123.57,123.6
2010-09-10,123.62,123.91,123.17,123.39
2010-09-13,123.31,124,122.93,123.81
2010-09-14,123.83,124.48,123.78,124.29
2010-09-15,124.32,124.62,124,124.14
2010-09-16,124.17,124.4,123.64,123.87
2010-09-17,123.84,124.32,123.53,124.14
2010-09-20,124.15,124.43,124.03,124.37
2010-09-21,124.39,125.43,124.32,125.42
2010-09-22,125.45,125.92,125.42,125.45
2010-09-23,125.52,126.01,125.32,125.57
2010-09-24,125.57,125.76,125.14,125.2
2010-09-27,125.21,126,125.18,125.84
2010-09-28,125.84,126.45,125.71,126.29
2010-09-29,126.31,126.4,126.06,126.12
2010-09-30,126.13,126.39,125.32,126.08
2010-10-01,126.04,126.21,125.59,126.12
2010-10-04,126.17,126.51,126.15,126.43
2010-10-05,126.42,126.78,126.42,126.64
2010-10-06,126.65,127.43,126.59,127.09
2010-10-07,127.1,127.34,126.98,127.21
2010-10-08,127.2,127.62,126.79,127.25
2010-10-11,127.28,127.42,127.28,127.32
2010-10-12,127.34,127.65,126.95,126.98
2010-10-13,127.02,127.23,126.68,127.2
2010-10-14,127.21,127.25,126.51,126.53
2010-10-15,126.59,127.06,126.04,126.23
2010-10-18,126.25,126.92,126.25,126.76
2010-10-19,126.75,127.14,126.37,126.9
2010-10-20,126.92,127.18,126.65,126.92
2010-10-21,126.93,127.01,126.45,126.5
2010-10-22,126.51,126.67,126.28,126.42
2010-10-25,126.43,126.9,126.26,126.28
2010-10-26,126.29,126.4,125.6,125.64
2010-10-27,125.65,125.73,125.03,125.07
2010-10-28,125.09,125.96,125.04,125.82
2010-10-29,125.84,126.37,125.76,126.35
2010-11-01,126.2,126.64,126.07,126.31
2010-11-02,126.29,126.57,126.17,126.53
2010-11-03,126.49,127.03,126.25,126.58
2010-11-04,127.03,128,127.01,127.75
2010-11-05,127.71,127.85,127.06,127.42
2010-11-08,127.46,127.62,127.29,127.4
2010-11-09,127.39,127.64,126.39,126.48
2010-11-10,126.51,126.96,125.85,126.96
2010-11-11,126.98,127.2,126.42,126.66
2010-11-12,126.68,127.12,125.56,125.75
2010-11-15,125.84,125.9,124.45,124.46
2010-11-16,124.51,125.09,124.26,125
2010-11-17,124.98,125.26,124.69,124.78
2010-11-18,124.79,124.84,124.03,124.46
2010-11-19,124.5,124.79,124.29,124.42
2010-11-22,124.34,125.18,124.18,125.12
2010-11-23,124.16,124.89,124.12,124.41
2010-11-24,124.37,124.6,123.2,123.33
2010-11-25,123.35,123.6,123.07,123.32
2010-11-26,123.34,123.89,123.17,123.63
2010-11-29,123.46,124,123.37,123.87
2010-11-30,123.85,124.53,123.82,124.04
2010-12-01,124.03,124.1,122.59,122.75
2010-12-02,122.76,122.93,122.23,122.42
2010-12-03,122.5,123.42,122.04,122.65
2010-12-06,122.7,123.34,122.7,123.31
2010-12-07,123.28,123.29,121.28,121.54
2010-12-08,121.59,121.62,120.12,120.54
2010-12-09,120.6,121.2,120.43,120.78
2010-12-10,120.79,120.95,119.89,119.96
2010-12-13,119.96,120.78,119.32,120.67
2010-12-14,120.68,120.71,119,119.09
2010-12-15,119.06,119.82,118.66,118.76
2010-12-16,118.82,119.53,118.51,119.51
2010-12-17,119.53,120.37,119.41,120.25
2010-12-20,120.2,120.78,119.92,120.14
2010-12-21,120.12,120.44,119.84,120.37
2010-12-22,120.35,120.42,119.78,119.92
2010-12-23,119.89,120.02,119.43,119.46
2010-12-27,119.47,120.06,118.98,120
2010-12-28,119.98,120.32,118.87,119
2010-12-29,118.98,120.32,118.93,120.14
2010-12-30,120.1,120.25,119.57,119.93
2010-12-31,119.98,120.45,119.92,120.34
2011-01-03,120.28,120.31,119.47,120.3
2011-01-04,120.27,120.66,120.02,120.38
2011-01-05,120.36,120.72,119.14,119.38
2011-01-06,119.39,119.98,119.33,119.97
2011-01-07,119.94,120.86,119.58,120.64
2011-01-10,120.72,121.02,120.61,120.98
2011-01-11,120.98,121.13,120.41,120.55
2011-01-12,120.55,120.66,120.02,120.47
2011-01-13,120.5,121.13,120.38,121.06
2011-01-14,121.06,121.47,120.78,120.89
2011-01-17,120.88,121.3,120.8,121.13
2011-01-18,121.16,121.23,120.22,120.55
2011-01-19,120.56,120.84,120.34,120.72
2011-01-20,120.73,120.95,119.72,119.83
2011-01-21,119.91,120.25,119.69,120.19
2011-01-24,120.09,120.47,119.91,120.25
2011-01-25,120.23,121.03,120.13,120.83
2011-01-26,120.8,120.8,120.17,120.34
2011-01-27,120.36,120.72,119.89,120.58
2011-01-28,120.56,121.28,120.19,121.17
2011-01-31,121.36,121.42,120.63,120.83
2011-02-01,120.84,120.88,120.08,120.33
2011-02-02,120.34,120.69,119.72,119.94
2011-02-03,119.89,119.98,119.23,119.34
2011-02-04,119.39,119.7,118.41,118.7
2011-02-07,118.61,118.7,118.22,118.66
2011-02-08,118.63,118.72,117.81,117.86
2011-02-09,117.89,118.69,117.69,118.42
2011-02-10,118.38,118.7,118.03,118.17
2011-02-11,118.19,118.92,118.16,118.53
2011-02-14,118.5,118.77,118.3,118.52
2011-02-15,118.52,118.78,118.22,118.7
2011-02-16,118.67,118.94,118.36,118.53
2011-02-17,118.58,119.22,118.5,119.03
2011-02-18,118.98,119.13,118.66,119.06
2011-02-21,119.05,119.39,119.05,119.28
2011-02-22,119.34,120.14,119.34,120.08
2011-02-23,120.06,120.28,119.75,119.83
2011-02-24,119.81,120.34,119.78,119.97
2011-02-25,118.69,119.03,118.53,119
2011-02-28,119.03,119.28,118.94,118.97
2011-03-01,118.88,119.25,118.44,119.22
2011-03-02,119.23,119.39,118.61,118.64
2011-03-03,118.64,118.72,117.81,117.91
2011-03-04,117.91,118.7,117.63,118.59
2011-03-07,118.5,118.84,118.17,118.45
2011-03-08,118.48,118.73,118.22,118.33
2011-03-09,118.33,119.11,118.27,118.92
2011-03-10,118.91,119.86,118.84,119.81
2011-03-11,119.81,120.16,119.48,119.63
2011-03-14,119.8,120.41,119.55,120.09
2011-03-15,120.16,121.45,120.16,120.41
2011-03-16,120.48,121.83,120.09,121.41
2011-03-17,121.61,121.64,120.55,120.88
2011-03-18,121.02,121.11,120.45,120.73
2011-03-21,120.44,120.56,119.88,120.16
2011-03-22,120.06,120.25,119.81,120.06
2011-03-23,120.05,120.45,119.89,119.94
2011-03-24,119.98,120.2,119.39,119.48
2011-03-25,119.45,119.72,119.05,119.22
2011-03-28,119.08,119.25,118.81,119.16
2011-03-29,119.16,119.3,118.69,118.77
2011-03-30,118.77,119.22,118.59,119.22
2011-03-31,119.19,119.47,118.78,118.86
2011-04-01,118.78,119.03,118.31,118.98
2011-04-04,118.97,119.44,118.88,119.25
2011-04-05,119.23,119.41,118.66,118.78
2011-04-06,118.75,118.84,118.3,118.34
2011-04-07,118.34,118.7,118.14,118.47
2011-04-08,118.48,118.48,117.94,118.28
2011-04-11,118.2,118.55,118.06,118.3
2011-04-12,118.28,119.27,118.25,119.11
2011-04-13,119.09,119.42,118.75,119.38
2011-04-14,119.33,119.77,119.08,119.08
2011-04-15,119.08,119.91,119.08,119.78
2011-04-18,119.78,120.25,119.53,120.09
2011-04-19,120.11,120.34,119.86,120.19
2011-04-20,120.17,120.19,119.81,119.83
2011-04-21,119.81,120.19,119.75,119.98
2011-04-25,120,120.36,119.95,120.28
2011-04-26,120.27,120.77,120.22,120.72
2011-04-27,120.7,120.73,120.19,120.53
2011-04-28,120.5,121.13,120.5,120.92
2011-04-29,120.95,121.22,120.78,121.16
2011-05-02,121.05,121.44,120.89,121.27
2011-05-03,121.23,121.52,121.22,121.48
2011-05-04,121.47,121.78,121.28,121.63
2011-05-05,121.64,122.22,121.56,122.17
2011-05-06,122.11,122.45,121.55,122.3
2011-05-09,122.13,122.53,122.02,122.38
2011-05-10,122.36,122.42,121.91,121.92
2011-05-11,121.89,122.48,121.73,122.39
2011-05-12,122.42,122.67,122.03,122.22
2011-05-13,122.17,122.95,122.06,122.58
2011-05-16,122.66,122.81,122.41,122.78
2011-05-17,122.8,123.17,122.56,122.95
2011-05-18,122.89,123.14,122.39,122.45
2011-05-19,122.45,122.63,121.97,122.59
2011-05-20,122.61,122.89,122.53,122.89
2011-05-23,122.92,123.39,122.91,123.03
2011-05-24,123.03,123.17,122.75,123.14
2011-05-25,123.11,123.33,123.02,123.13
2011-05-26,121.75,122.45,121.52,122.42
2011-05-27,122.44,122.59,122.16,122.52
2011-05-30,122.5,122.63,122.48,122.61
2011-05-31,122.59,122.7,122.16,122.52
2011-06-01,122.47,123.52,122.38,123.5
2011-06-02,123.5,123.52,122.91,122.98
2011-06-03,122.97,123.8,122.97,123.38
2011-06-06,123.39,123.48,123.03,123.41
2011-06-07,123.36,123.5,122.91,123.41
2011-06-08,123.38,123.97,123.27,123.88
2011-06-09,123.83,124.02,123.14,123.27
2011-06-10,123.23,123.8,123.2,123.56
2011-06-13,123.56,123.72,123.13,123.42
2011-06-14,123.41,123.47,122.47,122.55
2011-06-15,122.58,123.8,122.55,123.69
2011-06-16,123.69,124.5,123.55,124.14
2011-06-17,123.98,124.13,123.56,123.91
2011-06-20,123.84,124.33,123.67,123.84
2011-06-21,123.86,123.94,123.55,123.69
2011-06-22,123.61,124.14,123.52,123.72
2011-06-23,123.81,124.56,123.73,124.3
2011-06-24,124.2,124.92,124.06,124.84
2011-06-27,124.81,125.03,124.36,124.39
2011-06-28,124.42,124.59,123.25,123.47
2011-06-29,123.45,123.55,122.61,122.84
2011-06-30,122.88,123.06,121.95,122.28
2011-07-01,122.31,122.47,121.72,122.02
2011-07-04,122,122.39,121.97,122.2
2011-07-05,122.17,122.78,122.1,122.73
2011-07-06,122.71,123.23,122.46,122.87
2011-07-07,122.88,122.9,122.28,122.54
2011-07-08,122.53,123.92,122.21,123.65
2011-07-11,123.82,124.57,123.62,124.51
2011-07-12,124.48,125.35,124.37,124.84
2011-07-13,124.87,124.93,124.23,124.88
2011-07-14,124.7,124.92,124.32,124.37
2011-07-15,124.38,124.9,124.24,124.84
2011-07-18,124.85,125.17,124.73,124.78
2011-07-19,124.79,125.09,124.45,124.98
2011-07-20,124.96,124.96,124.51,124.6
2011-07-21,124.62,124.73,123.74,123.92
2011-07-22,123.95,124.37,123.93,124.34
2011-07-25,124.12,124.6,123.88,124.13
2011-07-26,124.15,124.63,123.79,124.49
2011-07-27,124.51,124.67,124.04,124.24
2011-07-28,124.26,124.7,124.23,124.54
2011-07-29,124.53,125.92,124.38,125.78
2011-08-01,125.45,126.42,125.31,126.1
2011-08-02,126.07,127.12,126.03,127.06
2011-08-03,127.07,127.35,126.76,126.85
2011-08-04,126.84,128.38,126.65,128.35
2011-08-05,128.34,128.73,126.78,127.07
2011-08-08,127.15,128.79,126.98,128.73
2011-08-09,128.79,130.96,127.84,129.26
2011-08-10,129.32,130.51,128.96,130.23
2011-08-11,130.26,130.35,129.01,129.13
2011-08-12,129.09,129.95,129.06,129.71
2011-08-15,129.67,129.98,129.37,129.42
2011-08-16,129.4,130.24,129.37,130.06
2011-08-17,130.04,130.42,129.79,130.32
2011-08-18,130.29,131.56,130.24,130.85
2011-08-19,130.78,131.2,130.34,130.85
2011-08-22,130.85,130.99,130.26,130.54
2011-08-23,130.56,130.85,130.09,130.23
2011-08-24,130.28,130.54,129.31,129.32
2011-08-25,129.37,130.12,129.31,129.88
2011-08-26,129.9,130.79,129.79,130.26
2011-08-29,130.15,130.26,129.42,129.75
2011-08-30,128.8,129.59,128.78,129.38
2011-08-31,129.4,129.71,128.88,128.96
2011-09-01,128.95,129.68,128.6,129.68
2011-09-02,129.65,130.43,129.54,130.32
2011-09-05,130.29,130.85,130.26,130.85
2011-09-06,130.84,130.96,130.18,130.26
2011-09-07,130.24,130.26,129.73,129.88
2011-09-08,129.87,130.38,129.87,130.31
2011-09-09,130.26,131.03,130.07,130.84
2011-09-12,130.99,131.12,130.4,130.42
2011-09-13,130.45,130.73,130.07,130.23
2011-09-14,130.12,130.51,129.93,130.12
2011-09-15,130.15,130.24,129.1,129.49
2011-09-16,129.53,129.71,129.2,129.67
2011-09-19,129.9,130.67,129.87,130.43
2011-09-20,130.56,130.73,130.2,130.59
2011-09-21,130.49,130.95,130.21,130.84
2011-09-22,130.87,131.82,130.81,131.6
2011-09-23,131.65,131.93,130.76,130.76
2011-09-26,130.67,131.1,130.29,130.35
2011-09-27,130.34,130.49,129.56,129.87
2011-09-28,129.88,130.09,129.21,129.87
2011-09-29,129.88,130.01,129.43,129.68
2011-09-30,129.63,130.45,129.63,130.21
2011-10-03,130.31,131.23,130.15,131.17
2011-10-04,131.09,131.38,130.54,130.68
2011-10-05,130.67,130.73,130.03,130.2
2011-10-06,130.23,130.34,129.45,129.51
2011-10-07,129.62,129.63,128.51,128.81
2011-10-10,128.88,128.88,127.57,127.85
2011-10-11,127.92,128.46,127.87,128.28
2011-10-12,128.31,128.48,127.53,128.03
2011-10-13,128.06,128.82,127.95,128.31
2011-10-14,128.38,128.59,127.79,127.99
2011-10-17,127.95,128.74,127.67,128.7
2011-10-18,128.68,129.28,128.38,128.57
2011-10-19,128.65,129.04,128.32,128.81
2011-10-20,128.73,129.18,128.42,128.62
2011-10-21,128.65,128.82,128.26,128.51
2011-10-24,128.85,128.87,128.29,128.31
2011-10-25,128.37,129.29,128.06,129.24
2011-10-26,129.2,129.24,128.45,128.53
2011-10-27,128.54,128.73,127.2,127.31
2011-10-28,127.29,128.21,127.24,128.01
2011-10-31,128.12,129.54,128.06,129.45
2011-11-01,129.46,130.56,129.24,130.46
2011-11-02,130.49,130.51,129.73,130.43
2011-11-03,130.44,130.9,129.84,130.01
2011-11-04,130.01,130.45,129.62,130.34
2011-11-07,130.04,130.81,130.03,130.26
2011-11-08,130.37,130.59,129.88,129.95
2011-11-09,129.98,130.99,129.9,130.73
2011-11-10,130.76,130.88,129.9,130.35
2011-11-11,130.34,130.37,129.71,129.95
2011-11-14,129.7,130.59,129.68,130.37
2011-11-15,130.43,130.84,130.23,130.4
2011-11-16,130.42,130.76,130.28,130.67
2011-11-17,130.73,130.96,130.28,130.82
2011-11-18,130.87,130.93,130.15,130.29
2011-11-21,130.35,130.73,130.35,130.67
2011-11-22,130.68,130.87,130.34,130.85
2011-11-23,130.84,131.28,130.54,131.17
2011-11-24,131.09,131.12,130.45,130.79
2011-11-25,130.74,130.93,130.51,130.6
2011-11-28,129.94,130.06,129.09,129.9
2011-11-29,129.88,129.96,129.32,129.79
2011-11-30,129.82,129.95,128.92,129.35
2011-12-01,129.32,129.54,128.9,129.24
2011-12-02,129.26,129.78,128.71,129.76
2011-12-05,129.6,129.73,129.13,129.57
2011-12-06,129.51,129.7,129.26,129.34
2011-12-07,129.35,130.03,129.12,129.88
2011-12-08,129.82,130.42,129.4,130.37
2011-12-09,130.34,130.46,129.71,129.74
2011-12-12,129.78,130.34,129.67,130.15
2011-12-13,130.12,130.59,129.87,130.43
2011-12-14,130.35,130.84,130.24,130.76
2011-12-15,130.78,131.06,130.46,130.73
2011-12-16,130.71,131.34,130.54,131.26
2011-12-19,131.13,131.43,130.98,131.34
2011-12-20,131.29,131.31,130.6,130.62
2011-12-21,130.63,130.88,130.31,130.43
2011-12-22,130.45,130.71,130.34,130.49
2011-12-23,130.45,130.49,129.82,129.9
2011-12-27,129.93,130.09,129.79,129.99
2011-12-28,129.98,130.71,129.95,130.59
2011-12-29,130.57,130.92,130.45,130.79
2011-12-30,130.78,131.23,130.61,131.09
2012-01-03,130.6,130.87,130.49,130.62
2012-01-04,130.59,130.73,130.26,130.49
2012-01-05,130.51,130.87,130.23,130.48
2012-01-06,130.46,130.88,130.12,130.76
2012-01-09,130.79,131.12,130.59,130.84
2012-01-10,130.76,130.88,130.48,130.73
2012-01-11,130.71,131.28,130.7,131.18
2012-01-12,131.17,131.31,130.92,131.01
2012-01-13,130.96,131.73,130.9,131.43
2012-01-16,131.57,131.71,131.45,131.53
2012-01-17,131.49,131.6,131.18,131.51
2012-01-18,131.56,131.7,131.21,131.24
2012-01-19,131.26,131.37,130.51,130.65
2012-01-20,130.63,130.82,130.23,130.32
2012-01-23,130.38,130.56,129.82,130.07
2012-01-24,130.09,130.21,129.88,130.09
2012-01-25,130.07,131.35,129.98,130.87
2012-01-26,130.85,131.51,130.82,131.43
2012-01-27,131.38,131.82,131.21,131.74
2012-01-30,131.73,132.21,131.73,131.98
2012-01-31,131.99,132.34,131.7,132.26
2012-02-01,132.28,132.28,131.93,132.04
2012-02-02,132.01,132.24,131.88,132.2
2012-02-03,132.18,132.32,131.31,131.51
2012-02-06,131.54,131.81,131.37,131.63
2012-02-07,131.59,131.67,130.96,131.09
2012-02-08,131.1,131.21,130.88,131.01
2012-02-09,131.04,131.2,130.6,130.84
2012-02-10,130.87,131.49,130.84,131.21
2012-02-13,131.1,131.4,130.9,131.21
2012-02-14,131.29,131.57,131.1,131.42
2012-02-15,131.37,131.76,131.21,131.57
2012-02-16,131.59,131.73,130.85,131.03
2012-02-17,131.04,131.07,130.6,130.96
2012-02-20,130.81,130.81,130.48,130.57
2012-02-21,130.71,130.84,130.38,130.57
2012-02-22,130.56,131.09,130.38,131.04
2012-02-23,130.99,131.29,130.74,131.1
2012-02-24,131.07,131.28,131.01,131.2
2012-02-27,130.9,131.43,130.88,131.29
2012-02-28,131.28,131.6,131.2,131.29
2012-02-29,131.31,131.46,130.74,131.06
2012-03-01,130.99,130.99,130.32,130.62
2012-03-02,130.6,131.2,130.53,131.17
2012-03-05,131.13,131.28,130.85,130.85
2012-03-06,130.84,131.51,130.81,131.42
2012-03-07,131.4,131.42,131.15,131.18
2012-03-08,131.17,131.26,130.84,130.92
2012-03-09,130.93,130.98,130.56,130.79
2012-03-12,130.81,131.12,130.71,130.76
2012-03-13,130.74,130.79,129.87,129.92
2012-03-14,129.9,130.03,128.63,128.84
2012-03-15,128.82,129.06,128.24,128.78
2012-03-16,128.79,128.88,128.12,128.6
2012-03-19,128.56,128.9,127.85,127.96
2012-03-20,127.95,128.4,127.73,128.06
2012-03-21,128.05,128.63,127.85,128.51
2012-03-22,128.49,128.96,128.42,128.7
2012-03-23,128.68,129.29,128.57,129.06
2012-03-26,128.96,129.18,128.63,129.03
2012-03-27,129.04,129.7,128.93,129.62
2012-03-28,129.6,129.85,129.35,129.53
2012-03-29,129.51,129.95,129.43,129.9
2012-03-30,129.88,130.06,129.28,129.51
2012-04-02,129.43,129.93,129.18,129.81
2012-04-03,129.76,130.06,128.82,128.84
2012-04-04,128.82,129.54,128.78,129.51
2012-04-05,129.49,130.24,129.4,129.94
2012-04-06,129.88,131.09,129.79,131.06
2012-04-09,131.18,131.31,130.9,131.04
2012-04-10,131.06,131.73,130.93,131.6
2012-04-11,131.59,131.6,131.15,131.26
2012-04-12,131.28,131.45,131.03,131.13
2012-04-13,131.12,131.65,131.12,131.6
2012-04-16,131.6,131.9,131.48,131.6
2012-04-17,131.63,131.78,131.32,131.46
2012-04-18,131.48,131.68,131.31,131.6
2012-04-19,131.59,131.81,131.43,131.65
2012-04-20,131.63,131.78,131.46,131.71
2012-04-23,131.76,132.13,131.7,131.96
2012-04-24,131.95,132.1,131.67,131.7
2012-04-25,131.67,131.78,131.21,131.7
2012-04-26,131.73,132.1,131.6,132.06
2012-04-27,132.17,132.53,131.95,132.1
2012-04-30,132.14,132.37,132.03,132.28
2012-05-01,132.24,132.4,131.93,132.04
2012-05-02,132.06,132.4,131.87,132.15
2012-05-03,132.13,132.29,131.93,132.13
2012-05-04,132.12,132.7,131.99,132.63
2012-05-07,132.63,133.06,132.62,132.68
2012-05-08,132.65,133.12,132.6,132.88
2012-05-09,132.85,133.26,132.84,132.93
2012-05-10,132.95,133.03,132.56,132.92
2012-05-11,133.01,133.13,132.88,133.09
2012-05-14,133.18,133.6,133.1,133.56
2012-05-15,133.53,133.6,133.21,133.45
2012-05-16,133.48,133.57,133.03,133.42
2012-05-17,133.43,133.81,133.17,133.74
2012-05-18,133.73,133.84,133.49,133.62
2012-05-21,133.65,133.74,133.37,133.57
2012-05-22,133.54,133.57,133.13,133.46
2012-05-23,133.45,133.88,133.4,133.71
2012-05-24,133.63,133.88,133.36,133.4
2012-05-25,133.42,133.84,133.34,133.81
2012-05-28,132.82,132.82,132.5,132.74
2012-05-29,132.73,133.07,132.57,132.71
2012-05-30,132.7,133.81,132.67,133.7
2012-05-31,133.71,134.31,133.46,134.1
2012-06-01,134.07,134.93,133.96,134.81
2012-06-04,134.76,134.92,134.07,134.13
2012-06-05,134.12,134.28,133.71,133.82
2012-06-06,133.81,134.01,133.15,133.26
2012-06-07,133.24,133.57,133.17,133.53
2012-06-08,133.49,134.17,133.45,133.45
2012-06-11,132.65,133.93,132.57,133.88
2012-06-12,133.84,133.95,133.17,133.2
2012-06-13,133.23,133.79,132.92,133.76
2012-06-14,133.73,133.82,133.23,133.26
2012-06-15,133.28,133.93,133.26,133.82
2012-06-18,133.31,133.96,133.23,133.81
2012-06-19,133.79,133.96,133.31,133.46
2012-06-20,133.42,133.59,132.85,133.07
2012-06-21,133.09,133.54,133.04,133.37
2012-06-22,133.31,133.43,132.93,132.99
2012-06-25,133.03,133.59,133.01,133.57
2012-06-26,133.63,133.63,133.21,133.45
2012-06-27,133.43,133.57,133.28,133.56
2012-06-28,133.53,134.04,133.43,133.9
2012-06-29,133.92,134.01,133.13,133.46
2012-07-02,133.35,134.21,133.31,133.93
2012-07-03,133.93,134.03,133.59,133.65
2012-07-04,133.63,133.95,133.6,133.88
2012-07-05,133.9,134.09,133.71,133.95
2012-07-06,133.93,134.42,133.92,134.31
2012-07-09,134.35,134.62,134.34,134.51
2012-07-10,134.51,134.63,134.35,134.6
2012-07-11,134.62,134.9,134.43,134.43
2012-07-12,134.44,134.78,134.43,134.68
2012-07-13,134.68,134.76,134.37,134.62
2012-07-16,134.59,135.01,134.56,134.74
2012-07-17,134.73,134.85,134.49,134.49
2012-07-18,134.53,134.79,134.46,134.63
2012-07-19,134.62,134.73,134.45,134.53
2012-07-20,134.54,134.99,134.51,134.93
2012-07-23,134.98,135.37,134.95,135.13
2012-07-24,135.17,135.38,134.84,135.37
2012-07-25,135.45,135.48,134.99,135.29
2012-07-26,135.26,135.34,134.9,134.92
2012-07-27,134.9,134.96,133.88,134.18
2012-07-30,134.2,134.62,134.03,134.56
2012-07-31,134.54,134.87,134.42,134.79
2012-08-01,134.82,134.82,134.13,134.28
2012-08-02,134.24,134.92,133.93,134.62
2012-08-03,134.63,134.7,133.78,133.99
2012-08-06,133.98,134.31,133.87,134.03
2012-08-07,134.01,134.12,133.45,133.56
2012-08-08,133.54,133.78,133.32,133.42
2012-08-09,133.4,133.54,133.17,133.42
2012-08-10,133.4,133.85,133.38,133.62
2012-08-13,133.67,133.85,133.51,133.56
2012-08-14,133.59,133.63,133.06,133.06
2012-08-15,133.1,133.18,132.48,132.49
2012-08-16,132.48,132.7,132.17,132.32
2012-08-17,132.37,132.67,132.32,132.51
2012-08-20,132.53,132.68,132.18,132.57
2012-08-21,132.56,132.68,132.2,132.6
2012-08-22,132.63,133.54,132.63,133.51
2012-08-23,133.49,133.79,133.32,133.57
2012-08-24,133.59,133.95,133.49,133.51
2012-08-27,132.46,132.78,132.37,132.68
2012-08-28,132.69,132.99,132.63,132.82
2012-08-29,132.81,132.93,132.57,132.76
2012-08-30,132.75,133.21,132.7,133.09
2012-08-31,133.1,133.82,132.87,133.82
2012-09-03,133.76,133.82,133.59,133.78
2012-09-04,133.76,133.82,133.35,133.46
2012-09-05,133.45,133.68,133.31,133.31
2012-09-06,133.34,133.38,132.65,132.68
2012-09-07,132.68,133.53,132.26,132.96
2012-09-10,133.03,133.23,132.82,133.07
2012-09-11,133.07,133.18,132.73,132.76
2012-09-12,132.74,132.85,132.29,132.38
2012-09-13,132.4,132.96,131.88,132.9
2012-09-14,132.93,132.93,131.73,131.87
2012-09-17,131.82,132.2,131.76,131.98
2012-09-18,131.99,132.51,131.95,132.2
2012-09-19,132.21,132.56,132.07,132.46
2012-09-20,132.45,132.87,132.35,132.48
2012-09-21,132.42,132.76,132.26,132.7
2012-09-24,132.68,133.04,132.65,133.01
2012-09-25,132.99,133.24,132.74,133.24
2012-09-26,133.21,133.67,133.15,133.64
2012-09-27,133.62,133.63,133.34,133.37
2012-09-28,133.42,133.84,133.37,133.51
2012-10-01,133.48,133.67,133.38,133.54
2012-10-02,133.57,133.68,133.4,133.6
2012-10-03,133.62,133.79,133.53,133.76
2012-10-04,133.78,133.78,133.32,133.35
2012-10-05,133.37,133.48,132.87,132.93
2012-10-08,132.9,133.28,132.9,133.23
2012-10-09,133.21,133.34,132.95,133.09
2012-10-10,133.07,133.35,132.82,133.35
2012-10-11,133.34,133.38,132.84,133.28
2012-10-12,133.26,133.53,133.1,133.34
2012-10-15,133.32,133.4,133.1,133.29
2012-10-16,133.31,133.34,132.81,132.85
2012-10-17,132.79,132.84,132.01,132.03
2012-10-18,132.01,132.29,131.92,131.92
2012-10-19,131.95,132.46,131.92,132.4
2012-10-22,132.34,132.42,131.93,131.96
2012-10-23,131.95,132.45,131.93,132.4
2012-10-24,132.38,132.49,132.17,132.28
2012-10-25,132.24,132.28,131.7,131.87
2012-10-26,131.88,132.6,131.79,132.59
2012-10-29,132.7,132.96,132.56,132.95
2012-10-30,132.94,133.04,132.59,132.6
2012-10-31,132.59,133.04,132.4,132.9
2012-11-01,132.92,132.92,132.65,132.67
2012-11-02,132.68,132.88,132.34,132.87
2012-11-05,132.84,133.23,132.79,133.12
2012-11-06,133.1,133.15,132.63,132.65
2012-11-07,132.67,133.7,132.67,133.46
2012-11-08,133.45,133.96,133.43,133.93
2012-11-09,133.92,134.18,133.71,133.92
2012-11-12,133.93,133.96,133.74,133.9
2012-11-13,133.92,134.17,133.82,133.98
2012-11-14,133.99,134.1,133.7,134.01
2012-11-15,134.04,134.15,133.82,133.99
2012-11-16,134.01,134.34,133.95,134.15
2012-11-19,134.09,134.1,133.79,133.87
2012-11-20,133.98,134.01,133.53,133.54
2012-11-21,133.56,133.71,133.32,133.43
2012-11-22,133.4,133.45,133.29,133.4
2012-11-23,133.35,133.54,133.29,133.34
2012-11-26,132.84,133.24,132.79,133.06
2012-11-27,133.05,133.29,132.92,133.28
2012-11-28,133.3,133.57,133.28,133.4
2012-11-29,133.37,133.59,133.29,133.55
2012-11-30,133.56,133.7,133.42,133.56
2012-12-03,133.57,133.62,133.28,133.53
2012-12-04,133.51,133.67,133.37,133.62
2012-12-05,133.6,133.92,133.49,133.81
2012-12-06,133.79,134.03,133.74,133.84
2012-12-07,133.82,133.96,133.48,133.62
2012-12-10,133.61,133.82,133.56,133.6
2012-12-11,133.62,133.68,133.31,133.37
2012-12-12,133.35,133.53,132.98,133.04
2012-12-13,133.06,133.17,132.65,132.67
2012-12-14,132.65,132.88,132.54,132.84
2012-12-17,132.74,132.76,132.28,132.32
2012-12-18,132.34,132.38,131.81,132.01
2012-12-19,131.99,132.34,131.88,132.13
2012-12-20,132.15,132.37,132.12,132.15
2012-12-21,132.13,132.63,132.07,132.4
2012-12-24,132.38,132.46,132.26,132.35
2012-12-26,132.34,132.59,132.26,132.53
2012-12-27,132.54,133.01,132.32,132.74
2012-12-28,132.76,133.07,132.71,132.99
2012-12-31,132.93,133.06,132.32,132.49
2013-01-02,131.98,132.23,131.9,132.1
2013-01-03,132.13,132.24,131.51,131.51
2013-01-04,131.48,131.63,131.13,131.62
2013-01-07,131.56,131.76,131.51,131.62
2013-01-08,131.63,131.9,131.56,131.82
2013-01-09,131.84,132.12,131.68,132.01
2013-01-10,131.98,131.99,131.62,131.7
2013-01-11,131.68,132.01,131.49,131.93
2013-01-14,131.95,132.23,131.87,132.1
2013-01-15,132.09,132.4,132.04,132.2
2013-01-16,132.21,132.46,132.18,132.34
2013-01-17,132.31,132.46,131.76,131.82
2013-01-18,131.85,132.23,131.7,132.17
2013-01-21,132.12,132.13,131.9,131.9
2013-01-22,131.92,132.34,131.88,132.21
2013-01-23,132.2,132.46,132.17,132.34
2013-01-24,132.38,132.54,131.99,132.17
2013-01-25,132.15,132.18,131.35,131.4
2013-01-28,131.35,131.51,130.95,131.32
2013-01-29,131.31,131.46,131.12,131.12
2013-01-30,131.13,131.43,130.95,131.3
2013-01-31,131.25,131.56,131.15,131.26
2013-02-01,131.21,131.82,130.93,131.09
2013-02-04,130.95,131.68,130.73,131.6
2013-02-05,131.59,131.65,131.15,131.32
2013-02-06,131.31,131.65,131.24,131.63
2013-02-07,131.61,131.92,131.38,131.7
2013-02-08,131.71,131.88,131.42,131.73
2013-02-11,131.7,131.78,131.51,131.57
2013-02-12,131.56,131.7,131.38,131.48
2013-02-13,131.49,131.53,131.03,131.07
2013-02-14,131.1,131.59,131.03,131.57
2013-02-15,131.53,131.73,131.28,131.49
2013-02-18,131.48,131.54,131.35,131.51
2013-02-19,131.46,131.67,131.31,131.32
2013-02-20,131.34,131.57,131.17,131.53
2013-02-21,131.54,131.98,131.45,131.79
2013-02-22,131.81,131.96,131.63,131.93
2013-02-25,130.63,131.6,130.48,131.56
2013-02-26,131.54,131.81,131.35,131.48
2013-02-27,131.46,131.84,131.38,131.43
2013-02-28,131.45,131.71,131.42,131.6
2013-03-01,131.62,131.9,131.57,131.87
2013-03-04,131.85,131.99,131.62,131.63
2013-03-05,131.65,131.71,131.38,131.48
2013-03-06,131.49,131.53,131.13,131.18
2013-03-07,131.21,131.32,130.67,130.68
2013-03-08,130.67,130.73,130.01,130.31
2013-03-11,130.28,130.38,130.09,130.13
2013-03-12,130.15,130.57,130.06,130.49
2013-03-13,130.48,130.65,130.24,130.43
2013-03-14,130.45,130.57,130.12,130.53
2013-03-15,130.54,130.96,130.4,130.92
2013-03-18,131.46,131.67,131.12,131.23
2013-03-19,131.24,131.73,131.09,131.59
2013-03-20,131.62,131.74,131.2,131.24
2013-03-21,131.25,131.59,131.17,131.57
2013-03-22,131.56,131.65,131.28,131.46
2013-03-25,131.45,131.74,131.12,131.51
2013-03-26,131.53,131.73,131.32,131.67
2013-03-27,131.65,132.31,131.6,132.18
2013-03-28,132.2,132.34,131.9,131.95
2013-04-01,131.79,132.24,131.74,132.18
2013-04-02,132.17,132.24,131.92,131.99
2013-04-03,132.01,132.53,131.85,132.42
2013-04-04,132.45,132.87,132.34,132.79
2013-04-05,132.78,133.35,132.65,133.01
2013-04-08,133.04,133.17,132.76,132.78
2013-04-09,132.76,133.01,132.68,132.79
2013-04-10,132.82,132.85,132.35,132.43
2013-04-11,132.45,132.65,132.34,132.56
2013-04-12,132.54,133.03,132.53,133.01
2013-04-15,132.99,133.28,132.88,133.23
2013-04-16,133.24,133.26,132.81,132.93
2013-04-17,132.92,133.28,132.84,133.09
2013-04-18,133.1,133.23,132.95,133.12
2013-04-19,133.1,133.12,132.92,132.98
2013-04-22,132.96,133.23,132.78,133.12
2013-04-23,133.1,133.54,133.01,133.03
2013-04-24,133.04,133.18,132.88,133.04
2013-04-25,133.06,133.13,132.9,133.09
2013-04-26,133.07,133.46,133.06,133.43
2013-04-29,133.38,133.54,133.35,133.45
2013-04-30,133.43,133.73,133.35,133.35
2013-05-01,133.37,133.78,133.29,133.63
2013-05-02,133.62,133.71,133.42,133.65
2013-05-03,133.63,133.71,132.78,132.87
2013-05-06,132.92,132.95,132.65,132.78
2013-05-07,132.76,132.88,132.54,132.65
2013-05-08,132.67,132.87,132.54,132.76
2013-05-09,132.74,132.98,132.7,132.74
2013-05-10,132.7,132.76,131.88,132.09
2013-05-13,131.9,132.17,131.74,131.95
2013-05-14,131.99,132.15,131.53,131.57
2013-05-15,131.59,132.01,131.51,131.9
2013-05-16,131.88,132.53,131.73,132.31
2013-05-17,132.29,132.53,131.79,131.84
2013-05-20,131.9,132.1,131.65,131.78
2013-05-21,131.81,132.09,131.53,132.01
2013-05-22,131.99,132.37,131.13,131.13
2013-05-23,131.12,131.73,130.88,131.29
2013-05-24,131.31,131.59,131.17,131.31
2013-05-27,130.37,130.45,130.15,130.2
2013-05-28,130.21,130.29,129.12,129.17
2013-05-29,129.2,129.59,128.62,129.57
2013-05-30,129.59,129.73,129.18,129.57
2013-05-31,129.56,129.95,128.78,129.42
2013-06-03,129.29,129.93,128.93,129.48
2013-06-04,129.56,129.59,129.17,129.23
2013-06-05,129.26,129.73,129.18,129.59
2013-06-06,129.62,130.46,129.32,129.76
2013-06-07,129.74,130.01,128.93,128.96
2013-06-10,128.99,129.15,128.54,128.73
2013-06-11,128.78,128.98,128.09,128.87
2013-06-12,128.92,129.07,128.57,128.62
2013-06-13,128.63,129.45,128.57,129.29
2013-06-14,129.28,129.79,129.26,129.57
2013-06-17,129.56,129.76,129.2,129.2
2013-06-18,129.21,129.31,128.95,129.17
2013-06-19,129.2,129.37,127.4,127.51
2013-06-20,127.56,127.62,126.67,127.1
2013-06-21,127.09,127.37,126.03,126.13
2013-06-24,126.21,126.24,125.03,125.98
2013-06-25,126.01,126.54,125.53,125.54
2013-06-26,125.57,126.4,125.34,126.18
2013-06-27,126.21,126.76,126.07,126.7
2013-06-28,126.71,126.92,125.99,126.46
2013-07-01,126.38,126.67,125.98,126.63
2013-07-02,126.65,126.81,126.43,126.6
2013-07-03,126.59,127.07,126.2,126.26
2013-07-04,126.23,126.6,126.03,126.18
2013-07-05,126.17,126.23,124.49,124.51
2013-07-08,124.57,125.34,124.37,125.32
2013-07-09,125.34,125.6,125.13,125.46
2013-07-10,125.48,125.71,125.17,125.71
2013-07-11,125.9,126.49,125.88,126.32
2013-07-12,126.28,126.78,126.07,126.23
2013-07-15,126.15,126.6,125.82,126.6
2013-07-16,126.57,126.82,126.45,126.59
2013-07-17,126.57,127.31,126.37,127.05
2013-07-18,126.98,127.28,126.63,126.79
2013-07-19,126.81,127.15,126.71,127.1
2013-07-22,127.09,127.31,127.07,127.18
2013-07-23,127.2,127.21,126.79,127.04
2013-07-24,127.03,127.04,126.12,126.4
2013-07-25,126.38,126.67,126.1,126.62
2013-07-26,126.59,126.81,126.46,126.65
2013-07-29,126.67,126.81,126.38,126.42
2013-07-30,126.44,126.65,126.35,126.37
2013-07-31,126.4,126.6,125.56,126.54
2013-08-01,126.49,126.54,125.38,125.47
2013-08-02,125.49,126.62,125.17,126.6
2013-08-05,126.57,126.63,126.18,126.38
2013-08-06,126.37,126.48,126.2,126.34
2013-08-07,126.37,126.74,126.35,126.65
2013-08-08,126.67,126.9,126.59,126.79
2013-08-09,126.74,126.87,126.65,126.84
2013-08-12,126.81,126.98,126.49,126.49
2013-08-13,126.46,126.48,125.59,125.65
2013-08-14,125.63,125.9,125.57,125.73
2013-08-15,125.79,125.87,124.84,125.4
2013-08-16,125.46,125.46,124.67,125.01
2013-08-19,124.99,124.99,124.49,124.62
2013-08-20,124.65,125.29,124.65,125.17
2013-08-21,125.15,125.23,124.4,124.42
2013-08-22,124.46,124.56,124.09,124.35
2013-08-23,124.4,125.04,124.01,124.93
2013-08-26,123.7,124.06,123.56,124.01
2013-08-27,123.95,124.74,123.84,124.7
2013-08-28,124.62,124.71,123.98,124.23
2013-08-29,124.22,124.43,123.65,124.26
2013-08-30,124.29,124.45,123.99,123.99
2013-09-02,123.82,123.87,123.46,123.53
2013-09-03,123.56,123.78,122.99,123.48
2013-09-04,123.51,123.59,123.03,123.07
2013-09-05,123.09,123.15,122.28,122.29
2013-09-06,122.31,123.63,122.23,122.99
2013-09-09,122.98,123.49,122.88,123.21
2013-09-10,123.2,123.23,122.79,122.88
2013-09-11,122.84,123.46,122.81,123.42
2013-09-12,123.43,123.82,123.35,123.38
2013-09-13,123.4,123.68,122.95,123.63
2013-09-16,124.45,124.76,123.95,124.07
2013-09-17,124.06,124.35,123.99,124.15
2013-09-18,124.13,125.9,123.76,125.73
2013-09-19,125.68,125.96,125.15,125.15
2013-09-20,125.13,125.43,124.93,125.28
2013-09-23,125.26,125.62,125.09,125.54
2013-09-24,125.53,126.03,125.51,125.87
2013-09-25,125.85,126.31,125.81,126.17
2013-09-26,126.15,126.24,125.93,126.04
2013-09-27,126.03,126.48,125.92,126.29
2013-09-30,126.54,126.67,126.1,126.43
2013-10-01,126.42,126.45,126.01,126.06
2013-10-02,126.03,126.65,125.96,126.43
2013-10-03,126.42,126.85,126.17,126.63
2013-10-04,126.6,126.63,126.13,126.18
2013-10-07,126.32,126.56,126.28,126.34
2013-10-08,126.32,126.49,126.1,126.24
2013-10-09,126.26,126.49,126.07,126.15
2013-10-10,126.17,126.18,125.68,126.03
2013-10-11,126.01,126.4,125.95,126.09
2013-10-14,126.29,126.35,125.68,125.78
2013-10-15,125.76,126.07,125.67,125.79
2013-10-16,125.81,126.31,125.54,126.31
2013-10-17,126.29,126.99,126.24,126.9
2013-10-18,126.88,127.35,126.82,126.95
2013-10-21,126.9,126.96,126.65,126.78
2013-10-22,126.76,127.51,126.73,127.49
2013-10-23,127.52,127.79,127.51,127.54
2013-10-24,127.56,127.76,127.38,127.38
2013-10-25,127.4,127.67,127.35,127.54
2013-10-28,127.59,127.65,127.38,127.56
2013-10-29,127.57,127.74,127.45,127.7
2013-10-30,127.71,128.04,127.31,127.45
2013-10-31,127.43,127.76,127.09,127.26
2013-11-01,127.23,127.26,126.7,126.76
2013-11-04,126.71,127.06,126.68,126.95
2013-11-05,126.96,127.04,126.4,126.53
2013-11-06,126.54,127.03,126.51,126.9
2013-11-07,126.92,127.4,126.87,127.18
2013-11-08,127.17,127.61,125.96,126.1
2013-11-11,126.07,126.26,126.01,126.01
2013-11-12,126.03,126.09,125.73,125.85
2013-11-13,125.88,126.76,125.87,126.67
2013-11-14,126.68,126.96,126.43,126.92
2013-11-15,126.9,126.96,126.59,126.79
2013-11-18,126.68,127.15,126.67,127.1
2013-11-19,127.09,127.17,126.71,126.76
2013-11-20,126.74,127.06,126.23,126.29
2013-11-21,126.28,126.46,125.93,126.38
2013-11-22,126.4,126.63,126.31,126.63
2013-11-25,125.09,125.53,125.09,125.49
2013-11-26,125.48,125.79,125.38,125.67
2013-11-27,125.68,125.71,125.13,125.43
2013-11-28,125.42,125.45,125.21,125.43
2013-11-29,125.42,125.43,125.2,125.26
2013-12-02,125.23,125.32,124.74,124.92
2013-12-03,124.9,125.21,124.81,125.06
2013-12-04,125.07,125.1,124.45,124.6
2013-12-05,124.63,124.71,124.24,124.28
2013-12-06,124.26,124.57,123.82,124.37
2013-12-09,124.29,124.59,124.21,124.46
2013-12-10,124.45,124.93,124.4,124.81
2013-12-11,124.73,124.82,124.38,124.43
2013-12-12,124.42,124.54,124.12,124.21
2013-12-13,124.23,124.4,124.13,124.28
2013-12-16,124.26,124.49,124.15,124.2
2013-12-17,124.21,124.6,124.21,124.59
2013-12-18,124.54,124.74,123.79,124.1
2013-12-19,124.12,124.24,123.45,123.67
2013-12-20,123.68,123.87,123.29,123.74
2013-12-23,123.71,123.73,123.42,123.43
2013-12-24,123.45,123.54,123.01,123.04
2013-12-26,123.07,123.09,122.92,122.98
2013-12-27,122.99,123.21,122.84,122.99
2013-12-30,123.03,123.28,122.85,123.24
2013-12-31,123.23,123.28,122.78,122.86
2014-01-02,122.84,123.28,122.82,123.18
2014-01-03,123.17,123.38,123.06,123.12
2014-01-06,123.06,123.59,122.95,123.48
2014-01-07,123.49,123.68,123.42,123.63
2014-01-08,123.6,123.6,123.01,123.1
2014-01-09,123.12,123.35,123.03,123.31
2014-01-10,123.29,124.35,123.26,124.32
2014-01-13,124.29,124.63,124.24,124.57
2014-01-14,124.56,124.57,124.12,124.15
2014-01-15,124.17,124.26,123.76,123.92
2014-01-16,123.9,124.37,123.87,124.29
2014-01-17,124.31,124.49,124.17,124.49
2014-01-20,124.48,124.57,124.38,124.49
2014-01-21,124.46,124.48,124.01,124.32
2014-01-22,124.34,124.37,123.9,123.9
2014-01-23,123.92,124.9,123.85,124.73
2014-01-24,124.74,125.49,124.68,125.23
2014-01-27,125.21,125.29,124.82,124.99
2014-01-28,124.98,125.12,124.67,125.03
2014-01-29,124.81,125.73,124.73,125.6
2014-01-30,125.56,125.62,125.2,125.45
2014-01-31,125.46,125.9,125.35,125.88
2014-02-03,125.73,126.49,125.61,126.43
2014-02-04,126.38,126.46,126.07,126.09
2014-02-05,126.1,126.46,125.81,125.85
2014-02-06,125.84,125.93,125.54,125.59
2014-02-07,125.62,126.24,125.42,125.9
2014-02-10,125.87,126.1,125.84,125.98
2014-02-11,125.95,125.98,125.46,125.51
2014-02-12,125.49,125.6,125.1,125.25
2014-02-13,125.28,125.81,125.26,125.76
2014-02-14,125.78,125.96,125.57,125.65
2014-02-17,125.63,125.73,125.54,125.67
2014-02-18,125.63,126.06,125.53,125.96
2014-02-19,125.95,126.28,125.67,125.67
2014-02-20,125.68,126.04,125.37,125.51
2014-02-21,125.53,125.63,125.28,125.62
2014-02-24,124.02,124.18,123.82,123.98
2014-02-25,123.99,124.34,123.95,124.24
2014-02-26,124.26,124.62,124.15,124.59
2014-02-27,124.57,124.84,124.51,124.78
2014-02-28,124.76,124.85,124.21,124.6
2014-03-03,125.07,125.1,124.71,124.99
2014-03-04,124.98,125.01,124.23,124.28
2014-03-05,124.29,124.45,124.07,124.23
2014-03-06,124.26,124.32,123.9,124.03
2014-03-07,124.07,124.15,123.35,123.56
2014-03-10,123.62,123.74,123.43,123.63
2014-03-11,123.62,123.84,123.51,123.71
2014-03-12,123.7,124.2,123.7,124.01
2014-03-13,124.03,124.73,123.79,124.6
2014-03-14,124.62,124.99,124.48,124.57
2014-03-17,124.66,124.71,124.28,124.31
2014-03-18,124.29,124.59,124.26,124.49
2014-03-19,124.48,124.59,123.17,123.42
2014-03-20,123.43,123.59,123.24,123.43
2014-03-21,123.42,123.54,123.28,123.49
2014-03-24,123.37,123.53,123.1,123.4
2014-03-25,123.42,123.56,123.28,123.35
2014-03-26,123.34,123.9,123.31,123.82
2014-03-27,123.84,123.95,123.59,123.78
2014-03-28,123.76,123.9,123.42,123.45
2014-03-31,123.42,123.54,123.13,123.54
2014-04-01,123.53,123.53,123.29,123.42
2014-04-02,123.4,123.42,122.85,122.9
2014-04-03,122.88,123.09,122.84,122.88
2014-04-04,122.9,123.71,122.85,123.7
2014-04-07,123.67,123.99,123.63,123.82
2014-04-08,123.81,124.09,123.71,124.04
2014-04-09,124.03,124.26,123.73,124.2
2014-04-10,124.18,124.9,124.15,124.53
2014-04-11,124.51,124.93,124.48,124.71
2014-04-14,124.81,125.06,124.46,124.49
2014-04-15,124.51,124.87,124.37,124.56
2014-04-16,124.57,124.63,124.31,124.42
2014-04-17,124.4,124.54,123.63,123.73
2014-04-21,123.71,123.95,123.59,123.74
2014-04-22,123.73,123.88,123.51,123.74
2014-04-23,123.73,124.09,123.67,123.84
2014-04-24,123.82,124.06,123.6,123.98
2014-04-25,123.99,124.31,123.93,124.1
2014-04-28,124.07,124.18,123.76,123.9
2014-04-29,123.91,124.06,123.71,123.99
2014-04-30,124.01,124.45,123.82,124.43
2014-05-01,124.42,124.79,124.31,124.6
2014-05-02,124.57,124.88,123.85,124.73
2014-05-05,124.68,124.87,124.53,124.59
2014-05-06,124.6,124.7,124.45,124.67
2014-05-07,124.65,124.96,124.48,124.85
2014-05-08,124.84,125.15,124.78,125.01
2014-05-09,125.03,125.18,124.92,124.99
2014-05-12,124.98,124.98,124.68,124.7
2014-05-13,124.71,125.13,124.65,125.1
2014-05-14,125.11,125.81,125.04,125.6
2014-05-15,125.59,126.13,125.4,125.98
2014-05-16,125.95,126.01,125.7,125.7
2014-05-19,125.73,126.04,125.67,125.68
2014-05-20,125.7,126.04,125.63,125.96
2014-05-21,125.98,126.1,125.57,125.81
2014-05-22,125.79,125.87,125.57,125.67
2014-05-23,125.65,125.9,125.62,125.79
2014-05-26,124.99,125.03,124.88,124.96
2014-05-27,124.94,125.12,124.82,125.09
2014-05-28,125.07,125.74,125.07,125.63
2014-05-29,125.62,125.99,125.43,125.45
2014-05-30,125.48,125.54,125.23,125.34
2014-06-02,125.32,125.38,124.81,124.92
2014-06-03,124.95,124.99,124.35,124.35
2014-06-04,124.34,124.6,124.21,124.32
2014-06-05,124.34,124.68,124.07,124.51
2014-06-06,124.53,124.95,124.32,124.4
2014-06-09,124.37,124.38,124.07,124.24
2014-06-10,124.26,124.35,123.95,123.96
2014-06-11,123.95,124.24,123.81,124.06
2014-06-12,124.07,124.63,123.92,124.38
2014-06-13,124.35,124.42,123.96,124.29
2014-06-16,124.31,124.51,124.2,124.32
2014-06-17,124.31,124.38,123.85,123.88
2014-06-18,123.87,124.49,123.79,124.49
2014-06-19,124.51,124.73,124.13,124.35
2014-06-20,124.37,124.45,124.09,124.4
2014-06-23,124.37,124.53,124.23,124.24
2014-06-24,124.26,124.63,124.23,124.62
2014-06-25,124.6,125.07,124.56,124.79
2014-06-26,124.78,125.17,124.73,125.03
2014-06-27,124.99,125.28,124.99,125.09
2014-06-30,125.1,125.23,124.96,125.07
2014-07-01,125.09,125.17,124.82,124.85
2014-07-02,124.87,124.98,124.38,124.4
2014-07-03,124.43,124.49,123.82,124.24
2014-07-04,124.23,124.29,124.15,124.24
2014-07-07,124.21,124.42,124.07,124.42
2014-07-08,124.4,124.87,124.34,124.79
2014-07-09,124.78,124.99,124.43,124.95
2014-07-10,124.92,125.48,124.92,125.13
2014-07-11,125.12,125.37,125.04,125.24
2014-07-14,125.21,125.24,124.98,124.99
2014-07-15,124.98,125.23,124.76,124.92
2014-07-16,124.93,125.04,124.76,124.98
2014-07-17,124.99,125.67,124.98,125.62
2014-07-18,125.6,125.71,125.18,125.26
2014-07-21,125.24,125.51,125.2,125.32
2014-07-22,125.32,125.46,125.06,125.42
2014-07-23,125.43,125.54,125.31,125.42
2014-07-24,125.4,125.46,124.96,125.07
2014-07-25,125.1,125.35,124.95,125.32
2014-07-28,125.29,125.32,125.07,125.13
2014-07-29,125.17,125.43,125.04,125.35
2014-07-30,125.34,125.42,124.45,124.65
2014-07-31,124.68,124.76,124.26,124.63
2014-08-01,124.65,125.38,124.43,125.34
2014-08-04,125.26,125.56,125.18,125.45
2014-08-05,125.46,125.54,125.1,125.37
2014-08-06,125.34,125.76,125.32,125.51
2014-08-07,125.53,126.01,125.39,125.96
2014-08-08,125.95,126.54,125.87,125.87
2014-08-11,125.84,125.99,125.74,125.85
2014-08-12,125.84,125.99,125.78,125.78
2014-08-13,125.79,126.21,125.57,126.13
2014-08-14,126.12,126.43,126.04,126.24
2014-08-15,126.26,127.01,126.18,126.67
2014-08-18,126.63,126.63,126.26,126.28
2014-08-19,126.31,126.59,126.21,126.26
2014-08-20,126.24,126.29,125.81,125.92
2014-08-21,125.93,126.12,125.79,125.98
2014-08-22,126.01,126.23,125.62,125.88
2014-08-25,125.21,125.46,125.18,125.4
2014-08-26,125.38,125.6,125.35,125.38
2014-08-27,125.4,125.71,125.38,125.65
2014-08-28,125.67,125.96,125.65,125.84
2014-08-29,125.82,125.9,125.7,125.78
2014-09-01,125.76,125.76,125.63,125.69
2014-09-02,125.7,125.71,125.21,125.23
2014-09-03,125.24,125.34,124.81,125.34
2014-09-04,125.32,125.54,124.9,124.96
2014-09-05,124.99,125.67,124.82,125.04
2014-09-08,125.07,125.37,124.87,124.9
2014-09-09,124.85,124.92,124.6,124.63
2014-09-10,124.62,124.71,124.38,124.4
2014-09-11,124.42,124.7,124.35,124.38
2014-09-12,124.42,124.45,123.96,123.99
2014-09-15,124.04,124.24,123.93,124.18
2014-09-16,124.15,124.45,124.13,124.2
2014-09-17,124.21,124.53,123.82,123.83
2014-09-18,123.79,123.95,123.57,123.82
2014-09-19,123.76,124.09,123.51,124.07
2014-09-22,124.04,124.38,124.04,124.29
2014-09-23,124.28,124.59,124.26,124.59
2014-09-24,124.57,124.59,124.26,124.29
2014-09-25,124.28,124.84,124.28,124.82
2014-09-26,124.81,124.92,124.35,124.51
2014-09-29,124.53,124.87,124.4,124.87
2014-09-30,124.85,124.85,124.51,124.81
2014-10-01,124.79,125.63,124.7,125.62
2014-10-02,125.63,125.7,125.28,125.4
2014-10-03,125.38,125.4,124.84,125.24
2014-10-06,125.18,125.57,125.12,125.43
2014-10-07,125.45,126.12,125.37,126.09
2014-10-08,126.06,126.6,125.81,126.49
2014-10-09,126.45,126.88,126.35,126.53
2014-10-10,126.51,126.78,126.23,126.78
2014-10-13,126.79,127.38,126.79,127.38
2014-10-14,127.34,127.71,127.01,127.53
2014-10-15,127.49,130.43,127.24,128.21
2014-10-16,128.24,129.56,127.81,127.98
2014-10-17,127.96,128.32,127.45,127.68
2014-10-20,127.6,127.96,127.4,127.73
2014-10-21,127.74,128.26,127.45,127.49
2014-10-22,127.54,127.87,127.24,127.53
2014-10-23,127.54,127.68,126.82,127.03
2014-10-24,127.06,127.4,127.01,127.04
2014-10-27,126.9,127.24,126.81,127.12
2014-10-28,127.1,127.21,126.82,126.87
2014-10-29,126.88,127.01,126.21,126.53
2014-10-30,126.54,126.76,126.32,126.65
2014-10-31,126.63,126.73,126.21,126.37
2014-11-03,126.4,126.62,125.96,126.31
2014-11-04,126.32,126.6,126.23,126.35
2014-11-05,126.38,126.42,126.07,126.32
2014-11-06,126.34,126.46,125.92,125.96
2014-11-07,125.99,126.74,125.85,126.74
2014-11-10,126.68,127.01,126.26,126.26
2014-11-11,126.28,126.34,126.07,126.18
2014-11-12,126.2,126.62,126.12,126.21
2014-11-13,126.2,126.54,126.17,126.51
2014-11-14,126.53,126.74,126.18,126.63
2014-11-17,126.65,126.99,126.43,126.48
2014-11-18,126.51,126.74,126.48,126.67
2014-11-19,126.68,126.7,126.28,126.34
2014-11-20,126.35,126.81,126.34,126.49
2014-11-21,126.51,126.71,126.38,126.7
2014-11-24,125.98,126.18,125.82,126.1
2014-11-25,126.12,126.51,126.01,126.49
2014-11-26,126.48,126.79,126.45,126.65
2014-11-27,126.68,126.93,126.67,126.93
2014-11-28,126.96,127.17,126.82,127.17
2014-12-01,127.18,127.46,126.71,126.78
2014-12-02,126.79,126.82,126.28,126.31
2014-12-03,126.32,126.42,126.17,126.31
2014-12-04,126.34,126.63,126.15,126.63
2014-12-05,126.62,126.63,125.74,125.87
2014-12-08,125.85,126.37,125.56,126.21
2014-12-09,126.2,126.85,126.12,126.65
2014-12-10,126.63,127.21,126.51,127.15
2014-12-11,127.1,127.35,126.6,126.96
2014-12-12,126.93,127.79,126.92,127.73
2014-12-15,127.63,127.87,127.2,127.28
2014-12-16,127.29,128.38,127.28,127.74
2014-12-17,127.73,127.84,126.93,126.98
2014-12-18,126.93,127.23,126.34,126.45
2014-12-19,126.46,126.78,126.29,126.71
2014-12-22,126.68,126.84,126.53,126.73
2014-12-23,126.71,126.79,125.92,125.98
2014-12-24,125.96,126.18,125.67,125.99
2014-12-26,125.98,126.1,125.92,125.99
2014-12-29,125.98,126.48,125.98,126.42
2014-12-30,126.38,126.74,126.38,126.6
2014-12-31,126.62,126.81,126.57,126.71
2015-01-02,126.62,127.31,126.42,127.24
2015-01-05,127.2,127.84,127.06,127.79
2015-01-06,127.74,129.1,127.74,128.51
2015-01-07,128.53,128.68,128.03,128.37
2015-01-08,128.31,128.37,127.98,128.1
2015-01-09,128.15,128.84,128.12,128.74
2015-01-12,128.76,129.13,128.54,129.13
2015-01-13,129.12,129.53,128.85,129.23
2015-01-14,129.28,130.23,129.21,129.59
2015-01-15,129.57,130.93,129.21,130.84
2015-01-16,130.76,130.93,129.74,129.78
2015-01-19,129.82,130.17,129.71,130.03
2015-01-20,129.96,130.32,129.68,129.96
2015-01-21,129.95,130.12,129.29,129.31
2015-01-22,129.34,129.84,128.76,129.31
2015-01-23,129.32,130.01,129.23,129.84
2015-01-26,129.98,130.18,129.38,129.54
2015-01-27,129.56,130.17,129.51,129.6
2015-01-28,129.65,130.62,129.51,130.46
2015-01-29,130.43,130.53,129.92,130.2
2015-01-30,130.19,131.17,130.13,131.12
2015-02-02,131.05,131.1,130.57,130.95
2015-02-03,130.93,131.04,129.9,129.98
2015-02-04,129.99,130.48,129.59,130.35
2015-02-05,130.45,130.6,129.67,129.82
2015-02-06,129.79,130.06,128.48,128.56
2015-02-09,128.61,129.1,128.35,128.4
2015-02-10,128.43,128.56,128.13,128.34
2015-02-11,128.37,128.59,128.01,128.07
2015-02-12,128.15,128.59,127.87,128.43
2015-02-13,128.42,128.49,128.06,128.09
2015-02-16,128.05,128.28,127.88,128.26
2015-02-17,128.31,128.43,127.15,127.34
2015-02-18,127.35,128.23,127.07,127.96
2015-02-19,127.98,128.24,127.51,127.57
2015-02-20,127.56,128.21,127.32,127.57
2015-02-23,126.79,127.37,126.74,127.34
2015-02-24,127.33,128.13,126.91,128.07
2015-02-25,128.09,128.24,127.88,128.12
2015-02-26,128.09,128.35,127.46,127.53
2015-02-27,127.56,127.85,127.37,127.81
2015-03-02,127.78,127.88,127.06,127.13
2015-03-03,127.15,127.23,126.78,126.85
2015-03-04,126.87,127.1,126.73,126.95
2015-03-05,126.96,127.18,126.74,127.04
2015-03-06,127.03,127.42,125.95,126.03
2015-03-09,126.01,126.49,125.96,126.43
2015-03-10,126.45,127.07,126.29,126.9
2015-03-11,126.92,127.17,126.63,126.99
2015-03-12,126.98,127.67,126.92,127.01
2015-03-13,127.03,127.37,126.79,127.09
2015-03-16,127.13,127.51,127.12,127.34
2015-03-17,127.34,127.7,127.32,127.53
2015-03-18,127.54,128.94,127.49,128.82
2015-03-19,128.84,129.01,128.1,128.31
2015-03-20,128.32,128.76,128.26,128.68
2015-03-23,128.73,128.93,128.62,128.88
2015-03-24,128.87,129.21,128.76,129.15
2015-03-25,129.13,129.37,128.7,128.79
2015-03-26,128.78,129.06,128.18,128.35
2015-03-27,128.37,128.7,128.26,128.51
2015-03-30,128.6,128.76,128.45,128.71
2015-03-31,128.7,128.98,128.57,128.96
2015-04-01,128.93,129.51,128.76,129.45
2015-04-02,129.4,129.71,129.09,129.12
2015-04-03,129.13,130.12,129.12,129.88
2015-04-06,129.92,130.03,129.35,129.43
2015-04-07,129.45,129.49,129.13,129.4
2015-04-08,129.4,129.54,129.12,129.24
2015-04-09,129.26,129.53,128.78,128.82
2015-04-10,128.84,129.09,128.76,128.87
2015-04-13,128.84,129.09,128.59,129.07
2015-04-14,129.1,129.7,129.06,129.32
2015-04-15,129.38,129.62,129.26,129.51
2015-04-16,129.53,129.74,129.28,129.59
2015-04-17,129.57,129.96,129.42,129.65
2015-04-20,129.63,129.79,129.45,129.53
2015-04-21,129.54,129.73,129.32,129.4
2015-04-22,129.42,129.53,128.71,128.81
2015-04-23,128.82,129.21,128.74,129.01
2015-04-24,129.03,129.46,128.92,129.45
2015-04-27,129.43,129.56,129.13,129.32
2015-04-28,129.37,129.4,128.71,128.73
2015-04-29,128.74,128.9,128.13,128.49
2015-04-30,128.51,128.63,127.82,128.48
2015-05-01,128.45,128.45,127.74,127.82
2015-05-04,127.84,128.09,127.6,127.71
2015-05-05,127.73,127.95,127.26,127.35
2015-05-06,127.4,127.48,126.92,127.01
2015-05-07,126.98,127.51,126.43,127.37
2015-05-08,127.34,128.2,127.26,127.85
2015-05-11,127.84,127.99,126.81,126.82
2015-05-12,126.84,127.21,126.21,127.12
2015-05-13,127.09,127.67,126.88,126.93
2015-05-14,126.95,127.49,126.85,127.45
2015-05-15,127.41,128.13,127.41,128.01
2015-05-18,127.98,128.09,127.28,127.32
2015-05-19,127.31,127.76,126.78,126.85
2015-05-20,126.88,127.43,126.87,127.28
2015-05-21,127.29,127.73,127.18,127.7
2015-05-22,127.73,127.9,127.18,127.46
2015-05-26,127.52,127.95,127.33,127.88
2015-05-27,127.9,127.95,127.59,127.9
2015-05-28,127.88,128.09,127.82,128.04
2015-05-29,127.33,127.71,127.3,127.48
2015-06-01,127.49,127.65,126.87,126.98
2015-06-02,127.01,127.03,126.23,126.32
2015-06-03,126.34,126.4,125.35,125.49
2015-06-04,125.53,126.04,124.99,125.92
2015-06-05,125.93,125.93,124.76,125.07
2015-06-08,125.02,125.45,124.99,125.35
2015-06-09,125.29,125.6,124.81,124.92
2015-06-10,124.93,124.99,124.53,124.62
2015-06-11,124.71,125.38,124.48,125.35
2015-06-12,125.34,125.71,125.12,125.21
2015-06-15,125.54,125.96,125.45,125.6
2015-06-16,125.61,125.98,125.59,125.96
2015-06-17,125.98,126.21,125.21,126.1
2015-06-18,126.1,126.56,125.59,125.99
2015-06-19,125.98,126.63,125.96,126.62
2015-06-22,126.43,126.43,125.7,125.71
2015-06-23,125.74,125.79,125.29,125.43
2015-06-24,125.46,125.78,125.34,125.74
2015-06-25,125.71,125.81,125.29,125.48
2015-06-26,125.51,125.62,124.9,124.99
2015-06-29,126.55,126.9,125.6,126.24
2015-06-30,126.21,126.38,125.82,125.99
2015-07-01,126,126.03,125.29,125.45
2015-07-02,125.46,126.1,125.17,125.95
2015-07-03,125.96,126.38,125.85,126.31
2015-07-06,127.03,127.07,126.24,126.7
2015-07-07,126.65,127.56,126.48,126.88
2015-07-08,126.92,127.59,126.87,127.46
2015-07-09,127.48,127.57,126.51,126.51
2015-07-10,126.51,126.51,125.7,125.92
2015-07-13,126.2,126.23,125.32,125.42
2015-07-14,125.48,126.01,125.43,125.92
2015-07-15,125.99,126.38,125.63,126.28
2015-07-16,126.29,126.31,125.87,126.17
2015-07-17,126.17,126.31,125.9,126.12
2015-07-20,126.13,126.14,125.71,125.88
2015-07-21,125.92,126.3,125.7,126.3
2015-07-22,126.28,126.48,126.17,126.28
2015-07-23,126.31,126.69,126.14,126.66
2015-07-24,126.61,126.88,126.56,126.77
2015-07-27,126.8,127.28,126.77,127.23
2015-07-28,127.22,127.23,126.83,126.97
2015-07-29,126.92,126.98,126.64,126.73
2015-07-30,126.75,126.91,126.36,126.86
2015-07-31,126.88,127.62,126.66,127.61
2015-08-03,127.59,127.92,127.38,127.8
2015-08-04,127.81,127.88,127.09,127.14
2015-08-05,127.12,127.23,126.56,126.72
2015-08-06,126.77,127.14,126.67,127.08
2015-08-07,127.09,127.55,126.83,127.55
2015-08-10,127.52,127.52,126.97,127.09
2015-08-11,127.11,128.07,127.05,127.83
2015-08-12,127.83,128.68,127.71,127.83
2015-08-13,127.86,128.21,127.42,127.47
2015-08-14,127.44,127.68,127.18,127.32
2015-08-17,127.39,127.82,127.33,127.61
2015-08-18,127.61,127.9,127.39,127.44
2015-08-19,127.43,128.21,127.15,128.09
2015-08-20,128.1,128.46,128.05,128.46
2015-08-21,128.44,128.87,128.35,128.76
2015-08-24,128.84,129.87,128.75,129.12
2015-08-25,129.09,129.12,128.04,128.59
2015-08-26,128.54,128.81,127.8,127.88
2015-08-27,127.91,128.17,127.58,127.83
2015-08-28,127.84,128.34,127.69,127.83
2015-08-31,127.05,127.59,126.84,126.92
2015-09-01,126.95,127.5,126.91,127.44
2015-09-02,127.45,127.55,127.08,127.21
2015-09-03,127.19,127.54,127.17,127.44
2015-09-04,127.43,128.01,127.39,127.75
2015-09-07,127.72,127.75,127.42,127.56
2015-09-08,127.57,127.76,127.25,127.33
2015-09-09,127.35,127.47,126.82,127.26
2015-09-10,127.28,127.47,127.01,127.08
2015-09-11,127.11,127.58,127.06,127.46
2015-09-14,127.47,127.68,127.35,127.54
2015-09-15,127.53,127.69,126.58,126.64
2015-09-16,126.68,126.86,126.51,126.56
2015-09-17,126.57,127.53,126.54,127.5
2015-09-18,127.44,128.01,127.44,127.93
2015-09-21,127.86,127.89,127.33,127.42
2015-09-22,127.43,128.18,127.4,128.06
2015-09-23,128.09,128.32,127.79,127.86
2015-09-24,127.89,128.46,127.82,128.07
2015-09-25,127.85,127.97,127.44,127.89
2015-09-28,127.93,128.44,127.82,128.43
2015-09-29,128.4,128.88,128.28,128.79
2015-09-30,128.78,128.91,128.35,128.87
2015-10-01,128.87,129.03,128.6,128.79
2015-10-02,128.78,130.01,128.6,129.29
2015-10-05,129.3,129.46,128.79,128.84
2015-10-06,128.82,129.09,128.69,129.07
2015-10-07,129.09,129.12,128.62,128.76
2015-10-08,128.71,129.06,128.37,128.5
2015-10-09,128.54,128.71,128.18,128.56
2015-10-12,128.54,128.81,128.44,128.79
2015-10-13,128.78,128.98,128.63,128.91
2015-10-14,128.91,129.62,128.9,129.62
2015-10-15,129.6,129.62,129.09,129.13
2015-10-16,129.15,129.29,128.94,128.94
2015-10-19,128.97,129.12,128.72,129
2015-10-20,129.01,129.06,128.5,128.56
2015-10-21,128.56,129,128.54,128.93
2015-10-22,128.93,129.09,128.68,128.88
2015-10-23,128.9,128.91,128.29,128.37
2015-10-26,128.41,128.66,128.34,128.62
2015-10-27,128.6,129.07,128.57,128.84
2015-10-28,128.85,128.9,128.07,128.12
2015-10-29,128.13,128.26,127.56,127.65
2015-10-30,127.67,127.82,127.46,127.72
2015-11-02,127.78,127.82,127.35,127.47
2015-11-03,127.5,127.51,127.06,127.15
2015-11-04,127.17,127.28,126.81,126.96
2015-11-05,126.93,127.06,126.68,126.94
2015-11-06,126.93,127,125.9,126.1
2015-11-09,126.08,126.11,125.71,126
2015-11-10,125.96,126.35,125.95,126.11
2015-11-11,126.15,126.22,126.04,126.14
2015-11-12,126.1,126.36,126.03,126.25
2015-11-13,126.22,126.65,126.15,126.65
2015-11-16,126.9,126.94,126.64,126.68
2015-11-17,126.64,126.83,126.32,126.69
2015-11-18,126.68,126.78,126.43,126.58
2015-11-19,126.58,126.89,126.56,126.75
2015-11-20,126.75,126.94,126.65,126.67
2015-11-23,126.57,126.89,126.39,126.89
2015-11-24,126.86,127.18,126.78,126.93
2015-11-25,126.9,127.07,126.82,126.94
2015-11-26,126.94,127.15,126.93,127.14
2015-11-27,127.14,127.22,127.03,127.07
2015-11-30,126.5,126.57,126.28,126.51
2015-12-01,126.47,127.07,126.25,127.06
2015-12-02,126.97,127,126.51,126.69
2015-12-03,126.64,126.71,125.35,125.64
2015-12-04,125.67,126.06,125.28,125.96
2015-12-07,125.85,126.47,125.79,126.31
2015-12-08,126.29,126.6,126.18,126.46
2015-12-09,126.47,126.76,126.11,126.57
2015-12-10,126.56,126.69,126.31,126.33
2015-12-11,126.31,127.32,126.29,127.29
2015-12-14,127.1,127.18,126.39,126.42
2015-12-15,126.43,126.6,125.9,126.08
2015-12-16,126.1,126.17,125.42,125.67
2015-12-17,125.69,126.28,125.67,126.26
2015-12-18,126.25,126.67,126.19,126.44
2015-12-21,126.43,126.75,126.28,126.56
2015-12-22,126.53,126.65,126.17,126.2
2015-12-23,126.21,126.21,125.9,126.06
2015-12-24,126.07,126.18,125.96,126.18
2015-12-28,126.09,126.4,126.03,126.25
2015-12-29,126.26,126.32,125.56,125.65
2015-12-30,125.68,125.79,125.45,125.7
2015-12-31,125.71,125.98,125.64,125.9
2016-01-04,125.89,126.54,125.78,126.18
2016-01-05,126.19,126.43,126.02,126.31
2016-01-06,126.31,126.92,126.25,126.89
2016-01-07,126.87,127.31,126.68,127.18
2016-01-08,127.14,127.56,126.68,127.51
2016-01-11,127.53,127.71,127.07,127.2
2016-01-12,127.2,128,127,127.78
2016-01-13,127.75,128.26,127.43,127.85
2016-01-14,127.85,128.21,127.64,127.9
2016-01-15,127.89,128.89,127.82,128.45
2016-01-18,128.51,128.6,128.26,128.45
2016-01-19,128.43,128.53,128.03,128.25
2016-01-20,128.29,129.25,128.26,128.87
2016-01-21,128.86,129.15,128.52,128.58
2016-01-22,128.57,128.73,128.09,128.33
2016-01-25,128.33,128.7,128.23,128.69
2016-01-26,128.69,129.08,128.53,128.8
2016-01-27,128.84,128.94,128.34,128.88
2016-01-28,128.88,129.09,128.55,129.06
2016-01-29,129.05,129.69,128.98,129.64
2016-02-01,129.58,129.8,129.17,129.31
2016-02-02,129.28,130.22,129.28,130.2
2016-02-03,130.2,130.73,129.83,130
2016-02-04,130.03,130.45,129.86,130.45
2016-02-05,130.44,130.61,129.95,130.45
2016-02-08,130.33,131.31,130.19,131.19
2016-02-09,131.23,131.75,131.03,131.3
2016-02-10,131.29,131.77,130.92,131.75
2016-02-11,131.73,133.03,131.69,131.85
2016-02-12,131.87,132,130.97,131.03
2016-02-15,130.95,131.15,130.78,130.85
2016-02-16,130.82,131.17,130.64,130.9
2016-02-17,130.96,131.2,130.2,130.42
2016-02-18,130.43,131.1,130.32,131.07
2016-02-19,131.09,131.28,130.65,130.91
2016-02-22,130.9,130.94,130.57,130.85
2016-02-23,130.87,131.18,130.37,131.12
2016-02-24,131.12,131.79,130.9,130.94
2016-02-25,130.96,131.59,130.85,131.22
2016-02-26,131.21,131.26,130.59,130.76
2016-02-29,130.4,130.6,130.27,130.54
2016-03-01,130.53,130.82,129.57,129.59
2016-03-02,129.6,129.77,129.21,129.37
2016-03-03,129.41,129.63,129.21,129.41
2016-03-04,129.43,129.6,128.93,129.15
2016-03-07,129.16,129.18,128.84,128.93
2016-03-08,128.94,129.69,128.91,129.54
2016-03-09,129.52,129.57,129.01,129.16
2016-03-10,129.19,129.38,128.51,128.59
2016-03-11,128.6,128.74,128.21,128.26
2016-03-14,128.38,128.6,128.24,128.44
2016-03-15,128.43,128.81,128.31,128.35
2016-03-16,128.35,129.09,128.06,129.07
2016-03-17,129.07,129.54,129.01,129.15
2016-03-18,129.16,129.46,129.1,129.4
2016-03-21,129.37,129.46,128.94,128.94
2016-03-22,128.94,129.35,128.68,128.73
2016-03-23,128.71,129.35,128.65,129.31
2016-03-24,129.29,129.47,128.97,129.18
2016-03-28,129.13,129.46,128.97,129.31
2016-03-29,129.29,130.09,129.21,130.04
2016-03-30,130.03,130.1,129.71,130.03
2016-03-31,130.09,130.53,129.96,130.51
2016-04-01,130.46,130.5,130.09,130.46
2016-04-04,130.47,130.63,130.32,130.6
2016-04-05,130.59,130.96,130.59,130.88
2016-04-06,130.84,130.9,130.53,130.71
2016-04-07,130.68,131.29,130.59,131.25
2016-04-08,131.26,131.26,130.85,131.07
2016-04-11,131.09,131.21,130.78,131.01
2016-04-12,130.96,131.03,130.51,130.59
2016-04-13,130.54,130.71,130.37,130.6
2016-04-14,130.59,130.69,130.21,130.29
2016-04-15,130.31,130.72,130.25,130.63
2016-04-18,130.82,130.88,130.4,130.5
2016-04-19,130.47,130.47,130.21,130.32
2016-04-20,130.31,130.59,129.71,129.84
2016-04-21,129.79,129.9,129.46,129.66
2016-04-22,129.66,129.79,129.37,129.47
2016-04-25,129.5,129.69,129.31,129.32
2016-04-26,129.31,129.47,129.07,129.15
2016-04-27,129.19,129.87,129.18,129.85
2016-04-28,129.87,130.16,129.66,130.04
2016-04-29,130.06,130.18,129.66,129.93
2016-05-02,130.01,130.15,129.63,129.63
2016-05-03,129.65,130.46,129.65,130.32
2016-05-04,130.34,130.56,130.16,130.51
2016-05-05,130.5,130.87,130.25,130.76
2016-05-06,130.75,131.18,130.46,130.54
2016-05-09,130.47,130.88,130.44,130.84
2016-05-10,130.88,130.9,130.63,130.72
2016-05-11,130.75,131.07,130.66,130.9
2016-05-12,130.88,130.94,130.54,130.6
2016-05-13,130.6,130.99,130.56,130.96
2016-05-16,131,131,130.5,130.5
2016-05-17,130.51,130.62,130.29,130.31
2016-05-18,130.29,130.37,129.34,129.59
2016-05-19,129.53,129.78,129.34,129.63
2016-05-20,129.62,129.79,129.53,129.75
2016-05-23,129.82,129.93,129.6,129.78
2016-05-24,129.75,129.88,129.4,129.51
2016-05-25,129.54,129.6,129.34,129.43
2016-05-26,129.47,129.9,129.44,129.84
2016-05-27,129.85,129.9,129.47,129.51
2016-05-30,129.38,129.4,129.25,129.28
2016-05-31,129.31,129.69,129.18,129.54
2016-06-01,129.56,129.93,129.5,129.59
2016-06-02,129.6,129.97,129.57,129.91
2016-06-03,129.9,131.06,129.87,131.01
2016-06-06,130.97,131,130.63,130.75
2016-06-07,130.76,131.04,130.68,130.9
2016-06-08,130.88,131.07,130.85,130.94
2016-06-09,130.97,131.28,130.9,131.03
2016-06-10,131.04,131.62,131.04,131.51
2016-06-13,131.66,131.87,131.56,131.79
2016-06-14,131.81,132.22,131.69,131.76
2016-06-15,131.78,132.26,131.57,132.25
2016-06-16,132.21,132.69,132.12,132.14
2016-06-17,132.18,132.18,131.82,131.9
2016-06-20,131.57,131.62,131.29,131.29
2016-06-21,131.33,131.56,131.13,131.16
2016-06-22,131.22,131.41,131.16,131.35
2016-06-23,131.25,131.26,130.75,130.76
2016-06-24,130.69,134.21,130.68,132.63
2016-06-27,132.79,133.47,132.78,133.46
2016-06-28,133.43,133.56,133.04,133.16
2016-06-29,133.19,133.3,132.71,132.71
2016-06-30,132.71,133.22,132.44,133.07
2016-07-01,133.06,133.91,133,133.26
2016-07-04,133.28,133.34,133.01,133.31
2016-07-05,133.29,133.97,133.26,133.84
2016-07-06,133.81,134.22,133.59,133.84
2016-07-07,133.82,133.93,133.35,133.68
2016-07-08,133.66,134.01,133.12,133.85
2016-07-11,133.88,133.88,133.15,133.18
2016-07-12,133.15,133.26,132.37,132.5
2016-07-13,132.51,132.93,132.5,132.76
2016-07-14,132.75,132.9,132.19,132.31
2016-07-15,132.35,132.53,131.79,132.25
2016-07-18,131.96,132.25,131.75,132
2016-07-19,132.04,132.4,132.01,132.25
2016-07-20,132.28,132.32,131.87,131.96
2016-07-21,131.94,132.34,131.63,132.32
2016-07-22,132.33,132.51,131.91,132.13
2016-07-25,132.12,132.26,131.9,132.03
2016-07-26,132.04,132.34,131.88,132.1
2016-07-27,132.16,132.63,131.84,132.63
2016-07-28,132.63,132.75,132.37,132.6
2016-07-29,132.65,133.13,132.11,133.12
2016-08-01,133.1,133.12,132.57,132.59
2016-08-02,132.6,132.71,132.21,132.38
2016-08-03,132.37,132.63,132.28,132.56
2016-08-04,132.57,133.09,132.47,132.94
2016-08-05,133,133.04,132.07,132.07
2016-08-08,132.06,132.19,131.81,131.96
2016-08-09,132.01,132.41,131.93,132.32
2016-08-10,132.31,132.78,132.31,132.71
2016-08-11,132.69,132.78,132.01,132.1
2016-08-12,132.06,132.9,132.04,132.54
2016-08-15,132.57,132.69,132.18,132.19
2016-08-16,132.22,132.6,131.87,131.97
2016-08-17,132,132.38,131.84,132.21
2016-08-18,132.25,132.47,132.09,132.4
2016-08-19,132.38,132.38,131.84,131.94
2016-08-22,131.88,132.31,131.69,132.26
2016-08-23,132.2,132.41,132.06,132.26
2016-08-24,132.28,132.35,132.12,132.19
2016-08-25,132.18,132.29,132.01,132.03
2016-08-26,132.06,132.41,131.37,131.4
2016-08-29,130.38,131.03,130.34,131.03
2016-08-30,131.01,131.06,130.75,130.96
2016-08-31,130.97,131.12,130.78,130.78
2016-09-01,130.79,131.06,130.44,130.94
2016-09-02,130.91,131.31,130.51,130.72
2016-09-05,130.75,130.78,130.62,130.66
2016-09-06,130.69,131.43,130.65,131.4
2016-09-07,131.41,131.56,131.28,131.34
2016-09-08,131.37,131.41,130.68,130.84
2016-09-09,130.82,130.9,130.31,130.35
2016-09-12,130.29,130.6,130.18,130.53
2016-09-13,130.54,130.79,129.85,130.03
2016-09-14,130.06,130.47,129.94,130.35
2016-09-15,130.34,130.82,130.13,130.54
2016-09-16,130.53,130.82,130.38,130.46
2016-09-19,130.51,130.6,130.26,130.26
2016-09-20,130.28,130.67,130.28,130.47
2016-09-21,130.5,130.71,130.12,130.71
2016-09-22,130.72,131.09,130.66,130.93
2016-09-23,130.9,131.07,130.87,131
2016-09-26,131.06,131.44,131.01,131.36
2016-09-27,131.35,131.65,131.15,131.5
2016-09-28,131.53,131.62,131.35,131.37
2016-09-29,131.38,131.66,131.18,131.5
2016-09-30,131.51,131.72,131.07,131.21
2016-10-03,131.19,131.22,130.91,130.96
2016-10-04,130.93,131.03,130.44,130.46
2016-10-05,130.47,130.6,130.1,130.31
2016-10-06,130.26,130.38,129.94,129.97
2016-10-07,130,130.21,129.75,130.16
2016-10-10,130.09,130.16,129.66,129.81
2016-10-11,129.82,130.02,129.69,129.85
2016-10-12,129.84,129.9,129.54,129.88
2016-10-13,129.91,130.26,129.9,130.15
2016-10-14,130.12,130.19,129.78,129.82
2016-10-17,129.78,130.21,129.71,130.13
2016-10-18,130.12,130.35,130,130.35
2016-10-19,130.37,130.44,130.13,130.34
2016-10-20,130.31,130.47,130.13,130.18
2016-10-21,130.15,130.4,130.15,130.35
2016-10-24,130.34,130.47,130.08,130.14
2016-10-25,130.13,130.31,129.94,130.18
2016-10-26,130.19,130.29,129.87,129.88
2016-10-27,129.87,129.9,129.31,129.41
2016-10-28,129.44,129.65,129.21,129.54
2016-10-31,129.63,129.71,129.5,129.63
2016-11-01,129.62,129.9,129.31,129.78
2016-11-02,129.72,130.22,129.72,130.04
2016-11-03,130.01,130.31,129.81,130.06
2016-11-04,130.09,130.37,129.94,130.34
2016-11-07,129.83,130,129.78,129.84
2016-11-08,129.87,130,129.37,129.54
2016-11-09,129.5,131,127.85,128.09
2016-11-10,128.06,128.5,127.31,127.32
2016-11-11,127.38,127.69,127.09,127.26
2016-11-14,127.16,127.18,125.96,126.37
2016-11-15,126.43,126.97,126.34,126.59
2016-11-16,126.57,126.68,125.91,126.47
2016-11-17,126.5,126.76,125.84,125.87
2016-11-18,125.84,126.15,125.32,125.35
2016-11-21,125.41,125.86,125.32,125.76
2016-11-22,125.79,125.96,125.54,125.72
2016-11-23,125.75,125.91,124.87,125.38
2016-11-24,125.35,125.37,125.09,125.09
2016-11-25,125.12,125.37,124.81,125.28
2016-11-28,124.75,125.07,124.69,125.06
2016-11-29,125.04,125.16,124.69,125.16
2016-11-30,125.12,125.18,124.29,124.4
2016-12-01,124.38,124.44,123.6,123.93
2016-12-02,124,124.62,123.97,124.54
2016-12-05,124.91,125.06,124.01,124.41
2016-12-06,124.46,124.62,124.4,124.5
2016-12-07,124.51,124.85,124.41,124.85
2016-12-08,124.87,124.87,124.21,124.37
2016-12-09,124.34,124.56,123.88,123.94
2016-12-12,123.85,124.15,123.53,124.01
2016-12-13,124.06,124.31,123.84,123.97
2016-12-14,123.96,124.41,122.96,123.03
2016-12-15,123.04,123.13,122.46,122.72
2016-12-16,122.7,123.16,122.65,122.82
2016-12-19,122.82,123.41,122.82,123.29
2016-12-20,123.28,123.35,122.9,123.18
2016-12-21,123.21,123.37,123.02,123.35
2016-12-22,123.37,123.41,123.06,123.28
2016-12-23,123.25,123.46,123.21,123.38
2016-12-27,123.28,123.29,123.1,123.19
2016-12-28,123.18,123.68,123.16,123.63
2016-12-29,123.65,124.07,123.62,123.94
2016-12-30,123.96,124.28,123.85,124.15
2017-01-03,124.04,124.22,123.59,124.12
2017-01-04,124.13,124.28,123.85,124.19
2017-01-05,124.21,125.03,124.13,124.96
2017-01-06,124.93,125.09,124.32,124.37
2017-01-09,124.38,124.85,124.25,124.85
2017-01-10,124.83,124.9,124.63,124.76
2017-01-11,124.78,125.19,124.6,124.71
2017-01-12,124.76,125.32,124.76,124.88
2017-01-13,124.87,125.18,124.35,124.66
2017-01-16,124.75,125.03,124.69,124.82
2017-01-17,124.81,125.41,124.79,125.25
2017-01-18,125.21,125.28,124.32,124.32
2017-01-19,124.31,124.47,123.87,124.06
2017-01-20,124.09,124.29,123.79,124.19
2017-01-23,124.19,124.97,124.16,124.84
2017-01-24,124.86,124.93,124.19,124.26
2017-01-25,124.29,124.4,123.75,123.88
2017-01-26,123.9,124.01,123.57,123.97
2017-01-27,123.94,124.18,123.81,124.15
2017-01-30,124.19,124.35,124.07,124.12
2017-01-31,124.14,124.66,124.07,124.41
2017-02-01,124.4,124.46,123.91,124.32
2017-02-02,124.28,124.68,124.25,124.34
2017-02-03,124.31,124.82,124.17,124.46
2017-02-06,124.41,125.01,124.41,124.97
2017-02-07,124.94,125.29,124.76,125.04
2017-02-08,125.06,125.56,125,125.46
2017-02-09,125.44,125.47,124.85,124.91
2017-02-10,124.9,124.91,124.63,124.79
2017-02-13,124.69,124.71,124.44,124.56
2017-02-14,124.54,124.62,123.97,124.21
2017-02-15,124.22,124.26,123.78,124.01
2017-02-16,123.97,124.51,123.96,124.46
2017-02-17,124.43,124.9,124.35,124.76
2017-02-20,124.69,124.75,124.57,124.69
2017-02-21,124.71,124.79,124.4,124.66
2017-02-22,124.62,124.97,124.46,124.78
2017-02-23,124.81,125.15,124.75,125.15
2017-02-24,125.13,125.66,125.09,125.6
2017-02-27,125.09,125.09,124.56,124.59
2017-02-28,124.6,124.81,124.15,124.26
2017-03-01,124.21,124.22,123.62,123.78
2017-03-02,123.71,123.79,123.35,123.57
2017-03-03,123.59,123.66,123.29,123.65
2017-03-06,123.57,123.85,123.51,123.56
2017-03-07,123.54,123.64,123.38,123.38
2017-03-08,123.4,123.51,122.85,123.04
2017-03-09,123.01,123.12,122.71,122.71
2017-03-10,122.69,123.09,122.65,123.04
2017-03-13,123.03,123.22,122.65,122.69
2017-03-14,122.71,122.97,122.65,122.84
2017-03-15,122.85,123.81,122.84,123.76
2017-03-16,123.78,123.87,123.37,123.4
2017-03-17,123.41,123.87,123.4,123.75
2017-03-20,123.76,124.09,123.68,124.06
2017-03-21,124.07,124.46,123.79,124.46
2017-03-22,124.47,124.71,124.35,124.44
2017-03-23,124.43,124.62,124.19,124.38
2017-03-24,124.37,124.59,124.22,124.4
2017-03-27,124.51,124.91,124.51,124.63
2017-03-28,124.62,124.82,124.26,124.28
2017-03-29,124.29,124.65,124.22,124.65
2017-03-30,124.63,124.69,124.28,124.31
2017-03-31,124.32,124.62,124.25,124.62
2017-04-03,124.57,125.22,124.51,125.22
2017-04-04,125.19,125.35,124.9,124.9
2017-04-05,124.94,125.29,124.78,125.18
2017-04-06,125.2,125.29,124.94,125.13
2017-04-07,125.12,125.76,124.72,124.72
2017-04-10,124.75,125.04,124.65,124.9
2017-04-11,124.94,125.56,124.9,125.5
2017-04-12,125.46,126,125.37,126
2017-04-13,125.96,126.25,125.76,126.01
2017-04-17,126.29,126.4,125.82,125.9
2017-04-18,125.91,126.62,125.82,126.54
2017-04-19,126.56,126.59,126.12,126.19
2017-04-20,126.21,126.34,125.84,126.01
2017-04-21,126,126.28,125.91,125.97
2017-04-24,125.4,125.85,125.21,125.79
2017-04-25,125.85,125.85,125.28,125.32
2017-04-26,125.34,125.62,125.22,125.59
2017-04-27,125.59,125.78,125.44,125.63
2017-04-28,125.66,125.75,125.29,125.69
2017-05-01,125.75,125.79,125.34,125.5
2017-05-02,125.47,125.81,125.35,125.78
2017-05-03,125.76,125.82,125.41,125.43
2017-05-04,125.47,125.47,125.07,125.16
2017-05-05,125.18,125.34,124.97,125.25
2017-05-08,125.07,125.41,124.94,124.96
2017-05-09,124.94,125.06,124.76,124.9
2017-05-10,124.91,125.16,124.79,124.82
2017-05-11,124.84,125.01,124.72,125.01
2017-05-12,125.04,125.59,125,125.54
2017-05-15,125.57,125.63,125.35,125.4
2017-05-16,125.44,125.71,125.29,125.54
2017-05-17,125.59,126.44,125.56,126.37
2017-05-18,126.38,126.71,126.16,126.29
2017-05-19,126.27,126.35,126.07,126.26
2017-05-22,126.22,126.26,126.06,126.1
2017-05-23,126.12,126.34,125.82,125.88
2017-05-24,125.91,126.21,125.78,126.18
2017-05-25,126.16,126.25,126.06,126.13
2017-05-26,126.15,126.37,126.15,126.19
2017-05-29,125.9,125.96,125.76,125.94
2017-05-30,125.96,126.19,125.88,126.19
2017-05-31,126.18,126.31,126,126.22
2017-06-01,126.19,126.25,125.97,126.22
2017-06-02,126.25,126.79,126.13,126.62
2017-06-05,126.65,126.69,126.4,126.44
2017-06-06,126.46,126.89,126.46,126.78
2017-06-07,126.79,126.79,126.5,126.56
2017-06-08,126.53,126.56,126.22,126.47
2017-06-09,126.59,126.68,126.16,126.38
2017-06-12,126.37,126.53,126.21,126.31
2017-06-13,126.29,126.41,126.21,126.35
2017-06-14,126.34,127.25,126.34,127
2017-06-15,126.97,127.06,126.6,126.63
2017-06-16,126.62,126.87,126.51,126.78
2017-06-19,126.79,126.88,126.41,126.43
2017-06-20,126.46,126.76,126.37,126.68
2017-06-21,126.66,126.79,126.51,126.6
2017-06-22,126.63,126.81,126.59,126.68
2017-06-23,126.69,126.76,126.57,126.75
2017-06-26,126.72,126.9,126.6,126.76
2017-06-27,126.78,126.84,126.16,126.22
2017-06-28,126.25,126.32,125.88,126.16
2017-06-29,126.15,126.22,125.59,125.82
2017-06-30,125.83,125.88,125.46,125.5
2017-07-03,125.51,125.6,125.04,125.06
2017-07-04,125.1,125.5,125.09,125.1
2017-07-05,125.13,125.32,125,125.32
2017-07-06,125.31,125.34,124.81,125.03
2017-07-07,125.04,125.07,124.81,124.91
2017-07-10,124.9,125.13,124.85,125.04
2017-07-11,125.03,125.22,124.88,125.18
2017-07-12,125.172,125.734,125.141,125.516
2017-07-13,125.547,125.672,125.266,125.406
2017-07-14,125.406,126.031,125.328,125.672
2017-07-17,125.578,125.828,125.563,125.75
2017-07-18,125.688,126.172,125.672,126.109
2017-07-19,126.109,126.188,125.953,126.047
2017-07-20,126.016,126.266,125.969,126.063
2017-07-21,126.078,126.375,126.031,126.313
2017-07-24,126.281,126.375,126.078,126.156
2017-07-25,126.141,126.203,125.484,125.578
2017-07-26,125.5,126.063,125.484,126.016
2017-07-27,125.953,126.047,125.656,125.828
2017-07-28,125.813,125.984,125.547,125.953
2017-07-31,125.922,126.047,125.828,125.891
2017-08-01,125.844,126.25,125.672,126.234
2017-08-02,126.188,126.266,125.969,126.109
2017-08-03,126.047,126.469,126.031,126.359
2017-08-04,126.391,126.438,125.906,126.078
2017-08-07,126.094,126.219,125.938,126.172
2017-08-08,126.172,126.234,125.906,126.016
2017-08-09,126.156,126.578,126.156,126.344
2017-08-10,126.266,126.672,126.188,126.563
2017-08-11,126.672,126.875,126.547,126.813
2017-08-14,126.75,126.797,126.438,126.547
2017-08-15,126.547,126.563,126.016,126.156
2017-08-16,126.109,126.578,126,126.516
2017-08-17,126.516,126.844,126.344,126.719
2017-08-18,126.797,127.047,126.563,126.75
2017-08-21,126.719,126.906,126.594,126.844
2017-08-22,126.859,126.875,126.531,126.563
2017-08-23,126.563,126.953,126.5,126.922
2017-08-24,126.938,126.953,126.672,126.688
2017-08-25,126.672,126.953,126.625,126.875
2017-08-28,126.609,126.734,126.531,126.734
2017-08-29,126.844,127.328,126.75,126.938
2017-08-30,126.953,127,126.719,126.813
2017-08-31,126.891,127.031,126.719,126.984
2017-09-01,127.016,127.234,126.594,126.672
2017-09-05,126.922,127.469,126.75,127.422
2017-09-06,127.469,127.563,127.063,127.094
2017-09-07,127.109,127.719,127.094,127.516
2017-09-08,127.641,127.891,127.391,127.5
2017-09-11,127.281,127.313,126.875,127
2017-09-12,126.953,127.016,126.563,126.641
2017-09-13,126.641,126.781,126.406,126.453
2017-09-14,126.5,126.563,126.172,126.406
2017-09-15,126.5,126.563,126.203,126.313
2017-09-18,126.266,126.281,126.031,126.078
2017-09-19,126.094,126.219,125.938,125.984
2017-09-20,125.953,126.172,125.531,125.625
2017-09-21,125.688,125.906,125.563,125.625
2017-09-22,125.594,125.938,125.578,125.734
2017-09-25,125.75,126.141,125.719,126.063
2017-09-26,126.031,126.125,125.828,126
2017-09-27,125.938,125.953,125.313,125.438
2017-09-28,125.422,125.563,125.063,125.547
2017-09-29,125.531,125.625,125.203,125.313
2017-10-02,125.234,125.391,124.938,125.25
2017-10-03,125.219,125.406,125.047,125.328
2017-10-04,125.391,125.609,125.188,125.328
2017-10-05,125.375,125.438,125.094,125.156
2017-10-06,125.172,125.219,124.703,125.031
2017-10-09,125.047,125.172,124.984,125.094
2017-10-10,125.141,125.438,125.016,125.266
2017-10-11,125.125,125.359,125.063,125.234
2017-10-12,125.188,125.438,125.156,125.391
2017-10-13,125.406,125.797,125.313,125.703
2017-10-16,125.719,125.734,125.359,125.422
2017-10-17,125.453,125.516,125.219,125.438
2017-10-18,125.422,125.438,125.047,125.141
2017-10-19,125.078,125.5,125.078,125.266
2017-10-20,125.344,125.422,124.781,124.828
2017-10-23,124.781,125,124.719,124.922
2017-10-24,124.969,125.016,124.563,124.734
2017-10-25,124.641,124.688,124.188,124.453
2017-10-26,124.547,124.734,124.281,124.375
2017-10-27,124.297,124.75,124.203,124.594
2017-10-30,124.734,125.047,124.719,125.016
2017-10-31,125,125.109,124.875,124.938
2017-11-01,124.875,125.141,124.719,124.906
2017-11-02,124.969,125.266,124.891,125.141
2017-11-03,125.156,125.406,125.016,125.156
2017-11-06,125.234,125.422,125.109,125.359
2017-11-07,125.391,125.469,125.188,125.422
2017-11-08,125.375,125.469,125.156,125.25
2017-11-09,125.172,125.328,125.047,125.188
2017-11-10,125.125,125.156,124.656,124.703
2017-11-13,124.672,124.906,124.547,124.625
2017-11-14,124.609,124.828,124.5,124.734
2017-11-15,124.797,125.219,124.766,125.047
2017-11-16,125.125,125.125,124.766,124.859
2017-11-17,124.797,125.078,124.766,124.906
2017-11-20,124.969,125.141,124.688,124.688
2017-11-21,124.703,124.922,124.594,124.688
2017-11-22,124.75,125.13,124.62,125.12
2017-11-24,125.094,125.141,124.891,124.969
2017-11-27,124.719,124.906,124.594,124.891
2017-11-28,124.859,125,124.688,124.734
2017-11-29,124.813,124.859,124.266,124.469
2017-11-30,124.328,124.406,123.922,124.047
2017-12-01,124.094,124.859,123.938,124.422
2017-12-04,123.969,124.328,123.938,124.25
2017-12-05,124.281,124.391,124.078,124.344
2017-12-06,124.375,124.719,124.297,124.594
2017-12-07,124.531,124.641,124.266,124.281
2017-12-08,124.344,124.484,124.156,124.266
2017-12-11,124.266,124.547,124.219,124.266
2017-12-12,124.25,124.344,124,124.125
2017-12-13,124.109,124.656,123.906,124.609
2017-12-14,124.641,124.656,124.25,124.563
2017-12-15,124.5,124.547,124.219,124.422
2017-12-18,124.406,124.422,124.203,124.234
2017-12-19,124.188,124.25,123.625,123.688
2017-12-20,123.719,123.828,123.422,123.453
2017-12-21,123.453,123.625,123.391,123.516
2017-12-22,123.469,123.547,123.438,123.469
2017-12-26,123.484,123.672,123.422,123.625
2017-12-27,123.563,124.016,123.531,123.984
2017-12-28,123.953,123.969,123.766,123.844
2017-12-29,123.828,124.078,123.813,124.047
2018-01-02,123.984,124,123.531,123.688
2018-01-03,123.688,123.891,123.641,123.781
2018-01-04,123.766,123.781,123.422,123.672
2018-01-05,123.672,123.875,123.469,123.516
2018-01-08,123.484,123.625,123.406,123.484
2018-01-09,123.469,123.5,122.984,123.047
2018-01-10,122.984,123.094,122.703,123
2018-01-11,122.969,123.156,122.859,123.125
2018-01-12,122.984,123.063,122.625,122.938
2018-01-16,122.922,123.156,122.844,122.984
2018-01-17,122.984,123.063,122.547,122.656
2018-01-18,122.547,122.594,122.344,122.453
2018-01-19,122.375,122.5,122.109,122.281
2018-01-22,122.281,122.359,122.047,122.094
2018-01-23,122.172,122.516,122.125,122.422
2018-01-24,122.484,122.547,122.141,122.203
2018-01-25,122.25,122.469,121.969,122.438
2018-01-26,122.438,122.453,121.984,122.063
2018-01-29,122.047,122.125,121.563,121.813
2018-01-30,121.813,121.953,121.531,121.641
2018-01-31,121.656,121.859,121.328,121.578
2018-02-01,121.672,121.672,121.078,121.219
2018-02-02,121.094,121.203,120.656,120.734
2018-02-05,120.813,122.063,120.563,121.266
2018-02-06,121.953,122.594,121.172,121.484
2018-02-07,121.203,121.609,120.859,121
2018-02-08,121.078,121.25,120.531,120.891
2018-02-09,121.031,121.578,120.797,121.172
2018-02-12,120.938,121.047,120.625,120.891
2018-02-13,120.844,121.141,120.844,121
2018-02-14,121.031,121.234,120.266,120.328
2018-02-15,120.406,120.563,120.031,120.453
2018-02-16,120.313,120.781,120.297,120.578
2018-02-20,120.563,120.656,120.156,120.484
2018-02-21,120.484,120.609,120.063,120.203
2018-02-22,120.141,120.484,120.094,120.422
2018-02-23,120.375,120.828,120.25,120.734
2018-02-26,120.172,120.453,120.094,120.266
2018-02-27,120.203,120.313,119.672,119.797
2018-02-28,119.844,120.109,119.672,120.047
2018-03-01,120.094,120.719,120.016,120.609
2018-03-02,120.547,120.703,120.078,120.188
2018-03-05,120.156,120.625,119.891,120.031
2018-03-06,120,120.219,119.828,120.031
2018-03-07,120.141,120.453,119.984,120.031
2018-03-08,120,120.313,119.953,120.172
2018-03-09,120.203,120.25,119.828,120.031
2018-03-12,119.984,120.25,119.891,120.203
2018-03-13,120.172,120.531,120.078,120.328
2018-03-14,120.359,120.688,120.234,120.547
2018-03-15,120.531,120.719,120.391,120.5
2018-03-16,120.453,120.609,120.266,120.344
2018-03-19,120.328,120.5,120.078,120.391
2018-03-20,120.281,120.344,119.938,120.094
2018-03-21,119.969,120.25,119.688,119.953
2018-03-22,120.109,120.781,120.094,120.516
2018-03-23,120.547,120.875,120.422,120.609
2018-03-26,120.641,120.734,120.344,120.469
2018-03-27,120.375,121.047,120.344,120.906
2018-03-28,121,121.281,120.781,120.906
2018-03-29,120.813,121.188,120.797,121.141
2018-04-02,121.031,121.375,120.922,121.266
2018-04-03,121.25,121.266,120.797,120.844
2018-04-04,120.906,121.156,120.672,120.828
2018-04-05,120.703,120.734,120.516,120.563
2018-04-06,120.563,121.063,120.547,121.016
2018-04-09,120.984,121.016,120.719,120.906
2018-04-10,120.922,121,120.688,120.766
2018-04-11,120.719,121.109,120.672,120.844
2018-04-12,120.906,120.969,120.406,120.469
2018-04-13,120.469,120.625,120.344,120.484
2018-04-16,120.469,120.484,120.219,120.469
2018-04-17,120.438,120.563,120.313,120.563
2018-04-18,120.453,120.516,120.078,120.141
2018-04-19,120.141,120.203,119.719,119.828
2018-04-20,119.844,119.922,119.469,119.547
2018-04-23,119.484,119.5,119.203,119.328
2018-04-24,119.313,119.453,119.125,119.328
2018-04-25,119.188,119.281,118.969,119.078
2018-04-26,119.047,119.391,119.016,119.313
2018-04-27,119.328,119.547,119.281,119.5
2018-04-30,119.484,119.656,119.375,119.625
2018-05-01,119.547,119.578,119.359,119.375
2018-05-02,119.453,119.563,119.25,119.516
2018-05-03,119.516,119.828,119.438,119.688
2018-05-04,119.688,119.984,119.563,119.703
2018-05-07,119.625,119.766,119.578,119.688
2018-05-08,119.641,119.719,119.375,119.516
2018-05-09,119.453,119.469,119.188,119.266
2018-05-10,119.219,119.672,119.203,119.391
2018-05-11,119.422,119.531,119.313,119.406
2018-05-14,119.375,119.484,119.141,119.25
2018-05-15,119.156,119.219,118.516,118.609
2018-05-16,118.672,118.797,118.438,118.547
2018-05-17,118.5,118.594,118.328,118.516
2018-05-18,118.469,118.906,118.375,118.844
2018-05-21,118.719,118.938,118.656,118.844
2018-05-22,118.875,118.953,118.719,118.875
2018-05-23,118.875,119.453,118.844,119.391
2018-05-24,119.406,119.703,119.281,119.5
2018-05-25,119.484,120.016,119.391,119.859
2018-05-29,119.516,121,119.344,120.938
2018-05-30,120.922,121.094,119.922,120.297
2018-05-31,120.219,120.469,119.938,120.438
2018-06-01,120.25,120.25,119.594,119.844
2018-06-04,119.781,119.844,119.422,119.5
2018-06-05,119.438,119.844,119.438,119.703
2018-06-06,119.625,119.672,119.234,119.281
2018-06-07,119.313,120.016,119.125,119.594
2018-06-08,119.688,119.953,119.453,119.594
2018-06-11,119.563,119.609,119.344,119.438
2018-06-12,119.438,119.547,119.234,119.406
2018-06-13,119.375,119.469,118.922,119.188
2018-06-14,119.266,119.578,119.188,119.438
2018-06-15,119.469,119.859,119.453,119.594
2018-06-18,119.609,119.781,119.563,119.594
2018-06-19,119.672,120.188,119.656,119.844
2018-06-20,119.797,119.953,119.516,119.609
2018-06-21,119.5,119.922,119.422,119.859
2018-06-22,119.844,119.906,119.641,119.828
2018-06-25,119.859,120.141,119.859,120.031
2018-06-26,119.953,120.109,119.828,120
2018-06-27,119.984,120.406,119.938,120.391
2018-06-28,120.375,120.453,120.156,120.188
2018-06-29,120.266,120.297,120.063,120.188
2018-07-02,120.125,120.438,120.031,120.078
2018-07-03,120.031,120.375,119.938,120.313
2018-07-05,120.344,120.422,120.094,120.25
2018-07-06,120.344,120.625,120.203,120.344
2018-07-09,120.375,120.391,120.094,120.125
2018-07-10,120.125,120.203,120,120.016
2018-07-11,120.234,120.406,120.078,120.25
2018-07-12,120.172,120.25,120.016,120.156
2018-07-13,120.219,120.391,120.125,120.359
2018-07-16,120.391,120.391,120,120.172
2018-07-17,120.188,120.25,120.031,120.125
2018-07-18,120.109,120.25,120,120.063
2018-07-19,120.078,120.422,119.859,120.297
2018-07-20,120.328,120.375,119.953,119.984
2018-07-23,120.016,120.109,119.453,119.484
2018-07-24,119.563,119.641,119.391,119.563
2018-07-25,119.547,119.703,119.328,119.656
2018-07-26,119.375,119.563,119.281,119.344
2018-07-27,119.328,119.516,119.25,119.438
2018-07-30,119.484,119.484,119.25,119.375
2018-07-31,119.375,119.656,119.344,119.422
2018-08-01,119.406,119.563,119.078,119.172
2018-08-02,119.172,119.375,119.109,119.328
2018-08-03,119.297,119.641,119.234,119.609
2018-08-06,119.609,119.844,119.531,119.734
2018-08-07,119.703,119.75,119.406,119.469
2018-08-08,119.469,119.594,119.391,119.5
2018-08-09,119.531,119.797,119.5,119.719
2018-08-10,119.75,120.406,119.734,120.375
2018-08-13,120.313,120.484,120.125,120.25
2018-08-14,120.156,120.25,120.031,120.109
2018-08-15,120.063,120.563,120.047,120.438
2018-08-16,120.328,120.406,120.109,120.266
2018-08-17,120.313,120.5,120.219,120.25
2018-08-20,120.328,120.688,120.281,120.625
2018-08-21,120.672,120.688,120.391,120.453
2018-08-22,120.578,120.75,120.516,120.625
2018-08-23,120.609,120.703,120.5,120.594
2018-08-24,120.516,120.625,120.359,120.516
2018-08-27,120.5,120.547,120.203,120.234
2018-08-28,120.266,120.281,119.938,119.984
2018-08-29,119.984,120.125,119.859,119.969
2018-08-30,119.953,120.219,119.922,120.156
2018-08-31,120.203,120.391,120.141,120.266
2018-09-04,120.188,120.297,119.891,119.922
2018-09-05,119.953,120.078,119.828,119.953
2018-09-06,119.969,120.219,119.906,120.172
2018-09-07,120.219,120.234,119.594,119.641
2018-09-10,119.609,119.734,119.578,119.656
2018-09-11,119.688,119.703,119.281,119.328
2018-09-12,119.344,119.5,119.328,119.438
2018-09-13,119.438,119.594,119.266,119.422
2018-09-14,119.359,119.422,119.109,119.172
2018-09-17,119.156,119.234,118.984,119.125
2018-09-18,119.234,119.328,118.719,118.797
2018-09-19,118.734,118.844,118.5,118.563
2018-09-20,118.703,118.734,118.438,118.594
2018-09-21,118.656,118.734,118.531,118.672
2018-09-24,118.703,118.719,118.469,118.625
2018-09-25,118.516,118.563,118.344,118.453
2018-09-26,118.438,118.859,118.438,118.734
2018-09-27,118.828,118.984,118.641,118.75
2018-09-28,118.766,119,118.734,118.781
2018-10-01,118.719,118.766,118.516,118.672
2018-10-02,118.625,118.922,118.609,118.813
2018-10-03,118.75,118.891,117.922,118.125
2018-10-04,117.984,118.031,117.609,117.859
2018-10-05,117.891,117.969,117.516,117.672
2018-10-08,117.625,117.813,117.422,117.703
2018-10-09,117.641,117.859,117.469,117.813
2018-10-10,117.797,118.203,117.547,117.75
2018-10-11,118.203,118.453,117.953,118.391
2018-10-12,118.234,118.438,118,118.344
2018-10-15,118.172,118.328,118.141,118.156
2018-10-16,118.219,118.25,118.047,118.219
2018-10-17,118.125,118.297,117.844,118.047
2018-10-18,117.859,118.281,117.781,118.141
2018-10-19,118.078,118.188,117.891,117.953
2018-10-22,117.969,118.125,117.875,118
2018-10-23,117.969,118.656,117.969,118.266
2018-10-24,118.25,118.859,118.219,118.625
2018-10-25,118.766,118.844,118.438,118.531
2018-10-26,118.688,119.188,118.672,119.031
2018-10-29,119.016,119.172,118.703,118.953
2018-10-30,118.953,118.984,118.656,118.781
2018-10-31,118.656,118.672,118.359,118.438
2018-11-01,118.516,118.656,118.344,118.578
2018-11-02,118.672,118.703,117.984,118.047
2018-11-05,118.047,118.25,118.031,118.141
2018-11-06,118.125,118.234,117.891,118
2018-11-07,117.906,118.266,117.719,117.984
2018-11-08,117.797,118,117.703,117.781
2018-11-09,117.75,118.203,117.734,118.125
2018-11-12,118.172,118.469,118.109,118.391
2018-11-13,118.422,118.578,118.234,118.516
2018-11-14,118.5,118.984,118.375,118.75
2018-11-15,118.688,119.094,118.609,118.813
2018-11-16,118.813,119.25,118.766,119.156
2018-11-19,119.25,119.375,119.016,119.297
2018-11-20,119.234,119.438,119.188,119.344
2018-11-21,119.203,119.266,119.016,119.234
2018-11-23,119.203,119.453,119.125,119.281
2018-11-26,119.172,119.188,118.922,118.984
2018-11-27,119.094,119.188,118.969,119.109
2018-11-28,119.094,119.281,118.953,119.266
2018-11-29,119.172,119.625,119.094,119.313
2018-11-30,119.375,119.672,119.359,119.453
2018-12-03,119.281,119.781,119.141,119.594
2018-12-04,119.75,120.281,119.688,120.016
2018-12-06,120.047,120.859,120,120.406
2018-12-07,120.313,120.734,120.188,120.719
2018-12-10,120.781,120.938,120.563,120.656
2018-12-11,120.625,120.766,120.344,120.422
2018-12-12,120.438,120.484,120.141,120.234
2018-12-13,120.203,120.359,120.141,120.234
2018-12-14,120.219,120.594,120.219,120.391
2018-12-17,120.391,120.734,120.328,120.656
2018-12-18,120.641,120.938,120.609,120.859
2018-12-19,120.938,121.422,120.688,121.172
2018-12-20,121.266,121.328,120.891,121.063
2018-12-21,120.938,121.141,120.891,121.031
2018-12-24,121.078,121.563,121,121.406
2018-12-26,121.531,121.641,120.875,121.031
2018-12-27,120.969,121.594,120.953,121.531
2018-12-28,121.391,121.813,121.281,121.625
2018-12-31,121.672,122.125,121.563,122.016
2019-01-02,121.813,122.516,121.813,122.188
2019-01-03,122.594,123.25,122.219,123.156
2019-01-04,123.156,123.234,122.125,122.297
2019-01-07,122.188,122.469,121.906,122.047
2019-01-08,121.953,122.047,121.609,121.75
2019-01-09,121.656,121.859,121.5,121.719
2019-01-10,121.797,122.109,121.578,121.719
2019-01-11,121.625,122.109,121.609,121.953
2019-01-14,121.922,122.281,121.875,121.906
2019-01-15,121.938,122.188,121.781,121.906
2019-01-16,121.844,121.938,121.609,121.719
2019-01-17,121.766,121.969,121.391,121.516
2019-01-18,121.5,121.547,121.063,121.172
2019-01-22,121.172,121.625,121.156,121.578
2019-01-23,121.484,121.547,121.219,121.391
2019-01-24,121.484,121.844,121.406,121.75
2019-01-25,121.703,121.781,121.313,121.406
2019-01-28,121.344,121.609,121.266,121.5
2019-01-29,121.469,121.813,121.453,121.781
2019-01-30,121.75,122.141,121.5,122
2019-01-31,122.109,122.594,122.063,122.469
2019-02-01,122.453,122.531,121.875,121.938
2019-02-04,121.984,122,121.625,121.719
2019-02-05,121.719,121.969,121.594,121.875
2019-02-06,121.875,122.109,121.813,121.891
2019-02-07,121.922,122.297,121.906,122.281
2019-02-08,122.203,122.469,122.188,122.375
2019-02-11,122.328,122.406,122.063,122.125
2019-02-12,122.188,122.203,121.891,121.953
2019-02-13,121.938,121.984,121.656,121.75
2019-02-14,121.781,122.297,121.703,122.172
2019-02-15,122.172,122.25,121.906,122.047
2019-02-19,122.047,122.313,121.938,122.219
2019-02-20,122.297,122.375,122.141,122.156
2019-02-21,122.219,122.25,121.797,121.906
2019-02-22,121.844,122.281,121.844,122.141
2019-02-25,122.375,122.453,122.25,122.359
2019-02-26,122.422,122.688,122.391,122.672
2019-02-27,122.641,122.703,122.172,122.219
2019-02-28,122.281,122.469,121.844,122
2019-03-01,121.984,122,121.547,121.641
2019-03-04,121.531,121.922,121.484,121.859
2019-03-05,121.875,121.922,121.625,121.875
2019-03-06,121.906,122.25,121.875,122.156
2019-03-07,122.141,122.672,122.125,122.656
2019-03-08,122.594,122.953,122.531,122.766
2019-03-11,122.688,122.781,122.531,122.641
2019-03-12,122.609,122.969,122.375,122.875
2019-03-13,122.875,122.906,122.688,122.859
2019-03-14,122.703,122.844,122.578,122.703
2019-03-15,122.703,123.109,122.641,122.969
2019-03-18,122.953,123.031,122.813,122.844
2019-03-19,122.844,122.953,122.625,122.766
2019-03-20,122.75,123.531,122.719,123.406
2019-03-21,123.438,123.688,123.281,123.359
2019-03-22,123.359,124.266,123.328,124.031
2019-03-25,124.063,124.672,123.875,124.328
2019-03-26,124.484,124.516,124.063,124.406
2019-03-27,124.313,124.969,124.266,124.688
2019-03-28,124.703,124.953,124.328,124.5
2019-03-29,124.406,124.453,124.078,124.219
2019-04-01,124.156,124.172,123.516,123.609
2019-04-02,123.625,123.859,123.609,123.766
2019-04-03,123.813,123.844,123.406,123.5
2019-04-04,123.438,123.703,123.422,123.547
2019-04-05,123.516,123.688,123.266,123.594
2019-04-08,123.625,123.703,123.422,123.453
2019-04-09,123.453,123.75,123.406,123.641
2019-04-10,123.594,123.922,123.531,123.797
2019-04-11,123.844,123.859,123.516,123.563
2019-04-12,123.609,123.672,123.031,123.094
2019-04-15,123.047,123.203,122.969,123.156
2019-04-16,123.156,123.203,122.797,122.828
2019-04-17,122.844,122.938,122.641,122.859
2019-04-18,122.859,123.234,122.844,123.141
2019-04-22,123.125,123.172,122.922,122.938
2019-04-23,122.953,123.203,122.906,123.125
2019-04-24,123.141,123.578,123.109,123.531
2019-04-25,123.516,123.563,123.328,123.391
2019-04-26,123.391,123.75,123.281,123.672
2019-04-29,123.672,123.703,123.391,123.438
2019-04-30,123.516,123.719,123.313,123.672
2019-05-01,123.688,124.125,123.469,123.578
2019-05-02,123.609,123.656,123.156,123.172
2019-05-03,123.25,123.469,122.938,123.344
2019-05-06,123.563,124.109,123.563,123.625
2019-05-07,123.938,124.031,123.609,124.016
2019-05-08,123.922,124.188,123.656,123.75
2019-05-09,123.734,124.266,123.734,123.984
2019-05-10,124.063,124.219,123.828,123.984
2019-05-13,124.094,124.563,124,124.422
2019-05-14,124.406,124.531,124.25,124.328
2019-05-15,124.391,124.844,124.313,124.672
2019-05-16,124.688,124.844,124.313,124.422
2019-05-17,124.516,124.781,124.359,124.484
2019-05-20,124.5,124.594,124.25,124.281
2019-05-21,124.281,124.359,124.031,124.141
2019-05-22,124.141,124.516,124.094,124.438
2019-05-23,124.5,125.219,124.469,125.203
2019-05-24,124.938,125.078,124.844,124.891
2019-05-28,125.328,125.781,125.219,125.719
2019-05-29,125.719,126.188,125.656,125.953
2019-05-30,125.688,126.141,125.5,126.016
2019-05-31,126.094,126.875,126.063,126.75
2019-06-03,126.719,127.469,126.719,127.281
2019-06-04,127.359,127.438,126.688,126.953
2019-06-05,126.813,127.438,126.75,126.984
2019-06-06,126.938,127.234,126.828,126.938
2019-06-07,126.969,127.609,126.875,127.219
2019-06-10,126.781,127.031,126.688,126.75
2019-06-11,126.703,126.813,126.484,126.797
2019-06-12,126.75,127.094,126.75,126.984
2019-06-13,127.031,127.438,126.984,127.359
2019-06-14,127.313,127.656,127.156,127.297
2019-06-17,127.391,127.406,127.094,127.328
2019-06-18,127.25,127.906,127.203,127.5
2019-06-19,127.516,127.922,127.156,127.859
2019-06-20,127.875,128.266,127.672,128.063
2019-06-21,127.797,128.016,127.438,127.516
2019-06-24,127.641,127.984,127.531,127.938
2019-06-25,127.969,128.25,127.891,128.125
2019-06-26,128.172,128.188,127.563,127.594
2019-06-27,127.625,127.953,127.375,127.938
2019-06-28,127.859,128,127.688,127.969
2019-07-01,127.688,127.969,127.531,127.688
2019-07-02,127.75,128.172,127.719,128.141
2019-07-03,128.156,128.438,128.141,128.25
2019-07-05,128.25,128.406,127.266,127.469
2019-07-08,127.5,127.734,127.328,127.5
2019-07-09,127.391,127.5,127.156,127.297
2019-07-10,127.234,127.578,126.859,127.438
2019-07-11,127.438,127.641,126.75,126.984
2019-07-12,126.859,127.141,126.781,127.109
2019-07-15,127.172,127.219,126.844,127.172
2019-07-16,127.203,127.25,126.719,126.922
2019-07-17,127.031,127.531,126.969,127.359
2019-07-18,127.453,127.813,127.234,127.641
2019-07-19,127.781,127.859,127.375,127.531
2019-07-22,127.594,127.688,127.344,127.594
2019-07-23,127.563,127.609,127.281,127.359
2019-07-24,127.281,127.672,127.266,127.516
2019-07-25,127.531,127.844,127.078,127.281
2019-07-26,127.234,127.375,127.031,127.219
2019-07-29,127.453,127.5,127.453,127.453
2019-07-30,127.359,127.547,127.234,127.344
2019-07-31,127.359,127.703,127.016,127.422
2019-08-01,127.5,128.813,127.141,128.688
2019-08-02,128.563,129.141,128.453,128.859
2019-08-05,128.906,130,128.844,129.844
2019-08-06,130.156,130.328,129.469,129.766
2019-08-07,130.016,130.859,129.719,130.156
2019-08-08,129.734,130.016,129.375,129.922
2019-08-09,130,130.266,129.547,129.688
2019-08-12,129.672,130.453,129.609,130.375
2019-08-13,130.281,130.531,129.531,129.828
2019-08-14,129.672,130.688,129.656,130.516
2019-08-15,130.438,131.344,130.313,130.953
2019-08-16,130.906,131.094,130.406,130.922
2019-08-19,130.813,130.813,130.297,130.438
2019-08-20,130.359,130.953,130.359,130.734
2019-08-21,130.75,130.797,130.328,130.531
2019-08-22,130.469,130.734,130.125,130.297
2019-08-23,130.25,131.156,129.875,130.953
2019-08-26,131.953,132.281,131.422,131.438
2019-08-27,131.531,131.953,131.516,131.797
2019-08-28,131.906,132.172,131.781,132.016
2019-08-29,131.984,132.203,131.469,131.625
2019-08-30,131.766,131.828,131.406,131.719
2019-09-03,131.859,132.406,131.516,132.125
2019-09-04,132.156,132.344,131.875,132.281
2019-09-05,132.203,132.234,131.078,131.297
2019-09-06,131.328,131.484,130.844,131.375
2019-09-09,131.313,131.359,130.641,130.859
2019-09-10,130.688,130.828,129.813,130.156
2019-09-11,129.953,130.094,129.766,129.906
2019-09-12,129.906,130.406,129.375,129.438
2019-09-13,129.609,129.672,128.5,128.578
2019-09-16,128.844,129.219,128.75,129.063
2019-09-17,129.031,129.406,128.969,129.281
2019-09-18,129.375,129.859,129.188,129.391
2019-09-19,129.297,129.703,129.109,129.594
2019-09-20,129.5,129.969,129.375,129.688
2019-09-23,129.766,130.422,129.578,130.078
2019-09-24,129.969,130.781,129.922,130.719
2019-09-25,130.578,130.75,129.891,129.953
2019-09-26,129.922,130.391,129.906,130.281
2019-09-27,130.219,130.406,129.938,130.391
2019-09-30,130.219,130.391,130.031,130.313
2019-10-01,130.375,130.922,129.625,130.656
2019-10-02,130.688,131.25,130.438,131.141
2019-10-03,131.063,131.969,131.047,131.75
2019-10-04,131.703,132.031,131.484,131.906
2019-10-07,131.906,131.984,131.406,131.516
2019-10-08,131.484,131.953,131.203,131.703
2019-10-09,131.75,131.813,131.25,131.281
2019-10-10,131.359,131.75,130.594,130.703
2019-10-11,130.641,130.813,129.719,129.875
2019-10-14,130.063,130.594,129.938,130.219
2019-10-15,130.281,130.547,129.703,129.766
2019-10-16,129.797,130.234,129.766,129.984
2019-10-17,130.031,130.188,129.516,129.906
2019-10-18,129.922,130.172,129.766,130.031
2019-10-21,130.094,130.125,129.531,129.625
2019-10-22,129.578,129.859,129.469,129.813
2019-10-23,129.875,130.141,129.766,129.859
2019-10-24,129.828,130.063,129.641,129.844
2019-10-25,129.859,129.969,129.359,129.531
2019-10-28,129.578,129.578,129.047,129.156
2019-10-29,129.172,129.359,129.047,129.266
2019-10-30,129.234,129.719,129.109,129.484
2019-10-31,129.719,130.406,129.531,130.297
2019-11-01,130.266,130.484,129.844,130.016
2019-11-04,130.031,130.078,129.531,129.578
2019-11-05,129.625,129.656,128.859,128.922
2019-11-06,128.969,129.391,128.938,129.328
2019-11-07,129.203,129.375,127.984,128.391
2019-11-08,128.422,128.688,128.109,128.391
2019-11-11,128.25,128.578,128.219,128.391
2019-11-12,128.391,128.578,128.141,128.531
2019-11-13,128.328,128.922,128.328,128.891
2019-11-14,128.734,129.469,128.688,129.344
2019-11-15,129.266,129.313,129.016,129.141
2019-11-18,129.141,129.453,128.969,129.328
2019-11-19,129.266,129.5,129.156,129.438
2019-11-20,129.453,129.891,129.438,129.797
2019-11-21,129.875,130.063,129.391,129.484
2019-11-22,129.469,129.703,129.328,129.453
2019-11-25,129.484,129.656,129.313,129.578
2019-11-26,129.609,129.813,129.422,129.75
2019-11-27,129.75,129.766,129.391,129.484
2019-11-29,129.453,129.625,129.234,129.359
2019-12-02,129.25,129.25,128.734,128.906
2019-12-03,129.047,130.141,128.813,130.031
2019-12-04,129.891,130.109,129.391,129.422
2019-12-05,129.484,129.625,129.078,129.313
2019-12-06,129.188,129.453,128.656,128.891
2019-12-09,128.891,129.172,128.844,128.969
2019-12-10,129.047,129.219,128.797,128.922
2019-12-11,128.859,129.344,128.828,129.281
2019-12-12,129.25,129.438,128.156,128.391
2019-12-13,128.141,129.063,127.906,129.031
2019-12-16,128.891,128.938,128.406,128.422
2019-12-17,128.578,128.719,128.422,128.453
2019-12-18,128.531,128.641,128.063,128.172
2019-12-19,128.234,128.406,127.922,128.313
2019-12-20,128.203,128.266,127.969,128.25
2019-12-23,128.219,128.391,128.047,128.094
2019-12-24,128.141,128.391,128,128.313
2019-12-26,128.359,128.469,128.203,128.375
2019-12-27,128.406,128.672,128.391,128.656
2019-12-30,128.609,128.688,128.156,128.531
2019-12-31,128.609,128.609,128.25,128.422
2020-01-02,128.297,128.922,128.156,128.625
2020-01-03,128.656,129.438,128.625,129.391
2020-01-06,129.5,129.656,129.156,129.25
2020-01-07,129.234,129.391,129.141,129.156
2020-01-08,129.25,130.188,128.734,128.766
2020-01-09,128.766,128.938,128.547,128.891
2020-01-10,128.859,129.172,128.766,129.078
2020-01-13,129.109,129.109,128.813,128.922
2020-01-14,128.922,129.234,128.781,129.141
2020-01-15,129.172,129.438,129.125,129.344
2020-01-16,129.359,129.438,129.078,129.156
2020-01-17,129.109,129.219,128.906,129.047
2020-01-21,129.125,129.609,129.109,129.578
2020-01-22,129.531,129.625,129.375,129.547
2020-01-23,129.547,130.031,129.547,129.781
2020-01-24,129.813,130.375,129.594,130.281
2020-01-27,130.578,130.969,130.531,130.891
2020-01-28,130.813,131.188,130.453,130.609
2020-01-29,130.516,131.156,130.422,131.016
2020-01-30,131.063,131.531,131,131.313
2020-01-31,131.016,131.828,130.938,131.656
2020-02-03,131.859,131.875,131.125,131.578
2020-02-04,131.547,131.641,130.75,130.891
2020-02-05,130.922,131.141,130.359,130.547
2020-02-06,130.547,130.656,130.219,130.563
2020-02-07,130.547,131.141,130.516,131.078
2020-02-10,131.094,131.391,130.891,131.359
2020-02-11,131.125,131.188,130.875,131
2020-02-12,130.891,130.938,130.609,130.688
2020-02-13,130.656,131.172,130.641,130.766
2020-02-14,130.734,131.125,130.734,130.984
2020-02-18,130.938,131.391,130.828,131.203
2020-02-19,131.172,131.25,130.938,131.078
2020-02-20,131.094,131.594,130.938,131.438
2020-02-21,131.5,132.141,131.438,131.859
2020-02-24,132.109,132.797,131.984,132.563
2020-02-25,132.641,133.234,132.234,133.016
2020-02-26,132.797,133.297,132.578,133.219
2020-02-27,132.969,133.859,132.906,133.328
2020-02-28,133.578,134.922,133.438,134.75
2020-03-02,134.969,135.766,134.438,135.109
2020-03-03,134.438,136.719,134.281,135.75
2020-03-04,135.90625,136.421875,135.421875,136
2020-03-05,135.53125,136.71875,135.390625,136.53125
2020-03-06,136.625,138.375,136.46875,137.921875
2020-03-09,138.5,140.75,138.46875,139.453125
2020-03-10,138.953125,139.421875,137.0625,137.625
2020-03-11,137.3125,138.59375,137.015625,137.390625
2020-03-12,137.234375,139.21875,136.75,137.25
2020-03-13,138.109375,138.5,135.796875,136.28125
2020-03-16,138.265625,138.953125,136.625,137.96875
2020-03-17,138.078125,138.125,135.09375,135.890625
2020-03-18,135.34375,136.015625,134.015625,134.078125
2020-03-19,134.46875,135.96875,133.65625,135.21875
2020-03-20,134.9375,137.453125,134.6875,136.734375
2020-03-23,137.5625,138.5625,137.203125,138.203125
2020-03-24,138.09375,138.3125,136.921875,137.453125
2020-03-25,137.234375,137.6875,137.03125,137.34375
2020-03-26,137.25,138.015625,137.21875,137.734375
2020-03-27,137.390625,138.75,137.34375,138.265625
2020-03-30,138.921875,139.390625,138.375,138.828125
2020-03-31,138.46875,139.046875,138.34375,138.6875
2020-04-01,138.796875,139.421875,138.78125,138.984375
2020-04-02,139.296875,139.453125,138.78125,138.890625
2020-04-03,139.015625,139.34375,138.890625,139.140625
2020-04-06,138.984375,139.03125,138.328125,138.40625
2020-04-07,138.4375,138.46875,137.5,137.90625
2020-04-08,138.0625,138.296875,137.703125,137.84375
2020-04-09,137.765625,138.390625,137.65625,138.25
2020-04-13,138.078125,138.34375,137.890625,138.078125
2020-04-14,137.96875,138.390625,137.84375,138.21875
2020-04-15,138.21875,139.28125,138.1875,139.15625
2020-04-16,139.171875,139.40625,138.953125,139.234375
2020-04-17,138.84375,139.4375,138.53125,138.890625
2020-04-20,139.015625,139.234375,138.921875,139.109375
2020-04-21,139.21875,139.6875,139.078125,139.390625
2020-04-22,139.421875,139.53125,138.828125,139.046875
2020-04-23,139.03125,139.171875,138.859375,139.015625
2020-04-24,139.09375,139.234375,138.890625,139.109375
2020-04-27,139,139.046875,138.578125,138.65625
2020-04-28,138.625,139.109375,138.53125,139.015625
2020-04-29,139,139.28125,138.828125,138.96875
2020-04-30,138.9375,139.359375,138.796875,139.0625
2020-05-01,138.96875,139.265625,138.84375,138.875
2020-05-04,139.109375,139.234375,138.796875,138.96875
2020-05-05,138.921875,138.984375,138.625,138.859375
2020-05-06,138.796875,138.8125,138.265625,138.546875
2020-05-07,138.625,139.34375,138.5,139.296875
2020-05-08,139.1875,139.5,138.875,138.953125
2020-05-11,138.9375,139.0625,138.609375,138.625
2020-05-12,138.71875,139.09375,138.578125,138.953125
2020-05-13,139.078125,139.3125,139.03125,139.21875
2020-05-14,139.203125,139.515625,139.15625,139.421875
2020-05-15,139.375,139.65625,139.25,139.328125
2020-05-18,139.359375,139.390625,138.5625,138.59375
2020-05-19,138.671875,139.046875,138.578125,138.859375
2020-05-20,139.046875,139.15625,138.78125,139.078125
2020-05-21,139.015625,139.21875,138.984375,139.0625
2020-05-22,139.0625,139.421875,139.046875,139.15625
2020-05-26,139.1875,139.25,138.796875,138.953125
2020-05-27,138.984375,139.3125,138.6875,139.125
2020-05-28,139.0625,139.21875,138.890625,138.953125
2020-05-29,139.0625,139.40625,139.046875,139.375
2020-06-01,139.125,139.234375,138.78125,139.015625
2020-06-02,139,139.109375,138.78125,138.859375
2020-06-03,138.84375,138.875,138.109375,138.1875
2020-06-04,138.28125,138.375,137.6875,137.796875
2020-06-05,137.75,137.953125,136.6875,137.09375
2020-06-08,137.109375,137.484375,136.9375,137.296875
2020-06-09,137.34375,137.90625,137.328125,137.71875
2020-06-10,137.75,138.671875,137.6875,138.484375
2020-06-11,138.625,139.09375,138.609375,139.046875
2020-06-12,138.890625,138.96875,138.5625,138.734375
2020-06-15,138.828125,139.09375,138.53125,138.734375
2020-06-16,138.5625,138.6875,138.21875,138.4375
2020-06-17,138.4375,138.671875,138.359375,138.59375
2020-06-18,138.5,138.875,138.5,138.828125
2020-06-19,138.671875,138.875,138.421875,138.78125
2020-06-22,138.921875,138.953125,138.640625,138.703125
2020-06-23,138.640625,138.90625,138.515625,138.75
2020-06-24,138.671875,138.90625,138.53125,138.875
2020-06-25,138.875,139.0625,138.796875,138.90625
2020-06-26,138.84375,139.265625,138.828125,139.21875
2020-06-29,139.234375,139.421875,139.078125,139.328125
2020-06-30,139.375,139.4375,139.09375,139.171875
2020-07-01,139.15625,139.171875,138.796875,138.953125
2020-07-02,138.96875,139.1875,138.734375,139.09375
2020-07-06,139.15625,139.234375,138.765625,138.984375
2020-07-07,139.015625,139.328125,138.9375,139.203125
2020-07-08,139.25,139.28125,139.015625,139.1875
2020-07-09,139.078125,139.53125,139.0625,139.5
2020-07-10,139.375,139.703125,139.109375,139.21875
2020-07-13,139.15625,139.375,139.015625,139.21875
2020-07-14,139.34375,139.515625,139.234375,139.421875
2020-07-15,139.203125,139.4375,139.109375,139.34375
2020-07-16,139.3125,139.5625,139.265625,139.484375
2020-07-17,139.4375,139.5625,139.3125,139.359375
2020-07-20,139.359375,139.5625,139.328125,139.390625
2020-07-21,139.46875,139.59375,139.328125,139.515625
2020-07-22,139.546875,139.671875,139.484375,139.5625
2020-07-23,139.53125,139.703125,139.515625,139.625
2020-07-24,139.625,139.78125,139.53125,139.578125
2020-07-27,139.5625,139.75,139.40625,139.46875
2020-07-28,139.421875,139.734375,139.25,139.703125
2020-07-29,139.703125,139.875,139.578125,139.75
2020-07-30,139.78125,140.0625,139.75,140.015625
2020-07-31,139.96875,140.1875,139.875,140.078125
2020-08-03,140.15625,140.15625,139.875,139.9375
2020-08-04,140.03125,140.40625,139.9375,140.328125
2020-08-05,140.390625,140.40625,140,140.078125
2020-08-06,140.03125,140.40625,140,140.15625
2020-08-07,140.140625,140.28125,139.90625,139.953125
2020-08-10,139.9375,140.140625,139.828125,139.875
2020-08-11,139.875,139.9375,139.21875,139.25
2020-08-12,139.359375,139.5,139,139.1875
2020-08-13,139.125,139.4375,138.890625,138.96875
2020-08-14,138.90625,139.21875,138.90625,139.125
2020-08-17,139.15625,139.46875,139.109375,139.328125
2020-08-18,139.296875,139.5,139.25,139.390625
2020-08-19,139.421875,139.5625,139.265625,139.375
2020-08-20,139.3125,139.65625,139.3125,139.5625
2020-08-21,139.5,139.734375,139.421875,139.5625
2020-08-24,139.609375,139.71875,139.4375,139.515625
2020-08-25,139.46875,139.484375,139.015625,139.3125
2020-08-26,139.265625,139.34375,139.015625,139.3125
2020-08-27,139.328125,139.625,138.890625,138.96875
2020-08-28,138.90625,139.359375,138.71875,139.25
2020-08-31,139.140625,139.3125,138.9375,139.25
2020-09-01,139.203125,139.453125,139.03125,139.4375
2020-09-02,139.4375,139.609375,139.28125,139.546875
2020-09-03,139.546875,139.90625,139.40625,139.78125
2020-09-04,139.65625,139.75,139,139.03125
2020-09-08,139.09375,139.515625,139.015625,139.390625
2020-09-09,139.5,139.625,139.21875,139.296875
2020-09-10,139.296875,139.5,139.15625,139.4375
2020-09-11,139.421875,139.625,139.3125,139.59375
2020-09-14,139.59375,139.71875,139.5,139.578125
2020-09-15,139.5625,139.59375,139.421875,139.5
2020-09-16,139.484375,139.6875,139.328125,139.453125
2020-09-17,139.375,139.75,139.359375,139.453125
2020-09-18,139.421875,139.5625,139.34375,139.40625
2020-09-21,139.390625,139.734375,139.390625,139.5625
2020-09-22,139.578125,139.625,139.484375,139.625
2020-09-23,139.546875,139.671875,139.390625,139.5
2020-09-24,139.515625,139.609375,139.46875,139.578125
2020-09-25,139.546875,139.71875,139.46875,139.640625
2020-09-28,139.640625,139.6875,139.515625,139.625
2020-09-29,139.703125,139.8125,139.625,139.78125
2020-09-30,139.734375,139.796875,139.34375,139.53125
2020-10-01,139.46875,139.640625,139.203125,139.546875
2020-10-02,139.515625,139.78125,139.359375,139.4375
2020-10-05,139.375,139.453125,138.75,138.921875
2020-10-06,138.765625,139.1875,138.71875,139.046875
2020-10-07,139.125,139.140625,138.640625,138.71875
2020-10-08,138.703125,138.9375,138.703125,138.921875
2020-10-09,138.796875,138.984375,138.671875,138.828125
2020-10-12,138.828125,138.9375,138.796875,138.90625
2020-10-13,138.90625,139.25,138.890625,139.203125
2020-10-14,139.203125,139.328125,139.140625,139.21875
2020-10-15,139.203125,139.4375,139.0625,139.125
2020-10-16,139.09375,139.234375,138.96875,139.0625
2020-10-19,139.03125,139.046875,138.75,138.921875
2020-10-20,138.828125,138.890625,138.65625,138.703125
2020-10-21,138.75,138.765625,138.40625,138.578125
2020-10-22,138.5,138.625,138.15625,138.328125
2020-10-23,138.265625,138.46875,138.171875,138.359375
2020-10-26,138.34375,138.71875,138.34375,138.640625
2020-10-27,138.625,138.90625,138.578125,138.84375
2020-10-28,138.890625,139.09375,138.765625,138.796875
2020-10-29,138.8125,138.890625,138.359375,138.40625
2020-10-30,138.46875,138.609375,138.109375,138.21875
2020-11-02,138.171875,138.484375,138.140625,138.296875
2020-11-03,138.3125,138.34375,137.953125,138.09375
2020-11-04,137.953125,139.03125,137.640625,138.984375
2020-11-05,138.96875,139.265625,138.765625,138.875
2020-11-06,138.96875,139.03125,138.390625,138.546875
2020-11-09,138.5,138.765625,137.40625,137.578125
2020-11-10,137.8125,137.921875,137.421875,137.4375
2020-11-11,137.5,137.671875,137.25,137.609375
2020-11-12,137.625,138.234375,137.609375,138.15625
2020-11-13,138.203125,138.328125,138.046875,138.109375
2020-11-16,138.078125,138.25,137.84375,138.03125
2020-11-17,138.03125,138.359375,137.953125,138.296875
2020-11-18,138.359375,138.515625,138.078125,138.1875
2020-11-19,138.21875,138.515625,138.21875,138.359375
2020-11-20,138.515625,138.625,138.375,138.5
2020-11-23,138.53125,138.546875,138.265625,138.3125
2020-11-24,138.328125,138.375,138.171875,138.25
2020-11-25,138.25,138.46875,138.125,138.265625
2020-11-27,138.25,138.546875,138.234375,138.546875
2020-11-30,138.171875,138.25,138.046875,138.171875
2020-12-01,138.1875,138.234375,137.40625,137.4375
2020-12-02,137.53125,137.65625,137.265625,137.421875
2020-12-03,137.515625,137.8125,137.4375,137.65625
2020-12-04,137.765625,137.84375,137.234375,137.375
2020-12-07,137.390625,137.765625,137.28125,137.71875
2020-12-08,137.75,137.984375,137.625,137.8125
2020-12-09,137.71875,137.75,137.46875,137.625
2020-12-10,137.6875,137.90625,137.625,137.890625
2020-12-11,137.875,138.21875,137.828125,138.09375
2020-12-14,137.96875,138.125,137.71875,138.078125
2020-12-15,138.078125,138.125,137.8125,137.859375
2020-12-16,137.9375,138.015625,137.609375,137.890625
2020-12-17,137.90625,138.125,137.71875,137.859375
2020-12-18,137.796875,137.953125,137.734375,137.75
2020-12-21,137.75,138.25,137.71875,137.765625
2020-12-22,137.796875,138,137.765625,137.984375
2020-12-23,137.984375,138.09375,137.625,137.765625
2020-12-24,137.796875,137.9375,137.734375,137.875
2020-12-28,137.921875,137.984375,137.671875,137.921875
2020-12-29,137.96875,137.96875,137.796875,137.921875
2020-12-30,137.890625,137.984375,137.75,137.96875
2020-12-31,137.96875,138.109375,137.890625,138.078125
2021-01-04,137.96875,138.171875,137.8125,138.125
2021-01-05,138.15625,138.15625,137.78125,137.84375
2021-01-06,137.828125,137.921875,137.09375,137.203125
2021-01-07,137.234375,137.296875,136.84375,136.953125
2021-01-08,136.875,136.921875,136.515625,136.65625
2021-01-11,136.5625,136.75,136.296875,136.421875
2021-01-12,136.3125,136.453125,136.03125,136.390625
2021-01-13,136.421875,136.859375,136.375,136.765625
2021-01-14,136.796875,136.875,136.5,136.5625
2021-01-15,136.53125,136.953125,136.515625,136.859375
2021-01-19,136.921875,136.984375,136.65625,136.9375
2021-01-20,136.953125,137.0625,136.796875,136.96875
2021-01-21,137,137.0625,136.734375,136.890625
2021-01-22,136.875,137.078125,136.8125,137.03125
2021-01-25,137.03125,137.453125,136.9375,137.375
2021-01-26,137.421875,137.453125,137.265625,137.375
2021-01-27,137.375,137.640625,137.28125,137.53125
2021-01-28,137.5,137.59375,137.125,137.25
2021-01-29,137.265625,137.328125,136.890625,137.03125
2021-02-01,137.171875,137.296875,137.0625,137.1875
2021-02-02,137.15625,137.21875,136.875,136.9375
2021-02-03,137.015625,137.015625,136.71875,136.796875
2021-02-04,136.734375,136.84375,136.59375,136.796875
2021-02-05,136.765625,136.921875,136.5,136.6875
2021-02-08,136.671875,136.78125,136.453125,136.6875
2021-02-09,136.625,136.8125,136.609375,136.71875
2021-02-10,136.703125,136.984375,136.578125,136.921875
2021-02-11,136.984375,137.0625,136.796875,136.859375
2021-02-12,136.8125,136.9375,136.46875,136.546875
2021-02-16,136.453125,136.46875,135.640625,135.78125
2021-02-17,135.65625,135.953125,135.46875,135.75
2021-02-18,135.953125,136.0625,135.625,135.859375
2021-02-19,135.828125,135.890625,135.328125,135.453125
2021-02-22,135.421875,135.59375,135.03125,135.328125
2021-02-23,135.34375,135.5625,135.203125,135.421875
2021-02-24,135.546875,135.71875,134.859375,135.15625
2021-02-25,135.234375,135.28125,133.078125,133.671875
2021-02-26,133.703125,134.390625,133.328125,133.796875
2021-03-01,133.15625,133.515625,133,133.1875
2021-03-02,133.40625,133.71875,133.15625,133.546875
2021-03-03,133.703125,133.703125,132.8125,133.046875
2021-03-04,132.9375,133.1875,132.265625,132.390625
2021-03-05,132.296875,132.53125,131.734375,132.34375
2021-03-08,132.0625,132.15625,131.765625,131.875
2021-03-09,131.859375,132.421875,131.828125,132.296875
2021-03-10,132.40625,132.671875,132.140625,132.53125
2021-03-11,132.53125,133.015625,132.390625,132.609375
2021-03-12,132.46875,132.5625,131.71875,131.78125
2021-03-15,131.8125,132.0625,131.71875,131.953125
2021-03-16,131.96875,132.171875,131.859375,131.953125
2021-03-17,131.890625,132.28125,131.484375,132.09375
2021-03-18,131.953125,132.09375,131,131.265625
2021-03-19,131.34375,131.671875,131.03125,131.21875
2021-03-22,131.296875,131.75,131.21875,131.546875
2021-03-23,131.484375,132.09375,131.4375,131.921875
2021-03-24,132.015625,132.28125,131.8125,132.09375
2021-03-25,132.125,132.296875,131.890625,132.140625
2021-03-26,131.953125,132.125,131.625,131.765625
2021-03-29,131.640625,131.984375,131.296875,131.359375
2021-03-30,131.390625,131.421875,130.8125,131.1875
2021-03-31,131.296875,131.296875,130.90625,130.9375
2021-04-01,130.984375,131.546875,130.90625,131.421875
2021-04-05,130.953125,131.265625,130.796875,131.109375
2021-04-06,131.28125,131.734375,131.109375,131.6875
2021-04-07,131.671875,131.953125,131.578125,131.828125
2021-04-08,131.65625,132.09375,131.65625,132
2021-04-09,132.046875,132.078125,131.46875,131.734375
2021-04-12,131.734375,131.890625,131.53125,131.625
2021-04-13,131.703125,132.125,131.375,132.078125
2021-04-14,132.109375,132.1875,131.78125,131.921875
2021-04-15,131.90625,132.6875,131.828125,132.65625
2021-04-16,132.390625,132.546875,132.1875,132.375
2021-04-19,132.34375,132.5625,132.046875,132.234375
2021-04-20,132.203125,132.609375,131.984375,132.5625
2021-04-21,132.578125,132.640625,132.359375,132.53125
2021-04-22,132.53125,132.765625,132.28125,132.546875
2021-04-23,132.640625,132.734375,132.3125,132.4375
2021-04-26,132.390625,132.5,132.15625,132.375
2021-04-27,132.359375,132.390625,131.953125,132.03125
2021-04-28,132.015625,132.203125,131.71875,132.09375
2021-04-29,132.171875,132.171875,131.578125,131.984375
2021-04-30,131.96875,132.140625,131.8125,132.03125
2021-05-03,132.046875,132.5,131.828125,132.328125
2021-05-04,132.328125,132.734375,132.15625,132.421875
2021-05-05,132.421875,132.671875,132.171875,132.546875
2021-05-06,132.625,132.75,132.515625,132.671875
2021-05-07,132.578125,133.515625,132.546875,132.75
2021-05-10,132.703125,132.953125,132.5625,132.609375
2021-05-11,132.609375,132.734375,132.390625,132.453125
2021-05-12,132.453125,132.5625,131.875,131.921875
2021-05-13,131.921875,132.3125,131.84375,132.1875
2021-05-14,132.21875,132.53125,132.1875,132.40625
2021-05-17,132.421875,132.671875,132.25,132.34375
2021-05-18,132.25,132.453125,132.234375,132.390625
2021-05-19,132.390625,132.578125,131.9375,132.03125
2021-05-20,132.09375,132.53125,132.03125,132.484375
2021-05-21,132.5,132.625,132.375,132.4375
2021-05-24,131.640625,131.796875,131.5625,131.734375
2021-05-25,131.75,132.15625,131.71875,132.078125
2021-05-26,132.09375,132.171875,131.953125,132.03125
2021-05-27,131.96875,132.0625,131.640625,131.78125
2021-05-28,131.765625,132.046875,131.625,131.9375
2021-06-01,131.8125,131.875,131.609375,131.796875
2021-06-02,131.8125,132,131.71875,131.9375
2021-06-03,131.953125,131.984375,131.5625,131.59375
2021-06-04,131.609375,132.234375,131.5625,132.203125
2021-06-07,132.203125,132.21875,132.015625,132.109375
2021-06-08,132.109375,132.5625,132.09375,132.453125
2021-06-09,132.390625,132.90625,132.359375,132.765625
2021-06-10,132.71875,133.125,132.3125,132.9375
2021-06-11,133.109375,133.203125,132.78125,132.84375
2021-06-14,132.890625,132.921875,132.484375,132.515625
2021-06-15,132.546875,132.65625,132.453125,132.53125
2021-06-16,132.5625,132.640625,131.546875,131.75
2021-06-17,131.625,132.15625,131.4375,132.015625
2021-06-18,132.046875,132.421875,131.65625,132.3125
2021-06-21,132.40625,132.9375,132,132.203125
2021-06-22,132.171875,132.4375,132.015625,132.359375
2021-06-23,132.390625,132.46875,132.109375,132.1875
2021-06-24,132.15625,132.28125,132.03125,132.171875
2021-06-25,132.109375,132.265625,131.765625,131.859375
2021-06-28,131.921875,132.328125,131.890625,132.265625
2021-06-29,132.25,132.296875,132.015625,132.265625
2021-06-30,132.28125,132.5625,132.1875,132.5
2021-07-01,132.3125,132.46875,132.1875,132.265625
2021-07-02,132.375,132.796875,132.234375,132.671875
2021-07-06,132.75,133.390625,132.578125,133.21875
2021-07-07,133.34375,133.703125,133.203125,133.546875
2021-07-08,133.578125,134.09375,133.515625,133.890625
2021-07-09,133.796875,133.8125,133.375,133.421875
2021-07-12,133.390625,133.640625,133.265625,133.40625
2021-07-13,133.40625,133.5625,132.96875,132.984375
2021-07-14,132.96875,133.53125,132.9375,133.453125
2021-07-15,133.5,133.875,133.4375,133.796875
2021-07-16,133.78125,133.84375,133.453125,133.78125
2021-07-19,133.84375,134.796875,133.8125,134.6875
2021-07-20,134.59375,135.21875,134.4375,134.671875
2021-07-21,134.53125,134.828125,133.984375,134.109375
2021-07-22,134.046875,134.46875,133.859375,134.25
2021-07-23,134.125,134.21875,133.9375,134.140625
2021-07-26,134.1875,134.59375,134.0625,134.203125
2021-07-27,134.109375,134.5625,134.09375,134.46875
2021-07-28,134.390625,134.5625,134.078125,134.265625
2021-07-29,134.453125,134.5,134.09375,134.21875
2021-07-30,134.1875,134.59375,134.1875,134.453125
2021-08-02,134.53125,135.15625,134.453125,135
2021-08-03,134.90625,135.1875,134.78125,135
2021-08-04,134.984375,135.4375,134.625,134.828125
2021-08-05,134.828125,134.90625,134.390625,134.5
2021-08-06,134.421875,134.46875,133.890625,134
2021-08-09,133.90625,134.203125,133.65625,133.78125
2021-08-10,133.703125,133.859375,133.46875,133.546875
2021-08-11,133.515625,133.90625,133.296875,133.578125
2021-08-12,133.59375,133.78125,133.40625,133.453125
2021-08-13,133.515625,134.09375,133.46875,133.953125
2021-08-16,134.125,134.5625,134.0625,134.328125
2021-08-17,134.234375,134.609375,134.15625,134.265625
2021-08-18,134.21875,134.3125,133.90625,134.140625
2021-08-19,134.21875,134.53125,134.171875,134.328125
2021-08-20,134.296875,134.4375,134.0625,134.125
2021-08-23,134.140625,134.265625,133.9375,134.21875
2021-08-24,134.203125,134.234375,133.921875,133.984375
2021-08-25,133.9375,134.046875,133.546875,133.625
2021-08-26,133.609375,133.6875,133.375,133.59375
2021-08-27,133.515625,133.96875,133.421875,133.890625
2021-08-30,133.90625,134.1875,133.859375,134.125
2021-08-31,134.140625,134.28125,133.96875,134.046875
2021-09-01,134,134.234375,133.84375,134.046875
2021-09-02,134.0625,134.21875,134.0625,134.125
2021-09-03,134.1875,134.484375,133.875,134
2021-09-07,133.359375,133.375,132.890625,133
2021-09-08,132.984375,133.328125,132.953125,133.25
2021-09-09,133.203125,133.609375,133.125,133.5
2021-09-10,133.453125,133.5,133.0625,133.15625
2021-09-13,133.140625,133.390625,133.078125,133.296875
2021-09-14,133.265625,133.71875,133.09375,133.609375
2021-09-15,133.53125,133.703125,133.28125,133.390625
2021-09-16,133.421875,133.453125,132.9375,133.09375
2021-09-17,133.046875,133.140625,132.640625,132.78125
2021-09-20,132.78125,133.359375,132.75,133.265625
2021-09-21,133.21875,133.359375,132.953125,133.1875
2021-09-22,133.171875,133.390625,132.921875,132.984375
2021-09-23,133.1875,133.1875,132.15625,132.375
2021-09-24,132.203125,132.453125,131.96875,132.015625
2021-09-27,132.078125,132.171875,131.609375,131.796875
2021-09-28,131.75,131.84375,131.21875,131.46875
2021-09-29,131.4375,131.796875,131.3125,131.46875
2021-09-30,131.65625,131.953125,131.34375,131.609375
2021-10-01,131.890625,132.21875,131.75,132.171875
2021-10-04,132.1875,132.265625,131.859375,132.078125
2021-10-05,132.078125,132.109375,131.640625,131.734375
2021-10-06,131.734375,131.84375,131.40625,131.71875
2021-10-07,131.71875,131.78125,131.3125,131.390625
2021-10-08,131.34375,131.578125,131.03125,131.140625
2021-10-11,131.03125,131.046875,130.796875,130.84375
2021-10-12,130.84375,131.234375,130.796875,131.140625
2021-10-13,131.109375,131.484375,130.796875,131.21875
2021-10-14,131.3125,131.609375,131.1875,131.5
2021-10-15,131.515625,131.53125,130.90625,130.96875
2021-10-18,130.90625,130.9375,130.4375,130.765625
2021-10-19,130.640625,130.96875,130.453125,130.5625
2021-10-20,130.515625,130.75,130.25,130.640625
2021-10-21,130.4375,130.578125,129.96875,130.1875
2021-10-22,130,130.5,129.984375,130.34375
2021-10-25,130.484375,130.6875,130.25,130.5625
2021-10-26,130.59375,130.703125,130.359375,130.609375
2021-10-27,130.640625,131.21875,130.4375,131.171875
2021-10-28,130.984375,131.078125,130.609375,130.75
2021-10-29,130.6875,130.875,130.234375,130.703125
2021-11-01,130.640625,130.796875,130.390625,130.65625
2021-11-02,130.734375,131.140625,130.640625,130.96875
2021-11-03,130.921875,131.171875,130.484375,130.765625
2021-11-04,130.59375,131.4375,130.5625,131.3125
2021-11-05,131.21875,131.953125,131.046875,131.828125
2021-11-08,131.71875,131.796875,131.25,131.296875
2021-11-09,131.34375,131.921875,131.328125,131.84375
2021-11-10,131.75,131.78125,130.5625,130.734375
2021-11-11,130.734375,130.8125,130.28125,130.328125
2021-11-12,130.359375,130.8125,130.3125,130.53125
2021-11-15,130.625,130.859375,130.234375,130.296875
2021-11-16,130.3125,130.53125,130.09375,130.171875
2021-11-17,130.15625,130.59375,130.046875,130.453125
2021-11-18,130.515625,130.671875,130.359375,130.578125
2021-11-19,130.578125,131.25,130.421875,130.875
2021-11-22,130.75,130.75,129.90625,130
2021-11-23,129.96875,130.0625,129.59375,129.78125
2021-11-24,129.765625,130.109375,129.5,129.828125
2021-11-26,129.84375,131.328125,129.75,131.171875
2021-11-29,130.96875,131.328125,130.640625,131.046875
2021-11-30,131.296875,132.046875,131.03125,131.546875
2021-12-01,131.46875,131.859375,130.953125,131.640625
2021-12-02,131.734375,131.828125,131.1875,131.3125
2021-12-03,131.46875,132.265625,131.140625,132.125
2021-12-06,131.921875,131.921875,131.3125,131.34375
2021-12-07,131.4375,131.46875,130.984375,131.03125
2021-12-08,131.1875,131.453125,130.671875,130.921875
2021-12-09,130.875,131.234375,130.703125,131.078125
2021-12-10,131.046875,131.390625,130.765625,131.09375
2021-12-13,131.125,131.59375,130.953125,131.515625
2021-12-14,131.46875,131.578125,131.15625,131.296875
2021-12-15,131.34375,131.46875,130.9375,131.15625
2021-12-16,131.203125,131.796875,131.0625,131.765625
2021-12-17,131.71875,132.078125,131.65625,131.828125
2021-12-20,131.984375,132.21875,131.75,131.828125
2021-12-21,131.828125,131.90625,131.171875,131.21875
2021-12-22,130.75,130.890625,130.53125,130.734375
2021-12-23,130.734375,130.8125,130.46875,130.546875
2021-12-27,130.5,130.671875,130.40625,130.5625
2021-12-28,130.59375,130.765625,130.515625,130.609375
2021-12-29,130.625,130.734375,130.09375,130.21875
2021-12-30,130.1875,130.5,130.171875,130.40625
2021-12-31,130.4375,130.578125,130.3125,130.46875
2022-01-03,130.328125,130.34375,129.390625,129.4375
2022-01-04,129.5,129.59375,129.125,129.28125
2022-01-05,129.390625,129.4375,128.796875,128.84375
2022-01-06,128.84375,129,128.4375,128.53125
2022-01-07,128.625,128.75,128.03125,128.296875
2022-01-10,128.328125,128.375,127.9375,128.140625
2022-01-11,128.265625,128.46875,128.03125,128.390625
2022-01-12,128.46875,128.703125,128.328125,128.578125
2022-01-13,128.375,128.84375,128.25,128.71875
2022-01-14,128.75,128.796875,128.03125,128.1875
2022-01-18,128.03125,128.046875,127.25,127.375
2022-01-19,127.296875,127.734375,127.0625,127.671875
2022-01-20,127.34375,127.953125,127.25,127.703125
2022-01-21,127.90625,128.5,127.875,128.3125
2022-01-24,128.21875,128.703125,127.984375,128.515625
2022-01-25,128.203125,128.53125,128.03125,128.125
2022-01-26,128.203125,128.265625,127.203125,127.515625
2022-01-27,127.34375,127.875,127.28125,127.65625
2022-01-28,127.671875,128.03125,127.328125,127.953125
2022-01-31,127.90625,128.046875,127.671875,127.96875
2022-02-01,128.015625,128.359375,127.6875,127.875
2022-02-02,127.875,128.296875,127.765625,128.125
2022-02-03,128.03125,128.234375,127.5,127.640625
2022-02-04,127.578125,127.75,126.734375,126.765625
2022-02-07,126.84375,127.03125,126.703125,126.90625
2022-02-08,126.890625,126.921875,126.46875,126.578125
2022-02-09,126.484375,126.921875,126.421875,126.75
2022-02-10,126.640625,126.8125,125.546875,125.796875
2022-02-11,125.75,126.734375,125.59375,126.390625
2022-02-14,126.515625,126.796875,125.78125,125.984375
2022-02-15,126.03125,126.203125,125.578125,125.734375
2022-02-16,125.703125,126.03125,125.640625,125.8125
2022-02-17,125.796875,126.484375,125.78125,126.421875
2022-02-18,126.484375,126.796875,126.21875,126.671875
2022-02-22,126.796875,127.28125,126.375,126.46875
2022-02-23,126.515625,126.609375,126.09375,126.28125
2022-02-24,126.1875,127.390625,126.1875,126.46875
2022-02-25,126.453125,126.671875,126,126.25
2022-02-28,126.984375,127.59375,126.8125,127.453125
2022-03-01,127.5,128.953125,127.234375,128.71875
2022-03-02,128.453125,128.859375,127.078125,127.3125
2022-03-03,127.375,127.703125,127.15625,127.5625
2022-03-04,127.546875,128.828125,127.453125,128.53125
2022-03-07,128.734375,129.078125,127.828125,128.078125
2022-03-08,127.953125,128.046875,127.125,127.171875
2022-03-09,127.375,127.46875,126.578125,126.59375
2022-03-10,126.65625,126.859375,126.03125,126.09375
2022-03-11,126.40625,126.46875,125.953125,126.015625
2022-03-14,126.09375,126.125,124.75,124.8125
2022-03-15,124.859375,125.375,124.5625,124.65625
2022-03-16,124.75,124.875,123.796875,124.234375
2022-03-17,124.25,124.890625,124.125,124.328125
2022-03-18,124.453125,124.796875,124.328125,124.640625
2022-03-21,124.5,124.5625,123.15625,123.1875
2022-03-22,123.296875,123.359375,122.59375,122.75
2022-03-23,122.640625,123.375,122.375,123.140625
2022-03-24,123.296875,123.3125,122.515625,122.921875
2022-03-25,122.6875,122.9375,121.5,121.546875
2022-03-28,121.671875,122.1875,120.953125,121.703125
2022-03-29,121.75,122.4375,121.09375,122.328125
2022-03-30,122.328125,122.828125,122.015625,122.625
2022-03-31,122.703125,123.125,122.578125,122.875
2022-04-01,122.65625,122.671875,121.75,122.234375
2022-04-04,122.078125,122.390625,121.84375,122.09375
2022-04-05,122.140625,122.3125,120.796875,120.921875
2022-04-06,120.9375,121.046875,120.171875,120.6875
2022-04-07,120.765625,121.203125,120.390625,120.546875
2022-04-08,120.46875,120.71875,119.90625,120.125
2022-04-11,120,120.09375,119.53125,119.75
2022-04-12,119.71875,120.8125,119.328125,120.5
2022-04-13,120.421875,121.21875,119.96875,120.796875
2022-04-14,120.671875,121.28125,119.703125,119.9375
2022-04-18,119.796875,120.015625,119.359375,119.640625
2022-04-19,119.609375,119.828125,118.84375,119.109375
2022-04-20,118.921875,119.640625,118.609375,119.5
2022-04-21,119.515625,119.5625,118.4375,118.75
2022-04-22,118.71875,119.140625,118.25,118.9375
2022-04-25,118.953125,120.1875,118.828125,119.609375
2022-04-26,119.53125,120.5,119.234375,120.046875
2022-04-27,120.4375,120.578125,119.59375,119.796875
2022-04-28,119.6875,120.03125,119.203125,119.359375
2022-04-29,119.65625,119.75,118.75,119.15625
2022-05-02,118.75,119.0625,118.21875,118.34375
2022-05-03,118.390625,118.9375,118.140625,118.515625
2022-05-04,118.375,119.203125,118.140625,119.15625
2022-05-05,118.921875,119.296875,117.8125,118.0625
2022-05-06,118.1875,118.296875,117.578125,117.796875
2022-05-09,117.625,118.609375,117.265625,118.1875
2022-05-10,118.453125,119.1875,118.25,118.78125
2022-05-11,118.765625,119.40625,118.109375,119.265625
2022-05-12,119.1875,120.015625,119.140625,120
2022-05-13,119.71875,119.734375,119.09375,119.171875
2022-05-16,119.203125,119.859375,119.046875,119.671875
2022-05-17,119.671875,119.75,118.65625,118.859375
2022-05-18,118.71875,119.53125,118.5,119.4375
2022-05-19,119.421875,120.3125,119.1875,119.703125
2022-05-20,119.828125,120.265625,119.5,120.125
2022-05-23,120.109375,120.109375,119.484375,119.578125
2022-05-24,119.65625,120.6875,119.5625,120.375
2022-05-25,120.40625,120.8125,120.296875,120.59375
2022-05-26,120.59375,120.96875,120.3125,120.59375
2022-05-27,120.609375,120.84375,120.4375,120.484375
2022-05-31,120.515625,120.578125,119.578125,119.84375
2022-06-01,119.796875,119.890625,118.921875,119.046875
2022-06-02,119.203125,119.359375,119,119.28125
2022-06-03,119.265625,119.359375,118.84375,119.046875
2022-06-06,119.125,119.234375,118.421875,118.453125
2022-06-07,118.453125,119.046875,118.234375,118.953125
2022-06-08,118.890625,118.890625,118.484375,118.609375
2022-06-09,118.0625,118.21875,117.6875,117.921875
2022-06-10,117.90625,118.1875,116.703125,116.8125
2022-06-13,116.75,116.78125,114.640625,115.28125
2022-06-14,115.1875,116.09375,114.234375,114.40625
2022-06-15,114.34375,115.953125,114.3125,115.15625
2022-06-16,115.875,116.65625,114.3125,115.8125
2022-06-17,116.453125,116.59375,115.625,116.1875
2022-06-21,116.078125,116.328125,115.703125,115.796875
2022-06-22,115.921875,117.1875,115.890625,116.953125
2022-06-23,116.875,118.25,116.796875,117.65625
2022-06-24,117.53125,118,117.21875,117.34375
2022-06-27,117.265625,117.40625,116.578125,116.8125
2022-06-28,116.75,117.03125,116.34375,116.703125
2022-06-29,116.890625,117.59375,116.828125,117.515625
2022-06-30,117.546875,118.5625,117.4375,118.53125
2022-07-01,118.28125,120.125,118.1875,119.265625
2022-07-05,119.46875,120.21875,118.71875,119.921875
2022-07-06,119.890625,120.515625,118.84375,119.046875
2022-07-07,118.859375,119.15625,118.1875,118.265625
2022-07-08,118.359375,118.625,117.5625,117.625
2022-07-11,117.6875,118.59375,117.578125,118.375
2022-07-12,118.296875,119.09375,118.296875,118.65625
2022-07-13,118.546875,119.1875,117.75,118.921875
2022-07-14,118.78125,118.9375,117.890625,118.5
2022-07-15,118.421875,119,118.359375,118.640625
2022-07-18,118.65625,118.921875,118,118.46875
2022-07-19,118.1875,118.484375,117.859375,117.96875
2022-07-20,117.90625,118.546875,117.734375,117.78125
2022-07-21,117.8125,119.203125,117.453125,118.90625
2022-07-22,119.125,120.34375,118.9375,119.890625
2022-07-25,120.0625,120.078125,119.484375,119.65625
2022-07-26,119.828125,120.484375,119.671875,119.859375
2022-07-27,119.71875,120.484375,119.609375,120.421875
2022-07-28,120,121.265625,119.734375,120.984375
2022-07-29,120.96875,121.390625,120.53125,121.140625
2022-08-01,121.0625,121.625,120.84375,121.359375
2022-08-02,121.609375,122.0625,119.984375,120.125
2022-08-03,120.125,120.5,119.328125,120.09375
2022-08-04,120.375,120.90625,120.09375,120.734375
2022-08-05,120.609375,120.765625,119.234375,119.375
2022-08-08,119.3125,120.015625,119.265625,119.859375
2022-08-09,119.875,119.96875,119.390625,119.484375
2022-08-10,119.5625,120.6875,119.34375,119.75
2022-08-11,119.765625,120.234375,118.96875,119.09375
2022-08-12,119.0625,119.46875,118.953125,119.265625
2022-08-15,119.34375,119.96875,119.140625,119.703125
2022-08-16,119.78125,119.890625,119.125,119.390625
2022-08-17,119.40625,119.453125,118.546875,118.765625
2022-08-18,118.71875,119.234375,118.5625,118.84375
2022-08-19,118.890625,118.921875,118.03125,118.109375
2022-08-22,118.25,118.4375,117.671875,117.71875
2022-08-23,117.84375,118.21875,117.453125,117.625
2022-08-24,117.6875,117.90625,117.109375,117.25
2022-08-25,117.21875,117.8125,117.109375,117.78125
2022-08-26,117.796875,117.921875,117.296875,117.578125
2022-08-29,117.453125,117.453125,116.828125,117.03125
2022-08-30,117.046875,117.453125,116.703125,117
2022-08-31,117.03125,117.171875,116.375,116.875
2022-09-01,116.4375,116.53125,115.71875,115.984375
2022-09-02,115.9375,116.796875,115.875,116.65625
2022-09-06,116.59375,116.859375,115.453125,115.59375
2022-09-07,115.53125,116.234375,115.421875,116.171875
2022-09-08,116.109375,116.71875,115.703125,115.96875
2022-09-09,115.78125,116.34375,115.671875,115.734375
2022-09-12,115.671875,116.1875,115.5,115.609375
2022-09-13,115.640625,116.140625,114.734375,114.953125
2022-09-14,115.078125,115.203125,114.53125,114.96875
2022-09-15,114.9375,115.03125,114.390625,114.5
2022-09-16,114.59375,114.953125,114.328125,114.75
2022-09-19,114.71875,114.796875,114.21875,114.359375
2022-09-20,114.421875,114.53125,113.640625,113.84375
2022-09-21,113.859375,114.3125,113.296875,114.234375
2022-09-22,113.90625,114,112.671875,112.75
2022-09-23,112.703125,112.953125,111.78125,112.625
2022-09-26,112.703125,112.703125,111.015625,111.359375
2022-09-27,111.0625,112.046875,110.6875,110.890625
2022-09-28,111.015625,112.9375,110.59375,112.859375
2022-09-29,112.625,112.65625,111.640625,112.453125
2022-09-30,112.09375,112.890625,111.734375,112.0625
2022-10-03,111.828125,113.859375,111.796875,113.203125
2022-10-04,113.234375,113.9375,113.171875,113.5
2022-10-05,113.296875,113.53125,112.265625,112.53125
2022-10-06,112.546875,112.703125,111.84375,111.9375
2022-10-07,111.90625,111.96875,111.1875,111.484375
2022-10-10,111.4375,111.671875,110.703125,111.015625
2022-10-11,111.09375,111.6875,110.671875,111.140625
2022-10-12,111.0625,111.640625,110.9375,111.484375
2022-10-13,111.515625,111.890625,110.0625,111.015625
2022-10-14,111.046875,111.71875,110.4375,110.59375
2022-10-17,110.703125,111.40625,110.5625,110.703125
2022-10-18,110.71875,111.140625,110.453125,110.90625
2022-10-19,110.828125,110.90625,109.890625,110
2022-10-20,109.9375,110.21875,109.265625,109.359375
2022-10-21,109.390625,109.96875,108.828125,109.796875
2022-10-24,109.78125,110.46875,109.40625,109.734375
2022-10-25,109.65625,110.984375,109.625,110.5625
2022-10-26,110.5625,111.265625,110.5,111.09375
2022-10-27,111.125,111.96875,110.5625,111.6875
2022-10-28,111.84375,111.9375,110.796875,111
2022-10-31,110.90625,110.953125,110.375,110.59375
2022-11-01,110.734375,111.640625,110.484375,110.578125
2022-11-02,110.5625,111.28125,110.15625,110.625
2022-11-03,110.25,110.296875,109.375,110.03125
2022-11-04,109.890625,110.375,109.328125,110.046875
2022-11-07,110.09375,110.1875,109.578125,109.640625
2022-11-08,109.625,110.328125,109.4375,110.28125
2022-11-09,110.296875,110.765625,110,110.328125
2022-11-10,110.671875,112.59375,110.390625,112.515625
2022-11-11,112.53125,112.5625,112,112.3125
2022-11-14,112.125,112.21875,111.859375,112.125
2022-11-15,112.140625,112.984375,112.015625,112.5625
2022-11-16,112.671875,113.34375,112.25,113.203125
2022-11-17,113.15625,113.296875,112.40625,112.625
2022-11-18,112.625,112.796875,112.203125,112.296875
2022-11-21,112.265625,112.71875,112.125,112.3125
2022-11-22,112.234375,112.703125,112.203125,112.609375
2022-11-23,112.578125,113.09375,112.234375,112.953125
2022-11-25,113,113.46875,112.609375,113.03125
2022-11-28,113.125,113.53125,112.875,112.921875
2022-11-29,112.984375,113.34375,112.59375,112.71875
2022-11-30,112.71875,113.8125,112.296875,113.21875
2022-12-01,113.765625,114.453125,113.515625,114.296875
2022-12-02,114.390625,114.578125,113.390625,114.359375
2022-12-05,114.328125,114.328125,113.53125,113.59375
2022-12-06,113.734375,114.125,113.546875,114.09375
2022-12-07,114.234375,115.203125,114.0625,115.15625
2022-12-08,115,115.03125,114.375,114.453125
2022-12-09,114.515625,114.765625,113.921875,114.09375
2022-12-12,113.96875,114.390625,113.703125,113.828125
2022-12-13,113.84375,115.359375,113.78125,114.78125
2022-12-14,114.71875,115.0625,114.25,114.71875
2022-12-15,114.953125,115.078125,114.5625,114.921875
2022-12-16,114.9375,114.953125,114.1875,114.8125
2022-12-19,114.703125,114.71875,114.015625,114.140625
2022-12-20,114.140625,114.171875,113.3125,113.53125
2022-12-21,113.5,114.046875,113.296875,113.5625
2022-12-22,113.671875,113.90625,113.421875,113.546875
2022-12-23,113.421875,113.484375,112.96875,113.078125
2022-12-27,113.1875,113.203125,112.3125,112.328125
2022-12-28,112.484375,112.6875,112.125,112.1875
2022-12-29,112.21875,112.5625,112.15625,112.4375
2022-12-30,112.5,112.515625,111.875,112.296875
2023-01-03,112.5625,113.109375,112.390625,112.640625
2023-01-04,112.890625,113.484375,112.828125,113.1875
2023-01-05,113.328125,113.359375,112.578125,113.015625
2023-01-06,113.015625,114.359375,112.640625,114.21875
2023-01-09,114.234375,114.734375,114,114.625
2023-01-10,114.46875,114.609375,113.828125,114
2023-01-11,114,114.59375,113.984375,114.4375
2023-01-12,114.5,115.421875,114,115.234375
2023-01-13,115.265625,115.484375,114.75,114.765625
2023-01-17,114.796875,114.921875,114.296875,114.671875
2023-01-18,114.5625,115.953125,114.5,115.90625
2023-01-19,115.859375,116.25,115.453125,115.640625
2023-01-20,115.640625,115.65625,114.859375,115.0625
2023-01-23,115.03125,115.21875,114.59375,114.6875
2023-01-24,114.75,115.125,114.4375,115.03125
2023-01-25,115.140625,115.40625,114.921875,115.140625
2023-01-26,115.234375,115.28125,114.671875,114.859375
2023-01-27,114.78125,114.875,114.375,114.609375
2023-01-30,114.65625,114.78125,114.171875,114.28125
2023-01-31,114.40625,114.8125,114.296875,114.515625
2023-02-01,114.640625,115.59375,114.546875,115.484375
2023-02-02,115.3125,116,115.3125,115.546875
2023-02-03,115.5,115.703125,114.25,114.421875
2023-02-06,114.34375,114.359375,113.328125,113.5
2023-02-07,113.453125,113.875,113.171875,113.234375
2023-02-08,113.25,113.640625,113.1875,113.40625
2023-02-09,113.65625,113.8125,113,113.03125
2023-02-10,113.1875,113.21875,112.625,112.6875
2023-02-13,112.640625,112.890625,112.53125,112.78125
2023-02-14,112.875,113.546875,112.09375,112.328125
2023-02-15,112.40625,112.5625,111.96875,112.046875
2023-02-16,112.03125,112.359375,111.640625,111.890625
2023-02-17,111.734375,112.078125,111.265625,112
2023-02-21,111.984375,112.015625,110.984375,111.0625
2023-02-22,111.0625,111.453125,110.953125,111.203125
2023-02-23,111.203125,111.53125,110.796875,111.4375
2023-02-24,111.40625,111.59375,110.65625,110.921875
2023-02-27,110.890625,111.328125,110.71875,111.140625
2023-02-28,111.15625,111.25,110.75,111.171875
2023-03-01,111.09375,111.140625,110.484375,110.5625
2023-03-02,110.578125,110.625,109.984375,110.09375
2023-03-03,110.140625,110.71875,110.078125,110.65625
2023-03-06,110.640625,111.0625,110.546875,110.5625
2023-03-07,111.09375,111.40625,110.734375,110.953125
2023-03-08,110.984375,111.453125,110.640625,110.921875
2023-03-09,110.8125,111.71875,110.703125,111.484375
2023-03-10,111.65625,113.3125,111.640625,113.140625
2023-03-13,113.1875,115.40625,112.65625,114.65625
2023-03-14,114.375,115.234375,113.28125,113.859375
2023-03-15,113.484375,115.96875,113.265625,115.125
2023-03-16,115.328125,116.03125,114.15625,114.1875
2023-03-17,114.265625,115.90625,114.046875,115.8125
2023-03-20,115.25,116.75,114.78125,115.09375
2023-03-21,114.984375,115.453125,114.0625,114.125
2023-03-22,114.125,115.609375,113.8125,115.09375
2023-03-23,115.453125,116.25,115.03125,115.984375
2023-03-24,115.890625,117.046875,115.671875,116.109375
2023-03-27,116.171875,116.203125,114.875,114.984375
2023-03-28,114.984375,115.234375,114.53125,114.640625
2023-03-29,114.578125,114.875,114.21875,114.53125
2023-03-30,114.46875,114.734375,114.21875,114.578125
2023-03-31,114.53125,115.109375,114.28125,114.921875
2023-04-03,114.90625,115.671875,114.5625,115.453125
2023-04-04,115.578125,116.28125,115.078125,116.25
2023-04-05,116.171875,116.9375,115.90625,116.578125
2023-04-06,116.390625,116.9375,116.34375,116.546875
2023-04-10,115.765625,115.984375,115.375,115.515625
2023-04-11,115.484375,115.78125,115.203125,115.375
2023-04-12,115.453125,116.25,115.25,115.703125
2023-04-13,115.890625,116.09375,115.390625,115.453125
2023-04-14,115.515625,115.71875,114.71875,114.859375
2023-04-17,114.859375,114.96875,114.25,114.359375
2023-04-18,114.296875,114.671875,114.25,114.484375
2023-04-19,114.421875,114.453125,113.953125,114.1875
2023-04-20,114.25,114.8125,114.21875,114.65625
2023-04-21,114.703125,115,114.40625,114.46875
2023-04-24,114.46875,115.0625,114.453125,114.875
2023-04-25,115.03125,115.9375,115.03125,115.796875
2023-04-26,115.75,115.953125,115.3125,115.546875
2023-04-27,115.421875,115.546875,114.65625,114.734375
2023-04-28,114.78125,115.484375,114.546875,115.203125
2023-05-01,115.421875,115.421875,114.3125,114.5
2023-05-02,114.53125,115.6875,114.46875,115.5625
2023-05-03,115.609375,116.484375,115.546875,115.90625
2023-05-04,116.609375,117,115.96875,116.5625
2023-05-05,116.25,116.375,115.421875,115.71875
2023-05-08,115.796875,115.859375,115.15625,115.171875
2023-05-09,115.21875,115.484375,115.046875,115.1875
2023-05-10,115.171875,115.96875,115.078125,115.90625
2023-05-11,115.796875,116.5,115.75,116.046875
2023-05-12,116.078125,116.21875,115.40625,115.4375
2023-05-15,115.390625,115.484375,115.15625,115.234375
2023-05-16,115.21875,115.578125,114.71875,114.921875
2023-05-17,114.921875,115.09375,114.484375,114.578125
2023-05-18,114.625,114.75,113.859375,113.921875
2023-05-19,114,114.15625,113.34375,113.5625
2023-05-22,113.71875,113.9375,113.328125,113.46875
2023-05-23,113.4375,113.6875,113.125,113.609375
2023-05-24,113.671875,113.78125,113.1875,113.421875
2023-05-25,113.203125,113.390625,112.515625,112.625
2023-05-26,112.578125,112.90625,112.171875,112.40625
2023-05-30,112.375,113.3125,112.109375,113.171875
2023-05-31,113.203125,113.78125,113.140625,113.625
2023-06-01,114.375,115,114.03125,114.734375
2023-06-02,114.765625,114.765625,113.78125,113.84375
2023-06-05,113.734375,114.109375,113.3125,113.890625
2023-06-06,113.9375,114.203125,113.578125,113.78125
2023-06-07,114.015625,114.078125,113.03125,113.21875
2023-06-08,113.125,113.78125,112.9375,113.734375
2023-06-09,113.6875,113.71875,113.203125,113.390625
2023-06-12,113.28125,113.671875,113.09375,113.359375
2023-06-13,113.4375,114,112.640625,112.671875
2023-06-14,112.84375,113.171875,112.390625,112.875
2023-06-15,112.96875,113.5625,112.5,113.453125
2023-06-16,113.46875,113.515625,112.765625,113.046875
2023-06-20,113.078125,113.53125,112.71875,113.3125
2023-06-21,113.328125,113.421875,112.859375,113.3125
2023-06-22,113.296875,113.4375,112.65625,112.734375
2023-06-23,112.75,113.484375,112.6875,113.078125
2023-06-26,113.125,113.515625,113.09375,113.234375
2023-06-27,113.203125,113.40625,112.765625,112.828125
2023-06-28,112.84375,113.296875,112.8125,113.25
2023-06-29,113.25,113.265625,112.03125,112.125
2023-06-30,112.234375,112.390625,111.796875,112.265625
2023-07-03,112.09375,112.546875,111.859375,111.9375
2023-07-05,111.921875,112.125,111.328125,111.359375
2023-07-06,111.421875,111.46875,110.15625,110.609375
2023-07-07,110.734375,111,110.296875,110.671875
2023-07-10,110.53125,111.25,110.40625,111.140625
2023-07-11,111.171875,111.5,111.109375,111.265625
2023-07-12,111.328125,112.375,111.296875,112.265625
2023-07-13,112.21875,113.09375,112.21875,113.046875
2023-07-14,112.96875,113.046875,112.4375,112.5625
2023-07-17,112.4375,112.921875,112.40625,112.71875
2023-07-18,112.640625,113.25,112.609375,112.75
2023-07-19,112.703125,113.203125,112.65625,113
2023-07-20,112.890625,112.96875,112,112.140625
2023-07-21,112.125,112.421875,112.0625,112.234375
2023-07-24,112.25,112.546875,111.875,112.0625
2023-07-25,111.921875,112.046875,111.546875,111.609375
2023-07-26,111.765625,112.171875,111.65625,112.140625
2023-07-27,111.953125,112.21875,110.953125,111.015625
2023-07-28,111.078125,111.65625,110.796875,111.34375
2023-07-31,111.46875,111.625,111.0625,111.40625
2023-08-01,111.40625,111.5,110.828125,110.875
2023-08-02,111,111.234375,110.46875,110.796875
2023-08-03,110.828125,110.84375,110.171875,110.234375
2023-08-04,110.28125,111.328125,109.75,111.140625
2023-08-07,111.265625,111.265625,110.71875,111.125
2023-08-08,111,111.6875,110.96875,111.40625
2023-08-09,111.421875,111.625,111.265625,111.390625
2023-08-10,111.359375,111.90625,110.640625,110.859375
2023-08-11,110.671875,110.90625,110.125,110.1875
2023-08-14,110.171875,110.3125,109.765625,110
2023-08-15,109.90625,110.21875,109.359375,109.765625
2023-08-16,109.828125,110.171875,109.421875,109.5625
2023-08-17,109.546875,109.640625,109.109375,109.28125
2023-08-18,109.484375,109.890625,109.4375,109.640625
2023-08-21,109.640625,109.6875,108.96875,109.078125
2023-08-22,109.078125,109.28125,108.875,109.0625
2023-08-23,109.046875,109.984375,109.015625,109.90625
2023-08-24,109.84375,109.984375,109.515625,109.59375
2023-08-25,109.5625,109.71875,109.109375,109.4375
2023-08-28,109.453125,109.734375,109.3125,109.640625
2023-08-29,109.6875,110.4375,109.4375,110.328125
2023-08-30,110.34375,110.609375,110.0625,110.359375
2023-08-31,110.40625,110.640625,110.296875,110.5625
2023-09-01,110.46875,110.953125,109.9375,110.15625
2023-09-05,110.5,110.53125,109.921875,109.953125
2023-09-06,110,110.15625,109.609375,109.69
2023-09-07,109.75,110.0625,109.59375,109.984375
2023-09-08,110.03125,110.328125,109.859375,109.921875
2023-09-11,109.796875,109.90625,109.625,109.78125
2023-09-12,109.765625,109.890625,109.6875,109.875
2023-09-13,109.78125,110.140625,109.09375,110.015625
2023-09-14,110,110.234375,109.703125,109.75
2023-09-15,109.734375,109.890625,109.390625,109.515625
2023-09-18,109.4375,109.609375,109.25,109.515625
2023-09-19,109.578125,109.625,109.09375,109.125
2023-09-20,109.1875,109.53125,108.734375,109.21875
2023-09-21,108.796875,108.796875,108.25,108.421875
2023-09-22,108.34375,108.828125,108.28125,108.6875
2023-09-25,108.734375,108.796875,108.125,108.171875
2023-09-26,108.21875,108.53125,108.015625,108.109375
2023-09-27,108.234375,108.53125,107.484375,107.578125
2023-09-28,107.734375,108.015625,107.21875,107.859375
2023-09-29,107.96875,108.453125,107.8125,108.0625
2023-10-02,107.875,107.921875,107.21875,107.328125
2023-10-03,107.390625,107.4375,106.5625,106.640625
2023-10-04,106.625,107.203125,106.109375,107.109375
2023-10-05,107.078125,107.390625,106.890625,107.3125
2023-10-06,107.265625,107.3125,106.203125,106.84375
2023-10-09,107.125,107.953125,107.078125,107.84375
2023-10-10,107.78125,107.984375,107.328125,107.71875
2023-10-11,107.71875,108.34375,107.65625,107.9375
2023-10-12,108.109375,108.5,107.125,107.234375
2023-10-13,107.328125,108,107.28125,107.71875
2023-10-16,107.671875,107.703125,107.125,107.203125
2023-10-17,107.1875,107.25,106.109375,106.21875
2023-10-18,106.234375,106.484375,105.75,105.875
2023-10-19,105.8125,105.953125,105.328125,105.421875
2023-10-20,105.453125,106.1875,105.421875,106
2023-10-23,105.78125,106.5,105.390625,106.484375
2023-10-24,106.40625,106.6875,106.078125,106.359375
2023-10-25,106.4375,106.5625,105.5625,105.671875
2023-10-26,105.65625,106.40625,105.46875,106.34375
2023-10-27,106.296875,106.53125,106.09375,106.421875
2023-10-30,106.4375,106.453125,105.9375,106.21875
2023-10-31,106.09375,106.65625,105.875,106.171875
2023-11-01,105.90625,107.203125,105.859375,106.859375
2023-11-02,107.203125,107.875,107.078125,107.484375
2023-11-03,107.546875,108.78125,107.390625,108.359375
2023-11-06,108.234375,108.234375,107.5625,107.59375
2023-11-07,107.71875,108.296875,107.609375,108.125
2023-11-08,108.125,108.484375,107.828125,108.328125
2023-11-09,108.4375,108.53125,107.421875,107.53125
2023-11-10,107.5625,107.921875,107.265625,107.421875
2023-11-13,107.34375,107.484375,107,107.4375
2023-11-14,107.359375,108.96875,107.296875,108.90625
2023-11-15,108.796875,108.953125,108.078125,108.21875
2023-11-16,108.25,108.9375,108.21875,108.859375
2023-11-17,108.875,109.265625,108.59375,108.75
2023-11-20,108.6875,108.921875,108.4375,108.84375
2023-11-21,108.859375,109.109375,108.734375,108.9375
2023-11-22,109.03125,109.265625,108.59375,108.8125
2023-11-24,108.84375,108.96875,108.328125,108.390625
2023-11-27,108.421875,109.046875,108.1875,109
2023-11-28,108.984375,109.609375,108.796875,109.53125
2023-11-29,109.578125,110.125,109.546875,109.9375
2023-11-30,109.96875,110.09375,109.375,109.46875
2023-12-01,109.609375,110.484375,109.484375,110.34375
2023-12-04,110.84375,110.84375,110.109375,110.1875
2023-12-05,110.359375,110.984375,110.3125,110.921875
2023-12-06,110.90625,111.265625,110.640625,111.140625
2023-12-07,111.234375,111.296875,110.71875,111.15625
2023-12-08,110.984375,111.03125,110.015625,110.265625
2023-12-11,110.296875,110.40625,109.984375,110.328125
2023-12-12,110.34375,110.984375,110.234375,110.546875
2023-12-13,110.578125,112.109375,110.5,111.890625
2023-12-14,112.03125,112.875,111.984375,112.515625
2023-12-15,112.546875,112.75,112.125,112.40625
2023-12-18,112.484375,112.671875,112.1875,112.25
2023-12-19,112.390625,112.640625,112.25,112.4375
2023-12-20,112.375,112.984375,112.34375,112.78125
2023-12-21,112.953125,113.140625,112.578125,112.671875
2023-12-22,112.6875,112.96875,112.5,112.59375
2023-12-26,112.671875,112.75,112.546875,112.71875
2023-12-27,112.640625,113.375,112.5625,113.328125
2023-12-28,113.234375,113.296875,112.796875,112.890625
2023-12-29,112.921875,113.03125,112.5625,112.890625
2024-01-02,112.6875,112.828125,112.125,112.296875
2024-01-03,112.375,112.625,111.875,112.515625
2024-01-04,112.40625,112.59375,111.859375,111.984375
2024-01-05,111.921875,112.3125,111.203125,111.71875
2024-01-08,111.71875,112.28125,111.484375,112.046875
2024-01-09,111.828125,112.0625,111.6875,111.90625
2024-01-10,111.953125,112.21875,111.78125,111.875
2024-01-11,111.875,112.5,111.609375,112.34375
2024-01-12,112.40625,112.828125,112.09375,112.59375
2024-01-16,112.5625,112.578125,111.703125,111.84375
2024-01-17,111.90625,112.046875,111.28125,111.421875
2024-01-18,111.421875,111.65625,111.140625,111.203125
2024-01-19,111.21875,111.296875,110.8125,111.125
2024-01-22,111.234375,111.609375,111.140625,111.5
2024-01-23,111.421875,111.53125,111.125,111.21875
2024-01-24,111.265625,111.609375,110.921875,110.96875
2024-01-25,111,111.40625,110.828125,111.3125
2024-01-26,111.375,111.5625,111,111.03125
2024-01-29,111.28125,111.71875,111.15625,111.515625
2024-01-30,111.59375,111.859375,111.34375,111.625
2024-01-31,111.796875,112.640625,111.734375,112.328125
2024-02-01,112.578125,113.203125,112.296875,112.890625
2024-02-02,112.78125,112.859375,111.5,111.65625
2024-02-05,111.65625,111.671875,110.703125,110.78125
2024-02-06,110.828125,111.390625,110.734375,111.28125
2024-02-07,111.25,111.515625,111.03125,111.1875
2024-02-08,111.140625,111.234375,110.71875,110.75
2024-02-09,110.84375,111.03125,110.5,110.578125
2024-02-12,110.640625,110.875,110.546875,110.71875
2024-02-13,110.671875,111.21875,109.53125,109.625
2024-02-14,109.640625,110.15625,109.515625,110.015625
2024-02-15,110.0625,110.546875,110.015625,110.171875
2024-02-16,110.203125,110.234375,109.46875,109.75
2024-02-20,109.796875,110.15625,109.59375,109.9375
2024-02-21,109.9375,110.125,109.5625,109.625
2024-02-22,109.640625,109.75,109.3125,109.5
2024-02-23,109.53125,109.96875,109.28125,109.875
2024-02-26,109.828125,110.125,109.5,109.609375
2024-02-27,109.71875,109.875,109.46875,109.53125
2024-02-28,109.578125,109.890625,109.546875,109.8125
2024-02-29,109.875,110.125,109.5,109.921875
2024-03-01,109.96875,110.515625,109.671875,110.5
2024-03-04,111.015625,111.03125,110.65625,110.75
2024-03-05,110.796875,111.46875,110.71875,111.296875
2024-03-06,111.21875,111.71875,111.078125,111.484375
2024-03-07,111.53125,111.84375,111.34375,111.65625
2024-03-08,111.6875,112.140625,111.25,111.734375
2024-03-11,111.78125,111.96875,111.515625,111.59375
2024-03-12,111.609375,111.75,111.078125,111.171875
2024-03-13,111.1875,111.328125,110.890625,110.9375
2024-03-14,110.90625,110.953125,110.1875,110.203125
2024-03-15,110.234375,110.34375,109.96875,110.078125
2024-03-18,110.03125,110.171875,109.765625,109.8125
2024-03-19,109.9375,110.25,109.84375,110.140625
2024-03-20,110.140625,110.6875,110.046875,110.4375
2024-03-21,110.4375,110.828125,110.265625,110.390625
2024-03-22,110.40625,110.875,110.390625,110.75
2024-03-25,110.859375,110.9375,110.46875,110.515625
2024-03-26,110.5625,110.734375,110.359375,110.640625
2024-03-27,110.65625,110.984375,110.5625,110.875
2024-03-28,110.890625,110.890625,110.53125,110.796875
2024-04-01,110.796875,110.90625,109.859375,109.921875
2024-04-02,110.046875,110.09375,109.453125,109.71875
2024-04-03,109.765625,109.859375,109.296875,109.796875
2024-04-04,109.890625,110.1875,109.625,110.125
2024-04-05,110.09375,110.171875,109.453125,109.65625
2024-04-08,109.40625,109.421875,109.0625,109.265625
2024-04-09,109.265625,109.71875,109.203125,109.640625
2024-04-10,109.640625,109.828125,108.171875,108.203125
2024-04-11,108.28125,108.515625,107.859375,108.109375
2024-04-12,108.03125,108.796875,108.015625,108.6875
2024-04-15,108.671875,108.6875,107.578125,107.890625
2024-04-16,108.046875,108.125,107.421875,107.671875
2024-04-17,107.578125,108.25,107.484375,108.15625
2024-04-18,108.109375,108.328125,107.640625,107.703125
2024-04-19,107.78125,108.703125,107.765625,107.90625
2024-04-22,107.6875,107.96875,107.546875,107.859375
2024-04-23,107.921875,108.25,107.640625,108.078125
2024-04-24,108.03125,108.0625,107.625,107.734375
2024-04-25,107.8125,108.03125,107.125,107.359375
2024-04-26,107.359375,107.859375,107.28125,107.578125
2024-04-29,107.578125,107.984375,107.578125,107.953125
2024-04-30,107.921875,108.015625,107.390625,107.4375
2024-05-01,107.453125,108.203125,107.390625,108.109375
2024-05-02,107.890625,108.375,107.78125,108.359375
2024-05-03,108.234375,109.296875,108.1875,108.859375
2024-05-06,108.78125,109.046875,108.71875,108.890625
2024-05-07,108.890625,109.28125,108.8125,109.015625
2024-05-08,109.015625,109.09375,108.765625,108.828125
2024-05-09,108.8125,109.109375,108.609375,109.09375
2024-05-10,109.015625,109.109375,108.671875,108.703125
2024-05-13,108.734375,109,108.71875,108.828125
2024-05-14,108.765625,109.109375,108.46875,109.09375
2024-05-15,109.09375,109.828125,109.015625,109.71875
2024-05-16,109.765625,109.984375,109.4375,109.484375
2024-05-17,109.484375,109.578125,109.15625,109.1875
2024-05-20,109.171875,109.28125,108.953125,109.09375
2024-05-21,109,109.328125,108.984375,109.234375
2024-05-22,109.21875,109.25,108.890625,109.03125
2024-05-23,109.078125,109.1875,108.546875,108.71875
2024-05-24,108.6875,108.796875,108.5,108.703125
2024-05-28,108.78125,108.90625,108.203125,108.296875
2024-05-29,108.21875,108.265625,107.671875,107.765625
2024-05-30,107.828125,108.296875,107.71875,108.234375
2024-05-31,108.28125,108.6875,108.109375,108.484375
2024-06-03,108.859375,109.625,108.859375,109.5625
2024-06-04,109.625,110.15625,109.46875,110.015625
2024-06-05,110.03125,110.390625,109.828125,110.296875
2024-06-06,110.375,110.40625,110.09375,110.359375
2024-06-07,110.296875,110.65625,109.25,109.3125
2024-06-10,109.25,109.265625,109.015625,109.09375
2024-06-11,109.078125,109.59375,109.078125,109.546875
2024-06-12,109.515625,110.671875,109.484375,110.3125
2024-06-13,110.171875,110.84375,110.09375,110.71875
2024-06-14,110.640625,111.03125,110.453125,110.84375
2024-06-17,110.734375,110.75,110.28125,110.40625
2024-06-18,110.34375,110.890625,110.203125,110.796875
2024-06-20,110.71875,110.828125,110.265625,110.546875
2024-06-21,110.453125,110.796875,110.359375,110.5
2024-06-24,110.453125,110.6875,110.359375,110.53125
2024-06-25,110.640625,110.78125,110.4375,110.59375
2024-06-26,110.53125,110.5625,109.96875,110.0625
2024-06-27,110,110.359375,109.859375,110.25
2024-06-28,110.234375,110.5,109.609375,109.984375
2024-07-01,109.59375,109.75,109.078125,109.171875
2024-07-02,109.25,109.609375,109.21875,109.46875
2024-07-03,109.453125,110.125,109.375,110.046875
2024-07-05,109.96875,110.625,109.546875,110.609375
2024-07-08,110.5625,110.640625,110.3125,110.59375
2024-07-09,110.5,110.5625,110.21875,110.40625
2024-07-10,110.4375,110.625,110.3125,110.5
2024-07-11,110.484375,111.328125,110.40625,111.15625
2024-07-12,111.015625,111.265625,110.796875,111.1875
2024-07-15,111,111.203125,110.765625,110.984375
2024-07-16,110.9375,111.421875,110.9375,111.328125
2024-07-17,111.40625,111.46875,111.109375,111.4375
2024-07-18,111.390625,111.421875,111.09375,111.21875
2024-07-19,111.125,111.234375,110.78125,110.828125
2024-07-22,110.9375,111.03125,110.578125,110.71875
2024-07-23,110.75,111,110.71875,110.875
2024-07-24,110.75,111.140625,110.609375,110.671875
2024-07-25,110.640625,111.265625,110.640625,110.796875
2024-07-26,110.890625,111.265625,110.734375,111.203125
2024-07-29,111.234375,111.515625,111.203125,111.34375
2024-07-30,111.328125,111.65625,111.25,111.5625
2024-07-31,111.5625,112.328125,111.46875,111.8125
2024-08-01,112.28125,112.8125,112.046875,112.734375
2024-08-02,112.75,114.25,112.65625,114.140625
2024-08-05,114.171875,115.109375,113.765625,114.078125
2024-08-06,114.015625,114.09375,113.21875,113.390625
2024-08-07,113.515625,113.53125,112.8125,112.890625
2024-08-08,113.078125,113.4375,112.515625,112.65625
2024-08-09,112.703125,113.15625,112.671875,112.953125
2024-08-12,112.9375,113.296875,112.78125,113.234375
2024-08-13,113.296875,113.6875,113.109375,113.625
2024-08-14,113.6875,114.0625,113.421875,113.765625
2024-08-15,113.6875,113.71875,112.796875,112.953125
2024-08-16,113.03125,113.375,112.890625,113.109375
2024-08-19,113.109375,113.359375,112.96875,113.21875
2024-08-20,113.21875,113.640625,113.109375,113.5625
2024-08-21,113.640625,114.03125,113.453125,113.890625
2024-08-22,113.734375,113.84375,113.171875,113.296875
2024-08-23,113.34375,113.8125,113.265625,113.703125
2024-08-26,113.75,113.9375,113.5625,113.59375
2024-08-27,113.59375,113.640625,113.265625,113.515625
2024-08-28,113.578125,113.71875,113.46875,113.53125
2024-08-29,113.515625,113.65625,113.1875,113.3125
2024-08-30,113.375,113.40625,112.9375,113.046875
2024-09-03,113.53125,114.234375,113.375,114
2024-09-04,114.0625,114.65625,114.015625,114.5625
2024-09-05,114.625,114.921875,114.5,114.75
2024-09-06,114.765625,115.40625,114.3125,115.015625
2024-09-09,114.96875,115.125,114.625,115.046875
2024-09-10,115.046875,115.515625,114.859375,115.453125
2024-09-11,115.453125,115.734375,115.0625,115.328125
2024-09-12,115.328125,115.546875,114.984375,115.1875
2024-09-13,115.21875,115.578125,115.21875,115.421875
2024-09-16,115.40625,115.609375,115.296875,115.5625
2024-09-17,115.5625,115.671875,115.25,115.375
2024-09-18,115.296875,115.53125,114.84375,115.078125
2024-09-19,114.96875,115.078125,114.5,114.734375
2024-09-20,114.90625,115,114.53125,114.84375
2024-09-23,114.71875,114.828125,114.359375,114.765625
2024-09-24,114.6875,114.90625,114.296875,114.84375
2024-09-25,114.890625,114.921875,114.46875,114.546875
2024-09-26,114.515625,114.75,114.21875,114.40625
2024-09-27,114.34375,114.78125,114.25,114.734375
2024-09-30,114.734375,114.75,114.234375,114.28125
2024-10-01,114.390625,115.015625,114.34375,114.6875
2024-10-02,114.75,114.8125,114.21875,114.421875
2024-10-03,114.40625,114.453125,113.890625,113.90625
2024-10-04,113.9375,114.046875,112.8125,112.84375
2024-10-07,112.8125,112.890625,112.421875,112.484375
2024-10-08,112.515625,112.75,112.3125,112.46875
2024-10-09,112.578125,112.65625,112.109375,112.203125
2024-10-10,112.125,112.359375,111.6875,112.078125
2024-10-11,112.265625,112.3125,111.953125,112.25
2024-10-14,112.09375,112.125,111.71875,111.859375
2024-10-15,112,112.484375,111.96875,112.4375
2024-10-16,112.4375,112.6875,112.40625,112.53125
2024-10-17,112.546875,112.5625,112,112.046875
2024-10-18,112.109375,112.296875,111.921875,112.21875
2024-10-21,112.171875,112.21875,111.4375,111.515625
2024-10-22,111.4375,111.640625,111.28125,111.34375
2024-10-23,111.28125,111.359375,110.953125,111.03125
2024-10-24,111.015625,111.421875,110.96875,111.28125
2024-10-25,111.203125,111.4375,110.921875,111.0625
2024-10-28,110.83,111.06,110.58,110.72
2024-10-29,110.671875,110.90625,110.296875,110.75
2024-10-30,110.875,111.203125,110.421875,110.703125
2024-10-31,110.453125,110.625,110.140625,110.46875
2024-11-01,110.421875,110.9375,109.859375,110.03125
2024-11-04,110.296875,110.671875,110.21875,110.359375
2024-11-05,110.515625,110.53125,109.9375,110.40625
2024-11-06,110.484375,110.671875,109.21875,109.546875
2024-11-07,109.515625,110.40625,109.4375,110.1875
2024-11-08,110.265625,110.609375,110.109375,110.28125
2024-11-11,110.203125,110.234375,109.796875,109.90625
2024-11-12,110,110.140625,109.3125,109.421875
2024-11-13,109.40625,109.953125,109.28125,109.421875
2024-11-14,109.40625,109.78125,109.125,109.546875
2024-11-15,109.359375,109.734375,108.9375,109.53125
2024-11-18,109.421875,109.6875,109.140625,109.625
2024-11-19,109.609375,110.140625,109.59375,109.84375
2024-11-20,109.71875,109.8125,109.453125,109.6875
2024-11-21,109.640625,109.890625,109.453125,109.5
2024-11-22,109.546875,109.828125,109.515625,109.640625
2024-11-25,110.09375,110.5625,109.84375,110.53125
2024-11-26,110.453125,110.546875,110.171875,110.328125
2024-11-27,110.328125,110.84375,110.28125,110.734375
2024-11-29,110.578125,111.0625,110.5625,111.015625
2024-12-02,111.171875,111.28125,110.71875,111.109375
2024-12-03,111.140625,111.34375,110.859375,110.96875
2024-12-04,110.921875,111.28125,110.5625,111.25
2024-12-05,111.234375,111.265625,110.890625,111.203125
2024-12-06,111.171875,111.640625,110.890625,111.453125
2024-12-09,111.46875,111.578125,111.125,111.171875
2024-12-10,111.15625,111.28125,110.8125,111
2024-12-11,110.96875,111.21875,110.640625,110.6875
2024-12-12,110.671875,110.78125,110.265625,110.375
2024-12-13,110.359375,110.4375,109.8125,109.875
2024-12-16,109.875,110.109375,109.765625,109.859375
2024-12-17,109.8125,109.984375,109.53125,109.90625
2024-12-18,109.8125,109.96875,108.84375,109.015625
2024-12-19,108.890625,109.015625,108.515625,108.609375
2024-12-20,108.609375,109.265625,108.609375,108.96875
2024-12-23,108.953125,109.015625,108.46875,108.46875
2024-12-24,108.546875,108.609375,108.296875,108.5625
2024-12-26,108.53125,108.6875,108.203125,108.65625
2024-12-27,108.609375,108.71875,108.359375,108.4375
2024-12-30,108.4375,109.046875,108.375,108.96875
2024-12-31,109.03125,109.1875,108.703125,108.75
2025-01-02,108.78125,109.171875,108.578125,108.8125
2025-01-03,108.890625,109.046875,108.59375,108.640625
2025-01-06,108.59375,108.796875,108.328125,108.53125
2025-01-07,108.46875,108.625,108.046875,108.171875
2025-01-08,108.15625,108.328125,107.890625,108.140625
2025-01-09,108.1875,108.4375,108.15625,108.21875
2025-01-10,108.1875,108.28125,107.359375,107.390625
2025-01-13,107.484375,107.484375,107.1875,107.234375
2025-01-14,107.359375,107.578125,107.21875,107.359375
2025-01-15,107.328125,108.40625,107.3125,108.328125
2025-01-16,108.296875,108.75,108,108.609375
2025-01-17,108.5625,108.859375,108.40625,108.546875
2025-01-21,108.4375,109.125,108.265625,108.734375
2025-01-22,108.703125,108.875,108.4375,108.5625
2025-01-23,108.484375,108.609375,108.1875,108.375
2025-01-24,108.3125,108.65625,108.234375,108.46875
2025-01-27,108.515625,109.375,108.5,109.15625
2025-01-28,109.0625,109.15625,108.796875,109.03125
2025-01-29,109.125,109.28125,108.6875,108.953125
2025-01-30,109.109375,109.40625,109.015625,109.234375
2025-01-31,109.1875,109.296875,108.78125,108.84375
2025-02-03,108.875,109.484375,108.671875,108.953125
2025-02-04,108.859375,109.234375,108.640625,109.203125
2025-02-05,109.171875,109.90625,109.078125,109.75
2025-02-06,109.75,109.78125,109.4375,109.578125
2025-02-07,109.578125,110,109.03125,109.234375
2025-02-10,109.171875,109.421875,109.078125,109.21875
2025-02-11,109.1875,109.296875,108.875,108.953125
2025-02-12,108.953125,109.15625,108.125,108.265625
2025-02-13,108.34375,109.03125,108.3125,108.96875
2025-02-14,108.921875,109.484375,108.8125,109.3125
2025-02-18,109.265625,109.34375,108.734375,108.84375
2025-02-19,108.796875,109,108.671875,108.953125
2025-02-20,108.953125,109.25,108.953125,109.171875
2025-02-21,109.125,109.75,109.109375,109.6875
2025-02-24,109.546875,109.90625,109.421875,109.875
2025-02-25,109.8125,110.625,109.8125,110.515625
2025-02-26,110.515625,110.875,110.25,110.84375
2025-02-27,110.765625,110.859375,110.421875,110.609375
2025-02-28,110.765625,111.25,110.703125,111.0625
2025-03-03,110.984375,111.59375,110.828125,111.375
2025-03-04,111.5625,111.96875,110.921875,111.21875
2025-03-05,110.90625,111.453125,110.65625,110.84375
2025-03-06,110.640625,110.90625,110.375,110.78125
2025-03-07,110.8125,111.3125,110.46875,110.546875
2025-03-10,110.875,111.359375,110.703125,111.28125
2025-03-11,111.6875,111.765625,110.78125,110.8125
2025-03-12,110.875,111.0625,110.5,110.625
2025-03-13,110.703125,111.078125,110.390625,110.9375
2025-03-14,110.953125,110.96875,110.5625,110.640625
2025-03-17,110.625,110.9375,110.4375,110.609375
2025-03-18,110.625,110.90625,110.4375,110.796875
2025-03-19,110.71875,111.09375,110.453125,111
2025-03-20,111.09375,111.546875,111.015625,111.171875
2025-03-21,111.109375,111.421875,111,111.09375
2025-03-24,111.078125,111.09375,110.484375,110.546875
2025-03-25,110.53125,110.8125,110.3125,110.75
2025-03-26,110.671875,110.71875,110.390625,110.5625
2025-03-27,110.5,110.65625,110.1875,110.421875
2025-03-28,110.46875,111.25,110.46875,111.203125
2025-03-31,111.296875,111.703125,111.125,111.21875
2025-04-01,111.421875,111.953125,111.359375,111.78125
2025-04-02,111.671875,112.078125,111.15625,111.5
2025-04-03,112.1875,113.0625,112.171875,112.640625
2025-04-04,112.796875,114.109375,112.71875,113.046875
2025-04-07,113.578125,114.3125,111.484375,112.0625
2025-04-08,111.859375,112.25,111.25,111.46875
2025-04-09,111.375,111.625,110.03125,110.328125
2025-04-10,110.765625,111.34375,110.3125,110.59375
2025-04-11,110.328125,110.65625,109.25,109.734375
2025-04-14,109.796875,110.78125,109.40625,110.75
2025-04-15,110.671875,111.1875,110.46875,111.078125
2025-04-16,110.96875,111.546875,110.90625,111.421875
2025-04-17,111.4375,111.5,111.046875,111.171875
2025-04-21,111.125,111.28125,110.6875,110.8125
2025-04-22,110.734375,110.9375,110.515625,110.796875
2025-04-23,110.78125,111.578125,110.578125,110.65625
2025-04-24,110.640625,111.25,110.640625,111.21875
2025-04-25,111.171875,111.703125,111.078125,111.515625
2025-04-28,111.65625,111.96875,111.3125,111.90625
2025-04-29,111.90625,112.234375,111.671875,112.15625
2025-04-30,112.15625,112.5,111.828125,112.21875
2025-05-01,112.328125,112.640625,111.765625,111.859375
2025-05-02,111.921875,112.046875,111.0625,111.15625
2025-05-05,111.25,111.421875,110.890625,111.0625
2025-05-06,111.046875,111.390625,110.859375,111.3125
2025-05-07,111.359375,111.6875,111.125,111.546875
2025-05-08,111.578125,111.59375,110.6875,110.796875
2025-05-09,110.765625,111.09375,110.734375,110.8125
2025-05-12,110.5625,110.609375,110.046875,110.15625
2025-05-13,110.078125,110.46875,109.9375,109.96875
2025-05-14,110.140625,110.296875,109.609375,109.71875
2025-05-15,109.65625,110.421875,109.578125,110.25
2025-05-16,110.359375,110.671875,109.96875,110.328125
2025-05-19,110,110.328125,109.625,110.140625
2025-05-20,110.28125,110.453125,109.890625,110.203125
2025-05-21,110.140625,110.328125,109.421875,109.5
2025-05-22,109.453125,110,109.40625,109.828125
2025-05-23,109.953125,110.546875,109.890625,110.078125
2025-05-27,110.078125,110.5625,109.765625,110.515625
2025-05-28,110.421875,110.484375,110.09375,110.21875
2025-05-29,110.203125,110.71875,109.796875,110.640625
2025-05-30,110.609375,110.90625,110.546875,110.71875
2025-06-02,110.8125,110.8125,110.421875,110.46875
2025-06-03,110.515625,110.8125,110.375,110.453125
2025-06-04,110.546875,111.1875,110.40625,111.09375
2025-06-05,111.0625,111.421875,110.734375,110.78125
2025-06-06,110.8125,110.90625,109.9375,109.9375
2025-06-09,109.984375,110.234375,109.953125,110.171875
2025-06-10,110.1875,110.421875,110.109375,110.21875
2025-06-11,110.203125,110.71875,109.875,110.6875
2025-06-12,110.609375,111.1875,110.609375,111.0625
2025-06-13,110.96875,111.40625,110.4375,110.609375
2025-06-16,110.75,110.8125,110.328125,110.484375
2025-06-17,110.484375,111,110.484375,110.84375
2025-06-18,110.875,111.25,110.703125,110.796875
2025-06-20,110.796875,111.09375,110.5,110.984375
2025-06-23,111.109375,111.640625,110.78125,111.453125
2025-06-24,111.25,111.6875,111.15625,111.65625
2025-06-25,111.59375,111.75,111.359375,111.6875
2025-06-26,111.671875,112.09375,111.65625,112.015625
2025-06-27,112.046875,112.0625,111.703125,111.8125
2025-06-30,111.78125,112.171875,111.6875,112.125
2025-07-01,112.09375,112.390625,111.703125,111.859375
2025-07-02,111.9375,111.953125,111.515625,111.625
2025-07-03,111.671875,111.875,110.96875,111.21875
2025-07-07,111.296875,111.390625,110.90625,110.921875
2025-07-08,111,111.046875,110.671875,110.78125
2025-07-09,110.859375,111.34375,110.734375,111.265625
2025-07-10,111.328125,111.421875,111.015625,111.21875
2025-07-11,111.171875,111.25,110.703125,110.71875
2025-07-14,110.828125,110.921875,110.625,110.765625
2025-07-15,110.71875,110.9375,110.265625,110.28125
2025-07-16,110.34375,110.671875,110.265625,110.625
2025-07-17,110.578125,110.78125,110.296875,110.515625
2025-07-18,110.609375,110.90625,110.59375,110.78125
2025-07-21,110.859375,111.296875,110.75,111.1875
2025-07-22,111.109375,111.453125,111,111.40625
2025-07-23,111.328125,111.328125,110.96875,111.015625
2025-07-24,111.03125,111.0625,110.609375,110.828125
2025-07-25,110.890625,111.015625,110.703125,110.984375
2025-07-28,110.890625,111.09375,110.765625,110.765625
2025-07-29,110.8125,111.40625,110.75,111.359375
2025-07-30,111.390625,111.453125,110.953125,111
2025-07-31,111.015625,111.3125,110.921875,111.0625
2025-08-01,110.96875,112.34375,110.734375,112.203125
2025-08-04,112.265625,112.4375,111.984375,112.375
2025-08-05,112.390625,112.484375,112.15625,112.296875
2025-08-06,112.1875,112.265625,111.828125,112.234375
2025-08-07,112.140625,112.296875,112.03125,112.09375
2025-08-08,112.0625,112.125,111.78125,111.828125
2025-08-11,111.8125,112,111.765625,111.890625
2025-08-12,111.78125,112.1875,111.609375,111.8125
2025-08-13,111.796875,112.28125,111.71875,112.171875
2025-08-14,112.21875,112.4375,111.765625,111.796875
2025-08-15,111.828125,111.953125,111.546875,111.59375
2025-08-18,111.640625,111.84375,111.421875,111.515625
2025-08-19,111.5625,111.8125,111.46875,111.765625
2025-08-20,111.75,112.015625,111.625,111.859375
2025-08-21,111.859375,111.90625,111.453125,111.546875
2025-08-22,111.59375,112.25,111.484375,112.140625
2025-08-25,112.140625,112.15625,111.859375,111.96875
2025-08-26,111.96875,112.234375,111.796875,112.203125
2025-08-27,112.15625,112.453125,112.03125,112.40625
2025-08-28,112.4375,112.59375,112.28125,112.53125
2025-08-29,112.578125,112.578125,112.359375,112.453125
2025-09-02,112.484375,112.5,111.96875,112.140625
2025-09-03,112.265625,112.65625,112,112.609375
2025-09-04,112.515625,112.9375,112.5,112.84375
2025-09-05,112.890625,113.671875,112.875,113.390625
2025-09-08,113.421875,113.609375,113.234375,113.546875
2025-09-09,113.578125,113.625,113.21875,113.34375
2025-09-10,113.234375,113.640625,113.15625,113.578125
2025-09-11,113.453125,113.90625,113.28125,113.65625
2025-09-12,113.53125,113.5625,113.125,113.28125
2025-09-15,113.203125,113.5,113.0625,113.46875
2025-09-16,113.421875,113.578125,113.265625,113.546875
2025-09-17,113.515625,113.796875,113.046875,113.125
2025-09-18,113.046875,113.375,112.734375,112.984375
2025-09-19,112.984375,112.984375,112.6875,112.75
2025-09-22,112.828125,112.890625,112.640625,112.703125
2025-09-23,112.671875,112.953125,112.671875,112.875
2025-09-24,112.953125,113,112.578125,112.640625
2025-09-25,112.59375,112.6875,112.1875,112.328125
2025-09-26,112.375,112.484375,112.1875,112.265625
2025-09-29,112.28125,112.578125,112.265625,112.515625
2025-09-30,112.5,112.5,112.5,112.5
2025-10-01,112.453125,112.96875,112.375,112.84375
2025-10-02,112.890625,112.96875,112.671875,112.921875
2025-10-03,112.953125,112.984375,112.625,112.671875
2025-10-06,112.578125,112.609375,112.34375,112.390625
2025-10-07,112.453125,112.75,112.28125,112.671875
2025-10-08,112.671875,112.84375,112.53125,112.609375
2025-10-09,112.65625,112.765625,112.4375,112.484375
2025-10-10,112.515625,113.28125,112.515625,113.140625
2025-10-13,113.109375,113.21875,112.9375,113.15625
2025-10-14,113.203125,113.546875,113.0625,113.40625
2025-10-15,113.34375,113.546875,113.203125,113.234375
2025-10-16,113.3125,113.796875,113.171875,113.75
2025-10-17,113.765625,114.0625,113.40625,113.46875
2025-10-20,113.421875,113.640625,113.328125,113.59375
2025-10-21,113.609375,113.859375,113.53125,113.75
2025-10-22,113.75,113.90625,113.609375,113.796875
2025-10-23,113.78125,113.828125,113.375,113.484375
2025-10-24,113.421875,113.75,113.296875,113.4375
2025-10-27,113.1875,113.5,113.125,113.421875
2025-10-28,113.515625,113.578125,113.296875,113.46875
2025-10-29,113.484375,113.515625,112.75,112.90625
2025-10-30,112.796875,112.921875,112.5,112.703125
2025-10-31,112.6875,112.859375,112.546875,112.671875
2025-11-03,112.765625,112.84375,112.578125,112.671875
2025-11-04,112.640625,112.890625,112.609375,112.78125
2025-11-05,112.8125,113.0625,112.296875,112.328125
2025-11-06,112.3125,112.9375,112.3125,112.828125
2025-11-07,112.859375,113.0625,112.6875,112.859375
2025-11-10,112.71875,112.8125,112.46875,112.6875
2025-11-11,112.640625,113.0625,112.625,113.03125
2025-11-12,113,113.078125,112.84375,113
2025-11-13,112.96875,113.046875,112.65625,112.765625
2025-11-14,112.71875,113.140625,112.5,112.53125
2025-11-17,112.5,112.765625,112.484375,112.640625
2025-11-18,112.5625,113.0625,112.53125,112.78125
2025-11-19,112.84375,112.953125,112.625,112.6875
2025-11-20,112.640625,113.0625,112.359375,112.875
2025-11-21,113.046875,113.4375,112.921875,113.25
2025-11-24,113.171875,113.46875,113.171875,113.375
2025-11-25,113.4375,113.75,113.296875,113.640625
2025-11-26,113.625,113.671875,113.34375,113.625
2025-11-28,113.625,113.671875,113.375,113.421875
2025-12-01,113.40625,113.40625,112.90625,112.9375
2025-12-02,112.875,112.953125,112.6875,112.890625
2025-12-03,112.875,113.21875,112.875,113.109375
2025-12-04,113.0625,113.0625,112.6875,112.71875
2025-12-05,112.78125,112.859375,112.46875,112.515625
2025-12-08,112.53125,112.59375,112.078125,112.25
2025-12-09,112.296875,112.4375,112.03125,112.09375
2025-12-10,112.046875,112.453125,111.90625,112.21875
2025-12-11,112.359375,112.71875,112.3125,112.453125
2025-12-12,112.328125,112.4375,112.109375,112.171875
2025-12-15,112.21875,112.515625,112.1875,112.28125
2025-12-16,112.328125,112.703125,112.1875,112.515625
2025-12-17,112.546875,112.546875,112.28125,112.5
2025-12-18,112.484375,112.96875,112.46875,112.75
2025-12-19,112.71875,112.71875,112.453125,112.5
2025-12-22,112.46875,112.484375,112.296875,112.34375
2025-12-23,112.375,112.53125,112.046875,112.296875
2025-12-24,112.296875,112.53125,112.265625,112.515625
2025-12-26,112.515625,112.71875,112.375,112.578125
2025-12-29,112.578125,112.78125,112.484375,112.71875
2025-12-30,112.734375,112.796875,112.53125,112.640625
2025-12-31,112.65625,112.796875,112.25,112.4375
2026-01-02,112.296875,112.453125,112.140625,112.203125
2026-01-05,112.23,112.52,112.16,112.42
2026-01-06,112.40625,112.46875,112.1875,112.328125
2026-01-07,112.375,112.6875,112.34375,112.578125
2026-01-08,112.5,112.65625,112.21875,112.25
2026-01-09,112.34375,112.390625,111.96875,112.21875
2026-01-12,112.15625,112.34375,111.984375,112.140625
2026-01-13,112.203125,112.4375,112.046875,112.265625
2026-01-14,112.203125,112.5625,112.171875,112.46875
2026-01-15,112.53125,112.546875,112.125,112.21875
2026-01-16,112.16,112.23,111.73,111.8
2026-01-20,111.953125,111.984375,111.28125,111.421875
2026-01-21,111.390625,111.703125,111.390625,111.65625
2026-01-22,111.6875,111.765625,111.4375,111.59375
2026-01-23,111.625,111.765625,111.5,111.671875
2026-01-26,111.828125,111.9375,111.703125,111.828125
2026-01-27,111.796875,111.90625,111.65625,111.796875
2026-01-28,111.6875,111.828125,111.484375,111.640625
2026-01-29,111.703125,111.890625,111.515625,111.859375
2026-01-30,111.78125,111.875,111.546875,111.828125
2026-02-02,111.796875,112.0625,111.515625,111.59375
2026-02-03,111.5625,111.671875,111.421875,111.59375
2026-02-04,111.625,111.734375,111.484375,111.609375
2026-02-05,111.609375,112.328125,111.578125,112.125
2026-02-06,112.3125,112.515625,112,112.109375
2026-02-09,111.984375,112.21875,111.8125,112.1875
2026-02-10,112.15625,112.59375,112.15625,112.515625
2026-02-11,112.5,112.625,112,112.28125
2026-02-12,112.265625,112.859375,112.234375,112.796875
2026-02-13,112.8125,113.234375,112.65625,113.171875
2026-02-16,113.16,113.38,113.09,113.23
2026-02-17,113.203125,113.4375,113.0625,113.125
2026-02-18,113.09375,113.171875,112.875,112.953125
2026-02-19,112.921875,113.046875,112.765625,112.96875
2026-02-20,113,113.109375,112.734375,112.9375
2026-02-23,112.921875,113.4375,112.859375,113.375
2026-02-24,113.328125,113.40625,113.1875,113.296875
2026-02-25,113.296875,113.328125,113.09375,113.171875
2026-02-26,113.140625,113.515625,113.125,113.421875
2026-02-27,113.5,113.953125,113.5,113.859375
2026-03-02,114.203125,114.375,113.03125,113.15625
2026-03-03,113.234375,113.3125,112.625,113.109375
2026-03-04,113,113.09375,112.671875,112.8125
2026-03-05,112.703125,112.75,112.296875,112.3125
2026-03-06,112.359375,112.65625,112.046875,112.4375
2026-03-09,112.1875,112.671875,111.828125,112.359375
2026-03-10,112.671875,112.765625,112.265625,112.453125
2026-03-11,112.28125,112.4375,111.8125,111.984375
2026-03-12,111.8125,111.984375,111.375,111.40625
2026-03-13,111.5,111.765625,111.34375,111.40625
2026-03-16,111.46875,111.921875,111.390625,111.890625
2026-03-17,111.875,112.125,111.6875,112
2026-03-18,111.984375,112.21875,111.421875,111.546875
2026-03-19,111.46875,111.578125,110.890625,111.21875
2026-03-20,111.484375,111.53125,110.4375,110.5
2026-03-23,110.28125,111.140625,109.984375,110.921875
2026-03-24,110.796875,110.90625,110.171875,110.421875
2026-03-25,110.671875,111.046875,110.625,110.890625
2026-03-26,110.859375,110.875,110.09375,110.171875
2026-03-27,110.28,110.31,109.75,110.2
2026-03-30,110.171875,110.96875,110.125,110.8125
2026-03-31,110.78,111.25,110.7,111.05
2026-04-01,111.015625,111.453125,110.859375,110.984375
2026-04-02,110.90625,111.234375,110.5,111.015625
2026-04-03,111.015625,111.234375,110.5625,110.765625
2026-04-06,110.71875,110.96875,110.578125,110.8125
2026-04-07,110.8125,111.171875,110.546875,110.859375
2026-04-08,111.203125,111.65625,111.125,111.234375
2026-04-09,111.1875,111.484375,111.015625,111.234375
2026-04-10,111.34375,111.484375,111.015625,111.09375
2026-04-13,110.734375,111.296875,110.703125,111.234375
2026-04-14,111.25,111.609375,111.171875,111.53125
2026-04-15,111.578125,111.65625,111.265625,111.359375
2026-04-16,111.359375,111.53125,111.15625,111.21875
2026-04-17,111.171875,111.859375,111.125,111.71875
2026-04-20,111.546875,111.703125,111.390625,111.65625
2026-04-21,111.609375,111.703125,111.109375,111.296875
2026-04-22,111.296875,111.515625,111.15625,111.28125
2026-04-23,111.203125,111.3125,110.828125,111.046875
2026-04-24,111.03125,111.265625,110.859375,111.21875
2026-04-27,111.15625,111.234375,110.9375,111.03125
2026-04-28,111.015625,111.078125,110.703125,110.859375
2026-04-29,110.890625,110.953125,110.25,110.359375
2026-04-30,110.28125,110.734375,110.234375,110.59375
2026-05-01,110.703125,110.921875,110.46875,110.640625
2026-05-04,110.75,110.828125,110.015625,110.171875
2026-05-05,110.21875,110.46875,110.171875,110.34375
2026-05-06,110.28125,110.96875,110.265625,110.796875
2026-05-07,110.828125,111.109375,110.453125,110.515625
2026-05-08,110.484375,110.875,110.46875,110.75
2026-05-11,110.71875,110.71875,110.359375,110.40625
2026-05-12,110.359375,110.40625,110.015625,110.03125
2026-05-13,110.03125,110.125,109.8125,110
2026-05-14,110.0625,110.3125,109.890625,110.109375
2026-05-15,109.90625,109.921875,109.109375,109.171875
2026-05-18,109.0625,109.4375,108.9375,109.015625
2026-05-19,109.28125,109.359375,108.5625,108.703125
2026-05-20,108.71875,109.5,108.609375,109.40625
2026-05-21,109.25,109.484375,108.890625,109.234375
2026-05-22,109.3125,109.609375,109.15625,109.25
2026-05-25,109.7,110,109.7,109.98
2026-05-26,109.53125,110,109.53125,109.828125
2026-05-27,109.859375,110.15625,109.8125,109.90625
2026-05-28,109.875,110.234375,109.546875,110.046875
2026-05-29,110.109375,110.234375,109.96875,110.078125
2026-06-01,109.96875,110.078125,109.5625,109.859375
2026-06-02,109.953125,110.1875,109.90625,109.953125
2026-06-03,109.921875,110,109.640625,109.71875
2026-06-04,109.390625,109.78125,109.390625,109.59375
2026-06-05,109.59375,109.75,108.96875,109.078125
2026-06-08,109.046875,109.28125,108.78125,109.03125
2026-06-09,108.953125,109.28125,108.859375,109.21875
2026-06-10,109.234375,109.375,108.984375,109.140625
2026-06-11,109.015625,109.8125,108.84375,109.671875
2026-06-12,109.671875,109.90625,109.375,109.515625
2026-06-15,109.78125,110,109.609375,109.65625
2026-06-16,109.640625,110,109.59375,109.9375
2026-06-17,109.84375,109.953125,109.234375,109.5625
2026-06-18,109.34375,109.859375,109.296875,109.625
2026-06-19,109.47,109.52,109.3,109.33
2026-06-22,109.5625,109.640625,109.1875,109.234375
2026-06-23,109.21875,109.546875,109.203125,109.375
2026-06-24,109.328125,110.03125,109.296875,110
2026-06-25,110.015625,110.28125,109.84375,110.09375
2026-06-26,110.0625,110.328125,110.015625,110.265625
2026-06-29,110.234375,110.296875,110.109375,110.1875
2026-06-30,110.1875,110.3125,109.609375,109.890625
2026-07-01,109.625,109.734375,109.390625,109.578125
2026-07-02,109.546875,109.796875,109.375,109.578125
2026-07-03,109.67,109.75,109.52,109.55
2026-07-06,109.65625,109.78125,109.515625,109.640625
2026-07-07,109.671875,109.703125,109.125,109.328125
2026-07-08,109.125,109.234375,108.796875,109
2026-07-09,108.890625,109.328125,108.84375,109.265625
2026-07-10,109.15625,109.375,109.015625,109.03125
2026-07-13,108.921875,109.046875,108.609375,108.703125
2026-07-14,108.640625,109.421875,108.53125,108.921875
2026-07-15,108.90625,109.34375,108.734375,109.296875
2026-07-16,109.25,109.28125,108.9375,109.140625
2026-07-17,109.203125,109.53125,109.171875,109.265625
2026-07-20,109.1875,109.265625,108.78125,108.859375
2026-07-21,108.90625,109,108.578125,108.640625
2026-07-22,108.640625,108.703125,108.375,108.421875
2026-07-23,108.40625,108.46875,108.015625,108.09375
2026-07-24,108.15625,108.484375,108.03125,108.328125
2026-07-27,108.5,108.6875,108.390625,108.578125
2026-07-28,108.515625,108.9375,108.484375,108.8125
2026-07-29,108.734375,108.828125,108.28125,108.78125
2026-07-30,108.390625,108.640625,108.1875,108.546875
2026-07-31,108.484375,108.671875,107.984375,108
2026-08-03,108.359375,108.546875,108.265625,108.421875
2026-08-04,108.46875,108.921875,108.265625,108.84375
2026-08-05,108.90625,109.03125,108.703125,108.890625
2026-08-06,108.890625,108.984375,108.4375,108.5
2026-08-07,108.453125,109.046875,108.40625,108.640625
2026-08-10,108.640625,108.75,108.296875,108.375
2026-08-11,108.3125,108.59375,108.125,108.484375
2026-08-12,108.453125,108.875,108.421875,108.546875
2026-08-13,108.5,109.109375,108.484375,108.921875
2026-08-14,108.890625,109.09375,108.5625,108.578125
2026-08-17,108.578125,108.765625,108.421875,108.453125
2026-08-18,108.46875,108.59375,108.28125,108.5625
2026-08-19,108.53125,108.9375,108.5,108.78125
2026-08-20,108.8125,108.921875,108.40625,108.5
2026-08-21,108.46875,108.625,108.234375,108.265625
2026-08-24,108.28125,108.5625,108.265625,108.453125
