date,open,high,low,close
1999-01-04,12.2,12.42,12.06,12.34
1999-01-05,12.3,12.36,11.93,11.99
1999-01-06,12.4,12.85,12.1,12.8
1999-01-07,12.75,13.28,12.55,13.09
1999-01-08,12.9,13.25,12.78,13.07
1999-01-11,13.32,13.75,13.26,13.44
1999-01-12,13.25,13.25,12.85,12.89
1999-01-13,12.65,12.79,12.22,12.38
1999-01-14,12.46,12.54,12.16,12.22
1999-01-15,12.32,12.42,12.16,12.2
1999-01-19,12.24,12.58,12.16,12.19
1999-01-20,12.1,12.2,11.84,11.87
1999-01-21,12.1,12.55,12.08,12.46
1999-01-22,12.5,12.8,12.12,12.69
1999-01-25,12.45,12.6,12.38,12.44
1999-01-26,12.25,12.34,11.96,12.06
1999-01-27,11.98,12.44,11.95,12.32
1999-01-28,12.3,12.47,12.21,12.45
1999-01-29,12.43,12.8,12.35,12.75
1999-02-01,12.8,12.9,12.33,12.37
1999-02-02,12.3,12.35,12.11,12.3
1999-02-03,12.23,12.69,12.15,12.38
1999-02-04,12.27,12.4,11.99,12.02
1999-02-05,11.95,12.1,11.7,11.8
1999-02-08,11.83,11.94,11.57,11.67
1999-02-09,11.6,11.79,11.53,11.68
1999-02-10,11.73,11.94,11.68,11.75
1999-02-11,11.85,12.04,11.83,11.93
1999-02-12,12.02,12.12,11.94,11.96
1999-02-16,11.99,12.03,11.46,11.48
1999-02-17,11.47,11.74,11.41,11.63
1999-02-18,11.57,12.33,11.53,12.17
1999-02-19,11.95,12.19,11.88,11.9
1999-02-22,11.87,12.18,11.86,12.07
1999-02-23,12.23,12.57,12.22,12.48
1999-02-24,12.3,12.74,12.26,12.61
1999-02-25,12.57,12.8,12.41,12.68
1999-02-26,12.55,12.7,12.24,12.27
1999-03-01,12.37,12.46,12.18,12.24
1999-03-02,12.33,12.55,12.32,12.51
1999-03-03,12.65,12.99,12.64,12.93
1999-03-04,12.85,13.5,12.82,13.35
1999-03-05,13.4,13.5,13.26,13.3
1999-03-08,13.63,14.03,13.54,13.63
1999-03-09,13.6,14.03,13.43,13.85
1999-03-10,14.2,14.75,13.71,14.69
1999-03-11,14.55,14.8,14.27,14.31
1999-03-12,14.95,15.05,14.4,14.49
1999-03-15,14.4,14.6,14.35,14.5
1999-03-16,14.5,14.6,14.4,14.54
1999-03-17,14.72,15.25,14.7,15.15
1999-03-18,15.6,15.62,14.9,15.1
1999-03-19,15.08,15.4,14.93,15.36
1999-03-22,15.36,15.77,15.1,15.74
1999-03-23,15.52,15.73,15.43,15.51
1999-03-24,15.7,15.83,15.07,15.34
1999-03-25,15.24,15.73,15.12,15.67
1999-03-26,15.86,16.2,15.68,16.17
1999-03-29,16.28,16.48,15.93,16.44
1999-03-30,16.3,16.84,16.17,16.8
1999-03-31,16.5,17.05,16.4,16.76
1999-04-01,16.4,16.69,16.4,16.64
1999-04-05,16.55,17.03,16.52,16.95
1999-04-06,16.78,16.95,16.65,16.81
1999-04-07,16.55,16.64,15.98,16.03
1999-04-08,16.1,16.25,15.61,15.83
1999-04-09,16.06,16.84,16,16.57
1999-04-12,16.48,16.62,16.33,16.4
1999-04-13,16.6,16.85,16.52,16.78
1999-04-14,16.55,16.58,16.24,16.55
1999-04-15,16.68,17,16.52,16.89
1999-04-16,16.8,17.5,16.72,17.34
1999-04-19,17.34,17.8,17.32,17.63
1999-04-20,17.58,17.78,17.4,17.48
1999-04-21,17.5,18.05,17.42,17.92
1999-04-22,17.82,18.22,17.75,18.18
1999-04-23,18.05,18.18,17.83,17.94
1999-04-26,17.75,17.81,17.45,17.66
1999-04-27,17.65,17.83,17.55,17.81
1999-04-28,18.03,18.54,18.01,18.45
1999-04-29,18.36,18.58,18.26,18.53
1999-04-30,18.72,18.83,18.1,18.66
1999-05-03,18.5,19,18.5,18.85
1999-05-05,18.61,19.05,18.45,18.98
1999-05-06,18.79,18.79,18.2,18.32
1999-05-07,18.35,18.35,17.85,18.22
1999-05-10,18.05,18.55,18,18.5
1999-05-11,18.23,18.27,17.75,18.06
1999-05-12,17.5,17.7,17.33,17.57
1999-05-13,17.7,18.1,17.58,18.03
1999-05-14,18.05,18.12,17.76,17.98
1999-05-17,17.75,17.89,17.54,17.83
1999-05-18,17.4,17.5,16.96,17.05
1999-05-19,17.08,17.25,16.85,16.89
1999-05-20,16.78,17.36,16.71,17.07
1999-05-21,17.17,17.43,17.15,17.41
1999-05-24,17.4,17.54,17.04,17.06
1999-05-25,16.9,17.18,16.77,17.14
1999-05-26,17.2,17.57,17.2,17.35
1999-05-27,17.27,17.48,17.15,17.17
1999-05-28,17.05,17.1,16.8,16.84
1999-06-01,16.6,16.6,16.21,16.34
1999-06-02,16.44,16.74,16.39,16.65
1999-06-03,16.69,16.75,16.48,16.74
1999-06-04,16.83,17.38,16.8,17.32
1999-06-07,17.34,18.08,17.28,17.86
1999-06-08,17.7,18.07,17.63,17.66
1999-06-09,17.5,18.03,17.46,17.99
1999-06-10,18,18.17,17.77,17.85
1999-06-11,17.85,18.45,17.81,18.43
1999-06-14,18.38,18.62,18.25,18.33
1999-06-15,18.33,18.79,18.3,18.67
1999-06-16,18.77,18.87,18.1,18.13
1999-06-17,18.17,18.5,18.08,18.41
1999-06-18,18.42,18.55,18.08,18.18
1999-06-21,18.07,18.07,17.76,17.91
1999-06-22,17.8,18.05,17.72,17.75
1999-06-23,17.96,18.49,17.95,18.45
1999-06-24,18.41,18.63,18.24,18.29
1999-06-25,18.37,18.42,18.21,18.39
1999-06-28,18.3,18.36,18.18,18.23
1999-06-29,18.27,18.5,18.21,18.44
1999-06-30,18.68,19.37,18.67,19.29
1999-07-01,19.45,19.56,19.22,19.39
1999-07-02,19.35,19.7,19.29,19.69
1999-07-06,19.98,19.99,19.51,19.78
1999-07-07,19.65,19.84,19.57,19.77
1999-07-08,20.12,20.15,19.65,19.71
1999-07-09,19.5,19.98,19.48,19.94
1999-07-12,19.82,19.94,19.66,19.91
1999-07-13,20.17,20.42,20.05,20.35
1999-07-14,20.39,20.47,20.05,20.14
1999-07-15,20.04,20.5,19.88,20.4
1999-07-16,20.4,20.8,20.21,20.72
1999-07-19,20.55,20.87,20.5,20.65
1999-07-20,20.5,20.5,19.55,19.75
1999-07-21,19.6,19.86,19.22,19.65
1999-07-22,19.72,19.98,19.52,19.94
1999-07-23,20.05,20.65,20.02,20.63
1999-07-26,20.5,20.69,20.31,20.52
1999-07-27,20.3,20.51,20.09,20.38
1999-07-28,20.5,20.75,20.2,20.54
1999-07-29,20.65,21.12,20.61,20.97
1999-07-30,20.9,21.1,20.45,20.53
1999-08-02,20.55,20.55,20.1,20.45
1999-08-03,20.53,20.53,20.12,20.3
1999-08-04,20.55,20.75,20.1,20.44
1999-08-05,20.58,20.64,20.31,20.56
1999-08-06,20.7,20.92,20.37,20.88
1999-08-09,20.9,21.3,20.76,21.27
1999-08-10,21.2,21.35,20.99,21.3
1999-08-11,21.25,21.79,21.2,21.52
1999-08-12,21.45,21.63,21.32,21.48
1999-08-13,21.73,22.01,21.5,21.77
1999-08-16,21.77,21.79,21.5,21.52
1999-08-17,21.45,21.95,21.35,21.91
1999-08-18,21.85,21.86,21.66,21.73
1999-08-19,21.8,22.12,21.78,21.97
1999-08-20,22.1,22.17,21.75,21.88
1999-08-23,22,22.1,20.87,21.84
1999-08-24,21.53,21.65,21.3,21.47
1999-08-25,21.25,21.29,20.4,20.58
1999-08-26,20.63,21,20.5,20.95
1999-08-27,20.98,21.98,20.75,21.27
1999-08-30,21.33,22.08,21.2,22.01
1999-08-31,21.85,22.3,21.54,22.11
1999-09-01,21.95,22.29,21.76,21.99
1999-09-02,21.7,21.86,21.42,21.49
1999-09-03,21.73,22.04,21.61,22
1999-09-07,22.15,22.75,21.96,22.61
1999-09-08,22.55,22.86,22.5,22.66
1999-09-09,23.1,23.33,22.93,23.2
1999-09-10,22.97,23.77,22.95,23.55
1999-09-13,23.4,24.3,23,24.21
1999-09-14,24.03,24.06,23.54,23.75
1999-09-15,23.39,24.51,23.35,24.13
1999-09-16,24.25,24.39,23.91,24.09
1999-09-17,24.15,24.32,23.88,24.18
1999-09-20,24.15,24.24,23.81,23.85
1999-09-21,23.65,24.27,23.51,23.94
1999-09-22,24.08,24.4,23.9,24.12
1999-09-23,24.6,24.99,24.32,24.87
1999-09-24,24.73,24.96,24.6,24.76
1999-09-27,24.77,24.82,24.45,24.61
1999-09-28,24.35,24.58,24.18,24.33
1999-09-29,24.8,25.12,24.62,24.69
1999-09-30,24.5,24.7,24.24,24.51
1999-10-01,24.68,24.85,24.4,24.54
1999-10-04,24.07,24.1,23.3,23.76
1999-10-05,23.5,23.74,22.78,23.45
1999-10-06,23.45,23.6,23,23.27
1999-10-07,22.7,22.85,22.35,22.45
1999-10-08,21,21.6,20.65,20.9
1999-10-11,21.23,21.9,20.28,21.27
1999-10-12,21.23,22.19,21.23,22.03
1999-10-13,22.75,23.1,22.58,23
1999-10-14,22.9,23.03,22.3,22.4
1999-10-15,22.15,22.95,21.91,22.82
1999-10-18,22.15,22.98,22.15,22.71
1999-10-19,22.45,22.8,22.28,22.34
1999-10-20,22.23,22.7,22.05,22.48
1999-10-21,22.6,22.84,22.56,22.61
1999-10-22,22.98,23.52,22.95,23.45
1999-10-25,23.51,23.77,23.3,23.35
1999-10-26,23.23,23.54,23.16,23.19
1999-10-27,23.3,23.36,22.9,22.92
1999-10-28,22.7,22.72,21.65,21.68
1999-10-29,21.9,22.21,21.35,21.75
1999-11-01,21.98,22.55,21.77,22.51
1999-11-02,22.34,22.77,22.32,22.39
1999-11-03,22.38,22.83,22.15,22.56
1999-11-04,22.57,23.23,22.52,23.14
1999-11-05,23.31,23.5,22.8,23
1999-11-08,22.85,23.33,22.78,23.27
1999-11-09,23.55,24.07,23.5,24.03
1999-11-10,24.25,24.98,24.25,24.47
1999-11-11,24.15,24.64,24.01,24.33
1999-11-12,24.05,24.8,24,24.77
1999-11-15,24.85,25.45,24.85,25.12
1999-11-16,25,25.47,24.85,25.44
1999-11-17,25.8,26.18,25.77,26
1999-11-18,25.88,26.25,25.3,25.33
1999-11-19,25.8,27.62,25.5,26.14
1999-11-22,26.7,27.2,26.6,27.07
1999-11-23,26.9,27.05,26.38,26.44
1999-11-24,26.85,27.1,26.73,26.87
1999-11-29,26.35,26.45,25.89,25.96
1999-11-30,25.6,25.75,25.05,25.08
1999-12-01,24.45,25.1,24.1,25
1999-12-02,25.35,25.85,25.12,25.82
1999-12-03,25.85,26,25.63,25.81
1999-12-06,26.05,26.72,26.05,26.66
1999-12-07,26.46,26.65,25.99,26.22
1999-12-08,25.4,26.65,25.29,26.54
1999-12-09,26.42,26.68,25.88,26.15
1999-12-10,25.1,25.27,24.1,24.71
1999-12-13,25.5,25.65,24.9,25.38
1999-12-14,25.3,25.87,25.28,25.73
1999-12-15,25.8,25.94,25.55,25.83
1999-12-16,25.83,26.45,25.71,26.42
1999-12-17,26.3,26.68,25.75,26.52
1999-12-20,26.39,26.55,26.2,26.34
1999-12-21,26.35,26.35,26.05,26.26
1999-12-22,26.15,26.18,25.44,25.5
1999-12-23,25.65,26,25.56,25.87
1999-12-27,26,26.38,25.96,26.33
1999-12-28,26.4,26.85,26.4,26.82
1999-12-29,26.73,26.85,26.25,26.47
1999-12-30,26.2,26.55,25.25,25.6
2000-01-04,25.05,25.69,24.75,25.55
2000-01-05,25.05,25.05,24.91,24.91
2000-01-06,24.76,25.34,24.51,24.78
2000-01-07,24.8,25.02,24.13,24.22
2000-01-10,24.35,24.75,24.02,24.67
2000-01-11,24.9,25.8,24.9,25.77
2000-01-12,25.48,26.55,25.41,26.28
2000-01-13,26.5,27.12,26.42,26.69
2000-01-14,26.2,27.25,26.2,27.14
2000-01-18,27.55,27.9,27.15,27.8
2000-01-19,27.6,28.05,27.45,27.93
2000-01-20,27.8,28.37,27.2,27.97
2000-01-21,28.65,29.1,27.7,28.2
2000-01-24,28.4,28.45,27.51,27.83
2000-01-25,27.7,28.44,27.7,28.28
2000-01-26,28.6,28.69,27.8,27.84
2000-01-27,27.85,28.1,27.19,27.32
2000-01-28,27.4,27.56,26.94,27.22
2000-01-31,26.8,27.9,26.71,27.64
2000-02-01,27.8,28.4,27.7,28.22
2000-02-02,28.55,28.65,27.45,27.55
2000-02-03,27.9,28.47,27.67,28.03
2000-02-04,28.08,28.87,27.75,28.82
2000-02-07,28.65,28.9,28.25,28.45
2000-02-08,28.38,28.49,27.9,28.02
2000-02-09,27.8,28.84,27.71,28.77
2000-02-10,28.7,29.5,28.65,29.43
2000-02-11,29.8,29.94,29.02,29.44
2000-02-14,29.7,30.3,29.47,30.25
2000-02-15,30.2,30.45,29.8,30.06
2000-02-16,30.03,30.2,29.35,30.05
2000-02-17,29.4,29.58,29.05,29.46
2000-02-18,29.3,29.6,29.05,29.51
2000-02-22,27.95,29,27.9,28.92
2000-02-23,28.83,29.45,28.75,29.39
2000-02-24,29.44,30.15,29.4,29.97
2000-02-25,29.8,30.83,29.7,30.35
2000-02-28,30.01,30.59,29.82,30.13
2000-02-29,30.35,30.63,30.3,30.43
2000-03-01,30.6,31.8,30.45,31.77
2000-03-02,31.75,32.15,31.38,31.69
2000-03-03,31.65,31.84,30.92,31.51
2000-03-06,31.9,32.2,31.42,32.18
2000-03-07,32.57,34.2,32.4,34.13
2000-03-08,32.9,33.59,30.8,31.26
2000-03-09,31.7,31.99,30.55,31.69
2000-03-10,31.4,31.99,31.25,31.76
2000-03-13,31.75,32.25,31.55,32.02
2000-03-14,31.84,31.95,31.2,31.69
2000-03-15,31.1,31.4,30.6,30.72
2000-03-16,30.35,31.2,30.15,31.09
2000-03-17,31.3,31.3,30.56,30.91
2000-03-20,30.5,30.5,29.25,29.43
2000-03-21,27.7,28.08,27.4,27.81
2000-03-22,27.65,28.25,27.25,27.46
2000-03-23,27.65,27.78,27.2,27.31
2000-03-24,27.85,28.15,27.55,28.02
2000-03-27,27.65,28.01,27.47,27.79
2000-03-28,27.65,27.82,27.01,27.09
2000-03-29,26.4,26.65,26.05,26.45
2000-03-30,26.5,26.75,26.47,26.7
2000-03-31,26.95,27.15,26.24,26.9
2000-04-03,26.95,27.12,26.35,26.43
2000-04-04,26,26.05,25.42,25.45
2000-04-05,25.5,25.85,25.13,25.83
2000-04-06,25.95,26.04,25.53,25.69
2000-04-07,25.3,25.78,24.85,25.04
2000-04-10,24.6,24.77,23.7,23.85
2000-04-11,24.15,24.37,23.81,24.14
2000-04-12,24.65,25.5,24.22,25.41
2000-04-13,25.36,25.96,25.2,25.38
2000-04-14,25.55,25.8,25.1,25.57
2000-04-17,25.23,26.03,25.08,25.89
2000-04-18,26.1,26.2,25.4,26.11
2000-04-19,24.97,26,24.97,25.8
2000-04-20,25.75,25.98,25.49,25.88
2000-04-24,25.95,26.18,25.82,26.04
2000-04-25,25.71,25.9,25.3,25.33
2000-04-26,25.02,25.1,24.6,24.65
2000-04-27,24.85,25.5,24.8,25.42
2000-04-28,25.65,26.09,25.5,25.74
2000-05-01,25.55,26,25.52,25.87
2000-05-02,25.95,27.08,25.95,26.89
2000-05-03,26.92,27.39,26.65,26.75
2000-05-04,26.85,27.25,26.71,26.98
2000-05-05,26.8,27.4,26.76,27.29
2000-05-08,27.3,28.15,27.18,28.09
2000-05-09,28.05,28.93,27.98,28.65
2000-05-10,28.4,28.64,28.03,28.1
2000-05-11,28.08,29.42,28,29.11
2000-05-12,29.45,30,28.82,29.62
2000-05-15,29.2,30.04,29.18,29.92
2000-05-16,30.1,30.25,29.6,29.73
2000-05-17,29.4,29.8,29.07,29.32
2000-05-18,29.8,30.48,29.55,30.33
2000-05-19,30.18,30.2,29.37,29.89
2000-05-22,29.7,29.8,28.4,28.73
2000-05-23,28.68,28.93,28.35,28.78
2000-05-24,29.15,30,29.01,29.93
2000-05-25,29.9,30.55,29.67,30.51
2000-05-26,30.64,30.82,29.7,30
2000-05-30,30.01,30.45,29.98,30.35
2000-05-31,30.65,30.77,28.95,29.01
2000-06-01,29.4,30.25,29.25,30.14
2000-06-02,29.85,30.67,29.8,30.35
2000-06-05,30,30.09,29.47,29.7
2000-06-06,29.8,30.23,29.52,29.75
2000-06-07,29.6,30.18,28.9,29.95
2000-06-08,29.85,30.47,29.5,29.78
2000-06-09,30,30.3,29.52,30.2
2000-06-12,31,31.8,30.9,31.74
2000-06-13,31.75,32.85,31.65,32.56
2000-06-14,32.15,33.17,32.15,32.85
2000-06-15,32.95,33.3,32.1,32.95
2000-06-16,32.25,32.5,31.2,32.33
2000-06-19,31.9,32.15,30.9,31.69
2000-06-20,29.7,30.85,29.58,30.65
2000-06-21,30.64,31.95,30.61,31.37
2000-06-22,31.45,32.25,31.45,32.19
2000-06-23,32.1,32.7,31.9,32.25
2000-06-26,32.45,32.45,31.59,31.63
2000-06-27,31.47,32.42,31.06,32.06
2000-06-28,32.2,32.5,31.75,31.9
2000-06-29,31.95,32.9,31.6,32.72
2000-06-30,32.55,32.95,32.4,32.5
2000-07-05,30.6,31.1,30.26,30.67
2000-07-06,31.1,31.15,29.8,29.99
2000-07-07,29.99,30.38,29.48,30.28
2000-07-10,29.85,30.15,29.53,29.69
2000-07-11,29.68,29.79,29.18,29.7
2000-07-12,29.63,30.4,29.25,30.32
2000-07-13,30.5,31.5,30.05,31.47
2000-07-14,31.2,31.6,31.02,31.4
2000-07-17,30.95,31,30.62,30.83
2000-07-18,30.95,32.35,30.95,31.94
2000-07-19,31.95,32,30.98,31.42
2000-07-20,30.15,30.5,29.65,29.77
2000-07-21,29.37,29.48,28.51,28.56
2000-07-24,28.56,28.65,27.96,28.02
2000-07-25,28.16,28.4,28.02,28.2
2000-07-26,28.1,28.5,27.78,27.81
2000-07-27,28.18,28.3,27.8,28.05
2000-07-28,28.52,28.59,28.01,28.18
2000-07-31,28.18,28.33,27.35,27.43
2000-08-01,27.55,28.03,27.26,27.79
2000-08-02,28.5,28.6,28.2,28.26
2000-08-03,28.9,28.9,28.15,28.66
2000-08-04,29.05,30,28.97,29.96
2000-08-07,29.72,29.78,28.82,28.91
2000-08-08,29,29.34,28.8,29.12
2000-08-09,29.75,30.48,29.7,30.35
2000-08-10,30.35,31.52,30.27,31.34
2000-08-11,31.1,31.85,30.9,31.02
2000-08-14,30.95,32,30.92,31.94
2000-08-15,32.5,32.65,31.55,31.67
2000-08-16,31.7,31.9,31.35,31.8
2000-08-17,32.2,32.75,31.9,31.94
2000-08-18,32.35,32.43,31.6,31.99
2000-08-21,32.2,33,32.15,32.47
2000-08-22,32.05,32.12,31.2,31.22
2000-08-23,31.99,32.8,31.96,32.02
2000-08-24,31.75,32.24,31.4,31.63
2000-08-25,31.7,32.15,31.15,32.03
2000-08-28,32.04,32.9,31.87,32.87
2000-08-29,32.82,33.02,32.56,32.74
2000-08-30,32.75,33.4,32.15,33.32
2000-08-31,33.25,33.7,32.97,33.12
2000-09-01,33.05,33.45,32.75,33.38
2000-09-05,33.95,33.98,33.45,33.83
2000-09-06,34.03,34.95,33.85,34.9
2000-09-07,34.5,35.46,34.45,35.39
2000-09-08,34.55,34.78,33.4,33.63
2000-09-11,33.8,35.85,33.75,35.14
2000-09-12,35.45,35.5,34.1,34.28
2000-09-13,34,34.7,33.55,33.82
2000-09-14,33.69,34.5,33.15,34.07
2000-09-15,34.5,36,34.45,35.92
2000-09-18,36.2,37.15,36.15,36.88
2000-09-19,36.55,37,36.15,36.51
2000-09-20,35.78,36.78,35.15,35.24
2000-09-21,34.65,35.46,33.9,34
2000-09-22,34,34.4,32.5,32.68
2000-09-25,31.4,32.05,31.1,31.57
2000-09-26,32,32.05,31.4,31.5
2000-09-27,31.95,32.23,31.42,31.46
2000-09-28,31.1,31.25,30.26,30.34
2000-09-29,30.68,30.95,30.35,30.84
2000-10-02,31.45,32.33,31.35,32.18
2000-10-03,32,32.3,31.7,32.07
2000-10-04,31.6,31.9,31.35,31.43
2000-10-05,30.85,30.95,30.19,30.53
2000-10-06,30.75,30.95,30.6,30.86
2000-10-09,31.55,31.9,31.25,31.86
2000-10-10,32.25,33.2,32.25,33.18
2000-10-11,33.6,33.7,32.96,33.25
2000-10-12,35,37,34.9,36.06
2000-10-13,35.93,35.95,34.8,34.99
2000-10-16,34.4,34.8,32.7,32.92
2000-10-17,32.7,33.45,32.4,32.99
2000-10-18,33.55,33.85,33.16,33.48
2000-10-19,33.85,34.3,32.8,32.91
2000-10-20,32.2,33.05,31.91,32.95
2000-10-23,33,33.8,32.62,33.76
2000-10-24,33.75,34.08,33.3,33.37
2000-10-25,33.5,33.5,32.88,32.96
2000-10-26,33.65,33.8,32.95,33.71
2000-10-27,33.68,33.69,32.65,32.74
2000-10-30,32.75,33.42,32.65,32.81
2000-10-31,32.73,32.88,32.1,32.7
2000-11-01,33.15,33.74,32.83,33.25
2000-11-02,32.6,33.15,32.35,32.54
2000-11-03,32.6,32.78,32.33,32.71
2000-11-06,32.4,32.97,32.1,32.86
2000-11-07,33.05,33.49,32.99,33.4
2000-11-08,33.2,33.47,32.83,33.24
2000-11-09,33.5,33.97,33.31,33.92
2000-11-10,33.7,34.13,33.63,34.02
2000-11-13,34.15,34.5,34.1,34.47
2000-11-14,34.37,34.98,34.32,34.87
2000-11-15,35.4,35.65,34.65,35.58
2000-11-16,35.25,35.5,34.96,35.12
2000-11-17,34.15,35.09,34.15,35.03
2000-11-20,35.5,35.84,35,35.22
2000-11-21,35.4,35.7,35.03,35.16
2000-11-22,34.9,35.64,34.67,35.4
2000-11-27,35.25,35.69,35.06,35.38
2000-11-28,35,35.08,34.19,34.22
2000-11-29,34.25,34.9,33.88,34.63
2000-11-30,34.95,35.1,33.7,33.82
2000-12-01,33.9,34.03,31.85,32.02
2000-12-04,32.38,32.75,30.95,31.22
2000-12-05,31.25,31.26,29.5,29.53
2000-12-06,30,30.1,28.25,29.85
2000-12-07,30.05,30.2,29.06,29.35
2000-12-08,28.8,29.25,27.85,28.44
2000-12-11,29,29.55,28.75,29.5
2000-12-12,29.6,29.74,28.95,29.68
2000-12-13,29.75,29.98,28.5,28.74
2000-12-14,28.85,29.08,27.51,27.99
2000-12-15,28.35,28.9,28.07,28.87
2000-12-18,29.55,29.87,29.13,29.76
2000-12-19,28.35,28.5,27.7,27.96
2000-12-20,27.16,27.45,25.65,25.77
2000-12-21,26.4,26.4,25.66,25.98
2000-12-22,26.15,27.25,26.05,26.18
2000-12-26,26.2,26.88,26.2,26.64
2000-12-27,26.9,26.99,26.8,26.88
2000-12-28,26.35,26.48,25.77,25.85
2000-12-29,25.9,26.95,25.9,26.8
2001-01-02,27.25,27.4,26.6,27.21
2001-01-03,27.23,28.14,27.08,28
2001-01-04,28.2,28.72,27.85,28.14
2001-01-05,28.1,28.59,27.98,28.37
2001-01-08,28.2,28.38,27.2,27.32
2001-01-09,27.35,27.72,26.92,27.64
2001-01-10,27.75,29.6,27.7,29.48
2001-01-11,29.35,29.9,29,29.41
2001-01-12,29.5,30.15,29.38,30.05
2001-01-16,30.1,30.39,29.85,30.29
2001-01-17,29.8,30.15,29.02,29.6
2001-01-18,29.85,30.51,29.35,30.45
2001-01-19,30.25,32.4,30.2,32.19
2001-01-22,30.05,30.57,29.75,29.8
2001-01-23,29.6,29.65,29.07,29.57
2001-01-24,28.9,29.8,28.65,29.05
2001-01-25,29,29.47,28.81,29.36
2001-01-26,29.42,29.98,29.33,29.77
2001-01-29,30.11,30.11,28.86,29.06
2001-01-30,29.08,29.34,28.68,29.06
2001-01-31,29,29.15,28.27,28.66
2001-02-01,28.95,29.85,28.54,29.82
2001-02-02,29.73,31.27,29.65,31.19
2001-02-05,31.05,31.05,30.21,30.55
2001-02-06,30.65,30.88,30.16,30.35
2001-02-07,30.5,31.35,30.06,31.27
2001-02-08,31.2,31.87,31.15,31.59
2001-02-09,31.3,31.35,30.85,31.03
2001-02-12,30.7,31.05,30.4,30.51
2001-02-13,30.25,30.4,29.73,30.36
2001-02-14,30.33,30.85,29.65,29.71
2001-02-15,29.3,29.38,28.55,28.8
2001-02-16,29.22,29.3,29,29.16
2001-02-20,29.38,29.45,28.52,28.81
2001-02-21,28.9,29,28.31,28.53
2001-02-22,28.85,29.2,28.36,28.82
2001-02-23,28.9,29.43,28.51,29.04
2001-02-26,28.8,28.94,28.4,28.42
2001-02-27,28,28.35,27.72,28.13
2001-02-28,28.15,28.2,27.36,27.39
2001-03-01,27.45,27.87,27.16,27.62
2001-03-02,27.75,28.2,27.6,27.84
2001-03-05,28.25,28.83,28.21,28.6
2001-03-06,28.35,28.69,28.21,28.32
2001-03-07,28.5,29.1,28.18,29
2001-03-08,28.95,29.15,28.33,28.39
2001-03-09,28.25,28.45,27.92,28.01
2001-03-12,27.8,28.24,27.67,28
2001-03-13,27.8,27.9,27.51,27.59
2001-03-14,27.65,27.75,26.35,26.41
2001-03-15,26.6,26.65,26.12,26.55
2001-03-16,26.95,27.48,26.65,26.74
2001-03-19,26.5,26.55,26.1,26.15
2001-03-20,26.5,26.87,26.08,26.12
2001-03-21,26.18,26.86,26.18,26.8
2001-03-22,26.75,27.19,26.42,26.54
2001-03-23,26.8,27.45,26.75,27.3
2001-03-26,27.4,27.66,27.11,27.48
2001-03-27,27.58,28.04,27.5,27.75
2001-03-28,27.35,27.78,26.25,26.31
2001-03-29,26.35,26.6,25.75,26.32
2001-03-30,26.45,26.64,25.96,26.29
2001-04-02,26.35,26.44,25.55,25.59
2001-04-03,25.7,26.28,25.49,26.19
2001-04-04,26.65,27.24,26.62,27.12
2001-04-05,27.1,27.78,26.87,27.26
2001-04-06,26.9,27.2,26.81,27.06
2001-04-09,27.13,27.67,27.1,27.28
2001-04-10,28,28.63,27.87,28.48
2001-04-11,28.25,28.4,27.94,28.18
2001-04-12,28.55,28.84,28.5,28.6
2001-04-16,28.3,29.04,28.22,28.79
2001-04-17,28.6,28.78,28.15,28.24
2001-04-18,27.75,28,27.04,27.95
2001-04-19,27.85,27.96,27.45,27.82
2001-04-20,28.15,28.35,27.5,27.58
2001-04-23,27.85,27.88,27.4,27.61
2001-04-24,27.95,27.95,26.8,26.86
2001-04-25,26.87,27.38,26.8,27.29
2001-04-26,27.74,28.65,27.67,28.44
2001-04-27,28.44,28.64,28.15,28.27
2001-04-30,28.6,28.99,28.13,28.46
2001-05-01,28.5,28.98,28.38,28.94
2001-05-02,28.1,28.33,27.76,27.8
2001-05-03,27.45,28.55,27.37,28.45
2001-05-04,28.45,28.65,28.15,28.36
2001-05-07,28.45,28.58,27.72,27.77
2001-05-08,27.8,27.94,27.35,27.39
2001-05-09,27.25,28.25,27.05,28.23
2001-05-10,28.15,28.85,28.15,28.52
2001-05-11,28.36,28.75,28.28,28.55
2001-05-14,28.7,28.8,28.08,28.71
2001-05-15,28.75,29.07,28.61,28.98
2001-05-16,29.18,29.25,28.45,28.86
2001-05-17,28.75,29.02,28.62,28.91
2001-05-18,29.12,29.99,29.06,29.91
2001-05-21,30.15,30.2,29.61,29.98
2001-05-22,30.3,30.35,29.95,30
2001-05-23,29.7,29.9,29.55,29.58
2001-05-24,29.6,29.65,28.2,28.41
2001-05-25,28.35,28.58,28.1,28.38
2001-05-29,28.7,29.05,28.41,28.66
2001-05-30,28.75,28.95,28.43,28.55
2001-05-31,28.05,28.55,27.55,28.37
2001-06-01,28.25,28.44,27.58,27.93
2001-06-04,28.55,28.74,28.04,28.13
2001-06-05,28.2,28.3,27.8,28.24
2001-06-06,27.6,27.95,27.25,27.72
2001-06-07,27.52,28.1,27.5,27.75
2001-06-08,28.03,28.4,27.95,28.33
2001-06-11,28.75,29.34,28.65,29.04
2001-06-12,28.88,29.38,28.75,29.18
2001-06-13,29.5,29.55,28.8,28.84
2001-06-14,28.88,29.28,28.88,29.04
2001-06-15,29.05,29.05,28.44,28.51
2001-06-18,28.3,28.32,27.42,27.55
2001-06-19,27.6,27.82,27.3,27.48
2001-06-20,27.62,27.65,26.3,26.48
2001-06-21,26.55,26.77,25.85,26.56
2001-06-22,26.9,27.04,26.42,26.83
2001-06-25,26.95,27.32,26.78,27.25
2001-06-26,27.15,27.24,26.82,26.98
2001-06-27,26.35,26.44,25.2,25.61
2001-06-28,25.35,25.66,25.1,25.56
2001-06-29,25.67,26.45,25.65,26.25
2001-07-02,26.45,26.67,25.38,25.95
2001-07-03,25.8,26.3,25.65,26.24
2001-07-05,26.55,27.05,26.34,27.02
2001-07-06,27.37,28.29,27.05,28.21
2001-07-09,27.85,28.26,27.5,27.59
2001-07-10,27.55,27.66,27.2,27.49
2001-07-11,27.2,27.58,27.05,27.11
2001-07-12,26.5,26.9,25.94,26.8
2001-07-13,26.7,26.98,26.22,26.59
2001-07-16,26.3,26.4,25.72,26.06
2001-07-17,26.21,26.28,25.53,25.57
2001-07-18,25,25.22,24.7,24.89
2001-07-19,25.4,25.8,24.6,24.7
2001-07-20,25.3,26,25.02,25.94
2001-07-23,26.3,26.38,25.87,26.12
2001-07-24,26.18,26.44,26.12,26.31
2001-07-25,26.53,26.97,26.32,26.84
2001-07-26,26.7,27.04,26.65,26.73
2001-07-27,26.4,27.15,26.25,27.02
2001-07-30,26.95,26.98,26.55,26.63
2001-07-31,26.5,26.85,26.31,26.35
2001-08-01,26.65,26.84,26.33,26.77
2001-08-02,27.5,27.9,27.35,27.71
2001-08-03,27.57,27.75,27.4,27.62
2001-08-06,27.6,27.76,27.38,27.74
2001-08-07,28.4,28.4,27.9,27.94
2001-08-08,28.15,28.24,27.51,27.54
2001-08-09,27.45,27.72,27.38,27.64
2001-08-10,27.88,28.42,27.72,28.05
2001-08-13,28.17,28.25,27.7,27.82
2001-08-14,27.82,28.05,27.7,28.01
2001-08-15,28.2,28.25,27.42,27.56
2001-08-16,27.57,27.6,27.15,27.4
2001-08-17,27.33,27.38,26.55,26.68
2001-08-20,26.65,27.25,25.35,27.18
2001-08-21,26.2,26.84,26.15,26.72
2001-08-22,27.12,27.25,26.35,26.37
2001-08-23,26.55,26.72,26.28,26.63
2001-08-24,26.7,27.15,26.63,26.9
2001-08-27,27.05,27.05,26.44,26.67
2001-08-28,26.65,27.38,26.51,27.17
2001-08-29,27.35,27.6,26.77,27.05
2001-08-30,26.85,27.02,26.52,26.55
2001-08-31,26.7,27.25,26.62,27.2
2001-09-04,27.05,27.14,26.76,26.93
2001-09-05,26.83,27.23,26.76,26.95
2001-09-06,27.15,27.65,27.05,27.58
2001-09-07,27.6,28.15,27.56,28.03
2001-09-10,27.75,27.99,27.57,27.63
2001-09-17,29,29.25,28.3,28.81
2001-09-18,28.25,28.6,27.6,27.7
2001-09-19,27.32,27.45,25.8,26.72
2001-09-20,27.05,27.25,26.3,26.73
2001-09-21,26.45,26.8,25.9,25.97
2001-09-24,23.9,24,21.8,22.01
2001-09-25,22.95,23.15,21.25,21.81
2001-09-26,21.4,22.5,20.3,22.38
2001-09-27,22.45,22.94,21.95,22.74
2001-09-28,23.15,23.49,23.03,23.43
2001-10-01,22.8,23.38,22.4,23.28
2001-10-02,23,23.34,22.75,22.79
2001-10-03,22.1,22.4,21.72,22.08
2001-10-04,22.5,22.9,22.1,22.63
2001-10-05,23.05,23.1,22.3,22.39
2001-10-08,22.3,22.7,21.95,22.45
2001-10-09,22.5,22.62,22.26,22.42
2001-10-10,22.75,22.92,22.5,22.53
2001-10-11,22.75,23.4,22.57,23.34
2001-10-12,23.65,23.98,22.06,22.5
2001-10-15,22.6,22.69,22.12,22.29
2001-10-16,22.15,22.6,21.95,22
2001-10-17,22.18,22.2,21.55,21.81
2001-10-18,21.4,21.75,21.05,21.31
2001-10-19,21.55,22.25,21.18,21.83
2001-10-22,22.15,22.48,21.95,22.26
2001-10-23,22.4,22.55,21.82,21.85
2001-10-24,21.7,22.45,21.5,22.33
2001-10-25,22.28,22.6,21.99,22.01
2001-10-26,22,22.25,21.85,22.05
2001-10-29,22.5,22.55,21.93,22.15
2001-10-30,22.18,22.2,21.82,21.87
2001-10-31,21.6,21.66,20.8,21.18
2001-11-01,21.18,21.45,20.35,20.39
2001-11-02,20.2,20.25,19.69,20.18
2001-11-05,20.25,20.45,19.76,20.02
2001-11-06,19.81,20.03,19.56,19.92
2001-11-07,20.1,20.35,19.93,20.09
2001-11-08,20.68,21.29,20.55,21.17
2001-11-09,22.05,22.35,21.45,22.22
2001-11-12,21.45,21.78,20.7,21.23
2001-11-13,21.45,21.97,21.44,21.67
2001-11-14,20,20.4,19.55,19.74
2001-11-15,19.1,19.15,17.15,17.45
2001-11-16,17.55,18.2,17.3,18.03
2001-11-19,17.55,18.5,17.1,18.43
2001-11-20,19.3,19.43,18.77,19.15
2001-11-21,19.4,19.42,18.8,18.96
2001-11-26,18.8,18.95,18.35,18.69
2001-11-27,18.68,19.8,18.6,19.48
2001-11-28,19.15,19.65,18.96,19.22
2001-11-29,19.2,19.26,18.51,18.62
2001-11-30,18.65,19.55,18.4,19.44
2001-12-03,19.4,20.5,19.38,20.09
2001-12-04,20.2,20.35,19.62,19.65
2001-12-05,20.23,20.3,19.35,19.49
2001-12-06,19.5,19.55,18.2,18.54
2001-12-07,18.55,19.15,17.92,19.04
2001-12-10,18.68,18.8,18.15,18.37
2001-12-11,18.05,18.4,17.92,18.08
2001-12-12,18.45,18.85,18.3,18.36
2001-12-13,18,18.5,17.8,18.12
2001-12-14,18.7,19.25,18.5,19.23
2001-12-17,19.2,19.58,19.1,19.22
2001-12-18,19.5,19.74,19.38,19.6
2001-12-19,19.85,20.1,19.85,19.97
2001-12-20,19.9,20.15,19.17,19.28
2001-12-21,19.4,19.75,19.25,19.62
2001-12-26,19.8,21.43,19.7,21.27
2001-12-27,20.65,20.98,20.65,20.9
2001-12-28,21.22,21.38,20.38,20.41
2001-12-31,20.3,20.43,19.66,19.84
2002-01-02,20,21.07,19.86,21.01
2002-01-03,20.78,21.1,20.32,20.37
2002-01-04,20.85,21.7,20.72,21.62
2002-01-07,21.5,22,21.2,21.48
2002-01-08,21.2,21.5,21.03,21.25
2002-01-09,20.7,20.95,20.11,20.18
2002-01-10,20.2,20.48,19.85,20.38
2002-01-11,20.35,20.38,19.6,19.68
2002-01-14,19.35,19.45,18.65,18.89
2002-01-15,18.9,19.43,18.85,18.9
2002-01-16,18.39,18.99,18.3,18.86
2002-01-17,19.1,19.15,17.85,17.97
2002-01-18,18.2,18.5,17.9,18
2002-01-22,19,19.18,18.7,18.98
2002-01-23,19.25,19.7,19.22,19.5
2002-01-24,19.25,19.88,19.17,19.7
2002-01-25,19.8,20.1,19.28,19.99
2002-01-28,20.15,20.37,19.81,20.05
2002-01-29,19.75,19.8,19.48,19.58
2002-01-30,18.95,19.15,18.56,19.08
2002-01-31,19.2,19.5,18.95,19.48
2002-02-01,19.3,20.55,19.15,20.38
2002-02-04,20.3,20.35,19.93,20.07
2002-02-05,19.85,20.1,19.73,20.07
2002-02-06,19.9,20.35,19.75,19.78
2002-02-07,19.5,19.68,19.27,19.64
2002-02-08,19.85,20.28,19.7,20.26
2002-02-11,20.05,21.6,20,21.41
2002-02-12,21.05,21.5,20.67,20.73
2002-02-13,20.65,21.75,20.55,21.18
2002-02-14,21.4,21.5,21,21.36
2002-02-15,21.1,21.55,21,21.5
2002-02-19,21,21.2,20.85,20.88
2002-02-20,20.86,20.9,20.35,20.43
2002-02-21,20.85,21.3,20.58,20.95
2002-02-22,20.8,21.25,20.75,21.07
2002-02-25,20.95,21.02,20.45,20.48
2002-02-26,20.6,21.55,20.52,21.41
2002-02-27,21.5,21.79,21.18,21.29
2002-02-28,21.5,21.8,21.08,21.74
2002-03-01,22.1,22.8,22.05,22.4
2002-03-04,22.2,22.6,22.13,22.45
2002-03-05,22.75,23.35,22.75,23.17
2002-03-06,22.95,23.2,22.7,23.15
2002-03-07,23.7,24.75,23.46,23.71
2002-03-08,23.46,23.95,23.22,23.84
2002-03-11,24.03,24.43,24,24.31
2002-03-12,24,24.3,23.65,24.2
2002-03-13,24.15,24.59,23.9,24.16
2002-03-14,24.1,24.65,23.82,24.56
2002-03-15,24.4,24.75,24.17,24.51
2002-03-18,24.4,25.2,24.28,25.11
2002-03-19,25.07,25.25,24.7,24.88
2002-03-20,25.25,25.95,24.9,24.95
2002-03-21,24.95,25.64,24.6,25.61
2002-03-22,25.75,25.85,25.2,25.35
2002-03-25,24.93,25.09,24.7,24.99
2002-03-26,24.85,25.4,24.73,25.36
2002-03-27,25.55,25.95,25.45,25.87
2002-03-28,26.05,26.38,25.58,26.31
2002-04-01,26.85,27.05,26.66,26.88
2002-04-02,26.95,28.1,26.93,27.71
2002-04-03,27.4,27.68,27.2,27.56
2002-04-04,28.25,28.35,26.45,26.58
2002-04-05,26.6,26.75,25.05,26.21
2002-04-08,27,27.23,26.46,26.54
2002-04-09,26.25,26.4,25.62,25.82
2002-04-10,25.96,26.3,25.5,26.13
2002-04-11,25.7,25.7,25.1,25.11
2002-04-12,24.4,24.45,23.31,23.47
2002-04-15,23.9,24.6,23.6,24.55
2002-04-16,24.9,25.15,24.4,24.75
2002-04-17,25.37,25.99,25.16,25.94
2002-04-18,26.55,26.65,26.1,26.18
2002-04-19,25.8,26.5,25.55,26.38
2002-04-22,26.55,26.6,25.81,26.4
2002-04-23,26.3,26.88,26.28,26.62
2002-04-24,26.05,26.4,25.9,26.38
2002-04-25,26.8,27.2,26.3,26.73
2002-04-26,26.9,27.15,26.55,27.11
2002-04-29,26.96,27.64,26.8,27.57
2002-04-30,27.4,27.6,27.07,27.29
2002-05-01,26.75,27.07,26.6,26.75
2002-05-02,26.4,26.4,25.55,26.24
2002-05-03,26.4,26.7,25.93,26.62
2002-05-06,26,26.15,25.62,26.12
2002-05-07,26.12,26.73,25.9,26.63
2002-05-08,26.95,28.05,26.95,27.85
2002-05-09,27.78,28.2,27.27,27.68
2002-05-10,28,28.27,27.85,27.99
2002-05-13,27.58,28.44,27.35,28.38
2002-05-14,28.8,29.45,28.62,29.36
2002-05-15,28.99,29.22,27.9,28.15
2002-05-16,28.45,28.46,27.2,27.95
2002-05-17,27.5,28.25,27.1,28.18
2002-05-20,28.1,28.54,27.78,28.33
2002-05-21,27.05,27.1,26.21,26.43
2002-05-22,26.35,26.72,26.25,26.37
2002-05-23,26.7,26.8,26.03,26.15
2002-05-24,25.7,25.95,25.45,25.88
2002-05-28,25.65,25.84,25.17,25.27
2002-05-29,24.97,25.8,24.77,25.76
2002-05-30,25.15,25.23,24.4,24.67
2002-05-31,24.9,25.48,24.78,25.31
2002-06-03,25.17,25.44,24.85,25.08
2002-06-04,25.3,25.47,25,25.33
2002-06-05,24.85,25.05,24.65,24.89
2002-06-06,25.15,25.22,24.2,24.79
2002-06-07,24.8,24.93,24.45,24.75
2002-06-10,24.7,24.7,24.2,24.29
2002-06-11,24.05,24.25,23.8,24.12
2002-06-12,24.35,24.82,24.3,24.64
2002-06-13,24.9,25.77,24.85,25.64
2002-06-14,25.42,26.03,25.2,25.94
2002-06-17,26.2,26.5,26.05,26.09
2002-06-18,25.9,26.15,25.35,25.43
2002-06-19,25.4,25.97,25.22,25.31
2002-06-20,25.8,26,25.35,25.95
2002-06-21,25.96,26.4,25.21,25.82
2002-06-24,25.9,26.68,25.9,26.47
2002-06-25,26.95,27.05,26.28,26.32
2002-06-26,25.9,26.85,25.85,26.76
2002-06-27,26.85,26.99,26.53,26.86
2002-06-28,26.65,26.99,26.33,26.86
2002-07-01,26.85,26.99,26.61,26.81
2002-07-02,27.02,27.15,26.63,26.77
2002-07-03,26.77,26.85,26.38,26.8
2002-07-05,26.77,26.85,26.38,26.8
2002-07-08,26.35,26.38,25.9,26.07
2002-07-09,25.92,26.18,25.73,26.09
2002-07-10,26.45,27.08,26.45,26.77
2002-07-11,26.65,27,26.62,26.83
2002-07-12,27.25,27.53,27.16,27.48
2002-07-15,27.4,27.75,26.96,27.07
2002-07-16,27.05,27.83,26.9,27.75
2002-07-17,27.72,27.95,27.4,27.88
2002-07-18,27.85,27.95,27.55,27.66
2002-07-19,27.38,27.93,27.23,27.84
2002-07-22,27.35,27.44,26.31,26.7
2002-07-23,26.77,26.9,26.25,26.31
2002-07-24,26.1,26.94,25.95,26.87
2002-07-25,26.8,26.92,26.5,26.77
2002-07-26,26.65,26.7,26.17,26.54
2002-07-29,26.48,26.66,26.36,26.55
2002-07-30,26.9,27.54,26.85,27.36
2002-07-31,27.45,27.67,26.92,27.02
2002-08-01,27.1,27.2,26.42,26.47
2002-08-02,26.28,26.95,26,26.84
2002-08-05,26.53,26.78,26.32,26.58
2002-08-06,26.78,27.19,26.74,27.17
2002-08-07,26.97,27.13,26.25,26.5
2002-08-08,26.51,26.83,26.28,26.67
2002-08-09,26.55,26.95,26.45,26.86
2002-08-12,26.65,27.96,26.47,27.86
2002-08-13,27.86,28.1,27.65,27.9
2002-08-14,28.25,28.45,27.95,28.15
2002-08-15,28.2,29.1,28.02,29.06
2002-08-16,28.95,29.45,28.75,29.33
2002-08-19,29.45,29.95,29.07,29.84
2002-08-20,28.72,29.05,28.5,28.77
2002-08-21,28.65,29.62,28.58,29.24
2002-08-22,29.15,29.17,28.8,28.84
2002-08-23,28.65,28.77,28.45,28.63
2002-08-26,28.65,29.49,28.65,29.28
2002-08-27,29.4,29.65,28.68,28.83
2002-08-28,28.75,28.75,28.17,28.34
2002-08-29,28.3,28.98,28.2,28.92
2002-08-30,28.82,29.08,28.76,28.98
2002-09-03,28.6,28.63,27.7,27.79
2002-09-04,27.95,28.55,27.86,28.27
2002-09-05,28.6,28.92,28.55,28.78
2002-09-06,29.75,30.19,29.3,29.61
2002-09-09,29.63,29.95,29.31,29.73
2002-09-10,30.05,30.2,29.62,29.73
2002-09-11,29.75,29.97,29.6,29.77
2002-09-12,29.83,29.85,28.64,28.85
2002-09-13,29.3,29.9,29.15,29.81
2002-09-16,29.65,29.75,29.32,29.67
2002-09-17,28.8,29.15,28.35,29.08
2002-09-18,29.4,29.8,29.32,29.48
2002-09-19,29.58,29.75,29.16,29.5
2002-09-20,29.94,30.15,29.66,29.84
2002-09-23,30.25,30.93,30.15,30.71
2002-09-24,31.01,31.23,30.64,30.77
2002-09-25,30.6,30.85,30.3,30.64
2002-09-26,30.75,30.8,30.06,30.41
2002-09-27,30.5,30.75,30.16,30.54
2002-09-30,30.52,30.9,30.4,30.45
2002-10-01,30.6,31.18,30.58,30.83
2002-10-02,30.75,30.78,30.2,30.49
2002-10-03,30.15,30.18,29.6,29.76
2002-10-04,29.77,29.85,29.35,29.62
2002-10-07,29.9,29.92,29.4,29.64
2002-10-08,29.08,29.57,29.03,29.48
2002-10-09,29.55,29.78,29.26,29.35
2002-10-10,28.93,29.08,28.52,28.97
2002-10-11,29.32,29.4,29.11,29.37
2002-10-14,29.2,30.17,29.2,30.03
2002-10-15,30,30.14,29.58,29.72
2002-10-16,29.85,29.87,29.18,29.47
2002-10-17,29.2,29.77,29.05,29.62
2002-10-18,29.45,29.7,29.28,29.6
2002-10-21,28.95,29.8,28.2,28.34
2002-10-22,28.1,28.3,27.75,27.95
2002-10-23,28.15,28.39,27.85,28.18
2002-10-24,28.25,28.42,28.05,28.2
2002-10-25,28.25,28.3,26.9,27.05
2002-10-28,27.1,27.43,26.62,27.29
2002-10-29,27.25,27.35,26.8,26.86
2002-10-30,27.1,27.29,26.53,26.81
2002-10-31,27.18,27.35,26.92,27.22
2002-11-01,27.25,27.45,26.95,27.13
2002-11-04,26.86,27.4,26.66,26.95
2002-11-05,26.78,26.84,26.08,26.14
2002-11-06,26.25,26.34,25.55,25.77
2002-11-07,26.35,26.4,25.25,25.38
2002-11-08,25.4,25.95,25.16,25.78
2002-11-11,26,26.5,25.68,25.94
2002-11-12,26,26.18,25.76,25.9
2002-11-13,25.75,26,24.82,25.19
2002-11-14,25.45,25.5,24.85,25.29
2002-11-15,25.4,25.58,25.1,25.51
2002-11-18,25.78,26.75,25.67,26.71
2002-11-19,26.75,27.08,26.35,26.42
2002-11-20,25.65,26.16,25.52,26.09
2002-11-21,26.4,26.55,26.2,26.35
2002-11-22,26.38,26.84,26.31,26.76
2002-11-25,26.75,26.75,26.08,26.11
2002-11-26,26.35,26.5,26.12,26.4
2002-11-27,26.7,26.96,26.65,26.89
2002-12-02,26.85,27.45,26.7,27.24
2002-12-03,27.55,27.63,27.1,27.3
2002-12-04,27.15,27.59,26.57,26.71
2002-12-05,27.01,27.45,26.88,27.29
2002-12-06,27.2,27.5,26.82,26.93
2002-12-09,27.3,27.35,27,27.2
2002-12-10,27.08,27.9,26.73,27.74
2002-12-11,27.68,27.97,27.3,27.4
2002-12-12,27.52,28.22,27.52,28.01
2002-12-13,28.3,28.65,28.15,28.44
2002-12-16,29,30.17,28.92,30.1
2002-12-17,29.98,30.25,29.75,30.1
2002-12-18,29.8,31.25,29.75,30.44
2002-12-19,30.7,31.15,30.1,30.19
2002-12-20,30.05,30.38,29.86,30.3
2002-12-23,30.85,31.95,30.78,31.75
2002-12-24,31.75,32.03,31.62,31.97
2002-12-26,31.75,32.55,31.7,32.49
2002-12-27,32.45,32.76,32.05,32.72
2002-12-30,33.15,33.65,31.14,31.37
2002-12-31,30.65,31.35,30.05,31.2
2003-01-02,31.6,32.09,31.4,31.85
2003-01-03,32.15,33.25,32.08,33.08
2003-01-06,32.7,32.83,31.91,32.1
2003-01-07,31.65,31.7,30.51,31.08
2003-01-08,30.3,30.65,29.75,30.56
2003-01-09,31.05,32.05,30.7,31.99
2003-01-10,31.85,32.16,31.35,31.68
2003-01-13,31.4,32.38,31.13,32.26
2003-01-14,32.85,32.9,31.9,32.37
2003-01-15,32.75,33.29,32.28,33.21
2003-01-16,33.52,33.98,33.35,33.66
2003-01-17,32.6,33.05,32.15,32.96
2003-01-21,32.7,33.35,32.39,33.19
2003-01-22,33.05,33.44,32.65,32.85
2003-01-23,32.86,32.94,31.9,32.25
2003-01-24,32.27,33.4,32.11,33.37
2003-01-27,33,33.12,32.25,32.29
2003-01-28,32.7,32.75,32.4,32.67
2003-01-29,32.5,33.85,32.4,33.63
2003-01-30,33.55,33.95,33.45,33.85
2003-01-31,33.5,33.85,33.3,33.51
2003-02-03,33.05,33.24,32.65,32.76
2003-02-04,32.92,33.72,32.9,33.58
2003-02-05,33.8,34.28,33.12,33.93
2003-02-06,34.27,34.49,33.9,34.16
2003-02-07,34.6,35.25,34.35,35.12
2003-02-10,35.03,35.07,34.3,34.48
2003-02-11,34.57,35.6,34.5,35.44
2003-02-12,35.6,35.95,35.1,35.77
2003-02-13,36.17,36.4,35.8,36.36
2003-02-14,36.4,36.85,35.88,36.8
2003-02-18,36.32,37.05,36.28,36.96
2003-02-19,36.65,37.45,36.36,37.16
2003-02-20,35.55,35.8,34.65,34.74
2003-02-21,35.2,35.95,35.15,35.58
2003-02-24,35.8,36.52,35.8,36.48
2003-02-25,37.1,37.1,35.9,36.06
2003-02-26,36.25,37.93,36.22,37.7
2003-02-27,38.3,39.99,37.1,37.2
2003-02-28,37.22,37.55,36.3,36.6
2003-03-03,36.45,36.45,35.36,35.88
2003-03-04,36.47,37.18,36.05,36.93
2003-03-05,37.15,37.3,35.9,36.69
2003-03-06,36.95,37.2,36.6,37
2003-03-07,36.85,37.85,36.8,37.78
2003-03-10,37.7,37.75,37.08,37.27
2003-03-11,37.3,37.35,36.33,36.72
2003-03-12,36.48,37.95,36.42,37.83
2003-03-13,37.66,37.8,35.75,36.01
2003-03-14,34.9,35.5,33.85,35.38
2003-03-17,36,36.4,34,34.93
2003-03-18,32.6,33.4,31.4,31.67
2003-03-19,31.4,31.5,29.5,29.88
2003-03-20,28,29.1,27,27.27
2003-03-21,27.45,27.7,26.3,26.91
2003-03-24,28,28.9,27.6,28.66
2003-03-25,29.1,29.7,27.8,28.05
2003-03-26,28.5,28.95,28.3,28.63
2003-03-27,29.7,30.45,29.35,30.37
2003-03-28,30.3,30.85,29.85,30.16
2003-03-31,30.24,31.2,30.07,31.04
2003-04-01,30.45,30.6,29.58,29.78
2003-04-02,28.85,28.99,28.18,28.56
2003-04-03,28.3,29.24,28.3,28.97
2003-04-04,28.1,28.65,27.95,28.62
2003-04-07,27.85,28.7,27.75,27.96
2003-04-08,28,28.38,27.7,28
2003-04-09,27.95,28.95,27.78,28.85
2003-04-10,28.5,28.75,27.3,27.46
2003-04-11,26.55,27.35,26.3,27.11
2003-04-14,26.7,27.2,26.65,27.06
2003-04-15,26.9,27.65,26.9,27.53
2003-04-16,27.6,27.8,27.05,27.53
2003-04-17,27.8,28.7,27.65,28.54
2003-04-21,28.4,29.05,28.35,28.83
2003-04-22,28.5,28.6,27.9,27.99
2003-04-23,27.85,27.85,26.36,26.65
2003-04-24,26.75,26.85,25.61,26.64
2003-04-25,26.45,27.05,26,26.26
2003-04-28,25.94,26.05,25.3,25.49
2003-04-29,25.2,25.55,25.08,25.24
2003-04-30,25.52,26.5,25.25,25.8
2003-05-01,26,26.38,25.92,26.03
2003-05-02,26.45,26.55,25.42,25.67
2003-05-05,25.75,26.53,25.68,26.49
2003-05-06,26.2,26.48,25.46,25.72
2003-05-07,25.65,26.35,25.6,26.23
2003-05-08,26.15,27.35,26.11,26.98
2003-05-09,27.4,27.95,27.3,27.72
2003-05-12,28.1,28.45,27.22,27.35
2003-05-13,27.4,28.15,27.3,28.08
2003-05-14,28.2,28.98,27.7,28.78
2003-05-15,28.8,29.1,28.2,28.41
2003-05-16,28.38,28.8,28.3,28.75
2003-05-19,28.75,29,28,28.29
2003-05-20,28.25,28.65,28.02,28.41
2003-05-21,28.65,29.6,28.48,29.03
2003-05-22,28.65,29.02,28.38,28.85
2003-05-23,29.3,29.45,29.1,29.16
2003-05-27,29.45,29.55,28.55,29.35
2003-05-28,29.15,29.15,28.47,28.58
2003-05-29,28.45,29.38,28.29,29.1
2003-05-30,29.25,29.65,29.03,29.56
2003-06-02,29.8,30.84,29.75,30.71
2003-06-03,30.5,30.8,30.33,30.67
2003-06-04,30.69,31,29.9,30.05
2003-06-05,29.93,30.82,29.84,30.74
2003-06-06,30.9,31.3,30.65,31.28
2003-06-09,30.92,31.85,30.9,31.45
2003-06-10,31.2,31.78,30.9,31.73
2003-06-11,31.65,32.5,31.62,32.36
2003-06-12,30.7,30.82,30.15,30.3
2003-06-13,29.65,29.7,28.75,29.33
2003-06-16,29.65,29.8,28.9,29.57
2003-06-17,29.27,29.6,29.2,29.48
2003-06-18,29.25,29.25,28.2,28.77
2003-06-19,28.4,28.7,28.1,28.51
2003-06-20,28.8,29.57,28.73,29.48
2003-06-23,29.18,29.43,28.86,29.17
2003-06-24,29.05,29.1,28.53,28.78
2003-06-25,28.95,30.05,28.9,29.95
2003-06-26,29.9,29.92,28.86,29.01
2003-06-27,29.05,29.49,28.83,29.27
2003-06-30,29.38,30.21,29.3,30.19
2003-07-01,30,30.5,29.7,30.4
2003-07-02,30.25,30.75,29.9,30.15
2003-07-03,30.65,30.98,30.3,30.42
2003-07-07,30,30.25,29.82,30.13
2003-07-08,29.75,30.31,29.52,30.22
2003-07-09,30.3,30.92,30,30.88
2003-07-10,31.01,31.6,30.9,31.06
2003-07-11,30.95,31.37,30.9,31.05
2003-07-14,31.05,31.1,30.45,31.05
2003-07-15,31.05,31.2,30.65,31.11
2003-07-16,31.2,31.33,30.18,30.41
2003-07-17,30.65,30.89,30.45,30.72
2003-07-18,30.5,31.13,30.45,31.03
2003-07-21,30.6,30.85,30.33,30.83
2003-07-22,30.6,30.75,29.3,29.49
2003-07-23,29.65,29.83,29.18,29.67
2003-07-24,29.85,30.25,29.4,30.22
2003-07-25,30.02,30.45,30,30.17
2003-07-28,29.8,30.35,29.6,30.11
2003-07-29,29.88,30.4,29.76,30.24
2003-07-30,30.08,30.8,30,30.68
2003-07-31,30.8,30.98,30.4,30.54
2003-08-01,30.8,32.38,30.8,32.31
2003-08-04,32.06,32.4,31.8,31.84
2003-08-05,32.2,32.49,32.1,32.22
2003-08-06,32.55,32.62,31.45,31.7
2003-08-07,31.9,32.44,31.78,32.39
2003-08-08,32.2,32.85,31.7,32.18
2003-08-11,32,32.15,31.83,32.01
2003-08-12,31.75,32.35,31.35,31.92
2003-08-13,31.82,31.95,30.7,30.8
2003-08-14,30.9,31.08,30.05,31.03
2003-08-15,31.25,31.35,30.7,30.99
2003-08-18,31.3,31.4,30.82,30.88
2003-08-19,31,31.08,30.37,30.7
2003-08-20,30.7,31.27,30.5,31.04
2003-08-21,31.25,32.4,31.2,31.88
2003-08-22,31.78,32.1,31.72,31.84
2003-08-25,32.1,32.3,31.35,31.56
2003-08-26,31.65,32.05,31.4,31.95
2003-08-27,31.85,32.07,31.1,31.21
2003-08-28,31.45,31.65,31.12,31.5
2003-08-29,31.68,32.05,31.45,31.57
2003-09-02,31.35,31.4,29.25,29.41
2003-09-03,29.45,29.68,29.15,29.49
2003-09-04,29.48,29.55,28.51,28.98
2003-09-05,28.93,29.1,28.65,28.88
2003-09-08,29.05,29.39,28.55,28.85
2003-09-09,29,29.25,28.86,29.18
2003-09-10,29.01,29.42,28.6,29.35
2003-09-11,29.46,29.46,28.7,28.82
2003-09-12,28.85,28.88,27.95,28.4
2003-09-15,28.5,28.55,28,28.25
2003-09-16,28,28.05,27.45,27.68
2003-09-17,27.75,27.75,26.95,27.16
2003-09-18,26.85,27.35,26.8,27.24
2003-09-19,27.2,27.38,26.72,27.07
2003-09-22,27.2,27.38,26.85,27.19
2003-09-23,27.45,27.69,27.1,27.13
2003-09-24,27.85,28.59,27.75,28.24
2003-09-25,28.5,28.65,28.2,28.29
2003-09-26,28.19,28.35,27.87,28.16
2003-09-29,28.4,28.62,28.3,28.4
2003-09-30,28.55,29.38,28.48,29.2
2003-10-01,29.05,29.5,28.85,29.39
2003-10-02,29.75,29.98,29.65,29.84
2003-10-03,29.65,30.44,29.6,30.4
2003-10-06,30.6,30.76,30.32,30.47
2003-10-07,30.35,30.58,30.15,30.41
2003-10-08,30.3,30.36,29.45,29.81
2003-10-09,30.1,31.2,30.05,31.09
2003-10-10,31.2,32.5,31.15,31.99
2003-10-13,31.8,32.15,31.66,32.06
2003-10-14,31.86,32.55,31.6,31.93
2003-10-15,31.9,32.15,31.72,31.86
2003-10-16,32.05,32.1,31.4,31.66
2003-10-17,31.1,31.19,30,30.7
2003-10-20,30,30.65,29.87,30.43
2003-10-21,30.68,30.68,30.16,30.32
2003-10-22,30.58,30.65,29.87,29.92
2003-10-23,29.7,30.37,29.4,30.3
2003-10-24,30.6,30.78,29.88,30.16
2003-10-27,29.95,30.23,29.7,29.92
2003-10-28,29.7,29.92,29.52,29.56
2003-10-29,29.8,29.95,28.8,28.91
2003-10-30,28.65,28.73,28.26,28.47
2003-10-31,28.76,29.25,28.55,29.11
2003-11-03,29.3,29.32,28.8,28.9
2003-11-04,28.6,28.9,28.47,28.75
2003-11-05,28.8,30.38,28.7,30.3
2003-11-06,30.4,30.68,29.96,30.26
2003-11-07,30.6,31.14,30.42,30.85
2003-11-10,31,31.08,30.63,30.88
2003-11-11,30.85,31.23,30.68,31.15
2003-11-12,30.95,31.04,30.45,30.89
2003-11-13,31.1,31.5,30.55,31.43
2003-11-14,31.5,31.95,31.45,31.78
2003-11-17,31.45,31.6,31.11,31.27
2003-11-18,31,32.74,30.9,32.7
2003-11-19,32.43,32.85,31.85,32.07
2003-11-20,32.5,32.7,31.7,31.86
2003-11-21,31.8,32.15,31.42,31.61
2003-11-24,31.25,31.25,29.65,29.74
2003-11-25,29.9,29.9,29.3,29.77
2003-11-26,29.85,30.45,29.76,30.41
2003-12-01,29.85,30.05,29.69,29.95
2003-12-02,30.2,30.97,30.2,30.78
2003-12-03,30.65,31.18,30.35,31.1
2003-12-04,30.6,31.65,30.43,31.26
2003-12-05,31.15,31.22,30.65,30.73
2003-12-08,31,32.43,30.92,32.1
2003-12-09,31.8,32.3,31.55,31.76
2003-12-10,32.1,32.63,31.5,31.88
2003-12-11,31.78,31.9,31.25,31.75
2003-12-12,32.15,33.15,32.05,32.95
2003-12-15,32.5,33.35,32.4,33.24
2003-12-16,33.1,33.23,32.82,32.95
2003-12-17,33.1,33.77,32.95,33.39
2003-12-18,33.62,33.95,32.95,33.75
2003-12-19,33.75,33.88,32.95,33.02
2003-12-22,32.65,32.68,31.75,31.87
2003-12-23,31.65,32.05,31.25,31.95
2003-12-24,32.1,33,31.95,32.86
2003-12-29,32.35,32.55,32.1,32.4
2003-12-30,32.7,33.03,32.6,32.79
2003-12-31,32.9,33.2,32.3,32.52
2004-01-05,32.95,33.95,32.9,33.78
2004-01-06,34.1,34.19,33.3,33.7
2004-01-07,33.65,33.85,33.05,33.62
2004-01-08,33.72,34.1,33.4,33.98
2004-01-09,34.6,34.7,34.2,34.31
2004-01-12,33.9,34.8,33.75,34.72
2004-01-13,34.58,34.7,33.93,34.01
2004-01-14,33.95,34.1,33.53,33.79
2004-01-15,34.35,34.4,32.35,32.53
2004-01-16,32.85,34.2,32.6,34
2004-01-20,34.4,35,34.15,34.87
2004-01-21,34.58,34.98,34.28,34.58
2004-01-22,34.8,35,33.75,34.93
2004-01-23,34.95,35.25,34.65,34.94
2004-01-26,34.5,34.7,34.17,34.47
2004-01-27,34.58,34.98,33.9,34.12
2004-01-28,34.02,34.63,33.35,33.62
2004-01-29,33.5,33.5,32.41,32.81
2004-01-30,33.19,33.35,32.71,33.05
2004-02-02,32.85,35.05,32.75,34.98
2004-02-03,34.9,35.19,34.07,34.1
2004-02-04,34.3,34.45,32.95,33.1
2004-02-05,32.8,33.2,32.2,33.08
2004-02-06,33.1,33.25,32.32,32.48
2004-02-09,32.7,32.95,32.27,32.83
2004-02-10,33.55,34.28,33.05,33.87
2004-02-11,33.45,34.4,33.3,34
2004-02-12,33.95,34.25,33.7,33.98
2004-02-13,33.7,34.18,33.65,34.1
2004-02-17,33.9,34.89,33.9,34.86
2004-02-18,34.8,35,34.3,34.48
2004-02-19,34.5,34.8,34.05,34.64
2004-02-20,34.65,34.75,33.46,34.26
2004-02-23,34.15,34.7,34.15,34.35
2004-02-24,34.7,35.07,34.4,34.58
2004-02-25,34.6,35.9,34.48,35.68
2004-02-26,35.65,35.8,35.15,35.51
2004-02-27,35.63,36.23,35.5,36.16
2004-03-01,36.2,36.98,35.8,36.86
2004-03-02,36.7,36.95,36.4,36.66
2004-03-03,36.5,36.8,35.4,35.8
2004-03-04,36.05,36.85,35.75,36.64
2004-03-05,37.15,37.45,36.9,37.26
2004-03-08,37.25,37.51,36.35,36.57
2004-03-09,36.65,36.85,36.06,36.28
2004-03-10,36.25,36.3,35.63,36.1
2004-03-11,36.68,36.94,36.05,36.78
2004-03-12,36,36.1,34.8,35.57
2004-03-15,35.9,36.8,35.8,36.7
2004-03-16,36.5,36.95,36.3,36.68
2004-03-17,36.92,37.68,36.8,37.62
2004-03-18,37.33,37.7,36.95,37.39
2004-03-19,37.37,37.8,37.3,37.62
2004-03-22,37.2,37.29,36.6,37.05
2004-03-23,36.75,37.6,36.6,37.45
2004-03-24,37.3,37.51,36.65,37.01
2004-03-25,36.25,36.35,35.4,35.51
2004-03-26,35.35,35.82,34.75,35.73
2004-03-29,35.45,35.6,35.02,35.45
2004-03-30,35.9,36.45,35.85,36.25
2004-03-31,36,36,34.85,35.76
2004-04-01,35.6,35.83,33.9,34.27
2004-04-02,33.75,34.55,33.3,34.39
2004-04-05,34.4,34.55,34,34.38
2004-04-06,34.5,35,34.25,34.97
2004-04-07,34.8,36.6,34.67,36.15
2004-04-08,36.38,37.3,36.35,37.14
2004-04-12,37.35,37.95,37.15,37.84
2004-04-13,37,37.02,36.5,36.7
2004-04-14,36.25,36.48,35.75,36.42
2004-04-15,36.4,37.15,36.4,37.1
2004-04-16,37.2,37.3,36.57,36.95
2004-04-19,37.35,37.4,36.53,36.75
2004-04-20,36.1,36.75,36.1,36.47
2004-04-21,36,36.38,35.3,35.75
2004-04-22,35.73,37.15,35.73,36.72
2004-04-23,36.75,36.9,36.1,36.46
2004-04-26,36.84,37.17,36.55,36.95
2004-04-27,37.35,37.7,37.23,37.53
2004-04-28,37,38.18,36.8,37.33
2004-04-29,37,37.44,36.61,37.42
2004-04-30,37.8,38,37.25,37.3
2004-05-03,37.5,38.23,37.25,38.21
2004-05-04,38.3,39.15,38.3,38.98
2004-05-05,38.8,39.74,38.49,39.62
2004-05-06,39.85,39.9,39.15,39.43
2004-05-07,39.9,40,39.5,39.98
2004-05-10,38.6,39.52,38.6,38.98
2004-05-11,38.9,40.15,38.88,40.15
2004-05-12,40,40.95,39.85,40.77
2004-05-13,40.85,41.05,40.2,41
2004-05-14,41.3,41.45,40.75,41.3
2004-05-17,41.25,41.5,40.75,41.44
2004-05-18,40.6,40.95,40.21,40.42
2004-05-19,40.2,41.62,39.9,41.62
2004-05-20,41.26,41.28,40.65,40.8
2004-05-21,40.6,40.75,39.65,39.93
2004-05-24,40.25,41.82,40.25,41.72
2004-05-25,41.6,41.79,40.75,41.14
2004-05-26,41.15,41.65,40.52,40.7
2004-05-27,39.9,39.99,39,39.44
2004-05-28,39.38,39.93,39.32,39.88
2004-06-01,40.95,42.38,40.9,42.33
2004-06-02,42,42.05,39.85,39.96
2004-06-03,40.4,40.65,38.15,39.28
2004-06-04,38.7,39.1,38.31,38.49
2004-06-07,38.05,38.9,37.95,38.66
2004-06-08,38.95,38.98,37.1,37.28
2004-06-09,36.95,37.6,36.45,37.54
2004-06-10,37.75,38.75,37.65,38.65
2004-06-14,38.45,38.55,37.7,37.88
2004-06-15,38.6,38.7,37.11,37.42
2004-06-16,37.65,37.9,37.28,37.65
2004-06-17,37.85,39,37.65,38.81
2004-06-18,38.81,39.14,38.51,39
2004-06-21,39.16,39.17,37.66,37.77
2004-06-22,37.8,38.35,37.61,38.25
2004-06-23,38.25,38.35,37.32,37.57
2004-06-24,37.75,38.1,37.48,37.93
2004-06-25,37.5,37.67,37.1,37.55
2004-06-28,36.95,36.95,35.9,36.24
2004-06-29,36,36.38,35.6,35.66
2004-06-30,35.73,37.1,35.65,37.05
2004-07-01,36.78,39.1,36.69,38.74
2004-07-02,38.55,39.05,38.26,38.39
2004-07-06,39.1,39.7,38.9,39.65
2004-07-07,39.2,39.55,38.75,39.08
2004-07-08,39.4,40.4,38.85,40.33
2004-07-09,40.1,40.45,39.9,39.96
2004-07-12,40.15,40.9,39.5,39.64
2004-07-13,39.45,39.9,39.1,39.54
2004-07-14,39.53,41.2,39.4,41.15
2004-07-15,40.9,41.15,40.7,40.93
2004-07-16,41.2,41.9,40.5,41.3
2004-07-19,41.35,41.68,40.9,41.44
2004-07-20,41.35,41.75,40.31,40.44
2004-07-21,40.75,41.15,40.25,40.58
2004-07-22,40.65,41.65,40.42,41.36
2004-07-23,41.55,41.78,41.2,41.71
2004-07-26,41.45,41.7,41.05,41.44
2004-07-27,41.65,42.22,41.65,41.84
2004-07-28,42.28,43.05,42.1,42.9
2004-07-29,42.5,42.98,42.1,42.75
2004-07-30,43.2,43.85,43.16,43.8
2004-08-02,43.5,43.94,43.27,43.82
2004-08-03,43.94,44.22,43.5,44.15
2004-08-04,44.2,44.25,42.8,42.83
2004-08-05,43.3,44.5,43,44.45
2004-08-06,44.28,44.6,43.75,43.95
2004-08-09,44.38,44.98,44.05,44.84
2004-08-10,44.6,45.04,44.2,44.52
2004-08-11,44.4,44.96,43.3,44.8
2004-08-12,45.1,45.75,44.95,45.5
2004-08-13,45.05,46.15,45.05,46.03
2004-08-16,46.2,46.27,45.55,45.69
2004-08-17,45.4,46.4,45.39,46.26
2004-08-18,46.4,46.68,45.76,46.35
2004-08-19,46.8,47.8,46.65,47.64
2004-08-20,48.25,48.35,46.6,46.72
2004-08-23,46.8,47.1,45.95,46.05
2004-08-24,45.75,45.99,44.75,45.21
2004-08-25,45.46,45.55,43.22,43.47
2004-08-26,42.9,43.75,42.5,43.1
2004-08-27,43.45,43.45,42.75,43.18
2004-08-30,43.4,43.46,41.3,42.28
2004-08-31,41.95,42.35,41.45,42.12
2004-09-01,42.45,44.4,42.35,44
2004-09-02,44.4,45.37,43.95,44.06
2004-09-03,43.85,44.45,43.6,43.99
2004-09-07,43,43.4,42.73,43.2
2004-09-08,43.05,43.7,42.4,42.77
2004-09-09,42.88,44.75,42.8,44.61
2004-09-10,44.9,44.95,42.52,42.81
2004-09-13,43.6,44.45,43.6,43.87
2004-09-14,44.45,44.75,43.85,44.34
2004-09-15,44.28,45.2,43.3,43.51
2004-09-16,43.4,44.05,42.75,43.92
2004-09-17,44.7,45.8,44.35,45.59
2004-09-20,46.15,46.25,45.2,46.19
2004-09-21,46.5,47.15,46.35,46.76
2004-09-22,46.85,48.65,46.42,48.35
2004-09-23,47.95,49,47.5,48.46
2004-09-24,48.3,48.9,47.9,48.88
2004-09-27,49.5,49.75,49.1,49.64
2004-09-28,49.95,50.2,49.55,49.9
2004-09-29,49.85,50.2,48.4,49.51
2004-09-30,49.62,50.1,49.54,49.64
2004-10-01,49.4,50.15,49.2,50.12
2004-10-04,49.65,49.97,49.55,49.91
2004-10-05,50.6,51.29,50.5,51.09
2004-10-06,51,52.15,50.75,52.02
2004-10-07,52.95,53,52.25,52.67
2004-10-08,52.65,53.4,52.17,53.31
2004-10-11,53.2,53.45,52.65,53.34
2004-10-12,53.6,53.7,52.1,52.18
2004-10-13,51.5,53.5,51.25,53.14
2004-10-14,53.2,54.15,52.7,54.06
2004-10-15,53.8,54.05,53.25,53.97
2004-10-18,53.75,53.9,52.1,52.84
2004-10-19,52,52.8,51.95,52.64
2004-10-20,52.95,54.58,52.7,54.41
2004-10-21,54.6,54.6,54.01,54.47
2004-10-22,54.4,55.5,54.4,55.17
2004-10-25,55.25,55.45,54.23,54.45
2004-10-26,54.13,55.23,53.88,55.15
2004-10-27,54.94,55.63,52.03,52.48
2004-10-28,51.86,52.78,50.8,50.9
2004-10-29,51.15,51.9,50.65,51.78
2004-11-01,52,52.5,49.15,50.13
2004-11-02,50,50.4,49.5,49.62
2004-11-03,49.7,51.1,48.58,50.88
2004-11-04,50.75,51,48.75,48.82
2004-11-05,49,49.7,48.2,49.61
2004-11-08,48.75,49.6,48.65,49.09
2004-11-09,48.39,48.6,47.1,47.37
2004-11-10,47.38,49,47.05,48.86
2004-11-11,48,48.35,47.05,47.42
2004-11-12,47.6,48.2,47.3,47.41
2004-11-15,46.6,47.1,45.4,46.95
2004-11-16,47.35,47.8,46.1,46.2
2004-11-17,45.95,47.36,45.5,47.12
2004-11-18,47.25,47.3,45.7,46.38
2004-11-19,46.9,49,46.7,48.89
2004-11-22,48.9,49.25,48.35,48.64
2004-11-23,48.9,50.3,48.8,48.94
2004-11-24,48.7,49.65,47.75,49.44
2004-11-29,49.65,49.95,49.15,49.76
2004-11-30,50.05,50.45,48.65,49.13
2004-12-01,48.85,48.85,45.3,45.49
2004-12-02,44.4,45.35,42.5,43.25
2004-12-03,42.7,43.8,42,42.54
2004-12-06,43.1,43.61,42,42.98
2004-12-07,42.6,42.65,41.05,41.46
2004-12-08,40.7,42.6,40.7,41.94
2004-12-09,42.25,43.2,42.05,42.53
2004-12-10,43.05,43.24,40.25,40.71
2004-12-13,40.79,41.65,40.14,41.01
2004-12-14,42.2,42.5,41.7,42.45
2004-12-15,42.7,44.9,42.4,44.69
2004-12-16,44.35,44.85,43.2,44.51
2004-12-17,45.25,46.8,45.05,46.57
2004-12-20,46.15,46.25,45.05,45.78
2004-12-21,45.6,46.92,45.08,45.76
2004-12-22,45.75,46,43.5,44.24
2004-12-23,43.9,44.5,43.7,44.18
2004-12-27,43.75,43.75,41.2,41.32
2004-12-28,41.7,42.36,41.5,41.77
2004-12-29,42.2,43.8,41.3,43.64
2004-12-30,42.75,43.6,42.6,43.45
2005-01-03,42.15,42.25,40.95,42.12
2005-01-04,42.15,44.15,42.03,43.91
2005-01-05,43.75,44.1,42.6,43.39
2005-01-06,43.3,45.75,43.15,45.56
2005-01-07,45.3,45.7,44.75,45.43
2005-01-10,46.1,47.3,45,45.33
2005-01-11,45.35,46.2,45,45.68
2005-01-12,46.3,46.7,45.2,46.56
2005-01-13,47.1,48.55,46.85,48.19
2005-01-14,48.05,48.8,47.4,48.53
2005-01-18,49.25,49.4,47.79,48.48
2005-01-19,48.1,48.95,47.75,47.86
2005-01-20,47.2,47.8,46.7,47.31
2005-01-21,47.75,48.95,47.05,48.53
2005-01-24,48.9,49.15,47.8,48.81
2005-01-25,48.87,49.8,48.3,49.64
2005-01-26,49.15,49.8,47.9,48.78
2005-01-27,49.19,49.75,48.6,48.84
2005-01-28,48.1,48.15,46.7,47.18
2005-01-31,46.1,48.3,45.65,48.2
2005-02-01,48,48.1,47,47.12
2005-02-02,47.2,47.6,46.4,46.69
2005-02-03,46.35,46.55,45.05,46.45
2005-02-04,46.85,47.25,46.2,46.48
2005-02-07,46.1,46.15,45.06,45.28
2005-02-08,45.05,45.7,44.8,45.4
2005-02-09,45.3,46.4,44.5,45.46
2005-02-10,46.18,47.3,46.1,47.1
2005-02-11,47.6,48.15,47.38,47.8
2005-02-14,48.4,48.45,47.25,48.02
2005-02-15,48.15,48.5,47.6,47.77
2005-02-16,48.25,49.25,47.45,48.86
2005-02-17,49.1,49.25,48.05,48.22
2005-02-18,48.4,49.25,48.3,49.01
2005-02-22,49.85,51.7,49.75,51.42
2005-02-23,51.2,51.6,50.85,51.17
2005-02-24,51.7,52.05,50.4,51.39
2005-02-25,51.05,51.9,50.95,51.49
2005-02-28,51.92,52,51.1,51.75
2005-03-01,51.3,51.9,50.6,51.68
2005-03-02,51.7,53.1,51.5,53.05
2005-03-03,53.04,55.2,52.8,53.57
2005-03-04,53.2,54,52.9,53.78
2005-03-07,53.15,54,52.91,53.89
2005-03-08,53.75,55.15,53.7,54.59
2005-03-09,54.85,55.7,54.1,54.77
2005-03-10,54.16,54.55,52.9,53.54
2005-03-11,53.65,55.3,53.6,55.12
2005-03-14,55,55.8,54.25,55.65
2005-03-15,54.7,55.45,54.25,55.05
2005-03-16,54.9,56.6,54.6,56.46
2005-03-17,57.25,57.6,56,56.4
2005-03-18,56.65,57,56.1,56.72
2005-03-21,57.25,57.65,56.68,57.46
2005-03-22,57.3,57.6,55.5,56.03
2005-03-23,55.2,55.3,53.15,53.81
2005-03-24,54.45,54.9,53.41,54.84
2005-03-28,54.25,54.65,53.56,54.05
2005-03-29,54.06,54.5,53.55,54.23
2005-03-30,54,54.3,52.4,53.99
2005-03-31,55,56.1,54.9,55.4
2005-04-01,55.7,57.7,55.1,57.27
2005-04-04,57.8,58.21,56.5,57.01
2005-04-05,56.7,57.25,55.9,56.04
2005-04-06,55.5,56.9,55.25,55.85
2005-04-07,56.5,56.6,53.7,54.11
2005-04-08,53.6,53.9,52.5,53.32
2005-04-11,52.6,53.85,52.06,53.71
2005-04-12,53.65,53.65,51.7,51.86
2005-04-13,51.2,51.25,50.05,50.22
2005-04-14,50.4,51.45,49.7,51.13
2005-04-15,50.4,50.75,50,50.49
2005-04-18,49.95,51.25,49.8,50.37
2005-04-19,51,53.2,50.9,52.29
2005-04-20,53.7,54.55,53.25,54.03
2005-04-21,53.3,54.3,53,54.2
2005-04-22,54.65,55.9,54.4,55.39
2005-04-25,55.8,55.9,54.3,54.57
2005-04-26,54.1,54.45,53.34,54.2
2005-04-27,54.1,54.1,51.5,51.61
2005-04-28,50.7,51.85,49.8,51.77
2005-04-29,51.25,51.6,49.1,49.72
2005-05-02,49.3,51.1,49.05,50.92
2005-05-03,50.3,50.65,49.25,49.5
2005-05-04,49.5,51,48.75,50.13
2005-05-05,50.4,50.95,49.5,50.83
2005-05-06,51.45,52.3,50.05,50.96
2005-05-09,51.05,52.25,50.65,52.03
2005-05-10,52.25,53.15,51.63,52.07
2005-05-11,51.38,51.8,50.2,50.45
2005-05-12,49.7,49.8,48.25,48.54
2005-05-13,48.6,49,47.75,48.67
2005-05-16,48,48.7,47.55,48.61
2005-05-17,48.2,49.1,48,48.97
2005-05-18,49.1,49.35,47,47.25
2005-05-19,49,49.85,48.65,48.74
2005-05-20,48.9,49.05,48.1,48.65
2005-05-23,48.45,49.5,48.05,49.16
2005-05-24,49.2,49.95,48.49,49.67
2005-05-25,49.7,51.68,49.45,50.98
2005-05-26,51.07,51.75,50.6,51.01
2005-05-27,51.4,52,51.2,51.85
2005-05-31,51.2,52.1,50.85,51.97
2005-06-01,52.3,54.7,52.2,54.6
2005-06-02,54.25,55.45,53.5,53.63
2005-06-03,53.94,55.15,53.85,55.03
2005-06-06,55.25,55.4,53.85,54.49
2005-06-07,54.2,54.8,53.55,53.76
2005-06-08,53.3,55.55,52.4,52.54
2005-06-09,53,54.5,52.85,54.28
2005-06-10,54.28,55,53.3,53.54
2005-06-13,53.55,56,53.45,55.62
2005-06-14,55.4,55.9,54.8,55
2005-06-15,54.6,56.75,54.6,55.57
2005-06-16,55.75,56.9,55.4,56.58
2005-06-17,56.41,58.6,56.41,58.47
2005-06-20,58.85,59.85,58.1,59.37
2005-06-21,59.05,59.75,58.5,58.9
2005-06-22,59.05,59.7,57.8,58.09
2005-06-23,58.45,60.05,58.3,59.42
2005-06-24,59.65,59.95,59.1,59.84
2005-06-27,60.35,60.98,60.09,60.54
2005-06-28,59.5,59.75,57.9,58.2
2005-06-29,57.6,58.15,56.9,57.26
2005-06-30,56.8,57.9,55.9,56.5
2005-07-01,56.75,59.15,56.7,58.75
2005-07-05,59.5,60.1,59.15,59.59
2005-07-06,60.2,61.4,60.15,61.28
2005-07-07,62.3,62.3,59.05,60.73
2005-07-08,61.3,61.9,59.5,59.63
2005-07-11,58.65,59.1,58,58.92
2005-07-12,59.78,61.25,59.78,60.62
2005-07-13,60.4,61.1,59.75,60.01
2005-07-14,59.8,59.9,57.15,57.8
2005-07-15,57.35,59,57.35,58.09
2005-07-18,57.75,57.9,56.75,57.32
2005-07-19,58.65,58.85,58.01,58.69
2005-07-20,59.5,59.65,57.4,58.02
2005-07-21,57.9,58.1,56.5,57.13
2005-07-22,57.7,58.8,57.35,58.65
2005-07-25,58.9,59.17,57.65,59
2005-07-26,58.75,59.9,58.6,59.2
2005-07-27,59.35,59.8,58.5,59.11
2005-07-28,59.3,60.2,58.75,59.94
2005-07-29,60.4,61.05,60.1,60.57
2005-08-01,61.05,62.3,61,61.57
2005-08-02,61.38,62,60.9,61.89
2005-08-03,62.4,62.5,60.7,60.86
2005-08-04,61.25,62.1,61,61.38
2005-08-05,61.95,62.45,61.6,62.31
2005-08-08,62.95,64,62.8,63.94
2005-08-09,63.6,63.98,62.9,63.07
2005-08-10,63.5,65.05,62.85,64.9
2005-08-11,64.91,66,64.55,65.8
2005-08-12,66,67.1,65.15,66.86
2005-08-15,66.35,67,65.35,66.27
2005-08-16,66.05,66.85,65.6,66.08
2005-08-17,65.8,66.6,63.1,63.25
2005-08-18,63.29,63.7,62.25,63.27
2005-08-19,64.5,65.5,64.1,65.35
2005-08-22,65.7,66.25,65,65.45
2005-08-23,66,66.1,64.65,65.71
2005-08-24,66.15,67.4,65.25,67.32
2005-08-25,66.9,67.7,66.4,67.49
2005-08-26,67.5,67.95,65.65,66.13
2005-08-29,69,69.1,66.3,67.2
2005-08-30,68.8,70.9,68.5,69.81
2005-08-31,69.52,70.3,67.75,68.94
2005-09-01,68.95,69.6,68.25,69.47
2005-09-02,68.1,68.6,66.9,67.57
2005-09-06,67.25,67.3,65.6,65.96
2005-09-07,65.5,66.6,63.8,64.37
2005-09-08,64.95,65.2,63,64.49
2005-09-09,65.05,65.1,63.55,64.08
2005-09-12,63.7,63.85,62.52,63.34
2005-09-13,63.6,63.87,62.65,63.11
2005-09-14,63.8,65.2,63.15,65.09
2005-09-15,65.3,65.7,63.85,64.75
2005-09-16,63.9,64.45,62.8,63
2005-09-19,63.32,67.58,63.31,67.48
2005-09-20,67.28,67.28,65.03,66.18
2005-09-21,67.28,68.25,66.58,66.85
2005-09-22,67.8,68.12,65.98,66.55
2005-09-23,65.94,66.23,63.83,64.15
2005-09-26,63.48,65.88,63,65.75
2005-09-27,65.72,65.78,64.58,65.03
2005-09-28,64.75,67.38,64.58,66.33
2005-09-29,66.31,67.18,65.48,66.83
2005-09-30,66.64,67,65.38,66.18
2005-10-03,66.25,66.53,64.88,65.4
2005-10-04,65.35,65.37,62.98,63.88
2005-10-05,63.94,64.73,62.68,62.78
2005-10-06,62.61,62.61,60.68,61.21
2005-10-07,61.76,62.21,61.03,61.66
2005-10-10,61.87,62.4,60.28,61.74
2005-10-11,61.91,63.58,61.86,63.53
2005-10-12,63.64,64.68,63.38,64.18
2005-10-13,64.08,64.3,62.48,63.08
2005-10-14,62.74,62.87,61.28,62.58
2005-10-17,63.65,64.48,63.23,64.43
2005-10-18,63.08,63.72,61.73,62.37
2005-10-19,62.11,62.77,60.58,61.4
2005-10-20,61.25,61.58,59.5,59.92
2005-10-21,59.88,60.68,59.08,60.53
2005-10-24,59.76,60.48,59.3,60.23
2005-10-25,60.24,62.73,59.96,62.32
2005-10-26,61.94,62.93,60.53,60.63
2005-10-27,60.98,61.48,60.27,60.97
2005-10-28,61.03,61.46,60.58,61.18
2005-10-31,61.03,61.03,59.23,59.78
2005-11-01,59.6,60.17,59,59.82
2005-11-02,59.81,60.38,58.73,59.78
2005-11-03,59.82,61.83,59.64,61.73
2005-11-04,61.53,61.63,60.48,60.48
2005-11-07,60.04,60.23,58.73,59.48
2005-11-08,59.54,59.83,58.93,59.63
2005-11-09,59.81,60.43,58.58,58.82
2005-11-10,58.5,58.76,57.48,57.78
2005-11-11,57.51,58.13,56.91,57.43
2005-11-14,57.85,58.18,57.28,57.57
2005-11-15,57.5,58.38,56.88,56.95
2005-11-16,57.66,58.73,57.32,57.72
2005-11-17,58.41,59.04,56.25,56.25
2005-11-18,57.27,57.45,56.27,57.16
2005-11-21,57.74,58.16,57.08,57.73
2005-11-22,57.88,58.98,57.8,58.83
2005-11-23,58.8,58.96,57.98,58.73
2005-11-28,57.79,58.18,56.68,57.28
2005-11-29,56.91,57.73,56.38,56.44
2005-11-30,56.34,57.38,55.94,57.28
2005-12-01,57.31,58.78,57,58.48
2005-12-02,58.4,59.53,58.13,59.19
2005-12-05,59.74,60.73,59.59,59.93
2005-12-06,59.79,60.43,59.53,59.88
2005-12-07,60.24,60.66,59.13,59.18
2005-12-08,59.36,60.68,59.05,60.68
2005-12-09,61.22,61.47,58.98,59.48
2005-12-12,59.73,61.33,59.6,61.23
2005-12-13,60.92,61.88,60.74,61.31
2005-12-14,61.31,61.53,60.68,60.78
2005-12-15,60.49,61.03,59.88,59.98
2005-12-16,60.88,60.88,57.94,57.94
2005-12-19,58.98,59.53,57.16,57.96
2005-12-20,58.32,58.68,57.88,58.13
2005-12-21,58.16,58.69,57.53,58.51
2005-12-22,58.73,59.25,57.73,58.28
2005-12-23,58.31,58.48,57.63,58.41
2005-12-27,57.82,58.11,57.21,58.09
2005-12-28,57.78,60.25,57.71,59.65
2005-12-29,59.71,60.81,59.46,60.21
2005-12-30,60.09,61.16,59.67,60.99
2006-01-03,61.39,63.81,61.09,63.11
2006-01-04,62.67,63.96,62.21,63.39
2006-01-05,63.17,63.67,62.56,62.75
2006-01-06,62.9,64.45,62.84,64.16
2006-01-09,64.17,64.54,62.86,63.5
2006-01-10,63.14,64.14,63.11,63.25
2006-01-11,63.5,64.75,62.73,63.85
2006-01-12,64.36,65,63.79,63.97
2006-01-13,63.92,64.33,63.14,63.93
2006-01-17,64.82,66.3,64.73,66.3
2006-01-18,67.07,67.36,65.77,66.21
2006-01-19,66.2,67.16,65.88,67.16
2006-01-20,67.48,69.04,67.26,68.39
2006-01-23,68.33,68.61,67.44,68.01
2006-01-24,67.61,68.11,66.96,67.07
2006-01-25,66.77,66.83,65.46,65.82
2006-01-26,65.91,66.86,65.42,66.32
2006-01-27,66.76,67.91,66.26,67.76
2006-01-30,68.2,68.41,67.26,68.3
2006-01-31,68.55,68.61,67.3,67.8
2006-02-01,67.55,68.95,66.42,66.61
2006-02-02,67.07,67.07,64.39,64.64
2006-02-03,64.92,65.52,64,65.35
2006-02-06,66.04,66.35,64.91,65.11
2006-02-07,64.86,64.86,63,63.11
2006-02-08,62.95,63.5,62.4,62.47
2006-02-09,62.92,63.67,62.26,62.61
2006-02-10,62.85,63.06,61.36,62.06
2006-02-13,61.46,62.11,60.81,61.23
2006-02-14,61.07,61.28,59.5,59.61
2006-02-15,59.89,60.15,57.61,57.65
2006-02-16,58.1,58.61,57.61,58.46
2006-02-17,60.57,61.45,60.48,61.29
2006-02-21,62.3,62.84,61.86,62.41
2006-02-22,62.21,62.27,60.51,60.81
2006-02-23,60.62,61.06,59.69,60.66
2006-02-24,61.06,63.19,60.89,62.76
2006-02-27,62.01,62.36,60.59,60.59
2006-02-28,60.66,61.81,60.29,61.81
2006-03-01,61.56,62.29,61.51,61.91
2006-03-02,62.37,63.31,62.21,63.31
2006-03-03,63.7,63.75,62.69,63.56
2006-03-06,63.34,63.58,61.82,62.17
2006-03-07,62.39,62.71,61.17,61.5
2006-03-08,61.48,61.57,59.32,59.97
2006-03-09,60.2,60.87,59.52,60.55
2006-03-10,60.61,60.68,59.67,59.85
2006-03-13,60.27,61.77,59.6,61.72
2006-03-14,61.51,63.27,61.25,62.95
2006-03-15,62.77,63.17,62.07,62.1
2006-03-16,61.95,63.8,61.62,63.43
2006-03-17,63.32,63.7,62.57,62.8
2006-03-20,64.13,64.13,61.74,62.02
2006-03-21,61.99,62.69,61.24,62.26
2006-03-22,62.29,62.79,61.54,61.79
2006-03-23,62.31,63.91,61.81,63.89
2006-03-24,63.74,64.64,63.41,64.19
2006-03-27,63.79,64.26,63.46,64.16
2006-03-28,63.99,65.94,63.99,65.94
2006-03-29,65.74,66.59,65.54,66.51
2006-03-30,66.09,66.99,66.01,66.79
2006-03-31,66.89,66.91,65.54,65.96
2006-04-03,66.67,67.84,66.51,66.69
2006-04-04,66.36,66.39,65.56,66.16
2006-04-05,65.86,67.21,65.69,67.04
2006-04-06,67.54,68.11,67.24,67.84
2006-04-07,67.51,67.54,66.64,67.31
2006-04-10,67.71,68.86,67.56,68.71
2006-04-11,69.01,69.41,67.99,68.96
2006-04-12,69.06,69.49,68.39,68.56
2006-04-13,68.26,69.31,67.84,69.24
2006-04-17,69.8,70.41,69.24,70.29
2006-04-18,70.59,71.49,70.11,71.29
2006-04-19,72.81,74.36,72.59,74.04
2006-04-20,74.11,74.41,72.69,73.56
2006-04-21,72.81,75.26,72.71,75.16
2006-04-24,74.79,74.96,72.89,73.21
2006-04-25,73.24,73.96,71.76,72.89
2006-04-26,73.04,73.14,71.81,71.86
2006-04-27,71.81,71.81,70.71,70.94
2006-04-28,70.66,72.56,70.46,71.84
2006-05-01,72.36,73.66,72.06,73.66
2006-05-02,73.61,74.84,73.46,74.54
2006-05-03,74.74,74.86,72.19,72.24
2006-05-04,71.99,72.04,69.26,69.94
2006-05-05,70.26,70.7,69.65,70.15
2006-05-08,70.28,70.5,68.27,69.72
2006-05-09,69.64,71.44,69.57,70.64
2006-05-10,70.54,72.2,69.6,72.2
2006-05-11,72.49,73.84,72.34,73.24
2006-05-12,72.66,73.27,71.64,72.04
2006-05-15,71.16,71.19,69.29,69.39
2006-05-16,69.19,70.64,68.89,69.44
2006-05-17,70.46,70.91,68.91,69.34
2006-05-18,69.04,70.09,68.69,69.99
2006-05-19,70.39,70.61,68.59,69.22
2006-05-22,68.47,69.94,68.09,69.89
2006-05-23,70.34,72.07,70.32,71.69
2006-05-24,71.14,71.57,69.77,69.82
2006-05-25,70.04,71.27,69.77,71.27
2006-05-26,71.52,71.84,70.79,71.29
2006-05-30,71.32,72.69,71.16,72.07
2006-05-31,71.84,71.86,70.02,71.19
2006-06-01,70.94,71.79,69.99,70.32
2006-06-02,70.57,72.36,70.57,72.36
2006-06-05,73.14,73.79,72.04,72.59
2006-06-06,72.09,72.84,71.32,72.41
2006-06-07,72.09,72.49,70.47,70.74
2006-06-08,70.44,70.47,69.11,70.27
2006-06-09,69.94,71.77,69.91,71.59
2006-06-12,71.54,72.27,70.11,70.29
2006-06-13,69.91,69.97,68.29,68.49
2006-06-14,68.09,69.32,68.07,69.02
2006-06-15,69.47,70.54,69.39,69.84
2006-06-16,70.34,70.74,69.09,70.11
2006-06-19,69.82,69.89,68.74,69.49
2006-06-20,69.27,70.22,68.77,69.29
2006-06-21,69.41,70.69,68.79,70.27
2006-06-22,70.52,71.11,70.02,70.77
2006-06-23,70.64,71.27,70.22,70.77
2006-06-26,70.74,71.82,70.36,71.74
2006-06-27,71.99,72.41,71.57,71.89
2006-06-28,72.11,72.69,71.52,72.09
2006-06-29,72.36,73.49,72.24,73.49
2006-06-30,73.62,74.09,73.29,73.89
2006-07-05,73.52,75.27,73.36,75.09
2006-07-06,74.91,75.24,74.22,75.04
2006-07-07,74.74,75.72,73.82,73.99
2006-07-10,73.72,73.84,72.86,73.52
2006-07-11,73.34,74.52,73.27,74.02
2006-07-12,74.07,74.97,73.74,74.86
2006-07-13,75.34,76.79,75.34,76.59
2006-07-14,77.89,78.11,76.84,76.97
2006-07-17,77.48,77.61,75.22,75.22
2006-07-18,75.59,76.44,73.44,73.57
2006-07-19,75.69,75.89,73.52,74.77
2006-07-20,75.09,75.34,74.14,74.19
2006-07-21,73.91,75.14,73.89,74.39
2006-07-24,74.07,75.09,73.44,75.02
2006-07-25,75.22,75.74,73.52,73.69
2006-07-26,73.59,74.72,73.47,73.84
2006-07-27,73.94,74.84,73.94,74.44
2006-07-28,74.57,74.79,72.91,73.22
2006-07-31,73.14,74.36,72.61,74.34
2006-08-01,74.39,75.39,73.97,74.82
2006-08-02,75.29,76.41,75.04,75.77
2006-08-03,75.69,75.72,74.61,75.39
2006-08-04,75.11,75.64,74.11,74.77
2006-08-07,75.89,77.24,75.69,76.94
2006-08-08,76.72,77.34,76.11,76.32
2006-08-09,76.24,77.34,76.16,76.32
2006-08-10,76.39,76.44,73.84,73.99
2006-08-11,74.47,74.74,73.69,74.36
2006-08-14,73.61,73.82,72.57,73.39
2006-08-15,73.14,73.77,72.74,73.11
2006-08-16,72.91,73.04,71.64,71.82
2006-08-17,71.34,71.36,69.91,70.02
2006-08-18,71.86,72.39,70.97,72.02
2006-08-21,72.49,73.24,72.27,73.22
2006-08-22,73.11,73.44,72.61,72.97
2006-08-23,72.74,72.89,71.11,71.69
2006-08-24,71.82,72.44,71.32,72.29
2006-08-25,72.82,73.66,72.44,72.44
2006-08-28,71.72,71.74,70.09,70.49
2006-08-29,70.82,70.84,69.24,69.64
2006-08-30,69.82,70.19,68.61,70.02
2006-08-31,70.34,70.74,69.34,70.24
2006-09-01,70.34,70.61,68.94,69.09
2006-09-05,68.32,68.94,67.89,68.59
2006-09-06,68.32,68.74,67.41,67.47
2006-09-07,67.66,67.91,66.74,67.24
2006-09-08,66.74,67.52,65.97,66.19
2006-09-11,65.84,66.36,64.82,65.49
2006-09-12,65.94,66.39,63.69,63.71
2006-09-13,63.82,64.66,63.42,64.04
2006-09-14,64.47,64.59,62.96,63.24
2006-09-15,63.07,63.54,61.99,63.27
2006-09-18,63.42,64.36,62.82,63.71
2006-09-19,64.71,65.02,61.99,62.11
2006-09-20,61.99,62.24,60.67,60.71
2006-09-21,60.86,61.67,60.64,61.54
2006-09-22,61.82,62.19,60.17,60.54
2006-09-25,60.04,61.99,59.46,61.36
2006-09-26,61.39,61.94,60.61,61.02
2006-09-27,61.17,62.92,60.09,62.89
2006-09-28,63.02,63.94,62.46,62.77
2006-09-29,62.49,62.94,61.44,62.94
2006-10-02,63.19,63.19,60.89,60.96
2006-10-03,60.92,60.92,58.59,58.59
2006-10-04,58.21,59.61,57.69,59.34
2006-10-05,59.82,60.89,59.29,59.94
2006-10-06,59.67,60.19,58.82,59.69
2006-10-09,60.14,61.21,59.86,59.92
2006-10-10,60.32,60.64,58.46,58.49
2006-10-11,58.52,59.02,57.49,57.54
2006-10-12,57.69,58.29,57.17,57.89
2006-10-13,58.11,59.36,57.99,58.57
2006-10-16,58.96,59.92,58.02,59.92
2006-10-17,60.09,60.49,58.64,58.89
2006-10-18,59.17,59.36,57.29,57.57
2006-10-19,59.24,60.76,59.21,60.76
2006-10-20,60.64,60.92,59.06,59.27
2006-10-23,59.21,59.28,58.09,58.76
2006-10-24,58.74,59.59,58.36,59.31
2006-10-25,59.45,61.4,59.17,61.31
2006-10-26,61.55,61.69,60.06,60.28
2006-10-27,60.59,60.87,59.81,60.68
2006-10-30,60.74,60.8,58.19,58.35
2006-10-31,58.32,58.67,57.01,58.64
2006-11-01,58.42,59.31,57.74,58.56
2006-11-02,58.35,58.87,57.6,57.8
2006-11-03,57.85,59.24,57.72,59.08
2006-11-06,58.62,60.45,58.47,60.04
2006-11-07,59.95,60.12,58.85,58.88
2006-11-08,58.98,60.18,58.83,59.86
2006-11-09,59.99,61.22,59.85,61.06
2006-11-10,60.97,61,59.42,59.6
2006-11-13,59.7,59.83,58.19,58.51
2006-11-14,58.66,59.05,58.09,58.21
2006-11-15,58.41,59.31,58.25,58.71
2006-11-16,60.71,61.31,58.46,58.48
2006-11-17,58.51,58.92,57.76,58.91
2006-11-20,58.28,58.75,57.95,58.73
2006-11-21,58.91,60.28,58.8,60.05
2006-11-22,59.79,60.24,58.35,59.21
2006-11-24,59,60.1,58.91,59.9
2006-11-27,60.05,60.27,59.21,60.26
2006-11-28,60.16,61.11,60.16,60.91
2006-11-29,61.01,62.44,60.96,62.41
2006-11-30,62.33,63.67,62.15,62.92
2006-12-01,62.65,63.39,62.19,63.36
2006-12-04,63.23,63.24,61.89,62.31
2006-12-05,62.7,63.17,61.46,62.35
2006-12-06,62.51,62.94,61.8,62.14
2006-12-07,62.37,62.52,61.55,62.47
2006-12-08,62.76,63.52,61.94,61.98
2006-12-11,61.7,62.14,60.99,61.17
2006-12-12,61.34,61.91,60.64,61.01
2006-12-13,61.88,62.51,61.57,62
2006-12-14,62.33,63.5,62.25,63.21
2006-12-15,63.42,64.04,63.03,63.96
2006-12-18,63.66,64.01,62.63,62.74
2006-12-19,62.77,63.87,62.22,63.35
2006-12-20,63.16,64,63.16,63.63
2006-12-21,63.26,63.51,62.26,62.61
2006-12-22,62.66,63,62.06,62.33
2006-12-26,62.86,63.07,60.49,61.02
2006-12-27,60.94,61.26,60.22,60.22
2006-12-28,60.42,60.76,60.01,60.31
2006-12-29,60.5,61.06,59.91,60.78
2007-01-02,60.64,61.45,60.36,60.73
2007-01-03,60.85,60.86,58.09,58.25
2007-01-04,58.28,58.5,55.5,55.6
2007-01-05,55.39,56.28,54.84,56.21
2007-01-08,56.49,57.64,55.12,56.02
2007-01-09,55.5,56.09,53.84,55.58
2007-01-10,55.45,55.48,53.77,53.91
2007-01-11,53.15,54.63,51.77,51.83
2007-01-12,52.42,53.01,51.52,52.88
2007-01-16,52.47,53.12,50.52,51.17
2007-01-17,51.38,52.22,50.25,52.22
2007-01-18,52.36,52.6,49.89,50.45
2007-01-19,50.35,51.9,50.19,51.88
2007-01-22,53.64,54.56,52.06,52.51
2007-01-23,52.63,55.02,52.6,54.91
2007-01-24,54.53,55.33,53.65,55.3
2007-01-25,55.07,55.77,54.1,54.15
2007-01-26,54.56,55.38,54.24,55.33
2007-01-29,55.77,55.82,53.83,53.95
2007-01-30,53.99,56.95,53.99,56.95
2007-01-31,56.52,58.1,55.72,58.08
2007-02-01,57.92,58.75,57.08,57.29
2007-02-02,57.42,58.99,57.05,58.92
2007-02-05,58.8,59.85,58.47,58.64
2007-02-06,59.1,59.87,58.44,58.85
2007-02-07,59.29,59.76,57.29,57.68
2007-02-08,57.94,59.74,57.25,59.68
2007-02-09,60.03,60.66,59.25,59.79
2007-02-12,59.26,59.47,57.38,57.67
2007-02-13,57.7,60.23,57.18,59.7
2007-02-14,59.51,59.7,58.03,58.52
2007-02-15,58.42,58.96,57.09,58.36
2007-02-16,58.21,59.8,58.02,59.77
2007-02-20,59.38,59.39,57.77,58.79
2007-02-21,58.3,60.54,58.03,60
2007-02-22,59.85,61.17,59.57,60.82
2007-02-23,60.96,61.73,60.5,60.97
2007-02-26,61.36,61.65,60.65,61.37
2007-02-27,61.38,62.14,60.01,61.4
2007-02-28,60.57,61.93,60.2,61.72
2007-03-01,61.5,62.42,60.77,61.92
2007-03-02,61.8,62.33,61.32,61.52
2007-03-05,60.86,60.95,59.54,60.01
2007-03-06,60.22,60.73,59.91,60.6
2007-03-07,60.67,62,60.58,61.77
2007-03-08,61.86,62.19,61.17,61.57
2007-03-09,61.54,61.75,59.96,60.01
2007-03-12,59.67,59.89,58.57,58.86
2007-03-13,59.16,59.86,57.73,57.97
2007-03-14,57.99,58.32,57.31,58.11
2007-03-15,58.49,58.57,57.45,57.46
2007-03-16,57.31,58.19,56.13,57.13
2007-03-19,59.73,60.27,59.16,59.63
2007-03-20,60.16,60.17,59.18,59.25
2007-03-21,59.46,59.81,59.16,59.64
2007-03-22,59.99,61.67,59.95,61.62
2007-03-23,61.64,62.53,61.2,62.23
2007-03-26,62.57,63.21,62.42,62.86
2007-03-27,62.64,62.89,62.21,62.8
2007-03-28,63.85,64.9,63.61,64.03
2007-03-29,63.81,66.32,63.46,66.03
2007-03-30,66.53,66.68,65.46,65.86
2007-04-02,65.64,66.59,65.03,65.97
2007-04-03,65.81,65.82,64.07,64.6
2007-04-04,64.53,65.01,63.55,64.35
2007-04-05,64.32,64.86,63.61,64.19
2007-04-09,63.78,63.87,61.37,61.42
2007-04-10,61.71,62.21,61.32,61.86
2007-04-11,61.83,62.47,61.48,61.91
2007-04-12,62.05,63.82,61.98,63.81
2007-04-13,64.04,64.52,63.48,63.58
2007-04-16,63.68,64.13,62.55,63.56
2007-04-17,63.58,64.53,63.02,63.06
2007-04-18,63.22,63.33,62.35,63.07
2007-04-19,62.71,63.17,61.32,61.77
2007-04-20,63.12,64.15,62.99,64.02
2007-04-23,64.02,65.87,63.64,65.87
2007-04-24,65.65,66.21,64.09,64.51
2007-04-25,64.55,65.85,64.51,65.76
2007-04-26,65.78,66.3,64.8,64.99
2007-04-27,65.27,66.54,64.53,66.39
2007-04-30,66.35,66.51,65.58,65.72
2007-05-01,65.52,66.07,64.15,64.37
2007-05-02,64.55,64.6,63.03,63.71
2007-05-03,63.67,64.02,62.69,63.17
2007-05-04,63.23,63.34,61.53,61.82
2007-05-07,61.67,61.98,60.8,61.42
2007-05-08,61.46,62.42,61.17,62.22
2007-05-09,62.13,62.4,60.63,61.53
2007-05-10,61.52,62.4,61.36,61.73
2007-05-11,61.68,62.38,61.63,62.29
2007-05-14,62.3,63,62.12,62.47
2007-05-15,62.54,63.21,62.02,63.11
2007-05-16,63.07,63.21,61.85,62.5
2007-05-17,62.6,64.81,62.47,64.78
2007-05-18,64.83,65.56,64.52,64.88
2007-05-21,65.12,66.27,64.41,66.16
2007-05-22,66.85,66.88,65.35,65.5
2007-05-23,65.62,66.05,65,65.69
2007-05-24,65.84,66.06,63.8,64.17
2007-05-25,64.46,65.15,64.17,65.13
2007-05-29,64.62,64.66,62.51,63.11
2007-05-30,63.08,63.78,62.84,63.41
2007-05-31,63.35,63.97,62.4,63.97
2007-06-01,64.14,65.17,63.77,65.03
2007-06-04,64.58,66.39,64.49,66.11
2007-06-05,66.02,66.1,65.18,65.58
2007-06-06,65.76,66.2,65.2,65.89
2007-06-07,66.15,67.32,65.85,66.86
2007-06-08,66.52,66.67,64.57,64.72
2007-06-11,64.95,65.86,64.61,65.68
2007-06-12,65.72,66.02,64.83,65.31
2007-06-13,65.1,66.4,64.87,66.13
2007-06-14,66.09,67.8,66.06,67.56
2007-06-15,67.59,68.21,67.2,67.97
2007-06-18,67.95,69.03,67.35,68.99
2007-06-19,68.86,69.47,68.37,69.06
2007-06-20,69,69.14,67.25,68.5
2007-06-21,68.91,69.81,68.26,68.59
2007-06-22,68.57,69.41,68.13,69.11
2007-06-25,68.57,69.35,67.52,69.08
2007-06-26,68.94,69.08,67.57,67.72
2007-06-27,67.71,69.27,67.03,68.93
2007-06-28,69.18,70.41,68.86,69.54
2007-06-29,69.62,70.68,69.61,70.35
2007-07-02,70.33,71.14,69.56,71.06
2007-07-03,70.82,71.36,70.65,71.36
2007-07-05,71.32,72.27,70.78,71.73
2007-07-06,71.69,72.85,71.5,72.75
2007-07-09,72.5,72.91,71.77,72.08
2007-07-10,72.04,72.88,71.57,72.75
2007-07-11,72.59,72.9,72.2,72.5
2007-07-12,72.6,73.71,71.92,72.48
2007-07-13,72.46,73.89,72.28,73.82
2007-07-16,73.94,74.39,73.59,74.02
2007-07-17,74.01,75.26,73.51,73.97
2007-07-18,74.22,75.2,73.86,75
2007-07-19,74.96,75.91,74.61,75.86
2007-07-20,75.85,76.32,75.38,75.72
2007-07-23,75.47,75.55,74.4,74.83
2007-07-24,74.66,74.67,72.96,73.54
2007-07-25,73.33,75.82,73.11,75.77
2007-07-26,76.09,77.15,74.56,74.9
2007-07-27,75.21,76.99,74.66,76.97
2007-07-30,76.61,77.2,76.02,76.77
2007-07-31,76.59,78.18,76.56,78.15
2007-08-01,77.76,78.69,76.11,76.5
2007-08-02,76.69,77.34,75.49,76.82
2007-08-03,76.74,77.28,75.22,75.35
2007-08-06,74.83,74.92,71.91,71.91
2007-08-07,71.59,72.52,71.11,72.22
2007-08-08,72.19,73.08,71.81,72.11
2007-08-09,72.29,72.3,70.47,71.57
2007-08-10,71.52,71.52,70.06,71.39
2007-08-13,71.72,73.12,71.07,71.57
2007-08-14,71.61,72.39,71.35,72.32
2007-08-15,72.74,74.11,72.27,73.3
2007-08-16,72.67,72.68,70.14,70.91
2007-08-17,71.26,72.32,70.94,71.85
2007-08-20,71.18,71.45,70.01,71.04
2007-08-21,70.67,71.44,69.02,69.5
2007-08-22,69.61,70.17,68.67,69.22
2007-08-23,69.4,70,69.01,69.76
2007-08-24,69.82,71.26,69.47,71.01
2007-08-27,70.86,71.91,70.14,71.9
2007-08-28,71.95,72.18,71.16,71.72
2007-08-29,71.46,73.52,71.36,73.46
2007-08-30,73.48,73.89,72.74,73.31
2007-08-31,73.52,74.35,73.36,73.88
2007-09-04,74.14,75.16,73.46,74.98
2007-09-05,75.09,75.7,74.7,75.7
2007-09-06,76.14,77.33,75.28,76.25
2007-09-07,76.28,76.87,75.63,76.61
2007-09-10,76.36,77.52,75.5,77.47
2007-09-11,77.66,78.19,76.97,78.19
2007-09-12,78.18,79.97,77.97,79.78
2007-09-13,79.68,80.11,79.13,79.97
2007-09-14,79.58,80.27,78.75,79.07
2007-09-17,78.63,80.57,78.21,80.48
2007-09-18,81.08,81.13,78.92,80.18
2007-09-19,80.79,81.17,79.74,80.83
2007-09-20,80.57,81.77,80.21,81.72
2007-09-21,81.6,82.27,80.57,81.51
2007-09-24,81.13,81.52,80.34,80.76
2007-09-25,80.44,80.46,78.91,79.51
2007-09-26,79.86,80.61,78.4,80.23
2007-09-27,81.02,82.9,80.74,82.78
2007-09-28,83.11,83.67,81.58,81.59
2007-10-01,81.62,81.95,79.47,80.23
2007-10-02,80.09,80.11,78.88,79.95
2007-10-03,80.21,80.79,79.55,79.92
2007-10-04,79.61,81.61,78.9,81.42
2007-10-05,81.19,81.59,80.47,81.16
2007-10-08,80.7,80.82,78.36,78.92
2007-10-09,78.77,81.02,78.35,80.21
2007-10-10,80.1,81.27,79.72,81.23
2007-10-11,81.42,83.57,81.41,83.04
2007-10-12,82.91,84,82.64,83.65
2007-10-15,83.63,86.12,83.59,86.12
2007-10-16,86.68,88.04,86.07,87.52
2007-10-17,87.28,88.79,86.91,87.22
2007-10-18,85.99,88.01,85.77,87.97
2007-10-19,87.93,88.36,86.22,86.88
2007-10-22,86.18,86.87,84.7,85.94
2007-10-23,86.02,86.69,84.85,85.19
2007-10-24,85.11,87.07,84.72,86.98
2007-10-25,87.82,90.45,87.82,90.45
2007-10-26,91.4,92.13,90.55,91.82
2007-10-29,93.12,93.61,91.62,93.36
2007-10-30,92.94,93.02,90.25,90.26
2007-10-31,89.63,94.61,89.11,94.28
2007-11-01,95.49,95.71,92.07,93.41
2007-11-02,93.6,95.89,93.02,95.81
2007-11-05,94.97,96.02,93.69,93.95
2007-11-06,95.13,96.94,94.72,96.61
2007-11-07,97.75,98.53,94.68,96.4
2007-11-08,95.85,97.6,95.17,95.48
2007-11-09,96.15,96.57,94.51,96.29
2007-11-12,95.02,96.08,93.51,94.43
2007-11-13,94.52,94.58,90.16,91.13
2007-11-14,91.51,94.29,91.25,93.97
2007-11-15,92.45,93.19,90.53,91.93
2007-11-16,92.21,94.22,92.09,93.75
2007-11-19,94.71,95.08,93.15,94.55
2007-11-20,94.41,98.08,94.41,97.96
2007-11-21,98.6,98.95,96.41,97.37
2007-11-23,97.28,98.16,96.15,97.98
2007-11-26,98.62,99.04,96.5,97.59
2007-11-27,97.03,97.19,94.31,94.31
2007-11-28,93.94,95.15,90.31,90.64
2007-11-29,92.28,95.06,90.39,90.92
2007-11-30,90.76,91.44,88.49,88.52
2007-12-03,89.5,89.58,87.1,89.23
2007-12-04,89.73,89.78,87.31,88.25
2007-12-05,88.38,90.31,87.37,87.52
2007-12-06,86.94,90.19,85.78,90.19
2007-12-07,90.24,90.53,87.02,88.17
2007-12-10,87.77,89.7,87.06,87.67
2007-12-11,88.28,90.47,88,90.05
2007-12-12,89.24,94.69,89.22,94.34
2007-12-13,93.93,94.78,91.86,92.29
2007-12-14,92.59,93.31,90.55,91.25
2007-12-17,91.86,92,89.82,91.01
2007-12-18,91.1,92.87,89.12,90
2007-12-19,90.48,92.23,89.67,91.21
2007-12-20,91.55,92.18,90.53,90.98
2007-12-21,91.26,93.76,90.79,93.33
2007-12-24,93.1,93.67,92.45,93.64
2007-12-26,94.62,96.44,94.13,95.84
2007-12-27,96.03,97.7,95.18,96.56
2007-12-28,96.82,97.82,95.83,95.97
2007-12-31,96.17,96.69,94.73,95.89
2008-01-02,96.31,100,96.23,99.57
2008-01-03,99.32,100.09,98.43,99.12
2008-01-04,99.26,99.28,97.08,97.83
2008-01-07,97.35,98.31,94.53,95.02
2008-01-08,95.7,97.44,95.27,96.37
2008-01-09,96.64,97.86,95.45,95.58
2008-01-10,95.62,96.13,93.23,93.8
2008-01-11,94.37,94.57,92.31,92.68
2008-01-14,93.08,94.3,92.5,94.16
2008-01-15,94.05,94.29,90.95,91.91
2008-01-16,91.27,91.55,89.26,90.74
2008-01-17,91.07,92.1,89.54,90.15
2008-01-18,89.96,91.22,89.67,90.5
2008-01-21,90.57,90.6,88.55,88.66
2008-01-22,87.15,89.55,85.36,88.96
2008-01-23,88.67,89.29,86.63,86.95
2008-01-24,87.69,89.43,87.01,89.3
2008-01-25,89.99,91.29,89.62,90.63
2008-01-28,89.81,91.25,88.75,90.92
2008-01-29,90.7,91.71,90.29,91.58
2008-01-30,92.13,92.54,91.24,92.28
2008-01-31,91.17,92.21,89.57,91.68
2008-02-01,90.84,92.02,88.48,88.98
2008-02-04,88.82,90.72,88.02,90.02
2008-02-05,89.63,89.78,87.52,88.26
2008-02-06,87.76,88.87,86.67,87.1
2008-02-07,86.93,88.06,86.21,88.04
2008-02-08,88.71,91.84,88.27,91.73
2008-02-11,91.92,94.31,90.88,93.51
2008-02-12,93.22,94.06,92.02,92.71
2008-02-13,92.49,93.79,91.89,93.22
2008-02-14,93.37,95.46,93.36,95.42
2008-02-15,95.11,96.57,94.64,95.54
2008-02-18,95.65,96.45,95.61,95.85
2008-02-19,96.11,99.76,96.06,99.55
2008-02-20,98.92,100.65,97.98,99.58
2008-02-21,99.96,100.26,96.92,98.2
2008-02-22,97.99,99.3,97.27,98.74
2008-02-25,99.47,99.56,97.78,99.16
2008-02-26,98.94,101.05,98.46,100.78
2008-02-27,101.04,101.98,99.47,99.54
2008-02-28,99.39,102.66,98.91,102.55
2008-02-29,102.62,102.86,101.36,101.72
2008-03-03,101.74,103.87,100.74,102.42
2008-03-04,102.09,103.27,98.87,99.65
2008-03-05,99.66,104.55,99.58,104.38
2008-03-06,104.21,105.87,102.92,104.81
2008-03-07,105.59,106.42,103.92,104.99
2008-03-10,105.17,108.05,104.05,107.91
2008-03-11,107.63,109.65,106.59,108.61
2008-03-12,108.55,110.13,107.08,110.03
2008-03-13,109.51,110.92,108.76,110.12
2008-03-14,109.69,110.84,108.82,109.94
2008-03-17,111.16,111.73,103.19,105.84
2008-03-18,104.78,108.7,104.19,108.04
2008-03-19,107.18,107.73,102.16,102.6
2008-03-20,102.28,102.45,98.61,101.58
2008-03-24,100.72,102.31,99.95,100.36
2008-03-25,100.29,101.56,99.09,101.46
2008-03-26,101.67,106.06,101.49,105.87
2008-03-27,106.14,108.12,105.03,107.08
2008-03-28,106.82,107.55,104.67,105.34
2008-03-31,104.72,106.7,100.26,101.47
2008-04-01,101.43,102.45,99.59,100.89
2008-04-02,100.96,104.92,99.88,104.76
2008-04-03,104.45,106.32,103.2,103.86
2008-04-04,104.19,106.28,104.01,106.15
2008-04-07,106.48,109.38,106.1,108.95
2008-04-08,108.78,109.52,107.64,108.5
2008-04-09,108.57,112.12,107.91,110.83
2008-04-10,110.8,112.13,108.77,110.02
2008-04-11,109.65,110.71,108.91,110.08
2008-04-14,109.68,111.87,109.6,111.67
2008-04-15,112.23,113.81,111.78,113.68
2008-04-16,113.55,114.98,112.15,114.73
2008-04-17,114.91,115.47,113.69,114.32
2008-04-18,114.53,116.69,112.67,116.54
2008-04-21,116.1,116.91,114.99,116.49
2008-04-22,116.48,118.89,115.93,117.93
2008-04-23,118.08,118.49,116.45,118.25
2008-04-24,118.01,118.19,114.22,116.06
2008-04-25,115.65,119.44,114.53,118.46
2008-04-28,119.36,119.66,118.15,118.7
2008-04-29,118.36,118.36,114.97,115.57
2008-04-30,115.56,116.59,113.3,113.45
2008-05-01,114.52,114.7,110.26,112.46
2008-05-02,111.86,116.36,111.72,116.29
2008-05-05,116.48,120.24,116.23,119.91
2008-05-06,119.85,122.5,119.32,121.77
2008-05-07,121.52,123.71,120.53,123.56
2008-05-08,123.47,123.77,121.55,123.67
2008-05-09,124.56,126.06,124.1,125.81
2008-05-12,125.33,126.16,123.83,124.07
2008-05-13,123.38,126.81,123.16,125.8
2008-05-14,125.69,125.95,123.79,124.16
2008-05-15,124.09,126.57,120.79,124.21
2008-05-16,124.71,127.68,124,126.43
2008-05-19,126.58,127.77,125.11,126.78
2008-05-20,126.84,129.21,126.24,128.82
2008-05-21,128.91,133.72,128.56,133.62
2008-05-22,134.47,135.01,130.05,130.47
2008-05-23,131.28,133.65,130.21,131.78
2008-05-27,133.18,133.59,128.14,128.59
2008-05-28,128.56,131.5,125.9,130.73
2008-05-29,130.44,132.58,126.06,126.51
2008-05-30,126.24,128.17,124.68,127.41
2008-06-02,127.05,129.28,125.17,127.65
2008-06-03,127.39,127.86,123.82,124.29
2008-06-04,124.27,124.93,121.79,122.02
2008-06-05,121.94,128.17,121.83,128.07
2008-06-06,128.73,139.03,127.77,138.3
2008-06-09,137.6,138.19,133.22,134.65
2008-06-10,134.94,137.9,130.79,131.67
2008-06-11,132.24,138.2,131.95,136.57
2008-06-12,135.36,137.37,131.56,136.75
2008-06-13,136.65,136.98,133.51,134.63
2008-06-16,133.81,139.08,132.87,133.91
2008-06-17,134.39,135.09,131.96,133.57
2008-06-18,133.39,136.76,131.77,136.36
2008-06-19,135.85,137.72,131.42,131.73
2008-06-20,132.31,137.37,132.05,135.02
2008-06-23,136.29,138.06,134.1,137.03
2008-06-24,136.8,138.51,135.89,136.86
2008-06-25,137.05,137.5,131.95,134.43
2008-06-26,133.78,140.31,133.64,139.73
2008-06-27,139.33,142.9,139.16,140.55
2008-06-30,141.84,143.5,139.19,140.46
2008-07-01,140.98,143.14,140.13,141.23
2008-07-02,142.14,144.08,140.31,144
2008-07-03,144.34,145.7,143.2,145.24
2008-07-07,143.74,143.79,139.5,141.68
2008-07-08,142.27,142.35,135.19,135.88
2008-07-09,136.84,138.21,135.35,135.58
2008-07-10,136.09,141.98,135.39,141.13
2008-07-11,141.81,147.16,141.75,144.98
2008-07-14,144.53,146.28,142.74,144.91
2008-07-15,144.94,146.73,136.28,138.53
2008-07-16,137.54,139.15,132.09,134.27
2008-07-17,134.92,136.64,129.05,129.92
2008-07-18,130.25,131.9,128.31,128.58
2008-07-21,129.14,132.66,129.12,132.4
2008-07-22,131.27,132.8,126.46,128.22
2008-07-23,127.83,128.6,124.08,124.22
2008-07-24,124.45,126.38,123.52,125.37
2008-07-25,126.06,126.4,122.52,123.29
2008-07-28,123.48,125.16,122.59,124.71
2008-07-29,124.93,125.64,120.48,121.81
2008-07-30,121.96,127.2,120.91,126.87
2008-07-31,126.61,127.71,122.89,123.97
2008-08-01,123.24,128.44,122.04,125.12
2008-08-04,126.06,126.1,119.49,121.29
2008-08-05,120.11,121.1,118.06,118.58
2008-08-06,118.59,120.29,117.14,118.36
2008-08-07,118.83,121.68,118.12,119.75
2008-08-08,119.81,119.83,114.58,114.92
2008-08-11,116.04,116.84,112.69,114.61
2008-08-12,113.4,115.87,112.34,113.14
2008-08-13,113.19,117.39,112.82,116.3
2008-08-14,116.43,117.34,112.63,114.92
2008-08-15,113.7,114.19,111.29,113.65
2008-08-18,114.96,115.29,112,112.77
2008-08-19,112.03,116.38,111.64,115.22
2008-08-20,114.87,116.89,112.61,116.03
2008-08-21,116.55,121.91,115.91,121.53
2008-08-22,121.26,121.64,114.24,114.53
2008-08-25,114.75,115.95,113.67,115.16
2008-08-26,114.93,117.71,112.44,116.18
2008-08-27,116.57,119.48,116.3,118.28
2008-08-28,119.03,120.27,114.06,115.42
2008-08-29,116.88,118.65,115.02,115.54
2008-09-02,110.81,110.86,105.53,110.11
2008-09-03,108.6,109.43,107.2,109.37
2008-09-04,109.05,110.51,106.54,107.54
2008-09-05,107.61,107.96,105.14,106.39
2008-09-08,108.51,109.68,104.71,106.29
2008-09-09,104.82,105.83,101.78,101.81
2008-09-10,103.54,104.78,101.37,103.1
2008-09-11,103.22,103.4,100.22,101.11
2008-09-12,101.32,102.81,99.98,100.69
2008-09-15,99.07,99.43,94.13,94.3
2008-09-16,92.05,93.88,90.47,92.79
2008-09-17,93.94,97.34,91.31,96.56
2008-09-18,95.96,101.72,95.72,98.13
2008-09-19,98.81,104.75,98.35,104.35
2008-09-22,103.74,110.26,103.65,108.6
2008-09-23,108.92,109.42,104.01,106.87
2008-09-24,106.86,109.4,104.91,105.09
2008-09-25,106.39,108.56,103.3,107.56
2008-09-26,106.5,107.37,104.25,107.15
2008-09-29,105.38,105.39,95.07,95.51
2008-09-30,96.88,101.67,93.36,101.58
2008-10-01,101.9,102.77,96,98.83
2008-10-02,98.68,98.71,93.52,93.71
2008-10-03,93.26,95.93,91.37,93.36
2008-10-06,91.43,91.79,87.53,89.02
2008-10-07,89.83,92.74,87.96,89.48
2008-10-08,88.57,90.86,86,88.55
2008-10-09,87.74,89.74,84.17,84.75
2008-10-10,82.76,83.5,77.04,80.53
2008-10-13,80.15,82.41,79.83,81.88
2008-10-14,82.9,84.76,78.27,79.24
2008-10-15,77.9,78.91,74.03,74.06
2008-10-16,73.59,74.35,68.58,71.84
2008-10-17,72.86,74.2,69.82,71.94
2008-10-20,72.23,76.01,71.76,74.66
2008-10-21,75.61,75.77,70.3,71.68
2008-10-22,70.37,70.37,66.22,66.83
2008-10-23,67.41,69.32,65.9,69
2008-10-24,69.43,69.46,62.6,64.67
2008-10-27,64.67,65.61,61.25,62.13
2008-10-28,62.58,65.12,61.71,64.16
2008-10-29,64.96,69.12,63.67,67.79
2008-10-30,68.01,70.58,64.01,65.6
2008-10-31,65.26,68.31,63.08,67.91
2008-11-03,67.5,69.16,63.72,64.24
2008-11-04,63.84,71.57,62.22,69.89
2008-11-05,70.08,70.45,64.97,65.24
2008-11-06,65.06,65.35,60.14,61.05
2008-11-07,60.73,62.62,59.98,60.96
2008-11-10,62.1,65.49,59.59,62.2
2008-11-11,62.15,62.17,58.33,58.7
2008-11-12,58.96,59.48,55.58,55.86
2008-11-13,55.17,59.64,54.7,59.37
2008-11-14,59.36,59.84,55.7,56.48
2008-11-17,56.44,58.89,54.67,55.06
2008-11-18,55,55.88,53.93,54.41
2008-11-19,54.61,55.26,52.82,53.24
2008-11-20,53.59,53.75,48.57,48.72
2008-11-21,48.65,51.03,48.3,50.44
2008-11-24,50.91,55.13,48.76,54.25
2008-11-25,54.24,54.63,50.49,50.64
2008-11-26,50.67,54.91,50.1,54.82
2008-11-28,53.92,55.73,51.07,55.04
2008-12-01,54.31,54.31,48.74,48.77
2008-12-02,48.83,50.19,46.8,47.64
2008-12-03,47.53,48.06,46.22,46.94
2008-12-04,46.96,47.24,43.33,43.67
2008-12-05,43.79,44.38,40.51,41.91
2008-12-08,42.07,44.55,41.6,43.97
2008-12-09,43.97,44.49,41.84,42.37
2008-12-10,42.32,46.09,41.87,43.97
2008-12-11,44.09,48.99,43.27,47.27
2008-12-12,46.98,47.47,43.3,46.68
2008-12-15,46.83,49.96,44.11,44.78
2008-12-16,44.92,46.46,42.58,43.72
2008-12-17,43.81,45.43,39.96,40.41
2008-12-18,45.26,46.01,41.55,42.3
2008-12-19,42.18,43.17,40.87,42.85
2008-12-22,42.79,43.42,39.53,39.55
2008-12-23,39.56,40.57,37.8,39.12
2008-12-24,39.19,39.67,35.18,35.53
2008-12-26,35.77,37.93,35.56,37.66
2008-12-29,38.84,42.09,37.49,39.92
2008-12-30,40.04,40.38,37.93,39.25
2008-12-31,39.22,45.31,36.9,42.51
2009-01-02,43.52,46.56,41.02,46.24
2009-01-05,47.55,49.12,45.5,48.28
2009-01-06,48.26,50.39,47.55,48.46
2009-01-07,48.47,48.99,42.41,42.57
2009-01-08,42.56,43.57,40.54,42.38
2009-01-09,42.44,42.63,39.33,40.66
2009-01-12,40.48,40.77,37.46,37.7
2009-01-13,37.6,39.41,36.06,38.8
2009-01-14,38.79,39.36,35.52,37.33
2009-01-15,37.3,37.92,33.17,35.2
2009-01-16,43.08,44.44,42.05,42.39
2009-01-20,40.86,43.67,39.11,40.9
2009-01-21,40.91,44.36,40.2,44.19
2009-01-22,44.25,45.02,40.41,43.26
2009-01-23,43.25,46.88,41.37,45.87
2009-01-26,46.32,48.48,45.2,45.75
2009-01-27,45.7,47.41,41.42,41.96
2009-01-28,42.03,43.47,40.73,42.12
2009-01-29,42.18,42.26,40.16,41.57
2009-01-30,41.58,43.36,41,41.56
2009-02-02,41.73,42.27,39.82,40.29
2009-02-03,40.12,41.12,39.63,40.86
2009-02-04,40.96,41.82,39.72,40.23
2009-02-05,40.3,41.15,39.44,40.96
2009-02-06,40.95,42.59,38.56,40.05
2009-02-09,40.06,42.34,39.39,39.75
2009-02-10,39.7,41.71,37.36,38.13
2009-02-11,38.18,38.39,35.7,35.95
2009-02-12,35.88,36.19,33.54,34.27
2009-02-13,34.4,38.16,33.78,37.73
2009-02-17,41.5,41.59,38.02,38.18
2009-02-18,38.22,38.92,37.23,37.41
2009-02-19,37.58,40.15,37.08,39.66
2009-02-20,39.55,40.05,37.56,39.78
2009-02-23,39.74,41.42,37.85,38.02
2009-02-24,38.13,40.03,37.85,39.93
2009-02-25,39.97,42.76,39.44,42.35
2009-02-26,42.34,45.21,42.3,44.52
2009-02-27,44.6,44.87,42.5,44.26
2009-03-02,44.17,44.24,39.82,40.05
2009-03-03,40.11,41.97,39.44,41.5
2009-03-04,41.5,45.61,41.04,45.26
2009-03-05,45.41,45.67,42.9,43.6
2009-03-06,43.59,45.78,43.46,45.72
2009-03-09,46.21,48.73,44.98,47.16
2009-03-10,47.2,48.24,45.29,45.6
2009-03-11,45.63,46.01,42.07,42.75
2009-03-12,42.75,47.11,42.46,47.01
2009-03-13,46.67,48.07,45.6,45.77
2009-03-16,45.34,48.27,44.72,47.61
2009-03-17,47.63,50.55,47.21,49.64
2009-03-18,49.59,50.57,47.72,50.57
2009-03-19,50.21,52.94,49.55,51.7
2009-03-20,51.43,52.67,51.01,52.07
2009-03-23,52.85,53.98,51.65,53.78
2009-03-24,53.54,54.02,52.46,53.63
2009-03-25,53.49,54.13,51.88,52.8
2009-03-26,52.88,54.65,52.76,53.96
2009-03-27,53.94,54.22,51.65,52.05
2009-03-30,51.97,51.97,48.12,48.51
2009-03-31,48.6,49.91,47.78,48.87
2009-04-01,48.81,48.89,47.26,48.48
2009-04-02,48.48,52.84,48.48,52.44
2009-04-03,52.34,53.56,51.04,52.35
2009-04-06,52.26,53.58,49.86,51.25
2009-04-07,51.27,51.8,48.45,48.5
2009-04-08,48.44,51.28,47.38,50.12
2009-04-09,49.99,52.4,49.73,52.14
2009-04-13,51.82,52.12,48.86,50.01
2009-04-14,49.9,51.09,48.88,49.18
2009-04-15,49.11,50.76,48.92,49.77
2009-04-16,49.77,50.46,49.12,49.82
2009-04-17,49.87,51.33,49.43,50.33
2009-04-20,52.28,52.36,48.24,48.28
2009-04-21,48.24,49.24,46.73,48.82
2009-04-22,48.66,49.07,47.75,48.67
2009-04-23,48.52,49.89,48.37,49.61
2009-04-24,49.66,51.73,49.06,51.51
2009-04-27,51.33,51.33,48.02,50.12
2009-04-28,50.05,50.17,48.56,49.34
2009-04-29,49.25,51.32,49.12,50.72
2009-04-30,50.77,51.89,50.23,50.76
2009-05-01,50.82,53.58,50.44,52.78
2009-05-04,52.63,54.59,52.56,54.53
2009-05-05,54.41,54.77,53.52,54.11
2009-05-06,54.12,56.45,53.58,56.26
2009-05-07,56.3,58.48,55.48,56.04
2009-05-08,56.5,58.67,56.29,58.42
2009-05-11,58.37,58.57,56.79,58.08
2009-05-12,58.11,60.04,57.81,59.33
2009-05-13,59.32,59.86,57.46,57.81
2009-05-14,57.74,58.93,56.57,58.57
2009-05-15,58.53,58.85,56.07,56.55
2009-05-18,56.44,59.84,56.12,59.61
2009-05-19,59.72,60.98,58.93,60.3
2009-05-20,60.26,62.24,59.85,61.74
2009-05-21,61.66,61.84,59.95,61.02
2009-05-22,61.04,61.96,60.51,61.58
2009-05-26,61.24,62.49,59.61,62.45
2009-05-27,62.83,63.79,62.19,62.96
2009-05-28,62.93,65.42,62.76,64.85
2009-05-29,64.78,66.48,64.68,66.48
2009-06-01,66.4,68.66,66.23,68.03
2009-06-02,68.01,69.02,67.52,68.2
2009-06-03,68.22,68.93,65.03,66.08
2009-06-04,66.06,69.56,65.92,68.7
2009-06-05,68.76,70.28,67.55,68.34
2009-06-08,68.08,68.9,66.78,68.7
2009-06-09,68.71,70.63,68.43,70.53
2009-06-10,70.54,71.76,70.43,71.43
2009-06-11,71.44,73.19,71.36,72.47
2009-06-12,72.43,72.62,70.81,72.16
2009-06-15,72,72.21,69.53,70.4
2009-06-16,70.65,72.71,69.77,70.17
2009-06-17,70.3,71.22,68.99,70.86
2009-06-18,70.85,71.69,70.19,71.32
2009-06-19,71.83,72.79,69.4,70.13
2009-06-22,70.1,70.26,66.66,67.14
2009-06-23,67.16,69.61,66.36,68.8
2009-06-24,68.56,69.71,68.06,68.43
2009-06-25,68.31,70.84,68.15,70.34
2009-06-26,70.32,71.23,68.76,69.28
2009-06-29,69.02,71.79,68.36,71.54
2009-06-30,71.58,73.35,68.85,70.34
2009-07-01,70.54,71.76,68.48,69.25
2009-07-02,69.21,69.73,66.27,66.41
2009-07-06,65.64,65.64,63.36,64.26
2009-07-07,64.14,64.82,62.26,62.32
2009-07-08,62.31,62.61,59.97,60.32
2009-07-09,60.36,61.55,59.22,60.46
2009-07-10,60.43,60.85,58.69,59.78
2009-07-13,59.84,60.61,58.31,59.96
2009-07-14,60.08,61.39,59.1,59.77
2009-07-15,59.8,61.94,59.65,61.74
2009-07-16,62,62.12,60.26,62.01
2009-07-17,62.17,63.92,60.99,63.37
2009-07-20,64.26,65.9,64.2,65.37
2009-07-21,65.37,66.68,64.53,65.01
2009-07-22,64.98,65.69,63.73,65.36
2009-07-23,65.39,67.39,64.37,66.68
2009-07-24,66.55,68.09,66.46,68.03
2009-07-27,67.91,68.93,67.57,68.13
2009-07-28,68.15,68.79,66.43,66.69
2009-07-29,66.72,66.99,62.66,62.9
2009-07-30,62.89,67.18,62.76,66.58
2009-07-31,66.58,69.61,64.95,69.08
2009-08-03,69.33,72.13,69.09,71.34
2009-08-04,71.38,71.91,70.14,71.77
2009-08-05,71.74,72.01,69.69,71.77
2009-08-06,71.82,72.36,70.13,71.81
2009-08-07,71.79,72.74,70.33,70.81
2009-08-10,70.37,71.49,70.04,70.67
2009-08-11,70.71,71.16,68.68,69.56
2009-08-12,69.62,71.06,68.78,70.37
2009-08-13,70.53,72.14,70,70.97
2009-08-14,70.91,71.58,67.08,67.47
2009-08-17,67.63,67.63,65.23,66.7
2009-08-18,66.76,70.24,66.07,70.21
2009-08-19,70.23,72.73,67.99,72.22
2009-08-20,73.55,74.07,72.53,72.84
2009-08-21,72.92,74.72,72.03,73.83
2009-08-24,73.8,74.8,73.57,73.98
2009-08-25,74.02,74.89,71.07,71.37
2009-08-26,71.41,72.57,70.64,71.4
2009-08-27,71.39,72.82,69.8,72.79
2009-08-28,72.75,73.45,71.79,72.74
2009-08-31,72.72,73.31,69.09,69.61
2009-09-01,69.57,71.3,67.94,68.39
2009-09-02,68.26,68.73,67.02,68.03
2009-09-03,68.12,69.33,67.6,68.08
2009-09-04,68.11,68.69,67.09,67.74
2009-09-08,68.08,71.7,67.92,71.33
2009-09-09,71.31,72.41,70.64,71.7
2009-09-10,71.67,72.37,70.81,72.13
2009-09-11,71.93,72.82,68.78,69.15
2009-09-14,69.14,69.44,68,68.8
2009-09-15,68.75,71.12,68.43,70.41
2009-09-16,70.73,72.92,70.49,72.85
2009-09-17,72.3,73.08,71.61,72.39
2009-09-18,72.42,72.58,71.33,71.71
2009-09-21,72.08,72.65,69.27,69.82
2009-09-22,69.85,72.03,69.74,71.62
2009-09-23,71.61,71.8,68.16,68.27
2009-09-24,68.22,68.71,65.55,66.05
2009-09-25,65.98,66.97,64.99,66
2009-09-28,66.16,67.46,65.36,67.18
2009-09-29,66.98,67.31,65.77,66.51
2009-09-30,66.72,70.62,66.19,70.33
2009-10-01,70.33,71.24,69.11,70.26
2009-10-02,70.23,70.5,68.29,69.68
2009-10-05,69.77,70.88,68.02,70.29
2009-10-06,70.24,71.89,70.07,71.2
2009-10-07,71.19,71.73,68.87,69.8
2009-10-08,69.83,72.47,69.16,71.33
2009-10-09,71.4,72.26,70.57,72.2
2009-10-12,72.29,73.76,72.05,73.09
2009-10-13,73.11,74.54,72.84,74.42
2009-10-14,74.47,75.51,74.39,75.34
2009-10-15,75.28,77.89,74.74,77.77
2009-10-16,77.69,79.15,76.79,79.03
2009-10-19,79.01,80.01,78.4,79.98
2009-10-20,79.89,80.34,78.31,78.6
2009-10-21,78.73,81.93,77.6,80.95
2009-10-22,81.04,81.48,79.82,81.23
2009-10-23,81.26,81.7,79.82,79.97
2009-10-26,79.84,81.5,77.94,78.6
2009-10-27,78.55,79.85,77.79,79.47
2009-10-28,79.81,79.81,77.05,77.11
2009-10-29,77.12,80.39,77.02,79.98
2009-10-30,80.17,80.18,76.8,76.97
2009-11-02,76.95,78.59,76.56,78.01
2009-11-03,78.13,79.69,76.53,79.38
2009-11-04,79.47,80.99,79.12,80.24
2009-11-05,80.29,80.46,79.3,79.71
2009-11-06,79.79,80.28,76.7,77.57
2009-11-09,77.84,80.11,77.81,79.21
2009-11-10,79.22,80.44,77.87,78.83
2009-11-11,78.84,80.02,78.52,79.21
2009-11-12,79.25,79.68,76.46,76.74
2009-11-13,76.73,77.6,75.54,76.39
2009-11-16,76.53,79.4,76.36,78.91
2009-11-17,78.91,79.69,78.08,79.39
2009-11-18,79.38,80.25,78.61,79.7
2009-11-19,79.64,79.85,77.01,78.39
2009-11-20,78.43,78.59,76.7,77.66
2009-11-23,77.8,79.88,77.17,77.48
2009-11-24,77.44,77.78,75.55,75.82
2009-11-25,75.85,78.01,75.46,77.76
2009-11-26,77.8,77.94,76.09,76.23
2009-11-27,76.23,76.46,72.34,75.9
2009-11-30,76.48,77.91,75.08,77.37
2009-12-01,77.37,78.96,77.02,77.87
2009-12-02,77.91,78.57,76.17,76.46
2009-12-03,76.51,77.42,75.48,75.76
2009-12-04,75.84,77.81,74.81,75.53
2009-12-07,75.85,76.07,73.66,74.06
2009-12-08,74.04,74.37,72.46,73.12
2009-12-09,73.08,73.8,70.12,70.67
2009-12-10,70.79,71.3,69.77,70.58
2009-12-11,70.56,71.12,69.42,69.76
2009-12-14,69.68,70.14,68.7,69.55
2009-12-15,69.64,71.05,69.29,70.79
2009-12-16,70.77,73.5,70.57,72.77
2009-12-17,72.68,73.1,71.19,72.63
2009-12-18,72.71,74.65,72.54,73.05
2009-12-21,74.08,75.2,73.16,73.38
2009-12-22,73.47,74.84,72.71,74.43
2009-12-23,74.49,76.93,74.22,76.52
2009-12-24,76.54,78.18,76.18,77.72
2009-12-28,77.91,79.09,77.75,78.61
2009-12-29,78.58,79.35,78.01,78.72
2009-12-30,78.77,79.77,78.47,79.35
2009-12-31,79.27,79.97,79.15,79.6
2010-01-04,79.87,81.69,79.76,81.6
2010-01-05,81.61,81.96,80.94,81.44
2010-01-06,81.46,83.47,80.83,83.21
2010-01-07,83.15,83.34,82.24,82.67
2010-01-08,82.65,83.44,81.81,82.82
2010-01-11,82.93,83.92,81.95,81.99
2010-01-12,82.16,82.29,79.88,80.1
2010-01-13,80.04,80.63,78.38,79.58
2010-01-14,79.57,80.32,78.91,79.13
2010-01-15,79.24,79.27,77.68,77.91
2010-01-18,78.13,78.96,77.49,78.52
2010-01-19,78.57,79.43,77.07,79.13
2010-01-20,79.11,79.32,77.13,77.52
2010-01-21,77.54,78.29,75.68,75.77
2010-01-22,75.83,76.46,74.02,74.04
2010-01-25,74.24,75.39,74.06,75.18
2010-01-26,75.21,75.27,73.8,74.6
2010-01-27,74.58,75.05,72.69,73.71
2010-01-28,73.52,74.44,72.91,73.85
2010-01-29,73.79,74.77,72.43,72.68
2010-02-01,72.77,74.93,72.47,74.93
2010-02-02,74.94,77.35,74.38,76.94
2010-02-03,76.93,78.01,76.52,77.07
2010-02-04,77.1,77.13,72.5,72.94
2010-02-05,73.04,73.86,69.5,71.77
2010-02-08,71.93,72.32,70.77,71.61
2010-02-09,71.63,74.09,71.29,73.74
2010-02-10,73.69,74.92,72.58,74.66
2010-02-11,74.6,75.66,73.39,75.32
2010-02-12,75.27,75.3,72.7,74.18
2010-02-15,73.9,74.32,73.68,73.93
2010-02-16,73.94,77.32,73.94,77.29
2010-02-17,77.27,77.79,76.53,77.24
2010-02-18,77.27,79.24,76.32,78.41
2010-02-19,78.69,80.24,78.08,80.24
2010-02-22,80.21,80.74,79.67,80.08
2010-02-23,80.02,80.35,78.26,79.02
2010-02-24,79.13,80.22,78.24,80.18
2010-02-25,80.24,80.29,77.04,78.26
2010-02-26,78.35,80.01,77.82,79.54
2010-03-01,79.68,80.58,78.04,78.82
2010-03-02,78.79,80.9,78.24,79.68
2010-03-03,79.6,81.19,79.41,80.91
2010-03-04,80.94,81.04,79.7,80.46
2010-03-05,80.54,82.02,80.44,81.74
2010-03-08,81.77,82.38,80.73,81.72
2010-03-09,81.68,81.86,80.16,81.33
2010-03-10,81.3,82.97,80.82,81.93
2010-03-11,81.88,82.35,81.32,82.29
2010-03-12,82.46,83.43,80.88,81.46
2010-03-15,81.41,81.6,79.41,80.07
2010-03-16,80.08,82.31,79.6,82.27
2010-03-17,82.35,83.32,81.96,83.06
2010-03-18,82.99,83.04,82,82.4
2010-03-19,82.39,82.42,80.13,80.91
2010-03-22,80.47,81.79,78.83,81.77
2010-03-23,81.77,82.17,80.82,81.54
2010-03-24,81.43,81.46,79.96,80.24
2010-03-25,80.3,81.44,80.1,80.11
2010-03-26,80.16,81.43,79.53,80.13
2010-03-29,80.22,82.73,80.21,82.48
2010-03-30,82.4,82.7,81.79,82.57
2010-03-31,82.46,83.82,82.18,83.24
2010-04-01,83.29,85.18,83.18,85.15
2010-04-05,85.35,86.86,85.04,86.79
2010-04-06,86.78,87.02,86.1,86.73
2010-04-07,86.71,86.96,85.52,85.71
2010-04-08,85.6,85.85,84.4,85.57
2010-04-09,85.51,86.34,84.12,84.96
2010-04-12,85.43,85.68,84.06,84.29
2010-04-13,84.28,84.35,82.53,83.66
2010-04-14,83.81,86.35,83.68,85.93
2010-04-15,86.73,87.23,86.18,86.59
2010-04-16,86.54,86.63,83.91,84.4
2010-04-19,84.35,84.35,82.06,83.37
2010-04-20,83.21,84.47,83.21,83.99
2010-04-21,83.98,84.59,82.92,83.43
2010-04-22,83.41,84.04,81.79,83.7
2010-04-23,83.68,85.14,82.93,85.06
2010-04-26,85.14,85.6,83.76,83.84
2010-04-27,83.87,84.27,81.68,81.77
2010-04-28,81.79,83.42,81.27,83.32
2010-04-29,83.31,85.52,82.99,85.51
2010-04-30,85.53,86.46,85.16,86.17
2010-05-03,86.35,87.12,85.81,86.03
2010-05-04,86.04,86.21,82.09,82.1
2010-05-05,82.14,82.79,79.17,79.54
2010-05-06,79.54,80.35,74.55,76.96
2010-05-07,76.82,78.13,74.51,75.38
2010-05-10,76.11,78.47,75.77,77.27
2010-05-11,77.21,77.65,75.35,75.91
2010-05-12,75.88,76.91,74.76,75.46
2010-05-13,75.47,76.36,73.62,73.79
2010-05-14,78.54,78.71,75.02,75.65
2010-05-17,75.63,75.71,72.76,73.77
2010-05-18,73.74,75.29,72.16,72.52
2010-05-19,72.49,73.11,71.1,72.79
2010-05-20,72.77,73.24,68.84,69.72
2010-05-21,69.57,71.19,68.99,70.46
2010-05-24,70.57,70.93,69.54,70.04
2010-05-25,69.82,69.88,67.13,69.85
2010-05-26,70.02,71.66,69.18,70.77
2010-05-27,70.71,74.88,70.65,74.82
2010-05-28,74.8,75.68,73.12,73.97
2010-05-31,73.95,74.57,73.82,74.44
2010-06-01,74.83,75.33,71.66,71.94
2010-06-02,71.92,73.89,71.66,73.6
2010-06-03,73.63,74.88,72.33,74.63
2010-06-04,74.52,75.38,70.71,70.88
2010-06-07,70.27,72.44,69.52,71.13
2010-06-08,71.05,72.54,70.72,72.54
2010-06-09,72.46,74.91,72.01,73.96
2010-06-10,73.69,76.26,73.69,75.46
2010-06-11,75.4,75.58,73.26,74.22
2010-06-14,75.79,77.29,75.38,75.82
2010-06-15,75.85,78.04,75.69,77.91
2010-06-16,77.99,79.1,77.15,78.55
2010-06-17,78.51,79.02,77.54,77.83
2010-06-18,77.76,78.52,76.83,78.35
2010-06-21,78.68,79.94,77.7,78.13
2010-06-22,78.04,78.86,77.3,77.38
2010-06-23,77.49,77.79,75.29,76.06
2010-06-24,75.96,76.51,75.31,76.43
2010-06-25,76.6,79.15,75.88,79.1
2010-06-28,78.72,79.38,77.73,78.05
2010-06-29,78.04,78.27,75.23,75.68
2010-06-30,75.43,76.79,74.57,75.24
2010-07-01,75.24,75.36,72.04,72.68
2010-07-02,72.71,73.33,71.6,72.14
2010-07-05,72.07,72.66,71.32,71.68
2010-07-06,71.66,73.82,71.07,72.02
2010-07-07,71.93,74.88,71.43,74.85
2010-07-08,74.72,75.96,74.38,75.88
2010-07-09,75.82,76.45,74.97,76.41
2010-07-12,76.18,76.38,74.51,74.96
2010-07-13,75.02,77.32,74.24,77.07
2010-07-14,77.16,78.08,76.38,76.69
2010-07-15,77.07,78.01,75.79,77.24
2010-07-16,77.21,77.49,75.63,76.13
2010-07-19,75.88,77.98,75.83,76.77
2010-07-20,76.79,77.87,75.99,77.82
2010-07-21,77.77,78.49,76.22,76.36
2010-07-22,76.3,79.36,76.16,79.1
2010-07-23,79.07,79.54,78.4,78.97
2010-07-26,78.88,79.29,78.05,78.85
2010-07-27,78.82,79.63,76.8,77.08
2010-07-28,76.96,77.69,75.89,76.85
2010-07-29,76.83,78.82,76.44,78.24
2010-07-30,78.16,79.01,76.82,78.91
2010-08-02,78.94,81.73,78.8,81.43
2010-08-03,81.38,82.6,81.1,82.39
2010-08-04,82.35,82.94,81.6,82.49
2010-08-05,82.39,82.43,81.54,82.13
2010-08-06,82.1,82.64,80.04,80.9
2010-08-09,80.91,81.72,80.73,81.41
2010-08-10,81.38,81.57,79.19,80.24
2010-08-11,80.27,80.41,77.33,77.35
2010-08-12,77.35,77.93,75.51,75.85
2010-08-13,75.65,76.71,75.01,75.57
2010-08-16,75.46,76.3,75.21,75.41
2010-08-17,75.43,76.96,75.41,75.82
2010-08-18,75.83,76.1,74.18,75.63
2010-08-19,75.52,76.43,74.3,74.66
2010-08-20,74.6,74.93,73.43,73.94
2010-08-23,73.8,74.42,72.77,73.02
2010-08-24,72.77,73.01,71.32,71.46
2010-08-25,71.36,72.93,70.75,72.82
2010-08-26,72.74,73.92,72.52,73.04
2010-08-27,72.99,75.54,72.07,75.51
2010-08-30,75.36,75.52,73.99,73.99
2010-08-31,73.94,74.69,71.51,71.63
2010-09-01,71.63,74.41,71.63,73.96
2010-09-02,73.88,75.07,73.1,74.91
2010-09-03,74.83,75.4,73.21,74.6
2010-09-06,74.27,74.45,73.8,74.07
2010-09-07,73.96,74.57,72.63,73.77
2010-09-08,73.71,75.35,73.35,74.88
2010-09-09,74.97,75.91,73.93,73.97
2010-09-10,74.41,76.68,74.41,76.44
2010-09-13,76.47,77.99,76.47,77.16
2010-09-14,77.11,77.94,76.22,76.71
2010-09-15,77.54,77.63,76.16,76.77
2010-09-16,76.74,77.1,75.3,75.65
2010-09-17,75.74,76.66,74.08,74.68
2010-09-20,74.82,76.71,74.55,76.1
2010-09-21,76.1,76.32,74.65,74.79
2010-09-22,74.6,75.94,73.9,74.8
2010-09-23,74.83,75.55,73.72,74.9
2010-09-24,74.86,76.65,74.66,76.49
2010-09-27,76.43,77.1,75.5,76.19
2010-09-28,76.16,77.07,75.52,76.16
2010-09-29,76.13,78.08,75.58,77.76
2010-09-30,77.77,80.11,77.52,79.79
2010-10-01,79.71,81.71,79.68,81.65
2010-10-04,81.68,82.35,80.74,81.54
2010-10-05,81.27,82.94,81.13,82.52
2010-10-06,82.51,84.04,82.27,83.34
2010-10-07,83.28,84.4,80.98,81.4
2010-10-08,81.38,83.09,80.27,82.84
2010-10-11,83.03,83.46,81.79,81.85
2010-10-12,81.91,82.29,80.85,81.66
2010-10-13,82.43,84.1,82.4,83.85
2010-10-14,83.89,84.77,82.87,83.45
2010-10-15,83.46,83.93,81.4,81.99
2010-10-18,82.02,83.92,80.99,83.49
2010-10-19,83.6,83.85,79.88,79.91
2010-10-20,79.99,82.54,79.86,82.53
2010-10-21,82.49,82.66,80.1,80.68
2010-10-22,80.65,82.03,80.4,81.98
2010-10-25,81.99,83.22,81.44,82.35
2010-10-26,82.43,82.84,81.8,82.39
2010-10-27,82.49,82.65,80.54,81.93
2010-10-28,81.88,82.6,81.49,81.91
2010-10-29,81.8,82.09,80.59,81.36
2010-11-01,81.72,83.81,81.55,82.85
2010-11-02,83.16,84.46,83.02,84.35
2010-11-03,84.39,85.27,83.59,84.93
2010-11-04,84.96,86.79,84.9,86.66
2010-11-05,86.71,87.4,85.97,87.4
2010-11-08,87.24,87.45,85.95,86.71
2010-11-09,86.71,87.6,85.46,86.43
2010-11-10,86.42,88.18,86.17,88.01
2010-11-11,87.85,88.57,87.54,87.71
2010-11-12,88.21,88.28,84.98,85.21
2010-11-15,85.23,86.18,84.91,84.93
2010-11-16,84.98,85.15,82.51,82.87
2010-11-17,82.9,83.13,80.63,80.93
2010-11-18,81.08,82.88,81.07,82.85
2010-11-19,82.76,83.29,81.08,81.99
2010-11-22,82.1,82.84,80.69,81.57
2010-11-23,81.65,82.07,80.27,81.02
2010-11-24,80.93,84.18,80.93,84.14
2010-11-25,83.99,84.49,83.43,84.16
2010-11-26,84.18,84.18,82.74,83.85
2010-11-29,83.79,85.82,83.59,85.81
2010-11-30,85.79,85.85,83.53,83.64
2010-12-01,83.66,86.91,83.64,86.82
2010-12-02,86.67,88.09,86.28,87.98
2010-12-03,87.9,89.46,87.14,89.39
2010-12-06,89.35,89.73,88.54,88.87
2010-12-07,88.85,90.71,88.07,88.24
2010-12-08,88.28,88.94,87.36,88.43
2010-12-09,88.51,89.39,87.7,88.52
2010-12-10,88.49,88.96,87.11,87.71
2010-12-13,88.03,89.93,87.93,88.74
2010-12-14,88.65,89.45,88.32,88.79
2010-12-15,88.76,89.63,87.42,89.04
2010-12-16,89.09,89.29,88.33,88.53
2010-12-17,88.6,89.16,87.68,88.6
2010-12-20,88.71,89.54,87.72,89.16
2010-12-21,89.09,90.07,89.06,89.96
2010-12-22,89.98,90.77,89.82,90.57
2010-12-23,90.53,91.6,90.32,91.41
2010-12-27,91.13,91.85,90.49,90.74
2010-12-28,90.7,91.64,90.7,91.21
2010-12-29,91.18,91.49,90.78,90.96
2010-12-30,90.95,91.37,89.01,89.39
2010-12-31,89.54,92.01,89.04,91.37
2011-01-03,91.26,92.56,91.22,91.46
2011-01-04,91.5,92.05,88.4,89.19
2011-01-05,89.3,90.79,88.1,90.32
2011-01-06,90.46,90.71,87.93,88.15
2011-01-07,88.16,89.44,87.27,88.41
2011-01-10,88.93,89.85,88.15,89.37
2011-01-11,89.34,91.39,88.94,91.25
2011-01-12,91.23,92.38,90.79,91.88
2011-01-13,92.98,93.22,91.85,91.95
2011-01-14,92,92.67,91.18,92.65
2011-01-17,92.55,92.68,91.82,91.97
2011-01-18,92.01,92.88,91.47,92.25
2011-01-19,92.3,92.99,91.54,91.56
2011-01-20,91.6,91.8,88.92,89.37
2011-01-21,89.5,90.21,88.91,89.15
2011-01-24,89.13,89.63,87.27,87.72
2011-01-25,87.66,87.85,86.13,86.21
2011-01-26,86.28,87.78,86.03,87.62
2011-01-27,87.55,87.65,85.31,85.31
2011-01-28,85.31,89.63,85.11,89.43
2011-01-31,89.87,92.82,88.44,92.07
2011-02-01,92.25,92.44,90.33,90.39
2011-02-02,90.74,91.77,90.11,91
2011-02-03,90.9,92.05,90.04,90.63
2011-02-04,90.64,91.64,88.54,89.04
2011-02-07,89.28,89.54,87.19,87.26
2011-02-08,87.41,88.09,85.93,87.45
2011-02-09,87.42,87.93,86.37,86.76
2011-02-10,86.96,87.9,85.98,87.69
2011-02-11,87.68,87.71,85.14,85.32
2011-02-14,85.64,86.51,84.59,84.84
2011-02-15,84.9,85.92,83.86,84.38
2011-02-16,84.36,85.94,84.13,85.05
2011-02-17,88.07,89.24,87.36,89.04
2011-02-18,89.06,90.95,88.45,89.9
2011-02-21,90.22,95.45,90.22,95.39
2011-02-22,96.58,98.34,93.5,95.68
2011-02-23,95.78,99.95,95.16,98.91
2011-02-24,99.01,103.34,95.68,96.78
2011-02-25,96.8,99.19,96.27,98.19
2011-02-28,98.91,99.92,96.79,97
2011-03-01,96.97,100.68,96.46,100.55
2011-03-02,100.5,102.5,99.22,102.38
2011-03-03,102.44,102.94,100.24,101.73
2011-03-04,101.59,105.15,101.56,105.09
2011-03-07,104.6,106.94,104.29,104.83
2011-03-08,104.65,105.74,103.35,104.71
2011-03-09,104.92,105.9,103.92,104.42
2011-03-10,104.42,105.06,100.67,102.45
2011-03-11,102.59,103,99.32,100.49
2011-03-14,99.49,101.84,98.54,101.68
2011-03-15,101.56,101.62,96.74,97.36
2011-03-16,97.55,99.58,96.23,98.14
2011-03-17,97.03,101.98,96.73,101.7
2011-03-18,103.08,103.66,100.15,101.62
2011-03-21,102.87,103.35,101.69,102.02
2011-03-22,103,105.16,102.18,104.86
2011-03-23,104.76,106.3,104.4,105.55
2011-03-24,105.41,106.68,104.77,105.44
2011-03-25,105.57,105.9,104.5,105.52
2011-03-28,105,105.71,103.61,103.85
2011-03-29,103.91,104.97,102.72,104.5
2011-03-30,104.53,105.13,103.45,104.4
2011-03-31,104.26,106.8,104.21,106.65
2011-04-01,106.63,108.45,106.31,108.42
2011-04-04,108.23,108.78,107.62,108.29
2011-04-05,108.22,108.59,107.55,107.86
2011-04-06,107.94,109.14,107.73,108.63
2011-04-07,108.7,110.42,108.23,110.3
2011-04-08,110.37,113.21,110.11,113.14
2011-04-11,113.17,113.45,108.77,108.8
2011-04-12,108.8,110.23,105.5,106.12
2011-04-13,106.12,107.4,105.37,107.32
2011-04-14,107.26,108.54,105.8,108.44
2011-04-15,108.49,110.06,107.25,109.44
2011-04-18,109.35,109.36,106.59,107.44
2011-04-19,107.96,109.04,106.03,108.34
2011-04-20,108.42,111.64,107.97,111.47
2011-04-21,111.4,112.41,111.04,112.35
2011-04-25,112.26,113.46,111.1,112.23
2011-04-26,112.13,112.59,111.12,111.92
2011-04-27,111.81,113.4,110.76,113.17
2011-04-28,113.18,113.96,111.72,112.77
2011-04-29,112.88,114.09,112.25,113.86
2011-05-02,113.88,114.78,110.84,113.02
2011-05-03,112.93,113.2,110.32,110.83
2011-05-04,110.69,111.22,108.52,108.79
2011-05-05,108.86,109.37,98.25,99.72
2011-05-06,100.07,102.33,94.81,98.12
2011-05-09,98.65,103.36,97.44,102.96
2011-05-10,102.29,103.91,100.13,103.35
2011-05-11,103.51,104.59,97.52,98.78
2011-05-12,98.6,100.45,95.26,98.83
2011-05-13,98.84,100.69,97.1,99.42
2011-05-16,98.99,99.62,96.89,96.89
2011-05-17,96.88,97.8,95.02,97.63
2011-05-18,97.67,100.95,97.59,99.75
2011-05-19,100.25,101.23,98.65,98.94
2011-05-20,99.11,100.37,96.41,99.96
2011-05-23,99.61,100.04,96.41,97.44
2011-05-24,97.51,100.03,96.62,99.35
2011-05-25,99.27,101.6,98.21,101.18
2011-05-26,101.28,101.89,99.64,100.18
2011-05-27,100.21,101.23,100.04,100.74
2011-05-30,100.7,100.8,99.73,100.38
2011-05-31,100.35,103.38,100.25,102.62
2011-06-01,102.64,103.31,99.63,99.63
2011-06-02,99.79,100.9,98.52,100.88
2011-06-03,100.81,100.83,98.13,100.56
2011-06-06,100.42,100.68,98.55,98.79
2011-06-07,98.8,99.75,97.75,99.64
2011-06-08,99.77,101.85,98.02,100.83
2011-06-09,100.88,102.43,100.74,101.83
2011-06-10,101.89,102.15,98.61,98.87
2011-06-13,98.87,99.32,96.21,96.97
2011-06-14,97.03,99.54,96.51,99.42
2011-06-15,99.5,99.93,94.28,95.32
2011-06-16,95.28,95.75,94.29,95.16
2011-06-17,95.12,95.4,91.84,92.94
2011-06-20,92.94,93.48,91.14,93.47
2011-06-21,93.76,95.07,92.88,93.69
2011-06-22,93.6,95.65,93.27,94.45
2011-06-23,94.33,94.47,89.72,92.22
2011-06-24,92.2,92.34,89.83,91.26
2011-06-27,91.27,91.27,89.64,90.82
2011-06-28,90.9,93.19,90.44,93.11
2011-06-29,93.31,95.81,92.66,95.11
2011-06-30,95.09,95.76,93.94,95.1
2011-07-01,95.05,95.39,93.46,94.76
2011-07-04,95.03,95.45,94.85,95
2011-07-05,95.02,97.45,94.35,97.03
2011-07-06,96.95,97.78,95.92,97.02
2011-07-07,97.11,99.36,97.04,98.77
2011-07-08,98.69,99.14,95.7,96.52
2011-07-11,96.14,96.27,94.17,95.14
2011-07-12,95.09,97.48,93.56,96.64
2011-07-13,96.7,99.19,96.53,97.62
2011-07-14,97.92,98.88,94.56,96.04
2011-07-15,96.01,97.7,95.22,97.38
2011-07-18,97.72,98.05,95.07,96.47
2011-07-19,96.44,98.97,96.26,98.31
2011-07-20,98.42,99.36,96.94,98.39
2011-07-21,98.36,100.14,97.22,99.13
2011-07-22,99.16,100.14,98.44,99.78
2011-07-25,99.61,99.75,98.56,99.08
2011-07-26,99.21,100.58,97.81,99.22
2011-07-27,99.14,99.5,97.17,97.25
2011-07-28,97.22,98,96.53,97.16
2011-07-29,97.22,97.4,94.97,95.97
2011-08-01,96.7,98.53,93.52,94.97
2011-08-02,95.12,95.66,93.14,93.28
2011-08-03,93.19,93.73,91.25,91.92
2011-08-04,92.08,92.56,86.17,86.44
2011-08-05,86.38,87.94,83.03,87.08
2011-08-08,85.71,85.71,80.21,81.08
2011-08-09,80.92,82.99,75.73,82.12
2011-08-10,81.94,83.12,79.61,82.09
2011-08-11,81.71,85.97,81.06,85.68
2011-08-12,85.62,87.36,84.03,85.39
2011-08-15,85.42,88.28,84.7,87.94
2011-08-16,87.86,88.11,85.87,87.35
2011-08-17,87.36,89.17,86.84,87.55
2011-08-18,87.56,87.69,81.31,81.44
2011-08-19,81.59,83.75,79.41,82.75
2011-08-22,82.36,84.77,81.2,84.47
2011-08-23,84.39,86.36,83.47,85.69
2011-08-24,85.83,86.52,84.58,85.25
2011-08-25,85.19,86.52,83.05,84.98
2011-08-26,85.02,85.62,83.03,85.47
2011-08-29,85.32,87.61,85.14,87.56
2011-08-30,87.57,89.17,86.47,88.73
2011-08-31,88.78,89.47,87.68,88.73
2011-09-01,88.77,89.89,88.24,88.77
2011-09-02,88.84,88.99,85.44,86.58
2011-09-05,86.33,86.37,83.5,83.62
2011-09-06,83.73,86.59,83.22,86.53
2011-09-07,86.47,90.28,86.18,90.11
2011-09-08,89.96,90.19,88.56,88.64
2011-09-09,88.78,89.5,85.67,87.07
2011-09-12,86.49,88.97,85.02,88.92
2011-09-13,88.9,90.5,87.88,89.8
2011-09-14,89.86,90.25,88.22,88.56
2011-09-15,88.64,90.14,88.03,89.04
2011-09-16,89.14,89.77,87.03,87.93
2011-09-19,88.11,88.11,85,86.13
2011-09-20,86.06,87.66,85.28,86.5
2011-09-21,86.49,87.95,84.67,84.81
2011-09-22,84.85,85,79.75,80.53
2011-09-23,80.49,81.73,77.58,80
2011-09-26,79.66,81.56,77.17,81.48
2011-09-27,81.47,84.77,80.93,83.73
2011-09-28,83.67,84.61,80.5,80.64
2011-09-29,80.5,83.92,79.64,83.11
2011-09-30,82.94,83.22,78.54,78.64
2011-10-03,78.66,79.61,76.28,76.4
2011-10-04,76.41,78.33,74.99,78.22
2011-10-05,78.35,79.91,76.95,79.78
2011-10-06,79.77,82.86,79.11,82.56
2011-10-07,82.58,84,81.38,82.72
2011-10-10,82.98,86.08,82.88,85.8
2011-10-11,85.64,86.61,84.02,85.17
2011-10-12,85.25,86.59,84.56,84.93
2011-10-13,84.86,85.39,83.17,84.57
2011-10-14,84.45,87.42,83.8,87.31
2011-10-17,87.5,88.4,86.12,86.49
2011-10-18,86.38,89.23,85.77,88.61
2011-10-19,88.47,89.67,86.06,86.22
2011-10-20,86.21,87.08,84.23,86.5
2011-10-21,86.46,88.86,85.96,87.64
2011-10-24,87.28,91.88,87.04,91.63
2011-10-25,91.7,94.54,91.11,92.55
2011-10-26,92.62,93.91,90.02,90.89
2011-10-27,90.94,94.22,90.75,93.97
2011-10-28,93.83,93.9,92.03,93.55
2011-10-31,93.64,93.64,91.42,92.58
2011-11-01,92.58,92.88,89.17,91.27
2011-11-02,91.26,93.75,91,92.85
2011-11-03,92.83,94.58,90.91,94.08
2011-11-04,94.07,94.92,92.89,94.42
2011-11-07,94.46,96.11,93.24,95.94
2011-11-08,95.82,97.07,95.25,97.02
2011-11-09,96.83,97.81,94.57,95.78
2011-11-10,95.72,98.34,95.21,97.58
2011-11-11,97.52,99.34,97.36,99.28
2011-11-14,99.31,99.54,97.25,98.08
2011-11-15,98.13,99.86,97.63,99.36
2011-11-16,99.33,102.87,98.44,101.77
2011-11-17,101.69,103.37,98.44,98.67
2011-11-18,98.68,100.3,96.72,97.64
2011-11-21,97.58,97.88,95.28,97.07
2011-11-22,97.14,98.67,96.56,97.73
2011-11-23,97.78,97.86,95.38,95.83
2011-11-24,95.88,97.31,95.65,97.05
2011-11-25,96.94,97.47,95,97.36
2011-11-28,97.84,100.72,97.16,97.75
2011-11-29,97.68,100.14,97.23,99.5
2011-11-30,99.55,101.72,98.94,100.52
2011-12-01,100.53,101.12,98.92,100.02
2011-12-02,99.97,101.51,99.77,101.11
2011-12-05,101.35,102.42,100.28,100.56
2011-12-06,100.47,101.39,100.22,101.18
2011-12-07,101.19,101.94,99.69,100.55
2011-12-08,100.83,101.71,97.72,97.97
2011-12-09,98.06,99.91,97.41,99.8
2011-12-12,99.54,99.67,97.56,97.92
2011-12-13,97.81,101.19,97.66,100.37
2011-12-14,100.25,100.27,94.23,94.82
2011-12-15,94.87,95.97,93.33,93.42
2011-12-16,93.56,94.77,92.55,93.88
2011-12-19,93.87,94.62,92.78,94.25
2011-12-20,94.27,97.64,94.25,97.58
2011-12-21,97.53,99.16,96.83,99.02
2011-12-22,99.03,100.02,98.53,99.47
2011-12-23,99.45,100.23,99.25,99.86
2011-12-27,100.08,101.77,99.38,101.28
2011-12-28,101.31,101.67,99.12,99.6
2011-12-29,99.56,99.91,98.31,99.83
2011-12-30,99.79,100.16,98.61,98.89
2012-01-03,99.72,103.16,99.7,102.92
2012-01-04,102.98,103.67,101.89,103.3
2012-01-05,103.22,103.72,101.31,101.35
2012-01-06,101.41,102.78,100.91,101.9
2012-01-09,101.97,102.14,100.12,101.32
2012-01-10,101.34,103.41,101.33,102.17
2012-01-11,102.18,102.47,100.58,100.98
2012-01-12,100.91,102.95,98.52,99.24
2012-01-13,99.25,100.19,97.7,99.14
2012-01-16,98.91,99.97,98.8,99.86
2012-01-17,99.82,101.19,99.54,101.16
2012-01-18,101.15,102.22,100.05,101.31
2012-01-19,101.33,102.23,100.13,100.52
2012-01-20,100.56,100.91,98.02,98.39
2012-01-23,98.33,100.23,97.47,99.93
2012-01-24,99.86,100.19,98.28,99.24
2012-01-25,99.17,100.33,97.62,99.75
2012-01-26,99.94,101.39,99.25,99.89
2012-01-27,99.92,100.61,99.16,99.71
2012-01-30,99.8,99.8,98.44,98.96
2012-01-31,98.94,101.27,97.91,98.28
2012-02-01,98.42,99.47,97.12,97.17
2012-02-02,97.18,97.98,95.45,96.6
2012-02-03,96.64,98.02,96.03,97.83
2012-02-06,97.69,97.74,96.39,97.08
2012-02-07,97.19,99.08,95.85,98.75
2012-02-08,98.72,100.06,98.11,99.06
2012-02-09,99.01,100.17,98.67,99.8
2012-02-10,99.84,99.86,97.44,99.02
2012-02-13,99.75,101.2,99.44,101.13
2012-02-14,101.03,102.17,100.65,101.33
2012-02-15,101.31,102.86,100.97,102.22
2012-02-16,102.24,102.98,101.19,102.64
2012-02-17,102.68,104.31,102.57,104.28
2012-02-20,104.86,105.8,104.81,105.25
2012-02-21,105.22,106.44,104.67,105.98
2012-02-22,106.03,106.72,105.63,105.96
2012-02-23,105.92,108.72,105.53,108.69
2012-02-24,108.58,109.92,107.97,109.7
2012-02-27,109.67,109.7,107.31,107.88
2012-02-28,107.97,108.72,106.31,106.5
2012-02-29,106.55,107.42,104.86,106.92
2012-03-01,106.96,110.55,106.56,108.61
2012-03-02,108.78,109.02,105.83,106.58
2012-03-05,106.72,107.39,105.52,107.14
2012-03-06,107.12,107.29,104.53,104.99
2012-03-07,105,106.55,104.36,106.16
2012-03-08,106.22,107.19,105.91,106.84
2012-03-09,106.86,108.16,106.14,107.42
2012-03-12,107.22,107.23,105.41,106.57
2012-03-13,106.55,107.33,105.69,106.8
2012-03-14,106.83,106.97,105.16,105.74
2012-03-15,105.77,106.17,103.86,105.44
2012-03-16,105.44,107.33,105.14,107.22
2012-03-19,107.86,108.69,107.06,108.22
2012-03-20,108.17,108.32,105.72,106.35
2012-03-21,106.36,107.64,106.08,106.88
2012-03-22,106.89,107.12,104.53,105.57
2012-03-23,105.62,108.14,105.19,106.8
2012-03-26,106.88,107.32,106.21,107.11
2012-03-27,107.14,107.72,106.55,106.77
2012-03-28,106.8,106.94,104.72,105.56
2012-03-29,105.58,105.7,102.14,103.31
2012-03-30,103.22,104.11,102.86,102.97
2012-04-02,103.31,105.44,102.08,105.06
2012-04-03,104.94,105.14,103.61,104.06
2012-04-04,104.1,104.12,101.09,102.05
2012-04-05,101.97,103.39,101.41,103.25
2012-04-09,102.45,102.58,100.86,102.16
2012-04-10,102.28,102.94,100.7,100.94
2012-04-11,100.95,103.12,100.86,102.57
2012-04-12,102.55,104.22,102.4,103.64
2012-04-13,103.67,103.89,102.61,102.86
2012-04-16,103.35,103.83,102.3,103.59
2012-04-17,103.58,105.46,103.11,104.7
2012-04-18,104.68,104.94,102.66,103.22
2012-04-19,103.2,103.66,102.14,103.07
2012-04-20,103.03,104.67,102.86,104.08
2012-04-23,103.8,103.91,101.84,103.08
2012-04-24,103.06,104.09,102.8,103.8
2012-04-25,103.77,104.55,103.11,103.96
2012-04-26,103.97,104.91,103.86,104.16
2012-04-27,104.05,104.98,103.75,104.78
2012-04-30,104.89,105.11,103.89,104.89
2012-05-01,104.92,106.42,104.41,105.99
2012-05-02,106.01,106.05,104.97,105.39
2012-05-03,105.37,105.42,102.39,102.45
2012-05-04,102.65,102.72,97.53,98.55
2012-05-07,98.24,98.24,95.42,97.99
2012-05-08,97.96,98.12,95.55,97.39
2012-05-09,97.36,97.36,95.27,96.38
2012-05-10,96.44,97.68,96.09,96.56
2012-05-11,96.53,97.14,95.6,95.65
2012-05-14,95.69,95.79,93.66,94.09
2012-05-15,93.97,95.48,93.05,93.09
2012-05-16,93.26,94.14,91.82,92.81
2012-05-17,92.73,93.87,92.13,92.92
2012-05-18,92.77,92.86,90.96,91.32
2012-05-21,91.64,93.34,91.16,92.89
2012-05-22,92.97,93.3,91.21,91.6
2012-05-23,91.48,91.72,89.31,90.58
2012-05-24,90.53,91.48,89.84,90.8
2012-05-25,90.84,91.31,90.22,90.75
2012-05-28,91,91.99,91,91.14
2012-05-29,91.17,92.17,90.3,90.91
2012-05-30,90.89,90.91,87.28,87.47
2012-05-31,87.53,88.28,85.86,86.51
2012-06-01,86.47,86.59,82.36,83.28
2012-06-04,83,84.38,81.22,84.11
2012-06-05,84.15,84.92,83.33,84.07
2012-06-06,84.16,86.23,84.05,85.53
2012-06-07,85.48,86.98,83.46,83.62
2012-06-08,83.63,84.64,82.02,84.46
2012-06-11,85.72,86.64,81.11,81.14
2012-06-12,81.23,83.69,81.11,83.47
2012-06-13,83.44,83.94,82.17,82.39
2012-06-14,82.49,84.42,82.29,84.36
2012-06-15,84.34,84.78,83.42,84.05
2012-06-18,85.54,85.78,82.38,83.34
2012-06-19,83.36,84.73,82.63,84.32
2012-06-20,84.33,84.71,80.89,81
2012-06-21,81.16,81.19,77.94,77.95
2012-06-22,78.24,80.36,77.58,80.11
2012-06-25,80.16,80.67,78.05,79.17
2012-06-26,79.19,79.67,78.4,79.48
2012-06-27,79.49,80.83,78.69,80.53
2012-06-28,80.5,80.84,77.3,78.45
2012-06-29,78.5,85.25,78.28,85.02
2012-07-02,84.94,85.01,82.13,83.65
2012-07-03,83.65,87.98,83.34,87.72
2012-07-04,87.76,87.76,86.52,87.06
2012-07-05,87.04,88.95,86.52,86.8
2012-07-06,86.73,87.09,84.06,84.06
2012-07-09,84.19,86.46,84.12,85.77
2012-07-10,85.78,85.94,83.68,84
2012-07-11,84.06,86.47,84.06,86.15
2012-07-12,86.16,86.36,84.28,85.78
2012-07-13,85.87,87.55,85.59,87.07
2012-07-16,87.56,88.86,86.83,88.58
2012-07-17,88.59,89.77,87.83,89.46
2012-07-18,89.5,90.33,88.91,90.28
2012-07-19,90.36,93.2,90.17,92.66
2012-07-20,92.5,92.61,90.94,91.59
2012-07-23,91.24,91.62,87.95,88.08
2012-07-24,87.93,89.04,87.45,88.14
2012-07-25,88.23,89.35,86.87,89
2012-07-26,89.03,90.45,88.08,89.37
2012-07-27,89.41,90.43,89.14,90.13
2012-07-30,90.14,90.83,89.37,89.52
2012-07-31,89.64,90.29,87.36,87.96
2012-08-01,88.01,89.45,87.52,88.89
2012-08-02,88.9,89.6,86.95,87.28
2012-08-03,87.27,91.69,87.26,91.36
2012-08-06,91.39,92.32,90.64,92.05
2012-08-07,92.03,94.4,91.78,93.47
2012-08-08,93.44,94.69,92.84,93.42
2012-08-09,93.44,94.19,93.09,93.53
2012-08-10,93.5,93.68,91.72,93.35
2012-08-13,93.27,94.14,92.08,92.78
2012-08-14,92.73,93.92,92.56,93.33
2012-08-15,93.23,94.88,92.7,94.28
2012-08-16,94.22,95.72,93.94,95.24
2012-08-17,95.23,96.28,94.99,96.17
2012-08-20,96.26,96.52,95.04,95.97
2012-08-21,96.2,97.82,96.06,97.08
2012-08-22,96.95,97.49,96.28,97.27
2012-08-23,97.33,98.28,95.8,96.06
2012-08-24,96.03,97.16,95.41,96.09
2012-08-27,96.49,97.72,94.45,95.69
2012-08-28,95.67,96.53,95.14,96.15
2012-08-29,96.05,96.37,94.76,95.19
2012-08-30,95.25,95.59,93.98,94.77
2012-08-31,94.7,96.9,94.52,96.44
2012-09-03,96.39,97.27,96.02,97.04
2012-09-04,96.89,97.36,95.02,95.64
2012-09-05,95.61,96.03,94.28,96.03
2012-09-06,96,97.55,94.59,94.77
2012-09-07,94.74,96.65,94.14,96.34
2012-09-10,96.31,96.61,95.42,96.28
2012-09-11,96.27,97.29,96.08,96.94
2012-09-12,96.88,98.06,96.71,96.89
2012-09-13,96.91,98.56,96.54,98.08
2012-09-14,98.05,100.41,98.05,98.99
2012-09-17,99.5,99.77,95.12,96.94
2012-09-18,96.9,97.53,95.44,95.8
2012-09-19,95.87,96.5,91.61,92.02
2012-09-20,92.09,93.09,90.97,92.95
2012-09-21,92.98,93.83,92.64,93.06
2012-09-24,93,93.02,91.1,92.08
2012-09-25,92.12,93.17,90.62,90.86
2012-09-26,90.86,91.33,89,90.11
2012-09-27,90.14,92.39,89.89,92.26
2012-09-28,92.33,92.69,91.43,92.03
2012-10-01,92.12,93.31,91.28,92.39
2012-10-02,92.4,92.92,91.62,91.63
2012-10-03,91.64,91.83,87.74,88.01
2012-10-04,88.06,91.8,87.91,91.53
2012-10-05,91.47,91.62,89.04,89.92
2012-10-08,89.81,89.88,88.21,89.71
2012-10-09,89.61,92.86,89.31,92.27
2012-10-10,92.24,93.64,91.06,91.33
2012-10-11,91.2,92.9,91.11,92.46
2012-10-12,92.42,92.59,91.18,91.62
2012-10-15,92.08,92.6,90.31,92.26
2012-10-16,92.23,92.78,91.88,92.44
2012-10-17,92.6,93.25,92,92.46
2012-10-18,92.5,92.98,91.13,92.5
2012-10-19,92.49,93.47,90.28,90.51
2012-10-22,90.16,91.23,88.58,89.14
2012-10-23,89.08,89.28,85.81,86.48
2012-10-24,86.61,87.47,84.95,85.64
2012-10-25,85.7,86.72,85.28,86.03
2012-10-26,86.01,86.33,85,86.17
2012-10-29,85.81,86.33,84.71,85.17
2012-10-30,85.16,86.23,85.09,85.77
2012-10-31,85.76,87.18,85.62,86.07
2012-11-01,86.06,87.35,85.94,86.91
2012-11-02,86.92,87.05,84.67,84.83
2012-11-05,84.67,85.89,84.37,85.72
2012-11-06,85.74,89.17,85.44,88.37
2012-11-07,88.33,88.8,84.11,84.49
2012-11-08,84.6,85.7,84.31,85
2012-11-09,84.98,86.72,84.14,86.06
2012-11-12,86.61,86.97,85.81,86.09
2012-11-13,86.11,86.42,85.14,85.84
2012-11-14,85.79,87.05,85.4,86.86
2012-11-15,86.77,87.25,85.13,85.71
2012-11-16,85.81,87.36,85.42,87.12
2012-11-19,87.28,89.79,87.15,89.13
2012-11-20,89.07,89.19,86.21,87.32
2012-11-21,87.31,87.87,86.4,87.68
2012-11-22,87.67,87.77,87.05,87.17
2012-11-23,87.11,88.52,86.77,88.28
2012-11-26,88.14,88.28,87.29,87.78
2012-11-27,87.8,88.25,86.84,87.31
2012-11-28,87.3,87.34,85.39,86.58
2012-11-29,86.67,88.68,86.55,87.67
2012-11-30,87.68,88.97,87.48,88.95
2012-12-03,89.01,90.32,88.67,88.91
2012-12-04,88.97,89.17,87.59,88.39
2012-12-05,88.46,89.05,87.51,87.89
2012-12-06,87.88,88.22,85.7,86.35
2012-12-07,86.36,86.89,85.81,86.01
2012-12-10,85.97,86.77,85.4,85.67
2012-12-11,85.69,86.34,85.22,85.75
2012-12-12,85.7,87.68,85.69,86.77
2012-12-13,86.75,86.95,85.83,86.14
2012-12-14,86.08,86.91,86.06,86.88
2012-12-17,87.61,88.14,87,87.98
2012-12-18,87.95,88.63,87.69,88.45
2012-12-19,88.36,90.32,88.25,89.77
2012-12-20,89.68,90.51,89.27,89.96
2012-12-21,90.03,90.08,87.97,88.9
2012-12-24,88.78,88.83,88.21,88.8
2012-12-26,88.67,91.29,88.67,91.16
2012-12-27,91,91.43,90.06,91.14
2012-12-28,91.12,91.5,90.35,90.69
2012-12-31,90.42,91.98,90,91.76
2013-01-02,91.72,93.8,91.57,92.88
2013-01-03,92.89,93.29,92.5,92.83
2013-01-04,92.86,93.16,91.55,93.08
2013-01-07,93.19,93.33,92.47,93.32
2013-01-08,93.31,93.8,92.69,93.16
2013-01-09,93.13,93.63,92.73,93.25
2013-01-10,93.17,94.69,93.08,93.88
2013-01-11,93.86,94.1,92.71,93.72
2013-01-14,94.18,94.72,93.41,94.66
2013-01-15,94.65,94.88,93.7,93.89
2013-01-16,93.88,94.78,93.56,94.64
2013-01-17,94.65,96.47,94.26,95.62
2013-01-18,95.63,96.12,95.4,95.82
2013-01-21,95.78,95.97,95.53,95.86
2013-01-22,95.83,96.89,95.5,96.71
2013-01-23,96.72,96.91,95.04,95.56
2013-01-24,95.44,96.66,95.14,95.94
2013-01-25,95.93,96.53,95.47,96.03
2013-01-28,96.04,96.79,95.51,96.56
2013-01-29,96.44,97.82,96.31,97.34
2013-01-30,97.35,98.24,97.34,98
2013-01-31,97.96,98.03,96.85,97.41
2013-02-01,97.44,98.13,96.55,97.58
2013-02-04,97.73,97.73,95.93,96.12
2013-02-05,96.11,97.06,95.92,96.66
2013-02-06,96.67,96.99,95.06,96.81
2013-02-07,96.8,97.21,95.56,95.92
2013-02-08,95.93,96.55,95.3,95.78
2013-02-11,95.79,97.04,94.97,97
2013-02-12,96.95,97.78,96.69,97.58
2013-02-13,97.61,98.09,96.66,97.19
2013-02-14,97.17,97.69,96.78,97.35
2013-02-15,97.31,97.47,95.24,95.97
2013-02-18,96.46,96.48,95.76,96.03
2013-02-19,96,97.17,95.81,97.11
2013-02-20,97.09,97.48,94.26,94.64
2013-02-21,94.81,94.91,92.68,92.95
2013-02-22,93.09,93.47,92.49,93.33
2013-02-25,93.25,94.44,92.08,92.17
2013-02-26,92.12,93.41,92.03,92.72
2013-02-27,92.7,93.34,92.2,92.83
2013-02-28,92.89,93.17,91.59,91.83
2013-03-01,91.78,91.97,90.06,90.92
2013-03-04,90.67,90.89,89.38,90.23
2013-03-05,90.22,90.97,90.06,90.85
2013-03-06,90.81,91.17,89.57,90.42
2013-03-07,90.44,91.7,90.22,91.42
2013-03-08,91.41,91.99,90.87,91.86
2013-03-11,91.67,92.14,90.91,91.87
2013-03-12,91.86,93.43,91.61,92.55
2013-03-13,92.56,93.37,91.93,92.36
2013-03-14,92.38,93.27,92.02,93.25
2013-03-15,93.24,93.78,93.03,93.58
2013-03-18,92.77,93.94,91.81,93.9
2013-03-19,93.87,94.45,92.36,92.52
2013-03-20,92.53,93.6,92.44,93.38
2013-03-21,93.39,93.47,91.89,92.41
2013-03-22,92.39,93.94,92.33,93.86
2013-03-25,93.71,95.64,93.7,94.78
2013-03-26,94.79,96.44,94.67,96.19
2013-03-27,96.17,96.82,95.6,96.67
2013-03-28,96.69,97.34,96.29,97.2
2013-04-01,97.66,97.67,95.95,96.97
2013-04-02,97,97.44,95.93,96.92
2013-04-03,96.93,96.93,94.19,94.5
2013-04-04,94.52,94.81,92.16,93.36
2013-04-05,93.41,93.56,91.97,93.02
2013-04-08,92.87,93.75,92.48,93.53
2013-04-09,93.45,94.47,92.9,93.97
2013-04-10,93.98,94.81,93.42,94.54
2013-04-11,94.52,94.62,93.08,93.5
2013-04-12,93.48,93.52,90.31,90.86
2013-04-15,91.2,91.2,87.55,87.72
2013-04-16,87.59,89.27,86.41,89.19
2013-04-17,89.17,89.36,86.42,86.67
2013-04-18,86.65,88.75,85.92,88.6
2013-04-19,88.64,89.05,87.84,88.23
2013-04-22,88.2,89.46,87.73,89.36
2013-04-23,89.3,89.56,87.84,89.55
2013-04-24,89.6,91.72,89.22,91.61
2013-04-25,91.58,93.86,91.12,93.26
2013-04-26,93.25,93.54,92.11,92.89
2013-04-29,92.84,94.66,92.48,94.42
2013-04-30,94.4,94.61,92.88,93.09
2013-05-01,93.08,93.25,90.14,90.94
2013-05-02,90.97,94.19,90.67,94.04
2013-05-03,93.97,95.99,93.56,95.48
2013-05-06,95.58,97.13,94.86,95.81
2013-05-07,95.86,96.26,94.96,95.53
2013-05-08,95.55,96.75,95.25,96.63
2013-05-09,96.61,96.76,95.37,96.19
2013-05-10,96.14,96.24,93.41,95.94
2013-05-13,95.78,95.78,94.49,94.89
2013-05-14,94.94,95.66,93.93,94.21
2013-05-15,94.18,94.44,92.16,94.39
2013-05-16,94.32,95.54,93.28,95.2
2013-05-17,95.17,96.42,94.8,95.91
2013-05-20,96.29,97.35,95.55,96.86
2013-05-21,96.9,97.22,95.78,95.94
2013-05-22,95.95,96.18,94.02,94.14
2013-05-23,94.15,94.44,92.24,94.43
2013-05-24,94.35,94.37,93.05,93.83
2013-05-27,93.86,93.88,93.25,93.66
2013-05-28,93.61,95.91,93.55,95.06
2013-05-29,95.07,95.21,92.84,92.89
2013-05-30,92.88,93.98,91.7,93.57
2013-05-31,93.61,93.85,91.56,91.64
2013-06-03,91.75,93.68,91.3,93.34
2013-06-04,93.36,94.37,92.4,93.86
2013-06-05,93.94,94.46,93.41,93.74
2013-06-06,93.81,95.32,93.69,94.75
2013-06-07,94.77,96.37,93.76,96.2
2013-06-10,96.11,96.24,95.27,95.78
2013-06-11,95.79,95.9,94.07,94.92
2013-06-12,94.88,96.44,94.47,95.78
2013-06-13,95.75,96.88,95.05,96.69
2013-06-14,96.68,98.25,96.42,97.84
2013-06-17,98.03,98.94,97.61,98.19
2013-06-18,98.2,98.88,97.67,98.81
2013-06-19,98.79,99.2,97.79,98.14
2013-06-20,98.21,98.21,94.64,94.98
2013-06-21,94.97,95.8,93.13,93.89
2013-06-24,93.81,95.58,92.74,94.94
2013-06-25,95.03,96.16,94.61,95.23
2013-06-26,95.21,95.69,93.71,95.48
2013-06-27,95.5,97.39,95.36,96.79
2013-06-28,96.77,97.81,96.33,96.45
2013-07-01,96.55,98.28,96.08,98.06
2013-07-02,98.05,99.84,97.78,99.62
2013-07-03,99.61,102.16,99.59,101.08
2013-07-04,101.12,101.48,100.7,101.14
2013-07-05,101.12,103.48,100.91,103.48
2013-07-08,103.61,103.97,102.14,103.05
2013-07-09,102.97,104.74,102.31,104.53
2013-07-10,104.58,106.65,104.22,106.19
2013-07-11,106.16,107.44,104.32,104.58
2013-07-12,104.56,106.19,104.38,106.17
2013-07-15,105.55,106.19,104.3,106.03
2013-07-16,105.98,106.76,105.41,105.52
2013-07-17,105.5,106.39,104.8,106.36
2013-07-18,106.4,108.14,105.94,107.97
2013-07-19,107.89,108.92,106.97,108.23
2013-07-22,108.1,108.59,106.52,106.96
2013-07-23,107.03,107.53,105.47,107.4
2013-07-24,107.38,107.52,104.81,105.33
2013-07-25,105.35,105.83,104.13,105.61
2013-07-26,105.52,105.63,103.93,104.62
2013-07-29,104.75,105.36,103.89,104.52
2013-07-30,104.44,104.45,102.69,103.09
2013-07-31,103.24,105.42,102.96,105.33
2013-08-01,105.2,108.04,105.11,107.83
2013-08-02,107.77,108.75,106.47,106.85
2013-08-05,106.68,107.69,105.71,106.44
2013-08-06,106.47,107.22,104.89,105.69
2013-08-07,105.66,105.75,104.11,104.21
2013-08-08,104.2,104.95,102.3,103.87
2013-08-09,103.76,106.24,103.67,106.17
2013-08-12,105.92,106.45,105.06,106.17
2013-08-13,106.16,107.19,105.6,106.53
2013-08-14,106.52,107.05,105.64,107.02
2013-08-15,106.98,107.86,106.61,107.28
2013-08-16,107.2,108.16,106.57,107.69
2013-08-19,107.52,107.53,106.32,106.75
2013-08-20,106.72,106.91,104.67,105.16
2013-08-21,105.17,105.35,103.52,103.85
2013-08-22,103.87,105.25,103.55,105.21
2013-08-23,105.17,106.91,104.32,106.36
2013-08-26,107.17,107.31,105.58,106.14
2013-08-27,106.17,109.27,105.89,109.06
2013-08-28,109.2,112.22,109.12,109.5
2013-08-29,109.58,110.02,107.78,108.19
2013-08-30,108.18,108.74,106.78,107.66
2013-09-02,106.91,107.27,105.35,106.8
2013-09-03,106.84,108.81,106.56,108.42
2013-09-04,108.45,108.6,106.85,107.29
2013-09-05,107.44,108.5,107.14,108.5
2013-09-06,108.66,110.67,108.14,110.26
2013-09-09,109.92,110.44,108.79,108.94
2013-09-10,108.9,108.94,106.44,107.22
2013-09-11,107.33,108.06,106.58,107.73
2013-09-12,107.77,109.15,107.31,108.72
2013-09-13,108.62,108.73,107.24,108.53
2013-09-16,106.76,107.3,105.6,105.78
2013-09-17,105.75,105.95,104.42,104.76
2013-09-18,104.77,107.69,104.56,107.46
2013-09-19,107.44,108.14,105.56,105.75
2013-09-20,105.72,106.11,104.51,104.86
2013-09-23,104.8,105.08,103.17,103.39
2013-09-24,103.42,103.62,102.31,103.38
2013-09-25,103.42,103.95,102.2,102.31
2013-09-26,102.34,103.28,102.2,102.88
2013-09-27,102.9,103.77,102.36,102.84
2013-09-30,102.38,102.72,101.06,102.29
2013-10-01,102.3,102.56,101.07,101.64
2013-10-02,101.59,104.21,101.44,103.82
2013-10-03,103.81,104.37,102.88,102.89
2013-10-04,102.92,104.17,102.92,103.64
2013-10-07,103.37,103.72,101.89,103.18
2013-10-08,103.17,104.04,102.86,103.56
2013-10-09,103.49,103.75,101.22,101.47
2013-10-10,101.48,103.57,101.23,102.95
2013-10-11,102.88,102.91,100.68,101.82
2013-10-14,101.39,102.57,101.08,102.17
2013-10-15,102.15,102.45,100.91,100.94
2013-10-16,100.91,102.95,100.82,102.09
2013-10-17,102.11,102.31,100.08,100.72
2013-10-18,100.78,101.68,100.53,100.85
2013-10-21,100.97,101.22,99.44,99.48
2013-10-22,99.5,100.29,98.11,98.11
2013-10-23,98.13,98.28,96.18,97.09
2013-10-24,97.11,97.69,95.97,97.22
2013-10-25,97.12,98.06,97.02,97.87
2013-10-28,97.62,98.75,97.4,98.5
2013-10-29,98.48,98.5,97.41,97.53
2013-10-30,97.52,97.81,96.58,96.62
2013-10-31,96.63,96.98,96.05,96.33
2013-11-01,96.31,96.64,94.41,94.61
2013-11-04,94.53,95.1,94.09,94.45
2013-11-05,94.49,94.91,93.13,93.72
2013-11-06,93.75,95.38,93.65,94.94
2013-11-07,94.88,95.3,93.82,94.36
2013-11-08,94.38,94.87,93.91,94.38
2013-11-11,94.67,95.38,94.12,95.02
2013-11-12,94.97,95.22,92.88,93.02
2013-11-13,93.03,94.52,92.92,93.46
2013-11-14,93.52,94.42,92.54,93.91
2013-11-15,93.89,94.52,93.61,93.72
2013-11-18,94.41,94.92,93.41,93.63
2013-11-19,93.67,94.11,93.22,93.89
2013-11-20,93.88,94.48,93.26,93.72
2013-11-21,93.73,95.59,93.47,95.23
2013-11-22,95.27,95.55,94.07,94.83
2013-11-25,93.92,94.5,93.22,94.19
2013-11-26,94.2,94.68,93.44,93.48
2013-11-27,93.49,93.6,91.8,92.37
2013-11-28,92.32,92.36,92.08,92.24
2013-11-29,92.31,93.88,92.11,92.78
2013-12-02,92.67,94.06,92.57,93.92
2013-12-03,93.88,96.95,93.69,96.89
2013-12-04,96.91,97.57,96.34,97.3
2013-12-05,97.33,97.98,97.02,97.48
2013-12-06,97.42,98.05,97.09,97.77
2013-12-09,97.75,97.95,97.11,97.2
2013-12-10,97.28,98.72,97.28,98.65
2013-12-11,98.67,98.75,97.23,97.44
2013-12-12,97.55,98.15,97.31,97.54
2013-12-13,97.5,97.6,96.3,96.49
2013-12-16,96.94,97.98,96.53,97.6
2013-12-17,97.52,98.14,97.28,97.6
2013-12-18,97.57,98.26,97.31,97.88
2013-12-19,97.96,99.48,97.77,98.74
2013-12-20,98.67,99.39,98.61,99.17
2013-12-23,99.19,99.31,98.66,98.69
2013-12-24,98.61,99.29,98.53,99.17
2013-12-26,99.23,99.7,99.06,99.63
2013-12-27,99.61,100.75,99.36,100.11
2013-12-30,100.16,100.42,99.14,99.21
2013-12-31,99.28,99.39,98.2,98.61
2014-01-02,98.58,98.94,95.39,95.43
2014-01-03,95.46,95.73,93.9,94.22
2014-01-06,94.18,94.58,93.23,93.61
2014-01-07,93.58,94.19,93.36,93.95
2014-01-08,93.92,94.17,92.27,92.53
2014-01-09,92.58,92.92,91.28,92.28
2014-01-10,92.27,93.31,92,92.81
2014-01-13,93.05,93.09,91.66,91.77
2014-01-14,91.79,93.08,91.78,92.84
2014-01-15,92.82,94.81,92.62,94.48
2014-01-16,94.46,94.77,93.75,94.26
2014-01-17,94.28,94.97,94.06,94.32
2014-01-20,94.28,94.38,93.66,94.01
2014-01-21,93.97,95.44,93.93,95.22
2014-01-22,95.21,96.88,95.12,96.74
2014-01-23,96.66,97.83,96.42,97.34
2014-01-24,97.36,97.8,96.29,96.89
2014-01-27,96.94,97.16,95.23,95.67
2014-01-28,95.69,97.6,95.64,97.19
2014-01-29,97.18,97.63,96.45,97.45
2014-01-30,97.44,98.55,97.35,98.05
2014-01-31,97.97,98.36,97.14,97.47
2014-02-03,97.48,97.87,96.28,96.66
2014-02-04,96.55,97.8,96.39,97.72
2014-02-05,97.69,98.23,96.87,97.31
2014-02-06,97.26,98.82,97.26,97.93
2014-02-07,97.97,100.2,97.25,100.09
2014-02-10,100.11,100.51,99.11,99.99
2014-02-11,99.95,100.57,99.62,100.39
2014-02-12,100.44,101.36,100.06,100.31
2014-02-13,100.3,100.62,99.42,100.36
2014-02-14,100.33,100.46,99.46,100.36
2014-02-17,100.13,100.82,100.06,100.61
2014-02-18,100.58,102.66,100.31,102.62
2014-02-19,102.56,103.28,101.97,102.89
2014-02-20,102.9,102.99,102.29,102.92
2014-02-21,102.91,102.92,101.72,102.38
2014-02-24,102.39,103.43,101.98,102.84
2014-02-25,102.81,102.81,101.06,102.05
2014-02-26,102.06,102.87,101.58,102.64
2014-02-27,102.58,103.03,101.79,102.14
2014-02-28,102.18,102.94,101.88,102.67
2014-03-03,103.52,105.2,103.36,104.86
2014-03-04,104.89,104.95,102.92,103.33
2014-03-05,103.36,103.52,100.86,100.97
2014-03-06,101.04,102.06,100.17,101.97
2014-03-07,101.94,102.87,101.58,102.64
2014-03-10,102.47,102.53,100.87,100.95
2014-03-11,100.94,101.5,99.41,99.53
2014-03-12,99.54,99.58,97.57,98.16
2014-03-13,98.18,98.59,97.68,98.22
2014-03-14,98.2,99.24,98.06,99.05
2014-03-17,98.69,98.72,97.02,97.53
2014-03-18,97.52,98.97,97.28,98.55
2014-03-19,98.56,99.22,98.36,99.14
2014-03-20,99.15,99.44,98.11,98.61
2014-03-21,98.64,100.24,98.26,99.53
2014-03-24,99.27,100.29,99.06,99.36
2014-03-25,99.37,100.22,98.82,99.24
2014-03-26,99.25,100.44,99.14,100.19
2014-03-27,100.22,101.68,100.03,101.19
2014-03-28,101.21,102.23,101.21,101.6
2014-03-31,101.53,101.94,100.9,101.55
2014-04-01,101.54,101.54,99.28,99.67
2014-04-02,99.66,99.82,98.89,99.28
2014-04-03,99.3,100.5,99.08,100.42
2014-04-04,100.36,101.6,100.3,101.11
2014-04-07,101.01,101.32,99.95,100.73
2014-04-08,100.72,102.7,100.69,102.36
2014-04-09,102.33,103.76,102.06,103.44
2014-04-10,103.39,103.78,103.14,103.39
2014-04-11,103.4,104.41,103.02,103.39
2014-04-14,103.72,104.55,103.38,103.62
2014-04-15,103.61,104.04,102.95,103.83
2014-04-16,103.78,104.97,103.16,103.81
2014-04-17,103.83,104.76,103.57,104.58
2014-04-21,103.72,103.82,102.97,103.59
2014-04-22,103.62,103.66,101.54,101.89
2014-04-23,101.91,102.06,101.21,101.56
2014-04-24,101.53,102.34,101.44,101.91
2014-04-25,101.92,102.05,100.5,100.65
2014-04-28,100.67,101.52,100.36,100.88
2014-04-29,100.86,102.19,100.72,100.72
2014-04-30,100.73,100.73,99.38,99.7
2014-05-01,99.72,99.88,98.76,99.22
2014-05-02,99.19,100.1,99.19,99.92
2014-05-05,99.97,100.42,98.97,99.38
2014-05-06,99.39,100.41,99.33,99.87
2014-05-07,99.84,100.98,99.78,100.84
2014-05-08,100.83,100.92,99.9,100.27
2014-05-09,100.23,101.14,99.76,100.06
2014-05-12,99.99,100.93,99.94,100.61
2014-05-13,100.58,102.03,100.38,101.96
2014-05-14,101.95,102.64,101.83,102.08
2014-05-15,102.02,102.24,101.31,101.56
2014-05-16,101.55,102.22,101.41,102.12
2014-05-19,101.58,102.47,101.53,102.16
2014-05-20,102.12,103,101.72,102.97
2014-05-21,102.95,104.23,102.79,103.86
2014-05-22,103.78,104.18,103.57,103.77
2014-05-23,103.72,104.5,103.64,104.39
2014-05-26,104.26,104.33,103.92,104.19
2014-05-27,104.28,104.5,103.58,104.17
2014-05-28,104.12,104.39,102.66,103.08
2014-05-29,103.06,103.93,102.62,103.51
2014-05-30,103.45,103.56,102.45,102.87
2014-06-02,102.88,103.33,102.11,102.44
2014-06-03,102.47,102.86,102.23,102.83
2014-06-04,102.78,103.64,102.34,102.39
2014-06-05,102.36,102.68,101.62,102.45
2014-06-06,102.44,103.07,102.33,102.77
2014-06-09,102.73,104.55,102.62,104.55
2014-06-10,104.53,105.05,104,104.28
2014-06-11,104.31,104.8,104.19,104.49
2014-06-12,104.47,106.94,104.36,106.86
2014-06-13,106.83,107.67,106.39,106.75
2014-06-16,106.66,106.78,106.03,106.03
2014-06-17,106.04,106.67,105.48,106.08
2014-06-18,106.1,106.45,105.38,105.72
2014-06-19,105.75,106.38,105.14,106.06
2014-06-20,106.08,106.92,105.83,106.67
2014-06-23,107.16,107.36,105.92,106.03
2014-06-24,106,106.44,105.31,105.94
2014-06-25,106.24,107.45,105.53,106.78
2014-06-26,106.73,106.81,105.05,105.63
2014-06-27,105.66,106.17,105.33,105.75
2014-06-30,105.72,105.73,104.67,105.53
2014-07-01,105.45,106.08,104.61,105.2
2014-07-02,105.25,105.52,104.11,104.22
2014-07-03,104.21,104.28,103.67,104.08
2014-07-04,104.11,104.11,103.64,103.76
2014-07-07,103.73,104.08,103.2,103.4
2014-07-08,103.44,104.12,103.02,103.47
2014-07-09,103.49,103.59,101.91,101.93
2014-07-10,101.94,103,101.55,102.88
2014-07-11,102.86,102.92,100.44,100.67
2014-07-14,100.58,101.19,100.27,101.03
2014-07-15,100.95,101.06,99.02,100.17
2014-07-16,100.21,101.58,100.08,101.5
2014-07-17,101.47,103.89,101.28,103.75
2014-07-18,103.78,103.94,102.59,102.97
2014-07-21,101.95,102.94,101.48,102.81
2014-07-22,102.75,103.38,101.92,101.92
2014-07-23,102,103.33,101.8,103.28
2014-07-24,103.22,103.3,101.89,102.02
2014-07-25,102.03,102.5,101.01,101.97
2014-07-28,101.86,102.08,100.92,101.58
2014-07-29,101.61,101.81,100.4,101.02
2014-07-30,101.03,101.64,99.42,99.44
2014-07-31,99.47,99.84,97.61,97.66
2014-08-01,97.67,98.09,97.11,97.62
2014-08-04,97.7,98.67,97.44,98.39
2014-08-05,98.42,98.66,97.04,97.58
2014-08-06,97.64,98.12,96.76,96.86
2014-08-07,96.89,97.72,96.56,97.61
2014-08-08,97.58,98.44,97.2,97.53
2014-08-11,97.45,98.56,97.42,97.83
2014-08-12,97.82,97.94,96.89,97.17
2014-08-13,97.22,97.76,96.77,97.33
2014-08-14,97.29,97.58,95.28,95.51
2014-08-15,95.5,97.41,95.33,97.19
2014-08-18,95.32,95.32,93.44,93.92
2014-08-19,93.89,94.36,92.66,92.83
2014-08-20,92.86,93.55,92.73,93.48
2014-08-21,93.49,94.44,92.63,93.9
2014-08-22,93.89,94.03,92.94,93.36
2014-08-25,93.34,93.94,93.07,93.33
2014-08-26,93.35,94.33,93.34,93.83
2014-08-27,93.89,94.23,93.39,93.71
2014-08-28,93.73,94.7,93.46,94.58
2014-08-29,94.56,95.99,94.48,95.81
2014-09-01,95.75,95.91,95.52,95.81
2014-09-02,95.77,95.88,92.73,93.26
2014-09-03,93.27,95.8,93.06,95.07
2014-09-04,95.08,95.39,94.17,94.58
2014-09-05,94.55,94.98,92.89,93.42
2014-09-08,93.52,93.61,91.83,93.12
2014-09-09,93.17,93.94,92.54,92.75
2014-09-10,92.78,93.03,91.28,91.72
2014-09-11,91.73,93.42,90.45,93.06
2014-09-12,93.08,93.67,91.97,92.3
2014-09-15,91.37,92.06,89.89,91.89
2014-09-16,91.84,94.08,91.53,93.64
2014-09-17,93.63,94.01,92.73,92.83
2014-09-18,92.81,93.58,91.86,91.97
2014-09-19,91.89,92.24,91.17,91.7
2014-09-22,91.66,91.92,90.42,90.66
2014-09-23,90.75,92.05,90.67,91.71
2014-09-24,91.68,93.28,91.13,92.88
2014-09-25,92.92,93.52,92.06,92.46
2014-09-26,92.48,93.86,92.25,93.39
2014-09-29,93.36,94.63,92.75,94.31
2014-09-30,94.32,94.89,90.93,91.31
2014-10-01,91.37,92.95,90.5,90.69
2014-10-02,90.84,91.55,88.22,91.39
2014-10-03,91.3,91.78,89.39,89.7
2014-10-06,89.59,90.73,88.8,90.45
2014-10-07,90.47,90.56,88.39,88.42
2014-10-08,88.48,88.64,86.93,87.72
2014-10-09,87.71,87.94,84.14,84.34
2014-10-10,84.49,86.26,83.62,85.58
2014-10-13,85.31,85.84,84.09,84.97
2014-10-14,85.03,85.59,81.45,82.27
2014-10-15,82.34,82.44,80.03,81.08
2014-10-16,81.06,84.62,79.89,83.08
2014-10-17,82.99,84.42,82.49,82.97
2014-10-20,82.44,82.72,80.81,81.84
2014-10-21,81.89,83.25,81.59,82.54
2014-10-22,82.55,83.12,80.23,80.34
2014-10-23,80.42,82.31,80.06,81.86
2014-10-24,81.9,81.9,80.37,81.3
2014-10-27,81.08,81.25,79.48,80.68
2014-10-28,80.66,81.64,80.38,81.5
2014-10-29,81.48,82.87,81.44,81.98
2014-10-30,81.97,82.08,80.75,80.96
2014-10-31,80.94,81.26,79.56,80.63
2014-11-03,80.56,80.97,78.11,78.19
2014-11-04,78.2,78.41,75.92,77.34
2014-11-05,77.31,79.31,76.48,78.94
2014-11-06,78.92,78.98,77.13,77.84
2014-11-07,77.92,79.4,77.47,78.57
2014-11-10,78.55,79.84,77.14,77.17
2014-11-11,77.23,78.01,76.47,77.54
2014-11-12,77.56,78.04,76.64,76.91
2014-11-13,76.92,77.16,74.12,74.29
2014-11-14,74.36,76.27,73.28,75.91
2014-11-17,75.96,76.14,74.76,75.49
2014-11-18,75.5,76.43,74.18,74.25
2014-11-19,74.29,75.4,73.92,74.34
2014-11-20,74.28,76.36,74.22,76.36
2014-11-21,76.31,77.8,75.62,76.67
2014-11-24,76.7,77,75.47,75.47
2014-11-25,75.49,76.57,73.72,73.86
2014-11-26,73.85,74.42,73.33,73.47
2014-11-27,73.48,73.56,67.81,69.07
2014-11-28,68.9,69.6,65.93,66.06
2014-12-01,65.94,69.52,63.76,69.31
2014-12-02,69.25,69.25,66.74,67.63
2014-12-03,67.59,68.2,66.82,67.41
2014-12-04,67.36,68.2,66.16,66.73
2014-12-05,66.77,66.86,65.2,65.61
2014-12-08,65.5,65.5,62.78,63.01
2014-12-09,62.95,64.08,62.31,63.29
2014-12-10,63.23,63.44,60.46,61.2
2014-12-11,61.08,61.66,58.98,59.12
2014-12-12,59.13,59.54,57.39,57.46
2014-12-15,57.73,58.99,55.42,55.78
2014-12-16,55.71,57.42,53.95,55.87
2014-12-17,55.71,59.15,54.63,56.14
2014-12-18,56.16,58.98,54.31,55.13
2014-12-19,55.27,58.38,54.45,57.87
2014-12-22,57.65,58.52,55.15,55.38
2014-12-23,55.49,57.52,55.16,56.85
2014-12-24,56.84,57.15,55.09,55.87
2014-12-26,55.89,56.56,54.52,55.1
2014-12-29,55.08,55.73,52.94,53.76
2014-12-30,53.71,54.24,52.72,53.91
2014-12-31,53.83,54.01,52.45,53.73
2015-01-02,53.74,54.82,52.05,52.64
2015-01-05,52.59,52.66,49.7,49.96
2015-01-06,50.03,50.37,47.56,48.01
2015-01-07,47.98,49.31,46.85,48.74
2015-01-08,48.73,49.63,47.78,48.92
2015-01-09,48.93,49.6,47.19,48.17
2015-01-12,48.12,48.16,45.66,45.72
2015-01-13,45.73,46.77,44.22,46.12
2015-01-14,46.09,48.81,45.02,48.64
2015-01-15,48.61,51.17,46.14,46.23
2015-01-16,46.34,48.83,45.95,48.49
2015-01-19,49.13,49.19,47.81,47.91
2015-01-20,47.97,48.24,46.41,46.65
2015-01-21,46.69,48.19,46.57,47.33
2015-01-22,47.35,49.07,45.89,46.53
2015-01-23,46.67,47.74,45.28,45.31
2015-01-26,45.19,46.35,44.36,45.09
2015-01-27,45.1,46.53,44.81,45.78
2015-01-28,45.73,45.73,44.13,44.38
2015-01-29,44.41,44.95,43.59,44.6
2015-01-30,44.56,48.33,44.33,47.73
2015-02-02,47.78,50.08,46.67,49.81
2015-02-03,49.8,54.2,49.73,51.56
2015-02-04,51.79,52.55,47.97,48.7
2015-02-05,48.62,52.03,47.39,50.92
2015-02-06,50.94,53.14,50.73,52.14
2015-02-09,52.63,53.95,51.66,52.44
2015-02-10,52.47,52.65,49.89,50.97
2015-02-11,51.09,51.09,48.11,49.42
2015-02-12,49.41,51.59,49.15,51.33
2015-02-13,51.32,53.42,51.03,52.67
2015-02-16,53.67,54.37,52.95,53.56
2015-02-17,53.52,54.85,51.67,54.02
2015-02-18,54.05,54.21,51.03,51.17
2015-02-19,51.27,52.68,49.83,52.16
2015-02-20,52.12,52.47,50.72,50.78
2015-02-23,50.42,50.98,48.7,49.39
2015-02-24,49.48,50.27,48.73,49.16
2015-02-25,49.2,51.2,48.56,51.02
2015-02-26,51.03,51.19,47.84,48.92
2015-02-27,48.93,49.89,48.49,49.44
2015-03-02,49.35,50.99,48.72,49.79
2015-03-03,49.83,50.8,49.45,50.66
2015-03-04,50.64,51.98,49.63,51.62
2015-03-05,51.63,52.37,50.63,50.97
2015-03-06,50.95,51.2,48.93,49.72
2015-03-09,49.59,50.78,49.27,50.02
2015-03-10,50.03,50.34,48.2,48.7
2015-03-11,48.69,49.05,47.35,48.35
2015-03-12,48.34,48.74,46.84,46.88
2015-03-13,46.92,47.27,44.76,45.02
2015-03-16,46.13,47.16,45.16,45.94
2015-03-17,45.95,46.24,44.4,44.51
2015-03-18,44.5,47.47,44.03,46.62
2015-03-19,46.6,46.65,44.78,45.49
2015-03-20,45.52,47.38,44.83,46.45
2015-03-23,46.11,47.6,45.34,47.44
2015-03-24,47.44,48.55,46.67,47.52
2015-03-25,47.55,49.45,47.01,48.8
2015-03-26,48.81,52.48,48.77,51.07
2015-03-27,51.1,51.13,48.22,48.51
2015-03-30,48.31,49.14,47.64,48.74
2015-03-31,48.7,48.72,47.31,47.48
2015-04-01,47.6,50.45,47.05,49.55
2015-04-02,49.62,50.26,48.14,49.52
2015-04-06,49.92,52.23,49.62,51.98
2015-04-07,51.97,54.11,51.19,53.24
2015-04-08,53.11,53.15,50.39,50.98
2015-04-09,50.96,52,50.52,50.76
2015-04-10,50.72,51.91,50.1,51.7
2015-04-13,51.78,53.05,51.48,51.99
2015-04-14,51.98,53.78,51.84,53.43
2015-04-15,53.46,56.67,53.38,55.95
2015-04-16,55.92,57.35,55.09,56.53
2015-04-17,56.62,56.86,55.31,55.99
2015-04-20,57.7,58.63,56.45,57.92
2015-04-21,57.88,58.03,56.16,56.3
2015-04-22,56.4,57.11,55.74,56.23
2015-04-23,56.26,58.36,55.77,57.48
2015-04-24,57.48,57.88,56.5,57.28
2015-04-27,57.37,57.86,56.53,56.66
2015-04-28,56.65,57.81,56.09,56.92
2015-04-29,56.92,59.31,56.55,58.53
2015-04-30,58.62,59.83,58.38,59.77
2015-05-01,59.76,59.88,58.35,59.2
2015-05-04,59.26,59.72,58.47,58.99
2015-05-05,58.95,61.08,58.66,60.66
2015-05-06,60.73,62.55,60.56,60.69
2015-05-07,60.66,61.31,58.52,58.98
2015-05-08,59.02,59.89,58.17,59.41
2015-05-11,59.35,59.84,58.75,59.34
2015-05-12,59.29,61.34,59.12,61.18
2015-05-13,61.29,61.8,60.02,60.06
2015-05-14,60.15,60.81,59.36,59.69
2015-05-15,59.7,59.97,58.42,59.96
2015-05-18,60.65,61.7,59.86,60.38
2015-05-19,60.33,60.41,57.95,58.27
2015-05-20,58.36,59.03,58.11,58.77
2015-05-21,58.8,60.92,58.7,60.66
2015-05-22,60.66,60.8,59.36,59.89
2015-05-25,59.96,60.24,59.11,59.8
2015-05-26,59.84,59.93,57.72,58.34
2015-05-27,58.3,58.93,57.38,57.66
2015-05-28,57.62,58.05,56.53,57.98
2015-05-29,57.97,60.69,57.74,60.29
2015-06-01,60.2,60.59,59.34,60.23
2015-06-02,60.23,61.56,60.09,61.03
2015-06-03,60.97,61.2,59.35,59.61
2015-06-04,59.58,59.92,57.85,57.97
2015-06-05,57.95,59.22,56.86,58.97
2015-06-08,58.83,59.11,57.88,58.26
2015-06-09,58.3,60.66,58.23,60.53
2015-06-10,60.56,61.81,60.45,61.12
2015-06-11,61.12,61.52,60.24,60.58
2015-06-12,60.56,60.62,59.75,60.03
2015-06-15,60.27,60.41,59.2,60.09
2015-06-16,60.08,60.81,59.89,60.49
2015-06-17,60.54,61.8,59.38,60.19
2015-06-18,60.16,61.3,59.68,60.81
2015-06-19,60.84,60.93,59.25,59.76
2015-06-22,59.69,60.62,59.28,60.26
2015-06-23,60.22,61.35,59.58,61.14
2015-06-24,61.16,61.56,59.81,60.21
2015-06-25,60.17,60.45,59.44,59.65
2015-06-26,59.63,59.95,58.78,59.63
2015-06-29,58.84,59.23,58.05,58.28
2015-06-30,58.27,59.69,57.95,59.1
2015-07-01,59.08,59.09,56.7,56.88
2015-07-02,56.95,57.95,56.51,56.51
2015-07-03,56.45,56.78,55.44,55.52
2015-07-06,54.63,55.34,52.44,52.67
2015-07-07,52.73,53.42,50.6,52.95
2015-07-08,52.9,52.95,50.92,51.81
2015-07-09,51.81,53.52,51.58,52.59
2015-07-10,52.53,53.81,51.98,52.81
2015-07-13,52.27,53.17,51.27,52.02
2015-07-14,51.91,53.42,50.91,53.36
2015-07-15,53.28,53.49,51.22,51.62
2015-07-16,51.63,52.16,50.84,50.93
2015-07-17,50.94,51.23,50.16,50.8
2015-07-20,51.13,51.57,50.16,50.26
2015-07-21,50.25,51.39,50.1,50.65
2015-07-22,50.64,50.69,49.05,49.2
2015-07-23,49.23,49.6,48.22,48.85
2015-07-24,48.86,49.01,47.74,48.05
2015-07-27,47.98,48.19,46.92,46.98
2015-07-28,47.03,48.39,46.7,47.77
2015-07-29,47.76,49.5,47.4,48.9
2015-07-30,48.83,49.34,48.35,48.45
2015-07-31,48.44,48.61,46.7,46.8
2015-08-03,46.62,46.94,45.11,45.3
2015-08-04,45.34,46.2,45.33,45.96
2015-08-05,45.97,46.68,44.85,45.12
2015-08-06,45.14,45.27,44.2,44.83
2015-08-07,44.81,45.13,43.7,43.79
2015-08-10,43.43,45.01,43.4,44.84
2015-08-11,44.79,45.33,42.72,43.23
2015-08-12,43.23,43.88,42.8,43.31
2015-08-13,43.34,43.72,41.92,42.2
2015-08-14,42.23,42.92,41.46,42.13
2015-08-17,42.77,43.2,42.27,42.4
2015-08-18,42.39,43.36,41.95,42.85
2015-08-19,42.87,43.16,40.81,40.92
2015-08-20,40.95,41.8,40.52,40.97
2015-08-21,41.09,41.36,39.89,40.23
2015-08-24,40.19,40.48,37.78,38.07
2015-08-25,38.27,39.87,38.19,39.63
2015-08-26,39.69,39.84,38.53,38.88
2015-08-27,39.1,42.84,38.97,42.79
2015-08-28,42.7,45.88,41.8,45.24
2015-08-31,45.12,49.3,43.61,48.16
2015-09-01,48.17,48.84,44.16,44.19
2015-09-02,44.2,46.74,43.25,46.05
2015-09-03,46.04,48.41,45.67,46.67
2015-09-04,46.66,47.2,45.66,45.69
2015-09-07,45.72,45.92,44.25,44.27
2015-09-08,44.3,46.37,44.19,45.74
2015-09-09,45.72,46.26,44.05,44.12
2015-09-10,44.18,46.04,43.4,45.72
2015-09-11,45.62,45.87,44.19,44.77
2015-09-14,44.78,44.97,43.6,44.13
2015-09-15,44.14,45.24,43.95,45.16
2015-09-16,45.09,47.34,44.83,47.13
2015-09-17,47.14,47.7,46.35,46.89
2015-09-18,46.9,47.03,44.27,44.9
2015-09-21,45.23,46.99,45.05,46.71
2015-09-22,46.69,46.73,45.4,46.56
2015-09-23,46.52,47.15,44.43,44.62
2015-09-24,44.65,45.18,43.73,45.08
2015-09-25,44.95,46.34,44.85,45.34
2015-09-28,45.41,45.49,44.32,44.49
2015-09-29,44.42,45.67,44.35,44.87
2015-09-30,44.86,45.84,44.69,45.33
2015-10-01,45.36,47.06,44.66,45.02
2015-10-02,45.08,45.79,44,45.64
2015-10-05,45.43,46.91,45.22,46.21
2015-10-06,46.17,49.06,45.73,49.05
2015-10-07,49.04,49.69,47.73,48.15
2015-10-08,48.17,49.98,47.79,49.69
2015-10-09,49.64,50.9,49.19,49.51
2015-10-12,49.56,50.13,47.06,47.45
2015-10-13,47.48,48.43,46.45,46.58
2015-10-14,46.75,46.95,45.96,46.27
2015-10-15,46.29,47.02,45.25,46.87
2015-10-16,46.91,47.49,46.2,47.26
2015-10-19,47.73,47.91,46.26,46.56
2015-10-20,46.63,46.92,45.75,45.91
2015-10-21,45.92,46.08,44.89,45.24
2015-10-22,45.29,46.09,44.92,45.48
2015-10-23,45.36,45.75,44.22,44.75
2015-10-26,44.6,44.93,43.65,43.88
2015-10-27,43.89,43.91,42.6,43.38
2015-10-28,43.39,46.2,43.08,46.06
2015-10-29,46.05,46.74,45.17,45.65
2015-10-30,45.64,47.02,45.49,46.4
2015-11-02,46.35,46.72,45.58,46.09
2015-11-03,46.11,48.35,45.97,47.69
2015-11-04,47.74,48.25,46.18,46.57
2015-11-05,46.59,46.63,45.14,45.38
2015-11-06,45.43,45.64,44.12,44.54
2015-11-09,44.33,45.1,43.66,44.09
2015-11-10,44.12,44.76,43.59,43.64
2015-11-11,43.63,44.11,42.63,43.05
2015-11-12,43.06,43.32,41.54,41.6
2015-11-13,41.72,42.2,40.23,40.74
2015-11-16,40.91,42.25,40.06,42.05
2015-11-17,41.88,42.02,40.59,41.1
2015-11-18,41.12,41.71,39.92,41.71
2015-11-19,42.09,42.37,41.27,41.85
2015-11-20,41.9,42.72,41.38,41.48
2015-11-23,41.5,42.72,40.41,42.02
2015-11-24,42.03,43.44,41.88,42.63
2015-11-25,42.69,43.23,41.75,43.2
2015-11-26,43.23,43.3,42.3,42.5
2015-11-27,42.59,42.74,41.67,41.77
2015-11-30,41.8,42.6,41.52,41.69
2015-12-01,41.66,42.2,41.19,41.66
2015-12-02,41.67,41.95,39.86,40.1
2015-12-03,40.17,41.76,40.08,41.27
2015-12-04,41.28,41.98,39.61,40.12
2015-12-07,40.12,40.12,37.53,37.64
2015-12-08,37.65,38.58,36.64,37.84
2015-12-09,37.88,38.98,36.87,37.2
2015-12-10,37.33,37.53,36.4,36.55
2015-12-11,36.62,36.84,35.17,35.35
2015-12-14,35.4,36.68,34.54,36.26
2015-12-15,36.2,37.87,36.03,36.74
2015-12-16,36.81,37.34,35.31,35.73
2015-12-17,35.81,35.81,34.64,34.81
2015-12-18,34.8,35.56,34.29,34.72
2015-12-21,35.87,36.08,35.36,35.78
2015-12-22,35.83,36.53,35.66,36.47
2015-12-23,36.45,37.93,36.29,37.88
2015-12-24,37.89,38.28,37.4,38.12
2015-12-28,38.06,38.06,36.62,36.68
2015-12-29,36.69,37.94,36.67,37.33
2015-12-30,37.34,37.34,36.42,36.8
2015-12-31,36.78,37.73,36.23,37.08
2016-01-04,37.79,38.37,36.34,36.89
2016-01-05,36.9,37.09,35.76,36.15
2016-01-06,36.19,36.35,33.78,34.04
2016-01-07,34.14,34.26,32.11,33.27
2016-01-08,33.34,34.24,32.66,32.89
2016-01-11,32.89,33.2,30.9,31.12
2016-01-12,31.15,32.19,30,30.58
2016-01-13,30.68,31.71,30.11,30.57
2016-01-14,30.58,31.75,30.3,31.22
2016-01-15,31.18,31.18,29.15,29.7
2016-01-18,29.68,30.88,29.39,29.98
2016-01-19,30.11,31.34,29.38,29.44
2016-01-20,29.49,29.75,27.58,28.33
2016-01-21,28.38,30.24,27.89,29.86
2016-01-22,29.84,32.32,29.54,32.25
2016-01-25,32.32,32.73,29.69,29.81
2016-01-26,29.88,32.4,29.28,30.53
2016-01-27,30.47,32.82,30.16,32.16
2016-01-28,32.15,34.78,31.76,33.73
2016-01-29,33.62,34.38,32.67,33.76
2016-02-01,33.66,34.06,31.31,31.33
2016-02-02,31.47,31.52,29.6,29.7
2016-02-03,29.71,32.75,29.41,32.75
2016-02-04,32.68,33.58,31.55,31.69
2016-02-05,31.76,32.34,30.65,31.01
2016-02-08,30.98,31.38,29.59,30.13
2016-02-09,30.18,30.61,27.78,28.31
2016-02-10,28.39,29.16,27.26,27.34
2016-02-11,27.34,27.47,26.07,27.29
2016-02-12,27.28,29.65,26.98,29.07
2016-02-15,29.18,30.15,28.97,29.77
2016-02-16,30.39,31.43,28.71,29.13
2016-02-17,29.14,31.46,28.74,31.44
2016-02-18,31.29,31.95,30.27,30.64
2016-02-19,32.75,32.98,31.36,31.95
2016-02-22,31.92,33.83,31.7,33.34
2016-02-23,33.27,33.52,31.23,31.38
2016-02-24,31.34,32.39,30.57,32.23
2016-02-25,32.16,33.47,31.09,33.07
2016-02-26,33.03,34.66,32.69,32.86
2016-02-29,32.8,33.98,32.34,33.89
2016-03-01,33.88,34.74,33.39,33.89
2016-03-02,33.84,35.14,33.56,34.73
2016-03-03,34.75,35.28,34.2,34.7
2016-03-04,34.66,36.33,34.42,36.32
2016-03-07,36.27,38.09,36.09,37.98
2016-03-08,37.95,38.38,36.16,36.33
2016-03-09,36.37,38.36,36.25,38.2
2016-03-10,38.16,38.45,37.22,38.02
2016-03-11,38,38.97,37.92,38.47
2016-03-14,38.27,38.46,36.7,37.34
2016-03-15,37.33,37.4,35.97,36.92
2016-03-16,36.92,38.7,36.62,38.55
2016-03-17,38.53,40.36,38.48,40.19
2016-03-18,40.22,41.19,39.15,39.35
2016-03-21,40.98,41.77,40.41,41.52
2016-03-22,41.5,41.81,40.78,41.16
2016-03-23,41.14,41.27,39.46,39.51
2016-03-24,39.52,39.77,38.34,39.59
2016-03-28,39.65,40.14,38.88,39.3
2016-03-29,39.31,39.46,37.93,38.52
2016-03-30,38.61,39.83,38.16,38.31
2016-03-31,38.25,39.02,37.6,38.15
2016-04-01,38.11,38.48,36.64,36.68
2016-04-04,36.62,37.2,35.47,35.49
2016-04-05,35.44,36.55,35.26,36.52
2016-04-06,36.61,37.88,36.44,37.77
2016-04-07,37.72,38.29,36.7,37.53
2016-04-08,37.65,39.83,37.46,39.64
2016-04-11,40.19,40.64,39.26,40.36
2016-04-12,40.42,42.23,40.09,41.68
2016-04-13,41.69,42.38,41.25,41.57
2016-04-14,41.59,42.16,40.85,41.44
2016-04-15,41.43,41.71,39.99,40.41
2016-04-18,39.24,41.63,39.02,41.45
2016-04-19,41.42,42.84,40.89,42.45
2016-04-20,42.22,44.24,41.31,43.95
2016-04-21,43.93,44.48,43.08,43.42
2016-04-22,43.42,44.44,43.11,43.73
2016-04-25,43.62,44.03,42.61,42.97
2016-04-26,42.95,44.83,42.52,44.63
2016-04-27,44.61,45.55,43.77,45.3
2016-04-28,45.28,46.11,44.95,45.88
2016-04-29,45.87,46.77,45.24,46.02
2016-05-02,45.94,46.13,44.56,44.89
2016-05-03,44.86,45.34,43.33,43.89
2016-05-04,43.78,44.87,43.23,44.09
2016-05-05,44.08,46.02,43.98,44.48
2016-05-06,44.53,45.3,43.55,44.61
2016-05-09,45.46,45.93,43.24,43.27
2016-05-10,43.22,44.77,43.04,44.52
2016-05-11,44.58,46.31,43.97,45.99
2016-05-12,46,47.01,45.66,46.44
2016-05-13,46.41,46.48,45.77,46.38
2016-05-16,46.21,47.98,46.17,47.96
2016-05-17,47.86,48.64,47.54,48.6
2016-05-18,48.45,48.94,47.79,47.88
2016-05-19,47.89,48.77,46.75,48.77
2016-05-20,48.72,49.28,47.97,48.45
2016-05-23,48.39,48.39,47.42,48.11
2016-05-24,48.09,49.27,47.67,49.12
2016-05-25,49.1,49.75,48.7,49.72
2016-05-26,49.69,50.21,49.23,49.39
2016-05-27,49.38,49.59,48.72,49.59
2016-05-30,49.64,49.71,49.09,49.62
2016-05-31,49.7,50.08,48.82,48.86
2016-06-01,48.81,49.25,47.76,48.94
2016-06-02,48.87,49.45,47.99,49.05
2016-06-03,49.06,49.39,48.34,48.86
2016-06-06,48.9,49.89,48.72,49.73
2016-06-07,49.72,50.52,49.45,50.41
2016-06-08,50.39,51.62,50.33,51.51
2016-06-09,51.48,51.67,50.24,50.42
2016-06-10,50.47,50.73,48.83,48.91
2016-06-13,48.64,49.27,48.17,48.55
2016-06-14,48.54,48.69,47.89,47.94
2016-06-15,47.9,48.71,47.29,47.48
2016-06-16,47.45,47.75,45.91,46.02
2016-06-17,45.99,48.29,45.88,48.26
2016-06-20,48.96,49.98,48.8,49.8
2016-06-21,49.77,50.39,48.88,50.19
2016-06-22,50.22,50.52,48.42,48.99
2016-06-23,49.2,50.23,49.12,50.17
2016-06-24,50.33,50.44,46.75,47.56
2016-06-27,47.66,47.95,45.85,46.61
2016-06-28,46.58,48.13,46.55,48.11
2016-06-29,48.06,49.98,48,49.53
2016-06-30,49.54,49.62,48.2,48.37
2016-07-01,48.34,49.27,47.91,49.27
2016-07-04,49.2,49.35,48.69,48.76
2016-07-05,48.69,48.74,46.36,46.86
2016-07-06,46.79,47.93,45.95,47.91
2016-07-07,47.86,48.25,44.89,45.21
2016-07-08,45.2,45.96,44.8,45.16
2016-07-11,44.94,45.76,44.43,44.55
2016-07-12,44.53,46.92,44.52,46.62
2016-07-13,46.55,46.65,44.58,45.12
2016-07-14,45.13,45.78,44.98,45.49
2016-07-15,45.47,46.33,45.05,46.29
2016-07-18,46.82,46.82,45.55,45.94
2016-07-19,45.94,46.38,45.31,45.44
2016-07-20,45.47,46.08,44.56,45.66
2016-07-21,45.65,46.09,44.53,44.53
2016-07-22,44.59,44.95,43.74,44.23
2016-07-25,44.24,44.37,42.98,43.05
2016-07-26,43.11,43.36,42.39,42.69
2016-07-27,42.63,43.2,41.69,41.89
2016-07-28,41.97,42.22,41.05,41.11
2016-07-29,41.13,41.66,40.58,41.45
2016-08-01,41.34,41.88,39.86,40.06
2016-08-02,40.08,40.88,39.27,39.7
2016-08-03,39.75,41.19,39.33,41.16
2016-08-04,41.14,42.06,40.45,41.81
2016-08-05,41.77,42.05,41.06,41.99
2016-08-08,41.92,43.38,41.83,42.83
2016-08-09,42.82,43.48,42.49,42.74
2016-08-10,42.72,43.38,41.42,41.52
2016-08-11,41.54,43.85,41.11,43.44
2016-08-12,43.43,44.77,43.33,44.72
2016-08-15,44.62,45.93,44.39,45.67
2016-08-16,45.59,46.73,45.35,46.37
2016-08-17,46.13,46.95,45.91,46.89
2016-08-18,46.87,48.38,46.64,48.36
2016-08-19,48.3,48.74,47.94,48.5
2016-08-22,48.89,48.93,47.34,47.38
2016-08-23,47.38,48.28,46.63,47.62
2016-08-24,47.56,47.73,46.47,46.78
2016-08-25,46.79,47.44,46.43,47.37
2016-08-26,47.38,48.45,46.99,47.33
2016-08-29,47.19,47.28,46.63,46.96
2016-08-30,46.98,47.47,46.24,46.28
2016-08-31,46.14,46.41,44.52,44.83
2016-09-01,44.82,45.06,43.01,43.52
2016-09-02,43.55,44.67,43.16,44.22
2016-09-05,44.17,46.53,44.07,45.17
2016-09-06,45.08,45.62,43.87,44.89
2016-09-07,44.86,46.17,44.58,46.16
2016-09-08,46.08,47.73,45.82,47.33
2016-09-09,47.29,47.36,45.58,45.72
2016-09-12,45.59,46.51,44.74,46.06
2016-09-13,46.07,46.13,44.8,44.95
2016-09-14,44.99,45.33,43.44,43.64
2016-09-15,43.75,44.33,43.3,43.7
2016-09-16,43.74,43.74,42.76,43.23
2016-09-19,43.77,44.69,43.72,43.73
2016-09-20,43.66,44.58,43.08,44.44
2016-09-21,44.58,45.64,44.58,45.63
2016-09-22,45.62,46.52,45.53,46.09
2016-09-23,46.05,46.55,44.3,44.62
2016-09-26,44.75,46.2,44.46,45.61
2016-09-27,45.62,45.96,44.23,44.93
2016-09-28,45.03,47.42,44.39,47.12
2016-09-29,47.19,48.31,46.61,47.7
2016-09-30,47.82,48.28,47.05,48.04
2016-10-03,47.99,49.01,47.79,48.67
2016-10-04,48.66,49.25,48.27,49.2
2016-10-05,49.23,49.94,49.12,49.72
2016-10-06,49.68,50.62,49.34,50.59
2016-10-07,50.6,50.75,49.44,49.57
2016-10-10,49.61,51.58,49.16,51.17
2016-10-11,51.15,51.48,50.41,50.87
2016-10-12,50.89,51.14,49.94,50.05
2016-10-13,50.02,50.58,49.39,50.53
2016-10-14,50.69,51.12,49.93,50.32
2016-10-17,50.16,50.58,49.51,50.07
2016-10-18,50.06,50.77,49.78,50.75
2016-10-19,50.84,51.92,50.7,51.48
2016-10-20,51.57,51.82,50.45,50.62
2016-10-21,50.63,51.01,50.23,50.98
2016-10-24,50.9,50.98,49.67,50.49
2016-10-25,50.44,50.93,49.29,49.32
2016-10-26,49.35,50.08,48.89,49.23
2016-10-27,49.22,50.04,49.03,49.62
2016-10-28,49.61,49.81,48.45,48.67
2016-10-31,48.32,48.74,46.66,46.96
2016-11-01,46.92,47.34,46.22,46.42
2016-11-02,46.4,46.47,45.02,45.66
2016-11-03,45.67,45.9,44.39,44.72
2016-11-04,44.71,44.86,43.59,44.11
2016-11-07,44.48,45.01,44.12,44.93
2016-11-08,44.93,45.38,44.43,44.81
2016-11-09,44.89,45.94,43.1,45.34
2016-11-10,45.31,45.63,44.27,44.27
2016-11-11,44.36,44.63,43.09,43.13
2016-11-14,43.27,43.79,42.22,43.73
2016-11-15,43.73,46.05,43.57,45.79
2016-11-16,45.73,46.34,45.05,45.31
2016-11-17,45.37,46.55,44.88,44.94
2016-11-18,45,45.77,44.56,45.59
2016-11-21,46.68,48.51,46.65,48.3
2016-11-22,48.39,49.19,47.19,47.91
2016-11-23,48,48.41,47.41,47.95
2016-11-24,47.99,48.24,47.8,47.98
2016-11-25,48,48.03,45.88,45.99
2016-11-28,45.56,47.63,45.16,46.91
2016-11-29,46.92,46.98,44.88,45.26
2016-11-30,45.34,49.87,45.26,49.01
2016-12-01,49.07,51.77,49.05,50.91
2016-12-02,51.06,51.72,50.19,51.69
2016-12-05,51.48,52.39,50.95,51.01
2016-12-06,51.07,51.6,50.3,50.91
2016-12-07,50.92,51.2,49.73,49.84
2016-12-08,49.94,50.98,49.62,50.97
2016-12-09,50.95,51.62,50.87,51.49
2016-12-12,53.33,54.48,52.23,52.39
2016-12-13,52.51,53.41,52.38,52.48
2016-12-14,52.44,52.74,50.69,50.77
2016-12-15,50.8,51.44,49.97,51.06
2016-12-16,51.17,52.05,50.52,52.03
2016-12-19,53.26,53.59,52.59,53.12
2016-12-20,53.17,53.76,52.84,53.52
2016-12-21,53.49,53.77,52.34,52.52
2016-12-22,52.55,53.19,52.12,52.69
2016-12-23,52.69,53.27,52.27,53.23
2016-12-27,53.32,54.09,53.05,53.89
2016-12-28,53.88,54.32,53.57,53.63
2016-12-29,53.63,54.19,53.47,53.84
2016-12-30,53.83,54.06,53.45,53.9
2017-01-03,54.09,55.22,52.2,52.45
2017-01-04,52.48,53.39,52.17,53.37
2017-01-05,53.34,54.11,52.83,53.78
2017-01-06,53.75,54.29,53.33,53.71
2017-01-09,53.82,53.83,51.77,51.77
2017-01-10,51.82,52.37,50.73,50.77
2017-01-11,50.86,52.77,50.79,52.37
2017-01-12,52.33,53.49,52.13,53.05
2017-01-13,53.02,53.17,52.3,52.55
2017-01-16,52.54,52.71,52.13,52.64
2017-01-17,52.53,53.52,52.25,52.53
2017-01-18,52.56,52.79,50.95,51.41
2017-01-19,51.38,52.17,51.03,52.17
2017-01-20,52.24,53.66,52.14,53.19
2017-01-23,53.29,53.46,52.23,52.84
2017-01-24,52.87,53.56,52.69,52.94
2017-01-25,52.94,53.46,52.57,52.98
2017-01-26,52.98,54.05,52.8,53.73
2017-01-27,53.77,54.04,52.62,53.2
2017-01-30,53.16,53.46,52.43,52.59
2017-01-31,52.6,53.56,52.25,52.79
2017-02-01,52.78,53.89,52.65,53.56
2017-02-02,53.56,54.31,53.38,53.66
2017-02-03,53.78,54.21,53.41,53.86
2017-02-06,53.83,54.12,52.92,53.09
2017-02-07,53.14,53.24,51.65,51.69
2017-02-08,51.45,52.63,51.23,52.38
2017-02-09,52.43,53.21,52.43,53.13
2017-02-10,53.13,54.13,52.92,53.87
2017-02-13,53.88,53.95,52.78,52.88
2017-02-14,52.99,53.7,52.87,53.03
2017-02-15,53.01,53.48,52.76,52.99
2017-02-16,52.98,53.58,52.72,53.46
2017-02-17,53.43,53.52,52.91,53.38
2017-02-20,53.94,54.24,53.73,53.99
2017-02-21,54,54.98,53.93,54.25
2017-02-22,54.27,54.6,53.41,53.9
2017-02-23,53.95,54.89,53.92,54.37
2017-02-24,54.36,54.51,53.77,54
2017-02-27,54.05,54.59,53.95,54.03
2017-02-28,54.05,54.23,53.2,53.99
2017-03-01,53.95,54.4,53.64,53.67
2017-03-02,53.7,53.79,52.57,52.58
2017-03-03,52.59,53.39,52.59,53.23
2017-03-06,53.33,53.56,52.77,53.19
2017-03-07,53.19,53.77,52.73,52.8
2017-03-08,52.83,52.91,50.06,50.2
2017-03-09,50.27,50.83,48.63,49.61
2017-03-10,49.59,50.08,48.33,48.4
2017-03-13,48.17,48.66,47.92,48.41
2017-03-14,48.39,48.78,47.11,48.43
2017-03-15,48.43,49.16,48.17,49.12
2017-03-16,49.11,49.6,48.47,48.8
2017-03-17,48.79,49.19,48.62,48.67
2017-03-20,49.23,49.34,48.47,49.01
2017-03-21,48.98,49.47,48.03,48.13
2017-03-22,48.13,48.3,47.16,48.23
2017-03-23,48.22,48.47,47.59,47.74
2017-03-24,47.75,48.2,47.55,48.1
2017-03-27,48.04,48.28,47.09,47.84
2017-03-28,47.87,48.74,47.81,48.44
2017-03-29,48.45,49.62,48.41,49.61
2017-03-30,49.59,50.47,49.3,50.34
2017-03-31,50.34,50.83,49.91,50.81
2017-04-03,50.64,50.84,50.14,50.26
2017-04-04,50.27,51.3,49.89,51.09
2017-04-05,51.19,51.88,50.75,50.8
2017-04-06,50.83,51.82,50.79,51.73
2017-04-07,51.7,52.94,51.52,52.31
2017-04-10,52.35,53.17,52.32,53.14
2017-04-11,53.19,53.44,52.71,53.41
2017-04-12,53.4,53.74,52.73,52.81
2017-04-13,52.88,53.38,52.86,52.89
2017-04-17,53.18,53.21,52.56,52.74
2017-04-18,52.72,52.84,52.12,52.37
2017-04-19,52.38,52.62,50.13,50.85
2017-04-20,51.02,51.37,50.51,50.71
2017-04-21,50.72,50.92,49.2,49.61
2017-04-24,49.7,50.21,49.07,49.2
2017-04-25,49.22,49.82,48.88,49.36
2017-04-26,49.37,50.18,48.98,49.24
2017-04-27,49.22,49.43,48.27,49.22
2017-04-28,49.24,49.76,48.83,49.14
2017-05-01,49.26,49.32,48.59,48.74
2017-05-02,48.78,49.27,47.38,48.04
2017-05-03,48.13,48.23,47.33,47.56
2017-05-04,47.59,47.75,45.32,45.48
2017-05-05,45.55,46.64,43.77,46.51
2017-05-08,46.41,46.98,45.76,46.48
2017-05-09,46.53,46.78,45.56,46.16
2017-05-10,46.2,47.76,46.05,47.36
2017-05-11,47.38,48.2,47.36,47.82
2017-05-12,47.8,48.05,47.37,47.88
2017-05-15,47.87,49.63,47.75,48.81
2017-05-16,48.87,49.36,48.18,48.24
2017-05-17,48.25,49.49,48.04,48.95
2017-05-18,48.98,49.57,48.06,49.34
2017-05-19,49.39,50.51,49.31,50.48
2017-05-22,50.98,51.41,50.77,51.02
2017-05-23,51.1,51.76,50.59,51.49
2017-05-24,51.48,51.87,51.05,51.29
2017-05-25,51.3,51.99,48.47,48.67
2017-05-26,48.8,49.94,48.19,49.87
2017-05-29,49.94,50.29,49.52,49.99
2017-05-30,50.04,50.06,49.08,49.65
2017-05-31,49.67,49.71,47.76,48.64
2017-06-01,48.64,49.14,47.91,48.05
2017-06-02,48.08,48.19,46.77,47.78
2017-06-05,47.71,48.42,46.88,47.38
2017-06-06,47.41,48.39,46.96,47.97
2017-06-07,48.02,48.22,45.66,45.8
2017-06-08,45.86,46.16,45.22,45.67
2017-06-09,45.7,46.16,45.27,45.91
2017-06-12,45.81,46.69,45.67,46.01
2017-06-13,46.07,46.56,45.58,45.95
2017-06-14,45.96,46.39,44.55,44.66
2017-06-15,44.72,44.8,44.26,44.27
2017-06-16,44.31,44.92,44.3,44.7
2017-06-19,44.93,45.27,44.27,44.31
2017-06-20,44.37,44.69,42.95,43.34
2017-06-21,43.41,44.06,42.12,42.52
2017-06-22,42.58,43.31,42.28,42.78
2017-06-23,42.79,43.19,42.55,43.12
2017-06-26,43.14,43.62,42.63,43.48
2017-06-27,43.5,44.42,43.33,43.73
2017-06-28,43.72,44.89,43.72,44.88
2017-06-29,44.86,45.42,44.7,44.84
2017-06-30,44.9,46.36,44.89,46.33
2017-07-03,46.24,47.09,45.92,47.05
2017-07-04,47.04,47.31,46.74,47.08
2017-07-05,47.09,47.22,44.92,45.62
2017-07-06,45.67,46.52,45.2,45.33
2017-07-07,45.38,45.41,43.8,44.36
2017-07-10,44.56,44.83,43.66,44.55
2017-07-11,44.56,45.8,43.86,45.77
2017-07-12,45.74,46.48,45.11,45.49
2017-07-13,45.44,46.28,44.99,46.08
2017-07-14,46.08,46.74,45.8,46.54
2017-07-17,46.68,46.88,45.89,46.02
2017-07-18,45.99,46.92,45.81,46.4
2017-07-19,46.48,47.46,46.32,47.32
2017-07-20,47.27,47.74,46.81,46.92
2017-07-21,46.91,47.21,45.54,45.77
2017-07-24,45.62,46.53,45.4,46.34
2017-07-25,46.46,48.66,46.38,47.89
2017-07-26,48.51,48.87,47.86,48.75
2017-07-27,48.7,49.24,48.25,49.04
2017-07-28,49.17,49.81,48.86,49.71
2017-07-31,49.85,50.41,49.18,50.17
2017-08-01,50.21,50.43,48.37,49.16
2017-08-02,48.8,49.65,48.55,49.59
2017-08-03,49.59,49.96,48.78,49.03
2017-08-04,48.95,49.64,48.5,49.58
2017-08-07,49.59,49.73,48.54,49.39
2017-08-08,49.31,49.79,48.86,49.17
2017-08-09,49,49.72,48.9,49.56
2017-08-10,49.68,50.22,48.35,48.59
2017-08-11,48.52,48.98,47.98,48.82
2017-08-14,48.79,49.16,47.43,47.59
2017-08-15,47.49,47.9,47.02,47.55
2017-08-16,47.72,47.99,46.67,46.78
2017-08-17,46.8,47.19,46.46,47.09
2017-08-18,46.93,48.74,46.78,48.51
2017-08-21,48.89,48.91,47.21,47.53
2017-08-22,47.59,48.21,47.36,47.83
2017-08-23,47.64,48.5,47.53,48.41
2017-08-24,48.36,48.43,47.06,47.43
2017-08-25,47.62,47.91,47.39,47.87
2017-08-28,47.89,48.2,46.15,46.57
2017-08-29,46.86,46.96,45.76,46.44
2017-08-30,46.31,46.72,45.84,45.96
2017-08-31,45.95,47.47,45.58,47.23
2017-09-01,47.08,47.35,46.56,47.29
2017-09-05,47.28,48.98,47.15,48.66
2017-09-06,48.59,49.42,48.52,49.16
2017-09-07,49.14,49.33,48.63,49.09
2017-09-08,49.09,49.26,47.27,47.48
2017-09-11,47.58,48.27,47,48.07
2017-09-12,48.12,48.44,47.73,48.23
2017-09-13,48.34,49.4,48.12,49.3
2017-09-14,49.31,50.5,49.15,49.89
2017-09-15,49.72,50.13,49.41,49.89
2017-09-18,50.39,50.85,49.68,50.35
2017-09-19,50.38,50.82,49.73,49.9
2017-09-20,50.27,51.11,50.13,50.69
2017-09-21,50.72,50.81,50.07,50.55
2017-09-22,50.73,50.78,50.29,50.66
2017-09-25,50.68,52.28,50.39,52.22
2017-09-26,52.12,52.43,51.43,51.88
2017-09-27,52.09,52.34,51.63,52.14
2017-09-28,52.05,52.86,51.22,51.56
2017-09-29,51.58,51.77,51.25,51.67
2017-10-02,51.64,51.71,50.07,50.58
2017-10-03,50.59,50.73,50.14,50.42
2017-10-04,50.16,50.67,49.76,49.98
2017-10-05,49.88,51.22,49.85,50.79
2017-10-06,50.75,50.82,49.1,49.29
2017-10-09,49.25,49.79,49.13,49.58
2017-10-10,49.55,51.06,49.54,50.92
2017-10-11,50.94,51.42,50.61,51.3
2017-10-12,51,51.13,50.15,50.6
2017-10-13,50.73,51.72,50.7,51.45
2017-10-16,51.43,52.37,51.35,51.87
2017-10-17,51.93,52.25,51.21,51.88
2017-10-18,51.94,52.33,51.69,52.04
2017-10-19,52.05,52.17,51.07,51.29
2017-10-20,51.42,51.73,50.7,51.47
2017-10-23,52.07,52.3,51.68,51.9
2017-10-24,51.89,52.62,51.55,52.47
2017-10-25,52.56,52.57,51.89,52.18
2017-10-26,52.19,52.86,51.91,52.64
2017-10-27,52.8,54.2,52.25,53.9
2017-10-30,54.16,54.46,53.75,54.15
2017-10-31,54.08,54.85,53.93,54.38
2017-11-01,54.65,55.22,53.89,54.3
2017-11-02,54.28,54.84,53.99,54.54
2017-11-03,54.73,55.76,54.4,55.64
2017-11-06,55.97,57.61,55.66,57.35
2017-11-07,57.27,57.69,56.83,57.2
2017-11-08,56.96,57.92,56.41,56.81
2017-11-09,56.85,57.53,56.69,57.17
2017-11-10,57.02,57.35,56.55,56.74
2017-11-13,56.9,57.15,56.3,56.76
2017-11-14,56.72,56.77,54.81,55.7
2017-11-15,55.06,55.56,54.88,55.33
2017-11-16,55.3,55.62,54.93,55.14
2017-11-17,55.25,56.68,55.18,56.55
2017-11-20,56.8,56.93,55.75,56.42
2017-11-21,56.38,57.22,56.32,56.83
2017-11-22,57.12,58.12,57.04,58.05
2017-11-24,58.05,59.05,57.75,58.95
2017-11-27,58.95,58.99,57.55,58.11
2017-11-28,57.86,58.11,57.42,57.99
2017-11-29,57.73,58.3,56.75,57.3
2017-11-30,57.41,57.98,56.82,57.4
2017-12-01,57.42,58.88,57.29,58.36
2017-12-04,58.32,58.34,57.35,57.47
2017-12-05,57.48,57.92,57.08,57.62
2017-12-06,57.45,57.57,55.87,55.96
2017-12-07,56,56.78,55.82,56.69
2017-12-08,56.65,57.79,56.54,57.36
2017-12-11,57.25,58.08,56.91,57.99
2017-12-12,58.02,58.56,56.85,57.14
2017-12-13,57.45,57.83,56.55,56.6
2017-12-14,56.7,57.22,56.09,57.04
2017-12-15,57.15,57.49,56.94,57.3
2017-12-18,57.4,57.81,56.88,57.22
2017-12-19,57.34,57.8,57.2,57.56
2017-12-20,57.66,58.12,57.44,58.09
2017-12-21,58.02,58.38,57.63,58.36
2017-12-22,58.21,58.5,57.87,58.47
2017-12-26,58.4,60.01,58.32,59.97
2017-12-27,59.79,59.93,59.33,59.64
2017-12-28,59.53,59.94,59.44,59.84
2017-12-29,59.91,60.51,59.82,60.42
2018-01-02,60.2,60.74,60.1,60.37
2018-01-03,60.39,61.97,60.28,61.63
2018-01-04,61.96,62.21,61.59,62.01
2018-01-05,61.9,62.04,61.09,61.44
2018-01-08,61.61,61.97,61.34,61.73
2018-01-09,61.92,63.48,61.8,62.96
2018-01-10,63.41,63.67,63.09,63.57
2018-01-11,63.5,64.77,63.43,63.8
2018-01-12,63.57,64.5,63.06,64.3
2018-01-16,64.43,64.89,63.39,63.73
2018-01-17,63.89,64.17,63.31,63.97
2018-01-18,64.07,64.35,63.47,63.95
2018-01-19,63.74,63.77,62.85,63.37
2018-01-22,63.5,64.13,63.05,63.57
2018-01-23,63.88,64.88,63.7,64.47
2018-01-24,64.42,66.05,64.34,65.61
2018-01-25,65.88,66.66,65.08,65.51
2018-01-26,65.25,66.35,64.91,66.14
2018-01-29,66.18,66.46,64.98,65.56
2018-01-30,65.53,65.56,63.89,64.5
2018-01-31,64.03,64.94,63.67,64.73
2018-02-01,64.76,66.25,64.63,65.8
2018-02-02,65.99,66.3,64.47,65.45
2018-02-05,65.1,65.4,63.42,64.15
2018-02-06,63.43,64.29,63.12,63.39
2018-02-07,63.92,64.18,61.25,61.79
2018-02-08,61.7,62.09,60.27,61.15
2018-02-09,60.43,60.77,58.07,59.2
2018-02-12,59.12,60.83,59.1,59.29
2018-02-13,59.35,59.73,58.39,59.19
2018-02-14,58.98,60.9,58.2,60.6
2018-02-15,60.71,61.64,59.72,61.34
2018-02-16,61.45,61.99,60.88,61.68
2018-02-20,61.51,62.65,61.43,61.79
2018-02-21,61.63,61.86,60.92,61.68
2018-02-22,61.34,63.09,60.75,62.77
2018-02-23,62.6,63.73,62.33,63.55
2018-02-26,63.6,64.24,63.06,63.91
2018-02-27,64.06,64.08,62.64,63.01
2018-02-28,62.79,63.44,61.36,61.64
2018-03-01,61.55,61.83,60.18,60.99
2018-03-02,61.34,61.6,60.13,61.25
2018-03-05,61.55,62.79,61.1,62.57
2018-03-06,62.58,63.28,62.17,62.6
2018-03-07,62.3,62.58,60.58,61.15
2018-03-08,61.33,61.4,59.95,60.12
2018-03-09,60.27,62.18,60.14,62.04
2018-03-12,62.1,62.33,60.67,61.36
2018-03-13,61.37,61.97,60.27,60.71
2018-03-14,60.87,61.33,60.11,60.96
2018-03-15,60.95,61.54,60.82,61.19
2018-03-16,61.19,62.54,61.08,62.34
2018-03-19,62.3,62.44,61.45,62.13
2018-03-20,62.2,63.98,62.13,63.54
2018-03-21,63.72,65.55,63.58,65.17
2018-03-22,65.5,65.74,64.14,64.3
2018-03-23,64.28,66,64.11,65.88
2018-03-26,65.9,66.55,65.08,65.55
2018-03-27,65.53,66.41,64.53,65.25
2018-03-28,64.7,65.13,63.72,64.38
2018-03-29,64.69,65.26,64.16,64.94
2018-04-02,64.91,65.42,62.8,63.01
2018-04-03,62.89,63.86,62.86,63.51
2018-04-04,63.59,63.64,62.06,63.37
2018-04-05,63.6,64.12,63.07,63.54
2018-04-06,63.7,63.79,61.81,62.06
2018-04-09,62,63.61,61.93,63.42
2018-04-10,63.3,65.86,63.2,65.51
2018-04-11,65.59,67.45,65.15,66.82
2018-04-12,66.75,67.33,66,67.07
2018-04-13,67.18,67.76,66.7,67.39
2018-04-16,67.24,67.74,66.13,66.22
2018-04-17,66.42,66.75,65.56,66.52
2018-04-18,66.68,68.91,66.56,68.47
2018-04-19,68.75,69.56,67.98,68.29
2018-04-20,68.26,68.62,67.5,68.38
2018-04-23,68.22,69.03,67.14,68.64
2018-04-24,68.95,69.38,67.54,67.7
2018-04-25,67.75,68.18,67.11,68.05
2018-04-26,68.03,68.78,67.71,68.19
2018-04-27,68.21,68.36,67.64,68.1
2018-04-30,68.15,69.34,67.17,68.57
2018-05-01,68.56,68.9,66.85,67.25
2018-05-02,67.49,68.14,66.92,67.93
2018-05-03,67.68,68.6,67.21,68.43
2018-05-04,68.5,69.97,68.12,69.72
2018-05-07,69.85,70.84,69.51,70.73
2018-05-08,70.03,70.4,67.63,69.06
2018-05-09,70.05,71.36,69.85,71.14
2018-05-10,71.23,71.89,70.56,71.36
2018-05-11,71.45,71.63,70.45,70.7
2018-05-14,70.54,71.26,70.26,70.96
2018-05-15,71.15,71.92,70.42,71.31
2018-05-16,71.02,71.59,70.66,71.49
2018-05-17,71.56,72.3,71.09,71.49
2018-05-18,71.6,71.75,70.99,71.28
2018-05-21,71.5,72.68,71.32,72.35
2018-05-22,72.62,72.9,71.82,72.2
2018-05-23,72.11,72.26,71.19,71.84
2018-05-24,71.83,72,70.52,70.71
2018-05-25,70.65,70.8,67.42,67.88
2018-05-29,67.55,67.55,65.8,66.73
2018-05-30,66.85,68.67,66.35,68.21
2018-05-31,68.24,68.3,66.56,67.04
2018-06-01,67.07,67.34,65.51,65.81
2018-06-04,65.71,66.04,64.57,64.75
2018-06-05,64.94,65.57,64.22,65.52
2018-06-06,65.51,65.96,64.27,64.73
2018-06-07,65.07,66.07,64.81,65.95
2018-06-08,65.98,66.24,65.15,65.74
2018-06-11,65.56,66.35,64.85,66.1
2018-06-12,66.05,66.7,65.87,66.36
2018-06-13,66.01,66.89,65.52,66.64
2018-06-14,66.62,67.16,66.36,66.89
2018-06-15,67,67.09,64.29,65.06
2018-06-18,64.22,65.82,63.4,65.69
2018-06-19,65.7,65.74,64.23,64.9
2018-06-20,64.93,66.35,64.79,65.71
2018-06-21,65.34,66.22,64.34,65.54
2018-06-22,65.93,69.38,65.71,68.58
2018-06-25,68.75,69.44,67.78,68.08
2018-06-26,68.21,70.91,67.72,70.53
2018-06-27,70.68,73.06,70.56,72.76
2018-06-28,72.27,74.03,72.2,73.45
2018-06-29,73.33,74.46,72.93,74.15
2018-07-02,73.62,74.35,72.51,73.94
2018-07-03,74.08,75.27,72.73,74.14
2018-07-05,74.23,74.96,72.53,72.94
2018-07-06,73.16,74.01,72.14,73.8
2018-07-09,73.87,74.28,72.99,73.85
2018-07-10,74.04,74.7,73.65,74.11
2018-07-11,74.2,74.26,70.02,70.38
2018-07-12,70.6,71.24,69.23,70.33
2018-07-13,70.38,71.66,69.84,71.01
2018-07-16,69.52,69.78,66.7,67.07
2018-07-17,67.11,67.61,66.35,67.16
2018-07-18,66.72,68.01,66.29,67.75
2018-07-19,67.96,68.79,66.62,68.24
2018-07-20,68.03,68.91,67.69,68.26
2018-07-23,68.17,69.31,67.6,67.89
2018-07-24,67.8,69.05,67.56,68.52
2018-07-25,68.77,69.7,68.2,69.3
2018-07-26,69.38,69.92,68.92,69.61
2018-07-27,69.58,69.77,68.26,68.69
2018-07-30,69.01,70.43,68.8,70.13
2018-07-31,70.05,70.22,67.98,68.76
2018-08-01,68.43,68.52,67.31,67.66
2018-08-02,67.86,69.36,66.92,68.96
2018-08-03,68.99,69.24,67.87,68.49
2018-08-06,68.65,69.92,68.5,69.01
2018-08-07,68.9,69.83,68.81,69.17
2018-08-08,69.09,69.37,66.32,66.94
2018-08-09,66.79,67.41,66.49,66.81
2018-08-10,66.74,67.87,66.14,67.63
2018-08-13,67.78,67.95,65.71,67.2
2018-08-14,67.42,68.37,66.58,67.04
2018-08-15,66.62,66.9,64.51,65.01
2018-08-16,64.95,65.52,64.43,65.46
2018-08-17,65.47,66.39,65.3,65.91
2018-08-20,65.21,65.62,64.85,65.42
2018-08-21,65.44,66.49,65.31,65.84
2018-08-22,66.08,68.15,65.98,67.86
2018-08-23,68.07,68.12,67.32,67.83
2018-08-24,67.9,69.31,67.78,68.72
2018-08-27,68.57,68.97,68.34,68.87
2018-08-28,68.93,69.2,68.21,68.53
2018-08-29,68.54,69.76,68.37,69.51
2018-08-30,69.71,70.5,69.55,70.25
2018-08-31,70.06,70.36,69.64,69.8
2018-09-04,69.89,71.4,69.08,69.87
2018-09-05,69.43,69.59,68.56,68.72
2018-09-06,68.64,69.02,67,67.77
2018-09-07,67.88,68.08,66.86,67.75
2018-09-10,67.82,68.52,67.33,67.54
2018-09-11,67.53,70.01,67.48,69.25
2018-09-12,69.89,71.26,69.5,70.37
2018-09-13,70.24,70.28,68.35,68.59
2018-09-14,68.79,69.91,67.94,68.99
2018-09-17,68.7,69.5,68.31,68.68
2018-09-18,68.58,70.17,68.29,69.59
2018-09-19,69.46,71.07,69.36,70.77
2018-09-20,70.98,71.35,70.03,70.32
2018-09-21,70.2,71.8,69.98,70.78
2018-09-24,71.14,72.74,71.14,72.08
2018-09-25,72.25,72.78,71.89,72.28
2018-09-26,72.09,72.38,71.47,71.57
2018-09-27,72.01,72.6,71.71,72.12
2018-09-28,72.18,73.73,71.88,73.25
2018-10-01,73.29,75.77,72.95,75.3
2018-10-02,75.42,75.91,74.93,75.23
2018-10-03,75.12,76.9,74.3,76.41
2018-10-04,76.18,76.47,73.88,74.33
2018-10-05,74.67,75.22,73.83,74.34
2018-10-08,74.4,74.58,73.07,74.29
2018-10-09,74.21,75.28,74,74.96
2018-10-10,74.66,75.08,72.38,73.17
2018-10-11,72.68,72.76,70.51,70.97
2018-10-12,70.99,72.01,70.64,71.34
2018-10-15,71.85,72.7,70.85,71.78
2018-10-16,71.72,72.29,71.02,71.92
2018-10-17,72.17,72.43,69.43,69.75
2018-10-18,70.03,70.03,68.47,68.65
2018-10-19,68.68,69.77,68.56,69.12
2018-10-22,69.6,69.84,68.46,69.36
2018-10-23,69.55,69.66,65.74,66.43
2018-10-24,66.17,67.72,66.05,66.82
2018-10-25,66.36,67.65,65.99,67.33
2018-10-26,66.95,67.88,66.2,67.59
2018-10-29,67.55,67.95,66.29,67.04
2018-10-30,66.68,67.26,65.33,66.18
2018-10-31,66.32,67,64.81,65.31
2018-11-01,64.88,65.39,63.11,63.69
2018-11-02,63.5,63.95,62.63,63.14
2018-11-05,62.99,64.14,62.52,63.1
2018-11-06,62.7,63.32,61.31,62.21
2018-11-07,61.74,63.18,61.2,61.67
2018-11-08,61.64,62.42,60.4,60.67
2018-11-09,60.75,60.79,59.26,60.19
2018-11-12,60.7,61.28,58.68,59.93
2018-11-13,58.88,59.35,54.75,55.69
2018-11-14,55.27,57.37,55.13,56.25
2018-11-15,56.02,57.26,55.59,56.46
2018-11-16,56.58,57.96,55.89,56.46
2018-11-19,57.03,57.58,55.28,57.2
2018-11-20,57.39,57.44,52.77,53.43
2018-11-21,53.39,55.86,53.39,54.63
2018-11-23,54.66,54.82,50.15,50.42
2018-11-26,50.62,52.25,50.1,51.63
2018-11-27,51.54,52.38,50.3,51.56
2018-11-28,52.09,52.56,50.06,50.29
2018-11-29,50.31,52.2,49.41,51.45
2018-11-30,51.27,51.79,49.65,50.93
2018-12-03,52.45,53.85,52.03,52.95
2018-12-04,53.13,54.55,52.43,53.25
2018-12-05,52.59,54.44,52.16,52.89
2018-12-06,52.93,53.3,50.08,51.49
2018-12-07,51.76,54.22,50.6,52.61
2018-12-10,52.03,52.81,50.53,51
2018-12-11,50.89,52.43,50.7,51.65
2018-12-12,51.95,52.88,50.94,51.15
2018-12-13,51.2,53.27,50.35,52.58
2018-12-14,52.83,52.95,50.84,51.2
2018-12-17,51.52,52.15,49.32,50.2
2018-12-18,49.46,49.9,46.11,46.6
2018-12-19,46.31,48.36,46.3,48.17
2018-12-20,47.39,47.51,45.67,45.88
2018-12-21,46.25,46.77,45.13,45.59
2018-12-24,45.45,46.24,42.36,42.53
2018-12-26,42.85,47,42.52,46.22
2018-12-27,46.58,46.7,44.37,44.61
2018-12-28,45.44,46.22,44.42,45.33
2018-12-31,45.22,46.53,44.73,45.41
2019-01-02,45.8,47.78,44.35,46.54
2019-01-03,46.26,47.49,45.35,47.09
2019-01-04,46.9,49.22,46.65,47.96
2019-01-07,48.3,49.79,48.11,48.52
2019-01-08,48.73,49.95,48.31,49.78
2019-01-09,49.8,52.58,49.71,52.36
2019-01-10,52.18,52.78,51.37,52.59
2019-01-11,52.28,53.31,51.18,51.59
2019-01-14,51.73,52.11,50.38,50.51
2019-01-15,50.78,52.3,50.64,52.11
2019-01-16,52,52.52,51.26,52.31
2019-01-17,52.3,52.58,50.98,52.07
2019-01-18,52.23,53.92,52.09,53.8
2019-01-22,53.95,54.51,52.04,53.01
2019-01-23,52.95,53.64,51.86,52.62
2019-01-24,52.45,53.47,52.07,53.13
2019-01-25,53.17,53.94,52.91,53.69
2019-01-28,53.56,53.64,51.33,51.99
2019-01-29,52.12,53.93,51.84,53.31
2019-01-30,53.24,54.93,53.09,54.23
2019-01-31,54.28,55.37,53.62,53.79
2019-02-01,54.01,55.66,53.37,55.26
2019-02-04,55.32,55.75,53.29,54.56
2019-02-05,54.86,55.21,53.47,53.66
2019-02-06,53.73,54.3,52.86,54.01
2019-02-07,53.94,54.21,51.8,52.64
2019-02-08,52.59,52.99,52.08,52.72
2019-02-11,52.66,52.78,51.23,52.41
2019-02-12,52.47,54.05,52.29,53.1
2019-02-13,53.35,54.6,53.27,53.9
2019-02-14,53.96,54.68,53.08,54.41
2019-02-15,54.48,55.87,54.24,55.59
2019-02-19,56.15,56.73,55.66,56.45
2019-02-20,56.39,57.6,55.77,57.16
2019-02-21,57.24,57.61,56.64,56.96
2019-02-22,56.84,57.81,56.71,57.26
2019-02-25,57.17,57.53,55.08,55.48
2019-02-26,55.46,56.08,55.02,55.5
2019-02-27,55.95,57.39,55.72,56.94
2019-02-28,57,57.43,56.43,57.22
2019-03-01,57.22,57.88,55.57,55.8
2019-03-04,55.83,57,55.81,56.59
2019-03-05,56.45,57.19,56.09,56.56
2019-03-06,56.28,56.4,55.42,56.22
2019-03-07,56.2,56.99,56.08,56.66
2019-03-08,56.43,56.51,54.52,56.07
2019-03-11,56.07,57.01,55.96,56.79
2019-03-12,56.76,57.55,56.74,56.87
2019-03-13,57.09,58.48,57.01,58.26
2019-03-14,58.35,58.74,58,58.61
2019-03-15,58.51,58.95,57.74,58.52
2019-03-18,58.75,59.54,58.37,59.38
2019-03-19,59.31,59.86,58.89,59.29
2019-03-20,59.29,60.28,58.56,60.23
2019-03-21,59.99,60.39,59.66,59.98
2019-03-22,59.87,60.07,58.28,59.04
2019-03-25,58.98,59.35,58.17,58.82
2019-03-26,59.12,60.38,59.04,59.94
2019-03-27,60.03,60.22,58.81,59.41
2019-03-28,59.4,59.56,58.2,59.3
2019-03-29,59.53,60.73,59.41,60.14
2019-04-01,60.24,61.8,60.13,61.59
2019-04-02,61.81,62.75,61.6,62.58
2019-04-03,62.64,62.99,62.05,62.46
2019-04-04,62.5,62.77,61.89,62.1
2019-04-05,62.18,63.34,61.82,63.08
2019-04-08,63.33,64.48,63.13,64.4
2019-04-09,64.4,64.79,63.68,63.98
2019-04-10,64.22,64.7,64.05,64.61
2019-04-11,64.48,64.49,63.31,63.58
2019-04-12,63.71,64.65,63.66,63.89
2019-04-15,63.76,63.84,63.03,63.4
2019-04-16,63.57,64.37,62.99,64.05
2019-04-17,64.32,64.61,63.66,63.76
2019-04-18,63.75,64.16,63.46,64
2019-04-22,64.07,65.99,64.05,65.55
2019-04-23,65.75,66.6,65.58,66.3
2019-04-24,66.17,66.43,65.66,65.89
2019-04-25,65.81,66.28,64.9,65.21
2019-04-26,65.13,65.18,62.28,63.3
2019-04-29,62.95,63.69,62.46,63.5
2019-04-30,63.58,64.75,63.3,63.91
2019-05-01,63.4,63.93,62.77,63.6
2019-05-02,63.61,63.68,60.95,61.81
2019-05-03,61.55,62.52,61.3,61.94
2019-05-06,61.43,62.95,60.04,62.25
2019-05-07,62.17,62.49,60.66,61.4
2019-05-08,61.44,62.37,61.07,62.12
2019-05-09,62.02,62.21,60.92,61.7
2019-05-10,61.64,62.49,61.42,61.66
2019-05-13,61.65,63.33,60.64,61.04
2019-05-14,60.86,62.11,60.69,61.78
2019-05-15,61.37,62.34,60.85,62.02
2019-05-16,62.12,63.48,62.08,62.87
2019-05-17,63.12,63.64,62.52,62.76
2019-05-20,63.09,63.96,62.6,63.21
2019-05-21,63.3,63.78,62.78,63.13
2019-05-22,62.95,63,61.03,61.42
2019-05-23,61.31,61.41,57.33,57.91
2019-05-24,58.21,59.1,57.5,58.63
2019-05-28,58.94,59.57,58.13,59.14
2019-05-29,59.07,59.14,56.88,58.81
2019-05-30,59.12,59.7,56.33,56.59
2019-05-31,56.46,56.61,53.05,53.5
2019-06-03,53.42,54.63,52.11,53.25
2019-06-04,52.89,53.78,52.43,53.48
2019-06-05,52.86,53.41,50.6,51.68
2019-06-06,51.66,53.3,51.17,52.59
2019-06-07,53.1,54.32,52.62,53.99
2019-06-10,54.24,54.84,53.05,53.26
2019-06-11,53.43,54.04,52.91,53.27
2019-06-12,53.04,53.05,50.72,51.14
2019-06-13,51.07,53.45,50.92,52.28
2019-06-14,52.18,52.98,51.7,52.51
2019-06-17,52.5,52.74,51.58,51.93
2019-06-18,52.15,54.53,51.72,54.11
2019-06-19,54.3,54.65,53.5,53.97
2019-06-20,54.38,57.37,54.35,57.07
2019-06-21,57.26,57.98,56.66,57.43
2019-06-24,57.72,58.22,56.75,57.9
2019-06-25,57.74,58.84,57.2,57.83
2019-06-26,58.84,59.93,58.65,59.38
2019-06-27,59.27,59.73,58.61,59.43
2019-06-28,59.22,59.8,57.75,58.47
2019-07-01,59.27,60.28,58.34,59.09
2019-07-02,59.14,59.43,56.09,56.25
2019-07-03,56.49,57.48,56.04,57.34
2019-07-05,57.04,57.82,56.29,57.51
2019-07-08,57.77,58.46,57.3,57.66
2019-07-09,57.56,59.1,57.29,57.83
2019-07-10,58.4,60.53,58.35,60.43
2019-07-11,60.44,60.94,60.14,60.2
2019-07-12,60.46,60.74,59.93,60.21
2019-07-15,60.25,60.92,59.2,59.58
2019-07-16,59.26,60.06,57.07,57.62
2019-07-17,57.52,58.36,56.21,56.78
2019-07-18,56.6,57.32,54.72,55.3
2019-07-19,55.72,56.36,54.99,55.63
2019-07-22,56.2,57.04,55.83,56.22
2019-07-23,56.17,57.47,55.74,56.77
2019-07-24,57.23,57.64,55.33,55.88
2019-07-25,55.9,56.99,55.81,56.02
2019-07-26,55.93,56.57,55.68,56.2
2019-07-29,56.2,57.1,55.81,56.87
2019-07-30,57.07,58.47,56.96,58.05
2019-07-31,58.34,58.82,57.81,58.58
2019-08-01,57.85,57.99,53.59,53.95
2019-08-02,54.54,56.05,54.15,55.66
2019-08-05,55.38,55.61,54.22,54.69
2019-08-06,54.95,55.42,53.29,53.63
2019-08-07,53.42,53.77,50.52,51.09
2019-08-08,52.33,53.06,51.94,52.54
2019-08-09,52.88,54.92,52.37,54.5
2019-08-12,54.32,55.18,53.54,54.93
2019-08-13,54.73,57.47,54.21,57.1
2019-08-14,56.74,56.85,53.97,55.23
2019-08-15,54.9,55.33,53.77,54.47
2019-08-16,54.74,55.67,54.26,54.87
2019-08-19,54.95,56.32,54.79,56.14
2019-08-20,56.13,56.6,55.16,56.13
2019-08-21,56.05,57.13,55.55,55.68
2019-08-22,55.94,56.46,54.85,55.35
2019-08-23,55.35,55.6,53.24,54.17
2019-08-26,53.25,55.26,52.96,53.64
2019-08-27,53.76,55.72,53.69,54.93
2019-08-28,55.71,56.75,55.34,55.78
2019-08-29,55.88,56.89,55.43,56.71
2019-08-30,56.63,56.72,54.55,55.1
2019-09-03,55,55.24,52.84,53.94
2019-09-04,53.92,56.58,53.84,56.26
2019-09-05,55.95,57.76,55.75,56.3
2019-09-06,56.19,56.95,54.83,56.52
2019-09-09,56.8,58.16,56.58,57.85
2019-09-10,58.03,58.76,57.2,57.4
2019-09-11,57.89,58.3,55.61,55.75
2019-09-12,55.93,56.34,54,55.09
2019-09-13,55.15,55.68,54.44,54.85
2019-09-16,60.16,63.89,58.62,62.67
2019-09-17,61.72,62.39,58.27,59.1
2019-09-18,58.62,59.27,57.58,58.04
2019-09-19,58.17,59.49,58.02,58.19
2019-09-20,58.69,59.24,57.93,58.09
2019-09-23,59.25,59.39,57.37,58.64
2019-09-24,58.44,58.49,56.69,57.29
2019-09-25,56.7,57.02,55.55,56.49
2019-09-26,56.69,56.84,55.41,56.41
2019-09-27,56.51,56.76,54.75,55.91
2019-09-30,56.54,56.57,53.98,54.07
2019-10-01,54.28,54.84,53.05,53.62
2019-10-02,54,54.42,52.17,52.64
2019-10-03,52.47,52.91,50.99,52.45
2019-10-04,52.29,53.35,52.04,52.81
2019-10-07,52.69,54.06,52.59,52.75
2019-10-08,52.81,53.27,51.81,52.63
2019-10-09,52.57,53.74,52.31,52.59
2019-10-10,52.69,53.97,51.38,53.55
2019-10-11,53.88,54.93,53.64,54.7
2019-10-14,54.9,54.9,52.77,53.59
2019-10-15,53.51,53.79,52.39,52.81
2019-10-16,52.92,53.74,52.51,53.36
2019-10-17,52.99,54.16,52.62,53.93
2019-10-18,54.09,54.62,53.35,53.78
2019-10-21,53.83,54.17,52.85,53.51
2019-10-22,53.6,54.81,53.23,54.48
2019-10-23,54.3,56.07,53.62,55.97
2019-10-24,55.9,56.51,55.41,56.23
2019-10-25,56.07,56.74,55.6,56.66
2019-10-28,56.65,56.92,55.58,55.81
2019-10-29,55.8,55.91,54.61,55.54
2019-10-30,55.53,55.73,54.42,55.06
2019-10-31,54.9,55.59,53.71,54.18
2019-11-01,54.15,56.33,54.07,56.2
2019-11-04,56.41,57.43,55.83,56.54
2019-11-05,56.56,57.5,56.3,57.23
2019-11-06,57.26,57.85,56.11,56.35
2019-11-07,56.35,57.88,56.27,57.15
2019-11-08,57.08,57.48,55.76,57.24
2019-11-11,57.4,57.4,56.25,56.86
2019-11-12,56.89,57.55,56.54,56.8
2019-11-13,56.79,57.53,56.2,57.12
2019-11-14,57.39,57.79,56.63,56.77
2019-11-15,56.91,57.97,56.43,57.72
2019-11-18,57.97,58.17,56.64,57.14
2019-11-19,57,57.21,55.16,55.35
2019-11-20,55.26,57.37,54.85,57.01
2019-11-21,57,58.67,56.6,58.58
2019-11-22,58.31,58.74,57.5,57.77
2019-11-25,57.92,58.15,57.21,58.01
2019-11-26,57.92,58.56,57.76,58.41
2019-11-27,58.27,58.68,57.51,58.11
2019-11-29,58.13,58.3,55.02,55.17
2019-12-02,55.47,56.67,55.42,55.96
2019-12-03,55.96,56.8,55.35,56.1
2019-12-04,56.43,58.66,56.28,58.43
2019-12-05,58.36,59.12,58.1,58.43
2019-12-06,58.32,59.85,57.7,59.2
2019-12-09,59.11,59.25,58.23,59.02
2019-12-10,58.92,59.52,58.52,59.24
2019-12-11,59.06,59.22,58.11,58.76
2019-12-12,58.88,59.72,58.75,59.18
2019-12-13,59.36,60.48,59.27,60.07
2019-12-16,59.83,60.29,59.62,60.14
2019-12-17,60.16,60.97,59.97,60.87
2019-12-18,60.49,61.11,60.24,60.85
2019-12-19,60.81,61.4,60.69,61.18
2019-12-20,61.11,61.2,60.02,60.44
2019-12-23,60.41,60.77,60.1,60.52
2019-12-24,60.63,61.16,60.47,61.11
2019-12-26,61.2,61.83,61.06,61.68
2019-12-27,61.73,61.97,61.24,61.72
2019-12-30,61.71,62.34,61.09,61.68
2019-12-31,61.68,61.88,60.63,61.06
2020-01-02,61.6,61.6,60.64,61.18
2020-01-03,61.18,64.09,61.13,63.05
2020-01-06,63.71,64.72,62.64,63.27
2020-01-07,62.91,63.15,62.11,62.7
2020-01-08,62.84,65.65,59.15,59.61
2020-01-09,59.99,60.31,58.66,59.56
2020-01-10,59.61,59.78,58.85,59.04
2020-01-13,59.04,59.27,57.91,58.08
2020-01-14,58.03,58.72,57.72,58.23
2020-01-15,58.2,58.36,57.36,57.81
2020-01-16,58.1,58.87,57.56,58.52
2020-01-17,58.59,58.98,58.27,58.54
2020-01-21,59.35,59.77,57.71,58.38
2020-01-22,58.26,58.38,56.03,56.74
2020-01-23,56.11,56.27,54.77,55.59
2020-01-24,55.69,55.95,53.85,54.19
2020-01-27,53.7,53.71,52.13,53.14
2020-01-28,52.77,54.06,52.68,53.48
2020-01-29,53.97,54.37,52.81,53.33
2020-01-30,53.09,53.2,51.66,52.14
2020-01-31,52.92,53.36,50.97,51.56
2020-02-03,51.01,51.97,49.8,50.11
2020-02-04,49.94,51.55,49.31,49.61
2020-02-05,49.51,51.88,49.47,50.75
2020-02-06,51.17,52.2,50.24,50.95
2020-02-07,51.11,51.48,50.09,50.32
2020-02-10,50.12,50.49,49.42,49.57
2020-02-11,49.61,50.69,49.58,49.94
2020-02-12,49.96,51.73,49.95,51.17
2020-02-13,51.72,51.96,50.6,51.42
2020-02-14,51.51,52.34,51.32,52.05
2020-02-18,52.49,52.65,51.15,52.29
2020-02-19,52.36,53.87,52.16,53.49
2020-02-20,53.7,54.66,53.44,53.88
2020-02-21,53.74,53.86,52.55,53.38
2020-02-24,52.6,52.64,50.45,51.43
2020-02-25,51.37,52.02,49.69,49.9
2020-02-26,50.08,50.44,48.3,48.73
2020-02-27,48.63,48.78,45.88,47.09
2020-02-28,46.49,47.03,43.85,44.76
2020-03-02,43.7,47.56,43.32,46.75
2020-03-03,47.72,48.66,46.47,47.18
2020-03-04,46.94,48.41,46.65,46.78
2020-03-05,47.13,47.57,45.65,45.9
2020-03-06,46.09,46.38,41.05,41.28
2020-03-09,32.87,34.88,27.34,31.13
2020-03-10,30.37,35.02,30.2,34.36
2020-03-11,34.62,36.35,32.56,32.98
2020-03-12,33.07,33.63,30.02,31.5
2020-03-13,30.77,33.87,30.33,31.73
2020-03-16,32.69,33.8,28.5,29
2020-03-17,28.99,30.61,27.06,27.33
2020-03-18,27.3,27.6,20.52,20.83
2020-03-19,22.82,28.28,21.77,25.91
2020-03-20,25.59,28.49,22.39,22.63
2020-03-23,22.52,24.07,20.8,23.36
2020-03-24,23.87,25.16,23.09,24.01
2020-03-25,24.37,25.24,22.91,24.49
2020-03-26,24.25,24.65,22.38,22.6
2020-03-27,23.29,23.44,20.88,21.51
2020-03-30,20.93,20.93,19.27,20.09
2020-03-31,20.23,21.89,20.01,20.48
2020-04-01,20.1,21.55,19.9,20.31
2020-04-02,21.22,27.39,20.76,25.32
2020-04-03,24.81,29.13,23.52,28.34
2020-04-06,26.09,28.24,25.28,26.08
2020-04-07,26.34,27.24,23.54,23.63
2020-04-08,24.3,26.45,23.74,25.09
2020-04-09,26.28,28.36,22.57,22.76
2020-04-13,24.6,24.74,22.03,22.41
2020-04-14,22.36,23.08,19.95,20.11
2020-04-15,20.72,20.89,19.2,19.87
2020-04-16,20.15,20.53,19.42,19.87
2020-04-17,20,20.22,17.31,18.27
2020-04-20,24.76,24.92,20.19,20.43
2020-04-21,21.32,22.58,6.5,11.57
2020-04-22,13.12,16.19,10.26,13.78
2020-04-23,14.2,18.26,13.35,16.5
2020-04-24,16.78,17.97,15.64,16.94
2020-04-27,16.84,16.98,11.88,12.78
2020-04-28,12.96,13.69,10.07,12.34
2020-04-29,13.35,16.78,12.67,15.06
2020-04-30,15.64,19.44,15.45,18.84
2020-05-01,19.04,20.48,18.07,19.78
2020-05-04,19.11,21.42,18.05,20.39
2020-05-05,21.24,25.49,21.13,24.56
2020-05-06,25.52,26.08,22.58,23.99
2020-05-07,24.09,26.74,22.94,23.55
2020-05-08,23.35,24.99,23.26,24.74
2020-05-11,24.49,25.58,23.67,24.14
2020-05-12,24.49,26.23,24.22,25.78
2020-05-13,25.3,26.45,24.79,25.29
2020-05-14,25.56,27.96,25.18,27.56
2020-05-15,27.64,29.92,27.24,29.43
2020-05-18,29.81,33.1,29.55,31.65
2020-05-19,32.39,32.91,31.13,31.96
2020-05-20,31.89,33.78,31.56,33.49
2020-05-21,33.53,34.66,33.26,33.92
2020-05-22,33.95,34,30.72,33.25
2020-05-26,33.3,34.81,32.48,34.35
2020-05-27,34.14,34.32,31.75,32.81
2020-05-28,32.1,34.21,31.14,33.71
2020-05-29,33.68,35.77,32.36,35.49
2020-06-01,35.21,35.9,34.27,35.44
2020-06-02,35.56,37.06,35.28,36.81
2020-06-03,36.86,38.18,35.88,37.29
2020-06-04,36.76,37.62,36.38,37.41
2020-06-05,37.33,39.68,37.05,39.55
2020-06-08,39.41,40.44,37.96,38.19
2020-06-09,38.22,39.1,37.07,38.94
2020-06-10,38.5,39.91,37.73,39.6
2020-06-11,39.09,39.09,35.41,36.34
2020-06-12,36.26,36.99,34.48,36.26
2020-06-15,36.03,37.26,34.36,37.12
2020-06-16,37.05,39.06,36.38,38.38
2020-06-17,37.93,38.75,37.21,37.96
2020-06-18,37.74,38.97,37.11,38.84
2020-06-19,38.85,40.5,38.4,39.75
2020-06-22,39.02,40.77,39,40.73
2020-06-23,40.68,41.63,39.76,40.37
2020-06-24,39.99,40.54,37.31,38.01
2020-06-25,38.05,39.23,37.08,38.72
2020-06-26,39.09,39.35,37.79,38.49
2020-06-29,37.96,39.89,37.5,39.7
2020-06-30,39.64,40.08,38.85,39.27
2020-07-01,39.84,40.58,39.05,39.82
2020-07-02,39.78,40.74,39.46,40.65
2020-07-06,40.31,41.08,39.84,40.63
2020-07-07,40.68,40.95,39.9,40.62
2020-07-08,40.48,41.08,40.3,40.9
2020-07-09,40.87,40.99,39.27,39.62
2020-07-10,39.58,40.77,38.54,40.55
2020-07-13,40.35,40.72,39.47,40.1
2020-07-14,39.6,40.57,39.07,40.29
2020-07-15,40.55,41.26,40.08,41.2
2020-07-16,40.97,41.18,40.52,40.75
2020-07-17,40.72,40.9,40.02,40.59
2020-07-20,40.77,41.02,39.97,40.92
2020-07-21,40.8,42.51,40.75,41.92
2020-07-22,41.54,42.03,41.14,41.9
2020-07-23,41.95,42.36,40.83,41.07
2020-07-24,41.06,41.67,40.66,41.29
2020-07-27,41.26,41.82,40.48,41.6
2020-07-28,41.65,41.93,40.85,41.04
2020-07-29,41.13,41.57,40.93,41.27
2020-07-30,41.32,41.39,38.72,39.92
2020-07-31,40.34,40.55,39.66,40.27
2020-08-03,40.39,41.24,39.58,41.01
2020-08-04,40.78,42.08,40.14,41.7
2020-08-05,41.56,43.52,41.47,42.19
2020-08-06,42.19,42.65,41.61,41.95
2020-08-07,41.97,42.22,41.06,41.22
2020-08-10,41.5,42.33,41.17,41.94
2020-08-11,41.98,42.94,41.48,41.61
2020-08-12,41.62,42.9,41.53,42.67
2020-08-13,42.57,42.84,42.09,42.24
2020-08-14,42.33,42.57,41.62,42.01
2020-08-17,42.24,42.97,41.8,42.89
2020-08-18,42.79,42.99,42.11,42.89
2020-08-19,42.81,43.21,42.55,43.11
2020-08-20,42.95,42.98,41.63,42.82
2020-08-21,42.75,42.96,41.46,42.34
2020-08-24,42.48,42.89,42.23,42.62
2020-08-25,42.36,43.57,42.31,43.35
2020-08-26,43.39,43.78,43,43.39
2020-08-27,43.45,43.5,42.36,43.04
2020-08-28,42.98,43.42,42.69,42.97
2020-08-31,42.91,43.57,42.56,42.61
2020-09-01,42.83,43.43,42.72,42.76
2020-09-02,43.02,43.21,41.23,41.51
2020-09-03,41.63,41.79,40.22,41.37
2020-09-04,41.25,41.87,39.35,39.77
2020-09-08,39.48,39.59,36.13,36.76
2020-09-09,36.79,38.45,36.16,38.05
2020-09-10,37.8,38.18,36.93,37.3
2020-09-11,37.01,37.82,36.67,37.33
2020-09-14,37.32,37.68,36.82,37.26
2020-09-15,37.28,38.57,37.06,38.28
2020-09-16,38.35,40.34,38.35,40.16
2020-09-17,40.19,41.22,39.42,40.97
2020-09-18,40.97,41.49,40.3,41.11
2020-09-21,41.19,41.49,38.87,39.54
2020-09-22,39.84,40.27,39.19,39.8
2020-09-23,39.76,40.75,39.26,39.93
2020-09-24,39.6,40.37,39.12,40.31
2020-09-25,40.15,40.64,39.71,40.25
2020-09-28,40.07,40.8,39.78,40.6
2020-09-29,40.58,40.7,38.41,39.29
2020-09-30,39.16,40.37,38.68,40.22
2020-10-01,39.9,40.47,37.61,38.72
2020-10-02,38.6,38.65,36.63,37.05
2020-10-05,37,39.72,37,39.22
2020-10-06,39.35,40.86,39.1,40.67
2020-10-07,39.83,40.35,39.28,39.95
2020-10-08,39.99,41.33,39.76,41.19
2020-10-09,41.31,41.47,40.38,40.6
2020-10-12,40.4,40.45,39.04,39.43
2020-10-13,39.53,40.53,39.35,40.2
2020-10-14,40.19,41.15,39.82,41.04
2020-10-15,41.13,41.29,39.22,40.96
2020-10-16,40.88,41.05,40.08,40.88
2020-10-19,40.92,41.46,40.77,41.06
2020-10-20,40.93,41.9,40.46,41.7
2020-10-21,41.22,41.59,39.78,40.03
2020-10-22,40.04,41.02,39.71,40.64
2020-10-23,40.61,40.92,39.57,39.85
2020-10-26,39.69,39.74,38.28,38.56
2020-10-27,38.59,39.83,38.51,39.57
2020-10-28,38.97,39.01,36.97,37.39
2020-10-29,37.39,37.76,34.92,36.17
2020-10-30,36.07,36.6,35.21,35.79
2020-11-02,35.24,37.15,33.64,36.81
2020-11-03,37.03,38.32,36.57,37.66
2020-11-04,38.15,39.25,37.26,39.15
2020-11-05,39.17,39.35,38.27,38.79
2020-11-06,38.54,38.61,37.06,37.14
2020-11-09,37.34,41.33,37.16,40.29
2020-11-10,39.91,41.84,39.41,41.36
2020-11-11,41.79,43.06,41.32,41.45
2020-11-12,41.47,42.19,40.87,41.12
2020-11-13,40.94,40.94,40.06,40.13
2020-11-16,40.17,42.09,40.15,41.34
2020-11-17,41.44,41.69,40.57,41.43
2020-11-18,41.55,42.68,41.3,42.01
2020-11-19,41.87,42.15,41.26,41.9
2020-11-20,41.88,42.54,41.61,42.42
2020-11-23,42.46,43.36,42.29,43.06
2020-11-24,42.84,45.2,42.82,44.91
2020-11-25,44.82,46.26,44.73,45.71
2020-11-27,45.9,46.09,44.55,45.53
2020-11-30,45.34,45.8,44.42,45.34
2020-12-01,45.08,45.7,44.12,44.55
2020-12-02,44.38,45.92,43.92,45.28
2020-12-03,44.99,45.84,44.66,45.64
2020-12-04,45.64,46.68,45.61,46.26
2020-12-07,46.15,46.54,45.36,45.76
2020-12-08,45.66,45.93,45.14,45.6
2020-12-09,45.6,46.24,44.95,45.52
2020-12-10,45.69,47.74,45.52,46.78
2020-12-11,46.97,47.29,46.34,46.57
2020-12-14,46.73,47.44,45.69,46.99
2020-12-15,46.99,47.73,46.54,47.62
2020-12-16,47.6,47.94,47.17,47.82
2020-12-17,47.85,48.59,47.81,48.36
2020-12-18,48.43,49.28,48.1,49.1
2020-12-21,49.26,49.31,46.25,47.97
2020-12-22,47.93,47.96,46.6,47.02
2020-12-23,46.79,48.5,46.16,48.12
2020-12-24,48.09,48.62,47.56,48.23
2020-12-28,48.23,48.96,47.5,47.62
2020-12-29,47.72,48.35,47.68,48
2020-12-30,48.13,48.66,47.61,48.4
2020-12-31,48.35,48.58,47.77,48.52
2021-01-04,48.4,49.83,47.18,47.62
2021-01-05,47.38,50.2,47.24,49.93
2021-01-06,49.82,50.94,49.48,50.63
2021-01-07,50.53,51.28,50.39,50.83
2021-01-08,50.93,52.75,50.81,52.24
2021-01-11,52.58,52.7,51.5,52.25
2021-01-12,52.18,53.45,52.07,53.21
2021-01-13,53.31,53.93,52.58,52.91
2021-01-14,52.84,53.75,52.24,53.57
2021-01-15,53.8,53.83,51.83,52.36
2021-01-19,52,53.18,51.81,52.98
2021-01-20,53.06,53.83,52.83,53.31
2021-01-21,52.93,53.41,52.75,53.13
2021-01-22,53.1,53.16,51.44,52.27
2021-01-25,52.17,52.95,51.82,52.77
2021-01-26,52.91,53.25,52.29,52.61
2021-01-27,52.76,53.3,51.85,52.85
2021-01-28,52.65,53.58,52.04,52.34
2021-01-29,52.15,53.25,51.93,52.2
2021-02-01,51.99,53.74,51.64,53.55
2021-02-02,53.48,55.26,53.45,54.76
2021-02-03,55.05,56.33,54.81,55.69
2021-02-04,55.96,56.58,55.3,56.23
2021-02-05,56.46,57.29,56.43,56.85
2021-02-08,57.06,58.14,57,57.97
2021-02-09,58.11,58.62,57.27,58.36
2021-02-10,58.45,58.91,58.08,58.68
2021-02-11,58.4,58.71,57.84,58.24
2021-02-12,57.94,59.82,57.41,59.47
2021-02-16,59.98,60.95,59.33,60.05
2021-02-17,60.24,61.73,59.43,61.14
2021-02-18,61.68,62.26,59.79,60.52
2021-02-19,60.2,60.29,58.59,59.24
2021-02-22,58.93,62.22,58.82,61.7
2021-02-23,62.16,63,60.67,61.67
2021-02-24,61.29,63.51,60.97,63.22
2021-02-25,63.39,63.81,62.65,63.53
2021-02-26,63.46,63.57,61.34,61.5
2021-03-01,61.95,62.92,59.96,60.64
2021-03-02,60.23,61.21,59.38,59.75
2021-03-03,59.55,61.99,59.24,61.28
2021-03-04,61.08,64.86,60.52,63.83
2021-03-05,64.16,66.42,63.82,66.09
2021-03-08,66.68,67.98,64.57,65.05
2021-03-09,64.73,65.98,63.63,64.01
2021-03-10,63.84,64.96,63.13,64.44
2021-03-11,64.7,66.21,64.54,66.02
2021-03-12,65.96,66.24,65.41,65.61
2021-03-15,65.56,66.4,64.13,65.39
2021-03-16,65.33,65.43,63.8,64.8
2021-03-17,64.75,65.34,63.6,64.6
2021-03-18,64.42,64.82,58.2,60
2021-03-19,59.56,61.72,58.94,61.42
2021-03-22,61.6,62.04,60.35,61.56
2021-03-23,61.28,61.35,57.25,57.76
2021-03-24,57.4,61.34,57.29,61.18
2021-03-25,60.8,60.86,57.44,58.56
2021-03-26,58.48,61.36,58.32,60.97
2021-03-29,60.93,61.77,59.41,61.56
2021-03-30,61.96,62.27,59.94,60.55
2021-03-31,60.45,61.17,58.85,59.16
2021-04-01,59.49,61.75,58.86,61.45
2021-04-05,61.5,61.5,57.63,58.65
2021-04-06,58.8,60.9,58.62,59.33
2021-04-07,59.26,60.04,58.12,59.77
2021-04-08,59.52,59.93,58.82,59.6
2021-04-09,59.76,59.95,59.1,59.32
2021-04-12,59.35,60.77,58.73,59.7
2021-04-13,59.64,60.59,59.64,60.18
2021-04-14,60.44,63.44,60.38,63.15
2021-04-15,62.83,63.57,62.53,63.46
2021-04-16,63.32,63.88,62.83,63.13
2021-04-19,63.01,63.69,62.67,63.43
2021-04-20,63.53,64.38,61.49,62.67
2021-04-21,62.39,62.56,60.86,61.35
2021-04-22,61.11,61.87,60.61,61.43
2021-04-23,61.65,62.43,61.25,62.14
2021-04-26,62.06,62.31,60.66,61.91
2021-04-27,61.97,63.3,61.91,62.94
2021-04-28,63.04,64.53,62.67,63.86
2021-04-29,63.7,65.47,63.65,65.01
2021-04-30,64.88,64.95,63.08,63.58
2021-05-03,63.64,64.68,62.91,64.49
2021-05-04,64.53,66.19,64.29,65.69
2021-05-05,66.45,66.76,64.92,65.63
2021-05-06,65.27,65.98,64.5,64.71
2021-05-07,64.9,65.24,63.9,64.9
2021-05-10,65.57,65.75,63.95,64.92
2021-05-11,64.9,65.5,63.68,65.28
2021-05-12,65.46,66.63,64.97,66.08
2021-05-13,65.75,65.81,63.09,63.82
2021-05-14,63.83,65.62,63.33,65.37
2021-05-17,65.44,66.42,64.83,66.28
2021-05-18,66.31,67.02,64.14,65.5
2021-05-19,65.3,65.35,61.95,63.35
2021-05-20,63.35,63.95,61.67,61.94
2021-05-21,61.89,64.07,61.56,63.58
2021-05-24,63.87,66.14,63.63,66.05
2021-05-25,66.02,66.51,65.41,66.07
2021-05-26,66.04,66.43,65.25,66.21
2021-05-27,66.16,66.92,65.47,66.85
2021-05-28,66.95,67.52,66.17,66.32
2021-06-01,66.68,68.87,66.41,67.72
2021-06-02,67.99,69,67.78,68.83
2021-06-03,68.76,69.4,68.19,68.81
2021-06-04,68.91,69.76,68.33,69.62
2021-06-07,69.52,70,68.93,69.23
2021-06-08,69.29,70.27,68.47,70.05
2021-06-09,70.01,70.62,69.46,69.96
2021-06-10,69.76,70.65,68.68,70.29
2021-06-11,70.1,71.24,69.68,70.91
2021-06-14,70.65,71.78,70.65,70.88
2021-06-15,71.16,72.49,70.81,72.12
2021-06-16,72.45,72.99,71.61,72.15
2021-06-17,71.65,72.3,69.77,71.04
2021-06-18,71.1,72.17,70.16,71.64
2021-06-21,71.15,73.28,70.78,73.12
2021-06-22,73.04,73.47,72.47,72.85
2021-06-23,72.91,74.25,72.82,73.08
2021-06-24,73.28,73.61,72.32,73.3
2021-06-25,73.32,74.18,72.85,74.05
2021-06-28,73.99,74.45,72.62,72.91
2021-06-29,72.78,73.81,71.97,72.98
2021-06-30,73.47,74.14,72.82,73.47
2021-07-01,73.5,76.22,73.39,75.23
2021-07-02,75.02,75.62,74.41,75.16
2021-07-06,75.35,76.98,72.94,73.37
2021-07-07,73.85,74.86,71.07,72.2
2021-07-08,72.17,73.26,70.76,72.94
2021-07-09,73.26,74.76,72.72,74.56
2021-07-12,74.74,74.93,73.16,74.1
2021-07-13,74.18,75.52,73.68,75.25
2021-07-14,75.17,75.44,72.21,73.13
2021-07-15,72.96,72.96,71.4,71.65
2021-07-16,71.48,72.3,70.41,71.81
2021-07-19,71.09,71.4,65.56,66.35
2021-07-20,66.61,67.61,65.01,67.2
2021-07-21,66.45,70.51,66.44,70.3
2021-07-22,70.22,72.03,69.86,71.91
2021-07-23,71.71,72.21,71.39,72.07
2021-07-26,72.18,72.43,70.56,71.91
2021-07-27,72.22,72.33,71.08,71.65
2021-07-28,71.9,72.6,71.7,72.39
2021-07-29,72.4,73.68,72.26,73.62
2021-07-30,73.41,74.23,72.93,73.95
2021-08-02,73.91,73.95,70.55,71.26
2021-08-03,71.52,71.96,69.19,70.56
2021-08-04,70.32,70.81,67.85,68.15
2021-08-05,68.06,69.35,67.61,69.09
2021-08-06,69.14,70.18,67.8,68.28
2021-08-09,67.88,67.9,65.15,66.48
2021-08-10,66.85,68.9,66.56,68.29
2021-08-11,68.51,69.45,66.67,69.25
2021-08-12,69.36,69.62,68.46,69.09
2021-08-13,68.91,69.22,67.77,68.44
2021-08-16,67.63,68.03,65.51,67.05
2021-08-17,67.17,67.46,66.09,66.34
2021-08-18,66.34,67.23,64.17,65.21
2021-08-19,64.45,64.57,62.41,63.5
2021-08-20,63.65,64.04,61.82,62.14
2021-08-23,61.96,66,61.74,65.64
2021-08-24,65.54,67.8,65.41,67.54
2021-08-25,67.63,68.54,66.92,68.36
2021-08-26,68,68.31,67.02,67.42
2021-08-27,67.75,69.05,67.52,68.74
2021-08-30,69.3,69.64,67.67,69.21
2021-08-31,69.18,69.34,68.16,68.5
2021-09-01,68.55,69.24,67.12,68.59
2021-09-02,68.29,70.61,67.84,69.99
2021-09-03,69.76,70.53,69.05,69.29
2021-09-07,69.11,69.48,67.64,68.35
2021-09-08,68.37,69.75,68.31,69.3
2021-09-09,69.36,69.89,67.56,68.14
2021-09-10,67.97,69.96,67.68,69.72
2021-09-13,69.74,70.97,69.51,70.45
2021-09-14,70.64,71.22,69.98,70.46
2021-09-15,70.76,73.14,70.65,72.61
2021-09-16,72.65,72.99,71.53,72.61
2021-09-17,72.62,72.72,71.21,71.97
2021-09-20,71.81,71.93,69.71,70.14
2021-09-21,70.43,71.48,69.39,70.49
2021-09-22,70.85,72.3,70.64,72.23
2021-09-23,71.97,73.5,71.61,73.3
2021-09-24,73.24,74.27,72.81,73.98
2021-09-27,74.19,75.75,74.16,75.45
2021-09-28,75.43,76.67,74.24,75.29
2021-09-29,74.38,75.79,73.74,74.83
2021-09-30,74.78,76.07,73.14,75.03
2021-10-01,75.12,75.99,74.23,75.88
2021-10-04,75.9,78.38,75.32,77.62
2021-10-05,77.58,79.48,77.47,78.93
2021-10-06,79.04,79.78,76.83,77.43
2021-10-07,77,78.89,74.96,78.3
2021-10-08,78.86,80.11,78.63,79.35
2021-10-11,79.59,82.18,79.55,80.52
2021-10-12,80.5,81.62,79.47,80.64
2021-10-13,80.58,81.04,79.42,80.44
2021-10-14,80.59,81.68,80.38,81.31
2021-10-15,81.48,82.66,81.39,82.28
2021-10-18,82,83.18,81.21,81.69
2021-10-19,81.58,82.99,81.08,82.44
2021-10-20,82.46,83.65,80.78,83.42
2021-10-21,83.58,83.96,80.79,82.5
2021-10-22,82.61,84.22,81.76,83.76
2021-10-25,83.98,85.41,83.39,83.76
2021-10-26,83.72,84.88,82.97,84.65
2021-10-27,84.39,84.51,82.01,82.66
2021-10-28,82.25,83.21,80.58,82.81
2021-10-29,83.09,83.74,81.41,83.57
2021-11-01,83.36,84.88,82.74,84.05
2021-11-02,83.87,84.41,82.92,83.91
2021-11-03,83.07,83.08,79.69,80.86
2021-11-04,80.18,83.42,78.25,78.81
2021-11-05,79.37,81.8,78.96,81.27
2021-11-08,81.13,82.67,81.05,81.93
2021-11-09,82.16,84.63,81.78,84.15
2021-11-10,84.53,84.97,80.81,81.34
2021-11-11,81.41,82.33,80.2,81.59
2021-11-12,81.21,81.62,79.78,80.79
2021-11-15,79.59,80.04,78.28,79.75
2021-11-16,79.8,80.68,78.97,79.74
2021-11-17,79.6,79.71,76.93,77.55
2021-11-18,77.49,78.8,76.44,78.41
2021-11-19,78.29,79.33,75.09,75.94
2021-11-22,75.75,77.16,74.76,76.75
2021-11-23,76.46,78.86,75.3,78.5
2021-11-24,78.48,79.23,77.98,78.39
2021-11-26,78.34,78.65,67.4,68.15
2021-11-29,69.23,72.93,68.86,69.95
2021-11-30,70.04,71.22,64.43,66.18
2021-12-01,67.01,69.49,64.84,65.57
2021-12-02,65.63,67.49,62.43,66.5
2021-12-03,67.5,69.22,65.6,66.26
2021-12-06,67.02,70.15,66.72,69.49
2021-12-07,69.72,73.03,69.52,72.05
2021-12-08,71.86,73,70.91,72.36
2021-12-09,72.52,73.34,70.39,70.94
2021-12-10,70.68,72.33,70.32,71.67
2021-12-13,72.04,73,70.71,71.29
2021-12-14,71.12,72.03,69.51,70.73
2021-12-15,70.35,71.66,69.39,70.87
2021-12-16,71.48,72.99,71.03,72.38
2021-12-17,71.92,72.26,69.89,70.86
2021-12-20,70.07,70.07,66.04,68.23
2021-12-21,69.21,71.55,68.56,71.12
2021-12-22,71.27,73.16,70.8,72.76
2021-12-23,73.03,73.95,72.27,73.79
2021-12-27,73.38,76.09,72.57,75.57
2021-12-28,75.97,76.92,75.53,75.98
2021-12-29,76.04,77.37,75.36,76.56
2021-12-30,76.58,77.44,75.78,76.99
2021-12-31,76.66,77.08,74.95,75.21
2022-01-03,75.69,76.46,74.27,76.08
2022-01-04,76.02,77.64,75.7,76.99
2022-01-05,77.18,78.58,76.51,77.85
2022-01-06,77.24,80.24,76.73,79.46
2022-01-07,79.62,80.47,78.52,78.9
2022-01-10,78.88,79.45,77.83,78.23
2022-01-11,78.42,81.59,78.36,81.22
2022-01-12,81.38,83.1,81.17,82.64
2022-01-13,82.82,82.94,81.39,82.12
2022-01-14,81.73,84.45,81.58,83.82
2022-01-18,83.77,85.98,82.93,84.83
2022-01-19,85.89,86.79,84.99,85.8
2022-01-20,85.06,87.1,84.2,85.55
2022-01-21,84.57,85.56,82.78,85.14
2022-01-24,84.91,86.09,81.9,83.31
2022-01-25,84.15,85.71,82.99,85.6
2022-01-26,85.26,87.95,85.01,87.35
2022-01-27,87.15,88.54,86.2,86.61
2022-01-28,87.5,88.84,86.44,86.82
2022-01-31,87.45,88.39,86.34,88.15
2022-02-01,88.15,88.87,86.55,88.2
2022-02-02,88.35,89.72,87.1,88.26
2022-02-03,87.98,90.45,86.75,90.27
2022-02-04,90.19,93.17,90.07,92.31
2022-02-07,91.82,92.73,90.73,91.32
2022-02-08,91.64,91.68,88.51,89.36
2022-02-09,89.86,90.58,88.41,89.66
2022-02-10,90.01,91.74,89.03,89.88
2022-02-11,90,94.66,89.19,93.1
2022-02-14,93.91,95.82,92.09,95.46
2022-02-15,94.83,95.17,90.66,92.07
2022-02-16,92.21,95.01,90,93.66
2022-02-17,90.9,93.36,90.62,91.76
2022-02-18,91.63,92.66,89.03,91.07
2022-02-22,91.32,94.95,89.06,91.91
2022-02-23,91.74,93.9,90.64,92.1
2022-02-24,92.52,100.54,91.45,92.81
2022-02-25,93.32,95.64,90.06,91.59
2022-02-28,94.99,99.1,94.43,95.72
2022-03-01,96.09,106.78,95.32,103.41
2022-03-02,107.12,112.51,105.18,110.6
2022-03-03,111.33,116.57,106.43,107.67
2022-03-04,107.96,116.02,107.25,115.68
2022-03-07,121.33,130.5,115.54,119.4
2022-03-08,120.67,129.44,117.07,123.7
2022-03-09,124.66,126.84,103.63,108.7
2022-03-10,110.41,114.88,105.53,106.02
2022-03-11,105.99,110.29,104.48,109.33
2022-03-14,109.42,109.72,99.76,103.01
2022-03-15,102.28,102.58,93.53,96.44
2022-03-16,95.23,99.22,94.07,95.04
2022-03-17,95.34,104.24,94.85,102.98
2022-03-18,103.62,106.28,102.3,104.7
2022-03-21,103.62,111.08,102.47,109.97
2022-03-22,110.91,113.35,107.1,109.27
2022-03-23,108.85,115.4,108.38,114.93
2022-03-24,114.47,116.64,110.61,112.34
2022-03-25,111.75,114.12,108.68,113.9
2022-03-28,112.92,112.93,102.83,105.96
2022-03-29,103.47,107.84,98.44,104.24
2022-03-30,105.24,108.75,104.55,107.82
2022-03-31,107.45,107.8,99.66,100.28
2022-04-01,101.23,101.75,97.78,99.27
2022-04-04,98.95,103.94,98.05,103.28
2022-04-05,103.66,105.59,100.95,101.96
2022-04-06,101.24,104.02,95.73,96.23
2022-04-07,97.16,98.82,93.81,96.03
2022-04-08,97.17,98.76,95.29,98.26
2022-04-11,98.4,98.52,92.93,94.29
2022-04-12,95.17,101.35,94.84,100.6
2022-04-13,100.91,104.47,99.87,104.25
2022-04-14,104.2,107.64,102.12,106.95
2022-04-18,106.46,109.2,105.43,107.61
2022-04-19,107.06,108.37,101.51,102.05
2022-04-20,102.38,103.96,99.88,102.19
2022-04-21,102.5,105.42,102.01,103.79
2022-04-22,104.07,104.22,101.06,101.75
2022-04-25,101.38,101.55,95.28,98.54
2022-04-26,98.64,102.78,97.06,101.7
2022-04-27,101.76,102.99,99.8,102.02
2022-04-28,102.11,105.68,100.13,105.36
2022-04-29,105.17,107.99,103.78,104.69
2022-05-02,104,105.94,100.28,105.17
2022-05-03,105.08,105.8,102.1,102.41
2022-05-04,103.5,108.61,102.95,107.81
2022-05-05,107.58,111.37,106.45,108.26
2022-05-06,108.7,111.18,107.24,109.77
2022-05-09,110.43,110.49,102.13,103.09
2022-05-10,102.65,104.16,98.86,99.76
2022-05-11,99,106.44,98.2,105.71
2022-05-12,105.63,107.37,102.66,106.13
2022-05-13,106.65,110.64,106.29,110.49
2022-05-16,109,112.47,106.27,111.82
2022-05-17,111.61,113.2,108.96,109.63
2022-05-18,110.77,112.39,106.06,107.04
2022-05-19,106.96,110.16,103.24,109.89
2022-05-20,109.26,111.04,108.13,110.28
2022-05-23,110.56,111.96,109.15,110.29
2022-05-24,110.41,111.43,108.61,109.77
2022-05-25,110.39,111.68,109.23,110.33
2022-05-26,110.69,114.83,110.27,114.09
2022-05-27,114.2,115.3,112.85,115.07
2022-05-31,114.96,119.98,114.15,114.67
2022-06-01,115.4,117.87,114.58,115.26
2022-06-02,114.8,117.77,111.2,116.87
2022-06-03,117.55,120.46,115.23,118.87
2022-06-06,120.82,120.99,117.63,118.5
2022-06-07,119.1,120.36,117.14,119.41
2022-06-08,119.79,123.18,119.3,122.11
2022-06-09,122.43,122.72,120.79,121.51
2022-06-10,121.46,122.75,118.33,120.67
2022-06-13,120.19,122.25,117.47,120.93
2022-06-14,121.09,123.68,116.62,118.93
2022-06-15,119.07,119.61,114.6,115.31
2022-06-16,115.98,118.08,112.31,117.59
2022-06-17,117.08,118.97,108.25,109.56
2022-06-21,108.75,111.16,106.82,109.52
2022-06-22,109.54,109.76,101.53,106.19
2022-06-23,104.42,107.05,102.32,104.27
2022-06-24,103.99,108.58,103.64,107.62
2022-06-27,107.22,110.54,105.6,109.57
2022-06-28,110.18,112.22,109.62,111.76
2022-06-29,111.86,114.05,109.22,109.78
2022-06-30,109.7,110.45,105.1,105.76
2022-07-01,106.01,109.34,104.56,108.43
2022-07-05,108.8,111.45,97.43,99.5
2022-07-06,100.36,102.14,95.1,98.53
2022-07-07,98.22,104.48,96.57,102.73
2022-07-08,102.22,105.24,101.51,104.79
2022-07-11,104.79,105.05,100.89,104.09
2022-07-12,103.46,103.49,95.35,95.84
2022-07-13,95.89,97.96,93.67,96.3
2022-07-14,96.57,97,90.56,95.78
2022-07-15,96.39,99.03,94.57,97.59
2022-07-18,94.34,99.62,92.88,99.42
2022-07-19,98.86,100.99,96.52,100.74
2022-07-20,100.34,100.72,98.16,99.88
2022-07-21,99.91,99.99,94.59,96.35
2022-07-22,96.51,97.95,94.23,94.7
2022-07-25,95.1,96.94,93.01,96.7
2022-07-26,96.33,99,94.76,94.98
2022-07-27,95.6,98.59,94.3,97.26
2022-07-28,98.17,99.84,96.04,96.42
2022-07-29,97.3,101.88,96.41,98.62
2022-08-01,98.46,98.65,92.42,93.89
2022-08-02,93.75,96.47,92.59,94.42
2022-08-03,93.83,96.57,90.38,90.66
2022-08-04,90.95,91.9,87.55,88.54
2022-08-05,88.06,90.76,87.01,89.01
2022-08-08,88.46,90.89,87.22,90.76
2022-08-09,90.69,92.65,89.05,90.5
2022-08-10,90.51,92.43,87.66,91.93
2022-08-11,91.55,95.05,91.24,94.34
2022-08-12,94.09,94.81,91.16,92.09
2022-08-15,91.94,92.1,86.82,89.41
2022-08-16,87.93,90.65,85.73,86.53
2022-08-17,87.1,89.16,85.88,88.11
2022-08-18,87.39,91.46,87.32,90.5
2022-08-19,90.39,92.09,88.38,90.77
2022-08-22,89.63,91.03,86.28,90.36
2022-08-23,90.55,94.22,90.42,93.74
2022-08-24,93.78,95.4,92.79,94.89
2022-08-25,95.35,95.76,92.29,92.52
2022-08-26,93.06,94.02,91.08,93.06
2022-08-29,92.96,97.37,92.29,97.01
2022-08-30,96.9,97.66,90.54,91.64
2022-08-31,92.31,92.73,88.27,89.55
2022-09-01,88.83,89.63,85.98,86.61
2022-09-02,86.56,89.66,86.35,86.87
2022-09-06,86.84,90.39,86.18,86.88
2022-09-07,86.93,87.76,81.5,81.94
2022-09-08,81.91,84.25,81.2,83.54
2022-09-09,82.8,87.2,82.68,86.79
2022-09-12,86.25,89.1,85.16,87.78
2022-09-13,88.09,89.31,85.06,87.31
2022-09-14,87.94,90.19,86.18,88.48
2022-09-15,88.91,89.15,84.53,85.1
2022-09-16,85.16,86.59,84.27,85.11
2022-09-19,84.81,85.88,81.73,85.36
2022-09-20,85.02,86.12,83.01,83.94
2022-09-21,84.25,86.68,82.49,82.94
2022-09-22,83.07,86,82.4,83.49
2022-09-23,83.54,83.92,78.04,78.74
2022-09-26,79.23,80.31,76.25,76.71
2022-09-27,76.47,79.51,76.42,78.5
2022-09-28,78.08,82.34,76.55,82.15
2022-09-29,81.9,82.94,80.34,81.23
2022-09-30,81.74,82.56,79.14,79.49
2022-10-03,81.02,84.56,80.87,83.63
2022-10-04,83.22,86.98,83.22,86.52
2022-10-05,86.37,88.42,85.42,87.76
2022-10-06,88.08,89.07,87.04,88.45
2022-10-07,88.93,93.31,88,92.64
2022-10-10,93.48,93.64,90.54,91.13
2022-10-11,91.14,91.35,87.91,89.35
2022-10-12,88.67,90.07,86.28,87.27
2022-10-13,87.08,89.66,85.56,89.11
2022-10-14,89.27,89.73,85.2,85.61
2022-10-17,84.63,86.18,83.7,84.53
2022-10-18,84.8,85.53,81.3,82.07
2022-10-19,82.91,85.02,81.72,84.52
2022-10-20,84.91,87.14,84.16,84.51
2022-10-21,85.07,85.9,83.15,85.05
2022-10-24,85.24,85.92,82.63,84.58
2022-10-25,84.88,86.03,83.06,85.32
2022-10-26,85.07,88.41,84.14,87.91
2022-10-27,88.26,89.79,87.33,89.08
2022-10-28,88.67,88.76,87.08,87.9
2022-10-31,88.39,88.65,85.3,86.53
2022-11-01,86.43,89.45,85.92,88.37
2022-11-02,88.62,90.36,87.72,90
2022-11-03,89.35,89.67,87.6,88.17
2022-11-04,87.9,92.87,87.82,92.61
2022-11-07,91,93.74,90.4,91.79
2022-11-08,91.87,92.17,88.52,88.91
2022-11-09,88.57,89.24,85.5,85.83
2022-11-10,85.85,87.35,84.7,86.47
2022-11-11,86.27,90.1,86.18,88.96
2022-11-14,89.02,89.84,85.15,85.87
2022-11-15,85.25,88.68,84.06,86.92
2022-11-16,86.89,87.51,84.2,85.59
2022-11-17,85.22,85.45,81.4,81.64
2022-11-18,82.09,82.64,77.23,80.08
2022-11-21,80.26,80.5,75.27,80.04
2022-11-22,80.22,82.36,79.85,80.95
2022-11-23,81.08,81.95,76.83,77.94
2022-11-25,77.51,79.9,76.22,76.28
2022-11-28,75.93,77.84,73.6,77.24
2022-11-29,76.54,79.65,76.29,78.2
2022-11-30,79,81.38,78.4,80.55
2022-12-01,80.4,83.34,79.93,81.22
2022-12-02,81.47,82.22,79.65,79.98
2022-12-05,79.99,82.72,76.77,76.93
2022-12-06,77.35,77.88,73.41,74.25
2022-12-07,74.55,75.38,71.75,72.01
2022-12-08,72.38,75.44,71.12,71.46
2022-12-09,71.85,72.92,70.08,71.02
2022-12-12,71.79,73.99,70.25,73.17
2022-12-13,73.29,76.37,73.21,75.39
2022-12-14,75.27,77.75,74.9,77.28
2022-12-15,77.37,77.77,75.33,76.11
2022-12-16,76.37,76.57,73.33,74.29
2022-12-19,74.62,76.64,74.03,75.38
2022-12-20,75.77,76.96,74.46,76.23
2022-12-21,75.99,78.61,75.8,78.29
2022-12-22,78.43,79.9,77.03,77.49
2022-12-23,78.18,80.33,77.98,79.56
2022-12-27,79.9,81.18,79.16,79.53
2022-12-28,79.89,79.92,77.3,78.96
2022-12-29,78.82,78.82,76.79,78.4
2022-12-30,78.73,80.67,77.71,80.26
2023-01-03,80.57,81.5,76.6,76.93
2023-01-04,77.25,77.42,72.73,72.84
2023-01-05,73.25,74.92,72.46,73.67
2023-01-06,73.97,75.47,73.24,73.77
2023-01-09,73.47,76.74,73.47,74.63
2023-01-10,74.86,75.92,73.84,75.12
2023-01-11,74.78,77.84,74.31,77.41
2023-01-12,77.7,79.16,77.1,78.39
2023-01-13,78.32,80.11,77.97,79.86
2023-01-17,80.34,81.51,78.8,80.45
2023-01-18,81.34,82.66,79.21,79.8
2023-01-19,79.43,81.49,78.45,80.61
2023-01-20,80.84,81.91,79.91,81.64
2023-01-23,81.79,82.64,81.05,81.62
2023-01-24,81.62,82.22,79.66,80.13
2023-01-25,80.26,81.23,79.45,80.15
2023-01-26,80.48,82.14,79.92,81.01
2023-01-27,81.22,82.48,79.04,79.68
2023-01-30,80.04,80.49,77.66,77.9
2023-01-31,77.91,79.25,76.55,78.87
2023-02-01,79.06,79.73,76.05,76.41
2023-02-02,76.79,77.24,74.97,75.88
2023-02-03,75.92,78,73.1,73.39
2023-02-06,73.23,74.51,72.25,74.11
2023-02-07,74.57,77.6,74.35,77.14
2023-02-08,77.49,78.57,77.08,78.47
2023-02-09,78.45,78.84,76.52,78.06
2023-02-10,77.68,80.33,77.47,79.72
2023-02-13,79.94,80.62,78.45,80.14
2023-02-14,79.06,79.61,77.46,79.06
2023-02-15,78.83,79.15,77.25,78.59
2023-02-16,78.54,79.54,77.92,78.49
2023-02-17,78.07,78.25,75.06,76.34
2023-02-21,76.64,77.74,75.9,76.36
2023-02-22,76.11,76.55,73.8,73.95
2023-02-23,73.92,75.99,73.83,75.39
2023-02-24,75.6,76.63,74.09,76.32
2023-02-27,76.42,76.82,74.99,75.68
2023-02-28,75.76,77.83,75.55,77.05
2023-03-01,76.85,77.85,76.12,77.69
2023-03-02,77.74,78.59,77.23,78.16
2023-03-03,77.89,79.9,75.83,79.68
2023-03-06,79.92,80.63,78.32,80.46
2023-03-07,80.5,80.94,77.06,77.58
2023-03-08,77.32,77.73,76.11,76.66
2023-03-09,76.5,78.06,75.43,75.72
2023-03-10,75.65,77.11,74.77,76.68
2023-03-13,76.6,77.47,72.3,74.8
2023-03-14,74.7,74.9,70.78,71.33
2023-03-15,71.56,72.56,65.65,67.61
2023-03-16,68.22,69.38,65.71,68.35
2023-03-17,68.26,69.64,65.17,66.74
2023-03-20,66.9,67.9,64.36,67.82
2023-03-21,67.83,69.77,66.9,69.67
2023-03-22,69.48,71.31,68.89,70.9
2023-03-23,69.95,71.67,69.14,69.96
2023-03-24,69.51,70.38,66.82,69.26
2023-03-27,69.42,73.1,69.13,72.81
2023-03-28,72.86,73.93,72.19,73.2
2023-03-29,73.61,74.37,72.76,72.97
2023-03-30,72.98,74.63,72.61,74.37
2023-03-31,74.37,75.72,73.77,75.67
2023-04-03,80.1,81.69,79,80.42
2023-04-04,80.44,81.81,79.61,80.71
2023-04-05,81.01,81.24,79.72,80.61
2023-04-06,80.37,80.96,79.65,80.7
2023-04-10,80.5,81.22,79.61,79.74
2023-04-11,79.88,81.59,79.37,81.53
2023-04-12,81.44,83.53,81.28,83.26
2023-04-13,83.22,83.44,82.11,82.16
2023-04-14,82.4,83.12,81.76,82.52
2023-04-17,82.42,82.62,80.46,80.83
2023-04-18,81,81.52,79.91,80.9
2023-04-19,80.96,81.24,78.53,79.24
2023-04-20,79.03,79.07,76.97,77.37
2023-04-21,77.13,78.39,76.72,77.87
2023-04-24,77.97,79.18,76.72,78.76
2023-04-25,78.74,79.07,76.5,77.07
2023-04-26,77.08,77.93,74.05,74.3
2023-04-27,74.38,75.28,74.03,74.76
2023-04-28,74.91,76.92,73.93,76.78
2023-05-01,76.66,76.69,74.53,75.66
2023-05-02,75.76,76.11,71.42,71.66
2023-05-03,71.56,71.79,67.95,68.6
2023-05-04,68.16,69.84,63.57,68.56
2023-05-05,68.7,71.81,68.48,71.34
2023-05-08,71.35,73.69,71.04,73.16
2023-05-09,72.84,73.78,71.34,73.71
2023-05-10,73.58,73.89,71.8,72.56
2023-05-11,72.77,73.5,70.63,70.87
2023-05-12,71.42,71.78,69.93,70.04
2023-05-15,70.04,71.69,69.41,71.11
2023-05-16,71.32,71.79,70.45,70.86
2023-05-17,70.6,73.26,70.04,72.83
2023-05-18,72.75,72.87,71.42,71.86
2023-05-19,71.94,73.4,71.03,71.55
2023-05-22,71.87,72.53,70.67,72.05
2023-05-23,72.1,73.79,71.71,72.91
2023-05-24,73.77,74.73,73.13,74.34
2023-05-25,74.21,74.37,70.98,71.83
2023-05-26,71.89,73.05,71.49,72.67
2023-05-30,73.23,73.55,69.02,69.46
2023-05-31,69.62,69.69,67.03,68.09
2023-06-01,67.6,71.07,67.51,70.1
2023-06-02,70.21,72.17,70,71.74
2023-06-05,75.03,75.06,71.73,72.15
2023-06-06,71.99,72.33,70.13,71.74
2023-06-07,71.56,73.19,71.01,72.53
2023-06-08,72.47,73.28,69.03,71.29
2023-06-09,70.94,71.77,70.1,70.17
2023-06-12,70.27,70.33,66.8,67.12
2023-06-13,67.31,69.83,67.15,69.42
2023-06-14,69.35,70.49,68.07,68.27
2023-06-15,68.7,70.96,67.97,70.62
2023-06-16,70.55,71.89,69.95,71.78
2023-06-20,71.69,72.38,69.76,71.19
2023-06-21,70.9,72.72,70.8,72.53
2023-06-22,72.43,72.65,68.93,69.51
2023-06-23,69.53,69.65,67.35,69.16
2023-06-26,69.84,70.11,68.71,69.37
2023-06-27,69.49,70.15,67.5,67.7
2023-06-28,68.01,69.73,67.05,69.56
2023-06-29,69.25,70.6,68.93,69.86
2023-06-30,69.82,71.04,69.53,70.64
2023-07-03,70.45,71.77,69.69,69.79
2023-07-05,70.15,72.17,69.9,71.79
2023-07-06,71.8,72.34,70.22,71.8
2023-07-07,71.89,73.92,71.19,73.86
2023-07-10,73.86,74.15,72.67,72.99
2023-07-11,73.19,74.96,72.98,74.83
2023-07-12,74.83,76.15,74.67,75.75
2023-07-13,75.85,77.33,75.32,76.89
2023-07-14,77.16,77.3,75.11,75.42
2023-07-17,74.88,76,73.78,74.08
2023-07-18,74.08,75.9,73.82,75.66
2023-07-19,75.75,76.87,75.02,75.29
2023-07-20,75.33,76.15,74.52,75.65
2023-07-21,75.7,77.29,75.69,77.07
2023-07-24,77.01,79.28,76.44,78.74
2023-07-25,78.85,79.9,78.29,79.63
2023-07-26,79.34,79.77,78.55,78.78
2023-07-27,78.9,80.6,78.87,80.09
2023-07-28,79.84,80.71,79.07,80.58
2023-07-31,80.65,82,80.13,81.8
2023-08-01,81.73,82.22,80.59,81.37
2023-08-02,82.05,82.43,79.05,79.49
2023-08-03,79.77,81.86,78.69,81.55
2023-08-04,81.73,83.24,81.51,82.82
2023-08-07,82.82,83.3,81.52,81.94
2023-08-08,82.53,83.08,79.9,82.92
2023-08-09,82.88,84.65,82.67,84.4
2023-08-10,84.25,84.89,82.58,82.82
2023-08-11,82.83,83.81,82.23,83.19
2023-08-14,83.09,83.2,81.76,82.51
2023-08-15,82.52,82.91,80.4,80.99
2023-08-16,81.23,81.43,79.05,79.38
2023-08-17,79.25,81.08,78.95,80.39
2023-08-18,80.04,81.61,79.59,81.25
2023-08-21,80.76,81.75,79.97,80.12
2023-08-22,80.25,80.37,79.46,79.64
2023-08-23,79.64,79.91,77.62,78.89
2023-08-24,78.57,79.28,77.59,79.05
2023-08-25,78.88,80.45,78.14,79.83
2023-08-28,80.15,80.87,79.61,80.1
2023-08-29,79.98,81.41,79.34,81.16
2023-08-30,81.29,82.05,80.88,81.63
2023-08-31,81.7,83.69,81.48,83.63
2023-09-01,83.63,86.06,83.46,85.55
2023-09-05,86.06,88.07,85.02,86.69
2023-09-06,86.72,88.08,85.93,87.54
2023-09-07,87.54,87.74,86.39,86.87
2023-09-08,86.78,87.95,86.15,87.51
2023-09-11,87.4,88.15,86.71,87.29
2023-09-12,87.27,89.37,87.22,88.84
2023-09-13,88.75,89.64,88.29,88.52
2023-09-14,88.81,90.79,88.68,90.16
2023-09-15,90.67,91.23,89.22,90.77
2023-09-18,90.41,91.36,89.91,90.58
2023-09-19,90.97,92.43,90.31,90.48
2023-09-20,90.63,91.07,88.97,89.66
2023-09-21,89.3,90.98,88.37,89.63
2023-09-22,89.62,91.33,89.31,90.03
2023-09-25,90.55,90.83,89.03,89.68
2023-09-26,89.88,90.74,88.19,90.39
2023-09-27,90.53,94.17,90.4,93.68
2023-09-28,93.78,95.03,91.39,91.71
2023-09-29,91.76,93.1,90.35,90.79
2023-10-02,90.82,91.88,88.46,88.82
2023-10-03,88.67,90.27,87.76,89.23
2023-10-04,89.42,89.59,84.16,84.22
2023-10-05,84.45,84.92,82.15,82.31
2023-10-06,82.28,83.28,81.5,82.79
2023-10-09,85.25,87.24,84.67,86.38
2023-10-10,86.43,86.74,85.12,85.97
2023-10-11,85.96,86.51,83.11,83.49
2023-10-12,83.2,85.2,82.31,82.91
2023-10-13,83.51,87.83,83.35,87.69
2023-10-16,86.37,86.94,85,85.26
2023-10-17,85.69,86.44,84.39,85.44
2023-10-18,86.41,88.57,86.25,87.27
2023-10-19,87.22,89.54,85.44,88.37
2023-10-20,89.09,89.85,87.53,88.08
2023-10-23,88,88.29,85.35,85.49
2023-10-24,86.15,86.3,82.94,83.74
2023-10-25,83.69,85.56,82.08,85.39
2023-10-26,85.37,85.59,82.56,83.21
2023-10-27,83.53,85.9,83.1,85.54
2023-10-30,85,85.3,81.82,82.31
2023-10-31,82.59,83.37,80.74,81.02
2023-11-01,81.48,83.42,80.3,80.44
2023-11-02,80.82,82.83,80.22,82.46
2023-11-03,82.58,83.6,80.1,80.51
2023-11-06,81.13,82.24,80.66,80.82
2023-11-07,80.93,81.05,77.09,77.37
2023-11-08,77.12,77.53,74.91,75.33
2023-11-09,75.65,77.16,75.21,75.74
2023-11-10,75.59,77.73,75.31,77.17
2023-11-13,77.15,78.64,76.21,78.26
2023-11-14,78.53,79.77,77.79,78.26
2023-11-15,78.17,78.77,76.31,76.66
2023-11-16,76.6,76.63,72.16,72.9
2023-11-17,72.97,75.99,72.75,75.89
2023-11-20,75.8,78.46,75.41,77.83
2023-11-21,77.65,77.92,76.92,77.77
2023-11-22,77.77,77.97,73.79,77.1
2023-11-24,76.79,77.09,75.07,75.54
2023-11-27,75.31,76.23,74.06,74.86
2023-11-28,75.07,77.02,74.64,76.41
2023-11-29,76.56,78.09,75.67,77.86
2023-11-30,77.75,79.6,75.05,75.96
2023-12-01,75.59,76.76,73.93,74.07
2023-12-04,74.58,75.03,72.63,73.04
2023-12-05,73.3,74.12,72.02,72.32
2023-12-06,72.1,72.6,69.11,69.38
2023-12-07,69.28,70.48,68.8,69.34
2023-12-08,69.76,71.63,69.5,71.23
2023-12-11,71.15,71.81,70.35,71.32
2023-12-12,71.43,71.96,68.22,68.61
2023-12-13,68.73,69.89,67.71,69.47
2023-12-14,69.85,72.46,69.54,71.58
2023-12-15,71.61,72.22,70.3,71.43
2023-12-18,72.05,74.61,70.99,72.82
2023-12-19,72.93,74.45,72.14,73.94
2023-12-20,74.06,75.37,73.6,74.22
2023-12-21,73.81,74.58,72.44,73.89
2023-12-22,73.91,74.98,73.39,73.56
2023-12-26,73.56,76.18,73.13,75.57
2023-12-27,75.32,75.66,73.77,74.11
2023-12-28,73.8,74.4,71.72,71.77
2023-12-29,71.99,72.62,71.25,71.65
2024-01-02,71.71,73.64,70.06,70.38
2024-01-03,70.5,73.23,69.28,72.7
2024-01-04,73.04,74,71.06,72.19
2024-01-05,72.4,74.24,72.21,73.81
2024-01-08,73.51,73.95,70.13,70.77
2024-01-09,70.91,72.93,70.47,72.24
2024-01-10,72.17,73.59,71.01,71.37
2024-01-11,71.33,73.81,71.17,72.02
2024-01-12,73.01,75.25,72.36,72.68
2024-01-16,72.73,73.68,71.39,72.52
2024-01-17,72.11,72.86,70.62,72.48
2024-01-18,72.73,74.19,72.1,73.95
2024-01-19,73.92,74.63,72.99,73.25
2024-01-22,73.6,75.46,72.56,74.76
2024-01-23,74.68,75.25,73.41,74.37
2024-01-24,74.57,75.83,73.94,75.09
2024-01-25,75.3,77.51,75.16,77.36
2024-01-26,77.15,78.26,76.06,78.01
2024-01-29,78.9,79.29,76.41,76.78
2024-01-30,77.02,78.14,75.85,77.82
2024-01-31,77.84,78.11,75.52,75.85
2024-02-01,75.96,76.95,73.7,73.82
2024-02-02,73.91,74.52,71.79,72.28
2024-02-05,72.75,73.28,71.41,72.78
2024-02-06,72.76,73.82,72.38,73.31
2024-02-07,73.5,74.22,73.23,73.86
2024-02-08,74.08,76.59,73.56,76.22
2024-02-09,76.42,77.29,75.93,76.84
2024-02-12,76.6,77.09,75.54,76.92
2024-02-13,77.03,78.47,76.87,77.87
2024-02-14,77.81,78.77,76.38,76.64
2024-02-15,76.6,78.44,75.78,78.03
2024-02-16,78.11,79.35,77.22,79.19
2024-02-20,78.34,78.56,76.8,77.04
2024-02-21,77.15,78.08,76.32,77.91
2024-02-22,78.09,78.92,77.23,78.61
2024-02-23,78.37,78.39,76.35,76.49
2024-02-26,76.4,78.03,75.84,77.58
2024-02-27,77.62,79,77.17,78.87
2024-02-28,78.48,79.62,77.78,78.54
2024-02-29,78.2,79.28,77.94,78.26
2024-03-01,78.28,80.85,78.05,79.97
2024-03-04,80.14,80.41,78.56,78.74
2024-03-05,78.74,79.49,77.52,78.15
2024-03-06,78.15,80.67,77.99,79.13
2024-03-07,79.13,79.53,78.02,78.93
2024-03-08,79.51,79.99,77.56,78.01
2024-03-11,77.8,78.47,76.79,77.93
2024-03-12,78.09,78.73,77.34,77.56
2024-03-13,78.06,79.9,77.57,79.72
2024-03-14,79.63,81.62,79.57,81.26
2024-03-15,81.14,81.45,80.49,81.04
2024-03-18,80.58,82.5,80.56,82.16
2024-03-19,82.21,83.12,81.81,82.73
2024-03-20,82.53,82.65,80.83,81.27
2024-03-21,81.49,81.92,80.3,81.07
2024-03-22,80.84,81.45,80.42,80.63
2024-03-25,80.85,82.48,80.59,81.95
2024-03-26,81.94,82.36,81.22,81.62
2024-03-27,81.29,81.74,80.55,81.35
2024-03-28,81.71,83.21,81.52,83.17
2024-04-01,83.14,84.49,82.6,83.71
2024-04-02,84.04,85.5,83.85,85.15
2024-04-03,85.46,86.2,84.85,85.43
2024-04-04,85.66,87.22,84.64,86.59
2024-04-05,86.86,87.63,86.32,86.91
2024-04-08,86.1,87.1,84.69,86.43
2024-04-09,86.59,86.98,85.09,85.23
2024-04-10,85.34,86.38,84.55,86.21
2024-04-11,86.32,86.63,84.84,85.02
2024-04-12,85.6,87.67,85.24,85.66
2024-04-15,85.93,86.11,84.05,85.41
2024-04-16,85.7,86.18,84.75,85.36
2024-04-17,85.36,85.51,82.55,82.69
2024-04-18,82.79,83.47,81.56,82.73
2024-04-19,82.62,86.28,81.8,83.14
2024-04-22,81.84,82.29,80.7,81.9
2024-04-23,82.13,83.43,80.88,83.36
2024-04-24,83.4,83.71,82.44,82.81
2024-04-25,82.83,83.83,81.99,83.57
2024-04-26,83.81,84.46,83.35,83.85
2024-04-29,83.69,83.91,82.4,82.63
2024-04-30,82.76,83.3,80.95,81.93
2024-05-01,81.48,81.57,78.83,79
2024-05-02,79.15,79.9,78.41,78.95
2024-05-03,79.07,79.63,77.96,78.11
2024-05-06,78.16,79.09,77.91,78.48
2024-05-07,78.72,79.17,77.55,78.38
2024-05-08,78.34,79.27,76.89,78.99
2024-05-09,79.23,79.8,78.91,79.26
2024-05-10,79.59,79.96,78.14,78.26
2024-05-13,78.18,79.49,77.78,79.12
2024-05-14,79.23,79.38,77.68,78.02
2024-05-15,78.44,78.92,76.7,78.63
2024-05-16,78.84,79.85,78.2,79.23
2024-05-17,79.38,80.14,79,80.06
2024-05-20,79.58,80.11,78.67,79.3
2024-05-21,79.23,79.3,77.65,78.66
2024-05-22,78.21,78.41,77.25,77.57
2024-05-23,77.29,78.66,76.43,76.87
2024-05-24,77.04,78.05,76.15,77.72
2024-05-28,77.81,80.29,77.69,79.83
2024-05-29,80.26,80.62,78.99,79.23
2024-05-30,79.28,79.42,77.63,77.91
2024-05-31,77.91,78.62,76.67,76.99
2024-06-03,76.97,77.52,73.98,74.22
2024-06-04,74.02,74.13,72.48,73.25
2024-06-05,72.9,74.33,72.82,74.07
2024-06-06,74.3,75.79,74.06,75.55
2024-06-07,75.67,76.25,75.21,75.53
2024-06-10,75.35,78.29,75.23,77.74
2024-06-11,78.12,78.36,77.22,77.9
2024-06-12,78.22,79.32,77.88,78.5
2024-06-13,78.37,78.89,77.67,78.62
2024-06-14,77.96,79.15,77.73,78.45
2024-06-17,78.12,80.01,77.58,79.72
2024-06-18,79.92,80.85,79.17,80.71
2024-06-20,80.75,81.52,80.3,81.29
2024-06-21,81.27,81.79,80.35,80.73
2024-06-24,80.45,81.78,80.23,81.63
2024-06-25,81.7,81.9,80.55,80.83
2024-06-26,80.72,81.63,80.18,80.9
2024-06-27,80.86,82.04,80.51,81.74
2024-06-28,81.86,82.72,80.97,81.54
2024-07-01,81.45,83.64,81.38,83.38
2024-07-02,83.43,84.38,82.72,82.81
2024-07-03,83.2,83.93,82.46,83.88
2024-07-05,83.6,84.52,83.02,83.16
2024-07-08,83.15,83.32,82.08,82.33
2024-07-09,82.22,82.48,81.25,81.41
2024-07-10,81.81,82.66,80.81,82.1
2024-07-11,82.4,83.13,81.63,82.62
2024-07-12,82.86,83.74,82.1,82.21
2024-07-15,80.96,81.35,80.36,80.84
2024-07-16,80.85,80.87,79.22,79.71
2024-07-17,79.82,81.63,79.43,81.44
2024-07-18,81.68,82.27,80.61,81.3
2024-07-19,80.88,81.34,78.59,78.64
2024-07-22,78.95,79.13,77.55,78.4
2024-07-23,78.27,78.73,76.4,76.96
2024-07-24,77.45,78.19,76.98,77.59
2024-07-25,77.5,78.47,76.04,78.28
2024-07-26,78.35,78.6,76.19,77.16
2024-07-29,77.3,77.69,75.35,75.81
2024-07-30,75.91,75.97,74.59,74.73
2024-07-31,75.24,78.66,75.18,77.91
2024-08-01,78.59,78.88,76.24,76.31
2024-08-02,76.87,77.29,72.97,73.52
2024-08-05,74.21,74.46,71.67,72.94
2024-08-06,73.86,74.56,72.2,73.2
2024-08-07,72.84,75.84,72.58,75.23
2024-08-08,75.47,76.52,74.6,76.19
2024-08-09,76.02,77.09,75.85,76.84
2024-08-12,76.99,80.16,76.7,80.06
2024-08-13,79.74,80.15,78.16,78.35
2024-08-14,78.73,79.1,76.83,76.98
2024-08-15,77.52,78.6,76.93,78.16
2024-08-16,78.16,78.16,75.54,76.65
2024-08-19,75.47,75.73,73.45,73.66
2024-08-20,73.74,74.38,72.54,73.17
2024-08-21,73.12,74.16,71.46,71.93
2024-08-22,71.93,73.52,71.58,73.01
2024-08-23,72.96,75.07,72.83,74.83
2024-08-26,75.1,77.6,75.04,77.42
2024-08-27,77.2,77.48,75.4,75.53
2024-08-28,75.75,75.95,73.82,74.52
2024-08-29,74.42,76.91,74.05,75.91
2024-08-30,75.87,76.59,73.36,73.55
2024-09-03,73.53,74.41,70.1,70.34
2024-09-04,70.28,71.46,68.82,69.2
2024-09-05,69.27,70.82,68.75,69.15
2024-09-06,69.33,70.13,67.17,67.67
2024-09-09,68.13,68.96,67.31,68.71
2024-09-10,68.78,69.08,65.27,65.75
2024-09-11,66.28,67.97,65.63,67.31
2024-09-12,67.39,69.81,67.24,68.97
2024-09-13,69.31,70.32,68.47,68.65
2024-09-16,68.22,69.61,67.7,69.02
2024-09-17,69.35,70.65,68.51,69.96
2024-09-18,69.98,70.31,68.58,69.88
2024-09-19,69.15,71.53,69.13,71.16
2024-09-20,71.18,71.45,70.37,71
2024-09-23,71.31,71.81,69.49,70.37
2024-09-24,70.76,72.4,70.44,71.56
2024-09-25,71.54,71.72,69.23,69.69
2024-09-26,69.89,70.01,66.95,67.67
2024-09-27,67.45,68.65,67.06,68.18
2024-09-30,68.63,69.32,67.57,68.17
2024-10-01,68.41,71.94,66.33,69.83
2024-10-02,70.8,72.49,69.87,70.1
2024-10-03,70.98,74.09,70.52,73.71
2024-10-04,73.95,75.57,73.46,74.38
2024-10-07,74.4,77.4,73.62,77.14
2024-10-08,77.33,78.46,72.69,73.57
2024-10-09,73.84,74.45,71.53,73.24
2024-10-10,73.39,76.24,73.26,75.85
2024-10-11,75.74,76.04,74.53,75.56
2024-10-14,75.05,75.08,71.81,73.83
2024-10-15,71.51,72.12,69.71,70.58
2024-10-16,70.99,71.31,69.64,70.39
2024-10-17,70.68,71.11,69.44,70.67
2024-10-18,70.75,71.23,68.69,69.22
2024-10-21,68.94,70.39,68.46,70.04
2024-10-22,69.96,72.09,69.35,71.74
2024-10-23,71.35,71.72,70.13,70.77
2024-10-24,71.02,72.34,69.77,70.19
2024-10-25,70.33,71.92,69.96,71.78
2024-10-28,68.61,68.87,66.94,67.97
2024-10-29,68.02,68.52,66.72,67.21
2024-10-30,67.47,69.17,67.28,68.61
2024-10-31,69.1,70.81,68.3,69.26
2024-11-01,70.44,71.45,69.32,69.49
2024-11-04,70.29,71.81,70.25,71.47
2024-11-05,71.62,72.67,71.29,71.99
2024-11-06,72.02,72.63,69.74,71.69
2024-11-07,71.87,72.88,70.66,72.36
2024-11-08,72.21,72.25,69.99,70.38
2024-11-11,70.25,70.56,67.92,68.04
2024-11-12,68.15,69.13,67.75,68.12
2024-11-13,67.98,68.86,66.94,68.43
2024-11-14,68.13,69.39,67.92,68.7
2024-11-15,68.62,68.69,66.82,67.02
2024-11-18,66.77,69.37,66.53,69.17
2024-11-19,69.08,69.74,68.48,69.24
2024-11-20,69.28,69.96,68.64,68.75
2024-11-21,69.04,70.38,68.86,70.1
2024-11-22,70.18,71.51,69.29,71.24
2024-11-25,71.44,71.48,68.74,68.94
2024-11-26,69.08,70.3,68.05,68.77
2024-11-27,68.91,69.37,68.18,68.72
2024-11-29,68.77,69.69,67.87,68
2024-12-02,68,69.11,67.71,68.1
2024-12-03,68.16,70.23,67.91,69.94
2024-12-04,70.02,70.51,68.49,68.54
2024-12-05,68.74,69.16,67.98,68.3
2024-12-06,68.44,68.49,66.98,67.2
2024-12-09,67.15,68.88,67.08,68.37
2024-12-10,68.19,69.06,67.72,68.59
2024-12-11,68.5,70.53,68.44,70.29
2024-12-12,70.43,70.72,69.14,70.02
2024-12-13,70.06,71.42,69.87,71.29
2024-12-16,71.44,71.44,70.37,70.71
2024-12-17,70.61,70.92,69.18,70.08
2024-12-18,70.22,71.38,69.99,70.58
2024-12-19,70.14,71.26,69.7,69.91
2024-12-20,69.22,69.86,68.46,69.46
2024-12-23,69.4,69.94,68.59,69.24
2024-12-24,69.56,70.43,69.36,70.1
2024-12-26,70.2,70.75,69.33,69.62
2024-12-27,69.68,70.75,69.44,70.6
2024-12-30,70.42,71.56,70.12,70.99
2024-12-31,71.15,72.02,70.87,71.72
2025-01-02,71.85,73.73,71.79,73.13
2025-01-03,73.13,74.35,72.7,73.96
2025-01-06,74.05,74.99,73.2,73.56
2025-01-07,73.44,74.53,73.11,74.25
2025-01-08,74.52,75.29,73.16,73.32
2025-01-09,73.32,74.32,72.84,73.92
2025-01-10,74.29,77.86,74.02,76.57
2025-01-13,75.68,77.64,75.67,77.3
2025-01-14,77.24,77.51,76.2,76.37
2025-01-15,76.84,79.39,76.16,78.71
2025-01-16,79.05,79.21,76.93,77.85
2025-01-17,77.91,78.55,77.14,77.39
2025-01-21,77.57,77.86,75.05,75.83
2025-01-22,75.88,76.45,75.28,75.44
2025-01-23,75.39,76,74.14,74.62
2025-01-24,74.3,75.21,74.01,74.66
2025-01-27,74.54,75.15,72.38,73.17
2025-01-28,73.15,74.31,72.93,73.77
2025-01-29,73.95,74.08,72.33,72.62
2025-01-30,73,73.84,72.02,72.73
2025-01-31,73.2,73.84,71.94,72.53
2025-02-03,74.14,75.18,72.05,73.16
2025-02-04,72.35,73.35,70.67,72.7
2025-02-05,72.76,72.97,70.96,71.03
2025-02-06,71.18,71.85,70.43,70.61
2025-02-07,70.56,71.41,70.47,71
2025-02-10,71,72.54,70.84,72.32
2025-02-11,72.49,73.68,72.31,73.32
2025-02-12,73.2,73.22,71.17,71.37
2025-02-13,71.24,71.6,70.22,71.29
2025-02-14,71.52,72.02,70.52,70.74
2025-02-18,70.69,72.04,70.12,71.83
2025-02-19,71.77,72.91,71.69,72.1
2025-02-20,72.09,73.14,71.73,72.48
2025-02-21,72.58,72.77,70.17,70.4
2025-02-24,69.8,70.94,69.8,70.7
2025-02-25,70.92,71.26,68.68,68.93
2025-02-26,69.11,69.28,68.36,68.62
2025-02-27,68.82,70.54,68.61,70.35
2025-02-28,70.17,70.29,69.14,69.76
2025-03-03,69.95,70.6,67.89,68.37
2025-03-04,68.46,68.56,66.77,68.26
2025-03-05,68.08,68.1,65.22,66.31
2025-03-06,66.39,67.09,65.59,66.36
2025-03-07,66.34,68.22,66.12,67.04
2025-03-10,67.11,67.6,65.8,66.03
2025-03-11,65.95,67.17,65.29,66.25
2025-03-12,66.62,67.88,66.15,67.68
2025-03-13,67.69,67.94,66.37,66.55
2025-03-14,66.78,67.48,66.59,67.18
2025-03-17,67.1,68.1,67.01,67.37
2025-03-18,67.28,68.5,66.44,66.75
2025-03-19,66.59,67.43,66.09,66.91
2025-03-20,67.03,68.41,66.63,68.07
2025-03-21,68.35,68.65,67.65,68.28
2025-03-24,68.35,69.33,67.95,69.11
2025-03-25,69.16,69.68,68.52,69
2025-03-26,69.16,70.22,69.06,69.65
2025-03-27,69.96,69.97,69.12,69.92
2025-03-28,69.91,70.09,68.87,69.36
2025-03-31,69.43,71.83,68.81,71.48
2025-04-01,71.39,72.1,71.03,71.2
2025-04-02,71.2,72.28,70.59,71.71
2025-04-03,70.38,70.41,65.98,66.95
2025-04-04,66.64,66.9,60.45,61.99
2025-04-07,61.12,63.9,58.95,60.7
2025-04-08,61.03,61.75,57.88,59.58
2025-04-09,58.32,62.93,55.12,62.35
2025-04-10,62.71,63.34,58.76,60.07
2025-04-11,60.2,61.87,59.43,61.5
2025-04-14,61.7,62.68,60.59,61.53
2025-04-15,61.58,62.06,60.88,61.33
2025-04-16,61.54,62.98,60.44,62.47
2025-04-17,62.63,64.86,62.61,64.68
2025-04-21,63.65,63.78,61.76,62.41
2025-04-22,62.73,64.36,62.72,63.67
2025-04-23,64,64.87,61.53,62.27
2025-04-24,62.34,63.31,61.99,62.79
2025-04-25,62.86,63.41,61.8,63.02
2025-04-28,63.49,63.92,61.48,62.05
2025-04-29,61.87,62.07,60.12,60.42
2025-04-30,60.16,60.43,57.91,58.21
2025-05-01,58.16,59.5,56.39,59.24
2025-05-02,58.99,59.87,57.74,58.29
2025-05-05,56.76,57.7,55.3,57.13
2025-05-06,57.25,59.84,57.03,59.09
2025-05-07,58.98,60.26,57.81,58.07
2025-05-08,57.93,60.29,57.74,59.91
2025-05-09,60.25,61.45,59.89,61.02
2025-05-12,61.39,63.61,61.02,61.95
2025-05-13,62,63.9,61.65,63.67
2025-05-14,63.62,63.68,62.75,63.15
2025-05-15,62.88,62.91,60.47,61.62
2025-05-16,61.7,62.71,61.25,62.49
2025-05-19,61.98,62.7,60.99,62.14
2025-05-20,62.15,62.63,61.48,62.03
2025-05-21,62.27,64.19,61.28,61.57
2025-05-22,61.33,61.75,60.25,61.2
2025-05-23,60.81,61.88,60.02,61.53
2025-05-27,61.7,62.14,60.26,60.89
2025-05-28,61.04,62.54,60.85,61.84
2025-05-29,61.83,63.07,60.55,60.94
2025-05-30,60.94,61.72,59.74,60.79
2025-06-02,61.11,63.88,61.06,62.52
2025-06-03,63.02,63.89,62.4,63.41
2025-06-04,63.36,63.96,62.17,62.85
2025-06-05,62.76,63.98,62.5,63.37
2025-06-06,63.33,64.8,62.82,64.58
2025-06-09,64.8,65.43,64.2,65.29
2025-06-10,65.46,66.28,64.57,64.98
2025-06-11,64.76,68.37,64.6,68.15
2025-06-12,69.03,69.29,66.72,68.04
2025-06-13,68.9,77.62,68.49,72.98
2025-06-16,75.5,75.5,67.84,70.25
2025-06-17,69.66,73.9,69.56,73.27
2025-06-18,74,74.27,71.33,73.5
2025-06-20,72.96,75.74,72.32,73.84
2025-06-23,78,78.4,66.6,68.51
2025-06-24,67.74,67.83,64,64.37
2025-06-25,65.12,66.03,64.51,64.92
2025-06-26,64.98,66.42,64.66,65.24
2025-06-27,65.3,66.09,64.8,65.52
2025-06-30,65.15,65.82,64.5,65.11
2025-07-01,64.96,65.98,64.67,65.45
2025-07-02,65.56,67.58,65.23,67.45
2025-07-03,67.5,67.58,66.53,67
2025-07-07,65.7,68.32,65.4,67.93
2025-07-08,67.96,68.91,67.33,68.33
2025-07-09,68.18,68.94,67.7,68.38
2025-07-10,68.29,68.65,66.45,66.57
2025-07-11,66.85,68.77,66.5,68.45
2025-07-14,68.68,69.65,66.8,66.98
2025-07-15,66.86,67.13,66.22,66.52
2025-07-16,66.73,67.01,65.42,66.38
2025-07-17,66.6,67.69,66.29,67.54
2025-07-18,67.6,68.96,67.2,67.34
2025-07-21,66.04,66.44,65.21,65.95
2025-07-22,65.77,65.86,64.82,65.31
2025-07-23,65.49,65.78,64.71,65.25
2025-07-24,65.42,66.39,65.33,66.03
2025-07-25,66.15,66.74,65,65.16
2025-07-28,65.15,67.14,65.05,66.71
2025-07-29,67.04,69.76,66.53,69.21
2025-07-30,69.34,70.51,68.45,70
2025-07-31,70.3,70.41,68.56,69.26
2025-08-01,69.35,69.58,67.05,67.33
2025-08-04,66.85,67.74,65.46,66.29
2025-08-05,66.21,66.39,65.03,65.16
2025-08-06,65.15,66.75,63.64,64.35
2025-08-07,64.36,65.11,63.7,63.88
2025-08-08,63.85,64.58,62.77,63.88
2025-08-11,63.48,64.44,63.02,63.96
2025-08-12,64,64.34,63.06,63.17
2025-08-13,63.07,63.38,61.94,62.65
2025-08-14,62.79,64.1,62.58,63.96
2025-08-15,63.91,64.15,62.68,62.8
2025-08-18,62.19,63.01,61.45,62.7
2025-08-19,62.58,62.68,61.65,61.77
2025-08-20,61.95,63.01,61.83,62.71
2025-08-21,62.85,63.67,62.52,63.52
2025-08-22,63.5,63.93,63.31,63.66
2025-08-25,63.88,65.1,63.53,64.8
2025-08-26,64.75,64.76,63.13,63.25
2025-08-27,63.31,64.23,62.95,64.15
2025-08-28,63.87,64.7,63.35,64.6
2025-08-29,64.26,64.55,63.88,64.01
2025-09-02,63.95,66.03,63.66,65.59
2025-09-03,65.62,65.72,63.72,63.97
2025-09-04,63.82,63.84,62.72,63.48
2025-09-05,63.33,63.49,61.45,61.87
2025-09-08,62,63.34,61.85,62.26
2025-09-09,62.43,63.67,62.37,62.63
2025-09-10,62.74,64.08,62.72,63.67
2025-09-11,63.8,63.8,62.21,62.37
2025-09-12,62.27,63.98,61.69,62.69
2025-09-15,62.97,63.67,62.52,63.3
2025-09-16,63.31,64.76,62.89,64.52
2025-09-17,64.59,64.67,63.69,64.05
2025-09-18,63.99,64.55,63.33,63.57
2025-09-19,63.59,63.65,62.6,62.68
2025-09-22,62.3,63,61.61,62.28
2025-09-23,62.33,63.89,61.85,63.41
2025-09-24,63.64,65.05,63.25,64.99
2025-09-25,64.8,65.34,64.06,64.98
2025-09-26,65.2,66.42,64.66,65.72
2025-09-29,65.07,65.4,62.98,63.45
2025-09-30,63.14,63.26,62.03,62.37
2025-10-01,62.46,62.89,61.4,61.78
2025-10-02,61.78,62.54,60.4,60.48
2025-10-03,60.7,61.38,60.55,60.88
2025-10-06,61.14,62.12,61.04,61.69
2025-10-07,61.73,62.11,60.72,61.73
2025-10-08,62.05,62.92,62.05,62.55
2025-10-09,62.31,62.87,61.25,61.51
2025-10-10,61.49,61.67,58.22,58.9
2025-10-13,59,60.17,59,59.49
2025-10-14,59.58,59.82,57.68,58.7
2025-10-15,58.6,59.42,58.2,58.27
2025-10-16,58.77,59.11,57.26,57.46
2025-10-17,57.5,57.72,56.6,57.54
2025-10-20,57.32,57.43,55.96,57.02
2025-10-21,56.95,58.08,56.35,57.24
2025-10-22,57.59,59.83,57.34,58.5
2025-10-23,59.94,62.2,59.64,61.79
2025-10-24,61.79,62.59,61.21,61.5
2025-10-27,61.82,62.17,60.67,61.31
2025-10-28,61.5,61.5,59.76,60.15
2025-10-29,60.18,61.02,59.7,60.48
2025-10-30,60.39,60.79,59.64,60.57
2025-10-31,60.3,61.38,59.99,60.98
2025-11-03,61.4,61.5,60.51,61.05
2025-11-04,61.03,61.03,59.94,60.56
2025-11-05,60.43,61.09,59.52,59.6
2025-11-06,59.68,60.51,58.83,59.43
2025-11-07,59.65,60.46,59.32,59.75
2025-11-10,59.87,60.48,59.41,60.13
2025-11-11,60.04,61.28,59.66,61.04
2025-11-12,61.05,61.06,58.3,58.49
2025-11-13,58.47,59.21,58.12,58.69
2025-11-14,58.71,60.65,58.71,60.09
2025-11-17,59.67,60.3,59.21,59.86
2025-11-18,59.71,60.85,59.26,60.67
2025-11-19,60.51,60.7,58.66,59.25
2025-11-20,59.39,60.1,58.59,59
2025-11-21,58.8,58.8,57.38,58.06
2025-11-24,58.05,59.06,57.42,58.84
2025-11-25,58.89,58.96,57.1,57.95
2025-11-26,58.05,58.72,57.66,58.65
2025-11-28,58.37,59.64,58.27,58.55
2025-12-01,58.96,59.97,58.83,59.32
2025-12-02,59.52,59.67,58.28,58.64
2025-12-03,58.65,59.64,58.37,58.95
2025-12-04,59.09,60.02,58.81,59.67
2025-12-05,59.7,60.5,59.42,60.08
2025-12-08,60.15,60.3,58.68,58.88
2025-12-09,58.87,59.17,58.12,58.25
2025-12-10,58.37,59.05,57.66,58.46
2025-12-11,58.91,58.94,57.01,57.6
2025-12-12,57.89,58.19,57.15,57.44
2025-12-15,57.33,57.61,56.23,56.67
2025-12-16,56.49,56.54,54.89,55.13
2025-12-17,55.08,56.81,55.08,55.81
2025-12-18,56.77,56.85,55.73,56
2025-12-19,55.9,56.72,55.61,56.52
2025-12-22,56.63,58.13,56.6,58.01
2025-12-23,57.95,58.56,57.74,58.38
2025-12-24,58.47,58.75,58.13,58.35
2025-12-26,58.35,58.88,56.65,56.74
2025-12-29,57.04,58.3,56.91,58.08
2025-12-30,57.81,58.47,57.6,57.95
2025-12-31,57.95,58.55,57.2,57.42
2026-01-02,57.41,57.93,56.6,57.32
2026-01-05,56.99,58.5,56.32,58.32
2026-01-06,58.34,58.87,56.84,57.13
2026-01-07,57,57.17,55.76,55.99
2026-01-08,56.42,58.74,55.97,57.76
2026-01-09,58.4,59.77,57.61,59.12
2026-01-12,58.89,59.72,58.32,59.32
2026-01-13,59.75,61.23,59.29,60.93
2026-01-14,60.88,62.2,59.08,61.88
2026-01-15,61,61.01,58.76,59.08
2026-01-16,59.31,60.19,58.93,59.44
2026-01-20,58.94,60.51,58.53,60.36
2026-01-21,59.57,60.89,59.22,60.62
2026-01-22,60.68,60.82,58.96,59.36
2026-01-23,59.66,61.36,59.52,61.07
2026-01-26,61.22,61.71,60.32,60.63
2026-01-27,60.78,62.63,60.14,62.39
2026-01-28,62.58,63.57,62.07,63.21
2026-01-29,63.5,66.48,63.28,65.42
2026-01-30,65.53,66.1,63.65,65.21
2026-02-02,64.72,64.74,61.39,62.14
2026-02-03,62.28,64.21,61.12,63.21
2026-02-04,63.8,65.53,62.86,65.14
2026-02-05,64.49,64.67,62.65,63.29
2026-02-06,63.1,64.58,62.2,63.55
2026-02-09,62.99,64.88,62.62,64.36
2026-02-10,64.44,64.71,63.65,63.96
2026-02-11,64.2,65.83,64.15,64.63
2026-02-12,64.87,65.1,62.39,62.84
2026-02-13,62.99,63.26,62.14,62.89
2026-02-16,62.67,63.69,62.36,63.56
2026-02-17,63.04,63.96,61.76,62.26
2026-02-18,62.2,65.43,62.04,65.05
2026-02-19,64.97,66.9,64.77,66.4
2026-02-20,66.72,67.03,65.81,66.48
2026-02-23,65.89,67.28,65.38,66.31
2026-02-24,66.31,67.15,65.55,65.63
2026-02-25,66.07,66.6,65.12,65.42
2026-02-26,65.65,66.71,63.6,65.21
2026-02-27,65.35,67.83,64.85,67.02
2026-03-02,75,75.33,69.2,71.23
2026-03-03,71.23,77.98,70.41,74.56
2026-03-04,74.74,77.23,73.28,74.66
2026-03-05,76.15,82.16,74.97,81.01
2026-03-06,79.08,92.61,78.24,90.9
2026-03-09,98,119.48,81.19,94.77
2026-03-10,85.75,91.48,76.73,83.45
2026-03-11,86.89,88.99,81.79,87.25
2026-03-12,89.32,97.19,88.61,95.73
2026-03-13,96.74,99.32,92.04,98.71
2026-03-16,98.76,99.95,91.82,92.46
2026-03-17,93.42,97.65,92.88,95.53
2026-03-18,95.27,99.78,91.45,95.46
2026-03-19,98.06,100.48,92.1,95.55
2026-03-20,94.46,98.75,92.47,98.23
2026-03-23,100.51,101.67,84.37,88.13
2026-03-24,88.78,93.36,86.34,92.35
2026-03-25,88.49,91.73,86.46,90.32
2026-03-26,91.38,95.44,89.51,94.48
2026-03-27,93.31,101.24,92.08,99.64
2026-03-30,102.6,105.36,99.38,102.88
2026-03-31,104.6,106.82,99.65,101.38
2026-04-01,101.72,103.31,96.5,100.12
2026-04-02,98.92,113.97,97.5,111.54
2026-04-03,111.54,111.54,111.54,111.54
2026-04-06,112.96,115.48,108.89,112.41
2026-04-07,112.62,117.63,109.2,112.95
2026-04-08,108.74,109.19,91.03,94.41
2026-04-09,96.78,102.7,95.25,97.87
2026-04-10,98.23,100.42,95.51,96.57
2026-04-13,102,105.63,97.03,99.08
2026-04-14,97.99,98,91.06,91.28
2026-04-15,92.02,93.3,86.96,91.29
2026-04-16,91.47,95.44,90.52,94.69
2026-04-17,93.18,94.04,80.56,83.85
2026-04-20,88.15,89.6,85.45,87.42
2026-04-21,85.82,92.23,85.5,89.67
2026-04-22,90,93.73,87.64,92.96
2026-04-23,92.9,98.39,92.3,95.85
2026-04-24,96.62,97.85,92.68,94.4
2026-04-27,95.6,97.67,94.59,96.37
2026-04-28,96.67,101.85,96.24,99.93
2026-04-29,99.71,108.6,98.42,106.88
2026-04-30,109.07,110.93,103.34,105.07
2026-05-01,105.14,106.65,99.3,101.94
2026-05-04,99.73,107.46,99.11,106.42
2026-05-05,104.93,105.48,101.07,102.27
2026-05-06,102.7,102.7,88.66,95.08
2026-05-07,96.3,97.99,89.85,94.81
2026-05-08,98.25,98.64,93.82,95.42
2026-05-11,98.19,100.37,96.13,98.07
2026-05-12,98.39,102.72,98,102.18
2026-05-13,102.16,103.67,100.56,101.02
2026-05-14,101.02,102.35,99.39,101.17
2026-05-15,102.06,106,101.48,105.42
2026-05-18,101.74,105.21,98.6,104.38
2026-05-19,102.58,104.86,102.12,104.15
2026-05-20,104.12,104.45,96.94,98.26
2026-05-21,98.95,102.66,95.76,96.35
2026-05-22,98,99.43,94.73,96.6
2026-05-25,92.52,92.76,89.43,90.31
2026-05-26,93.88,94.7,89.41,93.89
2026-05-27,93.39,93.69,87.77,88.68
2026-05-28,89.11,92.52,87.11,88.9
2026-05-29,88.55,89.02,86.35,87.36
2026-06-01,88.5,94.78,88.45,92.16
2026-06-02,92.45,94,90.12,93.76
2026-06-03,93.45,97,93.45,96.02
2026-06-04,95.75,95.91,91.91,93.04
2026-06-05,92.82,93.63,89.68,90.54
2026-06-08,93,95.47,90.39,91.3
2026-06-09,91.28,91.55,85.95,88.2
2026-06-10,89.4,91.87,87.39,90.03
2026-06-11,92.25,93.64,85.74,87.71
2026-06-12,85.81,87.22,83.23,84.23
2026-06-15,81.4,82.42,79.7,80.75
2026-06-16,81.1,81.58,75.52,76.05
2026-06-17,76.59,80.03,74.59,76.79
2026-06-18,75.53,76.99,73.58,76.6
2026-06-19,76.53,78.43,75.08,76.51
2026-06-22,75.4,78.14,73.24,73.86
2026-06-23,74.14,74.45,72.48,73.21
2026-06-24,73.13,73.18,69.63,70.34
2026-06-25,69.95,72.5,68.9,71.92
2026-06-26,71.44,71.86,68.56,69.23
2026-06-29,70.5,71.15,69.32,70.75
2026-06-30,70.43,71.6,69.22,69.5
2026-07-01,69.98,70.19,67.92,68.58
2026-07-02,68.03,68.8,67.04,68.69
2026-07-03,68.45,69.26,68.08,68.78
2026-07-06,68.43,69.26,67.82,68.55
2026-07-07,68.58,72.51,68.58,70.44
2026-07-08,72.38,76.08,71.75,73.52
2026-07-09,74.95,75.13,71.42,72.08
2026-07-10,71.86,73.16,70.77,71.41
2026-07-13,73.69,78.58,72.61,78.14
2026-07-14,78.04,81.27,77.84,79.34
2026-07-15,79.74,80.93,78.19,79.6
2026-07-16,80,80.87,78.58,78.95
2026-07-17,79.57,82.76,78.61,82.49
2026-07-20,82.91,84.6,79.58,82.48
2026-07-21,82.42,85.03,81.39,84.34
2026-07-22,84.69,88.61,84.44,86.83
2026-07-23,87.72,93.5,87.32,92.19
2026-07-24,92.55,92.83,87.68,89.31
2026-07-27,86.12,86.2,81.63,82.61
2026-07-28,82,82.43,77.78,79.26
2026-07-29,80.04,85.57,79.92,84.46
2026-07-30,84.65,85.94,82.97,83.59
2026-07-31,83.92,86.87,81.06,84.67
2026-08-03,80.1,81.3,78.43,80.34
2026-08-04,80.1,82.33,75.11,75.77
2026-08-05,75.17,76.7,74.23,75.22
2026-08-06,75.14,78.51,74.57,77.29
2026-08-07,78.17,78.77,76.53,78.18
2026-08-10,78.42,82.38,77.79,82.13
2026-08-11,82.35,84.61,81.27,83.2
2026-08-12,83.49,84.35,82.4,83.27
2026-08-13,82.7,83.3,80.09,81.25
2026-08-14,81.27,82.99,80.71,82.4
2026-08-17,81.62,84.17,80.8,83.74
2026-08-18,84.1,85.07,83.77,84.06
2026-08-19,84.46,85.84,83.45,84.39
2026-08-20,84.4,87.69,84.23,86.83
2026-08-21,86.27,87.51,85.8,87.06
2026-08-24,86.5,86.57,84.36,85.01
