date,open,high,low,close
1999-01-04,538,545.5,538,543.75
1999-01-05,543,550,541,549.25
1999-01-06,549,556.5,549,553.5
1999-01-07,551,551,544,544.75
1999-01-08,545.5,559.5,545.5,550
1999-01-11,550,551,542,542.25
1999-01-12,542,542,534,535
1999-01-13,533,533,528,530.5
1999-01-14,531,534.5,530.25,532.25
1999-01-15,533,533,529.75,530.75
1999-01-19,525.5,528,522.5,525.75
1999-01-20,526,529.75,525.5,528
1999-01-21,528.5,532,525.25,530.5
1999-01-22,530,531,525.5,525.75
1999-01-25,522.75,522.75,514,517.5
1999-01-26,517,520.25,513.5,514
1999-01-27,513.5,517.5,511.5,513
1999-01-28,512.5,516.5,508.75,510.25
1999-01-29,509.75,512.25,506.5,506.75
1999-02-01,507.5,509.5,502.25,508.5
1999-02-02,508.75,517,508.75,513.25
1999-02-03,512.5,519,506.5,507.5
1999-02-04,507.5,509.5,503.75,508.75
1999-02-05,509.5,514,509,513.75
1999-02-08,512.75,515.5,507.5,508
1999-02-09,508,509,498.75,499
1999-02-10,498.5,503,495.5,499.25
1999-02-11,499.5,501.5,494.5,495.25
1999-02-12,496,498,491.75,492.25
1999-02-16,492,495,487.5,487.75
1999-02-17,487.5,489,483.25,486.25
1999-02-18,486.25,487.75,478.25,482
1999-02-19,481.5,482.75,476.5,478.25
1999-02-22,477.75,478,464.5,474
1999-02-23,474.25,478.5,474,474
1999-02-24,474,474,457,457.5
1999-02-25,457.5,459.75,454,454.5
1999-02-26,453,457.5,449,449.75
1999-03-01,450.5,458.5,450.5,454.5
1999-03-02,454.5,464.5,454.5,462.5
1999-03-03,462.25,462.5,458,458.5
1999-03-04,460,466.5,459,459.5
1999-03-05,455,458.5,451,455.75
1999-03-08,455.75,465,455.75,462.75
1999-03-09,466,470.5,461,464.5
1999-03-10,460,470,460,469.5
1999-03-11,468,472,466,472
1999-03-12,471,472,467,468.5
1999-03-15,466.5,466.5,462.75,464.5
1999-03-16,466,478.5,465,477.25
1999-03-17,477,488,475.5,476.25
1999-03-18,477,479.5,474,475.75
1999-03-19,478,485,477.75,484.25
1999-03-22,489,500,487,499.25
1999-03-23,498.5,498.75,492.5,493.25
1999-03-24,493.25,502,486,487.75
1999-03-25,487,500,483.25,499
1999-03-26,497.5,504,494,496.75
1999-03-29,495.5,497,490.75,496
1999-03-30,496.5,502.5,495,501.5
1999-03-31,501,506,482,483.75
1999-04-01,485,486.5,476.25,483.25
1999-04-05,482.75,487.75,479,482
1999-04-06,482,484.5,477,477.75
1999-04-07,477.5,480.5,473,480
1999-04-08,479.75,481.5,476.25,477.25
1999-04-09,477,481.5,475,480.5
1999-04-12,481,485,477.5,479.75
1999-04-13,479,486,479,485.25
1999-04-14,485.5,494.75,485.5,489.25
1999-04-15,489.25,492.5,487.5,489.5
1999-04-16,489.5,491.75,485.5,486.75
1999-04-19,486.75,490.75,484,488
1999-04-20,488,496.5,488,495.5
1999-04-21,495,495.5,491.5,493.75
1999-04-22,493.25,498.5,482,483
1999-04-23,482.5,486.5,482,485.25
1999-04-26,484.75,485,478.25,481
1999-04-27,481.5,484.5,477,478
1999-04-28,478,480.5,474.25,479.5
1999-04-29,479.75,482,472.5,473.5
1999-04-30,473.5,477.5,470.5,476.5
1999-05-03,477.5,479.75,473,479
1999-05-04,480.5,483,476.5,478.5
1999-05-05,478.5,478.75,475,476.25
1999-05-06,475,478.75,473.75,475
1999-05-07,474,474.5,467.5,469.25
1999-05-10,471,472,467.25,471.25
1999-05-11,470.75,470.75,468.5,469.25
1999-05-12,470.25,473,467,468
1999-05-13,466.75,468.25,461.5,462
1999-05-14,463,464.5,459.5,461.75
1999-05-17,462.5,465,462.25,463
1999-05-18,462,470.5,458,470.5
1999-05-19,474.5,477,471,471.5
1999-05-20,470.75,474.5,467.5,468
1999-05-21,467.5,467.5,461.5,461.75
1999-05-24,461,461.5,452.25,455
1999-05-25,454.75,460,454.5,459.75
1999-05-26,458.75,460.5,455.25,455.5
1999-05-27,455.25,458.5,455.25,457.25
1999-05-28,457.5,467.5,457.5,461.75
1999-06-01,455,458.5,453,458
1999-06-02,458.25,459.25,453.25,458.75
1999-06-03,460,469.5,459.5,465.5
1999-06-04,463.5,468.75,463.5,464.5
1999-06-07,466,474,466,468.25
1999-06-08,468.5,471.75,465.25,469
1999-06-09,469,477,466,471.5
1999-06-10,470.5,472.5,468.25,469
1999-06-11,468,471.75,466,470.25
1999-06-14,466.75,472,464,471.5
1999-06-15,471,472.5,463,463.25
1999-06-16,463,466.5,462,464.5
1999-06-17,464.5,470,462.25,463
1999-06-18,462.75,475.5,461.75,474.75
1999-06-21,475.75,480.5,467,471.5
1999-06-22,470.25,473.5,467.5,467.75
1999-06-23,467.25,470.5,465.5,465.75
1999-06-24,465.25,466.75,449,452.75
1999-06-25,453,457,449,450.5
1999-06-28,448.5,452,445,445.75
1999-06-29,447,452.25,443,444
1999-06-30,444.5,449.5,443,448.5
1999-07-01,451.5,451.5,441,442.25
1999-07-02,442.75,443.5,430,430.5
1999-07-06,419,419,412,413.75
1999-07-07,415.5,415.5,409.5,414.5
1999-07-08,414,416.5,409.5,410
1999-07-09,407,418,401.5,413.5
1999-07-12,415,428,415,424
1999-07-13,420,424,417.5,424
1999-07-14,428,430,425,426
1999-07-15,432,432,427,429.5
1999-07-16,426,426,418,419
1999-07-19,427.5,428,423,425
1999-07-20,430,436,426,435.5
1999-07-21,431.75,456,431,451.25
1999-07-22,450.5,459,446,449.25
1999-07-23,449.5,474,449,472
1999-07-26,472,472,448,453.75
1999-07-27,453,456,427.5,429.5
1999-07-28,429,435,425,425.5
1999-07-29,424.5,436.5,423,431.25
1999-07-30,431,438,431,434.5
1999-08-02,436.25,467,436.25,464.5
1999-08-03,466,482,465.5,472
1999-08-04,469.5,489,468,486
1999-08-05,482,482.25,469,471.75
1999-08-06,467,479,463.5,474.5
1999-08-09,470,479,466,478.75
1999-08-10,484.5,492.5,482.5,485.5
1999-08-11,478.5,482.5,475.5,477.5
1999-08-12,450,455,440.5,442.5
1999-08-13,438,446,438,445.5
1999-08-16,450.5,456,449.5,456
1999-08-17,461,479,461,464.5
1999-08-18,461,468,460,462.25
1999-08-19,468,474,467,473
1999-08-20,474,476,467,467.5
1999-08-23,457,466.5,453.75,465.5
1999-08-24,472,474,459,461.75
1999-08-25,463,469.5,459.25,469.25
1999-08-26,469,469,461,461.5
1999-08-27,460.25,468.25,460.25,466.75
1999-08-30,467,470,463,466.5
1999-08-31,467.5,482,467.5,478.5
1999-09-01,478,485,478,484
1999-09-02,484,491,480.5,489.25
1999-09-03,493,494.5,490,493.5
1999-09-07,494,515.5,494,515.5
1999-09-08,510,510,503,503.5
1999-09-09,503,508,501.5,502
1999-09-10,501,512,498,512
1999-09-13,511,512,504.5,505.75
1999-09-14,504,504.5,496.5,497.5
1999-09-15,494.5,494.5,484,485.5
1999-09-16,486.5,488.5,482,488
1999-09-17,491,491,481.25,482.5
1999-09-20,482,483.5,477,481.25
1999-09-21,481.5,483.5,480,481.5
1999-09-22,484.25,489,482.75,485.25
1999-09-23,485,487,477.5,478
1999-09-24,478,487,476,480
1999-09-27,479,486,478.25,484.75
1999-09-28,484.5,495.5,482.5,490.25
1999-09-29,489.25,494.5,488.25,491.75
1999-09-30,491.75,497,489,491.25
1999-10-01,491,492.5,480.5,481
1999-10-04,481,484.75,477.25,483.25
1999-10-05,482,484.5,480.25,483.75
1999-10-06,483.25,489.75,482.25,489.25
1999-10-07,487,491,486.25,489.25
1999-10-08,489.5,508,489.5,491.5
1999-10-11,490.75,494.75,488.5,493.25
1999-10-12,492.75,502.5,492.5,499.5
1999-10-13,498,506,497.25,499.75
1999-10-14,499,499.75,496,496.75
1999-10-15,496,497.75,491.5,492
1999-10-18,491,498.5,487,495
1999-10-19,494.5,497.5,493.5,494.75
1999-10-20,494.25,498.5,487.5,488
1999-10-21,488,488,477,479.75
1999-10-22,479,479,472,472.75
1999-10-25,472.5,479.5,471.75,478.75
1999-10-26,478,482.5,467.5,468.25
1999-10-27,467.75,473,465,469.25
1999-10-28,469.75,474,465,465.75
1999-10-29,465.5,472,464.5,470.5
1999-11-01,470,472.5,464.25,464.75
1999-11-02,464.5,472,464.5,471
1999-11-03,471.5,475.5,467,472.5
1999-11-04,474,476,472.5,474.75
1999-11-05,474.5,478.5,472.5,473.25
1999-11-08,473.25,476.5,471.75,473.25
1999-11-09,472.5,474.5,470,470.25
1999-11-10,470.5,471,457.5,458.25
1999-11-11,459.25,460,455.5,457
1999-11-12,458.5,458.5,454.25,455.5
1999-11-15,457.5,462.5,457.5,462.25
1999-11-16,464,468,462.5,462.75
1999-11-17,464,464,456.5,458
1999-11-18,466.5,469,459,459.75
1999-11-19,460,465.5,458.25,464.75
1999-11-22,464.25,469,464.25,468
1999-11-23,468,471.5,462.75,468.75
1999-11-24,468,471,464,465.25
1999-11-26,464.75,466.5,463,463.25
1999-11-29,465,475.5,465,467.5
1999-11-30,468,477,468,476.25
1999-12-01,477.75,479.75,474.5,476
1999-12-02,476.5,478,472,472.75
1999-12-03,473,475,468.5,472.5
1999-12-06,473,478.5,471,476.5
1999-12-07,476.5,482,475.25,480.25
1999-12-08,480.5,481.75,468.5,472
1999-12-09,471.75,472.5,459,459.5
1999-12-10,458.75,462.5,457.5,461
1999-12-13,456.25,456.25,446.25,451
1999-12-14,450.75,453.75,448,453
1999-12-15,452.5,454.5,449,452.75
1999-12-16,452.75,456,450.75,451.25
1999-12-17,451,453,449.25,452.25
1999-12-20,456,461.25,456,458.5
1999-12-21,458.5,459.75,454.5,456.75
1999-12-22,457,468,457,467
1999-12-23,465,468,464,467
1999-12-27,469.5,474.5,458,458.5
1999-12-28,459,460.25,456.5,458.25
1999-12-29,457,457.75,454.25,454.5
1999-12-30,454.5,462.5,454.5,461.75
2000-01-03,461,466,455.75,456.5
2000-01-04,456.5,466,456.5,464.25
2000-01-05,462.5,470,462.5,469.25
2000-01-06,469,473,468,468
2000-01-07,465.5,472,465.5,471.5
2000-01-10,468,469.25,465,466.25
2000-01-11,465,470.75,464,467
2000-01-12,465.25,479,465.25,472.5
2000-01-13,472.5,483.5,471,481.75
2000-01-14,488.25,498,487.5,496.25
2000-01-18,489,503,486.5,502.25
2000-01-19,501.75,504,497.75,501
2000-01-20,500.5,506.75,497.5,505.5
2000-01-21,505.25,507.5,501,505.25
2000-01-24,510.25,515.25,508,512
2000-01-25,511.25,517.5,510.5,517
2000-01-26,516,516.25,511.75,513.25
2000-01-27,512.25,528,508,527
2000-01-28,526.5,529.5,521.5,523.5
2000-01-31,519.5,519.5,505,508
2000-02-01,508,511.5,503,510
2000-02-02,510,513,505.5,507.5
2000-02-03,505,506,498,501
2000-02-04,499.5,506,495,505.5
2000-02-07,505,510.25,505,506.5
2000-02-08,505.5,505.5,499,500.25
2000-02-09,499.5,504.5,496.75,503.75
2000-02-10,503.25,514,502.5,513
2000-02-11,512,514,504.25,505.25
2000-02-14,503.75,510.25,503.75,505
2000-02-15,504.75,510.75,501.5,508.75
2000-02-16,508.75,512.5,503.25,507.5
2000-02-17,507.5,510,504.5,508
2000-02-18,508,516,507.75,514.5
2000-02-22,514,519.5,512.5,513
2000-02-23,511.5,512.5,499.5,499.75
2000-02-24,499,505,496,504.5
2000-02-25,504.25,505.5,492,497
2000-02-28,495,501,493,497.75
2000-02-29,498,502,494.5,501.25
2000-03-01,501.5,504,495.5,496.5
2000-03-02,496.5,502.5,492.5,501.5
2000-03-03,502.5,507,501,504
2000-03-06,502,509,501.5,508.25
2000-03-07,507.5,510.25,501.75,502.25
2000-03-08,502,508.75,501.5,505.5
2000-03-09,509,510,506.25,507
2000-03-10,510,510.5,498.75,500
2000-03-13,499,513.5,499,513.25
2000-03-14,522.75,531,522.5,530
2000-03-15,530,530,524,525
2000-03-16,524,534.5,522.5,525.5
2000-03-17,528,538.5,528,537.5
2000-03-20,527.5,529.5,523.5,525.75
2000-03-21,525.25,527.75,522.5,526.75
2000-03-22,527.5,531.5,526,531
2000-03-23,531,531.75,521,522
2000-03-24,521.75,534,519.5,530.75
2000-03-27,530.5,535.75,527.5,531.5
2000-03-28,531.5,531.75,525.5,526.5
2000-03-29,526.5,529.75,523.5,529
2000-03-30,529.5,538,527.75,537.5
2000-03-31,536.25,548.5,535.75,545.5
2000-04-03,544,554,544,546.5
2000-04-04,546.5,548.5,529,538.5
2000-04-05,539.25,543.75,535.5,543
2000-04-06,542.75,543.5,530.5,531
2000-04-07,531.25,540,526,538.75
2000-04-10,535.5,535.5,530,532
2000-04-11,531,535.5,527.5,528
2000-04-12,527.25,538,525.25,537.5
2000-04-13,537.25,541,534.5,538.25
2000-04-14,545,549,532,532.5
2000-04-17,528,535,526,531.5
2000-04-18,531.5,535,529.5,534
2000-04-19,534.25,538,532.25,537.5
2000-04-20,537.5,538,529.75,536.25
2000-04-24,536.25,544.5,533,544
2000-04-25,544,547,541,543
2000-04-26,542,547.5,539.5,540.25
2000-04-27,539.5,541,531.5,532.5
2000-04-28,532.5,534,522.5,526.5
2000-05-01,533,557,533,555
2000-05-02,553,560,552.25,554.25
2000-05-03,555,570.5,554.75,560.75
2000-05-04,555,563,555,561
2000-05-05,557.5,557.75,551,555
2000-05-08,545,551.5,544,547.25
2000-05-09,546,547.25,543.5,545.25
2000-05-10,549,562,549,560
2000-05-11,559.5,561,553.75,559
2000-05-12,567.5,567.5,559.5,565.75
2000-05-15,560,560,537,549.75
2000-05-16,549.5,551.75,542,543.75
2000-05-17,543,545,536.5,541.25
2000-05-18,544,560.5,543.25,547.75
2000-05-19,547.5,555,546,554.5
2000-05-22,552.5,560,547.25,553
2000-05-23,552.5,554.5,548,548.75
2000-05-24,546.75,548,539.75,542.25
2000-05-25,541.5,544,525,527.25
2000-05-26,527.75,535,527,534.25
2000-05-30,526.5,526.5,512.25,517
2000-05-31,517.25,521,515.75,517.5
2000-06-01,523.5,525.5,522,522.5
2000-06-02,522.5,534.5,518.5,533.75
2000-06-05,537.75,542,526,529.25
2000-06-06,529.25,532,521.5,530.5
2000-06-07,534.75,535,517.5,522.5
2000-06-08,522.5,525.5,518.5,521.5
2000-06-09,522.5,523.75,517.75,520.75
2000-06-12,515.5,515.5,501.5,510.5
2000-06-13,510,514.5,506.5,510.5
2000-06-14,508.75,515,499.5,510.75
2000-06-15,510.5,517,508.75,510
2000-06-16,510,514.5,504,504.75
2000-06-19,508,508,502,505
2000-06-20,505,505,500,501
2000-06-21,500.5,510,500,506.5
2000-06-22,506.5,512,501.5,501.75
2000-06-23,501,502.5,497.25,498
2000-06-26,499,500,493.5,499.5
2000-06-27,499,505.5,497,497.25
2000-06-28,497.25,498,488,488.5
2000-06-29,490,495,488.5,490.75
2000-06-30,491,492,477,477.5
2000-07-03,477.75,477.75,464,468.5
2000-07-05,470.5,477,465.5,472.5
2000-07-06,473,476,468,470.75
2000-07-07,470.75,480,468,473.5
2000-07-10,471.25,474,463,473.25
2000-07-11,473,475,470,471.25
2000-07-12,470,476,468.5,474.5
2000-07-13,477,477,465.5,466.75
2000-07-14,466.5,467.5,459.25,462
2000-07-17,460.5,461,455.25,457.5
2000-07-18,458,459,455,455.5
2000-07-19,453,457.5,451,452.5
2000-07-20,452,458.25,452,456
2000-07-21,455.5,460.5,455.5,460.25
2000-07-24,460.25,466,455.75,457
2000-07-25,455,455.5,450.5,452.75
2000-07-26,452.5,454,447.25,450.75
2000-07-27,450,454.75,450,452.5
2000-07-28,452.75,456.5,447,448
2000-07-31,446,446,446,446
2000-08-01,442,442,442,442
2000-08-02,445.5,445.5,445.5,445.5
2000-08-03,439.75,439.75,439.75,439.75
2000-08-04,437,437,437,437
2000-08-07,434,434,434,434
2000-08-08,442.25,442.25,442.25,442.25
2000-08-09,440.5,440.5,440.5,440.5
2000-08-10,445.75,445.75,445.75,445.75
2000-08-11,452,452,452,452
2000-08-14,456,456,456,456
2000-08-15,457.5,457.5,457.5,457.5
2000-08-16,465,465,465,465
2000-08-17,460,460,460,460
2000-08-18,458.25,458.25,458.25,458.25
2000-08-21,462,462,462,462
2000-08-22,458.5,458.5,458.5,458.5
2000-08-23,459.5,459.5,459.5,459.5
2000-08-24,461.75,461.75,461.75,461.75
2000-08-25,461.75,461.75,461.75,461.75
2000-08-28,470.25,470.25,470.25,470.25
2000-08-29,484.25,484.25,484.25,484.25
2000-08-30,481.75,481.75,481.75,481.75
2000-08-31,481.5,494.75,481.25,494.75
2000-09-01,492.75,493.75,492.5,492.75
2000-09-05,502,502,502,502
2000-09-06,502.5,502.5,485.25,485.25
2000-09-07,480,480,480,480
2000-09-08,495,495,495,495
2000-09-11,490,495.75,490,495.75
2000-09-12,495.5,495.5,495.5,495.5
2000-09-13,488.75,488.75,488.75,488.75
2000-09-14,499,499.5,491.75,491.75
2000-09-15,491,493.75,483.25,483.25
2000-09-18,483.25,488.5,482.5,488.5
2000-09-19,485,485.5,483.5,483.75
2000-09-20,483.5,487.5,483.25,487.5
2000-09-21,486.75,491.75,486,491.75
2000-09-22,490,496,489.5,496
2000-09-25,495.75,496.5,493.5,493.5
2000-09-26,494.5,496.5,493.75,493.75
2000-09-27,493.25,495.75,492.5,495.75
2000-09-28,495.25,498.25,495.25,498.25
2000-09-29,498,499,490.5,490.5
2000-10-02,488.25,489.5,486,489.5
2000-10-03,489.25,489.25,487.75,489
2000-10-04,488.25,489,486.25,486.25
2000-10-05,485.5,485.75,485,485
2000-10-06,484,486,484,485
2000-10-09,484,484.5,483,483
2000-10-10,482.75,485.75,482.5,485.75
2000-10-11,485,485.5,478,478
2000-10-12,477.75,479.5,474.25,474.25
2000-10-13,473.75,474.5,466,466
2000-10-16,465.25,466,465,465
2000-10-17,465,468.25,464.75,468.25
2000-10-18,467.75,468,467,467.75
2000-10-19,468,471.5,467.25,471.5
2000-10-20,472,474.25,468.75,468.75
2000-10-23,468,468.5,463,463
2000-10-24,462.5,467.75,462.5,467.75
2000-10-25,467.75,468.5,467,467
2000-10-26,467,468.25,461.25,461.25
2000-10-27,461,462,456.5,456.5
2000-10-30,456.5,458,456,456
2000-10-31,455.75,459.75,454.75,459.75
2000-11-01,459.75,462.75,459.5,462.75
2000-11-02,464.5,473.25,464.5,473.25
2000-11-03,473,474,473,473.25
2000-11-06,474.25,475,474.25,474.25
2000-11-07,474,475,473.25,475
2000-11-08,474.75,475.5,474,474
2000-11-09,474,474,467.25,467.25
2000-11-10,463.25,463.25,463.25,463.25
2000-11-13,462.5,468.75,462.5,468.75
2000-11-14,476,478,475.75,477.75
2000-11-15,479,481.5,478.5,481.5
2000-11-16,481,481.5,477.5,477.5
2000-11-17,477,487.75,477,487.75
2000-11-20,486.25,490.75,486.25,490.75
2000-11-21,493,493,489,489
2000-11-22,489,491,488.5,491
2000-11-24,492,500.75,492,500.75
2000-11-27,500.5,508,497.25,497.25
2000-11-28,497,500.75,496,500.75
2000-11-29,500.5,505.5,498.75,499.75
2000-11-30,499.25,506,499.25,506
2000-12-01,506.5,508,505,508
2000-12-04,508,508,503.5,504.5
2000-12-05,504,504,500.75,500.75
2000-12-06,500,507,498.5,507
2000-12-07,507,510,503,503
2000-12-08,503,511.5,499.5,511.5
2000-12-11,510,511,508.5,511
2000-12-12,511,513.75,507.25,507.25
2000-12-13,506.25,507.5,505.5,506.5
2000-12-14,506,508.75,504.25,504.25
2000-12-15,504,507.25,503.5,507.25
2000-12-18,508.5,513,508,509.75
2000-12-19,509.75,511.75,508,511.75
2000-12-20,511,512,508,508
2000-12-21,507.75,510,506.5,510
2000-12-22,509,511.75,509,510.25
2000-12-26,505.25,510.25,505.25,505.25
2000-12-27,503.75,503.75,498.5,498.5
2000-12-28,498,499,497.5,497.5
2000-12-29,497.5,499.5,497.5,499.5
2001-01-02,500,500,495,495
2001-01-03,493.75,497.25,493.75,497.25
2001-01-04,498,499.5,492.25,492.25
2001-01-05,493,493.75,489.5,489.5
2001-01-08,488,491,488,491
2001-01-09,495.25,495.25,495.25,495.25
2001-01-10,490.5,490.5,490.5,490.5
2001-01-11,479.75,479.75,479.75,479.75
2001-01-12,484.5,485.75,482.5,482.5
2001-01-16,482,482.5,477.5,477.5
2001-01-17,476.75,477,475,477
2001-01-18,472.5,474.75,472,473.5
2001-01-19,473.25,476,473,476
2001-01-22,470.25,470.75,469.25,469.5
2001-01-23,476.25,477.5,476,477.5
2001-01-24,467.75,468.5,467.25,468
2001-01-25,469.75,470,469,469
2001-01-26,465,467,465,467
2001-01-29,460,460,457.75,459.75
2001-01-30,459.75,461.25,459.75,461.25
2001-01-31,460.75,461,459.75,459.75
2001-02-01,459,459.5,458.25,458.25
2001-02-02,462.25,463,462.25,463
2001-02-05,467.75,468.5,467,468
2001-02-06,461.75,461.75,461,461
2001-02-07,465.5,465.5,464,465
2001-02-08,463,463.5,462.25,463
2001-02-09,453,453,452,453
2001-02-12,455,456.5,453.25,453.25
2001-02-13,452.5,454,452.5,453.75
2001-02-14,449.75,451.25,449.5,451.25
2001-02-15,452,453.25,451.75,453.25
2001-02-16,450.25,454,450,454
2001-02-20,456.25,459,454,454
2001-02-21,454,457.5,453.75,457.5
2001-02-22,457.5,460,455,455
2001-02-23,455,456.5,448,448
2001-02-26,447.25,449.25,447.25,449.25
2001-02-27,449.75,451.25,449.75,451.25
2001-02-28,451,454.75,451,453.5
2001-03-01,453,457,453,457
2001-03-02,457,460,455.75,455.75
2001-03-05,456.75,456.75,453.5,456.5
2001-03-06,461.75,461.75,461.75,461.75
2001-03-07,463,463,457.5,457.5
2001-03-08,459.5,459.5,455.5,455.5
2001-03-09,456.75,456.75,456.75,456.75
2001-03-12,455,459,455,459
2001-03-13,452.25,452.25,452.25,452.25
2001-03-14,456.5,456.75,444,444
2001-03-15,444,445.5,442.5,445.5
2001-03-16,445.5,447,443,443
2001-03-19,443,444.25,442.5,443.5
2001-03-20,443.25,446.75,443.25,446.75
2001-03-21,446.25,446.5,443.25,443.25
2001-03-22,443.25,445,434.25,434.25
2001-03-23,434.5,436.5,434.5,436.5
2001-03-26,438,442,438,442
2001-03-27,442,445.25,441,445.25
2001-03-28,445,445,441.75,441.75
2001-03-29,441.25,441.75,436.5,436.5
2001-03-30,436.5,438.75,428.5,428.5
2001-04-02,432.75,433,431.5,432.75
2001-04-03,432.25,433.25,430.25,430.25
2001-04-04,430,437.25,429.5,437.25
2001-04-05,437,439,437,437.5
2001-04-06,437,439,436,436
2001-04-09,435.5,441.25,435.5,441.25
2001-04-10,441,442,432.75,432.75
2001-04-11,433,437.25,433,437.25
2001-04-12,436.75,437.25,435.25,435.25
2001-04-16,434,435.5,432.75,432.75
2001-04-17,432.5,432.5,429.5,429.5
2001-04-18,429.5,434,426.5,434
2001-04-19,434,434.5,429.25,429.25
2001-04-20,429,431,429,429.25
2001-04-23,428.75,430,423.25,423.25
2001-04-24,422.5,426,422.5,426
2001-04-25,425,426,422,422
2001-04-26,422,428.75,422,428.75
2001-04-27,428.5,430,422.75,422.75
2001-04-30,423.5,434.25,422,434.25
2001-05-01,433,436,431.75,436
2001-05-02,441.5,441.5,441.5,441.5
2001-05-03,440,442.75,440,442.75
2001-05-04,444.5,444.5,444.5,444.5
2001-05-07,441.5,441.5,441.5,441.5
2001-05-08,440.25,447.5,440.25,447.5
2001-05-09,447.5,447.5,447.5,447.5
2001-05-10,447.5,447.5,447.5,447.5
2001-05-11,450,450,450,450
2001-05-14,436,443.25,435.75,443.25
2001-05-15,443,445.75,442.5,444
2001-05-16,444,447.5,443,447.5
2001-05-17,447,451,446.25,451
2001-05-18,450,451,449.5,449.5
2001-05-21,448,448.5,443.25,443.25
2001-05-22,443.75,444.75,443.25,443.75
2001-05-23,444.5,447,444.5,445.5
2001-05-24,446.25,449.75,446.25,449.75
2001-05-25,449.75,450,449.25,450
2001-05-29,448,448.5,439.25,439.25
2001-05-30,439.5,440.5,439,439.5
2001-05-31,437.75,439.25,437.75,438
2001-06-01,450.5,455,450.5,455
2001-06-04,454,454,451.5,453
2001-06-05,453,457.5,453,453.25
2001-06-06,452.25,461.5,452,461.5
2001-06-07,461.5,462.75,460.5,461.5
2001-06-08,461.25,466.5,458,466.5
2001-06-11,465,471.5,465,471.5
2001-06-12,471.5,473.75,471.25,473.75
2001-06-13,473.5,474,472,474
2001-06-14,474,475,470.75,470.75
2001-06-15,470.5,470.75,458.5,458.5
2001-06-18,458.5,464,457.25,464
2001-06-19,465,469.75,464.25,469.75
2001-06-20,468.25,470.5,466,466
2001-06-21,465.75,466.5,460.25,460.25
2001-06-22,460,462,454.5,454.5
2001-06-25,454.25,455,450.75,450.75
2001-06-26,451.5,457,451.25,457
2001-06-27,456.5,461.5,456.5,461.5
2001-06-28,461.5,463,461.25,462.5
2001-06-29,462,482.5,461.75,482.5
2001-07-02,479,491.75,479,491.75
2001-07-03,491.5,491.5,488.5,488.5
2001-07-05,489.5,496,481.5,496
2001-07-06,494,495,494,495
2001-07-09,493.5,503.5,492,503.5
2001-07-10,505,509,503.5,509
2001-07-11,508.5,513.5,508.5,513.5
2001-07-12,525,525,525,525
2001-07-13,527,529.75,523.5,526.5
2001-07-16,521.5,523,511,511
2001-07-17,514,532.5,514,528
2001-07-18,525.5,528,513,513.75
2001-07-19,513.75,519,513,513
2001-07-20,513,514.75,496,496
2001-07-23,490.25,503.75,490,503.75
2001-07-24,512,515.25,503.75,503.75
2001-07-25,503.5,510.75,502.25,510.75
2001-07-26,510.75,516,510.5,510.5
2001-07-27,507,515.5,506.5,515.5
2001-07-30,515,517,504,504
2001-07-31,499,512.75,493.5,512.75
2001-08-01,513,517.75,509,509
2001-08-02,509,513,493.25,493.25
2001-08-03,494,498,494,498
2001-08-06,501.5,501.5,501.5,501.5
2001-08-07,508.5,508.5,508.5,508.5
2001-08-08,518,518,518,518
2001-08-09,518,518,514,514
2001-08-10,514,519,514,519
2001-08-13,524.5,524.5,524.5,524.5
2001-08-14,520.5,520.5,510.75,510.75
2001-08-15,511,517.5,510,517.5
2001-08-16,517.25,518.5,502.75,502.75
2001-08-17,503.5,505.25,503.25,504.25
2001-08-20,498.75,498.75,489.75,489.75
2001-08-21,495,495,491.75,491.75
2001-08-22,490.5,492.5,487.5,487.5
2001-08-23,488,488,481.75,481.75
2001-08-24,482,482,478.25,478.25
2001-08-27,478,479.25,475,479.25
2001-08-28,486.25,486.5,475.75,475.75
2001-08-29,474,480.5,474,480.5
2001-08-30,480.25,480.25,473.5,473.5
2001-08-31,473.5,479.5,473,479.5
2001-09-04,478.75,478.75,478.75,478.75
2001-09-05,479.25,479.25,473,473
2001-09-06,464,464,464,464
2001-09-07,465.75,465.75,463.75,463.75
2001-09-10,464.75,464.75,464.75,464.75
2001-09-11,464.75,464.75,464.75,464.75
2001-09-13,480,480,480,480
2001-09-14,481,484.5,474,474
2001-09-17,473,480,472,480
2001-09-18,478.75,480,475,475
2001-09-19,475,475,469.5,469.5
2001-09-20,469.25,473.5,468.5,473.5
2001-09-21,473.5,476,469.75,469.75
2001-09-24,469.75,475,468,468
2001-09-25,468,469.5,463.5,463.5
2001-09-26,463,465,462.75,465
2001-09-27,465.25,467,461.75,461.75
2001-09-28,461.25,461.5,451.25,451.25
2001-10-01,451,452,450.5,452
2001-10-02,452,453,452,453
2001-10-03,452.5,452.75,451,452
2001-10-04,451.25,452.25,451,451
2001-10-05,450.25,452.25,450,452.25
2001-10-08,452,454.5,451.5,454
2001-10-09,453.5,454,451.5,451.5
2001-10-10,451,451.25,448.25,448.25
2001-10-11,448.25,449.5,447.75,447.75
2001-10-12,447.5,447.5,435.5,435.5
2001-10-15,435.25,437,429.25,429.25
2001-10-16,429,430.5,428.75,430.5
2001-10-17,430.5,431,430.25,430.5
2001-10-18,433.5,435.25,431,431
2001-10-19,430.75,431,424.75,424.75
2001-10-22,421.5,424,420.75,420.75
2001-10-23,420.5,422.75,420,420.75
2001-10-24,420.5,424.5,419.75,424.5
2001-10-25,423.5,428.25,423.25,428.25
2001-10-26,428,428.25,426.5,426.5
2001-10-29,425,426.5,425,426.5
2001-10-30,426.5,431.75,426.5,431.75
2001-10-31,431.25,431.5,428.5,428.5
2001-11-01,428,435,428,435
2001-11-02,434,434,432.25,433.5
2001-11-05,432.5,435.5,432.5,435.5
2001-11-06,432,432,432,432
2001-11-07,432.75,439,432,439
2001-11-08,439.5,439.5,434.75,434.75
2001-11-09,436.5,441.75,436.5,441.75
2001-11-12,441.5,442.5,441.5,442.5
2001-11-13,445,445.25,442.25,442.25
2001-11-14,445,447.25,445,447.25
2001-11-15,447,448.25,446.5,446.75
2001-11-16,446.25,452.5,446,452.5
2001-11-19,452,453.5,451.5,452.25
2001-11-20,452.25,453.5,448.5,448.5
2001-11-21,448.25,450,448,450
2001-11-23,450,452.75,450,451.25
2001-11-26,451.25,452,441.25,441.25
2001-11-27,441.75,443,441.5,443
2001-11-28,443.25,444,435.5,435.5
2001-11-29,435,437.5,435,436.5
2001-11-30,436.5,444.5,436.5,444.5
2001-12-03,444,447.25,444,447.25
2001-12-04,446.5,446.75,444.75,444.75
2001-12-05,444,444.75,442.5,442.5
2001-12-06,442.5,444,441.5,441.5
2001-12-07,441,445.25,439,445.25
2001-12-10,445,445.25,443,443
2001-12-11,443,443,437.5,437.5
2001-12-12,436.75,437,432.5,432.5
2001-12-13,432,433.75,432,433.75
2001-12-14,434.25,436.25,434.25,436.25
2001-12-17,436.5,438,436,436.75
2001-12-18,436.25,436.75,432,432
2001-12-19,432,435,431.25,435
2001-12-20,435,435.75,435,435.5
2001-12-21,435.5,436.5,435.5,435.5
2001-12-26,428.25,428.25,428.25,428.25
2001-12-27,428.25,429,427.5,427.5
2001-12-28,427,428.5,424.25,424.25
2001-12-31,423.75,424,421,421
2002-01-02,421.75,422.75,418,418
2002-01-03,418,423.75,418,423.75
2002-01-04,423.75,424,423.5,424
2002-01-07,424,429,424,429
2002-01-08,430,435,430,435
2002-01-09,436.25,440,436,440
2002-01-10,440,440,433.25,433.25
2002-01-11,445,445,433,445
2002-01-14,443,448,443,446.75
2002-01-15,446.25,446.75,446,446
2002-01-16,445.5,452.5,444,452.5
2002-01-17,452,452.5,450.5,450.75
2002-01-18,450.25,451.25,445.5,445.5
2002-01-22,447,449,439,439
2002-01-23,438.25,441.5,433.5,433.5
2002-01-24,433.75,437.25,433.75,437.25
2002-01-25,438,439,430.75,430.75
2002-01-28,428.5,431,427.5,431
2002-01-29,431,432,428.5,428.5
2002-01-30,427.75,428,427,427.75
2002-01-31,428,430.25,428,430.25
2002-02-01,430.25,431,426.75,426.75
2002-02-04,428,434,428,434
2002-02-05,433.5,434,432.75,432.75
2002-02-06,432.5,433.75,428,428
2002-02-07,427.75,431.25,427.5,431.25
2002-02-08,431.75,433,429,429
2002-02-11,429.5,431,428.75,431
2002-02-12,431,436.25,431,436.25
2002-02-13,436,439.5,435.5,439.5
2002-02-14,439,439.75,436.25,436.25
2002-02-15,435.5,437.25,435.25,437.25
2002-02-19,437.75,438.25,436.25,438.25
2002-02-20,438,445,437.5,445
2002-02-21,444.5,444.75,443.75,444
2002-02-22,444,444,441.25,441.25
2002-02-25,443,443,436.75,436.75
2002-02-26,436,436.75,435.5,436.75
2002-02-27,437,442.75,437,442.75
2002-02-28,441.5,443,435.75,435.75
2002-03-01,437.75,446.5,435,446.5
2002-03-04,444,444,443,443.5
2002-03-05,443,449,443,449
2002-03-06,449,449,447.25,447.25
2002-03-07,446,453.25,446,451.5
2002-03-08,449.5,458,449.5,458
2002-03-11,456.5,458,455,458
2002-03-12,456.75,456.75,456.75,456.75
2002-03-13,455,456,455,456
2002-03-14,463,468.5,463,468.5
2002-03-15,468,472.25,466.75,472.25
2002-03-18,471,472,460.5,460.5
2002-03-19,460.75,463.5,460.5,463.5
2002-03-20,463.5,464.25,458.5,458.5
2002-03-21,458.5,459.25,457.75,459.25
2002-03-22,459.5,464.5,459.25,464.5
2002-03-25,464,466,462.5,462.5
2002-03-26,462.5,467.75,462.5,467.75
2002-03-27,467.25,472.75,467,472.75
2002-03-28,471.5,476.25,471,476.25
2002-04-01,475,475.75,474,475.75
2002-04-02,475.75,476.75,473.25,473.25
2002-04-03,472.5,472.75,461.75,461.75
2002-04-04,461.5,463,459,459
2002-04-05,459.5,465.5,459.5,465.5
2002-04-08,463.5,464.5,458,458
2002-04-09,458,461.25,458,461.25
2002-04-10,461,462,460.5,460.5
2002-04-11,460.75,461.25,458,458
2002-04-12,458,461,455.5,461
2002-04-15,461.75,461.75,456.5,456.5
2002-04-16,456.5,463.25,456.5,463.25
2002-04-17,463,473.25,461.25,473.25
2002-04-18,472.5,473,470.25,470.25
2002-04-19,470,472,470,472
2002-04-22,472,475.25,470.5,470.5
2002-04-23,470,474,469,474
2002-04-24,475,479.5,475,479.5
2002-04-25,479.25,480.75,474,474
2002-04-26,474,475,474,475
2002-04-29,467,467.75,461.75,461.75
2002-04-30,461.75,462.5,461.75,462.25
2002-05-01,462,463,460.25,460.25
2002-05-02,461,461,459.25,459.25
2002-05-03,459,459,459,459
2002-05-06,455.5,460.75,455.5,460.75
2002-05-07,461,461,461,461
2002-05-08,467.25,467.25,467.25,467.25
2002-05-09,473,473,473,473
2002-05-10,468.25,468.25,468.25,468.25
2002-05-13,477.5,477.5,477.5,477.5
2002-05-14,475.75,476.25,475.25,476
2002-05-15,476,482,475.25,482
2002-05-16,481,484.75,479.75,484.75
2002-05-17,484.75,487.5,484.5,487.5
2002-05-20,485,491.25,484.5,491.25
2002-05-21,491.75,492.25,490.5,490.5
2002-05-22,490.5,495.5,489.5,493
2002-05-23,493.5,493.75,491.5,491.5
2002-05-24,489.5,491,488,491
2002-05-28,489,497.25,488,497.25
2002-05-29,497.5,498,496.25,496.25
2002-05-30,495.5,501.25,495,501.25
2002-05-31,501,508.75,500.5,508.75
2002-06-03,506.75,506.75,503.75,505.5
2002-06-04,504.75,509.75,504.25,509.75
2002-06-05,509,513.75,508.5,513.75
2002-06-06,513.75,515.25,513.75,514.75
2002-06-07,513.25,513.5,507.5,507.5
2002-06-10,505.5,506,500.5,500.5
2002-06-11,500,503,500,500.5
2002-06-12,500.5,502.25,493.25,493.25
2002-06-13,493.25,501.25,493,501.25
2002-06-14,501,502.5,497,497
2002-06-17,495.75,498.75,495,498.75
2002-06-18,499.25,499.25,493,493
2002-06-19,492.5,493,491.5,491.5
2002-06-20,492,492,487.5,487.5
2002-06-21,488,495,487,495
2002-06-24,499.75,505.25,499.75,505.25
2002-06-25,507,507,503.25,503.25
2002-06-26,503,514,499.75,514
2002-06-27,513,522,512.5,522
2002-06-28,522.25,536.5,520.75,536.5
2002-07-01,537,549.5,537,549.5
2002-07-02,549.75,555.5,544.25,544.25
2002-07-03,544.25,556.5,541.25,556.5
2002-07-05,561,569.75,554,569.75
2002-07-08,566,573.5,566,573.5
2002-07-09,576,587.5,575,587.5
2002-07-10,587.5,588,584.5,584.5
2002-07-11,588.5,591,576.5,576.5
2002-07-12,555,558.25,555,558.25
2002-07-15,560,570,560,570
2002-07-16,577,583.75,577,579.75
2002-07-17,579.75,579.75,574.5,576.75
2002-07-18,576,577.5,572.5,577.5
2002-07-19,573.25,575.25,569,575.25
2002-07-22,585,593.75,581,593.75
2002-07-23,605,605,576,576
2002-07-24,576,584,576,584
2002-07-25,584,584.75,567.75,567.75
2002-07-26,569.5,572,550.75,550.75
2002-07-29,544,544,534.75,534.75
2002-07-30,537,544.5,535.25,544.5
2002-07-31,545,567.5,545,567.5
2002-08-01,572.5,580.5,568.5,568.5
2002-08-02,568,570,561.25,561.25
2002-08-05,554.5,559.25,540,559.25
2002-08-06,559.25,564.75,559.25,564.75
2002-08-07,560,564,560,560
2002-08-08,560,560.5,557.75,557.75
2002-08-09,559,568,557.5,568
2002-08-12,590.5,590.5,590.5,590.5
2002-08-13,595,595,588,593.25
2002-08-14,582.5,594,579.5,594
2002-08-15,593,600,591,592.25
2002-08-16,591,593.75,583.25,583.25
2002-08-19,578,583,569,569
2002-08-20,566,568,551.75,551.75
2002-08-21,550,558.25,550,554.25
2002-08-22,554,557.5,548,548
2002-08-23,548.25,552,543,552
2002-08-26,553.5,556.5,553.5,553.75
2002-08-27,553.25,562.75,553.25,562.75
2002-08-28,563,567.25,559.5,559.5
2002-08-29,559.5,561,555.25,555.25
2002-08-30,555.5,559,555.5,559
2002-09-03,566.75,567.25,559.75,559.75
2002-09-04,559.75,563.25,558.75,563.25
2002-09-05,565.5,565.5,565.5,565.5
2002-09-06,565.5,567,565,565
2002-09-09,565.75,573.5,565.75,573.5
2002-09-10,581,581,581,581
2002-09-11,581,591.5,580,591.5
2002-09-12,578,578,578,578
2002-09-13,577.75,577.75,565.25,565.25
2002-09-16,563,572.5,563,572.5
2002-09-17,573,576,571,573
2002-09-18,572.75,574.25,572,572
2002-09-19,571.5,573.5,564,564
2002-09-20,562.5,564.5,562,564.5
2002-09-23,564,564,553.25,553.25
2002-09-24,553,561.75,553,561.75
2002-09-25,562,563,558.75,558.75
2002-09-26,558,565.5,558,565.5
2002-09-27,565.25,567,560.25,560.25
2002-09-30,558.5,560,545.75,545.75
2002-10-01,545.75,547.75,542,542
2002-10-02,542.5,545.75,537.5,537.5
2002-10-03,538.5,539,537.5,538
2002-10-04,538,539.5,537.5,539.5
2002-10-07,539.25,539.75,537.5,539.75
2002-10-08,539.5,540,535.25,535.25
2002-10-09,534.5,535,523.5,523.5
2002-10-10,523.5,525,523,524.75
2002-10-11,525,529,525,528.5
2002-10-14,528,532.5,526.25,532.5
2002-10-15,531.25,547.75,531.25,547.75
2002-10-16,546.75,551,546.5,547
2002-10-17,547,550.75,541,550.75
2002-10-18,550.25,553,546,546
2002-10-21,546,551,545.25,551
2002-10-22,550,550,546.25,546.5
2002-10-23,546.5,554.5,546.5,554.5
2002-10-24,554,557.5,553.5,557.5
2002-10-25,557,557.5,556.25,557
2002-10-28,553.5,554,545.5,545.5
2002-10-29,545.5,557,545.5,557
2002-10-30,557,562,556.5,557
2002-10-31,556.5,565.25,555.25,565.25
2002-11-01,565,568.5,564,568.5
2002-11-04,566,575.25,566,575.25
2002-11-05,575,578.25,575,578.25
2002-11-06,576,581,576,580.5
2002-11-07,582,582.25,574,574
2002-11-08,573,573,563.25,563.25
2002-11-11,563.25,574,561,574
2002-11-12,580,581,569.5,569.5
2002-11-13,569.5,569.5,567.25,567.25
2002-11-14,563,567.25,562.5,567.25
2002-11-15,567,567.75,563.25,563.25
2002-11-18,563,566.5,562,566.5
2002-11-19,566,568,565.5,568
2002-11-20,573.75,575.75,573.5,575.75
2002-11-21,575,575.25,569.5,569.5
2002-11-22,568.75,571.75,568,571.75
2002-11-25,571.75,573,569,572.25
2002-11-26,572.25,573,571.75,573
2002-11-27,573,577.25,573,577.25
2002-11-29,578,580.75,578,578.75
2002-12-02,579.5,584.5,578.5,578.5
2002-12-03,578,578,564.5,564.5
2002-12-04,564,566.25,563.5,566.25
2002-12-05,567,568.5,562,562
2002-12-06,564.5,565,562.5,563.25
2002-12-09,560,562.5,560,562
2002-12-10,562,564,561,564
2002-12-11,564,568,563.75,568
2002-12-12,568,568,566,566.25
2002-12-13,575,576,572,572
2002-12-16,571.5,573,561.5,561.5
2002-12-17,559.75,561.25,556,556
2002-12-18,556,560.25,554.5,560.25
2002-12-19,560.5,563.75,560.5,563.75
2002-12-20,564.75,572,564.25,572
2002-12-23,572,572.5,571,572.5
2002-12-26,565.75,565.75,565.75,565.75
2002-12-27,566.5,566.75,565.5,566.5
2002-12-30,568.5,569.5,565.75,565.75
2002-12-31,565.5,569.5,565,569.5
2003-01-02,570,571,569,570
2003-01-03,582.5,583,582,582.25
2003-01-06,581.25,582,580.75,582
2003-01-07,581.25,585.25,580,585.25
2003-01-08,587,590,587,589.5
2003-01-09,586.5,586.5,586.5,586.5
2003-01-10,590.5,592.5,564.75,564.75
2003-01-13,565.5,565.5,560.25,560.25
2003-01-14,549,551.5,549,550
2003-01-15,550.25,550.5,548.75,549.75
2003-01-16,549.5,550.25,548.5,549
2003-01-17,550,556,549.5,556
2003-01-21,555.5,556.75,554,556
2003-01-22,555.5,560,555,560
2003-01-23,560,561.5,558.75,561.5
2003-01-24,561.5,569,560.5,569
2003-01-27,569.5,574.25,567.25,567.25
2003-01-28,567,573.25,567,573.25
2003-01-29,573,573.25,561.25,561.25
2003-01-30,561.5,568.5,561.25,568.5
2003-01-31,568,568.75,564,564
2003-02-03,562,568,559.75,568
2003-02-04,568,570.5,567.75,570.5
2003-02-05,570,571.5,563,563
2003-02-06,562,562.5,559.5,562.5
2003-02-07,562.5,563.75,555.75,555.75
2003-02-10,556,564.75,556,564.75
2003-02-11,565.25,572,564.5,572
2003-02-12,571.5,572,563.25,563.25
2003-02-13,562.5,571.75,562.5,571.75
2003-02-14,571.75,573.25,571.25,573
2003-02-18,571.25,574,570.25,574
2003-02-19,573,573.75,571.75,571.75
2003-02-20,570,570,566,568.5
2003-02-21,569,574,569,574
2003-02-24,572.5,572.75,572.25,572.25
2003-02-25,572.5,576.25,572.5,576.25
2003-02-26,575,579.25,575,579.25
2003-02-27,578,581.5,578,581.5
2003-02-28,580,581.5,577,577
2003-03-03,576.75,580.75,576.5,576.5
2003-03-04,576,580,572.75,572.75
2003-03-05,572.75,573,568.5,568.5
2003-03-06,568.25,568.25,562.5,562.5
2003-03-07,563,564.5,563,564.5
2003-03-10,566.25,566.5,566.25,566.5
2003-03-11,569,572,567.25,572
2003-03-12,566.75,566.75,566.75,566.75
2003-03-13,576,576,576,576
2003-03-14,574.5,574.75,573.5,574.5
2003-03-17,572.75,574,568.25,568.25
2003-03-18,568,574,566.75,574
2003-03-19,573.25,574,570.5,570.5
2003-03-20,570.5,574.5,570,574.5
2003-03-21,574.5,576.75,574,576.75
2003-03-24,575.75,576.25,569.75,569.75
2003-03-25,569.5,573.5,568.25,573.5
2003-03-26,573.25,573.25,569,569
2003-03-27,569,580.25,569,580.25
2003-03-28,579.25,580,578.5,580
2003-03-31,579.75,580.5,574.5,574.5
2003-04-01,575,576.5,573.75,573.75
2003-04-02,574.25,586.75,574.25,586.75
2003-04-03,585.75,586.5,585.25,585.25
2003-04-04,585,590.75,583.5,590.75
2003-04-07,590.25,598.75,590,598.75
2003-04-08,598,601,597,601
2003-04-09,601,604,600.5,604
2003-04-10,603.75,606.5,601,601
2003-04-11,601,601,598.5,600.25
2003-04-14,599.5,607.75,599,607.75
2003-04-15,607.5,610.5,607.5,610.5
2003-04-16,610,611.75,609.25,609.25
2003-04-17,608.5,622,607,622
2003-04-21,621.25,621.75,616.5,616.5
2003-04-22,616.25,618,610,610
2003-04-23,609.5,610.5,609,609.25
2003-04-24,603,604,602.5,602.5
2003-04-25,601.75,601.75,599,599
2003-04-28,601,605,601,605
2003-04-29,606,620.75,605,620.75
2003-04-30,620,623.5,619.5,623.5
2003-05-01,620.75,625.75,620.5,625.75
2003-05-02,623.75,626.25,623.75,626.25
2003-05-05,624.75,628.5,623.75,623.75
2003-05-06,620.25,625,620,625
2003-05-07,627,627.25,623,623
2003-05-08,621.25,621.25,621.25,621.25
2003-05-09,636.25,636.25,636.25,636.25
2003-05-12,638,642.25,638,642.25
2003-05-13,639,642.5,639,642.5
2003-05-14,645,649.25,644.25,649.25
2003-05-15,649.25,652.75,648.75,648.75
2003-05-16,648.5,648.5,642,642
2003-05-19,639,639.75,635.5,637
2003-05-20,636,642.75,635.5,642.75
2003-05-21,640.75,642.5,640,640
2003-05-22,639.5,640,626.75,626.75
2003-05-23,626.5,628.25,625,628.25
2003-05-27,628,630.5,622,630.5
2003-05-28,629.25,630.75,623,623
2003-05-29,622.5,630,620.25,630
2003-05-30,631.5,631.5,624.5,624.5
2003-06-02,620.5,622,612.5,612.5
2003-06-03,612,612.5,610.25,610.25
2003-06-04,610.25,615.25,610.25,615.25
2003-06-05,615.25,618.75,614.25,618.75
2003-06-06,619,631.5,618.5,631.5
2003-06-09,631,631,625.5,625.5
2003-06-10,625,633.5,624.25,633.5
2003-06-11,633,637,629.5,629.5
2003-06-12,629,629.75,624.5,624.5
2003-06-13,624.5,625,614.5,614.5
2003-06-16,613,617.25,611.75,617.25
2003-06-17,616.25,621.25,615,621.25
2003-06-18,621.5,629,621.5,629
2003-06-19,629,632,628.5,630
2003-06-20,628.25,629.75,628,629.25
2003-06-23,628.5,630.25,627,630.25
2003-06-24,630,635.75,629,635.75
2003-06-25,635.5,642.75,635,642.75
2003-06-26,642,642.5,628.25,628.25
2003-06-27,628,631.5,628,631.5
2003-06-30,631,632,621.25,621.25
2003-07-01,622,626.25,619.5,626.25
2003-07-02,624.5,628.75,624,628.75
2003-07-03,628.5,631.5,626.75,626.75
2003-07-07,625.5,629,620,620.5
2003-07-08,622,622,613.75,613.75
2003-07-09,615.75,619,613,619
2003-07-10,615.5,615.5,614.5,614.5
2003-07-11,616,620.75,616,620.75
2003-07-14,603.25,605,599.5,599.5
2003-07-15,599,599,585.25,585.25
2003-07-16,585.5,586.5,582,582
2003-07-17,582.25,585,572.75,572.75
2003-07-18,572.75,573.5,560.5,560.5
2003-07-21,560,563,557.75,557.75
2003-07-22,558.5,561.75,558.5,561.75
2003-07-23,560.75,562,556.75,556.75
2003-07-24,557.5,559.75,547.75,547.75
2003-07-25,548,549.5,546,549.5
2003-07-28,550,556.25,550,554.25
2003-07-29,555.5,556,539.5,539.5
2003-07-30,539.5,539.5,532.5,534.5
2003-07-31,534.5,535,532.5,532.5
2003-08-01,533,537.5,533,537.5
2003-08-04,539.25,539.75,536,539.5
2003-08-05,544.5,544.5,541.25,542
2003-08-06,540,540,540,540
2003-08-07,543,543,543,543
2003-08-08,541,548.5,541,548.5
2003-08-11,556.5,556.5,556.5,556.5
2003-08-12,556.5,571.25,556.5,571.25
2003-08-13,564.5,564.5,564.5,564.5
2003-08-14,546.75,551.75,546.75,551.75
2003-08-15,552,552.25,549,552.25
2003-08-18,562.5,582.25,562.5,582.25
2003-08-19,581,581,567.75,567.75
2003-08-20,572,576.5,571,576.5
2003-08-21,578,587,578,578.5
2003-08-22,581.25,586.25,577,586.25
2003-08-25,586.5,590,580.5,586.25
2003-08-26,595,597.75,576.75,576.75
2003-08-27,580,582.5,579.5,582.5
2003-08-28,580,590.5,580,590.5
2003-08-29,589.25,595,589.25,595
2003-09-02,582,586,579.75,579.75
2003-09-03,586.25,586.25,586.25,586.25
2003-09-04,605.75,605.75,605.75,605.75
2003-09-05,608,608,608,608
2003-09-08,608,612,605.25,605.25
2003-09-09,615.5,615.5,615.5,615.5
2003-09-10,616.5,616.5,616.5,616.5
2003-09-11,637.5,637.5,637.5,637.5
2003-09-12,614,623,611,623
2003-09-15,620.5,625.5,619,619
2003-09-16,620.5,622,610.75,610.75
2003-09-17,610.75,617.25,610,617.25
2003-09-18,618.5,627,618.25,627
2003-09-19,626.5,638,626.5,638
2003-09-22,638,651.25,638,651.25
2003-09-23,651.75,654.5,648.5,651
2003-09-24,651.25,653,651,653
2003-09-25,653.5,657.25,653.25,655.5
2003-09-26,655.5,656.5,651.5,656.5
2003-09-29,657,683.25,657,683.25
2003-09-30,682,684.5,677.25,677.25
2003-10-01,677.25,687.25,677.25,687.25
2003-10-02,687.25,700.25,687,697
2003-10-03,695.75,696.5,678,678
2003-10-06,676,676,672,673.75
2003-10-07,685.5,689,685,687.75
2003-10-08,686.75,687.5,678.5,678.5
2003-10-09,677.75,692.5,677.5,692.5
2003-10-10,692,713.5,691,713.5
2003-10-13,714,731.5,713.5,731.5
2003-10-14,731.5,743.5,730.5,741.5
2003-10-15,741,741,727.5,727.5
2003-10-16,727,730.5,722,725.5
2003-10-17,726,733.5,726,729.25
2003-10-20,729.75,738.25,729.25,729.25
2003-10-21,729.25,730.25,724,730.25
2003-10-22,730.5,749.75,730.25,749.75
2003-10-23,750.5,765,750.5,763.75
2003-10-24,763,768.75,761.5,762.5
2003-10-27,765.25,780,758.5,758.5
2003-10-28,757,782,756,782
2003-10-29,783.5,800,783.5,800
2003-10-30,799.75,803.5,793.5,793.5
2003-10-31,794,801.75,791.75,794.25
2003-11-03,795,803.5,790,790
2003-11-04,791.25,791.5,757,757
2003-11-05,755,765.25,745.75,765.25
2003-11-06,768.25,772.25,757.75,757.75
2003-11-07,753,753,743,743
2003-11-10,738.5,757.5,736,757.5
2003-11-11,764,777,764,777
2003-11-12,783,783,769,769
2003-11-13,771,771,771,771
2003-11-14,779,783.5,778.5,778.5
2003-11-17,782.5,784.5,774.75,780
2003-11-18,778,780.5,776,777
2003-11-19,775,776.75,748.75,748.75
2003-11-20,747,759.25,744.5,759.25
2003-11-21,759,763.5,753.5,753.5
2003-11-24,737.25,737.25,737.25,737.25
2003-11-25,746,746,746,746
2003-11-26,745.75,745.75,745.75,745.75
2003-11-28,756.25,756.25,756.25,756.25
2003-12-01,761,761,761,761
2003-12-02,773.25,773.25,773.25,773.25
2003-12-03,778.25,778.25,778.25,778.25
2003-12-04,769,769,769,769
2003-12-05,760.5,760.5,760.5,760.5
2003-12-08,770.75,770.75,770.75,770.75
2003-12-09,787,787,787,787
2003-12-10,785,785,785,785
2003-12-11,766.75,766.75,766.75,766.75
2003-12-12,776.25,776.25,776.25,776.25
2003-12-15,773,773,773,773
2003-12-16,764.25,764.25,764.25,764.25
2003-12-17,768.5,768.5,768.5,768.5
2003-12-18,759.5,759.5,759.5,759.5
2003-12-19,764.75,764.75,764.75,764.75
2003-12-22,753.75,753.75,753.75,753.75
2003-12-23,741.25,741.25,741.25,741.25
2003-12-24,759.75,759.75,759.75,759.75
2003-12-26,792,792,792,792
2003-12-29,784.5,784.5,784.5,784.5
2003-12-30,777.5,777.5,777.5,777.5
2003-12-31,789,789,789,789
2004-01-02,792.5,792.5,792.5,792.5
2004-01-05,790,799,790,796.75
2004-01-06,796.75,801,796.25,796.25
2004-01-07,796.75,798,787.5,787.5
2004-01-08,788.5,793.5,784.75,793.5
2004-01-09,790,790,790,790
2004-01-12,788,816.5,785,816.5
2004-01-13,814,833,814,833
2004-01-14,838,841.5,834.5,841.5
2004-01-15,841,844.75,835,835
2004-01-16,834,835.75,828.75,835.75
2004-01-20,834,836,828.25,828.25
2004-01-21,828,842,827,842
2004-01-22,842.5,845,840.5,840.5
2004-01-23,837.5,839.25,836.5,839.25
2004-01-26,839,849.5,838.5,847.5
2004-01-27,844,848.75,835.5,835.5
2004-01-28,832.75,832.75,804.75,804.75
2004-01-29,804,809,802.5,809
2004-01-30,810,819.5,810,819.5
2004-02-02,813,814,793,793
2004-02-03,793,802.5,792,802.5
2004-02-04,803,805.75,802.5,805.75
2004-02-05,805.75,832.25,805,832.25
2004-02-06,832,844.25,832,840
2004-02-09,830,847.5,819,847.5
2004-02-10,846.5,854.25,834.75,834.75
2004-02-11,832,838,823.5,838
2004-02-12,838.25,842,822,822
2004-02-13,818.5,829,817,829
2004-02-17,832,851,832,851
2004-02-18,850.5,854.75,849.75,854.5
2004-02-19,852.5,880,851.75,880
2004-02-20,880,893.5,880,893
2004-02-23,901,911.75,901,911.5
2004-02-24,910,929.75,905.5,929.75
2004-02-25,929,951.5,929,933.75
2004-02-26,936,938.75,928,928
2004-02-27,926.25,942.5,919.5,942.5
2004-03-01,943.75,962.25,943.75,962.25
2004-03-02,962.25,962.5,931,931
2004-03-03,929.5,942,925.75,942
2004-03-04,942,952.5,932.5,932.5
2004-03-05,932.75,933.75,932.75,933.75
2004-03-08,934,934,911.5,911.5
2004-03-09,916.75,942,916.75,942
2004-03-10,923.5,923.5,923.5,923.5
2004-03-11,925.25,944,920,944
2004-03-12,949.25,955.75,948,955.75
2004-03-15,953,978.25,953,978.25
2004-03-16,980,989,979.25,989
2004-03-17,990,994,975.5,994
2004-03-18,996.5,1018,995.75,1018
2004-03-19,1020,1024,1013,1024
2004-03-22,1036,1055.75,1036,1055.75
2004-03-23,1055.75,1055.75,1042.5,1052
2004-03-24,1052,1063.75,1023.5,1023.5
2004-03-25,1024.5,1031,1024.25,1028.5
2004-03-26,1031.5,1036.25,1013,1013
2004-03-29,1013,1023,1012,1013
2004-03-30,1013.75,1016.75,1012,1016.25
2004-03-31,1016,1017.5,995,995
2004-04-01,1000,1029.5,999.25,1029.5
2004-04-02,1035.5,1045.5,1031,1045.5
2004-04-05,1047,1056,1024.5,1024.5
2004-04-06,1022,1025.25,1009,1009
2004-04-07,1014,1022.25,1014,1016
2004-04-08,1020,1021,988,988
2004-04-12,990,993,967,967
2004-04-13,965.25,971.5,962.5,971.5
2004-04-14,974,1013,972.25,1013
2004-04-15,1016,1030,963,963
2004-04-16,956.25,965.75,950.5,965
2004-04-19,970.25,975.75,959,969
2004-04-20,968,969.5,952.75,952.75
2004-04-21,952.75,952.75,935,935
2004-04-22,937.75,947,935,947
2004-04-23,950.5,967,944,967
2004-04-26,968.75,968.75,962.25,964.5
2004-04-27,964.5,1003,963.5,1003
2004-04-28,1005,1005.75,994.5,996.5
2004-04-29,996.5,1014.5,995,1014.5
2004-04-30,1016.75,1034,1015,1034
2004-05-03,1036,1041.5,1030,1041.5
2004-05-04,1040.75,1040.75,1038,1038.25
2004-05-05,1041.25,1041.25,1034.5,1034.5
2004-05-06,1034.5,1035,1018,1018
2004-05-07,1018,1050.5,1013.75,1050.5
2004-05-10,1049.5,1049.5,1037,1040.5
2004-05-11,1045,1053.5,1044,1053.5
2004-05-12,1053.5,1056.5,991.5,991.5
2004-05-13,995.5,1013,993,1013
2004-05-14,982,986,932.5,932.5
2004-05-17,924.5,925,904,905.5
2004-05-18,905.5,915.75,874,874
2004-05-19,873,907.5,871,907.5
2004-05-20,913,913,869,869
2004-05-21,866.75,872.5,860,872.5
2004-05-24,882.5,883,866,866
2004-05-25,863.75,882.25,863.75,882.25
2004-05-26,885,892,872,872
2004-05-27,870.5,871.5,822,822
2004-05-28,817.5,826,812,814
2004-06-01,828,864,828,864
2004-06-02,869,876,849.5,849.5
2004-06-03,843.75,844.25,806,806
2004-06-04,807.75,838.5,800.75,838.5
2004-06-07,826.75,849,816,849
2004-06-08,846,854,842.75,852
2004-06-09,851.25,855.5,848.5,852
2004-06-10,852.5,855,847,847
2004-06-14,853,872.5,844,872.5
2004-06-15,873,884,871.25,884
2004-06-16,882,883.5,869.5,869.5
2004-06-17,872,879.75,863,863
2004-06-18,863,872,851,872
2004-06-21,871.75,888.5,865,888.5
2004-06-22,891.5,893,887,887
2004-06-23,890,917.5,887,917.5
2004-06-24,920,927.75,918.75,921.5
2004-06-25,919.25,923.5,913.75,920.5
2004-06-28,911,918,885,885
2004-06-29,895,899.5,892,894.5
2004-06-30,894,895,887.75,893
2004-07-01,892,933.5,892,933.5
2004-07-02,934.25,948,934,939.5
2004-07-06,942.75,979.5,935.75,979.5
2004-07-07,980,990,961.5,961.5
2004-07-08,967.5,972.5,960.25,972.5
2004-07-09,976,979,954,954
2004-07-12,954.75,955,937,937
2004-07-13,924,924,911,911
2004-07-14,769,780.75,757.25,780.75
2004-07-15,781,782,751,751
2004-07-16,742.5,745,707.5,707.5
2004-07-19,705.25,707.5,699.5,707.5
2004-07-20,706.5,725,705,725
2004-07-21,725,734,707.5,707.5
2004-07-22,707,709.75,657.5,657.5
2004-07-23,652.75,669.5,650,669.5
2004-07-26,662.5,669,640,669
2004-07-27,670.25,674.75,665.5,665.5
2004-07-28,662,666,627,627
2004-07-29,631,637.75,624.5,624.5
2004-07-30,625.25,629.75,599.5,599.5
2004-08-02,591,599.5,591,598
2004-08-03,599,599.5,585,599.5
2004-08-04,599,599,590,590
2004-08-05,591,609.5,590,609.5
2004-08-06,610,616.5,606.75,606.75
2004-08-09,613,614.5,613,614.5
2004-08-10,610,630.5,605.5,630.5
2004-08-11,629,637,629,637
2004-08-12,638.5,687.5,637.5,687.5
2004-08-13,592,593.5,585,586.25
2004-08-16,581.25,581.25,575.5,575.5
2004-08-17,580.25,591.75,579.75,591.75
2004-08-18,588,600.25,587.25,600.25
2004-08-19,600,602.5,598.25,598.25
2004-08-20,599,599,593.5,594.75
2004-08-23,590.5,623,588,623
2004-08-24,619.5,621,618,620
2004-08-25,619.75,623.25,619,623.25
2004-08-26,621,625.5,616.75,616.75
2004-08-27,616.75,621,600.5,600.5
2004-08-30,602,622.5,602,622.5
2004-08-31,630,630,627.25,627.25
2004-09-01,625,636.5,623.25,636.5
2004-09-02,634.5,634.5,627.75,627.75
2004-09-03,614.75,614.75,614.75,614.75
2004-09-07,607.75,607.75,588,588
2004-09-08,593,593,581.5,581.5
2004-09-09,577.5,582,577.5,581.25
2004-09-10,579.75,579.75,563,563
2004-09-13,561,561,561,561
2004-09-14,568,571.5,565.5,565.5
2004-09-15,565,569.5,563.5,566.5
2004-09-16,566,575,557.25,557.25
2004-09-17,556.5,559.75,553,553
2004-09-20,552.25,552.25,543.75,543.75
2004-09-21,542.75,544,541.5,542.25
2004-09-22,542.25,545,538.25,538.25
2004-09-23,538.5,541,537.25,537.75
2004-09-24,537.5,537.75,523.5,523.5
2004-09-27,522.5,531,521.5,531
2004-09-28,530,532,527.5,531.5
2004-09-29,532,536,531.25,533.5
2004-09-30,532.5,532.75,527,527
2004-10-01,527.75,534.5,527,534.5
2004-10-04,532.5,534,525.25,525.25
2004-10-05,526,526.75,522.5,524
2004-10-06,524,526.25,520.25,526.25
2004-10-07,525.25,528,525,525.75
2004-10-08,525.5,528.5,525.25,528.5
2004-10-11,527,539,525.75,539
2004-10-12,538.75,539,513,513
2004-10-13,513.5,514.25,509.5,509.5
2004-10-14,509.5,515.5,508.75,515.5
2004-10-15,514.25,515,513.5,514
2004-10-18,512.75,514.75,507.75,514.75
2004-10-19,515.5,527.75,513.5,527.75
2004-10-20,527,532.5,525.5,532.5
2004-10-21,532.25,533.75,528,528
2004-10-22,527.25,530,525.5,530
2004-10-25,530,541,529.75,541
2004-10-26,540,542.75,539,539
2004-10-27,537.5,538.75,530,530
2004-10-28,529.5,530.5,528.5,529.5
2004-10-29,530.5,533,527.5,527.5
2004-11-01,525,525,518,518
2004-11-02,516.75,528,516.75,528
2004-11-03,527,527.5,524,524.25
2004-11-04,522.75,523.25,509.5,509.5
2004-11-05,509,509,505,505
2004-11-08,504.5,504.5,502,502
2004-11-09,504,510.5,504,510.5
2004-11-10,510,523,510,523
2004-11-11,523,523,520.5,520.5
2004-11-12,518.5,525,516.25,525
2004-11-15,524,535.75,523.75,535.75
2004-11-16,535.25,540.5,535.25,540.5
2004-11-17,541.5,553,541.5,553
2004-11-18,550.75,555,548.5,555
2004-11-19,554,554.75,550.5,550.5
2004-11-22,550.5,554.5,548.5,554.5
2004-11-23,555.25,561.25,554.75,561.25
2004-11-24,558.25,559,554,554
2004-11-26,554,556.75,548.5,548.5
2004-11-29,548,548.5,539.5,539.5
2004-11-30,537.75,538.75,534.75,534.75
2004-12-01,534.75,538.25,528,528
2004-12-02,527.25,529.5,520.75,520.75
2004-12-03,520.25,525.75,519.75,525.75
2004-12-06,525.75,529.75,525.75,529.75
2004-12-07,529.75,530.75,522,522
2004-12-08,520.5,529.25,518,529.25
2004-12-09,529,530.75,526.5,526.5
2004-12-10,525.5,533,523.25,533
2004-12-13,534,546.75,534,546.75
2004-12-14,546,550.25,545,550.25
2004-12-15,549.75,549.75,546,546
2004-12-16,546,548,544.5,544.5
2004-12-17,544,548.75,541.75,548.75
2004-12-20,549.75,559,549.75,550
2004-12-21,549.5,549.5,548,549
2004-12-22,547.25,548,546,546.25
2004-12-23,546,550.5,545.5,550.5
2004-12-27,551,558.5,550.75,558.5
2004-12-28,556.75,557,551.25,551.25
2004-12-29,550.75,554,546.75,546.75
2004-12-30,545.75,549,545.75,547.75
2005-01-03,546,546,537.25,537.25
2005-01-04,536.5,536.5,529.75,529.75
2005-01-05,530,534,529.5,534
2005-01-06,534.5,541.75,534.5,541.75
2005-01-07,541,551.75,541,551.75
2005-01-10,550.25,560,549.25,560
2005-01-11,559,562.5,557.5,557.5
2005-01-12,555,555,554,554
2005-01-13,553.25,557.5,553.25,557.5
2005-01-14,535.5,535.75,519.5,519.5
2005-01-18,518,518.5,512.5,513.5
2005-01-19,513.75,517.75,513.75,517.75
2005-01-20,517.5,523.25,515.75,523.25
2005-01-21,523,523.25,516.75,516.75
2005-01-24,518.5,522.25,518.5,520
2005-01-25,519.5,526,517,526
2005-01-26,526,527,523,523
2005-01-27,522,522.5,515.75,515.75
2005-01-28,515.25,517,514,514
2005-01-31,510,514.75,509,514.75
2005-02-01,515.25,516.5,507,507
2005-02-02,507,507.75,505.25,505.25
2005-02-03,505.25,507.75,502,502
2005-02-04,502,503.25,499.5,499.5
2005-02-07,499,501.25,498.5,501.25
2005-02-08,501.75,503.5,501.5,503.5
2005-02-09,503,510.75,503,510.75
2005-02-10,510,516,509.5,516
2005-02-11,515,525.75,514.25,525.75
2005-02-14,526,535.75,526,535.75
2005-02-15,535,537,533.25,535.25
2005-02-16,533.5,535,530,535
2005-02-17,534.25,552,533.5,552
2005-02-18,549,555,549,552.5
2005-02-22,556,577,556,577
2005-02-23,573,576.75,568.5,576.75
2005-02-24,572.5,578,569,569
2005-02-25,566.5,597.5,566.5,597.5
2005-02-28,598.5,617.5,598.5,615.5
2005-03-01,611,611,605,605
2005-03-02,606,619,606,618.75
2005-03-03,612.25,620,612.25,620
2005-03-04,620,625,615.75,622.75
2005-03-07,626,628.75,608.5,608.5
2005-03-08,619.5,619.5,619.5,619.5
2005-03-09,624,624,624,624
2005-03-10,626.25,633.25,626.25,633.25
2005-03-11,636,656.75,636,656.75
2005-03-14,655,659.75,651.75,656
2005-03-15,656,681,656,681
2005-03-16,679.75,691.75,673.5,673.5
2005-03-17,672,678.5,669.25,671.5
2005-03-18,671,679.5,649,649
2005-03-21,647,652.5,626.5,626.5
2005-03-22,627.5,631.75,627.25,627.25
2005-03-23,624,624,617,623.25
2005-03-24,623.25,628.75,617,628.75
2005-03-28,628,631,624,625.75
2005-03-29,623.25,626.75,622.5,624
2005-03-30,624,641,623.5,641
2005-03-31,641,648,627.5,627.5
2005-04-01,630,632,614,614
2005-04-04,615,618,612.5,615
2005-04-05,613.75,617.5,613,617.5
2005-04-06,617.5,623.25,616,623.25
2005-04-07,623.5,629,623.5,623.5
2005-04-08,625.75,628,612,612
2005-04-11,612,616.75,610,616.75
2005-04-12,618.5,624,617.5,617.5
2005-04-13,616,623.25,613.25,623.25
2005-04-14,622.25,624.75,617,617
2005-04-15,616,618.5,613.25,616.25
2005-04-18,615.25,615.25,609.5,609.5
2005-04-19,609,631,609,631
2005-04-20,631.25,637,630.75,630.75
2005-04-21,631,637.75,627,637.75
2005-04-22,635.75,640,633,633
2005-04-25,637,642.75,635.25,635.25
2005-04-26,634,638,633.75,636.75
2005-04-27,638,639,627.25,627.25
2005-04-28,627,634.5,618,618
2005-04-29,617.75,619.25,616.25,619.25
2005-05-02,615,619.25,611,619.25
2005-05-03,621.5,623,618.75,618.75
2005-05-04,618.5,622.25,618.5,620
2005-05-05,622.25,624.25,622.25,623.5
2005-05-06,623,635,623,635
2005-05-09,634,638,632,632
2005-05-10,634,634,628.25,628.25
2005-05-11,628,628,628,628
2005-05-12,630,637,619.75,619.75
2005-05-13,623.25,625.25,612.75,612.75
2005-05-16,612.75,623.5,612.5,623.5
2005-05-17,624,626,618.75,620.75
2005-05-18,621.25,633.25,617.5,633.25
2005-05-19,633.25,638.25,629.25,629.25
2005-05-20,628.5,634,628.25,632
2005-05-23,636,645.25,636,640
2005-05-24,639.5,645.5,638.25,645.5
2005-05-25,645.5,666.5,645.5,666.5
2005-05-26,664.25,676,663,676
2005-05-27,675.5,681,667.75,667.75
2005-05-31,681.75,687,679.25,680.25
2005-06-01,676.75,685.25,674,685.25
2005-06-02,684,684.25,668.5,668.5
2005-06-03,666.75,675.25,664.5,675.25
2005-06-06,687.5,694.5,677.75,677.75
2005-06-07,675.75,683.5,673.75,674.75
2005-06-08,671.5,673,667.5,667.5
2005-06-09,659.75,673.25,657.5,673.25
2005-06-10,673,680,666.25,666.25
2005-06-13,674.25,680.5,670.5,680.5
2005-06-14,678,689.75,675,689.75
2005-06-15,690.75,702.5,688.25,702.5
2005-06-16,701.5,710.5,700.75,700.75
2005-06-17,698.75,724,698.5,724
2005-06-20,742,752,739,739
2005-06-21,738,741,728.5,735.25
2005-06-22,739,757.5,737,737
2005-06-23,735,744,725.75,725.75
2005-06-24,726.75,744.5,726.75,744.5
2005-06-27,750,755,694.5,694.5
2005-06-28,694.5,700,666.75,666.75
2005-06-29,670.5,677.25,670.5,672
2005-06-30,671.5,679,651.75,651.75
2005-07-01,656.5,673.5,656.5,673.5
2005-07-05,675.5,712.25,675.5,712.25
2005-07-06,715.75,715.75,696.25,696.25
2005-07-07,700,706,668,692
2005-07-08,680,683,675.5,675.5
2005-07-11,664,688,655.75,688
2005-07-12,698.5,698.5,698.5,698.5
2005-07-13,711.5,711.5,711.5,711.5
2005-07-14,711.75,721,710,720
2005-07-15,717,726.25,712.75,721
2005-07-18,731,738,715,717.25
2005-07-19,712.25,720,682.5,682.5
2005-07-20,683.25,684.5,670.25,684.5
2005-07-21,686.75,689.25,669.5,669.5
2005-07-22,669,677.75,665.75,669.25
2005-07-25,668.75,670,660.25,669.75
2005-07-26,669.75,683,667.75,676
2005-07-27,671,680,667.25,673.75
2005-07-28,673.75,684.25,673.5,684.25
2005-07-29,685,688.75,671.75,671.75
2005-08-01,678,678,666,673
2005-08-02,680,689.5,676,689.5
2005-08-03,689.5,692.25,670,670
2005-08-04,669.5,671.25,668.25,671.25
2005-08-05,671,677,658.5,658.5
2005-08-08,669,672,660.5,660.5
2005-08-09,657,657,643,643
2005-08-10,643,643.5,639,643.5
2005-08-11,642,644,641,641
2005-08-12,642.25,643.5,639.25,640.5
2005-08-15,636,639,612.75,612.75
2005-08-16,613,616.75,608.25,616.75
2005-08-17,615.75,617.5,610.25,615
2005-08-18,614.75,616.5,609.75,609.75
2005-08-19,609,609.75,597.25,597.25
2005-08-22,597.25,607.25,597.25,607.25
2005-08-23,609.25,615.75,609.25,610.75
2005-08-24,610.5,611,602.5,602.5
2005-08-25,602.75,605,587,587
2005-08-26,587,591,584,591
2005-08-29,590,600.5,590,594
2005-08-30,592,599.75,591.5,599.75
2005-08-31,599.75,604,586.75,586.75
2005-09-01,589,595.75,589,595.75
2005-09-02,600,600,588.5,588.5
2005-09-06,592,604.75,591.75,604.75
2005-09-07,601.5,602,595,595
2005-09-08,594,594,590.5,590.5
2005-09-09,580.5,580.5,580.5,580.5
2005-09-12,580,580,575,575
2005-09-13,573.5,576,573.5,576
2005-09-14,585,585.75,580.25,580.25
2005-09-15,579.25,579.5,568.75,568.75
2005-09-16,567.5,573.25,566.25,571.25
2005-09-19,570,576,568.25,576
2005-09-20,577.25,578.5,572,572
2005-09-21,572,577.75,570.75,577.75
2005-09-22,578,580.5,574.5,580.5
2005-09-23,580.5,583.5,574,574
2005-09-26,573,575.25,567.5,567.5
2005-09-27,567,567.25,557.5,557.5
2005-09-28,556.5,562.75,556.5,562.75
2005-09-29,562.25,563.5,560.5,560.5
2005-09-30,560,573.25,560,573.25
2005-10-03,572.75,581,572,581
2005-10-04,577,577,562.5,562.5
2005-10-05,562,565.25,562,563.5
2005-10-06,563.25,566.25,563.25,564.25
2005-10-07,564,566,562.25,564.25
2005-10-10,563.5,564,555.5,555.5
2005-10-11,554.75,563.5,554,563.5
2005-10-12,562.5,589,560,589
2005-10-13,587,589,585.25,588.25
2005-10-14,588.5,595,588,589.5
2005-10-17,588,592,586.25,591.25
2005-10-18,591,597,584.5,584.5
2005-10-19,584,589.25,583.5,589.25
2005-10-20,589,590.5,583.5,585
2005-10-21,585,585.75,572.25,572.25
2005-10-24,571,575,568.5,575
2005-10-25,575,578,571.75,578
2005-10-26,577.5,578,571.5,571.5
2005-10-27,570,573,570,571
2005-10-28,571,571.5,565,565
2005-10-31,565,565,563.5,564.75
2005-11-01,565,574.5,564,574.5
2005-11-02,572.5,578.5,570,573.5
2005-11-03,573.5,591.75,573.5,591.75
2005-11-04,591,594,580.5,580.5
2005-11-07,585.25,585.25,571.5,571.5
2005-11-08,571.5,574.25,571.5,574.25
2005-11-09,572,578.25,572,578.25
2005-11-10,578.5,581.25,577,577
2005-11-11,580.25,593,577.75,593
2005-11-14,602,605,595,595
2005-11-15,595.75,598.25,592.25,592.25
2005-11-16,592,594.5,576.75,576.75
2005-11-17,576,580,576,579.25
2005-11-18,578,579.5,569.75,569.75
2005-11-21,572,573,570.25,572.25
2005-11-22,572.5,575,572.25,572.25
2005-11-23,572,572.25,562,562
2005-11-25,561,561.75,554.25,554.25
2005-11-28,555,558.25,544.25,558.25
2005-11-29,559.5,560,552.5,554
2005-11-30,553,558.25,551.25,558
2005-12-01,558,559.75,555.75,559.75
2005-12-02,559.75,562.75,557,562.75
2005-12-05,563,573.25,562,573.25
2005-12-06,572.5,573.5,564,564
2005-12-07,562.75,563.5,559,559
2005-12-08,559.25,566.75,557,566.75
2005-12-09,566.25,570,565.25,568.75
2005-12-12,571,584,570,584
2005-12-13,582.25,597.5,579,597.5
2005-12-14,597,598.5,592.5,592.5
2005-12-15,590.25,591.5,587.25,587.25
2005-12-16,585,596,584.75,592.25
2005-12-19,593,608.5,592.25,608.5
2005-12-20,607,609,605.25,605.25
2005-12-21,602.5,606.5,597,606.5
2005-12-22,606,614.5,606,612.75
2005-12-23,612.5,615.25,611.5,613
2005-12-27,613.75,619.5,606.5,611.5
2005-12-28,611,613.5,607.5,611
2005-12-29,610,610,597.75,597.75
2005-12-30,596.5,602,595,602
2006-01-03,608,617.5,608,617.5
2006-01-04,617,621,616,621
2006-01-05,620,620,608,608
2006-01-06,609.5,611,600.5,600.5
2006-01-09,598.25,598.25,584,584
2006-01-10,585,585,578.25,578.25
2006-01-11,578.75,578.75,574.5,574.5
2006-01-12,574.5,574.5,562,562
2006-01-13,573.25,576.5,573.25,576.5
2006-01-17,572.25,579.25,571.25,571.25
2006-01-18,570.5,572,565.5,565.75
2006-01-19,566,568.75,565,565
2006-01-20,565,568.25,564.5,568
2006-01-23,573.25,576.25,568.5,574.5
2006-01-24,574,575.25,571.25,571.25
2006-01-25,569.75,574.5,567,567
2006-01-26,566.5,573,566.25,573
2006-01-27,575,589.25,574,589.25
2006-01-30,593.5,606.25,593.25,598.75
2006-01-31,598,598.75,593.5,594.25
2006-02-01,593,594.5,579.5,579.5
2006-02-02,578.75,584,577.75,584
2006-02-03,584,594.75,584,594.75
2006-02-06,589.25,604.5,587,587
2006-02-07,587.25,591.5,574,574
2006-02-08,574.25,578,571,578
2006-02-09,580.25,587.75,577.5,587.75
2006-02-10,589.25,591.25,580.25,582.25
2006-02-13,584,587.5,578.25,584.25
2006-02-14,585.5,586,582.5,583.25
2006-02-15,583,587,580.5,587
2006-02-16,585.5,591.5,583,591.5
2006-02-17,590.75,601.25,590,601.25
2006-02-21,600,601,587.5,587.5
2006-02-22,587.5,589.25,574,574
2006-02-23,574,576.5,571.75,571.75
2006-02-24,572,579.75,572,577.25
2006-02-27,575.25,580,572.75,579.5
2006-02-28,579.75,580.5,576,580.25
2006-03-01,580,580.75,577.5,577.5
2006-03-02,577.5,591,574.75,591
2006-03-03,590.75,593.25,588.5,593.25
2006-03-06,587,587.25,583,587
2006-03-07,586.5,586.5,578,578
2006-03-08,572.25,572.25,572.25,572.25
2006-03-09,577.75,577.75,575,576.5
2006-03-10,575.5,578.25,573,578.25
2006-03-13,574,574,573.25,573.5
2006-03-14,584.5,587.75,581,587.75
2006-03-15,587,588.75,584.25,584.25
2006-03-16,583.25,585.5,576.25,576.25
2006-03-17,576,579,575.5,576.5
2006-03-20,576.5,581,572.5,572.5
2006-03-21,573,575.25,573,575.25
2006-03-22,575,579.25,574,577
2006-03-23,576.75,576.75,573,574.75
2006-03-24,575,577.5,573.75,573.75
2006-03-27,573.75,579.5,572.5,579.5
2006-03-28,578.75,581.5,578,581.5
2006-03-29,581.5,583.75,580.75,582.5
2006-03-30,581.5,587.75,581,587.75
2006-03-31,586.5,588,571.5,571.5
2006-04-03,570.5,574,565,565
2006-04-04,564.5,565,558.75,558.75
2006-04-05,558.5,561.5,556.75,561.5
2006-04-06,561,565.75,561,564
2006-04-07,562.5,563,557.75,557.75
2006-04-10,557,557.75,555.25,555.25
2006-04-11,554.5,562.5,553.25,562.5
2006-04-12,562.5,563.25,560.25,560.5
2006-04-13,560.5,563,559.25,563
2006-04-17,562,571.5,561.75,571.5
2006-04-18,570,575.5,568.5,575.5
2006-04-19,574.75,575.5,573,574
2006-04-20,573,575.75,571.25,571.25
2006-04-21,569.75,570.25,567,569.75
2006-04-24,570,576.5,570,574.25
2006-04-25,573,579.5,572.75,579.5
2006-04-26,578.75,579,575.75,575.75
2006-04-27,574.5,576,572.25,575.25
2006-04-28,575.5,587.25,575.25,587.25
2006-05-01,585,593.25,585,593.25
2006-05-02,594.5,596,590.5,590.5
2006-05-03,592.75,592.75,592.75,592.75
2006-05-04,591.75,591.75,590.75,590.75
2006-05-05,594.5,594.5,594.5,594.5
2006-05-08,593,593,586,586
2006-05-09,588.75,592.5,588,592.5
2006-05-10,595.5,595.5,593.25,593.25
2006-05-11,591,602.75,590,602.75
2006-05-12,612.5,616.5,612,613
2006-05-15,615,617,604.5,604.5
2006-05-16,603.75,604.25,595,602.75
2006-05-17,603.25,607,602.5,604
2006-05-18,604,604.25,598,598
2006-05-19,597.75,598.25,587,587
2006-05-22,590.5,591,581,582.5
2006-05-23,583.5,587,582.25,586.75
2006-05-24,585.25,589,582.5,582.5
2006-05-25,582,584.25,580.25,584.25
2006-05-26,584.25,586.75,582.5,582.5
2006-05-30,582,587.25,578.75,583.5
2006-05-31,583,584.75,579.5,579.5
2006-06-01,580.25,586.75,574.75,586.75
2006-06-02,586,609,583,609
2006-06-05,603.5,607.25,603.25,603.25
2006-06-06,603,605,593.5,593.5
2006-06-07,595.25,597,593.25,597
2006-06-08,596,597,587.75,587.75
2006-06-09,587,590.5,585.75,585.75
2006-06-12,596.75,600,592,600
2006-06-13,600.5,600.75,593.5,595.75
2006-06-14,597.25,599,589.5,589.5
2006-06-15,590,594,590,592.5
2006-06-16,594.5,600.25,594.5,600.25
2006-06-19,595.25,595.5,584.5,584.5
2006-06-20,584.5,586.75,583.25,585.25
2006-06-21,584.75,587.5,584,586.25
2006-06-22,587.75,589,583,583
2006-06-23,582.75,583.5,580.5,580.5
2006-06-26,581,581,569.5,569.5
2006-06-27,569,578,569,578
2006-06-28,578,580,574.25,578.5
2006-06-29,577.25,581.75,577,581.75
2006-06-30,582,594.75,582,594.75
2006-07-03,602.5,605,600,601.5
2006-07-05,603.25,607,594.5,594.5
2006-07-06,594.25,608.5,594,608.5
2006-07-07,607.5,607.75,598,602
2006-07-10,610,610,603,603
2006-07-11,606,610,606,607
2006-07-12,603,603,603,603
2006-07-13,597.5,597.5,597.5,597.5
2006-07-14,597.75,603,595.5,603
2006-07-17,598.75,600,590,590
2006-07-18,590.75,593,589,589
2006-07-19,589,590,583,585.75
2006-07-20,585,589,584.25,584.25
2006-07-21,584,585,577,577
2006-07-24,577.25,583.25,575,583.25
2006-07-25,584.5,590,584.5,585.25
2006-07-26,586.75,588,581.75,581.75
2006-07-27,581.25,583,574,574
2006-07-28,574.5,577.5,574.5,576.5
2006-07-31,578.25,584.5,578.25,579.5
2006-08-01,578,579,573.5,573.5
2006-08-02,579.25,584,578.25,581.75
2006-08-03,577.5,577.5,575,576
2006-08-04,576.75,581,575,577.5
2006-08-07,573.75,573.75,562,563.25
2006-08-08,564,564,557.5,557.5
2006-08-09,559,562,559,562
2006-08-10,562,562,557,557
2006-08-11,555,555,551,551
2006-08-14,550,556.25,549.5,556.25
2006-08-15,556.25,558,553.75,556.5
2006-08-16,555,560.25,551.25,552.25
2006-08-17,551.5,554,548.5,551.5
2006-08-18,551.5,552.5,546.25,547
2006-08-21,547,549,545.25,548.25
2006-08-22,548,550,547,549.25
2006-08-23,549,555,549,552.25
2006-08-24,552,555,548,551.5
2006-08-25,549.75,550.75,541.75,543
2006-08-28,541.5,543,537.25,537.75
2006-08-29,537.25,540.5,536.75,537
2006-08-30,537,543.25,535.5,542
2006-08-31,541,543.5,537.75,542.25
2006-09-01,542,543.5,538.5,538.5
2006-09-05,538,549.5,538,541.25
2006-09-06,540.75,540.75,534,534
2006-09-07,531.25,538.5,531.25,538.5
2006-09-08,537.5,539,537,537
2006-09-11,534.25,534.25,532,532
2006-09-12,527.25,527.25,527.25,527.25
2006-09-13,530,530,530,530
2006-09-14,540.5,547.5,540.5,545.25
2006-09-15,544.5,558,542.75,549.75
2006-09-18,555.5,557.75,551.25,553
2006-09-19,552.5,555,543.5,544.25
2006-09-20,543.75,551.75,542.5,549.25
2006-09-21,549.75,561.75,549,558
2006-09-22,557,558.25,548.5,549.25
2006-09-25,549,549.25,539.5,545
2006-09-26,544.5,550.5,544.25,546.75
2006-09-27,546.25,548.75,542.25,542.5
2006-09-28,542.75,554,542,552.75
2006-09-29,552,555,545.5,547.5
2006-10-02,547.25,554.75,544.75,545.25
2006-10-03,545,545,540.5,542.5
2006-10-04,542.5,562.75,541,555.25
2006-10-05,556,567.25,554,565.5
2006-10-06,564.75,570.25,562.5,564
2006-10-09,563,575.75,560.5,574.5
2006-10-10,572,574.5,560,560.5
2006-10-11,559.75,569.25,558.75,562.25
2006-10-12,561,590,559,579.75
2006-10-13,578.75,594.75,578.25,591.5
2006-10-16,589,593.25,585.5,589
2006-10-17,588.25,603.25,587.5,600.5
2006-10-18,599.75,605.75,594.75,604.5
2006-10-19,605,614,603.75,608
2006-10-20,608,613.75,604.5,606.5
2006-10-23,606,618,602,617.5
2006-10-24,617,625.5,614.25,623.5
2006-10-25,623,641,620.75,622
2006-10-26,621.25,632.5,612.5,627.75
2006-10-27,626.25,639.5,626.25,635.5
2006-10-30,633.5,643,632.5,639.75
2006-10-31,639,641,630,630.25
2006-11-01,630,646,628.25,645
2006-11-02,646.25,669,645.25,648.25
2006-11-03,647.75,656,642.25,649
2006-11-06,645.25,653,643,649.25
2006-11-07,649.5,657.75,645.5,654.75
2006-11-08,655,670.5,655,666.25
2006-11-09,665.5,668.5,656.5,657.5
2006-11-10,655,657.75,649,651.25
2006-11-13,653.75,657.5,644.5,646.5
2006-11-14,657,674.25,656.5,671.25
2006-11-15,671.25,677.75,662,663.75
2006-11-16,663,670.75,651,656.5
2006-11-17,657.5,661,652.25,660.5
2006-11-20,663,677,662.25,667.5
2006-11-21,667.75,673.75,666.5,673
2006-11-22,674.75,679.5,668.25,674
2006-11-24,672.75,687.25,670.25,684.25
2006-11-27,684.25,695.75,683.75,688
2006-11-28,688.25,689.75,681.75,686.25
2006-11-29,686.5,691,676,682.25
2006-11-30,684,688.75,677.75,685.5
2006-12-01,686,687.5,675.5,677
2006-12-04,673.25,675,659,659.25
2006-12-05,657.5,665.5,655.25,664.25
2006-12-06,663.75,664.75,652.75,654.25
2006-12-07,654.25,663,652.5,662
2006-12-08,663,665.5,655.25,656
2006-12-11,656,669,652.5,666.75
2006-12-12,667.25,670,661.25,663
2006-12-13,662,663.75,653.25,661
2006-12-14,660.75,668.5,659,662.75
2006-12-15,661,662.5,654,657.5
2006-12-18,657.5,658.75,642.75,648
2006-12-19,647.25,654.25,647,653.5
2006-12-20,653,656,646.25,648.25
2006-12-21,648.75,655.5,648.75,650.25
2006-12-22,650,659.75,650,659.5
2006-12-26,663,675.75,663,671.5
2006-12-27,670.75,675,667.75,669.5
2006-12-28,668,679.5,668,675.75
2006-12-29,675.5,684.5,672.5,683.5
2007-01-03,689,690.5,680.5,681
2007-01-04,677,686.5,671.75,675
2007-01-05,675.5,680.75,670,680
2007-01-08,675,680,673.75,675.75
2007-01-09,667.25,668.5,660.75,663.25
2007-01-10,663.75,668.5,657,664.5
2007-01-11,669.25,676.5,667.25,673.5
2007-01-12,696.5,722,696.5,714.5
2007-01-16,717.25,718,705,708.5
2007-01-17,713.5,725.5,711,721.75
2007-01-18,727.5,727.5,712.75,715
2007-01-19,718.75,722,715.5,717.75
2007-01-22,711,722,711,716
2007-01-23,725,726.25,720.75,726.25
2007-01-24,717.75,718.25,712.25,714.25
2007-01-25,718.5,718.5,706.5,712.75
2007-01-26,712.25,712.5,707.75,709.75
2007-01-29,707,713.25,704.25,708.25
2007-01-30,706.75,720.75,705.5,720.25
2007-01-31,720.5,727.75,717,718.5
2007-02-01,724.25,728.25,719.75,721
2007-02-02,721.5,736.5,717.75,736
2007-02-05,742.25,742.75,734.25,738.5
2007-02-06,740.75,745.5,737.5,738.75
2007-02-07,737.75,747.25,737.75,740
2007-02-08,740.25,745.25,737.5,743.5
2007-02-09,745.25,755.5,734.5,748.25
2007-02-12,744.75,745.25,740.5,745
2007-02-13,745.5,754.5,745.5,753.75
2007-02-14,754.25,756,747.5,750.25
2007-02-15,753,758.25,751.25,758.25
2007-02-16,756.75,767,753.75,766
2007-02-20,766.5,770.5,761.75,770.5
2007-02-21,766.25,786.5,764,780
2007-02-22,781,789.75,779,782.25
2007-02-23,781.5,785.5,774.5,777
2007-02-26,786.75,787.75,777,778.5
2007-02-27,784.5,787.75,773,778.25
2007-02-28,780,787.5,776.75,785.75
2007-03-01,771.25,772.75,754.25,761.75
2007-03-02,756.5,761.5,749.25,753
2007-03-05,745.25,750.25,738.25,749.5
2007-03-06,751.75,752,744.25,746
2007-03-07,746.75,761.25,745.5,756.75
2007-03-08,760.75,764.5,756.5,758.5
2007-03-09,758,760.5,749,758.75
2007-03-12,758.4,767.75,756.5,764
2007-03-13,765.25,769.75,754.5,754.75
2007-03-14,750.5,753.5,745.25,752.5
2007-03-15,755.75,756,748,749.75
2007-03-16,745.25,757.25,745.25,751.5
2007-03-19,755,758.75,748.75,758.5
2007-03-20,759.25,763.75,756,763.75
2007-03-21,769.25,769.25,763.5,766
2007-03-22,763.5,770.75,763,770.75
2007-03-23,771,773.5,768,768
2007-03-26,761.25,763.75,751.25,757.5
2007-03-27,758,760.25,755,755.75
2007-03-28,761.75,771,759.5,770.5
2007-03-29,769,777.75,766.5,777
2007-03-30,777.25,777.25,749,761.75
2007-04-02,757,784.75,753.5,778
2007-04-03,775,777.25,760,762.75
2007-04-04,769.25,771.5,759.75,761.5
2007-04-05,762.25,764.5,757.5,760.25
2007-04-09,767.75,767.75,747.75,748.75
2007-04-10,741.5,748.75,739.5,742
2007-04-11,744,748.75,741,745.5
2007-04-12,740.5,744,731,736.25
2007-04-13,736.5,744.5,733.75,736.75
2007-04-16,733.25,741.25,731.75,735.25
2007-04-17,732.25,733.25,722,722.75
2007-04-18,716,720,713,714.5
2007-04-19,718,723,716.5,716.5
2007-04-20,715,723.75,713.75,722.5
2007-04-23,723,723,715.5,720.25
2007-04-24,720.25,720.25,708.25,709
2007-04-25,711.25,731.5,710.75,721
2007-04-26,737,738.25,732,733.75
2007-04-27,734.25,740.5,733,737.5
2007-04-30,734.5,749.5,734,742
2007-05-01,740.25,757.25,737.5,756
2007-05-02,753.5,754.5,746.75,747.25
2007-05-03,749.5,757.5,746.5,746.5
2007-05-04,745,752.75,744,746.5
2007-05-07,748.5,749.5,738,742.5
2007-05-08,736.5,746,735,738.5
2007-05-09,744.5,748.25,742.5,747.5
2007-05-10,747.75,748.25,744,745
2007-05-11,755.25,767,754.25,760
2007-05-14,764.5,774.5,764.5,769.5
2007-05-15,768,780.5,768,777.25
2007-05-16,777,795.5,777,792
2007-05-17,788.75,795.25,787.75,791.75
2007-05-18,793.75,795.25,789.5,791.5
2007-05-21,795.5,801.75,793.75,799.5
2007-05-22,796.5,800.5,790.5,792.5
2007-05-23,797.25,801.5,793.25,800
2007-05-24,800.5,808,799.75,804.75
2007-05-25,811.75,811.75,806,811.5
2007-05-29,808.75,808.75,796,796
2007-05-30,793.5,809,793.5,806.25
2007-05-31,811.5,814.75,798.75,806
2007-06-01,806.5,818,805,817.25
2007-06-04,817,821.75,812.75,816
2007-06-05,824.25,828.25,821.5,827.25
2007-06-06,827.5,828.25,815,821.25
2007-06-07,820.5,831.75,820.5,831.75
2007-06-08,817.25,829.5,807,820.25
2007-06-11,828,835.5,821.5,830
2007-06-12,827.25,830.5,822,825.5
2007-06-13,815.75,827.5,815.5,824.5
2007-06-14,824.75,835.5,824.75,827.5
2007-06-15,833.5,847,833.5,845.5
2007-06-18,857.75,857.75,845.25,854.75
2007-06-19,849,852.75,826.25,828.5
2007-06-20,834,850,833.75,840.5
2007-06-21,842,842,812.25,816.25
2007-06-22,812,812,791,795.75
2007-06-25,794,804.5,794,803.5
2007-06-26,806,810.25,802,807
2007-06-27,806,810,794,803
2007-06-28,837,842.5,835,842
2007-06-29,891.25,891.25,874.75,882.5
2007-07-02,894.25,902,881.5,897.25
2007-07-03,891,891,879.75,880.5
2007-07-05,893,893,881.5,885.25
2007-07-06,891.25,897.25,889,895
2007-07-09,890.25,904.5,889.25,901
2007-07-10,907,921,906.5,919.75
2007-07-11,921,924,917.5,922.25
2007-07-12,921.75,940.5,921.75,940.25
2007-07-13,941.75,948.75,930.5,948.75
2007-07-16,919,921.5,897.75,897.75
2007-07-17,890,899.5,854.5,859
2007-07-18,866.5,876.75,865.75,873.75
2007-07-19,868.25,886.75,865.25,880.25
2007-07-20,888.5,892,868.5,873.5
2007-07-23,859,861,833.25,840.5
2007-07-24,840,851.75,837.75,845.4
2007-07-25,843.5,848.5,838,838.25
2007-07-26,851.75,852.75,833.5,845.25
2007-07-27,841,848,835.5,839.5
2007-07-30,847.25,847.25,839.25,847
2007-07-31,851,861.5,848.75,856.5
2007-08-01,862.25,865.5,846.5,848.75
2007-08-02,854.25,859,852.5,853.25
2007-08-03,859.5,865,856,860.5
2007-08-06,841.5,851.5,839.25,849
2007-08-07,847.75,862.75,847,862
2007-08-08,867.5,877.25,867.5,876
2007-08-09,875,878.75,869.75,877
2007-08-10,868.5,880.75,861,871.5
2007-08-13,883,886.75,879,881.25
2007-08-14,880.75,880.75,862.75,865
2007-08-15,865.25,865.25,851,854.75
2007-08-16,828,828,803.5,811.25
2007-08-17,814.4,828.5,814,828.5
2007-08-20,821,827,819,826.5
2007-08-21,834,838,828.25,829.5
2007-08-22,830,849,830,845.75
2007-08-23,855,865.75,850.5,857
2007-08-24,858,865.25,853.75,865.25
2007-08-27,854.5,872.25,854.25,872.25
2007-08-28,874,874.25,863.75,870.5
2007-08-29,868,875.5,867.5,873.5
2007-08-30,873.25,892.75,873.25,884
2007-08-31,891.75,893,881.25,881.5
2007-09-04,895,914,893,906
2007-09-05,914,915.5,900,901.5
2007-09-06,893,900.75,888,891.5
2007-09-07,892,907.4,887,905.2
2007-09-10,910.75,917.5,907,917.5
2007-09-11,914.5,920.25,913,920.25
2007-09-12,919.75,958.75,919.75,936.75
2007-09-13,938.25,946.5,932,941
2007-09-14,945,958.4,943,954.6
2007-09-17,963.5,973.5,961.75,967
2007-09-18,969,972.4,960.4,970
2007-09-19,963,972,953,971
2007-09-20,979.5,994.5,979.5,988.5
2007-09-21,987,988.5,977.5,977.5
2007-09-24,981.75,983.5,971.25,978.25
2007-09-25,973.75,981.5,969.25,971.75
2007-09-26,978.75,990.75,976.5,989.5
2007-09-27,999.25,1016.5,997.25,1008.25
2007-09-28,1006.5,1006.5,985,990.75
2007-10-01,994.75,997,989.75,991
2007-10-02,990.5,990.5,941.25,943
2007-10-03,933.75,956,933.75,951.75
2007-10-04,953,957,945.25,954
2007-10-05,951.75,953.5,936.5,938
2007-10-08,930.75,936.25,922,924
2007-10-09,933.75,951.5,932.25,949.25
2007-10-10,965,968.5,955,967
2007-10-11,968,983,963,980
2007-10-12,987.75,991.25,972.75,977
2007-10-15,984.25,990.75,980.75,986.5
2007-10-16,985.75,985.75,973.5,976
2007-10-17,971.75,986.5,967.25,973.75
2007-10-18,984.5,995.25,981.75,991
2007-10-19,987.5,987.5,974.75,982.25
2007-10-22,962.25,983,962.25,975.75
2007-10-23,981.75,985.75,975.5,981.5
2007-10-24,975.75,985.5,974,974
2007-10-25,979,995.25,977.25,994.25
2007-10-26,1004.5,1005.25,994.5,994.5
2007-10-29,1007,1012.25,995.75,1009.25
2007-10-30,1000,1004.6,991,992
2007-10-31,1015,1033.4,1015,1025.6
2007-11-01,1015,1023.4,1005.4,1006.4
2007-11-02,1010,1025,1008.4,1016.6
2007-11-05,1009,1025,1008,1021
2007-11-06,1037,1047.4,1037,1044.4
2007-11-07,1047,1051,1034,1038.4
2007-11-08,1044.2,1048,1035.6,1041.2
2007-11-09,1038,1057,1033.4,1056
2007-11-12,1044,1049,1034.4,1046.2
2007-11-13,1060,1062.2,1052.4,1055.4
2007-11-14,1066.75,1078.5,1066.75,1078.5
2007-11-15,1072.75,1079,1069.75,1078.5
2007-11-16,1082.5,1087,1076.5,1077.5
2007-11-19,1081.25,1083.25,1069.25,1069.5
2007-11-20,1069.75,1086.75,1069.75,1086
2007-11-21,1078.75,1085.5,1078,1083.5
2007-11-23,1091.25,1102,1091,1099
2007-11-26,1103.5,1108,1091.5,1102
2007-11-27,1087.4,1093.4,1082,1090.5
2007-11-28,1085.75,1096.5,1080.25,1096.5
2007-11-29,1104,1105,1094,1097
2007-11-30,1077,1093.75,1075,1081.75
2007-12-03,1073.75,1079.5,1067.75,1078.25
2007-12-04,1081,1092.75,1081,1091
2007-12-05,1090.5,1104,1088.25,1098.75
2007-12-06,1094.5,1102,1092,1098.5
2007-12-07,1101.25,1119.75,1099.25,1119
2007-12-10,1124,1126.25,1116.75,1125
2007-12-11,1128.25,1136,1121.25,1133.5
2007-12-12,1134.25,1152,1133,1149.75
2007-12-13,1146.25,1159.75,1143.75,1145.25
2007-12-14,1149.25,1163,1144,1156
2007-12-17,1158.75,1159.25,1148.75,1156.5
2007-12-18,1154.5,1154.75,1145.75,1150
2007-12-19,1154,1159,1151.5,1158
2007-12-20,1157,1167,1153.75,1159.5
2007-12-21,1165.5,1176.5,1163.5,1176.25
2007-12-24,1175.75,1180.25,1172.75,1179.25
2007-12-26,1190,1225.75,1190,1220
2007-12-27,1223.25,1223.25,1208.25,1211.75
2007-12-28,1211.5,1229,1210.75,1210.75
2007-12-31,1207,1216.25,1196.5,1215.5
2008-01-02,1238,1260.5,1236,1249
2008-01-03,1257,1267,1245,1266.75
2008-01-04,1253.25,1263.75,1250.25,1261
2008-01-07,1256.25,1257.5,1246.5,1248.5
2008-01-08,1260.25,1278.25,1260.25,1267.25
2008-01-09,1270.5,1272.75,1260.5,1262
2008-01-10,1254.75,1268.75,1251.25,1260.5
2008-01-11,1282,1309.25,1282,1297.5
2008-01-14,1312.25,1338,1295,1296.25
2008-01-15,1294.25,1312.5,1285.5,1300.25
2008-01-16,1300.5,1300.5,1251.25,1274.75
2008-01-17,1278,1310.75,1262,1269
2008-01-18,1262.75,1273.25,1244,1262.25
2008-01-22,1239,1254.5,1226,1238.5
2008-01-23,1239,1239,1188.5,1188.5
2008-01-24,1205.25,1236,1205.25,1231
2008-01-25,1234.5,1251.5,1226.25,1241.75
2008-01-28,1243,1254,1228,1251.5
2008-01-29,1261,1266.75,1246.75,1266.75
2008-01-30,1269.75,1276.75,1259,1276
2008-01-31,1268.25,1278,1261.25,1274.25
2008-02-01,1282.25,1296.5,1278,1285.5
2008-02-04,1298,1327,1295.75,1327
2008-02-05,1327.25,1327.25,1309,1322.75
2008-02-06,1328.25,1372,1316.25,1316.25
2008-02-07,1319,1333.25,1310.25,1333.25
2008-02-08,1335.5,1372,1331.25,1336.75
2008-02-11,1344.25,1344.25,1314,1326.75
2008-02-12,1331,1332,1306,1321
2008-02-13,1315.25,1333,1312.75,1327.75
2008-02-14,1332.25,1368.25,1332.25,1368.25
2008-02-15,1370.25,1385.25,1357.5,1374
2008-02-19,1398.5,1409,1383,1399.25
2008-02-20,1399.75,1400.5,1386,1396.75
2008-02-21,1398.25,1409.5,1388,1406.25
2008-02-22,1404.75,1420.75,1399,1419.75
2008-02-25,1439,1465,1439,1448.25
2008-02-26,1433.25,1474.25,1430,1465.5
2008-02-27,1468.25,1468.25,1445,1458.5
2008-02-28,1472.25,1514.25,1472.25,1510.25
2008-02-29,1508.5,1537.5,1508.5,1535
2008-03-03,1575.25,1585,1555.25,1561
2008-03-04,1560.25,1570.75,1508.5,1509.5
2008-03-05,1535.75,1553.25,1495,1504.75
2008-03-06,1508.75,1508.75,1457.5,1459.5
2008-03-07,1459.75,1459.75,1407.75,1407.75
2008-03-10,1369,1410.75,1357.75,1406
2008-03-11,1416.5,1438.5,1402.75,1402.75
2008-03-12,1402,1413.25,1384.5,1392.5
2008-03-13,1415.25,1428.75,1399.75,1403.25
2008-03-14,1402.75,1411.5,1351.75,1351.75
2008-03-17,1332.5,1332.5,1332.5,1332.5
2008-03-18,1267.75,1317.75,1267.25,1304.25
2008-03-19,1266.25,1266.25,1256,1256
2008-03-20,1207,1233.5,1206,1206
2008-03-24,1223,1256,1223,1256
2008-03-25,1303.5,1306,1303.5,1306
2008-03-26,1356,1356,1326.25,1348.5
2008-03-27,1337.5,1350,1324.75,1325.5
2008-03-28,1298.75,1298.75,1257.5,1264
2008-03-31,1214,1214,1196.25,1196.25
2008-04-01,1121,1228.25,1121,1206
2008-04-02,1202.25,1244.25,1202.25,1242.5
2008-04-03,1241.25,1258.5,1231.5,1254
2008-04-04,1270.5,1277.5,1256.5,1276.5
2008-04-07,1282.5,1292.5,1245,1253.25
2008-04-08,1253,1267.75,1247.5,1249.75
2008-04-09,1266,1320.5,1258,1315.75
2008-04-10,1336.5,1378.5,1324.5,1354
2008-04-11,1350.25,1353,1326.5,1332
2008-04-14,1359.5,1375,1356.5,1372
2008-04-15,1390.25,1396.5,1377.25,1380.75
2008-04-16,1382.5,1390,1333.25,1348
2008-04-17,1359.75,1364.75,1326,1351.5
2008-04-18,1340.5,1363.5,1315,1362.5
2008-04-21,1334.5,1338,1290.5,1313
2008-04-22,1314.5,1383.5,1314.5,1379
2008-04-23,1369.5,1394,1359,1374.25
2008-04-24,1368.5,1375.75,1339,1348
2008-04-25,1344,1359,1323.5,1325
2008-04-28,1339.25,1341.75,1267.25,1281.25
2008-04-29,1296,1301.25,1279.75,1293.5
2008-04-30,1301.25,1347.25,1282.75,1317.75
2008-05-01,1300.5,1300.5,1243,1267.25
2008-05-02,1270.25,1310.75,1263.25,1303.5
2008-05-05,1304,1309.75,1280.5,1283.25
2008-05-06,1305,1332.5,1276,1276.5
2008-05-07,1281.25,1309.25,1277.25,1306.75
2008-05-08,1302,1319,1301,1311
2008-05-09,1322,1361,1322,1357
2008-05-12,1372,1374,1338,1343
2008-05-13,1338,1381,1335,1379
2008-05-14,1375,1386,1366,1379
2008-05-15,1368.75,1376.5,1310,1346.25
2008-05-16,1369.75,1396.5,1365.25,1376
2008-05-19,1350.75,1352.75,1325,1333
2008-05-20,1343.25,1361.25,1329,1332.5
2008-05-21,1334,1356.75,1331,1350.75
2008-05-22,1350,1362.5,1312.5,1324.25
2008-05-23,1344.75,1370,1344.75,1367
2008-05-27,1370.5,1375,1340.25,1348
2008-05-28,1351.25,1383.5,1341,1373.5
2008-05-29,1357,1372.25,1307.25,1321.5
2008-05-30,1311,1364,1311,1364
2008-06-02,1360,1383,1358.5,1366.5
2008-06-03,1360.25,1382.75,1345.75,1363.25
2008-06-04,1363.75,1393.75,1355,1390
2008-06-05,1414.75,1454.25,1414.75,1445
2008-06-06,1471.5,1486.75,1448.75,1454
2008-06-09,1477,1479.25,1446,1450
2008-06-10,1460.5,1463,1419,1448.75
2008-06-11,1463,1516.5,1463,1516.5
2008-06-12,1507.5,1545.5,1492.25,1535.5
2008-06-13,1522.75,1570.25,1520.75,1558.25
2008-06-16,1586.25,1586.25,1523.5,1530.5
2008-06-17,1530,1565.75,1524.75,1558
2008-06-18,1554,1563.75,1539.5,1554.25
2008-06-19,1543,1550.25,1515,1543.75
2008-06-20,1554.25,1568,1521.25,1527.5
2008-06-23,1513.25,1519,1489.5,1513.75
2008-06-24,1519.25,1527.25,1491.75,1500.75
2008-06-25,1519.75,1536,1491,1535.75
2008-06-26,1547.5,1578.75,1547.5,1574.25
2008-06-27,1585.25,1589.5,1571.25,1583
2008-07-03,1635,1660,1635,1658
2008-07-07,1592,1592,1561,1561
2008-07-08,1498,1548,1483,1529.4
2008-07-09,1539.75,1558.5,1531.5,1558.5
2008-07-10,1559,1588.5,1559,1587
2008-07-11,1612,1617.5,1560.75,1593
2008-07-14,1556.75,1573,1548.75,1556
2008-07-15,1574.25,1575.75,1515,1515
2008-07-16,1507.75,1555,1488.5,1547.25
2008-07-17,1544.75,1552,1489,1497
2008-07-18,1505.5,1507.5,1447.75,1452.25
2008-07-21,1432.5,1436,1401.75,1405
2008-07-22,1397,1416.25,1382.75,1406.25
2008-07-23,1364,1411.5,1364,1381.75
2008-07-24,1390.5,1390.5,1355,1379
2008-07-25,1365.25,1395,1358,1385
2008-07-28,1402.75,1402.75,1379.25,1394.75
2008-07-29,1363,1393.25,1353.5,1390
2008-07-30,1383,1405.25,1370.75,1400.5
2008-07-31,1392.75,1415.75,1387,1403
2008-08-01,1401.25,1408.25,1362.25,1368.75
2008-08-04,1335.25,1335.25,1294,1294
2008-08-05,1256.25,1307.5,1256.25,1268.75
2008-08-06,1271.5,1274,1198,1221
2008-08-07,1240.5,1256.25,1224.5,1238.25
2008-08-08,1197.5,1203,1173,1180
2008-08-11,1179.25,1201,1178.5,1195
2008-08-12,1208,1220.25,1192.75,1215.5
2008-08-13,1224,1283,1222.5,1283
2008-08-14,1282.5,1283.5,1240.5,1274
2008-08-15,1228,1240,1203.5,1217.5
2008-08-18,1255.75,1288,1243.25,1288
2008-08-19,1270,1338.25,1260,1275.25
2008-08-20,1298.25,1313,1274.75,1299.75
2008-08-21,1327.75,1368.75,1325,1346.75
2008-08-22,1334.5,1345.25,1313.75,1327.5
2008-08-25,1363.25,1367,1339.5,1347.25
2008-08-26,1338.75,1352.25,1321.75,1344.25
2008-08-27,1361.25,1368.5,1328.25,1346.5
2008-08-28,1321.25,1333.25,1307.5,1325.25
2008-08-29,1330,1337,1317,1324.25
2008-09-02,1258.25,1301.75,1256.5,1298
2008-09-03,1281.75,1281.75,1228.75,1250
2008-09-04,1243.75,1259.25,1232.25,1234
2008-09-05,1199.75,1209.5,1167,1179.5
2008-09-08,1179.75,1197.75,1173,1191.5
2008-09-09,1159.25,1203,1158.75,1200.5
2008-09-10,1197.75,1200.25,1175,1175.5
2008-09-11,1169,1185,1164.5,1174.75
2008-09-12,1210,1219,1185,1200
2008-09-15,1161,1205.75,1156.75,1189
2008-09-16,1154.75,1164.5,1110.25,1118.5
2008-09-17,1137,1142.5,1107.5,1131.25
2008-09-18,1131.75,1138,1099.75,1113
2008-09-19,1133.25,1156.25,1123.75,1144.75
2008-09-22,1179.5,1211,1172,1203
2008-09-23,1190.5,1199.5,1168,1184.5
2008-09-24,1205.25,1206.25,1177.75,1189
2008-09-25,1176,1203,1173.5,1182.25
2008-09-26,1176,1176,1155.25,1165.5
2008-09-29,1165.5,1165.5,1093,1093
2008-09-30,1083.75,1083.75,1038.25,1052.5
2008-10-01,1045,1064.5,1039.75,1052.5
2008-10-02,1034,1034,993.25,1006
2008-10-03,1002,1022,991,991
2008-10-06,922,945.25,921,921
2008-10-07,940.75,947.75,917.5,931.75
2008-10-08,935,967.75,920.5,962
2008-10-09,980.5,987.75,962,977
2008-10-10,914,914,909,909
2008-10-13,925,937.5,920.5,928.75
2008-10-14,940.5,940.5,894.25,894.25
2008-10-15,879,885.5,846.5,858.5
2008-10-16,843.5,873.5,825,871.5
2008-10-17,879.75,907.5,877.75,886.75
2008-10-20,924,932.75,909.5,928.5
2008-10-21,914.75,914.75,891.5,909.75
2008-10-22,870.25,879.25,857.5,860.25
2008-10-23,871,905.25,871,885
2008-10-24,847.25,900.5,847,871.25
2008-10-27,872.5,902.75,867.75,891.25
2008-10-28,937,937,861.75,869
2008-10-29,913.75,947.75,910,937.5
2008-10-30,942,953.4,927.4,943
2008-10-31,929,939,918,933
2008-11-03,934,955,928,937.4
2008-11-04,956,981,956,959
2008-11-05,957,958,903,904
2008-11-06,896,911,883,906
2008-11-07,917,924,906,921
2008-11-10,937,948.4,916.4,948
2008-11-11,917,923,898,916
2008-11-12,900,921.4,888,895
2008-11-13,903,912,873,894
2008-11-14,888,897,879,896
2008-11-17,893,918,892,906.4
2008-11-18,906,913,894,902
2008-11-19,916,921,893.4,897
2008-11-20,871,875.4,854.4,856
2008-11-21,853,862.4,838,840
2008-11-24,858,899.4,858,884
2008-11-25,874,892,871,883
2008-11-26,894,899,882,886
2008-11-28,878,884,871,883
2008-12-01,858,859,841,846
2008-12-02,856,856,826,827
2008-12-03,821,843.4,820,830
2008-12-04,825,825.4,808,811
2008-12-05,795,798,777,783.4
2008-12-08,811,827,811,820.4
2008-12-09,816,827,811,813
2008-12-10,838,841.4,823,829.4
2008-12-11,840,864.4,835.4,856.4
2008-12-12,838,863.4,828.4,854
2008-12-15,875,877,845,846
2008-12-16,853,862.4,847,858.4
2008-12-17,880,881,856,869
2008-12-18,863,875,860.4,874.4
2008-12-19,868,873,865,872.4
2008-12-22,886,898,882.4,890.4
2008-12-23,888,905,887,905
2008-12-24,906,920,905,919
2008-12-26,927,967,923,956.4
2008-12-29,977,977,936.4,945.4
2008-12-30,947,954.4,939,953
2008-12-31,947,982.4,945,980
2009-01-02,970,993,970,977
2009-01-05,975,991,972,987
2009-01-06,999,1020.4,995,1016
2009-01-07,999,1004.4,989,990
2009-01-08,981,1005,978,989.4
2009-01-09,1012,1039.4,1012,1036
2009-01-12,1004,1010,966,966
2009-01-13,977,991,970,971.4
2009-01-14,978,984.4,962,971.4
2009-01-15,974,1024,974,994.4
2009-01-16,1009,1022,1006,1020
2009-01-20,1020,1029,979,992
2009-01-21,993,1021,990,1020.4
2009-01-22,1016,1020,997,1012
2009-01-23,1015,1034,1005,1009
2009-01-26,1028,1040,999,1009
2009-01-27,996,996,974,976
2009-01-28,970,993.4,968,982.4
2009-01-29,972,977,966,970.4
2009-01-30,971,989,966,980
2009-02-02,970,970,943.4,959.4
2009-02-03,945,948.4,935,946
2009-02-04,956,968,944.4,949.4
2009-02-05,957,987.4,954,980
2009-02-06,996,1007,985,1001
2009-02-09,1011,1019,995.4,1002
2009-02-10,1007,1007,982,994
2009-02-11,981,995,976,978
2009-02-12,978,985,968,968.4
2009-02-13,975,975.4,955,955.4
2009-02-17,926,926,902,904.4
2009-02-18,894,908,885.4,886.4
2009-02-19,897,901.4,885,886
2009-02-20,872,874,854.4,863.2
2009-02-23,874.4,881,865,876
2009-02-24,869,884,868.4,883.4
2009-02-25,881,887.4,866,880
2009-02-26,879,890.4,858.4,868.4
2009-02-27,853,876.4,852,872
2009-03-02,851,853,838.4,844
2009-03-03,848,857,844,853.4
2009-03-04,870,878,863,868.4
2009-03-05,858,858,843,852
2009-03-06,863,873,856,867
2009-03-09,880,882,863,865
2009-03-10,883,893,874,877
2009-03-11,883,889,858,862
2009-03-12,870,883,865.4,882
2009-03-13,888,890,867.4,876.4
2009-03-16,885,918,882,911
2009-03-17,915,921,903,913
2009-03-18,912,920,909,916
2009-03-19,948,952.4,933,940.4
2009-03-20,948,952,941,952
2009-03-23,977,980,951.4,955.4
2009-03-24,958,969,953,967
2009-03-25,961,966,948,951
2009-03-26,957,958,941.4,944
2009-03-27,929,930,916.4,917
2009-03-30,897,911,897,904.4
2009-03-31,940,954,929,952
2009-04-01,956,959.4,948,952
2009-04-02,975,987,975,977
2009-04-03,979,997,974,995.4
2009-04-06,994,1000.4,986.4,994
2009-04-07,990,1005.4,988,989.4
2009-04-08,994.4,1011,994,1006
2009-04-09,1020,1050,1005,1007
2009-04-13,1003,1022,1001,1021.4
2009-04-14,1028,1043,1026,1036
2009-04-15,1039,1046,1029,1035
2009-04-16,1047,1059,1042.4,1058.4
2009-04-17,1060,1062,1039,1041.4
2009-04-20,1021,1025.4,1010,1011.4
2009-04-21,1013,1037.4,1013,1033
2009-04-22,1041,1044,1032.4,1039
2009-04-23,1050,1057,1030,1032
2009-04-24,1032,1040.4,1026,1034
2009-04-27,985,1022.4,983,997
2009-04-28,1008,1010,982.4,983
2009-04-29,1001,1026.4,994,1025
2009-04-30,1053.4,1058,1041.4,1055
2009-05-01,1055,1093,1055,1091
2009-05-04,1115,1115,1088,1103.4
2009-05-05,1109,1109,1092.4,1101
2009-05-06,1113,1119,1105,1118
2009-05-07,1122,1126.4,1095.4,1102
2009-05-08,1108,1112,1100,1111.4
2009-05-11,1094,1116,1093,1116
2009-05-12,1120,1120,1103,1117.4
2009-05-13,1130,1135.6,1114,1128
2009-05-14,1127,1148,1125,1147.4
2009-05-15,1148,1151.4,1125,1130.4
2009-05-18,1127,1148,1127,1146.4
2009-05-19,1157,1169.4,1157,1162
2009-05-20,1183,1187.4,1161.4,1169
2009-05-21,1158.4,1177,1156.4,1175
2009-05-22,1183,1183,1164.4,1166
2009-05-26,1166,1186.4,1156.4,1185.4
2009-05-27,1195,1200,1177.4,1187
2009-05-28,1186,1197,1176,1179
2009-05-29,1193,1193,1176,1184
2009-06-01,1202,1226,1202,1218.4
2009-06-02,1216,1218,1200.4,1209
2009-06-03,1195,1195,1182,1182
2009-06-04,1197,1231,1193.4,1230
2009-06-05,1212,1233.4,1212,1225.4
2009-06-08,1220,1239,1218,1232.4
2009-06-09,1241,1249,1232.4,1243.4
2009-06-10,1244,1255,1238,1246
2009-06-11,1085,1099,1082,1089.6
2009-06-12,1077,1091.4,1069,1076.4
2009-06-15,1043,1044,1024,1024.6
2009-06-16,1045,1045,1020.4,1028.4
2009-06-17,1028,1050.4,1023.4,1050
2009-06-18,1048.4,1053.4,1039,1043.4
2009-06-19,1045,1047,1004.4,1006
2009-06-22,982,993.4,971,981
2009-06-23,986,1005,986,1004.4
2009-06-24,1004,1016.4,1001.4,1008
2009-06-25,1008,1012.4,994,1002
2009-06-26,1004,1006,990,991
2009-06-29,992,994,981,983.4
2009-06-30,974,984,944,981
2009-07-01,1000,1028,997,1015.4
2009-07-02,998,1015.4,989,1006
2009-07-06,975,982.4,960,963
2009-07-07,962,962,893,895
2009-07-08,892,913.4,882,892
2009-07-09,902,917.4,900,916
2009-07-10,898,918,888.4,917
2009-07-13,903,912,892.4,911.4
2009-07-14,916,923,907.4,918
2009-07-15,932,938,900,904.4
2009-07-16,898,900,885,890
2009-07-17,910,926,894,923.4
2009-07-20,931,933,912,923
2009-07-21,914,924.4,896.4,905
2009-07-22,902,912.4,898,908
2009-07-23,920,935.6,912.4,932
2009-07-24,927,932.4,914,915
2009-07-27,908,914,902,906.4
2009-07-28,915,932,912.4,927
2009-07-29,916,917,906.4,916
2009-07-30,940,984,940,971
2009-07-31,978,982,964.4,982
2009-08-03,1032,1041,1015.4,1030.4
2009-08-04,1025,1039.4,1024.4,1031.4
2009-08-05,1036,1046,1024,1045
2009-08-06,1028,1038,1021,1030
2009-08-07,1037,1046.4,1028,1038.4
2009-08-10,1037,1041,1008,1010
2009-08-11,1015,1042,1015,1038.4
2009-08-12,1042,1045,1016.6,1044
2009-08-13,1051,1063,1016.4,1018.6
2009-08-14,995,1002,979,981.4
2009-08-17,950,959,945,954.4
2009-08-18,950,959.4,947,959
2009-08-19,950,961,945.4,958
2009-08-20,962,963.4,953,957
2009-08-21,978,987,963.4,973
2009-08-24,993,1008,992.4,1007.4
2009-08-25,999,1016,989.4,999
2009-08-26,994,1006,989.4,996.4
2009-08-27,1002,1002,989.4,996
2009-08-28,1008,1017,996.4,1011
2009-08-31,983,983.4,968,979.4
2009-09-01,983,983,951,955.4
2009-09-02,946,958.4,946,951
2009-09-03,957,957,930,941.4
2009-09-04,940,940,921,922
2009-09-08,935,942.4,929,936.4
2009-09-09,930,937.4,927,928.4
2009-09-10,928,934.4,925.4,926.4
2009-09-11,929,929,897.4,903
2009-09-14,897,910,894.4,909
2009-09-15,913,974.4,913,960
2009-09-16,945,951,929,950.4
2009-09-17,942,953,938,953
2009-09-18,945,958,936,941
2009-09-21,927,928,910,913.4
2009-09-22,924,924,904.4,922
2009-09-23,908,924,902.4,920.4
2009-09-24,905,929,905,919.4
2009-09-25,919.4,931,916.4,926
2009-09-28,920,928,917,919.4
2009-09-29,922,928.4,911.4,917
2009-09-30,909,931,907,927
2009-10-01,925,931.4,915,918
2009-10-02,911,914,885,885
2009-10-05,880,897,880,885
2009-10-06,904,920,900.4,910
2009-10-07,912,915,905,912
2009-10-08,917,942,916,936
2009-10-09,938,968,935.4,964
2009-10-12,985,1000.4,981,999
2009-10-13,1001,1005,990,993
2009-10-14,997,1008.4,988.4,994
2009-10-15,988,988,972.4,983
2009-10-16,984,988,975.4,977.4
2009-10-19,990,997.4,981,996.2
2009-10-20,987,994.4,980,982.4
2009-10-21,985,1014,985,1008.4
2009-10-22,998,1008.4,997,1005.4
2009-10-23,1018,1025.4,1002,1006
2009-10-26,1011,1014.4,985,988.6
2009-10-27,987,993.4,973,976.4
2009-10-28,964.4,975.4,963.4,970.4
2009-10-29,981,990.4,977,987
2009-10-30,972,984,970,976.4
2009-11-02,984,1002,971,998
2009-11-03,998,1020.4,991,1010.4
2009-11-04,1018,1022,996,999
2009-11-05,991,994,971,972
2009-11-06,970,971,955,955
2009-11-09,965,977,963.4,972
2009-11-10,963,973,952.4,968
2009-11-11,978,986,965.4,972
2009-11-12,962,995,961.4,990
2009-11-13,994,1009,984,987
2009-11-16,1005,1011.4,995,1010
2009-11-17,1015,1031,1003,1029.4
2009-11-18,1043,1049,1025,1027
2009-11-19,1027,1049,1024,1039
2009-11-20,1039,1049,1032,1046
2009-11-23,1064,1066,1038.4,1042
2009-11-24,1035,1048.4,1033.4,1046
2009-11-25,1052,1055,1034,1054.4
2009-11-27,1037,1056.4,1036,1053
2009-11-30,1057,1069,1051,1060.4
2009-12-01,1068.4,1078,1057.4,1059.4
2009-12-02,1056,1062,1033,1034
2009-12-03,1040,1050,1033.4,1047
2009-12-04,1047.4,1050.4,1031,1043
2009-12-07,1048,1060.5,1047,1054.25
2009-12-08,1054,1055.5,1042.25,1043.5
2009-12-09,1044.75,1050.5,1021.25,1027.5
2009-12-10,1028.75,1031.75,1019.25,1029.25
2009-12-11,1031.75,1040.25,1019.75,1033.75
2009-12-14,1031.5,1058.25,1031.5,1057.5
2009-12-15,1055.5,1068,1051.25,1054.5
2009-12-16,1063,1069,1051.25,1059.25
2009-12-17,1047,1047.25,1016.5,1019.75
2009-12-18,1024.75,1024.75,1007.75,1011
2009-12-21,1019,1027.25,1007.25,1007.5
2009-12-22,1010.5,1013.5,992,997
2009-12-23,1000.75,1008.5,1000.75,1007
2009-12-24,1014,1015.75,1005,1008.25
2009-12-28,1019.25,1040.25,1018.75,1040
2009-12-29,1032.75,1048.5,1032,1044.75
2009-12-30,1040.75,1051.75,1035.25,1043.5
2009-12-31,1051.5,1061,1048.25,1048.25
2010-01-04,1065.75,1074.25,1049.75,1057.5
2010-01-05,1059,1064,1050.25,1059.5
2010-01-06,1061.5,1061.5,1051,1057.25
2010-01-07,1037.25,1048.5,1024.25,1025.25
2010-01-08,1021,1022.5,1013.25,1018.5
2010-01-11,1022.75,1024.25,1005.5,1009
2010-01-12,973.25,984.5,969.25,977.5
2010-01-13,971.75,992.75,971.75,992.75
2010-01-14,991,992.75,975,981.25
2010-01-15,978.75,985.5,971.5,973
2010-01-19,972.25,974,962.75,963.75
2010-01-20,954,954,940.5,946.5
2010-01-21,949.25,959,949.25,952.5
2010-01-22,951,955.25,946.75,949.5
2010-01-25,949.25,952.75,935,940.75
2010-01-26,932.75,948.75,932.25,948
2010-01-27,939.75,942,928.5,931.75
2010-01-28,931,935,920.75,932.25
2010-01-29,932.5,934.75,913.75,914.75
2010-02-01,915,923.5,909.25,910.75
2010-02-02,916.75,929.5,916.5,925.75
2010-02-03,922.5,924,907.75,910.25
2010-02-04,903.5,915,900,914.5
2010-02-05,915.5,920.75,908.75,915.75
2010-02-08,926.75,939,926,930.25
2010-02-09,941.5,941.75,919.75,924.25
2010-02-10,920.25,939.25,919.5,937.5
2010-02-11,943.5,946.5,935.75,942
2010-02-12,931,946,925.75,945.5
2010-02-16,954.25,974.5,954.25,971.25
2010-02-17,968.5,971.25,957.75,962.5
2010-02-18,965,966.75,951,953.5
2010-02-19,950.75,957.75,946.25,954.25
2010-02-22,957.75,969.75,953.25,968.25
2010-02-23,962.25,984.5,959,959.75
2010-02-24,963.5,969.25,951.75,962.25
2010-02-25,951.25,952,942.25,946.75
2010-02-26,952.5,963.5,946.75,961.75
2010-03-01,955.25,966,953.25,963.75
2010-03-02,962.25,968.5,960.75,963.25
2010-03-03,967.75,971,962.75,964.25
2010-03-04,950.75,950.75,937.5,940.5
2010-03-05,948.25,948.25,938,943.5
2010-03-08,946.75,951.75,943,949.5
2010-03-09,940.25,947.25,935,947.25
2010-03-10,944.5,963.75,942.75,958
2010-03-11,952,952,928.75,929.75
2010-03-12,935.5,937.25,922.75,924.5
2010-03-15,921.75,932.5,921.75,930.5
2010-03-16,936.75,947.25,935.25,943.25
2010-03-17,945,961.75,941.75,959.5
2010-03-18,949.75,961.75,948.5,959.75
2010-03-19,954.75,960.75,952,960.75
2010-03-22,957.75,974.5,956.5,968.5
2010-03-23,971.25,976,964.75,965.75
2010-03-24,959.75,961.75,953,958.25
2010-03-25,962.75,965.75,941.75,941.75
2010-03-26,947,954.25,941.5,953.25
2010-03-29,962,977,962,969.5
2010-03-30,969,973.5,960.25,973.25
2010-03-31,941.5,941.5,930.25,939.75
2010-04-01,944,944,932.25,941.25
2010-04-05,943.5,944,932.5,933.75
2010-04-06,936.25,944.25,933.25,943.5
2010-04-07,941.25,956.5,939.5,951.25
2010-04-08,947.75,951.25,945,947.5
2010-04-09,953.25,963.25,947,952.75
2010-04-12,958.5,964.75,952.75,959.25
2010-04-13,955.75,971.75,955,968.5
2010-04-14,981,982.75,973.25,975.25
2010-04-15,976.75,993.5,972,993
2010-04-16,993.75,998.5,988,990.25
2010-04-19,988.5,991,981.75,986.25
2010-04-20,993.75,997.25,988.5,994.25
2010-04-21,993.25,1015,993.25,1004.75
2010-04-22,1004,1015.25,1002,1015.25
2010-04-23,1012,1016.25,1006.5,1007.75
2010-04-26,1015.4,1018.4,1006,1008.75
2010-04-27,1005.5,1005.5,991,991.75
2010-04-28,997.75,1001.25,987.75,993.5
2010-04-29,998,1005.75,994.75,994.75
2010-04-30,997.75,1001.5,993.75,999.5
2010-05-03,997,997,983.75,984.75
2010-05-04,978.25,990,973.75,986.75
2010-05-05,980.25,985.75,975.75,978.25
2010-05-06,978,981.25,949.75,954.5
2010-05-07,953.75,964,948.25,960.75
2010-05-10,965,968,960,960.75
2010-05-11,959,968.5,957.4,966
2010-05-12,970.25,975,959.5,962.75
2010-05-13,963.25,969,959.5,963.75
2010-05-14,952.75,960,951,953.5
2010-05-17,945.5,947,938,940.75
2010-05-18,946,946.25,935.75,939
2010-05-19,938,947.75,935.5,938.75
2010-05-20,936.5,946,930.75,946
2010-05-21,943.5,949.75,939,940.25
2010-05-24,945,951.25,939.75,939.75
2010-05-25,929.75,936,927.5,929.25
2010-05-26,937.5,939.25,932.75,937.25
2010-05-27,943.5,953.25,943.5,950
2010-05-28,947.25,951.5,936.25,937.75
2010-06-01,936.4,940.75,930.75,931
2010-06-02,931.5,936,930.75,932.5
2010-06-03,937,956.5,937,956
2010-06-04,951.25,951.25,931.75,935.25
2010-06-07,932.75,938.5,932.75,934
2010-06-08,933.75,937,926.5,926.5
2010-06-09,934.5,951,934.5,942.5
2010-06-10,946.75,951.25,930.25,934.25
2010-06-11,894.75,909.75,892.5,909.75
2010-06-14,914.75,921.5,912.75,913.25
2010-06-15,917.25,925.75,912.75,915.75
2010-06-16,918.25,925.25,918.25,923
2010-06-17,927.5,930.25,921.5,924.25
2010-06-18,925.75,934.25,925.75,929
2010-06-21,942.5,946.75,934.75,936.75
2010-06-22,938.5,941.25,934.25,934.75
2010-06-23,931,931,921.4,921.4
2010-06-24,924.75,926,910.5,911.75
2010-06-25,914.5,916.5,911.5,913.75
2010-06-28,913.5,923.25,908,923.25
2010-06-29,914.75,923.25,907.75,910.5
2010-06-30,914.5,923.5,898.5,902
2010-07-01,904,906,893.75,903.5
2010-07-02,908.25,911.5,904.25,907
2010-07-06,908.5,917.25,899,899
2010-07-07,906,934.75,906,934.5
2010-07-08,933.5,955,932.25,943
2010-07-09,943.5,958.25,943.5,954
2010-07-12,949.75,959.75,944.75,951
2010-07-13,955.75,962,953.5,954
2010-07-14,958,966.5,956.25,961.5
2010-07-15,973.75,989.25,973.5,987.75
2010-07-16,987,992.25,978,986.5
2010-07-19,977.5,978,967,974.5
2010-07-20,965.75,974.75,962.75,974
2010-07-21,976.75,982.5,968.75,977.75
2010-07-22,986.5,990.5,972,976.5
2010-07-23,977,986.25,975.5,982.75
2010-07-26,974,974.25,961,964.75
2010-07-27,971.25,972.25,963.5,965.25
2010-07-28,972,981.75,972,978.5
2010-07-29,983.75,989.5,980.5,989
2010-07-30,994.75,1005.5,993.25,1005
2010-08-02,1021,1028.75,1008.25,1008.5
2010-08-03,1001.5,1017.75,998.25,1015.5
2010-08-04,1027.75,1029,1019.5,1025
2010-08-05,1039.25,1048.25,1024.25,1024.25
2010-08-06,1028.75,1034.75,1022.25,1033.75
2010-08-09,1037.25,1044.25,1033,1033.25
2010-08-10,1022.25,1031.5,1020.5,1020.5
2010-08-11,1022,1024.25,1013.5,1016.25
2010-08-12,1022.5,1037.25,1011.5,1029.75
2010-08-13,1033.5,1044,1032,1043.75
2010-08-16,1039.75,1048,1028,1030.75
2010-08-17,1034.5,1043.5,1028.25,1040.75
2010-08-18,1033,1041.75,1023.75,1030
2010-08-19,1034.75,1038,1006.75,1013.25
2010-08-20,1003,1008.75,1000.25,1002.75
2010-08-23,1007.25,1009,998.25,1005.75
2010-08-24,998,1001.75,993.5,998.5
2010-08-25,1000.75,1005,993.25,999.25
2010-08-26,1007.5,1015.25,1005.25,1014.5
2010-08-27,1017,1029,1016,1027
2010-08-30,1031.75,1032.5,1020.25,1021.5
2010-08-31,1012.75,1026.5,1006.75,1006.75
2010-09-01,1013,1016.75,1004,1006
2010-09-02,1006.75,1009.25,1000.75,1008.5
2010-09-03,1014.25,1039,1013,1035.25
2010-09-07,1032.25,1052.25,1028.75,1050.5
2010-09-08,1051.25,1056.25,1046.75,1049
2010-09-09,1051.75,1051.75,1040.5,1045.75
2010-09-10,1035.5,1040.5,1030.75,1032
2010-09-13,1036.75,1039.75,1030.75,1034
2010-09-14,1027.5,1041.25,1024.75,1036.5
2010-09-15,1039.75,1044.25,1036.75,1043.25
2010-09-16,1039.25,1044.75,1033,1037.75
2010-09-17,1051,1071.25,1047.5,1069
2010-09-20,1096.25,1096.75,1083,1085.5
2010-09-21,1087.25,1088,1079.25,1081.75
2010-09-22,1087,1091.25,1081.5,1090.5
2010-09-23,1084.5,1095.5,1080.25,1093.5
2010-09-24,1100.75,1126.75,1100.75,1123.75
2010-09-27,1128.5,1134.5,1121.75,1130
2010-09-28,1121.5,1128,1105.5,1106.25
2010-09-29,1090,1106,1085.75,1097.75
2010-09-30,1103.75,1105.75,1082,1102.25
2010-10-01,1098.75,1099.5,1055.75,1055.75
2010-10-04,1044.5,1060.75,1044.5,1053.25
2010-10-05,1060.25,1077.25,1060.25,1069.25
2010-10-06,1071.25,1072,1061.5,1062.25
2010-10-07,1071.25,1073.5,1063,1066.5
2010-10-08,1072,1134.75,1072,1134.75
2010-10-11,1176.25,1180.75,1150.75,1151.25
2010-10-12,1162.25,1184.5,1155.25,1177.25
2010-10-13,1188.25,1193.75,1172.5,1176.75
2010-10-14,1184.25,1193.5,1180.75,1189.75
2010-10-15,1201.75,1208,1194,1195.25
2010-10-18,1194.5,1197.5,1185.75,1197.5
2010-10-19,1178.75,1200.5,1177,1190.75
2010-10-20,1204.75,1224.75,1202,1224.25
2010-10-21,1230.25,1231,1212.75,1213.5
2010-10-22,1219.25,1223.75,1210.5,1210.5
2010-10-25,1231.5,1234.25,1224.25,1229.5
2010-10-26,1223.25,1235.25,1222.75,1232.75
2010-10-27,1212,1236.25,1211,1233.75
2010-10-28,1244,1248.25,1233,1233
2010-10-29,1226.25,1235.75,1226.25,1232
2010-11-01,1234.75,1241,1228.25,1236.5
2010-11-02,1239,1241.5,1230.25,1234.75
2010-11-03,1236,1239.25,1222,1238.25
2010-11-04,1258.25,1278,1258.25,1274
2010-11-05,1273.5,1284,1271.75,1282
2010-11-08,1281,1285.25,1273.75,1273.75
2010-11-09,1293.5,1340,1293.5,1327.5
2010-11-10,1322.25,1330,1314.25,1318.25
2010-11-11,1324,1341.5,1320,1339.25
2010-11-12,1304.25,1308.5,1268.5,1268.5
2010-11-15,1275.75,1306,1275.75,1288
2010-11-16,1257.75,1257.75,1216,1219.75
2010-11-17,1206.5,1231.75,1204.25,1204.25
2010-11-18,1231.75,1244.25,1228.25,1242.75
2010-11-19,1219.75,1233,1200.5,1200.75
2010-11-22,1208.75,1222.25,1201.25,1220.75
2010-11-23,1218.75,1239.25,1201.75,1239.25
2010-11-24,1252.25,1257.75,1247,1252.25
2010-11-26,1244.75,1247.75,1237.75,1237.75
2010-11-29,1238.75,1242.5,1229,1234.25
2010-11-30,1234,1246.75,1233,1245.75
2010-12-01,1265.25,1283.5,1260,1281.75
2010-12-02,1279.75,1286.25,1276.75,1277.75
2010-12-03,1289.5,1301,1282.25,1299.75
2010-12-06,1298.25,1299.5,1280.5,1286.25
2010-12-07,1299.75,1299.75,1282,1285.25
2010-12-08,1270.25,1296.25,1270,1294
2010-12-09,1292.5,1294.5,1278.25,1279
2010-12-10,1276,1280,1268.75,1272
2010-12-13,1288.5,1304.25,1286,1300.25
2010-12-14,1301,1306.5,1292.25,1293.75
2010-12-15,1310.75,1324,1303.25,1306.25
2010-12-16,1303.25,1308.5,1295.75,1300.75
2010-12-17,1295.75,1311,1295.25,1309.5
2010-12-20,1319.75,1329,1317.25,1325.5
2010-12-21,1326,1338.75,1325.25,1335.25
2010-12-22,1337.5,1343,1335.75,1339.75
2010-12-23,1340.5,1365.25,1340.5,1361
2010-12-27,1366.5,1389,1366.5,1383.5
2010-12-28,1392.25,1394.25,1383.25,1385
2010-12-29,1379.75,1384.25,1375.5,1375.5
2010-12-30,1375.5,1383.5,1370.25,1379.25
2010-12-31,1386.75,1403.5,1385.75,1402.75
2011-01-03,1407.25,1408.25,1375,1380.75
2011-01-04,1375.75,1375.75,1358.25,1371.5
2011-01-05,1365.75,1395,1363.25,1390.5
2011-01-06,1388.25,1390.75,1376.5,1377.75
2011-01-07,1374.5,1376.25,1360.25,1363.5
2011-01-10,1372.25,1394.5,1370,1382.25
2011-01-11,1383,1383,1356.25,1358.5
2011-01-12,1415,1426.75,1409.25,1418.25
2011-01-13,1418,1432.25,1415.75,1421.5
2011-01-14,1408.5,1423.75,1405.5,1423.5
2011-01-18,1418.75,1429.75,1413.75,1415
2011-01-19,1431,1431,1402.75,1415.5
2011-01-20,1389.75,1415,1389.5,1415
2011-01-21,1414,1426.75,1405.75,1412.5
2011-01-24,1411.75,1416.75,1397,1403.75
2011-01-25,1387.25,1389.25,1370.5,1372.5
2011-01-26,1378,1391,1370.25,1385
2011-01-27,1380,1400,1379.25,1399.75
2011-01-28,1401.75,1423.25,1395.25,1401
2011-01-31,1406.5,1413.25,1403.75,1411.75
2011-02-01,1423.5,1440,1420.5,1440
2011-02-02,1445,1449,1433.75,1446
2011-02-03,1444.5,1452.25,1434,1435.25
2011-02-04,1434,1435.5,1422.75,1434
2011-02-07,1439.75,1441.5,1421.25,1423.75
2011-02-08,1421.25,1435.25,1418.5,1434.5
2011-02-09,1444,1455.75,1436,1452
2011-02-10,1446,1453.75,1431,1431
2011-02-11,1427.25,1429.5,1410.5,1416.25
2011-02-14,1415.25,1420,1400.5,1405.25
2011-02-15,1386.5,1387.5,1366,1367.75
2011-02-16,1365.75,1371.75,1359.5,1365.75
2011-02-17,1379.5,1406.25,1379.5,1403.25
2011-02-18,1400.5,1405.25,1373.5,1375.25
2011-02-22,1344.75,1361.75,1311,1311
2011-02-23,1317.5,1333,1314.5,1333
2011-02-24,1324.25,1334.75,1311,1328.5
2011-02-25,1339.75,1398.5,1338.25,1371.75
2011-02-28,1364,1368.5,1358,1365.75
2011-03-01,1372.5,1375,1353.75,1372.75
2011-03-02,1395.75,1399,1375,1392.75
2011-03-03,1404.5,1414.25,1402.5,1410
2011-03-04,1421,1421.5,1397,1413.5
2011-03-07,1412.75,1413.5,1384.5,1394.5
2011-03-08,1378.5,1392.5,1374,1381
2011-03-09,1381.5,1381.5,1347.5,1350.25
2011-03-10,1332,1368.5,1331,1354
2011-03-11,1327,1347.75,1327,1335.5
2011-03-14,1319.5,1342.5,1319.25,1339.75
2011-03-15,1317.75,1326.5,1270,1270
2011-03-16,1297.5,1307.75,1280.5,1289.25
2011-03-17,1322.75,1346.5,1321.25,1332
2011-03-18,1345,1385,1339.25,1362.5
2011-03-21,1361.25,1366.25,1351.75,1364
2011-03-22,1347.75,1365.5,1347.75,1362
2011-03-23,1362.75,1362.75,1351,1352
2011-03-24,1352.25,1356.5,1338.5,1356.5
2011-03-25,1363.25,1367,1355,1359.25
2011-03-28,1361.25,1364.75,1347.5,1349.75
2011-03-29,1357.25,1368.5,1352.5,1363
2011-03-30,1360.25,1374,1360,1371.5
2011-03-31,1431,1431,1405.75,1406
2011-04-01,1405,1411.75,1386.75,1395.25
2011-04-04,1395.75,1395.75,1379.75,1382.75
2011-04-05,1374,1382,1366.5,1372.25
2011-04-06,1385,1388,1373.75,1375.75
2011-04-07,1380,1380,1360.5,1365.25
2011-04-08,1375.75,1394,1372.5,1392
2011-04-11,1379.75,1380,1364.25,1368
2011-04-12,1343.5,1348.75,1319,1329
2011-04-13,1338.75,1348.25,1330,1336.5
2011-04-14,1322,1333,1318,1330.5
2011-04-15,1328.25,1338.25,1322.75,1331.5
2011-04-18,1325.75,1350.5,1325.75,1343.5
2011-04-19,1359,1360.5,1348.25,1353.5
2011-04-20,1372,1384.25,1364.5,1369
2011-04-21,1370.5,1392,1365,1390
2011-04-25,1389.25,1398.5,1380.75,1396.5
2011-04-26,1388.25,1393.75,1382,1390
2011-04-27,1373.75,1396.75,1373.75,1383
2011-04-28,1388.25,1389.75,1338.5,1352
2011-04-29,1359.25,1395,1356,1394.75
2011-05-02,1392,1401.75,1384.5,1393.5
2011-05-03,1375.5,1380,1356.75,1362.5
2011-05-04,1353.5,1358.5,1347.75,1352.25
2011-05-05,1330,1331.25,1310.25,1325
2011-05-06,1333,1340.5,1308,1329.75
2011-05-09,1333,1341.75,1330,1335.5
2011-05-10,1345,1353,1338.25,1339.25
2011-05-11,1323,1332.75,1314,1332.5
2011-05-12,1319.5,1358.75,1317.75,1343.5
2011-05-13,1349.25,1350.5,1322,1330.5
2011-05-16,1335,1344,1323,1325.5
2011-05-17,1330.5,1342.5,1313,1340.5
2011-05-18,1359,1387,1358.5,1377.25
2011-05-19,1378.25,1382.5,1369.25,1381.5
2011-05-20,1373.75,1396,1371.25,1378.75
2011-05-23,1374.75,1384,1366.25,1371.25
2011-05-24,1382.75,1388.5,1366,1372
2011-05-25,1378.75,1387,1375.5,1377
2011-05-26,1385,1398,1383,1389
2011-05-27,1381,1388,1376.25,1380.5
2011-05-31,1383.5,1391.25,1374,1377.25
2011-06-01,1371.5,1390,1370.25,1390
2011-06-02,1406,1411.25,1402.25,1405.75
2011-06-03,1408.75,1419.25,1408,1412
2011-06-06,1405.75,1408,1382.75,1385
2011-06-07,1383.5,1394.75,1382.5,1394
2011-06-08,1392.75,1417,1386,1399
2011-06-09,1406.75,1408.75,1386.25,1392.25
2011-06-10,1381.5,1396,1380.5,1382.75
2011-06-13,1379.5,1390.5,1378.75,1381
2011-06-14,1379.5,1379.5,1353.75,1368.75
2011-06-15,1371.25,1374,1354.75,1369.5
2011-06-16,1361,1365.4,1350,1350
2011-06-17,1350.4,1355.4,1330.4,1331.2
2011-06-20,1333,1346,1333,1338
2011-06-21,1349.75,1353.75,1343.75,1347.75
2011-06-22,1343,1347.5,1320.75,1330.25
2011-06-23,1315.75,1324.25,1296.25,1314.5
2011-06-24,1320,1323,1311.5,1320
2011-06-27,1320,1330.75,1310,1329
2011-06-28,1334,1334.25,1322.25,1322.5
2011-06-29,1337.5,1342.75,1321,1324.25
2011-06-30,1288,1314,1288,1300.5
2011-07-01,1309,1320.75,1299.5,1314.25
2011-07-05,1319.25,1328.88,1312,1321
2011-07-06,1320.5,1326.75,1310.5,1322.75
2011-07-07,1321.62,1343.75,1321.5,1341.62
2011-07-08,1340.38,1350.25,1338.12,1345.88
2011-07-11,1350.75,1356.62,1338.12,1345.62
2011-07-12,1347.75,1362.5,1334.88,1355.5
2011-07-13,1353.88,1382,1352.5,1374.88
2011-07-14,1374.62,1386.75,1373.75,1382.25
2011-07-15,1381.88,1396.75,1376.75,1387.12
2011-07-18,1387,1391.62,1369.88,1382.38
2011-07-19,1389.62,1407.75,1376,1381.25
2011-07-20,1381.12,1390.75,1373.38,1379
2011-07-21,1377.88,1386.5,1369.75,1380.5
2011-07-22,1379.38,1388.25,1374.88,1379.5
2011-07-25,1381.38,1381.38,1351.5,1363.25
2011-07-26,1366.5,1381.25,1362.38,1381.25
2011-07-27,1381.38,1386.38,1366,1370.38
2011-07-28,1369.75,1376.38,1362.25,1362.25
2011-07-29,1362.12,1368.75,1343.62,1346.38
2011-08-01,1350.12,1363.88,1347,1354.25
2011-08-02,1356.25,1375,1342.5,1372
2011-08-03,1369.5,1372.5,1354.88,1359.38
2011-08-04,1362.5,1362.88,1331,1336.25
2011-08-05,1330.5,1336.5,1313.62,1327.25
2011-08-08,1312.5,1321.88,1301.12,1304.62
2011-08-09,1298.75,1314.5,1277.62,1293.5
2011-08-10,1298.5,1311.5,1288.62,1297.5
2011-08-11,1290.38,1344.5,1290.38,1324.88
2011-08-12,1329,1336.88,1320,1326
2011-08-15,1333,1344.75,1331.75,1341.25
2011-08-16,1342.75,1344.88,1333.5,1340.12
2011-08-17,1341.38,1360.75,1337.75,1357.25
2011-08-18,1357.38,1359,1337.75,1351.75
2011-08-19,1350.5,1365.5,1340.12,1359.5
2011-08-22,1359.5,1379.5,1359.5,1376.88
2011-08-23,1379.25,1391.75,1377.25,1390.88
2011-08-24,1389.88,1396,1381.75,1386.88
2011-08-25,1384.62,1391.12,1378,1385.25
2011-08-26,1384.5,1416.38,1379.25,1416.12
2011-08-29,1412.25,1438.76,1411.5,1438.76
2011-08-30,1450.25,1458.38,1438,1455.12
2011-08-31,1455.25,1464.88,1448.12,1456.12
2011-09-01,1455.12,1456.75,1432.12,1436.62
2011-09-02,1439.25,1451.88,1435.25,1444.88
2011-09-06,1433.62,1434.12,1408.38,1419.38
2011-09-07,1423.12,1433.12,1412.62,1418.75
2011-09-08,1420.5,1425.38,1411.38,1417.62
2011-09-09,1417.25,1428.88,1413,1426.62
2011-09-12,1431.75,1432.25,1388.62,1400.12
2011-09-13,1398.25,1401.75,1382.12,1392.88
2011-09-14,1393.12,1396.62,1377.38,1384.12
2011-09-15,1384.88,1386.88,1357.62,1359.75
2011-09-16,1358.62,1368.62,1350.38,1357.38
2011-09-19,1356.38,1356.38,1326.38,1336.12
2011-09-20,1341,1350.12,1335.38,1337.62
2011-09-21,1337.25,1345.12,1320.12,1322.25
2011-09-22,1319.38,1319.38,1281.12,1282.62
2011-09-23,1286.25,1289.25,1250.12,1258.75
2011-09-26,1265.38,1267,1226.12,1257.88
2011-09-27,1261.75,1277.62,1259.25,1261.75
2011-09-28,1260.62,1260.88,1221.38,1221.62
2011-09-29,1222.88,1237.88,1209.38,1230.62
2011-09-30,1231.38,1238.5,1175.88,1176.62
2011-10-03,1176.38,1189.38,1162.25,1175.38
2011-10-04,1174.62,1178.38,1152.25,1157.12
2011-10-05,1164.12,1173.88,1161.12,1165.38
2011-10-06,1164.75,1182.62,1158.88,1162.38
2011-10-07,1164.12,1169.62,1152.38,1161.25
2011-10-10,1159.12,1191.88,1158.62,1179.75
2011-10-11,1180.25,1245.12,1174.62,1234.25
2011-10-12,1234.38,1246.12,1212.88,1239.63
2011-10-13,1239.62,1257.88,1230.88,1253.62
2011-10-14,1257.88,1275.62,1249.25,1268.62
2011-10-17,1269.88,1271.75,1250.12,1250.5
2011-10-18,1251.38,1252.88,1226.62,1248.75
2011-10-19,1250.62,1258.62,1223.62,1224.88
2011-10-20,1225.38,1226,1201.62,1222.25
2011-10-21,1224.5,1245.12,1212.38,1212.38
2011-10-24,1220.88,1248.12,1217.88,1236.25
2011-10-25,1234.75,1244.62,1225.62,1232.12
2011-10-26,1232.38,1241.75,1218.62,1219.88
2011-10-27,1220.62,1252.12,1220.5,1247.12
2011-10-28,1243.88,1250.5,1224.12,1226.5
2011-10-31,1226.88,1229,1203.62,1219.62
2011-11-01,1215.62,1222.88,1191.38,1203.38
2011-11-02,1198.75,1218.25,1197.12,1202.12
2011-11-03,1201.62,1231.38,1201.12,1227.12
2011-11-04,1226.38,1230.88,1219.12,1220.38
2011-11-07,1220.62,1222.88,1198.5,1201.5
2011-11-08,1203.62,1216.88,1199.88,1205.5
2011-11-09,1206.38,1211.88,1183.75,1185.12
2011-11-10,1184.5,1191.12,1167.12,1169.5
2011-11-11,1169,1181,1168.38,1176.38
2011-11-14,1178.62,1192.88,1177.25,1180.62
2011-11-15,1179.38,1206.12,1178.62,1199.88
2011-11-16,1199.62,1203.12,1183,1187.75
2011-11-17,1186.5,1192.12,1162.12,1169.38
2011-11-18,1170.38,1177.38,1152.88,1172.12
2011-11-21,1171.88,1174.12,1145.25,1145.5
2011-11-22,1147.62,1155.62,1141.12,1151.62
2011-11-23,1151.63,1157.38,1121.12,1123.12
2011-11-25,1120.38,1125.12,1102.88,1109.62
2011-11-28,1114.88,1127,1114.38,1123.38
2011-11-29,1124.12,1138.12,1115.12,1124.38
2011-11-30,1123.38,1145.38,1111.62,1134.12
2011-12-01,1134.25,1142.88,1116.5,1128.62
2011-12-02,1131.12,1144.38,1128.38,1136.12
2011-12-05,1139.38,1147.88,1122.38,1126.88
2011-12-06,1126.25,1131.88,1120.38,1129.88
2011-12-07,1130.12,1136.88,1124.12,1132.62
2011-12-08,1131.88,1136.38,1121.38,1132.12
2011-12-09,1131.25,1133.38,1100.38,1105.62
2011-12-12,1114.38,1114.88,1095.12,1112.12
2011-12-13,1112.38,1126.88,1106.38,1118.62
2011-12-14,1115.62,1119.38,1094.88,1103.88
2011-12-15,1100.88,1113.88,1100.88,1113.38
2011-12-16,1112.38,1130.38,1111.62,1130.25
2011-12-19,1137.38,1148.62,1131.75,1139.75
2011-12-20,1136.5,1149.25,1136.12,1144.88
2011-12-21,1144.62,1158.88,1132.5,1153.12
2011-12-22,1152.38,1167.88,1144.38,1160.88
2011-12-23,1160.75,1167,1156.62,1163.12
2011-12-27,1182.62,1213.62,1182.62,1206.12
2011-12-28,1205.38,1218.62,1193.38,1207.75
2011-12-29,1205.88,1210.88,1193.12,1196.38
2011-12-30,1195.75,1215.12,1195.12,1211.88
2012-01-03,1236.5,1244.38,1223.62,1227.25
2012-01-04,1227.12,1235.62,1220.62,1230.88
2012-01-05,1230.5,1233.38,1207.12,1208.75
2012-01-06,1207.38,1219.62,1193.88,1193.88
2012-01-09,1195.25,1234.62,1194.88,1232.75
2012-01-10,1231.12,1236.88,1220.62,1231.25
2012-01-11,1227.38,1231.88,1200.88,1202.12
2012-01-12,1202.88,1213.62,1150.38,1184.25
2012-01-13,1182.38,1194.12,1157.62,1157.62
2012-01-17,1163.62,1186.75,1163.62,1183.12
2012-01-18,1182.62,1186.62,1172.62,1182.62
2012-01-19,1184.12,1197.38,1181.5,1196.62
2012-01-20,1197.88,1203.88,1183.38,1185.62
2012-01-23,1194.12,1218.62,1192.5,1214.12
2012-01-24,1214.38,1229.38,1203.88,1219.62
2012-01-25,1219.38,1226.38,1208.88,1212.88
2012-01-26,1213.88,1230.88,1213.38,1222.12
2012-01-27,1221.62,1225.62,1215.38,1218.12
2012-01-30,1214.12,1218.38,1184.88,1185.12
2012-01-31,1187.12,1200.75,1185.12,1200.38
2012-02-01,1202.38,1217.75,1202.38,1217
2012-02-02,1213.38,1224.62,1206.38,1216.88
2012-02-03,1216.5,1236.38,1214.25,1232.88
2012-02-06,1231.38,1243.88,1231.12,1234.25
2012-02-07,1232.62,1239.38,1227.12,1232.12
2012-02-08,1230.38,1244.62,1223.12,1230.62
2012-02-09,1229.62,1247.38,1222.88,1228.25
2012-02-10,1229.5,1230.38,1216.12,1228.88
2012-02-13,1238.38,1253.63,1232.38,1253.62
2012-02-14,1252.25,1261.62,1245.62,1254.62
2012-02-15,1254.38,1268.88,1249.12,1262.62
2012-02-16,1260.88,1264.12,1246.5,1258.62
2012-02-17,1257.62,1273.12,1257.12,1266.62
2012-02-21,1270.75,1275.88,1260.25,1269.5
2012-02-22,1267.62,1272.12,1261.63,1270.88
2012-02-23,1271.38,1279.88,1266.62,1276.88
2012-02-24,1275.75,1284.5,1272.12,1280.25
2012-02-27,1287.38,1303.62,1284.12,1301.88
2012-02-28,1300.62,1314.38,1300.12,1313.12
2012-02-29,1311.38,1323.88,1308.12,1319.12
2012-03-01,1319.13,1323.62,1306.38,1322.12
2012-03-02,1322.13,1332.88,1316.38,1331.88
2012-03-05,1329.75,1336.12,1323.62,1324.38
2012-03-06,1324.12,1336.12,1315.88,1335.62
2012-03-07,1333.62,1338.88,1324.38,1327.12
2012-03-08,1326.88,1338.62,1324.25,1337.38
2012-03-09,1336.88,1355.38,1330.38,1337.62
2012-03-12,1337.75,1341.62,1332.38,1334.12
2012-03-13,1333.12,1354.62,1331.62,1348.75
2012-03-14,1350.62,1360.38,1346.38,1353.5
2012-03-15,1352.88,1369.88,1352.62,1368.12
2012-03-16,1368.38,1377.12,1363.88,1375.5
2012-03-19,1374.62,1377.88,1362.5,1367.75
2012-03-20,1367.5,1367.88,1341.88,1345.88
2012-03-21,1345.62,1357.62,1344.88,1357.25
2012-03-22,1354.38,1359.88,1338.62,1350.88
2012-03-23,1351.12,1368.62,1350.5,1366.62
2012-03-26,1366.62,1387.62,1364.12,1379.62
2012-03-27,1380.25,1387.12,1368.88,1371.88
2012-03-28,1370.62,1378.88,1364.12,1369.12
2012-03-29,1368.62,1376.5,1351.25,1354.75
2012-03-30,1353.62,1415.88,1353.62,1401.88
2012-04-02,1406.62,1433,1406.62,1421.75
2012-04-03,1422,1433.75,1414.12,1415.38
2012-04-04,1414.38,1429.62,1408.38,1422.12
2012-04-05,1420.12,1434.12,1414.88,1431.38
2012-04-09,1431.38,1446.62,1424.12,1430.38
2012-04-10,1430.88,1450.88,1421.88,1429.62
2012-04-11,1428.88,1430.88,1415.62,1420
2012-04-12,1422.5,1444.38,1420.13,1442.5
2012-04-13,1443.38,1447.63,1431.63,1436.88
2012-04-16,1436.88,1436.88,1415.63,1421.63
2012-04-17,1420.5,1434.38,1418.38,1426.38
2012-04-18,1425.63,1433.88,1404.13,1409
2012-04-19,1411.13,1429.75,1407.13,1415.25
2012-04-20,1415.38,1453.88,1413.13,1453.88
2012-04-23,1451.13,1457,1440.13,1440.13
2012-04-24,1440.63,1470.75,1437.88,1467.63
2012-04-25,1465.75,1496.38,1465.75,1476.13
2012-04-26,1475,1482.38,1463.63,1479.88
2012-04-27,1483.38,1506.38,1481.5,1492.63
2012-04-30,1490.13,1506.38,1482.38,1505
2012-05-01,1503.38,1504.63,1492.5,1502.75
2012-05-02,1501.5,1512.38,1481.38,1481.5
2012-05-03,1482.75,1488.5,1466.13,1474.63
2012-05-04,1472.88,1481.13,1458.38,1477.88
2012-05-07,1477.88,1478.63,1460.5,1467.25
2012-05-08,1467.38,1471.38,1435.38,1436.13
2012-05-09,1438.63,1441.63,1414.25,1428.63
2012-05-10,1430,1457.63,1429.63,1457.5
2012-05-11,1457.25,1461.88,1403.13,1403.13
2012-05-14,1404.38,1404.38,1376.25,1386.63
2012-05-15,1385.13,1415.63,1380.38,1413.25
2012-05-16,1413.13,1422.75,1386.63,1420.88
2012-05-17,1423.38,1449.38,1420.75,1437.25
2012-05-18,1434.75,1438.25,1405.38,1408.38
2012-05-21,1414.63,1422.88,1408.63,1412.75
2012-05-22,1409,1417.5,1375.38,1382.13
2012-05-23,1379.88,1380.88,1351.13,1365.88
2012-05-24,1376.63,1385.13,1370.63,1378.5
2012-05-25,1381.25,1386.38,1371.75,1381.75
2012-05-29,1381.38,1401.88,1379.5,1385.63
2012-05-30,1391.75,1393.63,1365.63,1376.25
2012-05-31,1375,1377.5,1340.38,1340.75
2012-06-01,1344.25,1358,1326.88,1339.88
2012-06-04,1350.5,1354,1331.75,1339.63
2012-06-05,1346.13,1359.88,1341.25,1351.13
2012-06-06,1357.13,1391.63,1352.88,1385.88
2012-06-07,1388.13,1429.88,1386.88,1424.88
2012-06-08,1424.38,1438.63,1408.38,1428.38
2012-06-11,1424.13,1444.63,1420.13,1426.38
2012-06-12,1426.88,1440.5,1418.88,1434.75
2012-06-13,1435.38,1437.38,1405.38,1407.63
2012-06-14,1409.38,1413.13,1384.38,1386.13
2012-06-15,1389.75,1401,1370.88,1376.13
2012-06-18,1384,1395.25,1375.5,1385.25
2012-06-19,1394.63,1451.13,1393.63,1435.75
2012-06-20,1437.75,1446.88,1433.5,1444.88
2012-06-21,1437.38,1456.12,1431.13,1441.12
2012-06-22,1440.38,1464.12,1439,1442.12
2012-06-25,1451.62,1478.88,1451.38,1468.62
2012-06-26,1474.38,1479.25,1450.12,1456
2012-06-27,1459.88,1481.38,1452.12,1458
2012-06-28,1459.12,1464.88,1440.75,1447.38
2012-06-29,1449,1486.38,1441.88,1480.88
2012-07-02,1495.62,1509.38,1485.25,1493.62
2012-07-03,1514.88,1532.75,1497.62,1525.75
2012-07-05,1545.62,1585.12,1544.75,1583.5
2012-07-06,1580,1582.88,1562.12,1570
2012-07-09,1589.38,1625.25,1583.63,1606.38
2012-07-10,1608.5,1608.5,1586.5,1593.62
2012-07-11,1593,1623,1553.25,1573.88
2012-07-12,1576.75,1588.25,1559.5,1571.75
2012-07-13,1574.5,1599.75,1571.25,1596.12
2012-07-16,1610.88,1635.88,1610.88,1633.63
2012-07-17,1641.38,1647.5,1617.75,1638.88
2012-07-18,1639.25,1685.38,1627.12,1682.12
2012-07-19,1682.5,1748.25,1677.75,1729.63
2012-07-20,1730.62,1777.62,1729.25,1758.38
2012-07-23,1759.88,1759.88,1694,1696.62
2012-07-24,1698.25,1705.87,1625.75,1646.13
2012-07-25,1650.38,1701.5,1618.12,1693.75
2012-07-26,1691.25,1696.88,1649.75,1654.25
2012-07-27,1648.12,1693.75,1642,1683.25
2012-07-30,1646,1671.88,1642.5,1668
2012-07-31,1659.5,1682.75,1653.5,1653.5
2012-08-01,1657.88,1675.63,1603.25,1640.5
2012-08-02,1649.12,1654,1601.62,1624
2012-08-03,1617.75,1645,1609.63,1635.62
2012-08-06,1608.38,1609.25,1590.62,1594.88
2012-08-07,1592,1612.75,1573.88,1576.38
2012-08-08,1577,1600.25,1570.75,1600.25
2012-08-09,1599,1656.25,1595.75,1656
2012-08-10,1653.12,1698.88,1646.38,1673.62
2012-08-13,1664.25,1679,1620.63,1620.63
2012-08-14,1625.38,1634.88,1610.38,1624.25
2012-08-15,1624.5,1661,1624.5,1661
2012-08-16,1660.75,1672.62,1646.5,1655.12
2012-08-17,1654,1672.38,1649.88,1671.5
2012-08-20,1669.88,1704.5,1666.88,1704.5
2012-08-21,1705.5,1754.75,1702.13,1751.5
2012-08-22,1750.88,1755.62,1735.12,1748.63
2012-08-23,1751.38,1764.88,1720.12,1726.37
2012-08-24,1728.25,1749.12,1723.62,1737.88
2012-08-27,1740.75,1760.38,1714.25,1720.88
2012-08-28,1723.13,1730.88,1701.63,1724.62
2012-08-29,1723.62,1753.88,1716.88,1752.12
2012-08-30,1754.12,1770.62,1735.5,1761.62
2012-08-31,1758.12,1763.12,1745.62,1754.37
2012-09-04,1773.62,1788.88,1755.62,1766.88
2012-09-05,1765.37,1769.62,1742.62,1748.88
2012-09-06,1747.75,1753.62,1725.75,1746.5
2012-09-07,1745.63,1751.38,1726.38,1733.38
2012-09-10,1731.37,1744.12,1717.88,1719
2012-09-11,1719.12,1728.88,1699,1699.75
2012-09-12,1700.38,1749.88,1693.63,1747.38
2012-09-13,1746.25,1749.62,1732.88,1747.38
2012-09-14,1746.5,1765,1738.25,1738.25
2012-09-17,1733.38,1736.38,1668.5,1668.88
2012-09-18,1661.38,1668.75,1631.38,1640
2012-09-19,1644.12,1675.62,1643.12,1667.12
2012-09-20,1668.38,1685.63,1616.13,1618.25
2012-09-21,1622.62,1638.62,1607.62,1624.38
2012-09-24,1620.88,1625.88,1590.38,1609.25
2012-09-25,1608,1625.38,1604.38,1612.12
2012-09-26,1610.25,1612.75,1565.12,1573.38
2012-09-27,1574.38,1583.75,1557.88,1570.12
2012-09-28,1570.12,1613.25,1561.5,1598.38
2012-10-01,1596.75,1599.38,1558.12,1561.12
2012-10-02,1558.88,1561,1526.75,1529.88
2012-10-03,1526.38,1543.62,1504.25,1531.75
2012-10-04,1531.25,1568.25,1531.12,1550.62
2012-10-05,1552,1568.88,1544.75,1552.25
2012-10-08,1556,1560.25,1537.62,1550.38
2012-10-09,1550.75,1572.75,1547.12,1548.75
2012-10-10,1546.38,1549.88,1518.62,1523.38
2012-10-11,1522.75,1567.38,1521.5,1549
2012-10-12,1547.75,1553.5,1510.62,1522.38
2012-10-15,1516.5,1517.75,1485.88,1493.62
2012-10-16,1495.38,1513.62,1493.12,1493.75
2012-10-17,1493.62,1510.88,1487.38,1510.38
2012-10-18,1508.25,1547.25,1507.62,1544.38
2012-10-19,1544.75,1555.62,1532.62,1534.25
2012-10-22,1529.62,1558.38,1526.88,1546.62
2012-10-23,1545.75,1554.38,1529.12,1554.25
2012-10-24,1553.12,1574.38,1549.75,1570.12
2012-10-25,1569.5,1574.25,1557.38,1564.38
2012-10-26,1563.12,1566.62,1552.62,1560.62
2012-10-29,1558.5,1558.75,1526.62,1532.12
2012-10-30,1532.25,1550.88,1528.38,1536.88
2012-10-31,1536.62,1557.62,1536.38,1552.25
2012-11-01,1552.38,1570.62,1550.25,1554.12
2012-11-02,1553.75,1559.88,1524.38,1526
2012-11-05,1521,1524.12,1502.12,1502.38
2012-11-06,1503.62,1522.88,1503.62,1514.12
2012-11-07,1516.38,1521.38,1497.62,1507.62
2012-11-08,1506.88,1513.5,1495.12,1496.5
2012-11-09,1494.62,1498.75,1450.5,1451.38
2012-11-12,1447.62,1447.75,1402.38,1405.12
2012-11-13,1407.62,1417.38,1391.38,1409.75
2012-11-14,1409.25,1428.38,1408.75,1419.88
2012-11-15,1420.38,1427.62,1401.25,1404
2012-11-16,1400.62,1408.88,1372.38,1383.62
2012-11-19,1386.25,1402.38,1385.88,1395.88
2012-11-20,1395.75,1415.62,1381.12,1413.62
2012-11-21,1412.12,1423.88,1399.75,1407.12
2012-11-23,1423.88,1426.38,1414.88,1416.62
2012-11-26,1419.62,1435.38,1417,1425
2012-11-27,1424.25,1450.5,1424.12,1450.5
2012-11-28,1450.12,1456.5,1440.12,1446
2012-11-29,1447.25,1459.88,1441.88,1448.88
2012-11-30,1448.75,1451.5,1429.12,1440.62
2012-12-03,1444,1461.62,1442.38,1454.25
2012-12-04,1453.25,1460.88,1436.38,1453.88
2012-12-05,1455.75,1479.62,1454.38,1479.38
2012-12-06,1479.12,1492.12,1473.38,1491.5
2012-12-07,1489.75,1497.88,1470.62,1472.38
2012-12-10,1469.75,1476.88,1453.38,1475.25
2012-12-11,1475.88,1486.38,1464.88,1471.88
2012-12-12,1473.25,1478.38,1458,1473.38
2012-12-13,1472,1489.88,1465.12,1477.38
2012-12-14,1475.62,1496.62,1474.75,1495.38
2012-12-17,1496.62,1508.62,1492.62,1496.88
2012-12-18,1496.12,1501.75,1462.62,1465.38
2012-12-19,1467.62,1472.12,1433.12,1437.88
2012-12-20,1439.75,1441.12,1403.12,1408.12
2012-12-21,1411.12,1438.62,1410.62,1429.88
2012-12-24,1431.88,1441.38,1425.75,1435.88
2012-12-26,1441.38,1441.38,1415.12,1418.88
2012-12-27,1417.25,1429.25,1411.38,1414.5
2012-12-28,1415.12,1427.25,1412.88,1416.38
2012-12-31,1415.63,1425.12,1400.88,1409.88
2013-01-02,1433,1433,1386.5,1392
2013-01-03,1394.12,1395.62,1372.62,1386.38
2013-01-04,1386.88,1397.12,1356.5,1365.75
2013-01-07,1367.25,1388.88,1357.62,1388.5
2013-01-08,1387.62,1393.12,1376.88,1386.5
2013-01-09,1385.75,1392.62,1380.38,1385.88
2013-01-10,1387.25,1394.38,1377.12,1378
2013-01-11,1377.75,1381.38,1352.62,1375.88
2013-01-14,1378.62,1422.62,1377.38,1418.5
2013-01-15,1416.25,1435.62,1408.12,1414.5
2013-01-16,1413.88,1438.88,1412.38,1438.88
2013-01-17,1435.88,1447.88,1422.88,1431.25
2013-01-18,1431.88,1438.25,1421.12,1428.38
2013-01-22,1442.12,1460.62,1436.12,1451.38
2013-01-23,1449.38,1457.62,1432.12,1438.25
2013-01-24,1436.75,1438.88,1415.12,1436.62
2013-01-25,1437.25,1444.75,1426.12,1440.62
2013-01-28,1446.12,1452.38,1434.88,1447.5
2013-01-29,1444.75,1457.62,1441.12,1451.88
2013-01-30,1450.25,1481.62,1447.12,1478.5
2013-01-31,1477.62,1484,1455.88,1471.12
2013-02-01,1470,1486.38,1464.12,1476.12
2013-02-04,1482.88,1497.62,1475.62,1488.38
2013-02-05,1486.88,1495.62,1478.12,1495.62
2013-02-06,1494,1494,1477.38,1487.38
2013-02-07,1488.25,1496.88,1478.12,1487.75
2013-02-08,1486.62,1494.62,1451.88,1453.38
2013-02-11,1444.62,1445.75,1429.38,1433.25
2013-02-12,1432.75,1438.38,1417.12,1421.5
2013-02-13,1423.25,1428.62,1404.62,1423.62
2013-02-14,1424.5,1428.62,1406.25,1417.75
2013-02-15,1418.12,1427.62,1415.12,1425.5
2013-02-19,1433.88,1473.88,1433.88,1471.12
2013-02-20,1469.88,1491.75,1466.62,1480.12
2013-02-21,1479.5,1494.12,1470.75,1488.12
2013-02-22,1487.5,1516.38,1459.88,1459.88
2013-02-25,1443.12,1452.88,1421.62,1436.38
2013-02-26,1432.25,1442.5,1420.62,1431.75
2013-02-27,1435.38,1448.38,1425.12,1438.38
2013-02-28,1438.5,1467.25,1434.12,1451.62
2013-03-01,1452.88,1457.62,1433.38,1444.5
2013-03-04,1441.62,1463.88,1434.62,1463.38
2013-03-05,1462.12,1481.5,1459.12,1466.75
2013-03-06,1466.5,1474.88,1455.88,1466.38
2013-03-07,1465.38,1474.38,1460.88,1473.88
2013-03-08,1473,1484.12,1450.5,1472.62
2013-03-11,1479.25,1482.88,1467.88,1478.12
2013-03-12,1478.25,1480.75,1465.12,1467.38
2013-03-13,1467.75,1468.62,1440.38,1447.62
2013-03-14,1447.75,1449.88,1429.38,1441.12
2013-03-15,1441.25,1444.88,1423.12,1426.38
2013-03-18,1417.88,1418.5,1404.38,1410.88
2013-03-19,1410.75,1418.62,1403.12,1410.62
2013-03-20,1410.75,1424.38,1408.88,1422.62
2013-03-21,1422.75,1449.88,1421.88,1446.25
2013-03-22,1446.12,1448.38,1433.12,1439.62
2013-03-25,1442.75,1445.38,1430.75,1438.12
2013-03-26,1438.25,1449.12,1434.25,1446.38
2013-03-27,1446.25,1457.62,1443.75,1452.75
2013-03-28,1452.88,1459.62,1398.25,1404.38
2013-04-01,1402.5,1408.12,1386.62,1392.25
2013-04-02,1393.75,1405.62,1386.12,1393.88
2013-04-03,1395.88,1397.12,1375.62,1381.62
2013-04-04,1382.25,1383.88,1361.12,1372.38
2013-04-05,1372.25,1373.12,1354.62,1362.25
2013-04-08,1360,1379.62,1356.38,1377.38
2013-04-09,1379,1396.88,1375.62,1395.75
2013-04-10,1393.88,1408.62,1386.12,1393.12
2013-04-11,1392.5,1405.88,1382.62,1401.75
2013-04-12,1401.88,1418.88,1399.62,1413.25
2013-04-15,1413,1419.62,1394.38,1395.88
2013-04-16,1392.62,1416.62,1389.12,1412.38
2013-04-17,1411.12,1429.25,1406.12,1421.12
2013-04-18,1420.75,1441.12,1419.38,1431.75
2013-04-19,1431.38,1440.88,1422.12,1427.38
2013-04-22,1424.62,1426.75,1408.12,1418
2013-04-23,1418.5,1429.88,1417.38,1419.12
2013-04-24,1419.38,1425.88,1402.12,1404.38
2013-04-25,1404.12,1424.12,1403.88,1424
2013-04-26,1420.5,1431.88,1417.38,1431
2013-04-29,1381,1409.38,1378.12,1408.62
2013-04-30,1407.38,1423.62,1396.5,1396.5
2013-05-01,1396.62,1397.75,1365.62,1372.62
2013-05-02,1373.38,1383.12,1368.38,1373.88
2013-05-03,1372.75,1399.62,1372.38,1387.38
2013-05-06,1381.75,1394.62,1366.38,1368.25
2013-05-07,1369.38,1383.88,1367.62,1382.5
2013-05-08,1383.5,1402.88,1379.25,1391.38
2013-05-09,1389.5,1409.38,1387.25,1409.38
2013-05-10,1407.88,1418.12,1392.12,1398.62
2013-05-13,1394.38,1422.62,1394,1419.5
2013-05-14,1418.62,1425.62,1405.12,1416.38
2013-05-15,1415.62,1422.62,1402.62,1413.88
2013-05-16,1412.88,1430.88,1408.5,1429.12
2013-05-17,1427,1448.5,1424.38,1448.5
2013-05-20,1445.88,1465.38,1443.62,1465.12
2013-05-21,1461.25,1478.88,1456.62,1478.75
2013-05-22,1476.25,1494.62,1470.88,1494.38
2013-05-23,1491.88,1546.38,1487.75,1493.75
2013-05-24,1490.62,1505.62,1472.25,1475.25
2013-05-28,1475.12,1527.38,1475.12,1508.38
2013-05-29,1506.25,1518.88,1490.12,1502.5
2013-05-30,1501.88,1507.62,1487.38,1495.12
2013-05-31,1496.75,1522.25,1496.5,1510.12
2013-06-03,1509.62,1540.62,1509.62,1532.75
2013-06-04,1531.12,1532.88,1518.25,1529.75
2013-06-05,1527.88,1548.62,1523.38,1531.62
2013-06-06,1532.38,1534.25,1519.62,1529.12
2013-06-07,1529,1541.62,1521.62,1525.75
2013-06-10,1522.25,1525.5,1502.75,1514.12
2013-06-11,1516.88,1540.88,1515.12,1531.88
2013-06-12,1540.38,1558.25,1531.75,1539.88
2013-06-13,1540.38,1543.38,1506.62,1509.5
2013-06-14,1509.38,1521.75,1506.12,1516.62
2013-06-17,1509.38,1519.12,1493.38,1512.5
2013-06-18,1511.62,1529.5,1510.12,1512.62
2013-06-19,1512.12,1526.88,1505.38,1519.38
2013-06-20,1520.88,1521.88,1496.12,1499.5
2013-06-21,1497.25,1505.25,1489,1491.5
2013-06-24,1413.8,1422.25,1401.5,1422
2013-06-25,1422.38,1433.12,1417.12,1428.88
2013-06-26,1427.75,1432.12,1420.38,1426.25
2013-06-27,1424.5,1436.88,1421.5,1431.62
2013-06-28,1429.88,1446.25,1413.25,1429.38
2013-07-01,1427.12,1453.62,1420.62,1435.25
2013-07-02,1434.75,1444.88,1430.38,1434.5
2013-07-03,1434.38,1449.88,1433.38,1441.62
2013-07-05,1439.25,1443.12,1431.88,1432.12
2013-07-08,1430.25,1459.12,1426.75,1455.88
2013-07-09,1456.25,1479.12,1452.5,1467
2013-07-10,1467.5,1478.88,1462.38,1465.88
2013-07-11,1464.62,1476,1460.62,1474.12
2013-07-12,1473.5,1477.75,1428.12,1428.12
2013-07-15,1422.62,1457.88,1419.88,1453
2013-07-16,1457.62,1486.62,1453.38,1474.88
2013-07-17,1475,1481.12,1464.88,1478.88
2013-07-18,1474.12,1477.38,1458.75,1472
2013-07-19,1470.62,1492.62,1470.12,1489.88
2013-07-22,1493.5,1525.25,1487.12,1520.62
2013-07-23,1515,1526.12,1460.88,1461.62
2013-07-24,1460.5,1466.5,1392.38,1392.38
2013-07-25,1385.63,1396.25,1348.75,1353.62
2013-07-26,1351.38,1360.25,1330.88,1350
2013-07-29,1275.2,1276.12,1257.38,1272.25
2013-07-30,1271.75,1279.88,1247.88,1247.88
2013-07-31,1246.75,1253.38,1237.5,1247.25
2013-08-01,1247.75,1252.25,1230.5,1235.25
2013-08-02,1234.88,1247.38,1208.12,1211.88
2013-08-05,1211.12,1213.62,1186.88,1208.62
2013-08-06,1207,1209.62,1192.62,1194.12
2013-08-07,1194,1208.25,1192.62,1199.25
2013-08-08,1199,1232.88,1198.88,1228.25
2013-08-09,1228.75,1240.88,1216.12,1219.62
2013-08-12,1222.88,1256.75,1216.75,1256.5
2013-08-13,1254,1268.88,1253,1257.88
2013-08-14,1256.5,1270.88,1243.38,1268.62
2013-08-15,1272.62,1293.75,1271,1289
2013-08-16,1287.88,1295.38,1282.88,1283.25
2013-08-19,1298.12,1323,1298.12,1322.12
2013-08-20,1321.75,1326.62,1304.12,1309.25
2013-08-21,1307.62,1335.5,1304.38,1330.62
2013-08-22,1328,1341.75,1316.62,1323.75
2013-08-23,1327,1368.75,1327,1362.88
2013-08-26,1348.62,1398.12,1348.62,1389.62
2013-08-27,1387.12,1409.38,1368.75,1373.12
2013-08-28,1374.25,1387.75,1362.38,1374.38
2013-08-29,1377.62,1382.38,1361.5,1369.12
2013-08-30,1368.25,1368.25,1346.38,1356.38
2013-09-03,1396.62,1408.38,1379.12,1385.88
2013-09-04,1386.62,1387,1341.88,1352.5
2013-09-05,1353.75,1367.75,1335.5,1367.75
2013-09-06,1368.88,1377.12,1358.88,1369.62
2013-09-09,1380.75,1383.88,1351.38,1355.25
2013-09-10,1347,1363.12,1340.62,1356.38
2013-09-11,1356.75,1361.25,1348.88,1358.38
2013-09-12,1359.12,1398.12,1341.62,1397.38
2013-09-13,1397.12,1399.88,1380.88,1381.88
2013-09-16,1372.62,1374,1343.62,1348.38
2013-09-17,1349.12,1366.38,1332.38,1341.75
2013-09-18,1341.12,1349.62,1335.12,1347.88
2013-09-19,1353,1361.12,1331.88,1340
2013-09-20,1339.75,1340,1311.88,1316.12
2013-09-23,1308.5,1317.38,1305.62,1308.12
2013-09-24,1306.38,1322.62,1305.5,1312.25
2013-09-25,1311.62,1327.38,1306.62,1321.88
2013-09-26,1320.5,1322.5,1311.38,1317.38
2013-09-27,1316.12,1327.5,1311.75,1320.25
2013-09-30,1310.88,1316.88,1281.38,1281.38
2013-10-01,1277.88,1278.62,1263.62,1268.62
2013-10-02,1269.25,1281.62,1263.88,1274.5
2013-10-03,1273.88,1289.5,1271.38,1286.25
2013-10-04,1286.5,1297.88,1280.12,1296.12
2013-10-07,1293.88,1304.75,1288.62,1295.5
2013-10-08,1297.38,1305.62,1283.88,1288.88
2013-10-09,1286.88,1292.62,1281.62,1286.75
2013-10-10,1286.62,1301.88,1285.62,1287.38
2013-10-11,1285.12,1287.88,1266.38,1267.88
2013-10-14,1263.62,1279.88,1261.88,1271.62
2013-10-15,1271.88,1276.62,1265.12,1266.75
2013-10-16,1266.88,1279.38,1266.12,1277.75
2013-10-17,1276.5,1295.38,1274.88,1291.62
2013-10-18,1291.88,1301.25,1287.62,1290.62
2013-10-21,1289.12,1303.88,1288.62,1302.12
2013-10-22,1300.88,1305.38,1292.38,1300.5
2013-10-23,1299.25,1318.62,1296.88,1308.62
2013-10-24,1309.38,1317.88,1306.12,1309.62
2013-10-25,1309.12,1312.88,1299.62,1299.88
2013-10-28,1293.4,1294.25,1267.12,1267.38
2013-10-29,1266.75,1274.38,1265.12,1271.25
2013-10-30,1271.62,1280.12,1271.25,1275.62
2013-10-31,1274.88,1287.38,1265.5,1265.62
2013-11-01,1266.12,1271.25,1250.88,1252.38
2013-11-04,1252.88,1262.62,1250.62,1255.75
2013-11-05,1255.88,1261.88,1247.12,1250.75
2013-11-06,1249.62,1260.88,1249.38,1256.62
2013-11-07,1254.62,1274.62,1251.62,1267.12
2013-11-08,1265.38,1297.12,1262,1295.25
2013-11-11,1294.38,1304.62,1288.38,1299.88
2013-11-12,1300.25,1319.62,1295.88,1313.62
2013-11-13,1313.12,1317.62,1307.62,1314.5
2013-11-14,1313.38,1320.38,1305.12,1313.62
2013-11-15,1313.12,1315.62,1278.62,1279.62
2013-11-18,1280.25,1289.88,1276.88,1287.75
2013-11-19,1285.62,1293,1268.38,1279.12
2013-11-20,1278.38,1283.38,1270.38,1275.12
2013-11-21,1276.62,1292.38,1275.88,1292.38
2013-11-22,1291.62,1321.12,1290.62,1319.38
2013-11-25,1318.62,1334.38,1309.38,1328.12
2013-11-26,1328.38,1329.88,1316.88,1328.88
2013-11-27,1327.62,1340.62,1318.62,1319.25
2013-11-29,1333.62,1339.25,1327.38,1337
2013-12-02,1337.62,1345.88,1319.88,1321.12
2013-12-03,1321.38,1328.88,1312.12,1319.25
2013-12-04,1320.38,1334.38,1311.75,1328.38
2013-12-05,1328.88,1332.62,1316.25,1328.38
2013-12-06,1327.38,1327.75,1316.62,1325.62
2013-12-09,1325.88,1346.38,1325.88,1343.5
2013-12-10,1342.75,1353.25,1331.38,1338.75
2013-12-11,1339.88,1344.88,1334.62,1343.88
2013-12-12,1343.5,1346.88,1318.62,1325.62
2013-12-13,1324.25,1327.88,1312.38,1327.12
2013-12-16,1329.38,1343.38,1319.12,1336.62
2013-12-17,1336,1349.88,1328.62,1344.62
2013-12-18,1344.12,1350.75,1323.62,1324.62
2013-12-19,1325.88,1329.5,1316.12,1327.5
2013-12-20,1325.38,1344.88,1321.88,1338.25
2013-12-23,1345.88,1346.5,1327.12,1328.38
2013-12-24,1329.5,1337.88,1325.38,1333.5
2013-12-26,1329.5,1329.5,1316.75,1319.75
2013-12-27,1318.75,1332.38,1318.75,1331.75
2013-12-30,1313.6,1315.88,1299.88,1308.88
2013-12-31,1307.38,1310.88,1289.38,1289.38
2014-01-02,1288.88,1288.88,1262.88,1270.75
2014-01-03,1271.25,1277.88,1265.12,1271.75
2014-01-06,1273.75,1282,1269.62,1278.12
2014-01-07,1277.62,1282.88,1266.12,1274.5
2014-01-08,1274.38,1275.88,1267.25,1269.62
2014-01-09,1267.88,1277.88,1267.38,1274
2014-01-10,1273.62,1295.88,1271.62,1277.5
2014-01-13,1277.75,1296.25,1266.62,1294.75
2014-01-14,1293,1315.88,1288.88,1306.25
2014-01-15,1305.88,1320.88,1303.38,1317.88
2014-01-16,1317.25,1329.88,1311.12,1315.38
2014-01-17,1313.5,1318.38,1305.62,1316.62
2014-01-21,1313,1313.62,1280.12,1280.5
2014-01-22,1280.75,1285.88,1272.62,1280.25
2014-01-23,1280,1296.38,1275.38,1275.38
2014-01-24,1275.88,1286.88,1263.62,1286
2014-01-27,1285.88,1292.5,1279.38,1288.5
2014-01-28,1286.62,1289.88,1277.75,1285
2014-01-29,1284.62,1285.88,1266.12,1268.62
2014-01-30,1269.88,1285.88,1260.25,1275.62
2014-01-31,1275.38,1283.88,1271.62,1283.88
2014-02-03,1281.62,1299.62,1278.38,1291.88
2014-02-04,1293.12,1315.88,1291.12,1312.25
2014-02-05,1312.38,1320.88,1305.88,1315.88
2014-02-06,1315.62,1334.38,1315,1326
2014-02-07,1323,1332.12,1320.12,1331.12
2014-02-10,1329.12,1339.88,1319.38,1325.38
2014-02-11,1323.88,1336.5,1312.62,1336.5
2014-02-12,1336.12,1339.88,1322.12,1322.62
2014-02-13,1323.38,1346.88,1322.88,1342.25
2014-02-14,1342.12,1355.88,1337.38,1338.25
2014-02-18,1338.62,1361.62,1335.88,1361.38
2014-02-19,1360.62,1371.25,1351.38,1354.88
2014-02-20,1354,1361.12,1343.88,1359
2014-02-21,1358.25,1371.62,1352.12,1371.62
2014-02-24,1360.2,1377.88,1358.62,1374
2014-02-25,1373,1388.13,1366.12,1386.25
2014-02-26,1385.38,1397.38,1381.38,1397.38
2014-02-27,1395.25,1438.38,1388.38,1388.38
2014-02-28,1388.88,1414.75,1377.38,1414.12
2014-03-03,1422.25,1437.12,1402.38,1409.38
2014-03-04,1407.75,1425.38,1404.62,1422.62
2014-03-05,1423.5,1426.38,1409.62,1421.38
2014-03-06,1423.75,1439.88,1416.62,1437.25
2014-03-07,1436.25,1459.75,1435.88,1459.75
2014-03-10,1453.88,1454.88,1415.12,1418.5
2014-03-11,1414.25,1428.62,1410.88,1412.12
2014-03-12,1404.62,1406.62,1365.88,1387.75
2014-03-13,1387.38,1412.25,1380.88,1393.38
2014-03-14,1392.88,1400.25,1379.62,1389.75
2014-03-17,1389.25,1395.62,1375.88,1391.62
2014-03-18,1389.88,1419.12,1384.38,1418.62
2014-03-19,1418.88,1441.5,1418.12,1431.12
2014-03-20,1430.12,1455.88,1422.62,1434
2014-03-21,1433.38,1435.88,1405.38,1409.62
2014-03-24,1402.12,1432.12,1394.62,1425.75
2014-03-25,1424.12,1435.5,1416.12,1426.5
2014-03-26,1426.25,1441.12,1420.88,1441.12
2014-03-27,1439.25,1450.25,1430.62,1437.12
2014-03-28,1435.5,1443.12,1428.88,1435.88
2014-03-31,1433.62,1466.12,1424,1462.38
2014-04-01,1463.38,1491.38,1461.38,1482.88
2014-04-02,1483.12,1495.75,1456.5,1462.12
2014-04-03,1462,1480.12,1458.62,1473.75
2014-04-04,1474.25,1486.62,1463.12,1472.25
2014-04-07,1472.38,1479.25,1459.88,1463
2014-04-08,1464.62,1483.38,1462.12,1483.12
2014-04-09,1481.88,1511.62,1481.62,1495
2014-04-10,1494.62,1495,1476.38,1481.12
2014-04-11,1481.75,1482,1461.12,1463.75
2014-04-14,1461.5,1477.88,1461.5,1476
2014-04-15,1476.12,1509.12,1473.62,1501
2014-04-16,1500.25,1522.38,1500.25,1519.25
2014-04-17,1518.25,1531.62,1504.12,1516
2014-04-21,1516.25,1524.88,1486.12,1499.88
2014-04-22,1501.5,1508.5,1477.38,1480.75
2014-04-23,1480.38,1487.12,1466.88,1468.5
2014-04-24,1467.88,1473.88,1464.12,1472.62
2014-04-25,1472.75,1499.75,1472.38,1499.12
2014-04-28,1494.2,1512.88,1490.88,1498.62
2014-04-29,1499.62,1520.38,1494.25,1516.12
2014-04-30,1517.62,1517.62,1502.62,1511.38
2014-05-01,1510.12,1511.88,1460.12,1460.88
2014-05-02,1463.38,1471.75,1451.12,1471.12
2014-05-05,1474.62,1482.25,1461.12,1463.62
2014-05-06,1464,1464.38,1443.62,1459.25
2014-05-07,1455.75,1457.38,1442.62,1445.62
2014-05-08,1446.88,1469.88,1446.38,1469
2014-05-09,1468.62,1491.12,1453.75,1486.38
2014-05-12,1486.25,1494.5,1462.62,1464.62
2014-05-13,1462.88,1484.88,1460.88,1484.38
2014-05-14,1483.38,1489.12,1467.12,1485.88
2014-05-15,1485.25,1493.62,1462.62,1468.38
2014-05-16,1469.12,1478.12,1461.62,1465
2014-05-19,1463.88,1492.38,1456.38,1483.12
2014-05-20,1484.25,1500.88,1468.88,1469
2014-05-21,1468.75,1506.38,1467.62,1506.38
2014-05-22,1504.62,1536.38,1503.12,1517.38
2014-05-23,1519.62,1528.88,1512.38,1516.12
2014-05-27,1508.5,1515.38,1486.62,1489.38
2014-05-28,1488,1501.88,1483,1497.25
2014-05-29,1498.38,1508.62,1493.62,1498.75
2014-05-30,1500.75,1506.38,1491.12,1491.12
2014-06-02,1486.88,1511.12,1478.75,1498.12
2014-06-03,1498.38,1501.88,1475.12,1481.25
2014-06-04,1480.88,1495.62,1475.88,1482.5
2014-06-05,1482.12,1487.12,1460.38,1461
2014-06-06,1461.12,1466.38,1456.12,1457.62
2014-06-09,1459.38,1469.62,1452.12,1456.25
2014-06-10,1457.5,1475,1454.75,1461.75
2014-06-11,1461.88,1466.25,1445.12,1445.38
2014-06-12,1444.38,1452.62,1410.12,1417.25
2014-06-13,1415.12,1427.88,1411.38,1425.88
2014-06-16,1427.62,1435.38,1417.62,1422.12
2014-06-17,1421.25,1425.12,1395.88,1398.38
2014-06-18,1398.62,1418.88,1393.38,1409.25
2014-06-19,1409.38,1421.38,1406.12,1420.5
2014-06-20,1420.75,1422.62,1402.38,1418.38
2014-06-23,1365.25,1377.88,1349.62,1365.12
2014-06-24,1362.25,1364.88,1351,1358.5
2014-06-25,1357.88,1367.25,1357.25,1361.5
2014-06-26,1361.12,1382.62,1360.25,1381.75
2014-06-27,1378.5,1391.88,1375.12,1376.5
2014-06-30,1377.38,1389.5,1318.5,1327.5
2014-07-01,1328.5,1334.75,1305.38,1327.5
2014-07-02,1329.12,1334.75,1311.62,1314.5
2014-07-03,1315.88,1321.5,1297.38,1298.38
2014-07-07,1297,1297.75,1270.12,1274.38
2014-07-08,1271.88,1274.62,1244.12,1248.75
2014-07-09,1248,1252.88,1231.38,1245.88
2014-07-10,1245.38,1260.62,1232.5,1232.5
2014-07-11,1232.62,1238.12,1159.88,1196.38
2014-07-14,1191.88,1211.38,1190.25,1196.25
2014-07-15,1193.62,1193.62,1153.5,1181.38
2014-07-16,1182.62,1202.88,1182.38,1187.5
2014-07-17,1188.88,1199.88,1172.62,1173.12
2014-07-18,1176,1184.62,1171.5,1177.75
2014-07-21,1172.5,1184.88,1166.38,1177.25
2014-07-22,1175.38,1196.38,1172.75,1184
2014-07-23,1184.5,1203.38,1181.75,1200.75
2014-07-24,1199.62,1231.62,1199.38,1208.12
2014-07-25,1206.25,1214.25,1197.88,1211.62
2014-07-28,1113.5,1138.38,1113.5,1135.88
2014-07-29,1138.5,1143.5,1118.25,1122.38
2014-07-30,1120.38,1123.62,1100.12,1102.62
2014-07-31,1101.38,1105.88,1094.25,1098.12
2014-08-01,1094.62,1098.25,1070,1074.38
2014-08-04,1069.62,1095.62,1069.12,1095.12
2014-08-05,1089.88,1089.88,1074.75,1080.62
2014-08-06,1082.12,1096.75,1077.88,1096.62
2014-08-07,1096.75,1101.12,1091.62,1098.88
2014-08-08,1098,1114.12,1097.38,1113.88
2014-08-11,1111.75,1128.62,1105.88,1108
2014-08-12,1109,1114.25,1079.88,1094.75
2014-08-13,1093.5,1102.62,1078.88,1079.5
2014-08-14,1079.38,1098.38,1071.88,1098.38
2014-08-15,1097,1113.75,1090.62,1102.5
2014-08-18,1101.25,1121,1098.88,1114.12
2014-08-19,1111.88,1122.25,1106.75,1118.75
2014-08-20,1118.62,1132.75,1113.75,1120.88
2014-08-21,1121.75,1139.75,1121.62,1136.25
2014-08-22,1137.62,1170.12,1137.5,1166.5
2014-08-25,1035.62,1036.88,1026.12,1029
2014-08-26,1027.62,1030.38,1019.88,1028.12
2014-08-27,1026.62,1034.62,1022.13,1023.12
2014-08-28,1023.38,1032.88,1021.88,1029.25
2014-08-29,1029,1033.88,1021.13,1024.25
2014-09-02,1020.88,1037.88,1020.88,1032.5
2014-09-03,1027.88,1028.62,1012.63,1020.12
2014-09-04,1019.5,1021.13,1001.38,1003.12
2014-09-05,1003.62,1022.38,1003.62,1020.5
2014-09-08,1020.12,1027.88,1006.38,1008.63
2014-09-09,1006.88,1008.63,992.38,992.88
2014-09-10,994.5,998.88,990.12,993.88
2014-09-11,992.88,994.62,970.12,982
2014-09-12,980.38,990.12,979.25,984.75
2014-09-15,976.63,994.38,975.38,987.88
2014-09-16,988.5,999.62,977.12,981.75
2014-09-17,981.12,987.75,977.88,982.88
2014-09-18,982.38,986.38,970.88,971.38
2014-09-19,971.13,971.88,956.25,957.62
2014-09-22,953.25,954.5,934.38,938
2014-09-23,936.62,944.38,931.12,936.88
2014-09-24,934.75,941.88,934.63,936.62
2014-09-25,935.88,941.38,922.62,923.38
2014-09-26,922.88,924.62,910.12,910.62
2014-09-29,907.5,924.12,905.63,922.38
2014-09-30,922.25,929.62,910.12,912.38
2014-10-01,910.88,919.62,904.62,917.38
2014-10-02,916.12,925.38,912.63,925.38
2014-10-03,924.25,927.62,910.88,911.62
2014-10-06,912.38,942.62,912.38,941.63
2014-10-07,940.38,954.88,933.5,941.25
2014-10-08,938.38,949.62,926.88,934.63
2014-10-09,933.75,944.88,932.62,941.88
2014-10-10,939.75,950.62,921.88,923.12
2014-10-13,919.62,950.62,915.88,944.75
2014-10-14,943.88,969.75,943.38,965
2014-10-15,963.12,978.12,951.13,951.5
2014-10-16,949.88,967.38,949.62,967.38
2014-10-17,966.63,972.62,951.38,951.38
2014-10-20,949.88,950.38,936.12,945.38
2014-10-21,943.62,966.63,942.88,965.12
2014-10-22,961.38,982.38,960.5,961.63
2014-10-23,959.38,993.88,956.12,993.38
2014-10-24,991.63,1001.88,977.12,978.38
2014-10-27,978.12,1014.62,973.38,1011.38
2014-10-28,1011.62,1040.75,1006.62,1014.62
2014-10-29,1012.63,1050.25,1011.75,1050.25
2014-10-30,1048.88,1059.12,1029.38,1029.88
2014-10-31,1028.88,1053.88,1016.63,1043.12
2014-11-03,1045.62,1047.62,1026.62,1029.25
2014-11-04,1027.62,1029.88,1004.88,1010.12
2014-11-05,1009.88,1020.88,995.63,1020.12
2014-11-06,1018.62,1040.38,1011.62,1027.88
2014-11-07,1026.25,1038.88,1020.12,1038.88
2014-11-10,1035.12,1053.38,1022.13,1024.12
2014-11-11,1021.25,1071.5,1020.63,1064.25
2014-11-12,1063.5,1086.12,1045.38,1048.75
2014-11-13,1051,1069.62,1044.88,1055.12
2014-11-14,1050.38,1053.12,1021.88,1021.88
2014-11-17,1022.13,1038.38,1015.12,1035.12
2014-11-18,1035.62,1041.88,1021.13,1024
2014-11-19,1024.5,1024.5,1003.88,1005.75
2014-11-20,1005.88,1021.88,1005.12,1021.75
2014-11-21,1020.63,1039.88,1013.88,1039.62
2014-11-24,1035.88,1038.62,1027.5,1035
2014-11-25,1034,1053.75,1033.5,1050.88
2014-11-26,1049.12,1054.62,1038.88,1047.88
2014-11-28,1042.62,1050.88,1013.12,1014.13
2014-12-01,1010.62,1021.88,1006.88,1018.13
2014-12-02,1018.88,1021.88,995.63,995.63
2014-12-03,995.12,999.38,984.12,999
2014-12-04,998.75,1016.38,991.88,1010.62
2014-12-05,1009.75,1040.62,1003.62,1038.62
2014-12-08,1034.88,1049.75,1030.62,1044.12
2014-12-09,1042.38,1049.88,1038.62,1048.62
2014-12-10,1048.38,1060.12,1027.88,1031.88
2014-12-11,1033.75,1048.12,1026.38,1041.38
2014-12-12,1040.25,1053.88,1032.12,1047.5
2014-12-15,1050.25,1054.88,1035.88,1037.25
2014-12-16,1034.62,1038.88,1021.62,1023.25
2014-12-17,1023.88,1033.88,1015.38,1026.25
2014-12-18,1026.88,1039.88,1024.12,1036.12
2014-12-19,1034.38,1035.75,1022.62,1030.38
2014-12-22,1029.5,1041.88,1025.38,1036.75
2014-12-23,1036.5,1048.12,1033.38,1037.12
2014-12-24,1036.12,1041.38,1025.62,1028.62
2014-12-26,1032.12,1047.88,1030.88,1047.12
2014-12-29,1053.5,1067.75,1046.12,1049.62
2014-12-30,1048.62,1055.88,1042.38,1042.62
2014-12-31,1042.88,1047.38,1022.62,1022.88
2015-01-02,1018,1019.88,1007.12,1007.12
2015-01-05,1006.88,1047.25,1006.75,1045.38
2015-01-06,1042.5,1056.88,1039.12,1056.25
2015-01-07,1053.62,1060.62,1048.62,1055.88
2015-01-08,1054.75,1061.62,1047.12,1047.88
2015-01-09,1047.62,1054.38,1044.12,1052
2015-01-12,1049.88,1057.62,1015.62,1016.38
2015-01-13,1016.63,1025.12,1002.12,1004.88
2015-01-14,1005.12,1011,994.38,1011
2015-01-15,1013.25,1019.62,985.38,991.88
2015-01-16,992.12,995.88,983.5,990.62
2015-01-20,983.38,986.5,972.38,982.38
2015-01-21,983.5,990.88,977.62,983.38
2015-01-22,986.12,992.38,975.25,977.63
2015-01-23,978.25,980.38,967.62,972.38
2015-01-26,971.38,984.12,967.12,983.88
2015-01-27,982.25,985.38,972.38,974.88
2015-01-28,973.75,977.62,966.5,970
2015-01-29,969.12,977.62,967.12,968.13
2015-01-30,968.38,972.62,955.12,961.63
2015-02-02,961.12,970.12,956.62,959.63
2015-02-03,959.88,998.88,959.88,985.38
2015-02-04,985.63,990.12,967.62,972.38
2015-02-05,971.13,982.38,969.38,981.25
2015-02-06,983.88,987.12,971.38,974
2015-02-09,974.13,983.13,972.13,979.13
2015-02-10,978.25,984.38,967.12,969.12
2015-02-11,970.38,980.88,966.12,977.88
2015-02-12,977.25,984.88,973.62,983.13
2015-02-13,983,997.62,983,990.12
2015-02-17,992.38,1008.63,992.38,1008.13
2015-02-18,1007.12,1012.12,990.88,996.5
2015-02-19,995.38,1016.63,993.75,1006.88
2015-02-20,1006.38,1009.5,999.12,999.88
2015-02-23,1003,1008.38,994.62,1000.13
2015-02-24,1001.25,1031.88,1001.13,1018.13
2015-02-25,1017.25,1024.38,1004.88,1011.38
2015-02-26,1010.5,1026.88,1008.88,1026.62
2015-02-27,1025.88,1037.88,1022.13,1030.38
2015-03-02,1030.12,1038.88,1011.38,1013.5
2015-03-03,1014.12,1017.88,1002.38,1013.12
2015-03-04,1012.88,1014.25,993.62,995.63
2015-03-05,995.12,997.88,985.12,985.88
2015-03-06,985.25,988,976.88,985.38
2015-03-09,988.38,998.88,986.38,993.25
2015-03-10,992.5,993.88,983.75,984.12
2015-03-11,982.88,997.38,982.62,993.13
2015-03-12,991.5,997.13,985.12,991.63
2015-03-13,990.25,994.12,972.62,974.75
2015-03-16,971.62,977.75,967.5,969.25
2015-03-17,967.62,973,953.88,955.88
2015-03-18,954.75,966.63,953.62,964.13
2015-03-19,971.38,978.88,956.62,962.25
2015-03-20,960.62,979.88,960.12,972.75
2015-03-23,974.75,989.88,973.38,982.62
2015-03-24,983.63,984.75,975.88,982.38
2015-03-25,983.13,987.38,978.12,978.75
2015-03-26,977.12,981.38,972.13,974.5
2015-03-27,973.5,976.38,965.12,967.5
2015-03-30,966.88,976.38,965.12,969.12
2015-03-31,966.63,979.13,958.12,972.62
2015-04-01,973.5,991.63,973.5,989
2015-04-02,988,992.12,981.12,984.75
2015-04-06,985.25,990.12,978.12,978.88
2015-04-07,978.38,983.88,970.12,971.62
2015-04-08,971.38,974.88,967.88,972.13
2015-04-09,971.38,972.13,950.88,954.62
2015-04-10,954.25,958.38,944.75,951.88
2015-04-13,948.25,957.38,946.13,948.62
2015-04-14,948.88,961.38,948.62,960.12
2015-04-15,959.25,976.38,958.88,965.12
2015-04-16,964.38,970.12,955.88,964.88
2015-04-17,965.5,972.38,963.25,967.62
2015-04-20,968,980.88,968,977.38
2015-04-21,975.88,976.88,968.88,974.75
2015-04-22,974.38,976.38,965.38,971.13
2015-04-23,974.25,982.88,972.25,977.88
2015-04-24,979.13,980.88,966.88,969.12
2015-04-27,970,979.62,965.88,973.88
2015-04-28,972.62,987.88,972.38,977.5
2015-04-29,977.88,988.88,973.12,988.63
2015-04-30,987.5,994.62,972.62,977.12
2015-05-01,977.5,978.88,961.88,964.75
2015-05-04,963.88,978.62,962.88,977.12
2015-05-05,975.88,986.62,974.38,985
2015-05-06,984.12,990.38,978.62,982.88
2015-05-07,983.63,984.63,972.62,974.88
2015-05-08,974.62,978.38,969.38,975.13
2015-05-11,976.88,981.88,972.38,974.12
2015-05-12,973.12,981.38,955.12,956.38
2015-05-13,956.62,962.38,954.62,957.38
2015-05-14,958.13,962.12,953.12,957.62
2015-05-15,958.25,961.12,950.38,952.75
2015-05-18,953.75,964.13,950.13,954.88
2015-05-19,953.25,955.88,942.12,946.38
2015-05-20,946.62,947.38,936.62,940.88
2015-05-21,941.38,945.88,937.38,938
2015-05-22,937.38,942.38,923.12,924.88
2015-05-26,923.88,930.38,920.63,922.13
2015-05-27,922.25,931.38,922.13,927.12
2015-05-28,926.5,934.12,922.13,926.5
2015-05-29,926.13,937.38,924.88,934.38
2015-06-01,931.63,934.88,921.62,926.63
2015-06-02,926.38,944.38,925.38,940.38
2015-06-03,941.38,945.63,931.62,935.38
2015-06-04,933.63,948.62,932.38,946.38
2015-06-05,944.75,951.88,935.38,938.63
2015-06-08,938.12,950.88,935.5,944.88
2015-06-09,946.88,954.88,943.38,950.5
2015-06-10,950.75,957.38,944.62,949.38
2015-06-11,948.25,952.88,938.12,941.12
2015-06-12,939.75,946.88,933.38,939.5
2015-06-15,939.88,943.62,930.38,938.5
2015-06-16,939.13,958.63,938.88,958.25
2015-06-17,957.88,971.88,957.88,966.63
2015-06-18,967.25,981.38,962.12,976.75
2015-06-19,975.75,981.38,966.63,971.13
2015-06-22,972.75,989.88,971.88,989.25
2015-06-23,990.38,995.88,978.62,986.88
2015-06-24,987.5,990.38,979.13,981.88
2015-06-25,981.38,1002.5,980.25,998.12
2015-06-26,1000.25,1023.62,997.88,999.62
2015-06-29,991,1007.88,991,994.88
2015-06-30,994.38,1051.12,985.5,1048.25
2015-07-01,1048,1054.75,1033.38,1040.62
2015-07-02,1039.62,1047.12,1028.88,1037
2015-07-06,1032,1032,1016.88,1021.88
2015-07-07,1020.88,1025.62,989.25,993.38
2015-07-08,995.5,1008.13,987.63,994.75
2015-07-09,996.38,1033.62,996.25,1025.88
2015-07-10,1026.25,1048,1022.62,1031.62
2015-07-13,1030.25,1040.25,1021.38,1038.38
2015-07-14,1039.25,1053,1031.5,1034
2015-07-15,1030.62,1034.75,1014.38,1025.88
2015-07-16,1028.12,1038.12,1015.38,1016.5
2015-07-17,1016.75,1021.25,1008.25,1014.25
2015-07-20,1009.5,1012.63,998.25,1008.75
2015-07-21,1010.75,1019.88,1008.25,1019
2015-07-22,1019.13,1027.25,1011.62,1023.12
2015-07-23,1022.25,1028.88,1004.62,1010
2015-07-24,1010.62,1011.38,988.88,990.88
2015-07-27,962.5,962.5,938,938
2015-07-28,942.38,956,941.63,955
2015-07-29,955.88,965.38,949.75,956.5
2015-07-30,957.38,970.12,956.5,965
2015-07-31,965.5,966.5,951.88,953.12
2015-08-03,950.38,953.62,939.75,944.75
2015-08-04,944.12,957,942.75,949.75
2015-08-05,949.5,963.75,948.5,963.38
2015-08-06,962.38,964.88,953.12,955.75
2015-08-07,955.38,976.88,952.25,976.88
2015-08-10,980.38,1009.12,978,1009.12
2015-08-11,1004.38,1004.38,978.88,981.38
2015-08-12,981.75,985,910.5,918.75
2015-08-13,921.63,937.88,920.88,937.63
2015-08-14,937.5,937.5,921.75,924.88
2015-08-17,919.38,933.25,919.38,926.63
2015-08-18,925,929.38,912.63,912.63
2015-08-19,913.12,916.75,899.88,904
2015-08-20,904.75,922.38,898.75,920.38
2015-08-21,920.5,920.75,904.38,906.38
2015-08-24,901.25,906.12,874.38,893.25
2015-08-25,894.13,908.25,886.88,893.75
2015-08-26,892.25,898.12,877,877.62
2015-08-27,880.5,894.25,880.25,885
2015-08-28,888.12,895.5,884.25,893
2015-08-31,884.63,887.88,871.12,887.12
2015-09-01,884.5,886.62,868.62,874.62
2015-09-02,874.38,880.12,865.12,873.62
2015-09-03,875.88,882.38,868.38,869.88
2015-09-04,869.5,875.88,865.38,866.38
2015-09-08,871.88,884.38,871.12,878.62
2015-09-09,875.88,885.62,870.88,872.13
2015-09-10,871.75,879.12,868.62,873.38
2015-09-11,874.75,877.75,855.25,874.38
2015-09-14,876.63,887.88,876.63,883.63
2015-09-15,887.38,894.38,883.38,888.63
2015-09-16,888.5,894.12,883.38,886.62
2015-09-17,886.38,890.38,881.12,884.38
2015-09-18,883.88,886.38,867.12,867.12
2015-09-21,867.62,877.12,865.12,873.62
2015-09-22,871.62,873.38,861.12,862.12
2015-09-23,861.38,869.38,861.38,863.63
2015-09-24,863.38,869.12,858.12,867.62
2015-09-25,869.38,889.88,869.38,888.88
2015-09-28,888.63,891.38,875.75,876.88
2015-09-29,876.63,884.63,873.62,883.75
2015-09-30,883.5,901.75,881.38,891.63
2015-10-01,891.12,899.12,876.88,877.38
2015-10-02,876.62,881.88,868.38,873.88
2015-10-05,874.12,885.88,872.12,883.63
2015-10-06,880.25,895.38,879.5,887.88
2015-10-07,886.75,895.63,886.12,890.75
2015-10-08,889.88,891.62,880.12,880.88
2015-10-09,880.12,896.62,872.5,884.88
2015-10-12,886.12,894.12,885.88,887.38
2015-10-13,886.38,914.62,886.12,912.88
2015-10-14,912.63,919.62,909.38,910.38
2015-10-15,909.12,915.38,904.25,905.25
2015-10-16,904.62,910.38,897.62,898.12
2015-10-19,896.38,900.38,890.88,890.88
2015-10-20,889.88,901.62,889.88,895.88
2015-10-21,896,906.88,894.5,904.88
2015-10-22,905.12,912.88,897.62,898.62
2015-10-23,899,900.88,892.12,895.12
2015-10-26,895.63,899.88,882.62,884.63
2015-10-27,885,894.38,880.38,891.12
2015-10-28,889.62,891.38,882.12,883.38
2015-10-29,881.88,886.38,875.62,880.12
2015-10-30,879.38,887.38,879.13,885.12
2015-11-02,887.75,890.88,878.38,878.62
2015-11-03,879.62,886.62,875.62,878.88
2015-11-04,879.5,886.88,879.12,884.63
2015-11-05,883.5,885.38,863.38,864.88
2015-11-06,866.12,868.25,858.38,867.12
2015-11-09,866.88,871.88,865.88,866.12
2015-11-10,865.38,868.38,850.12,856.12
2015-11-11,857.25,861.38,854.38,861.38
2015-11-12,859.62,864.88,855.12,862.88
2015-11-13,862.12,862.12,854.88,855.63
2015-11-16,854.38,860.12,851.38,859.12
2015-11-17,857.88,864.88,857.88,863.63
2015-11-18,864.13,867.62,852.62,858.13
2015-11-19,858,862.88,852.62,860.12
2015-11-20,858.75,861.12,852.12,858.13
2015-11-23,853.62,865.12,844.38,864.13
2015-11-24,862.75,869.12,861.38,863.12
2015-11-25,863.5,876.88,861.62,875.38
2015-11-27,873.88,877.62,871.13,873.88
2015-11-30,873.62,883.13,870.38,881.62
2015-12-01,881.75,891.63,880.12,889.25
2015-12-02,888.63,894.62,885,892.38
2015-12-03,890.38,897.62,885.12,896.62
2015-12-04,896.88,906.38,892.88,906.38
2015-12-07,905.75,909.63,881.62,882.62
2015-12-08,885.75,886.88,872.88,876.38
2015-12-09,877.5,883.63,869.88,876.38
2015-12-10,877,886.38,873.38,878.38
2015-12-11,878.12,884.12,870.12,870.88
2015-12-14,871.25,877.62,868.13,874.62
2015-12-15,874,877.62,866.63,866.63
2015-12-16,866.88,870.88,856.12,863.12
2015-12-17,859.63,877.88,854.25,877.12
2015-12-18,875.75,893.38,873.38,891.63
2015-12-21,891.12,896.13,887.12,890.88
2015-12-22,889.88,895.12,885.13,885.38
2015-12-23,885.63,888.5,881.13,881.63
2015-12-24,882.5,884.88,875.13,876.75
2015-12-28,874.25,874.25,860.63,862.38
2015-12-29,862.13,871.88,861.13,865.38
2015-12-30,865,872.63,864.13,869.63
2015-12-31,868.88,872.88,863.13,863.63
2016-01-04,863.75,866.63,853.38,856.13
2016-01-05,858.88,864.63,855.63,857.13
2016-01-06,856.88,867.63,852.63,864.63
2016-01-07,864,868.63,858.38,864.38
2016-01-08,865.38,870.38,863.63,865.38
2016-01-11,865.63,869.63,859.63,861.13
2016-01-12,861.75,881,857.38,874.63
2016-01-13,874.38,880.63,871.13,879.88
2016-01-14,878.25,884.38,874.88,882.88
2016-01-15,882.38,882.63,871.25,878.38
2016-01-19,881,887.88,880.63,883.63
2016-01-20,882.13,883.63,870.63,874.38
2016-01-21,874.88,885.63,872.38,878.88
2016-01-22,879.13,886.13,874.88,876.38
2016-01-25,876.5,881.88,870.88,880.38
2016-01-26,879.63,882.13,875.63,876.13
2016-01-27,876,884.88,875.88,883.38
2016-01-28,882.13,884.13,867.38,867.88
2016-01-29,869.13,882.88,867.13,882.38
2016-02-01,881.5,882.63,876.38,880.88
2016-02-02,880.25,889.13,878.38,886.38
2016-02-03,885.38,885.88,874.38,877.13
2016-02-04,877.88,884.13,872.88,874.25
2016-02-05,876.25,878.88,867.38,867.38
2016-02-08,867.25,868.63,861.63,862.88
2016-02-09,863.13,866,859.75,863.38
2016-02-10,862.88,866.13,861.63,861.88
2016-02-11,862.38,874.13,862.38,873.13
2016-02-12,872.63,875.38,868.63,872.63
2016-02-16,876.25,882.63,873.38,880.13
2016-02-17,878.63,885.13,876.88,882.25
2016-02-18,881.88,882.63,878.25,879.88
2016-02-19,879.38,881.38,877.88,878.38
2016-02-22,884.5,890,883.25,883.75
2016-02-23,881.75,882.5,871.25,873.25
2016-02-24,873.5,874.88,869.38,872.38
2016-02-25,872.13,876.38,865.12,865.62
2016-02-26,866.88,869.12,861.88,863.12
2016-02-29,862.88,864.88,860.12,861.12
2016-03-01,861.38,866.38,857.12,858.63
2016-03-02,858.38,864.62,856.12,861.38
2016-03-03,861.12,865.38,857.62,863.63
2016-03-04,863.88,879.13,863.88,878.38
2016-03-07,881.75,887.38,880.63,881.12
2016-03-08,880.12,884.63,875.38,884.38
2016-03-09,883.13,887.88,880.38,885.62
2016-03-10,886.38,889.88,881.62,888.88
2016-03-11,887.88,896.62,887.38,895.38
2016-03-14,893.62,896.88,890.38,896.13
2016-03-15,894.62,895.38,888.63,892.12
2016-03-16,891.63,894.62,886.12,894.62
2016-03-17,895.12,904.38,893.62,896.88
2016-03-18,897.13,904.62,896.13,897.38
2016-03-21,895.38,904.88,892.38,901.63
2016-03-22,901.13,913.88,900.13,910.62
2016-03-23,909.38,912.38,901.63,906.12
2016-03-24,905.12,911.62,902.12,910.38
2016-03-28,911.12,914.62,906.38,909.38
2016-03-29,908.38,916.38,907.12,915.88
2016-03-30,915.12,916.88,909.12,909.12
2016-03-31,908.38,913.88,896.88,912.62
2016-04-01,909.88,917.88,908.38,916.5
2016-04-04,918.12,922.38,912.88,913.38
2016-04-05,912.12,916.38,905.12,905.12
2016-04-06,904.12,909.62,901.12,908.38
2016-04-07,908.62,909.62,903.62,903.88
2016-04-08,904.62,916.12,903.12,916.12
2016-04-11,917.12,929.38,915.88,927.88
2016-04-12,927.38,937.38,925.12,934.62
2016-04-13,938.38,957.38,938.12,955.38
2016-04-14,955.62,959.38,947,949.62
2016-04-15,947.62,957.88,946.62,957.12
2016-04-18,954.12,964.12,949.88,953.38
2016-04-19,953.62,985.75,953.12,985.75
2016-04-20,980.38,1012.12,975.88,1010.12
2016-04-21,1007.5,1034.62,1003,1020.12
2016-04-22,1016.62,1017,979.12,985.38
2016-04-25,994.88,1029.5,986.62,1010.88
2016-04-26,1008.88,1027.88,1001.88,1027.88
2016-04-27,1026.5,1029.62,1011.25,1028.88
2016-04-28,1024.62,1046,1018.12,1027.62
2016-04-29,1023.88,1036.62,1018.38,1029.88
2016-05-02,1028.12,1043.38,1021.12,1043.38
2016-05-03,1043.12,1057.12,1024.12,1029.88
2016-05-04,1026.12,1045.62,1022.25,1033.88
2016-05-05,1035,1047.38,1011.62,1011.88
2016-05-06,1011.75,1033.62,1008.62,1032.88
2016-05-09,1037.12,1043.62,1019.12,1026.62
2016-05-10,1024.88,1090.62,1023.62,1084.62
2016-05-11,1082.38,1090.62,1073.12,1077
2016-05-12,1079.25,1089.62,1063,1070.38
2016-05-13,1070.75,1075.38,1057.88,1064.88
2016-05-16,1060.25,1071.62,1055.88,1065.12
2016-05-17,1064.25,1085.62,1062.88,1079.88
2016-05-18,1080.38,1087.88,1063.88,1075.5
2016-05-19,1073.88,1074.62,1051.62,1070.62
2016-05-20,1074.5,1087.12,1063.5,1075.75
2016-05-23,1077.88,1078.88,1052.12,1059.38
2016-05-24,1058.88,1069.62,1044.12,1055.12
2016-05-25,1057.25,1087.88,1054.88,1084.5
2016-05-26,1085.25,1097.88,1073.5,1080.62
2016-05-27,1075.88,1090.62,1071.88,1085.88
2016-05-31,1088.62,1096.12,1077.5,1077.88
2016-06-01,1075.62,1098.62,1068.62,1098.62
2016-06-02,1102.12,1144.25,1100.88,1144.12
2016-06-03,1142.25,1166.25,1127.62,1131.75
2016-06-06,1144.62,1161.88,1136.12,1136.62
2016-06-07,1132.75,1148.62,1129.12,1142.5
2016-06-08,1142,1188.62,1138.12,1178.12
2016-06-09,1176.88,1184.75,1166.38,1176.62
2016-06-10,1174.88,1206,1169.12,1179
2016-06-13,1194.88,1198.12,1167.38,1168.88
2016-06-14,1166.75,1175.88,1152.62,1169.12
2016-06-15,1167.25,1177.88,1154.62,1156.38
2016-06-16,1154.38,1159.88,1129.12,1134.88
2016-06-17,1133,1159.25,1133,1159.25
2016-06-20,1156.38,1156.75,1140.62,1144.38
2016-06-21,1144.5,1151.5,1129.38,1132.62
2016-06-22,1130.75,1146.75,1126.38,1137.12
2016-06-23,1140.12,1142.38,1123.38,1124
2016-06-24,1125.25,1131.5,1099.62,1100.62
2016-06-27,1102.5,1135.62,1102.5,1128.75
2016-06-28,1128.25,1161.62,1124.62,1146.12
2016-06-29,1148.5,1151.62,1136.75,1139.62
2016-06-30,1139.88,1181,1125.25,1174.25
2016-07-01,1177.25,1178.25,1163.12,1164.12
2016-07-05,1144.75,1144.75,1105.38,1108.38
2016-07-06,1109.25,1114.38,1063.25,1098.38
2016-07-07,1106,1117,1050.38,1051
2016-07-08,1051.5,1084,1045.75,1082.38
2016-07-11,1096.88,1100.62,1074.75,1076.88
2016-07-12,1076.12,1101.88,1072.88,1101
2016-07-13,1109,1134.25,1096.88,1122.38
2016-07-14,1110.25,1140.62,1080,1082.88
2016-07-15,1084,1097.12,1057,1074.12
2016-07-18,1061.62,1081.38,1050.62,1078.88
2016-07-19,1071.38,1078.62,1041.38,1043.62
2016-07-20,1045.88,1056,1025.25,1026.62
2016-07-21,1026,1042.38,1023.88,1032.38
2016-07-22,1035.62,1036.88,985.62,1006.88
2016-07-25,998.5,1002.38,973.75,976.12
2016-07-26,974.62,994,974,985.38
2016-07-27,984.38,1006.88,983.38,999.25
2016-07-28,1005.12,1010.25,988.5,992.5
2016-07-29,994.25,1022.88,984.38,1019.38
2016-08-01,1009.38,1017.38,977,979.88
2016-08-02,976.38,986.38,961.62,970.5
2016-08-03,974.75,985.25,969.25,973.5
2016-08-04,973.38,984.62,968.38,974.38
2016-08-05,976.38,994.5,975.88,987.75
2016-08-08,996.75,1002.25,987.75,1000.38
2016-08-09,1000.75,1014.88,993.5,1005.38
2016-08-10,1006.25,1014.25,989.25,998.25
2016-08-11,1000.12,1007.5,995.62,1001.88
2016-08-12,1001,1007.75,981.25,998
2016-08-15,999.88,1026.75,996.88,1024
2016-08-16,1023.88,1028.25,1012.12,1019.38
2016-08-17,1022,1030.88,1016,1030.12
2016-08-18,1033.5,1034.62,1011.88,1033
2016-08-19,1032.25,1034.88,1016.88,1026.5
2016-08-22,1024.75,1041.12,1023.12,1034.25
2016-08-23,1033.75,1036.75,1026.62,1034.12
2016-08-24,1034.25,1036,1021.75,1030.88
2016-08-25,1026.75,1029,998.75,998.75
2016-08-26,997.38,1001.62,982.88,990.5
2016-08-29,963.75,974,961.25,963.5
2016-08-30,964.75,968.38,946.62,949.38
2016-08-31,952.12,955.62,938.12,941.88
2016-09-01,944.5,948.38,937.12,944.62
2016-09-02,946.12,955.12,946.12,951.38
2016-09-06,954.38,963.62,946.62,959.88
2016-09-07,959.38,977.88,958.38,974.88
2016-09-08,977.38,983.12,970.62,976.38
2016-09-09,976.88,983.12,972.25,981.38
2016-09-12,976.88,989.12,959.12,965.12
2016-09-13,962.62,970.88,942.62,944.88
2016-09-14,943.62,947.88,940.62,942.62
2016-09-15,943.88,952.88,941.38,951.12
2016-09-16,949.25,968.62,945.62,967.62
2016-09-19,970.88,980.88,966.38,970.88
2016-09-20,974.38,993.88,971,989.88
2016-09-21,988.38,990.12,971.62,975.12
2016-09-22,974.88,983,970.38,976.88
2016-09-23,975.5,976.12,952.88,955.88
2016-09-26,952.25,960.12,943.88,945.12
2016-09-27,947.5,953.12,934.12,952.12
2016-09-28,952,955.38,944.75,945.62
2016-09-29,948,957.12,946.12,950.62
2016-09-30,949.38,958.25,944.12,955.25
2016-10-03,952.88,974.62,946.62,973.62
2016-10-04,971.5,971.88,960.38,963.12
2016-10-05,963.88,967.38,950.62,957.38
2016-10-06,957.5,959.62,947.5,958.38
2016-10-07,958.5,973.12,955.62,957.25
2016-10-10,955.12,964.12,950.12,954.88
2016-10-11,953.38,960.62,952,954.62
2016-10-12,953.12,970.88,943.38,945.62
2016-10-13,946,959.38,937.38,956.25
2016-10-14,955.12,974.12,952.12,961.62
2016-10-17,961.88,978.38,961.25,977.12
2016-10-18,977.38,986.88,971.62,972.12
2016-10-19,971.62,981.62,971.12,980.62
2016-10-20,980.38,989.38,973.62,975.62
2016-10-21,977.25,983.88,974.5,981.62
2016-10-24,982.12,999.38,980.12,992.38
2016-10-25,990.38,996.88,981.38,990.88
2016-10-26,989.88,1010.25,989.5,1009.12
2016-10-27,1008.62,1019.88,1002.75,1014.12
2016-10-28,1012.88,1017.38,1000.88,1001.62
2016-10-31,1013.38,1017.88,1006.88,1011.88
2016-11-01,1011.75,1015.88,991.75,993.12
2016-11-02,991.88,995.38,983.38,986.25
2016-11-03,986.38,993.88,985.62,989.62
2016-11-04,989.5,994.38,984.12,990.38
2016-11-07,991.38,1001.62,990.12,998.62
2016-11-08,999.12,1020.38,997.12,1012.12
2016-11-09,1009.5,1017.38,984.38,990.62
2016-11-10,992.25,1018.88,989.12,997.12
2016-11-11,1005.88,1017.88,977.12,986.75
2016-11-14,988.12,989.38,975.62,984
2016-11-15,987,989.88,978.62,988.88
2016-11-16,994.12,997.62,982.88,985.38
2016-11-17,986.88,993.62,981.12,990.12
2016-11-18,988.62,996.38,982.38,993.12
2016-11-21,997.88,1019.75,997.62,1019
2016-11-22,1020.62,1033.12,1017.25,1029.38
2016-11-23,1029.25,1035.38,1017.62,1034.62
2016-11-25,1030.75,1046.25,1030.38,1045.38
2016-11-28,1044.38,1064.88,1042.88,1056.25
2016-11-29,1053.62,1058.62,1039.62,1041.88
2016-11-30,1044.25,1052.62,1032.12,1033.75
2016-12-01,1034.88,1039.88,1022.38,1029.5
2016-12-02,1033.62,1037.38,1026.62,1031.62
2016-12-05,1030.12,1049.62,1027.88,1044
2016-12-06,1043.12,1061.38,1039.38,1047.62
2016-12-07,1047.88,1052.88,1040.12,1048.62
2016-12-08,1047.38,1047.88,1023.62,1027.62
2016-12-09,1025.5,1038.62,1021.38,1036.25
2016-12-12,1041.88,1047.12,1026.62,1030.75
2016-12-13,1031.12,1038.38,1025.62,1027.62
2016-12-14,1027.38,1029.12,1020.88,1023.38
2016-12-15,1024.12,1037.88,1018.62,1028.62
2016-12-16,1030.12,1037.12,1023.12,1035.38
2016-12-19,1031.88,1038.75,1020.88,1022.38
2016-12-20,1023.12,1023.88,1004.12,1005.5
2016-12-21,1006.88,1012.12,1005.12,1005.88
2016-12-22,1007.75,1008.25,993.62,994.62
2016-12-23,995.88,996.62,987.88,989.88
2016-12-27,998.88,1024.6,998.62,1023.6
2016-12-28,1023.4,1028.4,1011.38,1016.4
2016-12-29,1016.1,1024.12,1011.62,1012.1
2016-12-30,1012,1018.1,1002.6,1005.1
2017-01-03,1005.4,1011.62,994.7,996.4
2017-01-04,996.1,1015.4,992.88,1014.1
2017-01-05,1013.4,1015.88,1007.6,1012.4
2017-01-06,1012.62,1014.62,993.6,995.4
2017-01-09,995.12,1005.9,993.6,1004.9
2017-01-10,1002.7,1014.9,997.38,1013.2
2017-01-11,1012.38,1016.4,1001.1,1010.1
2017-01-12,1009.88,1041.1,1006.1,1039.6
2017-01-13,1036.88,1052.62,1033.12,1044.2
2017-01-17,1054.1,1075.12,1052.4,1067.6
2017-01-18,1068.12,1079.9,1062.6,1074.1
2017-01-19,1072.62,1077.1,1066.88,1069.6
2017-01-20,1070.12,1071.12,1060.38,1067.4
2017-01-23,1066.88,1069.38,1055.4,1059.9
2017-01-24,1060.12,1067.9,1051.38,1058.9
2017-01-25,1057.1,1059.9,1050.1,1056.5
2017-01-26,1056.88,1058.62,1045.6,1048.4
2017-01-27,1047.12,1051.9,1043.1,1049.4
2017-01-30,1043.88,1043.88,1019.88,1022.6
2017-01-31,1023.62,1026.62,1019.88,1024.6
2017-02-01,1024.12,1037.4,1017.1,1037
2017-02-02,1037.4,1041.4,1031.62,1036.4
2017-02-03,1036.88,1044.12,1026.4,1026.6
2017-02-06,1027.62,1042.2,1026.62,1037.6
2017-02-07,1038.62,1043.12,1032.2,1041.6
2017-02-08,1041.88,1059.62,1040,1058.4
2017-02-09,1055.6,1061.4,1045.1,1050
2017-02-10,1050.38,1063.12,1047.6,1058.1
2017-02-13,1058.4,1061.62,1050.6,1055.6
2017-02-14,1054.9,1055.88,1042.6,1045.4
2017-02-15,1045.38,1061.4,1040.38,1061.1
2017-02-16,1060.12,1062.62,1042.62,1043.7
2017-02-17,1043.9,1045.88,1031.1,1034.9
2017-02-21,1034.1,1044.4,1026.1,1026.7
2017-02-22,1027.7,1031.6,1022.4,1022.9
2017-02-23,1024.88,1026.9,1010.1,1013.7
2017-02-24,1011.6,1016.1,1009.38,1013.9
2017-02-27,1024.25,1028.88,1017.12,1021.88
2017-02-28,1024.38,1055.88,1023.62,1036.38
2017-03-01,1036.88,1051.88,1035.12,1051.38
2017-03-02,1048.88,1050.88,1032.12,1036.62
2017-03-03,1037.62,1040.88,1029.12,1036.88
2017-03-06,1038.38,1048.38,1035.88,1037.38
2017-03-07,1039.38,1041.62,1022.38,1025.88
2017-03-08,1025.62,1027.62,1018.62,1021.88
2017-03-09,1020.38,1022.62,1006.38,1010.88
2017-03-10,1011.88,1012.62,1003.12,1006.62
2017-03-13,1006.88,1010.12,1003.62,1006.12
2017-03-14,1006.62,1007.88,992.12,999.12
2017-03-15,998.62,1007.62,995.38,997.88
2017-03-16,999.62,1006.62,995.88,1000.88
2017-03-17,1001.62,1004.38,994.62,1000.12
2017-03-20,1003.12,1008.38,998.38,999.88
2017-03-21,1000.62,1007.38,995.12,1001.88
2017-03-22,1000.38,1003.12,994.25,999.38
2017-03-23,999.12,1001.88,990.62,990.62
2017-03-24,990.38,990.88,972.38,975.62
2017-03-27,976.75,978.38,968.38,971.38
2017-03-28,971.62,976.12,971.12,971.88
2017-03-29,970.88,975.88,967.62,968.62
2017-03-30,969.75,969.88,961.12,962.88
2017-03-31,961.38,966.38,944.38,945.88
2017-04-03,947.62,949.12,937.62,937.62
2017-04-04,939.12,942.62,936.88,937.62
2017-04-05,937.88,948.38,937.88,943.62
2017-04-06,944.88,946.38,940.12,940.88
2017-04-07,938.62,944.88,937.38,942.38
2017-04-10,944.12,948.88,940.12,941.88
2017-04-11,941.62,944.88,929.88,940.12
2017-04-12,942.88,951.25,941.38,947.62
2017-04-13,946.88,959.12,946.88,955.62
2017-04-17,959.38,961.88,951.62,953.12
2017-04-18,952.38,954.88,940.12,945.62
2017-04-19,946.62,954.38,942.75,951.12
2017-04-20,950.12,955.38,946.12,946.62
2017-04-21,945.62,952.62,945.12,950.88
2017-04-24,960.75,971.88,960.75,971.88
2017-04-25,969.38,971.12,964.88,965.38
2017-04-26,965.12,968.38,955.38,956.75
2017-04-27,957.12,961.25,954.38,957.62
2017-04-28,956.88,958.62,952.5,957.12
2017-05-01,961.88,974.38,958.88,970.62
2017-05-02,969.12,978.38,965.38,969.12
2017-05-03,968.88,976.38,967.38,974.88
2017-05-04,975.88,979.88,969.62,973.38
2017-05-05,974.38,982.88,968.12,973.12
2017-05-08,971.88,974.62,963.62,965.62
2017-05-09,965.38,977.12,963.62,973.88
2017-05-10,974.38,985,966.88,969.25
2017-05-11,970.88,975.62,963.12,966.12
2017-05-12,964.62,967.38,960.88,962.88
2017-05-15,963.12,972.88,962.62,965.12
2017-05-16,965.38,976.62,963.88,976.38
2017-05-17,975.62,980.5,973.62,975.88
2017-05-18,970.88,970.88,942.88,944.62
2017-05-19,945.12,956.12,944.88,953.12
2017-05-22,955.38,960.88,954.38,956.38
2017-05-23,956.12,959.12,947.12,948.38
2017-05-24,948.88,951.88,943.12,948.12
2017-05-25,947.62,952.12,939.12,939.38
2017-05-26,939.88,940.88,925.88,926.38
2017-05-30,927.62,928.38,910.62,912.62
2017-05-31,915.88,920.12,909.62,915.88
2017-06-01,916.38,920.62,911.88,911.88
2017-06-02,912.38,923.88,910.88,920.62
2017-06-05,925.12,926.12,917.88,921.62
2017-06-06,920.88,933.88,920.12,923.12
2017-06-07,925.12,934.38,924.88,930.88
2017-06-08,931.12,944.62,930.88,937.88
2017-06-09,936.62,943.88,933.38,941.38
2017-06-12,941.62,942.62,930.38,930.88
2017-06-13,933.62,941.38,931.88,932.88
2017-06-14,932.12,938.88,931.12,931.88
2017-06-15,931.38,938.38,925.62,934.62
2017-06-16,936.12,942.12,932.12,939.38
2017-06-19,935.88,947.38,933.88,937.62
2017-06-20,937.38,940.62,926.12,927.62
2017-06-21,928.62,932.38,917.12,918.88
2017-06-22,919.88,920.62,903.12,903.88
2017-06-23,907.12,908.88,900.38,904.38
2017-06-26,908.5,916.38,908.38,911.88
2017-06-27,914.12,922.12,913.62,915.88
2017-06-28,916.38,922.12,915.88,918.62
2017-06-29,919.38,932.38,919.25,920.62
2017-06-30,920.38,950.38,917.62,948.38
2017-07-03,956.62,980.62,956.38,971.88
2017-07-05,985.38,985.38,969.5,982.38
2017-07-06,982.88,987.38,973.88,986.62
2017-07-07,984.38,1003.38,982.62,1001.12
2017-07-10,1013.38,1029.38,1013.38,1024.88
2017-07-11,1027.88,1032.38,1008.12,1029.38
2017-07-12,1026.75,1031,1010.5,1020.75
2017-07-13,1015,1015.75,974.5,975.5
2017-07-14,976.25,992,972.25,989
2017-07-17,989,995,981.75,985
2017-07-18,997.25,1004.25,985.75,989.5
2017-07-19,990.25,1004.75,984.5,999.75
2017-07-20,999,1017.25,995,1013.25
2017-07-21,1011.25,1013.25,1001.75,1009
2017-07-24,1000.25,1000.5,985.75,997.5
2017-07-25,1012,1022.75,981,981.5
2017-07-26,980,991,973.25,988.75
2017-07-27,991.75,1000.75,987.5,994.75
2017-07-28,992.75,1007.5,989.75,1000.75
2017-07-31,996,1001.5,987.5,999.5
2017-08-01,989.25,992.75,962.25,964.25
2017-08-02,964.75,973.75,963.25,970.75
2017-08-03,969,969.5,949,954
2017-08-04,954,959.5,949.75,952.25
2017-08-07,957.75,966.5,955,964
2017-08-08,966,973.75,963.75,967
2017-08-09,967,971.25,960.25,966
2017-08-10,966,981,932,934
2017-08-11,934.5,939.5,930.25,938.25
2017-08-14,931.25,934,925,932.75
2017-08-15,932.75,934.25,920.25,921.75
2017-08-16,921.25,925.25,917.25,921.75
2017-08-17,924,931.75,922,930.25
2017-08-18,929.75,939,927.75,937.5
2017-08-21,935.25,936,930.25,932.5
2017-08-22,931.25,938.5,927.75,933.75
2017-08-23,940.25,943.25,929,935
2017-08-24,934,942.75,932.25,941.25
2017-08-25,939.5,941.75,937.25,939
2017-08-28,942.5,950.5,938,941.25
2017-08-29,940.25,943.75,934.5,937.25
2017-08-30,936.5,941,931.5,933.25
2017-08-31,932.5,948.75,932.25,945.25
2017-09-01,945.25,952,943,949.5
2017-09-05,953.75,973.5,952.25,968.5
2017-09-06,967,976.75,964.75,971
2017-09-07,971,977.5,965.75,968.75
2017-09-08,968,976.75,961.5,962
2017-09-11,964,968.5,956.75,960
2017-09-12,960.75,965.5,937.5,950.5
2017-09-13,950,963.25,946.75,960.5
2017-09-14,961,978.25,960.25,976
2017-09-15,975.5,977.75,967.25,968.75
2017-09-18,966.25,976.5,966,967.75
2017-09-19,968.5,971.75,958.5,965.5
2017-09-20,966,974,964.75,970
2017-09-21,969.5,973,963,970.75
2017-09-22,970,987,969,984.25
2017-09-25,983.5,985.75,971,971.25
2017-09-26,971.25,974.25,962.5,963.5
2017-09-27,963.5,968.5,958,965.5
2017-09-28,965.25,966,957.5,959.5
2017-09-29,959.25,976,955.25,968.25
2017-10-02,967.5,968,956.25,957.25
2017-10-03,956.75,961.25,952.5,955.25
2017-10-04,955.25,961.75,952.75,958.25
2017-10-05,958.25,971,957.75,968.25
2017-10-06,968,973.75,963.5,972.25
2017-10-09,974.5,977,965.25,966.75
2017-10-10,966.25,975.75,964.25,966
2017-10-11,965.5,967.5,963.5,965.25
2017-10-12,965,997.75,959,992
2017-10-13,991,1003.25,990.25,1000.25
2017-10-16,998,999,990.25,991
2017-10-17,990,990.5,982.5,984.75
2017-10-18,984.75,988.5,981.75,984.25
2017-10-19,983.75,989,983,986.5
2017-10-20,985.25,994.25,978,978.75
2017-10-23,977,982.75,975,980.75
2017-10-24,980,983,972.75,975.5
2017-10-25,975.75,983.25,975.25,975.5
2017-10-26,975.5,978.75,970.25,971.25
2017-10-27,971,976.5,969.75,975.25
2017-10-30,986.5,993.25,983,984.5
2017-10-31,984.5,988.5,982,984.75
2017-11-01,984.75,995,983.75,991.25
2017-11-02,990.25,1000.5,990,999.25
2017-11-03,999,999,985.75,986.75
2017-11-06,987.25,995.75,985,994
2017-11-07,994,998.75,991.25,996
2017-11-08,996,999.5,994.75,998.5
2017-11-09,998.25,1008.25,983.5,985
2017-11-10,985.5,991,983.75,987
2017-11-13,987,990.25,973.75,974.25
2017-11-14,974.75,977.5,967,967.75
2017-11-15,969,978,968,976.25
2017-11-16,976.5,978.25,970.25,972
2017-11-17,972.75,992,971.5,990.5
2017-11-20,990,992,983,990
2017-11-21,990,991.25,986.25,989
2017-11-22,988,999.38,987.62,997.38
2017-11-24,995,999.75,991,993.25
2017-11-27,993.75,1001.5,990.5,996
2017-11-28,996,996,987.5,993
2017-11-29,993.25,996.5,989.25,992.5
2017-11-30,992.75,993,985,985.75
2017-12-01,985.75,995.75,985.5,994.25
2017-12-04,998.25,1008.5,996.75,998.5
2017-12-05,998.5,1015,997.5,1008.5
2017-12-06,1008,1014.25,995,1002.75
2017-12-07,1003.5,1006.5,988.25,992
2017-12-08,991.75,996.5,986,989.75
2017-12-11,989,989,981.5,982.5
2017-12-12,981.75,986.25,975,975.75
2017-12-13,976,981.5,976,979.25
2017-12-14,979.5,981,966.5,967.75
2017-12-15,968,972.25,964,967.25
2017-12-18,970.5,970.5,957.25,961.5
2017-12-19,962.25,964,955,956
2017-12-20,955.75,960,952.75,954
2017-12-21,953.5,956.75,947.5,948.75
2017-12-22,948,952,946.5,949.5
2017-12-26,963,974,963,970.5
2017-12-27,970,976,965.5,967.5
2017-12-28,966.75,967.75,955,956.75
2017-12-29,955.5,963.5,954.75,961.75
2018-01-02,967.5,970,958.75,964.75
2018-01-03,965.75,970,963.5,968.75
2018-01-04,968.5,969,959.25,967.75
2018-01-05,968,977,967.5,970.75
2018-01-08,969.75,971.5,960.5,966.75
2018-01-09,966.75,968.5,961,963.75
2018-01-10,962.75,963.5,951.75,955
2018-01-11,954,957.5,949,950
2018-01-12,948.25,962.75,944.5,960.5
2018-01-16,965,970,963.25,968
2018-01-17,966.25,969.25,961.25,968.75
2018-01-18,968.75,974.75,966.5,973
2018-01-19,972.5,982.75,972,977.25
2018-01-22,980.5,987.25,980,984.25
2018-01-23,983,988.75,979.5,986.25
2018-01-24,985.75,994.75,980.25,992.25
2018-01-25,992,1002,987,992.25
2018-01-26,990.25,995.5,983.75,985.5
2018-01-29,992.25,998.75,986.25,991.5
2018-01-30,994.5,1004.75,988.25,1000.25
2018-01-31,1000,1002,989,995.75
2018-02-01,995.25,995.5,977.5,985
2018-02-02,985.75,986.25,977,978.75
2018-02-05,976.25,977.5,969.5,969.75
2018-02-06,969.75,987.5,967.75,986.25
2018-02-07,988.75,993.75,982,983
2018-02-08,983.25,996,977.75,987.75
2018-02-09,987.5,989.75,979.75,983
2018-02-12,995.5,1004.25,989,1001.75
2018-02-13,1001,1013.5,998.75,1011.75
2018-02-14,1011.25,1019.5,1006,1017.25
2018-02-15,1016.5,1024.75,1015.5,1024.25
2018-02-16,1023.5,1028.25,1012,1021.5
2018-02-20,1031.5,1039,1024.5,1026.5
2018-02-21,1027.75,1038.25,1019.25,1034.25
2018-02-22,1034,1037,1027.25,1032
2018-02-23,1031,1039.5,1028,1036.25
2018-02-26,1054,1059.5,1045.75,1046
2018-02-27,1046.25,1056,1043.75,1049.5
2018-02-28,1049,1059,1045.75,1055.5
2018-03-01,1053.75,1068.75,1050.75,1068
2018-03-02,1067.75,1082.5,1063.75,1071
2018-03-05,1074.25,1079.25,1066.5,1077.5
2018-03-06,1077,1077.75,1070.25,1074.75
2018-03-07,1073.25,1077.25,1063,1065.25
2018-03-08,1063,1069.25,1056.5,1064
2018-03-09,1063,1065,1036.5,1039.25
2018-03-12,1036,1045,1032,1041
2018-03-13,1041.5,1052,1041.25,1048.75
2018-03-14,1048.5,1054,1031,1032.25
2018-03-15,1031,1046.25,1027,1040.75
2018-03-16,1042,1050,1040.75,1049.5
2018-03-19,1045.25,1045.5,1021.75,1022.5
2018-03-20,1022.25,1029.75,1022.25,1028.25
2018-03-21,1029.5,1037.25,1024.75,1029.75
2018-03-22,1032,1035.5,1022.25,1029.75
2018-03-23,1026.5,1034.25,1009.25,1028.25
2018-03-26,1026.25,1040.25,1025,1025.5
2018-03-27,1027,1031.25,1017.25,1019.5
2018-03-28,1019.5,1023.25,1015,1018
2018-03-29,1019.5,1050.75,1012.5,1044.75
2018-04-02,1045.25,1060.5,1035.25,1035.5
2018-04-03,1036.25,1048.75,1035.75,1038
2018-04-04,1038.75,1041.75,983.5,1015.25
2018-04-05,1015.5,1034,1011.75,1031.25
2018-04-06,1003,1037.25,1003,1033.75
2018-04-09,1038.25,1056.75,1037.5,1047
2018-04-10,1045.5,1064,1045,1050
2018-04-11,1050.75,1058.75,1047.25,1047.75
2018-04-12,1047.75,1061.75,1047.25,1060.75
2018-04-13,1060.25,1067.25,1051.5,1054.25
2018-04-16,1054.25,1058.75,1041.5,1042
2018-04-17,1043.25,1049.25,1040,1046
2018-04-18,1046.25,1052.5,1039,1041.75
2018-04-19,1041.75,1044.75,1032.75,1037.25
2018-04-20,1037,1038.5,1027.75,1028.75
2018-04-23,1027.5,1033.25,1017.25,1020.75
2018-04-24,1020.75,1026.25,1016.25,1022.25
2018-04-25,1022.25,1033.25,1020.5,1027.5
2018-04-26,1027.25,1034.5,1024,1028
2018-04-27,1028.5,1046.75,1019,1045
2018-04-30,1057.25,1067.5,1047,1048.5
2018-05-01,1048.75,1055.5,1041,1053.25
2018-05-02,1053.25,1054.75,1039.25,1043
2018-05-03,1043,1055.5,1034,1053.25
2018-05-04,1052.75,1052.75,1036.25,1036.75
2018-05-07,1034.75,1040,1010.75,1011.5
2018-05-08,1013.5,1023.5,1011.25,1020.25
2018-05-09,1020.75,1024.25,1011.25,1015.75
2018-05-10,1017.5,1033.75,1014.25,1021.25
2018-05-11,1021,1022.5,1002,1003.25
2018-05-14,1001.75,1026,1001.75,1017.75
2018-05-15,1017.25,1025.25,1005.25,1018.75
2018-05-16,1017.75,1018.5,998.75,999.75
2018-05-17,1001,1007.5,992.5,995
2018-05-18,995.75,1007.75,992.75,998.5
2018-05-21,1017.5,1027,1011.5,1025.25
2018-05-22,1022,1036,1020.25,1030.5
2018-05-23,1030.5,1039.75,1027.75,1039.25
2018-05-24,1039.75,1050.75,1035.5,1035.75
2018-05-25,1036.75,1044,1035.5,1041.5
2018-05-29,1045.25,1049.5,1028,1030.5
2018-05-30,1030.5,1031.75,1014.75,1023
2018-05-31,1023,1030.75,1013.5,1018.5
2018-06-01,1019.25,1026.5,1015,1021.25
2018-06-04,1013.25,1014.5,1001.25,1001.75
2018-06-05,1002.25,1006.75,997.25,1001.25
2018-06-06,1004.5,1008.25,993.75,994.25
2018-06-07,995,998.25,973,974.25
2018-06-08,974.25,976.25,962.5,969.25
2018-06-11,966.75,972.25,953.25,953.75
2018-06-12,956.5,963.25,952,954
2018-06-13,954,958.5,934.25,936
2018-06-14,933.75,937.75,924,927.25
2018-06-15,926.25,929.75,903,905.5
2018-06-18,905.5,914,897.25,908.5
2018-06-19,905,905.75,841.5,889
2018-06-20,890.75,896,877,889.5
2018-06-21,889.5,891.25,878.25,880.5
2018-06-22,879.25,897.5,878.75,894.5
2018-06-25,902,904.25,876.75,880
2018-06-26,878.5,886.25,868,873
2018-06-27,874,883.5,871,873
2018-06-28,871.25,875,865,866.75
2018-06-29,867,881.75,862.5,863.5
2018-07-02,864.25,868,850.5,853.5
2018-07-03,855.5,857.5,846.75,848
2018-07-05,847,850.75,837.75,839.25
2018-07-06,838.75,880.75,837,877.5
2018-07-09,877,879.75,850.5,855.75
2018-07-10,855.5,865,846.75,855.75
2018-07-11,848,850.5,831.75,833
2018-07-12,835,841.25,822.25,833.75
2018-07-13,834.75,838,811.75,818.75
2018-07-16,818.5,838,810.5,829.5
2018-07-17,833.25,843.5,830,839.5
2018-07-18,839,847.5,834.75,842.25
2018-07-19,842,846.75,836.75,846
2018-07-20,846,853.25,841.25,849.75
2018-07-23,853.25,854.75,847.25,847.75
2018-07-24,844,862.75,842.5,858
2018-07-25,860,863,852,860.75
2018-07-26,870,881,858.25,861.25
2018-07-27,858.25,874,858.25,870.5
2018-07-30,883.5,886.25,876,880.75
2018-07-31,880.75,912,878.5,908.75
2018-08-01,903,904.5,889.25,891.5
2018-08-02,886.75,893,875.5,887
2018-08-03,888,893,873.25,891.5
2018-08-06,890.5,892.5,877,882.75
2018-08-07,887.25,897.5,885.75,895.25
2018-08-08,892.25,903,888,899.75
2018-08-09,899.25,903.5,891.25,893
2018-08-10,892.5,893,849.5,850.75
2018-08-13,848.5,859.25,839.75,857.25
2018-08-14,854.25,869.25,852.75,868.25
2018-08-15,867.75,872.5,856.5,857.5
2018-08-16,859.75,888.25,854.5,885.5
2018-08-17,884.75,887.5,871,881.5
2018-08-20,900.25,907,891.75,893.25
2018-08-21,887.5,894.75,884.75,886
2018-08-22,885,885.25,869,870.25
2018-08-23,869.25,873.75,853.75,854
2018-08-24,853.5,860.75,853.5,855.25
2018-08-27,851.5,853.5,838.25,848.25
2018-08-28,847,850.5,833,833.25
2018-08-29,833.75,843.75,832,836
2018-08-30,835.5,844.75,829,831.5
2018-08-31,828.75,846.75,828.75,843.5
2018-09-04,845.5,851.5,836.75,844.25
2018-09-05,844.5,849.25,837.25,838
2018-09-06,838.25,842.75,834.75,839.25
2018-09-07,839,847,835.25,844
2018-09-10,841.75,851.25,840.5,845.25
2018-09-11,845.5,849.5,830.75,831.75
2018-09-12,831,845,821.25,840
2018-09-13,838.75,846.25,832,833.25
2018-09-14,833.75,838,829.5,830.5
2018-09-17,827.5,829.75,821.5,823.5
2018-09-18,821,825.25,812.25,814
2018-09-19,813.75,831.75,813.25,830
2018-09-20,830,855,825.25,850.25
2018-09-21,846.25,849.75,841.25,847.25
2018-09-24,844,845.25,838.25,841
2018-09-25,841.25,858,837.25,845.75
2018-09-26,846.25,854,845.75,850
2018-09-27,848.25,859,846.5,855
2018-09-28,854.25,859.25,842,845.5
2018-10-01,845.5,864,843,857.75
2018-10-02,856.75,867.25,853,866
2018-10-03,866,870.25,860.5,861.5
2018-10-04,860,868.5,858.5,859.25
2018-10-05,860,870.25,851.5,869
2018-10-08,870,874.75,862.5,869.75
2018-10-09,869.75,872.5,859.25,863
2018-10-10,863,864.75,847.25,852.25
2018-10-11,852,864,847,858.25
2018-10-12,859.5,868,858.5,867.5
2018-10-15,867,892,863.5,891.5
2018-10-16,891.25,891.25,879.25,884.75
2018-10-17,883.5,889.75,882,885.75
2018-10-18,882.25,883.75,862.75,863.5
2018-10-19,865.25,866.25,856.25,856.75
2018-10-22,855.75,863,855.5,858.5
2018-10-23,857.5,862.75,851,857.5
2018-10-24,855.75,856.75,850,850.25
2018-10-25,850,851,840,841.75
2018-10-26,842,849.25,841,845
2018-10-29,858,865.5,850.5,852.25
2018-10-30,852.25,855,845.75,847
2018-10-31,846,855,844.5,851.75
2018-11-01,850.25,888.5,845.75,882
2018-11-02,880.5,900.75,878.75,887.75
2018-11-05,889,893,881.75,885.75
2018-11-06,884.5,889,878.25,884.25
2018-11-07,884.25,888.5,876.75,879.5
2018-11-08,879.25,884,864,879
2018-11-09,877.75,888.75,874,886.75
2018-11-12,885.5,887.25,879.5,883.25
2018-11-13,882.25,890.75,877.25,878.25
2018-11-14,879,887.25,879,883.5
2018-11-15,884.25,897.5,883.75,888.75
2018-11-16,889.75,894.75,881.75,892.25
2018-11-19,892,892.25,871.25,873.75
2018-11-20,874.25,885.75,870.5,881
2018-11-21,882,889,876,883
2018-11-23,881.25,884.5,880,881
2018-11-26,881,883,857,862.25
2018-11-27,862.5,880,858.25,875.5
2018-11-28,876.25,895,874,890.5
2018-11-29,890,894.5,882.5,887.25
2018-11-30,887.25,896.5,886,894.75
2018-12-03,919.75,923.75,904.5,905.75
2018-12-04,903.25,913,899.5,911.75
2018-12-05,910,916.75,908.5,913.5
2018-12-06,911.5,912.25,897,909.5
2018-12-07,910,918,907.5,916.75
2018-12-10,912,916.5,908.5,909.75
2018-12-11,907.75,917.25,906,915
2018-12-12,916,928,915.25,920
2018-12-13,918.75,920,905.25,907
2018-12-14,907.25,910,900,900.5
2018-12-17,900.75,909.25,900.25,904.75
2018-12-18,902.75,912.25,902.75,907.75
2018-12-19,907,909.75,899.25,900
2018-12-20,900,905.5,892.75,893.5
2018-12-21,891.5,894.75,883.25,884.75
2018-12-24,883.25,886.5,879.5,884
2018-12-26,885,888.75,869.5,870
2018-12-27,870.75,876,867,869
2018-12-28,870.5,886.25,870,882.75
2018-12-31,898.5,902,892,895
2019-01-02,894.25,910.5,893,907
2019-01-03,906,913.5,904.25,912.75
2019-01-04,910.5,922.5,910,921.5
2019-01-07,921,927.75,920.75,924.25
2019-01-08,923.25,925.75,914.5,918.5
2019-01-09,918.5,926.5,917.5,924
2019-01-10,923.25,924.25,905.75,906.75
2019-01-11,907,912.25,906.75,910.25
2019-01-14,910,911,901.5,903.5
2019-01-15,904.25,908,892.5,893.25
2019-01-16,895.5,900,891.25,894.5
2019-01-17,895.5,912,894.25,907.75
2019-01-18,908.25,920.25,905.75,916.75
2019-01-22,916.5,919.5,899.5,909.25
2019-01-23,911,918.25,910.5,915
2019-01-24,915,919.5,909.25,916
2019-01-25,915.75,926.25,913,925.25
2019-01-28,923.5,925,915.75,923.25
2019-01-29,921.75,922.25,916.75,919
2019-01-30,919,924,917.25,921
2019-01-31,919.5,926.75,913.25,915.25
2019-02-01,921,931.25,917,917.75
2019-02-04,917,923.75,915.5,918.5
2019-02-05,917.75,921,913.5,920.25
2019-02-06,920,922.5,917.5,921.75
2019-02-07,919.5,921.5,910.5,913.25
2019-02-08,913,918,908,914.5
2019-02-11,914.75,918.75,903.5,905
2019-02-12,905.5,919.75,905.5,917.5
2019-02-13,916.75,920,913.75,916.5
2019-02-14,915.75,918.25,903,903.5
2019-02-15,905.25,909.75,901.25,907.5
2019-02-19,907.25,911.25,894.75,900.75
2019-02-20,902,905,893.25,902.5
2019-02-21,902.75,916.75,900,911
2019-02-22,910.25,914.75,907.5,910.25
2019-02-25,931.25,934.5,923.75,925
2019-02-26,923,923.75,912.25,917
2019-02-27,917,923.25,913.5,916.75
2019-02-28,916,918.25,909.75,910.25
2019-03-01,909.5,918,900.5,911.5
2019-03-04,914.75,924.75,913,916
2019-03-05,916.5,918.5,909,913.75
2019-03-06,913.5,916.25,901,902
2019-03-07,902.75,907.5,898.25,902.5
2019-03-08,900.75,904.5,892.25,895.75
2019-03-11,898,899,889.5,890
2019-03-12,890,899.75,887.75,897
2019-03-13,896,903.25,892.25,901
2019-03-14,901,906.25,895.5,898.5
2019-03-15,899.25,911,898.25,909.25
2019-03-18,910,911.5,901.75,905.75
2019-03-19,905.5,909.5,900.25,904
2019-03-20,902.75,906.5,899.25,906
2019-03-21,906,912,903.5,910.5
2019-03-22,909.75,912,903,903.75
2019-03-25,904.5,908.25,901.5,906.5
2019-03-26,905.5,907.5,899.5,900.75
2019-03-27,900.25,900.75,886,887.5
2019-03-28,888,891.75,886.5,889.5
2019-03-29,888.75,892.75,883,884.25
2019-04-01,884,899,883.75,895.5
2019-04-02,895.75,901.25,892.5,900
2019-04-03,899.25,903,894.75,898.75
2019-04-04,898.25,907.25,897,906.5
2019-04-05,904.5,904.75,896.25,899
2019-04-08,899,903.5,898,898.75
2019-04-09,898.25,902.25,894.75,898.75
2019-04-10,898.75,903.75,897.25,902
2019-04-11,901.25,904,893.5,895.25
2019-04-12,895,898.5,893.75,895.25
2019-04-15,895,902,894.75,898.75
2019-04-16,898.25,899,886.25,888
2019-04-17,887.75,890.5,878.5,879
2019-04-18,878.75,882,876.5,880.5
2019-04-22,881.5,883.25,876.25,877
2019-04-23,877,878.75,860.75,862
2019-04-24,862,865.25,854.5,855.25
2019-04-25,854.75,862.75,853.5,859.25
2019-04-26,858.5,859.75,852.5,853.75
2019-04-29,868.25,873,860.5,860.75
2019-04-30,861.25,864.5,851.25,854
2019-05-01,853.75,857.75,844.25,851.75
2019-05-02,853,853.75,842,843.25
2019-05-03,844,848,840.5,842.25
2019-05-06,828,834,816.75,830.25
2019-05-07,829,836.25,827,830.75
2019-05-08,830.75,835,824.75,827.25
2019-05-09,826.25,826.5,806.5,812.75
2019-05-10,812.75,818.75,806.25,809.25
2019-05-13,805,807,791,802.5
2019-05-14,806,838,805.5,831.5
2019-05-15,832,848.25,827,835.5
2019-05-16,834,845,834,839.75
2019-05-17,840.75,841.75,820.5,821.75
2019-05-20,828.25,838.75,824.75,831.75
2019-05-21,842.75,846.5,819,822
2019-05-22,819.5,835,819,828.5
2019-05-23,828.5,834,817,821.5
2019-05-24,821.5,831.5,820,829.75
2019-05-28,840,858.25,837.5,856
2019-05-29,866,892.75,863.5,872
2019-05-30,871.5,889.5,863.5,889
2019-05-31,889,890.75,876.5,877.75
2019-06-03,875.75,886.5,873.5,879
2019-06-04,891.25,894.5,878.5,881.75
2019-06-05,882,882.75,868.25,869.75
2019-06-06,869.75,872.25,857.75,868.75
2019-06-07,868.75,871.5,855,856.25
2019-06-10,853.75,866,848.25,858.5
2019-06-11,855.5,863.5,850.25,859.25
2019-06-12,857.25,883.25,853.25,878
2019-06-13,878,888.75,877.75,888
2019-06-14,887.5,898.25,885.25,896.75
2019-06-17,901,914,900.75,912.75
2019-06-18,918.25,921.5,902.75,913.5
2019-06-19,912.5,913.5,901.5,903.25
2019-06-20,901.25,917.5,896.5,915.5
2019-06-21,915,917.25,902.5,902.75
2019-06-24,908,917,905.5,914.75
2019-06-25,920.5,923,905.75,908.75
2019-06-26,906.75,907.5,899,899.75
2019-06-27,899,904,889.5,893.75
2019-06-28,893.75,912,893,904.5
2019-07-01,915.5,915.75,888.25,889.75
2019-07-02,891,894.5,879.25,879.75
2019-07-03,880,890.25,877,889.75
2019-07-05,889,889.5,874.5,876
2019-07-08,901.75,902.5,891.75,897.75
2019-07-09,898.25,904.75,890.25,904.25
2019-07-10,904.75,913.5,899.25,912.75
2019-07-11,911.75,917.75,905.5,917.25
2019-07-12,917.5,932.25,913.25,931.5
2019-07-15,934,936.5,918.5,920
2019-07-16,918,918.25,902.5,906
2019-07-17,905.5,912.5,899.5,900.5
2019-07-18,898,903.5,893,899
2019-07-19,899.5,924,897.25,919.25
2019-07-22,920,922,905,905.75
2019-07-23,906.5,910.25,898.75,903.75
2019-07-24,904,912.75,901.5,908.25
2019-07-25,908.5,913.5,898,899.75
2019-07-26,901.25,907,898.5,901
2019-07-29,899.75,909,899.25,904.25
2019-07-30,903.5,905.25,889.5,896.75
2019-07-31,894.5,900,880,881.5
2019-08-01,880.75,882,860,865.25
2019-08-02,867.5,872.25,862.75,868.5
2019-08-05,870.25,874.5,854.5,868.75
2019-08-06,866,872.75,864.75,865.75
2019-08-07,865.75,869.5,862,866.75
2019-08-08,867,884.75,865,883
2019-08-09,883.5,894.5,881.75,891.75
2019-08-12,891.75,893,876,879.25
2019-08-13,879.25,896.75,875.5,889
2019-08-14,889.75,893.5,877.25,878
2019-08-15,879.25,885,870.25,870.75
2019-08-16,871,880.75,870.75,879.75
2019-08-19,874.75,877.75,864.5,866.5
2019-08-20,869,874.75,865.75,868.25
2019-08-21,868.25,876.5,866.75,873
2019-08-22,873,882,867.75,868.75
2019-08-23,868.25,872,855,856.5
2019-08-26,855,870.5,855,867.25
2019-08-27,865,866,856,859.25
2019-08-28,859.25,867.75,852.5,865.75
2019-08-29,865.5,873,865.25,868.5
2019-08-30,868.5,877.75,867,869
2019-09-03,866.25,869.25,859.25,868.5
2019-09-04,867.25,879.5,864.25,875.5
2019-09-05,875.25,878.75,858.25,861.5
2019-09-06,862.75,866.5,856,857.75
2019-09-09,857.75,861,851,857.75
2019-09-10,859.25,874.75,857.25,872
2019-09-11,872,873.5,864,866.5
2019-09-12,871,896,869,895.5
2019-09-13,894.5,903.5,893,898.75
2019-09-16,903.25,904.75,894.25,900
2019-09-17,900,900,888.25,893.75
2019-09-18,895.25,897,886.75,888.75
2019-09-19,889.25,895,886.25,893
2019-09-20,893,893.5,880.75,882.75
2019-09-23,882.75,899.25,882.75,892.5
2019-09-24,892.5,899,890.5,894.25
2019-09-25,894,897.75,885.25,889.25
2019-09-26,888,895.5,886.75,888.5
2019-09-27,887.75,889.25,881.5,883
2019-09-30,884.75,906.75,883.75,906
2019-10-01,904,920,903.25,919.5
2019-10-02,917.25,918.75,911.75,913.75
2019-10-03,913,918.5,908,911.75
2019-10-04,911,921.25,909.5,916.25
2019-10-07,916.5,919.5,911.5,915.25
2019-10-08,915,923.75,910.5,920.5
2019-10-09,918.5,931.5,918.25,923.75
2019-10-10,919.5,934,918.75,923.5
2019-10-11,923.75,939.25,923.5,936
2019-10-14,940.5,945.5,930.5,940.5
2019-10-15,938.75,944.25,933.25,934
2019-10-16,933,938.75,927.5,928
2019-10-17,928,940.75,927.25,931.5
2019-10-18,931,938.5,930.5,934
2019-10-21,930.75,940,930.25,933.25
2019-10-22,932.5,945.25,931,934
2019-10-23,934,939,927.75,933.75
2019-10-24,933.75,939,932.75,933.25
2019-10-25,933.5,937.25,919.5,920.25
2019-10-28,921.5,926,920.25,920.75
2019-10-29,921,925.25,916,918.25
2019-10-30,933,937,930.25,930.5
2019-10-31,930.5,935.5,925,932.25
2019-11-01,931,938.75,930.25,936.75
2019-11-04,935.5,942.25,932.5,938
2019-11-05,938,941,932,934.25
2019-11-06,934,935.75,927,927.5
2019-11-07,927.75,938.5,926.5,936.5
2019-11-08,935.5,938.75,926.5,931
2019-11-11,928.25,929,916,917
2019-11-12,916.5,920,915,917
2019-11-13,916.5,921.5,913.5,915.25
2019-11-14,915,917.5,911,916.75
2019-11-15,918.25,923.5,915.25,918.25
2019-11-18,919,921.75,910,910.25
2019-11-19,910.5,917,910,911.5
2019-11-20,910.5,915.75,904.25,905
2019-11-21,905.25,909.25,900.25,901
2019-11-22,900.5,903.5,895.5,897
2019-11-25,898,902.5,892,892.5
2019-11-26,892.75,895,882.75,884.25
2019-11-27,884.75,887.5,881.25,882
2019-11-29,883.25,884.75,875.75,876.75
2019-12-02,877.75,883,867.5,870.5
2019-12-03,873.5,875.75,868.25,871
2019-12-04,872.25,880,871.5,878
2019-12-05,878,888.75,877.25,884.25
2019-12-06,884.75,894,884.5,889.5
2019-12-09,891.75,903.5,889.75,897.25
2019-12-10,897.5,902.25,896.25,901.25
2019-12-11,898.75,902,892,893.5
2019-12-12,893,901.75,888.25,898.25
2019-12-13,906,917,901.5,907.5
2019-12-16,912.5,922.75,912.5,922
2019-12-17,921.25,931,920.25,928.75
2019-12-18,928,930,923,928.5
2019-12-19,926.75,929.25,921.25,924.5
2019-12-20,925,930,924,928.25
2019-12-23,929,937,927.5,934
2019-12-24,933,937.5,929,936.5
2019-12-26,937.75,940,936.75,937.75
2019-12-27,937.25,941.5,928.75,929.5
2019-12-30,929,941,927.25,939.5
2019-12-31,939.25,943.5,933.75,943
2020-01-02,943.25,949,941.5,944.25
2020-01-03,944.5,945.25,926.75,930.5
2020-01-06,929.25,936.5,929,932.75
2020-01-07,944.75,947.5,937.75,944
2020-01-08,942.5,950.5,938,947.25
2020-01-09,946.75,954.5,939.25,943.5
2020-01-10,942.75,947,935.5,946
2020-01-13,948,949.5,938,942.25
2020-01-14,941.5,948.5,938.5,942.25
2020-01-15,942,943.25,928.25,928.75
2020-01-16,929.75,930.25,922,924
2020-01-17,924.5,933.5,920,929.75
2020-01-21,930,931.5,915.25,916
2020-01-22,917,922,913.25,913.75
2020-01-23,914,914.75,904,909.5
2020-01-24,909.25,909.25,900.75,902
2020-01-27,899.25,900,888.25,897.25
2020-01-28,897.5,898,888.5,895
2020-01-29,896,903,890.75,893
2020-01-30,893.5,893.75,875.5,876.25
2020-01-31,880,882.75,872.25,872.5
2020-02-03,870.75,878.75,868.75,877
2020-02-04,876.25,887,873.75,879.5
2020-02-05,880,888,878,880
2020-02-06,880,886.25,876.75,881
2020-02-07,883.25,884.75,876.25,882
2020-02-10,883,889.75,879.5,884.25
2020-02-11,885.75,889,878,884.75
2020-02-12,885.5,893,881.5,892.5
2020-02-13,891,899.75,888.5,896.25
2020-02-14,896.25,899.25,890,893.75
2020-02-18,894.75,898.5,889.25,892.25
2020-02-19,892.25,898.25,885,897.25
2020-02-20,896.5,898,891.25,892.75
2020-02-21,892,902,887.5,890.5
2020-02-24,896.25,896.75,879.25,882.5
2020-02-25,883.5,889,881.25,888.25
2020-02-26,889,899,885,892
2020-02-27,891.5,897,878.25,895
2020-02-28,894.75,895.5,879.75,892.75
2020-03-02,892.25,904.5,890.5,901
2020-03-03,903.75,908,899.5,903.5
2020-03-04,904.25,911,903.5,907.25
2020-03-05,907,912.5,894.75,897
2020-03-06,898.75,899.75,888.5,891.25
2020-03-09,883.5,883.5,867,870
2020-03-10,874.5,885,874.5,876.25
2020-03-11,876,883.75,872,873.25
2020-03-12,872.5,872.75,852.25,859.5
2020-03-13,857.75,872,845.25,848.75
2020-03-16,842,854.75,821,821.75
2020-03-17,824.75,832.5,822,824.25
2020-03-18,824.5,838.5,822.25,825.5
2020-03-19,829.25,855.75,825,843.25
2020-03-20,845.75,864.75,845.5,862.5
2020-03-23,860,885.25,858.25,884
2020-03-24,884,887.75,872.5,886.75
2020-03-25,885,897,880.5,881.5
2020-03-26,882.5,884.5,871.25,880.25
2020-03-27,879,888.75,875.25,881.5
2020-03-30,880,892.5,876.75,882.25
2020-03-31,882.5,887.5,875.75,886
2020-04-01,885.75,887.25,860.75,862.75
2020-04-02,864.75,870,857,858.75
2020-04-03,859.75,864.5,850.5,854.25
2020-04-06,853.5,859,848.5,855.5
2020-04-07,856,862.25,854.25,854.75
2020-04-08,855.75,860.5,851.75,854.5
2020-04-09,855.5,867,853.75,863.5
2020-04-13,864,870,850.5,854.25
2020-04-14,854.75,856.5,845.75,847
2020-04-15,847.5,852.5,838.75,842
2020-04-16,840.75,846.75,835.25,836.75
2020-04-17,839.25,842.75,831.75,832.5
2020-04-20,833.5,835.75,824.5,826.5
2020-04-21,826,833.5,808.25,830.75
2020-04-22,831.25,839,827,834.75
2020-04-23,834.75,848.75,833.75,839.25
2020-04-24,840,843.75,827.5,832.25
2020-04-27,838.5,846.25,835.25,836.5
2020-04-28,837,842.5,829.5,832
2020-04-29,831.75,840.75,830,837.5
2020-04-30,838.75,856,838.25,855.25
2020-05-01,854.5,855.75,847,849.5
2020-05-04,848.25,848.25,832.25,836.5
2020-05-05,837.5,841,833.75,839.5
2020-05-06,839.5,841.75,831.5,832.5
2020-05-07,832,848.5,832,844.25
2020-05-08,844,856.5,843.5,850.5
2020-05-11,854,861.25,848.5,855
2020-05-12,854,858,849.5,852
2020-05-13,850.25,854,836.5,839.5
2020-05-14,839.5,844.5,835,837
2020-05-15,838,843,836.5,838.5
2020-05-18,840.5,847.75,838.75,845
2020-05-19,846,848.5,839.25,842.5
2020-05-20,842,849.5,842,846.75
2020-05-21,846.75,848.5,833.75,835
2020-05-22,835.25,839.5,828.5,833.25
2020-05-26,832.5,849,832.25,847
2020-05-27,848,851.25,843.5,848.5
2020-05-28,848.5,852.25,838.75,847
2020-05-29,846,846,837,840.75
2020-06-01,843.5,849,834,840.5
2020-06-02,840,856,838.5,850.5
2020-06-03,851.75,858,851.25,857.5
2020-06-04,857,873.25,855.25,867.75
2020-06-05,868,873.5,865.25,867.75
2020-06-08,869.25,871.5,861.75,864.75
2020-06-09,864,866.5,856.5,863.25
2020-06-10,863.25,869.25,863,865.5
2020-06-11,865,869.5,861,866
2020-06-12,866.5,873,863.5,871.25
2020-06-15,870.5,871.75,864.25,869
2020-06-16,870.75,873,864.75,867
2020-06-17,866.5,875.75,860,871.25
2020-06-18,871,876.5,870,873
2020-06-19,873,880.5,871.5,876.5
2020-06-22,875.25,879.75,872.5,876.25
2020-06-23,876.75,879,865,875
2020-06-24,875.5,877.5,870,870.75
2020-06-25,870.5,871.5,861.75,869.25
2020-06-26,869,871.75,862.75,865
2020-06-29,864,869.5,860,866.5
2020-06-30,865,891,864,884.25
2020-07-01,883.75,898.5,883.25,893.75
2020-07-02,893.75,898,890.25,892.5
2020-07-06,896,904,895.75,898.5
2020-07-07,899.25,901.5,893.75,896.75
2020-07-08,896,896.75,890,892.5
2020-07-09,894,904.25,892.75,896.5
2020-07-10,896.5,900.5,883.75,887.25
2020-07-13,882.25,884.75,870.5,874
2020-07-14,874,882.5,872.75,878
2020-07-15,879.25,887.5,877.5,886.25
2020-07-16,887.5,896,886.75,893.5
2020-07-17,893.25,898.75,892.75,898
2020-07-20,898.5,905.5,897,903
2020-07-21,902.5,902.5,895,896.5
2020-07-22,896.5,901.25,892,899.25
2020-07-23,898.75,907,897.5,906.25
2020-07-24,906,910,901.5,904.75
2020-07-27,904,909.25,901.5,906.5
2020-07-28,903,903,893,896.75
2020-07-29,896.75,898,891.5,891.5
2020-07-30,891,893.5,884.25,891.75
2020-07-31,893.5,899.25,893.5,897.5
2020-08-03,898.5,903,893,897.5
2020-08-04,893.5,893.5,881,883.75
2020-08-05,884,884,880,882
2020-08-06,882,886,880,880.75
2020-08-07,878,878.75,870.25,870.25
2020-08-10,867.5,875.75,865.25,873.25
2020-08-11,872.25,877,870.25,873.5
2020-08-12,873.25,883.5,867,883
2020-08-13,883,902.5,883,899.5
2020-08-14,898,899.5,894,898.75
2020-08-17,901.25,917.5,901.25,915.25
2020-08-18,914.75,917,910,913.75
2020-08-19,912.5,919.5,910,914
2020-08-20,913,915.75,902.5,905.25
2020-08-21,906.75,910.75,903.25,904.75
2020-08-24,905,912.25,901,905.75
2020-08-25,911.5,920.75,911,920.25
2020-08-26,920,925.75,919.5,924.25
2020-08-27,924.5,948.75,923.75,942
2020-08-28,942,952,940.25,950.5
2020-08-31,955.5,966.75,952.25,953.5
2020-09-01,951.5,959.5,942.75,954.75
2020-09-02,953,963,946,962
2020-09-03,962,968.25,957.75,966
2020-09-04,965,969.5,960.5,968
2020-09-08,970,977,961.75,973
2020-09-09,972,981.75,968.5,978.75
2020-09-10,978.75,982,974.25,977.5
2020-09-11,977,998,975,996
2020-09-14,996,1008.75,996,999.5
2020-09-15,1001,1005.75,990.25,991.5
2020-09-16,991,1013.75,985,1011.25
2020-09-17,1011.5,1032.25,1005,1028.5
2020-09-18,1028,1046.75,1027.25,1043.5
2020-09-21,1041,1045.25,1020.5,1022.5
2020-09-22,1020.25,1037,1013.25,1019.75
2020-09-23,1020.5,1025.5,1011,1014.5
2020-09-24,1012.5,1014.75,997.25,1000
2020-09-25,999,1008,995.25,1002.5
2020-09-28,1002,1007.5,991.5,996.25
2020-09-29,994,997.75,985.75,993
2020-09-30,992.25,1034.75,987.5,1023.5
2020-10-01,1023.25,1035,1021.75,1023.5
2020-10-02,1024,1028,1013,1020.75
2020-10-05,1019.75,1025.5,1016,1021.5
2020-10-06,1021.5,1053.75,1021.25,1044
2020-10-07,1041.25,1059.75,1037.5,1051
2020-10-08,1051.25,1069,1048.5,1050
2020-10-09,1050.25,1079.75,1047,1065.5
2020-10-12,1065.25,1073.5,1031.5,1033.75
2020-10-13,1034,1046,1032.5,1044
2020-10-14,1043,1059.75,1039.75,1056.25
2020-10-15,1057.5,1064.25,1037.25,1062.25
2020-10-16,1062.75,1070.75,1048.75,1050
2020-10-19,1051.25,1058.25,1047.75,1054.25
2020-10-20,1055.75,1065.75,1051.25,1064
2020-10-21,1065,1077,1064.25,1072
2020-10-22,1072.25,1085.25,1063.5,1073.75
2020-10-23,1071.25,1088.5,1065.75,1083.75
2020-10-26,1083.75,1089.75,1078,1087.75
2020-10-27,1086,1094,1081.75,1082.25
2020-10-28,1081.75,1081.75,1056.75,1057.25
2020-10-29,1058.5,1062.5,1051,1051.75
2020-10-30,1051,1062.25,1047,1056.5
2020-11-02,1053.5,1053.5,1042,1050.75
2020-11-03,1053,1070.75,1051.75,1064.25
2020-11-04,1063.25,1088,1055.75,1086.25
2020-11-05,1086,1112.75,1083.5,1103.75
2020-11-06,1102.5,1110,1098.25,1101.5
2020-11-09,1101,1118,1099.75,1110.5
2020-11-10,1110.5,1153.25,1108,1146
2020-11-11,1147,1162.25,1145,1152.5
2020-11-12,1152.5,1154,1139.75,1145.5
2020-11-13,1145.5,1157,1138,1148
2020-11-16,1150.25,1155.25,1144,1153.5
2020-11-17,1157,1178.25,1156.25,1169.75
2020-11-18,1170.25,1189.75,1167.75,1175.75
2020-11-19,1174,1181.25,1161.75,1177.5
2020-11-20,1179,1196.75,1176.75,1181
2020-11-23,1195.5,1200,1186,1191.5
2020-11-24,1190.75,1194,1174,1191.25
2020-11-25,1197.5,1198.5,1183.25,1184
2020-11-27,1186,1194,1179.25,1191.75
2020-11-30,1198,1199,1168,1168.5
2020-12-01,1169.25,1176,1161.25,1162
2020-12-02,1163.75,1164,1142.5,1153
2020-12-03,1154.25,1170.75,1152,1168.25
2020-12-04,1168,1172.5,1157.75,1163
2020-12-07,1160,1169,1149,1158.5
2020-12-08,1157.5,1160.25,1142.75,1145.75
2020-12-09,1146,1160.75,1145.5,1158.5
2020-12-10,1159.75,1178,1150.25,1152.75
2020-12-11,1155.25,1162.75,1151,1160.5
2020-12-14,1164.75,1173,1161.25,1169.5
2020-12-15,1170.75,1185.75,1162,1184.25
2020-12-16,1187,1195,1181.75,1183.75
2020-12-17,1183.25,1203,1179.75,1201.25
2020-12-18,1202.75,1224.75,1201.5,1220
2020-12-21,1229.25,1248.75,1217.5,1247.5
2020-12-22,1248.5,1256.25,1241,1250
2020-12-23,1251,1267.75,1242.5,1260
2020-12-24,1261,1275,1260.25,1264.5
2020-12-28,1275.25,1280.5,1247,1257.25
2020-12-29,1255.75,1299.5,1246.25,1296
2020-12-30,1296,1306,1280,1300.5
2020-12-31,1299.25,1320.75,1295,1311
2021-01-04,1319.25,1349.5,1301,1313
2021-01-05,1313.25,1373.25,1313.25,1347
2021-01-06,1359.75,1378.25,1354.5,1361.5
2021-01-07,1364.25,1369,1342,1355.25
2021-01-08,1359.75,1386,1348.5,1374.75
2021-01-11,1379.25,1388.75,1354,1372.5
2021-01-12,1372.5,1428.25,1354,1418.25
2021-01-13,1424,1436.5,1403.25,1406.25
2021-01-14,1406.5,1435.75,1403,1430.5
2021-01-15,1432.25,1434.5,1413.5,1416.75
2021-01-19,1419,1421.25,1383.25,1385.75
2021-01-20,1384.5,1384.5,1352,1369.5
2021-01-21,1369,1387,1365.5,1370.25
2021-01-22,1367,1367,1305.25,1311.75
2021-01-25,1308.75,1352.25,1298,1343.5
2021-01-26,1348.25,1376.5,1333.5,1370.25
2021-01-27,1376,1394.75,1364.5,1374.75
2021-01-28,1371.75,1391.25,1345.5,1353.25
2021-01-29,1353.25,1376.75,1335.5,1370
2021-02-01,1375,1383,1349.25,1365.25
2021-02-02,1366,1372,1341.5,1354.75
2021-02-03,1354.5,1372.5,1342.5,1371.25
2021-02-04,1374,1381.5,1364.5,1372.5
2021-02-05,1370.75,1382.75,1365.5,1366.75
2021-02-08,1368.75,1392.5,1364.75,1387.75
2021-02-09,1391,1409.5,1377.5,1401.75
2021-02-10,1404.5,1404.75,1352.25,1354
2021-02-11,1352.75,1379.75,1337.25,1367.5
2021-02-12,1368.5,1377.25,1362,1372
2021-02-16,1385.75,1394,1373.75,1384.75
2021-02-17,1386.25,1390,1376.25,1383.75
2021-02-18,1385,1391.25,1370,1375
2021-02-19,1376.25,1388.75,1366.5,1377.25
2021-02-22,1387,1391,1374.5,1387.5
2021-02-23,1387.5,1428.25,1383.75,1408.5
2021-02-24,1410,1428,1409.5,1425.75
2021-02-25,1425,1445.75,1393.5,1407.5
2021-02-26,1404.75,1408,1378.25,1404.25
2021-03-01,1415,1422.5,1389.5,1391.25
2021-03-02,1393.5,1416.5,1380.75,1412.5
2021-03-03,1415,1417.75,1395.25,1407.5
2021-03-04,1409,1438,1403.5,1410.5
2021-03-05,1410.5,1433.25,1403.25,1430
2021-03-08,1441.5,1460,1431.5,1433.75
2021-03-09,1434.75,1442,1423,1440
2021-03-10,1442,1445.75,1408.25,1409.75
2021-03-11,1410.5,1422.5,1400.75,1413.5
2021-03-12,1413.75,1417.75,1392.25,1413.25
2021-03-15,1409.25,1423.75,1402,1419.5
2021-03-16,1420,1425,1412.75,1423.25
2021-03-17,1424,1425.25,1408,1417.75
2021-03-18,1417.25,1419,1390.5,1392.25
2021-03-19,1391,1418.25,1390,1416.25
2021-03-22,1418.75,1423.75,1405.25,1417.5
2021-03-23,1418.75,1435,1414.25,1423.25
2021-03-24,1421.75,1433.5,1418.25,1432.75
2021-03-25,1430.75,1431.75,1410.5,1414.25
2021-03-26,1414,1419,1399,1400.5
2021-03-29,1400.5,1402.75,1383,1393
2021-03-30,1393,1394.75,1364.25,1366.75
2021-03-31,1368.75,1436.75,1364.75,1436.75
2021-04-01,1444,1456.25,1398.5,1402
2021-04-05,1410,1421,1405.25,1412.75
2021-04-06,1412.75,1431,1412.5,1418.75
2021-04-07,1420.5,1427.5,1403.75,1408.75
2021-04-08,1408.75,1422.5,1404.5,1415.25
2021-04-09,1416,1419,1400.75,1403
2021-04-12,1403.25,1407.25,1379.5,1382
2021-04-13,1385.25,1398.75,1378,1389.5
2021-04-14,1391.5,1416.25,1389.25,1410
2021-04-15,1410,1421,1407.5,1418.25
2021-04-16,1419,1437.75,1418,1433.25
2021-04-19,1439.75,1454.5,1434.75,1449.75
2021-04-20,1450.5,1485.5,1450,1472
2021-04-21,1475,1499.75,1467.5,1497.25
2021-04-22,1498.75,1543,1498.25,1533.25
2021-04-23,1534,1549.75,1520,1539.75
2021-04-26,1524,1544.75,1515,1539.25
2021-04-27,1541.5,1574.75,1518,1519.5
2021-04-28,1515.5,1544.5,1490.5,1513.75
2021-04-29,1508,1526.25,1500,1502.25
2021-04-30,1501.25,1537,1491.25,1534.25
2021-05-03,1549.25,1563.5,1515.75,1524
2021-05-04,1524,1553,1519,1538.25
2021-05-05,1540,1554,1532.25,1542.25
2021-05-06,1547,1571,1543,1569.5
2021-05-07,1566.25,1599.5,1562.25,1589.75
2021-05-10,1576.5,1593.75,1575.25,1587.5
2021-05-11,1586,1625.5,1573.25,1614.75
2021-05-12,1617.75,1667.5,1615.25,1642.5
2021-05-13,1639.75,1645.25,1575,1584
2021-05-14,1583.5,1612.75,1577,1586.25
2021-05-17,1584.75,1603.25,1575.5,1587.5
2021-05-18,1588.25,1604.75,1569,1574.25
2021-05-19,1576,1576.25,1522,1538.25
2021-05-20,1547,1553.75,1523,1533.25
2021-05-21,1534,1540.75,1512.25,1526.25
2021-05-24,1520.75,1525.75,1506.25,1522.75
2021-05-25,1523.75,1538.25,1499,1511.75
2021-05-26,1512.5,1525.5,1489.25,1503.5
2021-05-27,1508,1539.25,1492,1537
2021-05-28,1538,1555.75,1522.75,1530.5
2021-06-01,1542,1578.5,1537.25,1548.5
2021-06-02,1546,1567.75,1541.75,1562.5
2021-06-03,1565.5,1589,1543.5,1549.25
2021-06-04,1548.25,1587,1545.25,1583.75
2021-06-07,1599.75,1623.5,1558.5,1560.25
2021-06-08,1571,1597.5,1561.5,1580
2021-06-09,1584.25,1586.75,1550,1562.5
2021-06-10,1562.5,1576.5,1537.25,1544
2021-06-11,1544.5,1551.25,1496.5,1508.5
2021-06-14,1504.25,1504.25,1455,1472.25
2021-06-15,1483.5,1488.25,1460,1465.75
2021-06-16,1468.25,1475,1442.5,1448.5
2021-06-17,1443,1450,1323.5,1329.75
2021-06-18,1330.75,1408.25,1330.75,1396
2021-06-21,1374,1422.5,1370,1415
2021-06-22,1420,1427.25,1393.25,1394.5
2021-06-23,1392,1406.75,1381,1385
2021-06-24,1382.5,1385,1345.75,1371.25
2021-06-25,1369.5,1384.75,1325.75,1329.75
2021-06-28,1269.75,1319,1267,1312.5
2021-06-29,1325.25,1327,1298,1312.5
2021-06-30,1312.25,1408,1291.5,1399
2021-07-01,1402.5,1423,1376,1395.5
2021-07-02,1395,1414.75,1382.5,1399
2021-07-06,1373.25,1373.25,1300.5,1305
2021-07-07,1313,1346,1309.25,1327.25
2021-07-08,1336.75,1339.5,1311.5,1319.5
2021-07-09,1321.5,1333,1309.25,1329.25
2021-07-12,1329.75,1354.75,1327,1350.25
2021-07-13,1350.5,1365.5,1347.25,1351.75
2021-07-14,1351.75,1385.75,1343.25,1383.25
2021-07-15,1383,1389.5,1374.25,1380
2021-07-16,1382,1408.5,1377,1391.75
2021-07-19,1412.75,1418,1370.5,1372.75
2021-07-20,1378.75,1406.25,1373.75,1388.5
2021-07-21,1393.25,1397,1375,1389.75
2021-07-22,1390.5,1390.75,1342.25,1362.25
2021-07-23,1367.75,1368,1345.25,1351.75
2021-07-26,1356,1360.75,1332,1357.75
2021-07-27,1365,1387.5,1355.5,1359.5
2021-07-28,1364.75,1371,1350.5,1361
2021-07-29,1361,1379.5,1357,1377.75
2021-07-30,1378.75,1380.75,1343,1349.25
2021-08-02,1349,1359,1336.5,1353.5
2021-08-03,1345.75,1348,1308.75,1319.75
2021-08-04,1322.25,1329.75,1314,1325.75
2021-08-05,1326.25,1339.5,1315,1328.5
2021-08-06,1329,1342.5,1323.25,1336.75
2021-08-09,1338.25,1347.25,1326.5,1329.75
2021-08-10,1325.5,1343.5,1325.25,1336.75
2021-08-11,1336.5,1355.5,1333.75,1340
2021-08-12,1339,1369.5,1323,1341
2021-08-13,1340.75,1366,1330,1365
2021-08-16,1366.25,1378,1360.75,1368.25
2021-08-17,1374,1379.75,1356.75,1361.5
2021-08-18,1362.25,1365,1347.25,1353.25
2021-08-19,1351.75,1351.75,1314.25,1320
2021-08-20,1321,1333.5,1277.25,1290.75
2021-08-23,1288.5,1309,1286.5,1292.75
2021-08-24,1299,1337.75,1292,1331.75
2021-08-25,1332,1339.5,1322,1332.75
2021-08-26,1331,1331.5,1318,1326.25
2021-08-27,1324,1325,1307.5,1323.25
2021-08-30,1323.25,1336.25,1297,1303.25
2021-08-31,1305.25,1312,1283.25,1292.5
2021-09-01,1294,1295.75,1270,1277.75
2021-09-02,1278,1287.75,1271,1283.25
2021-09-03,1282.75,1296.75,1276.75,1292
2021-09-07,1291.75,1305.75,1276.5,1277
2021-09-08,1279,1288,1272,1279.5
2021-09-09,1280,1281.75,1265,1270.5
2021-09-10,1270.75,1300,1262.75,1286.5
2021-09-13,1290,1294.25,1277,1284.75
2021-09-14,1285.75,1297.5,1281,1282.5
2021-09-15,1283.5,1296,1276,1294.5
2021-09-16,1296.5,1308,1291.25,1296
2021-09-17,1295.5,1298.5,1278.25,1284
2021-09-20,1285,1286,1262,1262.5
2021-09-21,1263,1275.5,1257.5,1274
2021-09-22,1274.5,1285,1270.25,1282.75
2021-09-23,1282.5,1290.25,1275.75,1284.25
2021-09-24,1283.25,1290,1278.25,1285
2021-09-27,1284,1297,1282,1287.5
2021-09-28,1286.75,1287,1275,1277
2021-09-29,1276.25,1288.5,1272.75,1283.75
2021-09-30,1282,1295,1249,1256
2021-10-01,1255,1262.25,1242,1246.5
2021-10-04,1242.75,1247.75,1235,1235.75
2021-10-05,1234.25,1256.25,1231,1250.5
2021-10-06,1250,1255.5,1239.25,1242
2021-10-07,1242,1249.5,1233.5,1247.25
2021-10-08,1246.5,1262.5,1242,1243
2021-10-11,1240.5,1251.25,1227,1228.25
2021-10-12,1226.5,1230.75,1194.75,1198.25
2021-10-13,1198.5,1211.25,1184.5,1195.25
2021-10-14,1196,1207.75,1193.5,1206.25
2021-10-15,1205.75,1221,1202,1217.75
2021-10-18,1218,1225.25,1210,1221.5
2021-10-19,1220.5,1239.25,1216.25,1228
2021-10-20,1227.75,1249.5,1224.75,1245.5
2021-10-21,1243.25,1249.5,1222,1224
2021-10-22,1224,1230.5,1217,1220.5
2021-10-25,1230,1248.25,1226.5,1247
2021-10-26,1246.25,1255.75,1239.5,1247.5
2021-10-27,1246.5,1266.25,1236,1249.75
2021-10-28,1249.75,1260,1241.25,1246
2021-10-29,1244,1255.5,1241.5,1249.5
2021-11-01,1249,1259.5,1236.75,1248.5
2021-11-02,1247.75,1261,1243.25,1256.25
2021-11-03,1254.25,1257.75,1239.5,1244.25
2021-11-04,1243.75,1247.5,1216,1222.75
2021-11-05,1223,1227,1203.5,1205.5
2021-11-08,1203.75,1208.25,1187,1188.5
2021-11-09,1187.75,1240.75,1181.25,1212
2021-11-10,1212,1222.5,1208.5,1216.75
2021-11-11,1216.75,1228.25,1212,1221.5
2021-11-12,1221.5,1249.75,1220.5,1244.25
2021-11-15,1242.25,1259.75,1238,1257.25
2021-11-16,1255.75,1261.5,1248.5,1251.25
2021-11-17,1252,1289.25,1250.75,1277
2021-11-18,1276.5,1287.25,1262.75,1265.25
2021-11-19,1265.5,1277.25,1257,1263.25
2021-11-22,1264.25,1279.5,1260,1274.25
2021-11-23,1274.25,1279.25,1263,1273
2021-11-24,1273.75,1281,1263.25,1266.5
2021-11-26,1252,1254,1240.25,1252.75
2021-11-29,1260.75,1268.5,1240.75,1241.5
2021-11-30,1241.5,1244.75,1214.25,1217.25
2021-12-01,1222,1237,1216.25,1228.25
2021-12-02,1229.75,1249,1221,1244.25
2021-12-03,1244.5,1270,1244.25,1267.25
2021-12-06,1271.75,1274.75,1254.5,1261.5
2021-12-07,1262.25,1268.5,1243,1250.25
2021-12-08,1252.25,1264,1238.25,1261
2021-12-09,1260.25,1267,1247,1264.5
2021-12-10,1264.25,1276.5,1259.25,1267.75
2021-12-13,1271,1271,1243.25,1244
2021-12-14,1246,1267,1237.5,1259.5
2021-12-15,1260,1266.5,1251,1262.5
2021-12-16,1262,1280.75,1258.75,1277.25
2021-12-17,1276.25,1297.5,1274.75,1285.25
2021-12-20,1292,1298,1280.5,1294.75
2021-12-21,1294.5,1317.5,1289,1312.75
2021-12-22,1310.5,1339,1309.5,1335
2021-12-23,1333,1342.5,1328,1340.75
2021-12-27,1345.75,1372.75,1342.5,1371.5
2021-12-28,1370,1384.5,1363.25,1368
2021-12-29,1367.25,1372.5,1355,1368.75
2021-12-30,1367.5,1370,1334.5,1338.5
2021-12-31,1339.25,1348.5,1336.5,1339.25
2022-01-03,1349,1368.5,1342,1355.5
2022-01-04,1356,1392.25,1355.5,1389.75
2022-01-05,1389,1399,1381.5,1394.75
2022-01-06,1390.5,1393.75,1370,1387.25
2022-01-07,1388,1415,1376,1410.25
2022-01-10,1404.5,1409.75,1379,1384.75
2022-01-11,1386.5,1395,1372.5,1386.5
2022-01-12,1384.75,1401,1366.5,1399.25
2022-01-13,1399,1399,1370.75,1377.25
2022-01-14,1376.75,1380,1363.75,1369.75
2022-01-18,1360,1368.75,1349.75,1361.25
2022-01-19,1363.5,1392.5,1363.5,1391.25
2022-01-20,1388.25,1429.5,1387.5,1425.75
2022-01-21,1420,1426,1405.25,1414.25
2022-01-24,1419.5,1423.75,1382.5,1403
2022-01-25,1405,1413.75,1393.25,1407.25
2022-01-26,1405.75,1443.75,1393.75,1440
2022-01-27,1436,1456.5,1428.5,1448.25
2022-01-28,1446.5,1479,1441.5,1470
2022-01-31,1474,1496.75,1473.5,1490.5
2022-02-01,1490,1539,1485,1528.5
2022-02-02,1528,1564,1526,1545.25
2022-02-03,1544,1560,1529,1544.25
2022-02-04,1544.5,1560.25,1532,1553.5
2022-02-07,1571,1589.5,1565.25,1581.75
2022-02-08,1585,1586.5,1559,1569
2022-02-09,1570.5,1599.5,1566.5,1594.75
2022-02-10,1594.75,1633,1565.5,1574.25
2022-02-11,1573,1594.75,1563.5,1583
2022-02-14,1587,1599.5,1551.5,1570
2022-02-15,1569.25,1577,1542.25,1551.25
2022-02-16,1552.25,1589.75,1547,1587.5
2022-02-17,1585.25,1606,1576.5,1592
2022-02-18,1590.5,1608.5,1587.5,1601.5
2022-02-22,1610.25,1641,1603.5,1635
2022-02-23,1636.25,1675,1636,1671
2022-02-24,1671,1759.25,1648.25,1654
2022-02-25,1654,1670,1579,1584.5
2022-02-28,1629.5,1655,1613,1636.75
2022-03-01,1641.5,1697.5,1641.5,1690
2022-03-02,1694,1697,1650.25,1663
2022-03-03,1669.75,1699,1665.5,1667.75
2022-03-04,1673.75,1688.5,1634.5,1660.5
2022-03-07,1686.75,1696.75,1654.5,1659.5
2022-03-08,1660,1706.5,1649.75,1689.75
2022-03-09,1693,1734,1669.5,1671.75
2022-03-10,1675.5,1702,1661.5,1686.25
2022-03-11,1689.25,1695.75,1665.25,1676
2022-03-14,1692,1697.75,1667,1670.5
2022-03-15,1674,1674,1638,1658.75
2022-03-16,1661,1681.25,1645.25,1649.25
2022-03-17,1649.25,1677.5,1647.25,1668.5
2022-03-18,1669.75,1689,1651.5,1668
2022-03-21,1673,1710,1666.75,1691
2022-03-22,1692.75,1720.75,1686,1696.5
2022-03-23,1695.5,1736.5,1691,1718.75
2022-03-24,1722.25,1730,1697.5,1700.75
2022-03-25,1702,1714.25,1684.75,1710.25
2022-03-28,1703,1710,1661,1664.25
2022-03-29,1662.5,1673,1622,1643
2022-03-30,1644,1683.75,1638.75,1664
2022-03-31,1666.75,1680,1613.5,1618.25
2022-04-01,1620.75,1628.5,1580.75,1582.75
2022-04-04,1584,1606,1576.75,1602.25
2022-04-05,1605,1635.25,1604.25,1631
2022-04-06,1630,1643,1615,1619.5
2022-04-07,1620,1652.75,1614.75,1645.5
2022-04-08,1647.75,1689.75,1645.5,1689
2022-04-11,1691,1697.5,1651.5,1655.25
2022-04-12,1658.75,1682.75,1657,1670.25
2022-04-13,1672.25,1681.25,1652,1676
2022-04-14,1678.5,1692.5,1670,1682.25
2022-04-18,1688.75,1720.5,1688.5,1714.75
2022-04-19,1712,1730,1705.25,1716.5
2022-04-20,1718,1750,1714.5,1746.75
2022-04-21,1747.5,1752.75,1728.25,1748.25
2022-04-22,1747.5,1757.5,1704.25,1716
2022-04-25,1687,1695.5,1656.5,1675.25
2022-04-26,1676.75,1696.75,1661.75,1671.75
2022-04-27,1673.25,1698,1665.5,1692.75
2022-04-28,1694.25,1700,1681.25,1684.75
2022-04-29,1686,1704.75,1679.25,1684.75
2022-05-02,1684.5,1688.75,1635,1645.25
2022-05-03,1649.5,1662.75,1629,1630.5
2022-05-04,1633.5,1644.5,1622,1640.5
2022-05-05,1643,1667,1640,1647
2022-05-06,1649.5,1650,1618,1622
2022-05-09,1623.75,1626,1578,1585.25
2022-05-10,1589,1605,1580.5,1592.25
2022-05-11,1593.5,1615,1587.5,1606.75
2022-05-12,1607.5,1627.25,1590.25,1613.75
2022-05-13,1614.75,1651.5,1614,1646.5
2022-05-16,1657.5,1668,1650.25,1656.5
2022-05-17,1655,1684.25,1645.25,1678
2022-05-18,1678,1686.75,1657,1662.75
2022-05-19,1663.75,1697,1660.75,1690.5
2022-05-20,1691,1710.75,1683.25,1705.25
2022-05-23,1706,1720,1685,1687
2022-05-24,1687.75,1696.75,1673.5,1693
2022-05-25,1694.25,1697.75,1665.5,1681
2022-05-26,1675.25,1737,1667.25,1726.5
2022-05-27,1725.75,1744.25,1718.75,1732.25
2022-05-31,1737.75,1749.25,1673.75,1683.25
2022-06-01,1687.25,1706.5,1675.25,1690.25
2022-06-02,1690.25,1740.75,1681.25,1729.25
2022-06-03,1728.75,1730.5,1694,1697.75
2022-06-06,1709,1717.75,1690,1699.25
2022-06-07,1699.25,1732.75,1692.25,1728.25
2022-06-08,1729.25,1758,1726.5,1740
2022-06-09,1741,1784,1728.5,1769
2022-06-10,1770.5,1775.5,1742.75,1745.5
2022-06-13,1751.5,1757,1702,1707.5
2022-06-14,1707.5,1728.25,1697,1698.5
2022-06-15,1698,1705,1682.25,1693.75
2022-06-16,1696.75,1715.5,1690.5,1709.5
2022-06-17,1712.5,1724.5,1700.5,1702
2022-06-21,1695,1702,1675.75,1681
2022-06-22,1684.25,1685,1647.5,1652.75
2022-06-23,1654,1655.5,1590,1593.25
2022-06-24,1588.25,1620.5,1583,1610.75
2022-06-27,1510.75,1536.25,1504,1529.5
2022-06-28,1534.75,1564.5,1531.75,1556.5
2022-06-29,1554,1573.75,1546.75,1571.5
2022-06-30,1571.5,1601.25,1552.75,1560.5
2022-07-01,1563.75,1573.25,1505.25,1509.75
2022-07-05,1494,1495,1431.75,1439.25
2022-07-06,1447,1461.5,1424.25,1446.5
2022-07-07,1450,1496.75,1448.75,1485.25
2022-07-08,1489,1516.5,1473.75,1513.25
2022-07-11,1535,1552.75,1516.25,1522
2022-07-12,1522,1533.5,1459.25,1468.25
2022-07-13,1467.5,1497.25,1444.75,1484.75
2022-07-14,1486,1503,1457.5,1471.75
2022-07-15,1477.5,1490,1456.25,1466
2022-07-18,1478.25,1513.5,1465.5,1497.25
2022-07-19,1498.5,1499.5,1456,1477.25
2022-07-20,1476,1477,1446,1449
2022-07-21,1449.5,1457.5,1413.25,1418.5
2022-07-22,1420,1444.75,1407.75,1434.5
2022-07-25,1335,1349.25,1314.5,1346
2022-07-26,1359.75,1387.5,1358.25,1383.75
2022-07-27,1383,1416.5,1371.75,1410
2022-07-28,1413.25,1446.75,1412.5,1440.5
2022-07-29,1440.5,1489,1435.5,1468.5
2022-08-01,1477.5,1481,1395.5,1406
2022-08-02,1396.75,1408,1377.25,1386.5
2022-08-03,1375.75,1406.25,1356,1369.75
2022-08-04,1368.75,1424,1359.5,1417.75
2022-08-05,1416,1428.75,1392.75,1408.75
2022-08-08,1398.5,1421,1391.25,1400
2022-08-09,1410,1438.5,1408.75,1428.75
2022-08-10,1428.5,1454.75,1422,1427.75
2022-08-11,1425.5,1453.75,1418.25,1448.5
2022-08-12,1448,1464.75,1415.25,1454.25
2022-08-15,1441.75,1443.75,1386,1412.25
2022-08-16,1409,1413.75,1376,1381
2022-08-17,1382.5,1400,1379,1390
2022-08-18,1390,1413,1376.5,1405.25
2022-08-19,1405.75,1410,1386.25,1404
2022-08-22,1398,1438.5,1393,1435.25
2022-08-23,1435.5,1474.75,1431.25,1461
2022-08-24,1461.5,1484.5,1447.5,1457
2022-08-25,1456.75,1467,1428.5,1431.25
2022-08-26,1430,1464.75,1426.5,1461.25
2022-08-29,1458,1460.75,1432,1437.75
2022-08-30,1437.75,1440,1408.25,1432.5
2022-08-31,1432,1442.5,1416,1422.5
2022-09-01,1420,1433,1390,1394.75
2022-09-02,1395,1422,1391.75,1420.5
2022-09-06,1415,1423,1392.25,1398.75
2022-09-07,1398.5,1432.25,1380.75,1383.5
2022-09-08,1384,1397.25,1373,1386
2022-09-09,1388.25,1415.75,1387.25,1412.25
2022-09-12,1409,1490.25,1402.25,1488.25
2022-09-13,1486.5,1508.75,1475.75,1478.75
2022-09-14,1475,1489.5,1453.5,1455
2022-09-15,1456,1468.5,1444,1451.5
2022-09-16,1449,1455,1433.75,1448.5
2022-09-19,1446,1465.75,1438.25,1461.25
2022-09-20,1461.75,1485.5,1450.75,1478.75
2022-09-21,1476.5,1488.75,1459.5,1461.25
2022-09-22,1456.5,1476,1448.75,1457
2022-09-23,1455,1456,1420.5,1425.75
2022-09-26,1424.5,1433.75,1408.25,1411.25
2022-09-27,1411.25,1437.25,1407,1408
2022-09-28,1409,1412.5,1390.75,1408.75
2022-09-29,1408.75,1423.75,1403.25,1410.75
2022-09-30,1410.5,1425.75,1363.25,1364.75
2022-10-03,1364,1376.5,1361.25,1374
2022-10-04,1373.75,1395,1371.75,1383.5
2022-10-05,1382.75,1385.25,1362.5,1369.75
2022-10-06,1369.5,1376.75,1350,1358
2022-10-07,1358,1373.5,1350.75,1367
2022-10-10,1367,1398.75,1366.5,1374
2022-10-11,1373.25,1385.25,1365.25,1376.25
2022-10-12,1373,1414,1367.5,1396
2022-10-13,1394.5,1405,1378.75,1395.75
2022-10-14,1394,1410,1382.75,1383.75
2022-10-17,1381.5,1395,1376.25,1385.25
2022-10-18,1383,1390,1364.25,1372
2022-10-19,1371.75,1378.5,1357,1372.5
2022-10-20,1371,1396.5,1370.25,1391.5
2022-10-21,1390.25,1398.5,1375.5,1395.5
2022-10-24,1393,1393,1368.25,1372
2022-10-25,1372,1386.5,1366,1382
2022-10-26,1381.5,1397.75,1378.75,1381.75
2022-10-27,1381.25,1394.75,1378.25,1382.25
2022-10-28,1382,1390.75,1370,1387.75
2022-10-31,1415,1424,1397.75,1419.5
2022-11-01,1417,1449,1414.25,1447.75
2022-11-02,1446,1457.75,1431,1454
2022-11-03,1453,1453.5,1428,1437
2022-11-04,1436.25,1465.5,1431.5,1462.25
2022-11-07,1455,1469,1447,1450.25
2022-11-08,1450.25,1454,1440.5,1446.5
2022-11-09,1445,1457.75,1433.5,1452
2022-11-10,1452,1459.25,1420.5,1423
2022-11-11,1424.5,1458.75,1424.25,1450
2022-11-14,1449.25,1455.25,1434.25,1440.5
2022-11-15,1440,1464.75,1432.5,1457.25
2022-11-16,1454.75,1455,1423.25,1429.25
2022-11-17,1430,1431.75,1406.75,1417
2022-11-18,1419,1430.75,1412.25,1428.25
2022-11-21,1427.25,1438,1417.25,1436.75
2022-11-22,1436,1443.5,1428.25,1429.75
2022-11-23,1431.5,1441,1422.25,1436
2022-11-25,1436.75,1448,1431,1436.25
2022-11-28,1428.25,1461.75,1424,1457.25
2022-11-29,1454.75,1468.5,1449,1459.5
2022-11-30,1457.25,1478.5,1457.25,1469.5
2022-12-01,1466,1469.75,1425.25,1429.75
2022-12-02,1432,1443,1425.5,1438.5
2022-12-05,1440.5,1451,1435.25,1437.75
2022-12-06,1437.5,1472.5,1437,1455
2022-12-07,1456,1478,1455.75,1472
2022-12-08,1471,1492.25,1468,1486.25
2022-12-09,1484.25,1492.75,1477.75,1483.75
2022-12-12,1483.5,1483.5,1457.75,1460.5
2022-12-13,1461.25,1487.75,1460.75,1479.75
2022-12-14,1479.5,1487,1468,1482.25
2022-12-15,1481,1486,1468,1473.5
2022-12-16,1473.5,1486,1465.5,1480
2022-12-19,1470,1476,1460,1460.75
2022-12-20,1461.75,1486.75,1460.25,1478.5
2022-12-21,1477,1489,1475.25,1481
2022-12-22,1480,1484,1463.5,1467.75
2022-12-23,1468.75,1484,1466.25,1479
2022-12-27,1495.75,1522.75,1485,1489
2022-12-28,1490.25,1517.5,1489.5,1514.25
2022-12-29,1513,1524.25,1509,1516.25
2022-12-30,1515.5,1537.5,1514.25,1524
2023-01-03,1524.25,1529,1490,1492.25
2023-01-04,1496.5,1506.5,1480.75,1483.5
2023-01-05,1485.75,1490,1465,1470.75
2023-01-06,1474.25,1498.25,1471.5,1492.5
2023-01-09,1500,1501.75,1486.75,1488.5
2023-01-10,1487.75,1500.75,1474,1485
2023-01-11,1485,1500,1482,1493
2023-01-12,1494,1527,1493.25,1518.5
2023-01-13,1518,1533,1513.25,1527.75
2023-01-17,1518.75,1541,1512.5,1539.75
2023-01-18,1537,1548.5,1511.25,1524.5
2023-01-19,1523.5,1528.5,1509,1514.75
2023-01-20,1514.25,1521.75,1504,1506.5
2023-01-23,1500,1503,1479.75,1490.25
2023-01-24,1491.5,1506.5,1487,1488.5
2023-01-25,1488.25,1504.75,1478.25,1502.5
2023-01-26,1506.5,1526.25,1500,1523.5
2023-01-27,1521.75,1527,1506.5,1509.5
2023-01-30,1516.25,1538,1516.25,1535.25
2023-01-31,1533.5,1543.75,1524.5,1538
2023-02-01,1537.5,1542.75,1510.75,1520.25
2023-02-02,1522.75,1537.75,1522.5,1534.25
2023-02-03,1533.5,1539.75,1524.75,1532
2023-02-06,1532,1535.5,1516.75,1521.25
2023-02-07,1521,1530.5,1511,1515.25
2023-02-08,1516,1527.75,1505.75,1519.75
2023-02-09,1518.5,1533.75,1512,1519.25
2023-02-10,1518,1543.25,1515.5,1542.5
2023-02-13,1542,1555.5,1537,1542.75
2023-02-14,1542,1544.75,1532.75,1537.5
2023-02-15,1536.5,1537,1516.5,1525.75
2023-02-16,1525.25,1532.25,1520.5,1526.5
2023-02-17,1526,1533.25,1524.25,1527.25
2023-02-21,1536.5,1549,1535,1548.75
2023-02-22,1546.75,1554,1538,1539.5
2023-02-23,1539.75,1545.25,1532.75,1534.25
2023-02-24,1536.25,1544.25,1526,1529
2023-02-27,1519.75,1524.75,1508.25,1512.75
2023-02-28,1512.5,1513.25,1477.75,1479
2023-03-01,1481.5,1498.25,1480.25,1494.25
2023-03-02,1494.5,1514.75,1489.5,1509.25
2023-03-03,1509.25,1525,1507.25,1518.75
2023-03-06,1520,1538.5,1510.75,1529
2023-03-07,1528,1531,1513.25,1515.5
2023-03-08,1515,1533.75,1511,1517.75
2023-03-09,1517.5,1528.75,1505.5,1510.75
2023-03-10,1512.25,1515.5,1498,1507
2023-03-13,1514.75,1516.5,1491,1491.25
2023-03-14,1490,1496.75,1484,1493.75
2023-03-15,1494,1500,1480,1489.25
2023-03-16,1489.25,1498,1478,1491.5
2023-03-17,1492.5,1498,1470,1476.5
2023-03-20,1473,1487.75,1462,1486
2023-03-21,1483.75,1497,1465,1467
2023-03-22,1467.75,1472,1443.25,1448.5
2023-03-23,1450,1454.25,1415.25,1419.5
2023-03-24,1419.5,1432,1405,1428.25
2023-03-27,1428.75,1445.5,1423.25,1442.25
2023-03-28,1441.5,1469.75,1439.75,1467.75
2023-03-29,1466,1479.75,1462.5,1477.25
2023-03-30,1476.5,1483.5,1471,1474.5
2023-03-31,1473.25,1513.75,1468,1505.5
2023-04-03,1510,1527.75,1509.75,1522
2023-04-04,1520,1523.75,1505.5,1517.5
2023-04-05,1517.5,1527,1506.5,1511
2023-04-06,1510,1510.25,1483.25,1492.5
2023-04-10,1493.25,1499.75,1482.5,1487.25
2023-04-11,1487.75,1507.5,1486.25,1497.25
2023-04-12,1497.5,1510.5,1491,1504.25
2023-04-13,1504.25,1522.25,1500.5,1501
2023-04-14,1502,1503.75,1490,1500.5
2023-04-17,1500.5,1519,1496.25,1517
2023-04-18,1515.75,1531.5,1511,1519.25
2023-04-19,1517.25,1521.5,1506,1506.5
2023-04-20,1505,1506,1488.25,1497.5
2023-04-21,1497,1500,1480,1483.5
2023-04-24,1450.25,1462.25,1434,1436
2023-04-25,1434.5,1439.75,1411.25,1417.5
2023-04-26,1417.75,1428.25,1412,1414.75
2023-04-27,1414.75,1417.25,1401.75,1403.75
2023-04-28,1406.5,1423.5,1396.5,1419.25
2023-05-01,1419.25,1429.25,1413,1427.5
2023-05-02,1427,1440,1408,1410.75
2023-05-03,1411,1418.75,1392.25,1417.5
2023-05-04,1415.25,1423.5,1405,1417.75
2023-05-05,1417,1438.75,1416,1436.5
2023-05-08,1436.5,1446.75,1430,1433.75
2023-05-09,1432.25,1432.5,1410.5,1414.25
2023-05-10,1414.5,1418.25,1402.5,1404
2023-05-11,1403,1413.5,1385.25,1405.5
2023-05-12,1405.25,1416.75,1388.5,1390
2023-05-15,1388.75,1411.5,1386.25,1400.75
2023-05-16,1400,1401.75,1358.75,1364
2023-05-17,1365,1365.75,1332.75,1337
2023-05-18,1336.5,1348,1323.25,1333.25
2023-05-19,1333.25,1345,1304.75,1307.25
2023-05-22,1308.25,1344.25,1304.75,1341.25
2023-05-23,1341,1341.25,1315.5,1322.5
2023-05-24,1322.5,1337.75,1316,1324.5
2023-05-25,1324.25,1333.5,1305,1324
2023-05-26,1323.75,1343.5,1322,1337.25
2023-05-30,1337.25,1337.25,1294.25,1296.5
2023-05-31,1298,1302.75,1270.75,1299.75
2023-06-01,1299.75,1335.25,1299.25,1329.5
2023-06-02,1329,1355.25,1322,1352.5
2023-06-05,1353.25,1361.5,1343.5,1350
2023-06-06,1352,1364,1340.25,1353.25
2023-06-07,1353.25,1370.75,1350,1360.75
2023-06-08,1358,1371.75,1352,1363.25
2023-06-09,1360.5,1388,1356.25,1386.5
2023-06-12,1390,1392.75,1368.5,1372.75
2023-06-13,1373.25,1415.5,1371.75,1399.25
2023-06-14,1398.75,1399,1380,1388.25
2023-06-15,1389.75,1432,1387.5,1428.25
2023-06-16,1426,1468.25,1426,1466.5
2023-06-20,1472.75,1489.25,1459.75,1477.25
2023-06-21,1489,1521.25,1479,1514.75
2023-06-22,1513.25,1519.5,1468.5,1500.5
2023-06-23,1500,1501.5,1470.25,1494.5
2023-06-26,1400,1430.75,1389,1424.5
2023-06-27,1425,1428.25,1391.75,1395.5
2023-06-28,1390.5,1401.25,1351.25,1361
2023-06-29,1359,1369.75,1356,1367.75
2023-06-30,1367.25,1453.25,1365.25,1442
2023-07-03,1343.75,1391.75,1343.25,1353.75
2023-07-05,1364,1378.75,1338,1355
2023-07-06,1352.25,1362.75,1331,1339.5
2023-07-07,1340,1343.25,1315.5,1317.75
2023-07-10,1328,1353.5,1317.75,1345.5
2023-07-11,1346.5,1367.25,1344,1360.25
2023-07-12,1359.5,1378,1325,1327.75
2023-07-13,1327,1370.75,1325.5,1369.75
2023-07-14,1367.75,1384.25,1355,1370.75
2023-07-17,1385,1388.75,1369,1378
2023-07-18,1371.5,1405,1368.25,1395.25
2023-07-19,1395,1428.75,1390,1408.75
2023-07-20,1405,1418.25,1398.5,1404.75
2023-07-21,1401.25,1408.75,1385.25,1401.75
2023-07-24,1410,1435,1401.5,1424.5
2023-07-25,1422.25,1428.75,1402.75,1420
2023-07-26,1416.25,1428,1407.25,1420
2023-07-27,1419.25,1432,1395.5,1398
2023-07-28,1397.75,1401.5,1379,1382.5
2023-07-31,1375.5,1375.5,1322.75,1331.75
2023-08-01,1335,1344.5,1326.25,1341.25
2023-08-02,1344,1354,1315,1321.25
2023-08-03,1321.5,1337.25,1318.5,1325.25
2023-08-04,1326,1345.75,1322.5,1333.25
2023-08-07,1324.5,1327,1291,1302
2023-08-08,1302,1311,1282.25,1306
2023-08-09,1306.75,1323,1306.25,1308.5
2023-08-10,1308.5,1328,1305,1318.25
2023-08-11,1319.25,1338,1297.5,1307.5
2023-08-14,1313,1328.5,1308,1326
2023-08-15,1317.5,1334.5,1303,1305.25
2023-08-16,1305.25,1331.5,1303,1323.5
2023-08-17,1324.25,1341,1320.5,1330
2023-08-18,1331.25,1355.5,1331.25,1353.25
2023-08-21,1362.25,1381,1355.5,1361.75
2023-08-22,1361.75,1373.5,1339,1346
2023-08-23,1346,1364.25,1332.5,1360.5
2023-08-24,1360,1373,1356.5,1371.75
2023-08-25,1370,1390.5,1368,1387.75
2023-08-28,1398.25,1409.5,1394.75,1405.75
2023-08-29,1393,1405,1392,1392.5
2023-08-30,1390.75,1401,1380.5,1386.75
2023-08-31,1386.75,1392,1367.25,1368.75
2023-09-01,1369,1385,1366,1369.25
2023-09-05,1369,1376.5,1358,1365
2023-09-06,1377,1384.75,1370,1376.25
2023-09-07,1376.25,1378,1357,1359.5
2023-09-08,1360,1365,1352.5,1363
2023-09-11,1363,1373.25,1362.25,1369
2023-09-12,1369,1372.25,1340.75,1346.5
2023-09-13,1344.75,1351.25,1333.75,1349.75
2023-09-14,1349.75,1364.5,1346.25,1360.5
2023-09-15,1360.5,1367.75,1338.25,1340.25
2023-09-18,1340,1344.5,1315.5,1316.75
2023-09-19,1315,1319.75,1308,1315.5
2023-09-20,1315.25,1322.75,1310.25,1320
2023-09-21,1319.75,1322,1293,1293.75
2023-09-22,1294,1303,1292.5,1296.25
2023-09-25,1295.25,1300,1284.5,1297.75
2023-09-26,1299.25,1307.75,1289,1302.75
2023-09-27,1302.75,1317,1297.5,1303.25
2023-09-28,1303,1307,1287,1300.5
2023-09-29,1300.5,1305.5,1272.5,1275
2023-10-02,1272.5,1279.5,1265.75,1277
2023-10-03,1276.5,1278.75,1256.75,1272.75
2023-10-04,1272,1285,1268.75,1273
2023-10-05,1271.75,1283.75,1262,1280.75
2023-10-06,1279.5,1287.25,1263.5,1266
2023-10-09,1267,1277.5,1258.25,1264.25
2023-10-10,1263,1273.25,1254.25,1271.5
2023-10-11,1271.5,1274.25,1251,1252.5
2023-10-12,1252.5,1299.75,1250.5,1290
2023-10-13,1286.75,1298.5,1273.5,1280.25
2023-10-16,1280,1289,1279.5,1286.25
2023-10-17,1286,1303.5,1285.5,1296.75
2023-10-18,1297,1313,1293.25,1311
2023-10-19,1311,1317.75,1300.25,1315.5
2023-10-20,1315,1318.5,1301,1302.25
2023-10-23,1302,1304,1286,1286.75
2023-10-24,1287,1297.75,1280.5,1295.25
2023-10-25,1293,1301.25,1278,1288.25
2023-10-26,1287.5,1297.75,1277.5,1279.5
2023-10-27,1279.25,1303.5,1277.75,1297.25
2023-10-30,1319.5,1331.25,1305.5,1307.25
2023-10-31,1307.25,1321.5,1300,1310.5
2023-11-01,1311,1319.25,1304.75,1315
2023-11-02,1315.25,1330,1315,1328.25
2023-11-03,1327,1355,1326.25,1351.75
2023-11-06,1352,1369.75,1352,1364
2023-11-07,1362.25,1380,1356.75,1362
2023-11-08,1362,1384.5,1361,1365.75
2023-11-09,1366.5,1373,1336,1343.5
2023-11-10,1345.75,1349.75,1337,1347.5
2023-11-13,1353.75,1386,1350.25,1382.5
2023-11-14,1382.75,1391.5,1368.5,1389.75
2023-11-15,1389,1398.5,1379.5,1385
2023-11-16,1385,1387.75,1353.75,1360.25
2023-11-17,1360,1361.5,1336.75,1340.25
2023-11-20,1339.25,1368,1327,1367.25
2023-11-21,1365.5,1389.25,1364,1377.25
2023-11-22,1377,1378.5,1354.25,1356.5
2023-11-24,1354.5,1355,1329.5,1330.75
2023-11-27,1329.5,1339,1323.5,1329.75
2023-11-28,1330.25,1350,1329.5,1346.5
2023-11-29,1346.5,1352,1337,1347
2023-11-30,1347,1351.5,1339.25,1342.75
2023-12-01,1342,1343.5,1323.5,1325
2023-12-04,1322.5,1329.25,1303.5,1306.25
2023-12-05,1307.25,1315.25,1294,1305.5
2023-12-06,1309.25,1313.5,1293.75,1295.5
2023-12-07,1296,1318.25,1292,1311.75
2023-12-08,1312.5,1330.75,1299,1304
2023-12-11,1309.5,1338.5,1307,1336
2023-12-12,1337.25,1344,1320.5,1323.75
2023-12-13,1323,1323.5,1302.5,1307.5
2023-12-14,1311,1319.25,1304,1314
2023-12-15,1317,1320.5,1304,1315.75
2023-12-18,1318,1328,1307,1327
2023-12-19,1326.5,1328.75,1309.5,1312.5
2023-12-20,1312.5,1321.75,1305.5,1308.25
2023-12-21,1309.5,1310,1295,1297.25
2023-12-22,1296.75,1308,1294,1299.75
2023-12-26,1299.75,1314.5,1296,1313.25
2023-12-27,1310.5,1318.75,1303,1316.75
2023-12-28,1315.75,1324.25,1303,1305.25
2023-12-29,1304.75,1311.75,1292.25,1293.5
2024-01-02,1289.5,1289.5,1266,1274
2024-01-03,1271.5,1275.25,1268,1269.5
2024-01-04,1274.25,1274.25,1260.25,1262
2024-01-05,1261.25,1261.25,1249.75,1249.75
2024-01-08,1258,1261,1236,1245.5
2024-01-09,1245.25,1251.5,1234,1248.5
2024-01-10,1249,1250,1235.25,1236.5
2024-01-11,1236.25,1249.75,1234.25,1236.5
2024-01-12,1237,1246.75,1203,1224.25
2024-01-16,1227,1237.75,1220.75,1227.25
2024-01-17,1227.25,1231,1205,1205.75
2024-01-18,1206,1216,1201,1213.5
2024-01-19,1213,1227,1210.75,1213.25
2024-01-22,1216.75,1225.75,1209.5,1224.25
2024-01-23,1224.25,1240.5,1221.5,1239.5
2024-01-24,1239,1246,1235.25,1240.25
2024-01-25,1240,1247.5,1215.5,1223
2024-01-26,1223.5,1230.75,1208.5,1209.25
2024-01-29,1210.75,1212.5,1191.5,1194.25
2024-01-30,1193.75,1221.25,1187.75,1218.75
2024-01-31,1218.75,1223,1206.75,1222.25
2024-02-01,1221.25,1221.75,1199.5,1203.25
2024-02-02,1203.25,1208.25,1186.75,1188.5
2024-02-05,1190,1198.5,1179.5,1196.25
2024-02-06,1196,1205.5,1193.75,1199.5
2024-02-07,1199,1202,1179.25,1189
2024-02-08,1187,1204.75,1180.5,1193.5
2024-02-09,1195,1198,1181.5,1183.5
2024-02-12,1183.75,1196.75,1182.5,1193
2024-02-13,1191.75,1197.5,1183,1186.25
2024-02-14,1186.25,1190,1168.25,1170.5
2024-02-15,1168,1174.75,1160.25,1162.25
2024-02-16,1163.75,1173.75,1162.25,1172.25
2024-02-20,1177.75,1188.5,1174,1179
2024-02-21,1179,1179.25,1157.5,1160.75
2024-02-22,1161,1167.25,1146.75,1147.75
2024-02-23,1148,1154,1130.25,1133
2024-02-26,1145,1151,1133.5,1145.25
2024-02-27,1145,1161.5,1138.5,1140.75
2024-02-28,1141.5,1151.5,1134,1145.25
2024-02-29,1144.75,1148.75,1128.5,1140.75
2024-03-01,1139,1152.25,1137.25,1151.25
2024-03-04,1152.25,1165.75,1151,1155
2024-03-05,1155,1158.75,1146.75,1149
2024-03-06,1149.25,1153.5,1140.25,1148.25
2024-03-07,1149,1167,1147,1166.25
2024-03-08,1165,1185,1153.75,1184
2024-03-11,1185.25,1189.25,1175,1179.25
2024-03-12,1179,1196.5,1175.75,1196
2024-03-13,1192.25,1199.25,1182.75,1196.75
2024-03-14,1196,1217.5,1191.5,1195.25
2024-03-15,1194.5,1200,1183.5,1198.25
2024-03-18,1198.5,1206,1186.75,1187.75
2024-03-19,1188,1192.25,1181,1185.5
2024-03-20,1185.5,1211.75,1183.5,1209.5
2024-03-21,1209,1226.75,1204,1212
2024-03-22,1211,1211.25,1189.25,1192.5
2024-03-25,1194,1210,1188.5,1209.25
2024-03-26,1207.5,1208,1197.75,1199
2024-03-27,1196.75,1198,1189.5,1192.5
2024-03-28,1191.75,1199.5,1177,1191.5
2024-04-01,1196.25,1201.75,1181.5,1185.75
2024-04-02,1185.5,1199.75,1171,1174
2024-04-03,1175.5,1186.75,1168.5,1182.25
2024-04-04,1182.25,1186.75,1170.25,1180
2024-04-05,1178,1190.75,1173,1185
2024-04-08,1187.75,1193.25,1180.5,1181.5
2024-04-09,1181.5,1184.25,1172,1174.5
2024-04-10,1174.75,1180.75,1163,1164.75
2024-04-11,1163.75,1166.25,1151,1159.25
2024-04-12,1158.5,1179.75,1154,1174
2024-04-15,1173.25,1176,1155.5,1158.25
2024-04-16,1157.25,1163,1143.25,1145
2024-04-17,1145,1155.25,1141.75,1149.5
2024-04-18,1149,1149.75,1133,1134.25
2024-04-19,1134,1153,1131.75,1150.5
2024-04-22,1147.75,1167,1144.5,1161
2024-04-23,1161,1169,1158,1167.5
2024-04-24,1166.5,1177.5,1164,1166
2024-04-25,1164.75,1166.5,1150.5,1162.75
2024-04-26,1162.25,1164,1155,1159.5
2024-04-29,1176,1190.25,1175,1182
2024-04-30,1182,1184,1158.75,1163
2024-05-01,1161,1171.5,1156.25,1170.25
2024-05-02,1170.25,1201.75,1170.25,1199
2024-05-03,1198.25,1216.5,1197.75,1215
2024-05-06,1214.75,1251.25,1207,1248.75
2024-05-07,1247,1256.5,1240.25,1246.5
2024-05-08,1244,1248,1225.5,1227.75
2024-05-09,1227.75,1236.75,1206.25,1208.5
2024-05-10,1210.25,1222.5,1204.5,1219
2024-05-13,1219,1228.25,1211.5,1219.5
2024-05-14,1219.25,1222.5,1203.5,1214.5
2024-05-15,1215,1232.25,1209.5,1213.5
2024-05-16,1214,1219.75,1210,1216.25
2024-05-17,1216.5,1231.25,1215.25,1228
2024-05-20,1227.25,1250.75,1224,1248
2024-05-21,1246.5,1249.25,1230,1236.25
2024-05-22,1235,1249.75,1233.25,1246.25
2024-05-23,1245.75,1258.25,1236,1239.25
2024-05-24,1239,1251,1236,1248
2024-05-28,1250.25,1254.75,1226.25,1229.5
2024-05-29,1229,1231.25,1212.5,1214
2024-05-30,1213,1220,1207.25,1209.75
2024-05-31,1209.75,1223.75,1202.75,1205
2024-06-03,1204.25,1205.5,1182.5,1184.5
2024-06-04,1184,1189.5,1176,1179
2024-06-05,1180.25,1191.75,1175.25,1177.25
2024-06-06,1176.5,1204.5,1176,1200
2024-06-07,1200.5,1202.5,1174.25,1179.25
2024-06-10,1179.25,1190.75,1175.5,1188.25
2024-06-11,1188.25,1193,1177,1178
2024-06-12,1177.25,1186.5,1171,1177.25
2024-06-13,1177,1191.25,1171,1189.5
2024-06-14,1188.75,1189,1178,1179.75
2024-06-17,1179,1179,1157.5,1157.75
2024-06-18,1158.25,1175.75,1156.5,1174
2024-06-20,1173,1175.75,1155,1155.25
2024-06-21,1156,1168.75,1156,1160.5
2024-06-24,1147,1162.5,1141.25,1160.5
2024-06-25,1160,1162,1140.75,1145.5
2024-06-26,1145.25,1157.75,1140,1142.25
2024-06-27,1140.5,1149.25,1133.75,1136.25
2024-06-28,1136.25,1155.5,1130.5,1133.5
2024-07-01,1133.5,1147,1129.75,1146
2024-07-02,1145,1161.75,1143.75,1150.25
2024-07-03,1150.25,1162.5,1146,1157.75
2024-07-05,1157,1169.75,1150.5,1166.25
2024-07-08,1162,1162.5,1142,1149
2024-07-09,1147,1153,1128.5,1131.25
2024-07-10,1131,1138,1112,1113.25
2024-07-11,1113.25,1124.75,1108,1117
2024-07-12,1117,1119,1102.5,1105
2024-07-15,1100,1101,1075.75,1078
2024-07-16,1076.75,1096.5,1076.75,1090.5
2024-07-17,1090,1102.5,1090,1097.25
2024-07-18,1097.5,1101,1089,1098.5
2024-07-19,1098,1107.75,1095,1097.25
2024-07-22,1100.5,1119.75,1100.5,1117.75
2024-07-23,1116.5,1129,1111,1117.5
2024-07-24,1115.25,1123.25,1104.5,1111
2024-07-25,1111,1120.5,1103.5,1116
2024-07-26,1113.25,1117.25,1071.5,1077.5
2024-07-29,1038.5,1038.5,1008.5,1030
2024-07-30,1028.25,1033,1008.5,1011
2024-07-31,1010,1021.75,1005.25,1014.5
2024-08-01,1014.5,1018.5,1005.75,1009
2024-08-02,1008.25,1023,1007,1018
2024-08-05,1020.25,1032.75,1004.75,1031.5
2024-08-06,1031.25,1032.25,1011.75,1014
2024-08-07,1014.25,1015.5,1000.5,1005.25
2024-08-08,1004.75,1011.5,991.5,993.5
2024-08-09,994,1001,987.25,988.75
2024-08-12,987.5,988.75,959.5,971.25
2024-08-13,971.25,973.25,945.25,947.25
2024-08-14,945.5,958.25,940,952.25
2024-08-15,951.75,961,950.5,951.5
2024-08-16,950.5,952.5,936.25,938.75
2024-08-19,938,957.5,938,956.25
2024-08-20,955.25,966.25,950.75,957.25
2024-08-21,957,966,955.5,963
2024-08-22,962,963,940,941.25
2024-08-23,941.75,954,941.25,952
2024-08-26,965,982.25,960.5,980.75
2024-08-27,979.25,991.5,977.25,986.5
2024-08-28,986.5,988,972.75,977
2024-08-29,975.5,992.75,975,992.5
2024-08-30,991,1007.75,989.5,1000
2024-09-03,1000,1024.5,995.25,1012
2024-09-04,1012,1023,1000.75,1021.5
2024-09-05,1020,1024.75,1010,1023.5
2024-09-06,1022,1031.25,1003.5,1005
2024-09-09,1002.25,1020.25,1001.75,1018
2024-09-10,1017.25,1018.75,995.75,997.25
2024-09-11,996.5,1008,995.5,1000.5
2024-09-12,1001,1017.25,997.25,1010.75
2024-09-13,1011.5,1021,1002.25,1006.25
2024-09-16,1005,1012,999,1004.5
2024-09-17,1003.75,1011,1002,1006
2024-09-18,1007,1022,1006.25,1014
2024-09-19,1015,1018.25,1006.75,1013.25
2024-09-20,1012.5,1019,1001.25,1012
2024-09-23,1012,1041.75,1012,1039.25
2024-09-24,1037,1058.25,1032.75,1042.25
2024-09-25,1042,1054.5,1031.25,1053.25
2024-09-26,1051.75,1064.75,1039.75,1041
2024-09-27,1039.75,1069.5,1034.25,1065.75
2024-09-30,1060.25,1069.75,1052,1057
2024-10-01,1055.75,1065.5,1045,1057.25
2024-10-02,1055,1063.75,1042.5,1056
2024-10-03,1053.75,1056.25,1041.75,1046
2024-10-04,1045,1055.25,1036.25,1037.75
2024-10-07,1033.5,1039,1026.5,1034
2024-10-08,1032.5,1039.5,1011.5,1016.25
2024-10-09,1015,1027.25,1011.5,1020.25
2024-10-10,1019.75,1025.5,1011.75,1014.75
2024-10-11,1014.5,1023.75,1004,1005.5
2024-10-14,1002,1008.5,995.5,996
2024-10-15,995,996,981,991
2024-10-16,991,1001.5,978.25,980
2024-10-17,978.75,991.25,968.25,988.75
2024-10-18,989.5,995.5,969.25,970
2024-10-21,970,983.75,969,981
2024-10-22,980.5,997,976.75,991.75
2024-10-23,992,999.75,985,997.5
2024-10-24,997.5,1012.25,994.25,996.25
2024-10-25,996.25,996.25,984,987.75
2024-10-28,995.25,995.25,985.5,986
2024-10-29,986.75,991.5,978.5,979
2024-10-30,978.5,992.75,977.25,991.25
2024-10-31,991.25,999.25,988.25,994.5
2024-11-01,995.5,1008.75,988.75,993.75
2024-11-04,996.5,1008,994,997.25
2024-11-05,997,1006.25,996.25,1001.75
2024-11-06,999.25,1007.75,982,1003.75
2024-11-07,1004,1027.75,1000.5,1026.25
2024-11-08,1025,1044,1017.5,1030.25
2024-11-11,1030,1042.25,1019.5,1022.25
2024-11-12,1023.75,1027.5,1003.75,1010.5
2024-11-13,1011.5,1012.75,1001.75,1007.75
2024-11-14,1006.5,1013.75,986.25,987.5
2024-11-15,988,1005.25,987.25,998.5
2024-11-18,1002.5,1011.5,989.5,1009.75
2024-11-19,1009.75,1012.75,995.25,998.5
2024-11-20,998.5,1001.5,985.25,990.5
2024-11-21,991,998.75,976.25,977.75
2024-11-22,980.75,985.25,975.25,983.5
2024-11-25,987.5,993.25,983,985.75
2024-11-26,980,991.25,976.75,983.5
2024-11-27,984,994.25,983.25,988.75
2024-11-29,993.25,998,982.75,989.5
2024-12-02,989.5,990.5,977.5,985.25
2024-12-03,985,999,983.5,991.75
2024-12-04,991.5,992,980.5,983.75
2024-12-05,983.5,994.75,982.25,993.75
2024-12-06,993,997.5,987.75,993.75
2024-12-09,992.25,1003.5,985.75,990
2024-12-10,990,1000,988.5,994.75
2024-12-11,994,1001,988,995.5
2024-12-12,995,998.25,988.5,995.75
2024-12-13,994.25,995,986,988.25
2024-12-16,987.5,993.5,981,982
2024-12-17,982.5,986.25,970.5,976.75
2024-12-18,976.75,977.5,950.25,951.75
2024-12-19,950.25,964.75,945.25,963
2024-12-20,962.5,977.5,960,974.5
2024-12-23,974.5,979.25,968,969.5
2024-12-24,968.25,975.75,966,975.25
2024-12-26,979,989.75,975,988
2024-12-27,986.5,989.25,979.25,980
2024-12-30,983.5,994.75,974.75,982
2024-12-31,980.5,999.5,980,998.25
2025-01-02,996.5,1004,990.75,999.5
2025-01-03,1002.25,1002.25,978.75,981
2025-01-06,993.75,1009.75,993.25,997.75
2025-01-07,997,998.25,985.5,997.25
2025-01-08,996.75,1001,991.75,994.5
2025-01-09,994,1000,985.75,999
2025-01-10,996.5,1033.5,996.5,1025.25
2025-01-13,1024.75,1053.5,1024.25,1053
2025-01-14,1051.25,1064,1043.25,1047.5
2025-01-15,1046,1054,1039.75,1042.75
2025-01-16,1042,1042.75,1018.5,1019
2025-01-17,1019,1039,1019,1034
2025-01-21,1045,1068,1039,1067.25
2025-01-22,1066,1073.5,1051.75,1056
2025-01-23,1055,1076.25,1047.75,1065.5
2025-01-24,1051,1063,1046.75,1055.75
2025-01-27,1050,1051,1040,1045
2025-01-28,1042.75,1050.75,1041,1045
2025-01-29,1045,1061.75,1044.5,1060.5
2025-01-30,1060,1060.5,1042,1044
2025-01-31,1042.75,1052,1034,1042
2025-02-03,1032,1060.25,1031.75,1058.25
2025-02-04,1057.5,1077.25,1048.25,1075
2025-02-05,1073.5,1079.75,1053,1057
2025-02-06,1057.25,1066.5,1049.75,1060.5
2025-02-07,1060.5,1063.75,1047.5,1049.5
2025-02-10,1046.5,1052.25,1043,1049.5
2025-02-11,1049,1057,1041.5,1043.5
2025-02-12,1043.5,1047,1024.5,1027.75
2025-02-13,1028.5,1032.5,1024,1030
2025-02-14,1030,1046.75,1029.5,1036
2025-02-18,1033,1041.75,1026,1038.5
2025-02-19,1037,1047.75,1029.25,1031.75
2025-02-20,1032.25,1046,1031.75,1045.5
2025-02-21,1043.75,1049.25,1036.5,1039.5
2025-02-24,1038.25,1043,1027,1029
2025-02-25,1029,1035,1019.5,1031.25
2025-02-26,1030,1032.75,1021.25,1024.5
2025-02-27,1024,1034,1021,1022.75
2025-02-28,1023.25,1031.5,1011,1011.5
2025-03-03,1026,1031.25,1008,1011.5
2025-03-04,1010.75,1013,991,999
2025-03-05,1004,1015,995.75,1011.75
2025-03-06,1015.5,1036.5,1013.75,1027.25
2025-03-07,1027.25,1031.5,1021,1025
2025-03-10,1029.25,1032.5,1012.25,1014
2025-03-11,1013,1021.25,1009.75,1011.25
2025-03-12,1011,1014,994,1000.5
2025-03-13,1002,1018,999.5,1010.75
2025-03-14,1009,1018,1005.5,1016
2025-03-17,1016.25,1021.75,1010.25,1015.5
2025-03-18,1015,1021.75,1011.25,1012.75
2025-03-19,1012,1016,1006.5,1008.25
2025-03-20,1009,1014.5,1004,1013
2025-03-21,1013.5,1016.75,1004.25,1009.75
2025-03-24,1010,1011.5,1003.25,1007.25
2025-03-25,1007,1007.75,998.25,1001.75
2025-03-26,1002.75,1008.75,997.5,1001
2025-03-27,1001,1017.75,999.75,1016.75
2025-03-28,1015,1023.5,1009,1023
2025-03-31,1023,1031.5,1013.25,1014.75
2025-04-01,1014.75,1034.75,1010.5,1034.25
2025-04-02,1032,1033,1024.5,1029.5
2025-04-03,1011,1020.25,1005.25,1011.5
2025-04-04,1011,1012.75,970.25,977
2025-04-07,971.75,993.5,969.5,983
2025-04-08,983.25,1002.25,982.5,992.75
2025-04-09,989,1015.5,987.5,1012.75
2025-04-10,1015.25,1029.5,1010.75,1029
2025-04-11,1026.5,1044.5,1021.75,1042.75
2025-04-14,1040.75,1049.5,1036.75,1041.75
2025-04-15,1040.5,1041.25,1030.75,1036
2025-04-16,1035.25,1045.75,1028,1038.75
2025-04-17,1038,1045.25,1032,1036.5
2025-04-21,1039.75,1043.75,1029,1029.5
2025-04-22,1030.75,1039.5,1030,1035
2025-04-23,1037.5,1046,1034.25,1040.25
2025-04-24,1042,1055,1039,1053
2025-04-25,1053,1058,1046.75,1049.75
2025-04-28,1058.5,1064,1051.5,1062.5
2025-04-29,1062,1063.25,1045.75,1052.75
2025-04-30,1052.5,1054.5,1038.5,1044.5
2025-05-01,1044,1054.5,1036.75,1050.25
2025-05-02,1050.25,1062,1050,1058
2025-05-05,1052.75,1057,1044.25,1045.5
2025-05-06,1045.25,1046.75,1036.5,1041.25
2025-05-07,1045,1056,1038.25,1039.25
2025-05-08,1039,1048,1036.5,1045
2025-05-09,1044.5,1058.25,1040.5,1051.75
2025-05-12,1064,1074.75,1052.5,1071.25
2025-05-13,1069.5,1076.25,1053.25,1072.5
2025-05-14,1073.5,1082,1071.5,1077.75
2025-05-15,1073,1073.25,1046,1051.25
2025-05-16,1052.5,1059.75,1047.25,1050
2025-05-19,1050.25,1056,1045.75,1050.75
2025-05-20,1050.75,1056.75,1046.25,1053
2025-05-21,1052.75,1067.5,1052.75,1062.75
2025-05-22,1057,1070.75,1051,1067.5
2025-05-23,1071,1073.25,1055.5,1060.25
2025-05-27,1061.25,1067.75,1059,1062.5
2025-05-28,1061.75,1064.25,1047.5,1048.5
2025-05-29,1055.5,1055.75,1040,1051.75
2025-05-30,1049,1050.5,1040.25,1041.75
2025-06-02,1042.25,1042.75,1032.5,1033.5
2025-06-03,1034.5,1044,1032.75,1040.75
2025-06-04,1040.5,1053,1037.75,1045
2025-06-05,1044.75,1056.75,1040,1051.75
2025-06-06,1050.75,1060.5,1047,1057.25
2025-06-09,1057.5,1061.75,1053.5,1056
2025-06-10,1057.25,1063.75,1055.75,1057.75
2025-06-11,1057.75,1062.75,1049.25,1050.5
2025-06-12,1049,1056.25,1038.5,1042.25
2025-06-13,1042.25,1071,1040.75,1069.75
2025-06-16,1069.5,1079.25,1064.25,1069.75
2025-06-17,1069.75,1075.25,1063.75,1074
2025-06-18,1072.25,1079.75,1069.5,1074.75
2025-06-20,1074,1080.5,1067,1068
2025-06-23,1072.5,1073.75,1056,1058.75
2025-06-24,1055,1062.25,1046.25,1046.75
2025-06-25,1047.25,1054.75,1023.5,1025.25
2025-06-26,1027.25,1030.5,1017.25,1022.75
2025-06-27,1023.25,1034.25,1020,1027.75
2025-06-30,1034.25,1044.25,1023.25,1029.75
2025-07-01,1027.25,1031.5,1016.75,1029.75
2025-07-02,1032,1054.25,1029.5,1053.5
2025-07-03,1052.5,1064.25,1050.75,1055.5
2025-07-07,1046.75,1047,1028.75,1031.5
2025-07-08,1030.5,1032.75,1020.25,1021.25
2025-07-09,1020.25,1024.5,1007.75,1009
2025-07-10,1007,1014,1001.75,1012.5
2025-07-11,1012.5,1016.25,999.75,1004.25
2025-07-14,1000,1009.75,994.5,1001
2025-07-15,997.25,1002.5,993,995
2025-07-16,996.25,1014.5,996,1013.5
2025-07-17,1012.5,1022.5,1009.5,1021.5
2025-07-18,1021.25,1037.25,1020.25,1027.75
2025-07-21,1024,1028.5,1011.5,1015
2025-07-22,1016,1017.5,1005,1010.25
2025-07-23,1010.5,1019.25,1004.75,1005.75
2025-07-24,1005,1010.75,999,1004.25
2025-07-25,1004.75,1008.25,996.5,998.75
2025-07-28,998,999.5,991,992.5
2025-07-29,991.5,994.75,984.5,989.5
2025-07-30,989.5,992,975.5,975.75
2025-07-31,975.75,980.5,967.75,969.5
2025-08-01,970.25,974.75,966.25,969.5
2025-08-04,990.5,996.75,986,994.5
2025-08-05,993,1002.25,989.5,990.75
2025-08-06,990,995.25,981.25,984.5
2025-08-07,985.25,994.75,983,993.75
2025-08-08,993,998,986,987.5
2025-08-11,987.5,1015,984.5,1011.25
2025-08-12,1009.5,1035,994,1032.75
2025-08-13,1029.5,1047.25,1028,1044.25
2025-08-14,1041.5,1049.25,1027.75,1028.5
2025-08-15,1029.25,1043.75,1026.75,1042.5
2025-08-18,1042,1047.75,1034.5,1041.25
2025-08-19,1042,1046,1030.5,1033.75
2025-08-20,1034,1040.5,1031.25,1036
2025-08-21,1036,1056.75,1032.25,1056
2025-08-22,1054.75,1062.75,1052,1058.5
2025-08-25,1057.75,1061.75,1046,1047.75
2025-08-26,1047,1055.75,1041.75,1049.5
2025-08-27,1049,1054,1044.25,1047.5
2025-08-28,1047.75,1049.25,1039.75,1048
2025-08-29,1048.25,1055,1042,1054.5
2025-09-02,1052.25,1053,1036.25,1041
2025-09-03,1043.5,1047.75,1030.75,1031.5
2025-09-04,1031.5,1034.25,1021.5,1033
2025-09-05,1033.5,1037.25,1025.75,1027
2025-09-08,1027,1035,1023.5,1033.75
2025-09-09,1034,1036,1029.25,1031.25
2025-09-10,1031,1032,1024,1025.25
2025-09-11,1024.75,1035.75,1022.75,1033.5
2025-09-12,1034.5,1049,1028,1046.25
2025-09-15,1043,1051.25,1039.75,1042.75
2025-09-16,1043,1052.5,1041.75,1049.75
2025-09-17,1049.25,1052.75,1042,1043.75
2025-09-18,1043.75,1044.5,1035.25,1037.5
2025-09-19,1038.5,1047.75,1024,1025.5
2025-09-22,1024.25,1025,1006.25,1011
2025-09-23,1010.75,1015.5,1005,1012
2025-09-24,1011.25,1020.25,1005.75,1009
2025-09-25,1008.5,1017,1006.5,1012.25
2025-09-26,1012,1015.75,1008.75,1013.75
2025-09-29,1011.75,1013.75,1006,1010.5
2025-09-30,1009.25,1009.25,1000.5,1001.75
2025-10-01,1000.25,1020,993.75,1013
2025-10-02,1013,1025.5,1008.25,1023.75
2025-10-03,1021,1028.75,1016.5,1018
2025-10-06,1015.25,1023.25,1014,1017.75
2025-10-07,1017,1025.5,1016,1022
2025-10-08,1021.25,1030,1020,1029.5
2025-10-09,1029,1030,1020.75,1022.25
2025-10-10,1021.5,1024.75,1002.5,1006.75
2025-10-13,1006,1013,1003,1007.75
2025-10-14,1007,1009.75,1001,1006.5
2025-10-15,1006.5,1011.75,1002,1006.5
2025-10-16,1006.25,1019.75,1006,1010.75
2025-10-17,1010.75,1021.5,1010.5,1019.5
2025-10-20,1020,1033.75,1019.75,1031.75
2025-10-21,1031.75,1038,1027.75,1030.75
2025-10-22,1030,1038,1027.5,1034.75
2025-10-23,1034.75,1045,1033.5,1044.75
2025-10-24,1044.25,1045.5,1040.75,1041.75
2025-10-27,1073.75,1090,1070.25,1085
2025-10-28,1084,1108,1083,1095.25
2025-10-29,1093,1098,1085.25,1094.5
2025-10-30,1092.25,1114.5,1070.5,1107.75
2025-10-31,1106.5,1115.75,1101,1115.25
2025-11-03,1114,1135.75,1114,1134.25
2025-11-04,1133.25,1135,1112.5,1121.5
2025-11-05,1120,1137,1116.25,1134.25
2025-11-06,1132.75,1133.25,1103.5,1107.5
2025-11-07,1108,1118.25,1108,1117
2025-11-10,1119,1132,1118.5,1130
2025-11-11,1128,1130.25,1119.25,1127.25
2025-11-12,1126.5,1134.5,1122,1133.75
2025-11-13,1133,1150.5,1129.75,1147
2025-11-14,1145.25,1152.25,1122.5,1124.5
2025-11-17,1120,1160.25,1114.25,1157.25
2025-11-18,1155.5,1169.5,1147.75,1153.5
2025-11-19,1152.25,1152.5,1135,1136.25
2025-11-20,1135.5,1142.75,1121.5,1122.5
2025-11-21,1122.5,1127.5,1113.25,1125
2025-11-24,1128.25,1131,1116.25,1123.25
2025-11-25,1121.75,1128.75,1117.25,1124.75
2025-11-26,1125.5,1135.25,1122.75,1131.5
2025-11-28,1131.75,1138.75,1129.75,1137.75
2025-12-01,1140,1142.25,1127,1128
2025-12-02,1126.5,1135.75,1123.25,1124.75
2025-12-03,1125.25,1130.75,1115.5,1115.75
2025-12-04,1117,1124.5,1114,1119.5
2025-12-05,1119.25,1121,1104.5,1105.25
2025-12-08,1105,1107.5,1092.25,1093.75
2025-12-09,1093.75,1094.75,1084.5,1087.25
2025-12-10,1087.5,1093.25,1081.5,1091.25
2025-12-11,1091,1096,1086.25,1093.5
2025-12-12,1093,1094.5,1075.75,1076.75
2025-12-15,1074.5,1080,1067,1071.75
2025-12-16,1072,1076.25,1059.5,1062.75
2025-12-17,1063.5,1067.5,1053.5,1058.25
2025-12-18,1058.25,1061.25,1051,1052.25
2025-12-19,1052.25,1054,1047,1049.25
2025-12-22,1048.5,1056,1048.5,1053.25
2025-12-23,1053.5,1057.75,1049.75,1051.5
2025-12-24,1051.25,1064.75,1050.75,1063.25
2025-12-26,1067,1069.25,1057,1058.75
2025-12-29,1075,1077.5,1063,1063.5
2025-12-30,1063.75,1067.75,1060.75,1062.25
2025-12-31,1061.25,1064,1047,1047.5
2026-01-02,1047,1047,1038,1045.75
2026-01-05,1045.75,1063.13,1045.5,1061.5
2026-01-06,1062,1068.75,1055.5,1056.25
2026-01-07,1056.75,1070.5,1056.5,1067
2026-01-08,1066,1067.75,1060.75,1061.25
2026-01-09,1061.5,1069,1061.5,1062.5
2026-01-12,1062,1071.25,1043.25,1049
2026-01-13,1050,1052.25,1037.75,1038.75
2026-01-14,1039.5,1049.25,1039,1042.5
2026-01-15,1043.5,1058.25,1041.5,1053
2026-01-16,1053,1059,1047.75,1057.75
2026-01-20,1053,1061.75,1052,1053
2026-01-21,1053.25,1069.25,1053,1064.5
2026-01-22,1064.5,1072.5,1060.5,1064
2026-01-23,1063.5,1071.5,1061.25,1067.75
2026-01-26,1067.75,1076.25,1059.75,1061.75
2026-01-27,1060.25,1069.5,1058.5,1067.25
2026-01-28,1067.25,1084.75,1067,1075
2026-01-29,1075,1085.5,1069,1072.25
2026-01-30,1072.5,1074,1061,1064.25
2026-02-02,1063.5,1064,1051.75,1060.25
2026-02-03,1060.5,1071,1060,1065.75
2026-02-04,1066.75,1115.25,1059.5,1092.25
2026-02-05,1090.25,1113.25,1086.75,1112.25
2026-02-06,1108.5,1137.75,1102,1115.25
2026-02-09,1112.25,1116.25,1106,1110.75
2026-02-10,1110,1124,1106.25,1122.5
2026-02-11,1122.5,1128.25,1113,1124
2026-02-12,1129.5,1141.5,1128.5,1137.25
2026-02-13,1136,1139.5,1122,1133
2026-02-16,1133.75,1133.75,1133.5,1133.75
2026-02-17,1132.25,1139.25,1125.75,1134
2026-02-18,1135,1144,1127.75,1133.5
2026-02-19,1132.25,1142,1129.25,1141
2026-02-20,1141,1148.25,1121.5,1137.5
2026-02-23,1149.5,1165,1143,1149.75
2026-02-24,1150,1157.75,1143.5,1155.25
2026-02-25,1155,1166,1148.25,1165
2026-02-26,1164.5,1172.75,1145.75,1163.5
2026-02-27,1162.75,1175,1160.5,1170.75
2026-03-02,1178.5,1185,1157.5,1164
2026-03-03,1162.5,1183,1160.5,1170.5
2026-03-04,1171,1175.75,1165,1169.5
2026-03-05,1168.25,1181,1166.5,1179.25
2026-03-06,1179,1202.75,1177,1200.75
2026-03-09,1219.5,1233.75,1193,1196.25
2026-03-10,1185.5,1207.5,1177.75,1201.75
2026-03-11,1207,1227.75,1203.5,1214
2026-03-12,1220,1238.75,1216,1227.25
2026-03-13,1229,1229.75,1209.25,1225.25
2026-03-16,1214,1214,1155.25,1155.25
2026-03-17,1147,1170.5,1145.25,1157
2026-03-18,1156.25,1165.25,1148,1161.75
2026-03-19,1165,1173.5,1157,1168.5
2026-03-20,1166,1176,1159.5,1161.25
2026-03-23,1160,1171.5,1152.5,1163.5
2026-03-24,1164.25,1166.75,1153.75,1155
2026-03-25,1153.5,1176.75,1151.5,1171.75
2026-03-26,1173,1179.75,1167,1173.75
2026-03-27,1170.63,1178.5,1155.75,1159.25
2026-03-30,1165,1170,1158.25,1159.75
2026-03-31,1159.75,1177.5,1156.13,1172.25
2026-04-01,1171.5,1174.75,1153,1168.5
2026-04-02,1167.25,1174.25,1162,1163.5
2026-04-03,1163.5,1163.5,1163.5,1163.5
2026-04-06,1164.5,1169.75,1158.75,1166.75
2026-04-07,1164.75,1170.5,1155.25,1158.25
2026-04-08,1152,1163,1140.5,1162
2026-04-09,1162,1170.5,1159.75,1165.25
2026-04-10,1166.5,1179.25,1164.5,1175.75
2026-04-13,1177,1183.75,1160,1162.25
2026-04-14,1160.5,1168.5,1156,1158
2026-04-15,1156.75,1171,1156.75,1167
2026-04-16,1165.75,1170,1162.25,1163.75
2026-04-17,1162.75,1167.5,1151.5,1167.25
2026-04-20,1183.25,1187.25,1177,1181.75
2026-04-21,1181,1194.75,1180.75,1190.25
2026-04-22,1191.5,1201.25,1178,1179.5
2026-04-23,1180.25,1183.75,1172.5,1174.75
2026-04-24,1175,1179.25,1171.25,1178.5
2026-04-27,1176.75,1194.5,1176.75,1192
2026-04-28,1191,1192.75,1182.25,1189.25
2026-04-29,1189.25,1198.25,1187,1197
2026-04-30,1197,1206.25,1189.5,1195.5
2026-05-01,1195.5,1205,1193.75,1203.25
2026-05-04,1203,1226.25,1202.25,1222.75
2026-05-05,1222,1226,1210,1211.5
2026-05-06,1211.5,1214.75,1189.75,1194.75
2026-05-07,1195,1196.75,1182.5,1192.25
2026-05-08,1195.25,1210.25,1189.5,1208
2026-05-11,1208,1222.5,1207,1213
2026-05-12,1211.75,1232.75,1211.25,1226.75
2026-05-13,1225,1235,1222,1229
2026-05-14,1225.5,1227.75,1181.5,1192.5
2026-05-15,1193.75,1202,1172.25,1177
2026-05-18,1202.25,1218.5,1191,1213
2026-05-19,1213,1220.75,1208,1209.5
2026-05-20,1210,1212,1196,1199.75
2026-05-21,1199,1204,1191,1194.25
2026-05-22,1193.75,1201.5,1190.5,1196.5
2026-05-25,1195.75,1196.5,1195.75,1196.25
2026-05-26,1192,1193.5,1184.5,1186
2026-05-27,1185.5,1191.25,1179.75,1185.25
2026-05-28,1186,1196,1185,1194.5
2026-05-29,1198,1200.75,1182.75,1186.75
2026-06-01,1186.75,1194.5,1177.75,1180.75
2026-06-02,1181.5,1182.75,1163,1165.25
2026-06-03,1167.5,1172.75,1152.5,1154
2026-06-04,1153.25,1155.25,1120.5,1129.5
2026-06-05,1130.25,1132.25,1117.5,1121.5
2026-06-08,1122.25,1125.25,1111.25,1115.75
2026-06-09,1116.25,1118.5,1110.25,1113.75
2026-06-10,1113.75,1129.75,1113,1123
2026-06-11,1123.5,1125,1108.25,1115
2026-06-12,1115,1119.75,1109.25,1113.5
2026-06-15,1111,1119.75,1102.5,1119.25
2026-06-16,1119,1138.5,1107.5,1130
2026-06-17,1130,1140.5,1128.25,1132
2026-06-18,1132,1134.75,1118.5,1122.75
2026-06-19,1122.75,1122.75,1122.75,1122.75
2026-06-22,1145,1149.75,1140.5,1141.5
2026-06-23,1141.75,1149.5,1139.5,1141.75
2026-06-24,1141,1146,1133.25,1135
2026-06-25,1133.5,1160.25,1130,1157
2026-06-26,1157.5,1158.75,1148,1156.25
2026-06-29,1155,1155.25,1137,1139
2026-06-30,1139.75,1156.5,1124.75,1143.75
2026-07-01,1143,1161.25,1139.25,1149.25
2026-07-02,1148,1158,1146.25,1147.75
2026-07-03,1147.75,1147.75,1147.75,1147.75
2026-07-06,1153,1197,1153,1192.25
2026-07-07,1189.25,1198.75,1186.75,1197.75
2026-07-08,1195.75,1204,1188,1192.25
2026-07-09,1189.5,1194.25,1178,1181.5
2026-07-10,1182.5,1199,1172.75,1190.75
2026-07-13,1200,1207.25,1191.25,1194.75
2026-07-14,1191.5,1194,1185.5,1191
2026-07-15,1191,1203.25,1184.75,1201.75
2026-07-16,1200.5,1206.75,1193.75,1195
2026-07-17,1194.75,1204,1186.5,1203
2026-07-20,1210,1232,1207.5,1226.25
2026-07-21,1221.25,1230.25,1217.25,1222.75
2026-07-22,1222.5,1240.75,1217.75,1239
2026-07-23,1237,1249.5,1235.5,1243.75
2026-07-24,1242,1256.5,1238,1253.5
2026-07-27,1246,1250,1211,1213.75
2026-07-28,1215.5,1225,1206.25,1220
2026-07-29,1222.5,1225,1190,1192.75
2026-07-30,1192.5,1198.5,1184.25,1188.75
2026-07-31,1188,1196,1180.5,1187.5
2026-08-03,1182.25,1194.5,1175.25,1192.25
2026-08-04,1193.25,1195.25,1170,1177.75
2026-08-05,1177,1181,1167.25,1174.75
2026-08-06,1175.25,1179,1170.5,1177.75
2026-08-07,1177.75,1185,1175.5,1176.25
2026-08-10,1177,1185,1175,1179.5
2026-08-11,1181,1182.75,1165.25,1168.75
2026-08-12,1168.5,1198.75,1167.5,1183.25
2026-08-13,1183,1188,1178.75,1182.25
2026-08-14,1183.5,1193,1182.5,1192.5
2026-08-17,1192.5,1218,1188.25,1216
2026-08-18,1215,1231.75,1213,1216.75
2026-08-19,1215,1239.5,1214,1237.25
2026-08-20,1236.5,1244.5,1234.5,1236.5
2026-08-21,1235.5,1240.5,1224.5,1239.5
2026-08-24,1239.5,1239.5,1218.25,1224.25
