date,open,high,low,close
1999-01-04,500.5,501,486,494
1999-01-05,492,506,491.5,504.2
1999-01-06,521,524,512.5,516.5
1999-01-07,528,529.5,521.5,524
1999-01-08,520.5,530.5,517.5,528.8
1999-01-11,527,538.5,521.5,535.5
1999-01-12,534.5,535,522.5,524.5
1999-01-13,517.5,520.5,507,519
1999-01-14,516,518,508,517.5
1999-01-15,512.5,515,508,513
1999-01-19,513,518,506,513.3
1999-01-20,514.5,518,513,516.3
1999-01-21,516.5,521,508.5,512.3
1999-01-22,510,513.5,508.5,509.5
1999-01-25,510,519,510,518.2
1999-01-26,515,516.5,508,511.5
1999-01-27,508,513.5,506,510.3
1999-01-28,510.5,525,508,524.5
1999-01-29,521.5,529,521,523.5
1999-02-01,528,532,523.5,530.8
1999-02-02,526,547.5,524,546.8
1999-02-03,550,558,544,554.3
1999-02-04,557.5,580,554,576
1999-02-05,567,571,561,564.2
1999-02-08,559,563.5,555.5,562.2
1999-02-09,556,559,550,550.5
1999-02-10,554,556.5,547,548.8
1999-02-11,552,557.5,550.5,556.5
1999-02-12,565,570,563.5,566.2
1999-02-16,557,557,531,544.5
1999-02-17,542,547.5,540,540.8
1999-02-18,547,551,544,548
1999-02-19,554.5,560.5,552.5,560
1999-02-22,553,554.5,542.5,546
1999-02-23,552,558.5,547.5,548.8
1999-02-24,549.5,556,535,539.8
1999-02-25,540.5,562,538.5,556.5
1999-02-26,556,564,546,563
1999-03-01,560,563,549,552.5
1999-03-02,545.5,558,529,532.3
1999-03-03,532.5,533,517,524.5
1999-03-04,520,531.5,519.5,527.3
1999-03-05,529,532.5,513,520.3
1999-03-08,524.5,530,524,528.8
1999-03-09,532,532,521,524
1999-03-10,524,530,522.5,526.8
1999-03-11,527.5,535,526.5,534.3
1999-03-12,530,535.5,525,531
1999-03-15,518,523,508,509.8
1999-03-16,506,509,495.5,504.3
1999-03-17,502.5,507,498.5,504
1999-03-18,503.5,504.5,499,501.5
1999-03-19,505,509.5,503,504.5
1999-03-22,505.5,511.5,505.5,510.7
1999-03-23,511,513,503.5,511
1999-03-24,509,511,506.5,507.5
1999-03-25,505,512,504,510.5
1999-03-26,504,510.5,504,509
1999-03-29,508.5,518,507.5,511.5
1999-03-30,506,506.5,499.5,500.3
1999-03-31,500,506,496,497
1999-04-01,501.5,504,500,502.8
1999-04-05,502.5,502.5,490.5,491.8
1999-04-06,493,496.5,488.5,494.8
1999-04-07,494.5,498.5,494,496
1999-04-08,496,498.5,488,488.5
1999-04-09,490.5,494.5,484.5,493
1999-04-12,498.5,500.5,488.5,489.5
1999-04-13,486.5,494,482.5,490.5
1999-04-14,492,495,482,486
1999-04-15,487,503,487,501
1999-04-16,502,506.5,499.5,504
1999-04-19,506,517,505,515
1999-04-20,513,518,510,512.5
1999-04-21,510,517,508.5,515.5
1999-04-22,514,520,509,516.7
1999-04-23,519.5,521.5,515,516.6
1999-04-26,516,516.5,507,511.8
1999-04-27,513.5,520,511.5,519.6
1999-04-28,522,529.5,520.5,526.6
1999-04-29,531,542,528.5,541.3
1999-04-30,544,548.5,536.5,543
1999-05-03,541.5,547,538,538.5
1999-05-05,531,541,531,539.7
1999-05-06,540,545,537.5,538.7
1999-05-07,526.5,545.5,526.5,544.5
1999-05-10,538.5,547,537.5,543
1999-05-11,540,548,538,541.5
1999-05-12,540.5,542.5,536.5,538.3
1999-05-13,538,558,536.5,557
1999-05-14,549,553,534,539
1999-05-17,540.5,543.5,538,539
1999-05-18,539,541,527,533.8
1999-05-19,529,533,525.5,528.5
1999-05-20,531.5,535.5,530,531
1999-05-21,529.5,531,519,521
1999-05-24,514,517,505,505.5
1999-05-25,507,510.5,505.5,506
1999-05-26,504.5,512,504,505.5
1999-05-27,495,499.5,493,494
1999-05-28,491,494,488,489.5
1999-06-01,488.5,501,488.5,498.5
1999-06-02,497,502.5,494.5,497.8
1999-06-03,497,500,493,493.8
1999-06-04,491,496.5,485,494
1999-06-07,498,500,495,498
1999-06-08,497,499,492.5,494
1999-06-09,492,503,492,502.7
1999-06-10,506,514,505.5,509.5
1999-06-11,506.5,513,505,511.5
1999-06-14,512,515,510,510.5
1999-06-15,506,510,502,505
1999-06-16,499.5,504.5,499.5,503.3
1999-06-17,503,508,502.5,507.3
1999-06-18,506,507,493,496
1999-06-21,497.5,505.5,496.5,501.5
1999-06-22,504,507,501.5,504
1999-06-23,508,512,504.5,510.5
1999-06-24,511,515,509,513
1999-06-25,513.5,514,505,506.5
1999-06-28,511,520.5,510,517.2
1999-06-29,517.5,524,514,520.7
1999-06-30,525.5,530.5,524.5,528.7
1999-07-01,531.5,531.5,526,530.2
1999-07-02,528,538,527.5,536.7
1999-07-06,528.5,531.5,518,523
1999-07-07,522,527,521,525
1999-07-08,528,533,523,527
1999-07-09,526,529,522,526.3
1999-07-12,526,528,525,526
1999-07-13,520.5,523,512,516
1999-07-14,514,516,507,511
1999-07-15,508,514.5,506,512.7
1999-07-16,514,515.5,508,510.5
1999-07-19,508,511,506.5,507
1999-07-20,507.5,510.5,502.5,508.2
1999-07-21,507,517,504,514.2
1999-07-22,512,519,509,516.2
1999-07-23,517,520,513.5,517.2
1999-07-26,514.5,518.5,511.5,516.5
1999-07-27,519,521.5,514,519.5
1999-07-28,517.5,527.5,516,526.5
1999-07-29,533,546,531,543.5
1999-07-30,545,548,542,546.5
1999-08-02,535.5,539.5,535,538.5
1999-08-03,543,549.5,542.5,546.2
1999-08-04,553,553.5,545,550.5
1999-08-05,549,556,540.5,543.5
1999-08-06,542,545,535,541.2
1999-08-09,534.5,539.5,530.5,533.7
1999-08-10,531.5,535,529.5,534.2
1999-08-11,536.5,542.5,533.5,541.5
1999-08-12,543.5,544.5,536,537.2
1999-08-13,537,538,530.5,532.2
1999-08-16,527,527.5,523,525.7
1999-08-17,524,528.5,522,527
1999-08-18,527,528,522.5,524
1999-08-19,521,522.5,515,522
1999-08-20,521.5,527,518,525.5
1999-08-23,526.5,528.5,514,514.5
1999-08-24,513,518,513,515
1999-08-25,512,514,509,512.9
1999-08-26,511,520,511,517.3
1999-08-27,516,517.5,513,515.5
1999-08-30,515.5,517,509.5,515.2
1999-08-31,515,527,515,522
1999-09-01,523,524,516.5,518.5
1999-09-02,518,527.5,518,525.5
1999-09-03,523,524,515,517.3
1999-09-07,520,523.5,520,522.5
1999-09-08,520,524,516.5,522.5
1999-09-09,522,528.5,521.5,524
1999-09-10,521,525.5,520,522.5
1999-09-13,521,522,515.5,518.2
1999-09-14,516,519.5,514.5,515.5
1999-09-15,515,517,510.5,511.5
1999-09-16,512.5,515.5,511.5,513.5
1999-09-17,511,515,511,512.3
1999-09-20,512,514,511,512.2
1999-09-21,515.5,529,514.5,528.2
1999-09-22,527.5,533,526,529
1999-09-23,526.5,532,525.5,527.5
1999-09-24,528.5,531,524.5,525.5
1999-09-27,535,540,531,535.5
1999-09-28,543.5,595,543.5,577
1999-09-29,577,580.5,559.5,560.7
1999-09-30,555,562,555,561.5
1999-10-01,567,571.5,552,558.2
1999-10-04,562,564,556,563
1999-10-05,571.5,574.5,554.5,556.3
1999-10-06,548,558,548,553
1999-10-07,557,563,557,559.5
1999-10-08,550.5,562,549,555
1999-10-11,553,557.5,551,553.2
1999-10-12,553,560,553,556
1999-10-13,558,564,557,560
1999-10-14,567,567.5,530,534
1999-10-15,537,556,532,533.8
1999-10-18,537,537,521,524
1999-10-19,522,525,517,522.3
1999-10-20,526,527.5,520,520.5
1999-10-21,519.5,525,515,523.3
1999-10-22,522.5,526,520,525
1999-10-25,525,528.5,524,526.3
1999-10-26,524.5,527,518,521
1999-10-27,521,523,517,520.8
1999-10-28,522.5,529,521.5,528
1999-10-29,530,533,516.5,518
1999-11-01,519,522.5,515.5,522
1999-11-02,519.5,523,518,522.5
1999-11-03,523,524.5,521,522.7
1999-11-04,523,525.5,521.5,522.2
1999-11-05,521.5,523,508,508.5
1999-11-08,504.5,507,503,505.3
1999-11-09,507.5,512,506.5,508.8
1999-11-10,509.5,520.5,508.5,513
1999-11-11,511,513,508.5,509.8
1999-11-12,506.5,510.5,505,505.5
1999-11-15,507,510.5,505.5,509.8
1999-11-16,508,518.5,508,516.5
1999-11-17,515.5,516.5,509,510.8
1999-11-18,511.5,515.5,511,515
1999-11-19,513.5,518,512,513
1999-11-22,513,521.5,513,520
1999-11-23,518.5,529,518.5,528.5
1999-11-24,527.5,532,523,525.3
1999-11-29,522.5,525,520,520.8
1999-11-30,521,531,521,524
1999-12-01,522,523,518,521.8
1999-12-02,519,522,511,513.5
1999-12-03,510.5,516,510.5,514.5
1999-12-06,510.5,516,509,515.5
1999-12-07,517,520,516.5,519.3
1999-12-08,518,522.5,513,516.5
1999-12-09,514,516.5,513,515.3
1999-12-10,515,518.5,515,516.5
1999-12-13,515.5,516.5,514.5,516.3
1999-12-14,515,526,515,523
1999-12-15,523,525,520.5,522.5
1999-12-16,519.5,526,519,525
1999-12-17,525.5,531,523.5,526.2
1999-12-20,526.5,527.5,523,523.5
1999-12-21,522,523.5,518.5,520
1999-12-22,520,528,520,526.7
1999-12-23,524,527,524,524.7
1999-12-27,524,528.5,524,525.5
1999-12-28,525,526.5,522.5,524.2
1999-12-29,524,544,524,541.5
1999-12-30,538.5,547,537,545.3
2000-01-04,534,539,532,537.5
2000-01-06,515,521.5,515,516.7
2000-01-07,517.5,521.5,517.5,519.5
2000-01-10,519,523,518,519
2000-01-11,520,522,519,519.5
2000-01-12,518.5,522.5,512.5,514.3
2000-01-13,512.5,517.5,512.5,515.3
2000-01-14,514,518,513,515
2000-01-18,516.5,519,512.5,516.5
2000-01-19,516,519.5,514,517.3
2000-01-20,515.5,528.5,515.5,525.7
2000-01-21,524,530,523,526
2000-01-24,526.5,532,525.5,529.3
2000-01-25,533,536,530,531.5
2000-01-26,525.5,531.5,525.5,528.3
2000-01-27,533,543,533,541.5
2000-01-28,544.5,546.5,532,532.7
2000-01-31,533,536,527.5,531.7
2000-02-01,530,532,523,525.3
2000-02-02,526,531.5,523.5,524
2000-02-03,525.5,529.5,524,528.8
2000-02-04,529,560,528,557.2
2000-02-07,553,560,526,528
2000-02-08,532,536,528,534
2000-02-09,539,546,539,543
2000-02-10,543,547,535,543
2000-02-11,542,542,534,535
2000-02-14,532,532,526,527
2000-02-15,527,530,525,526
2000-02-16,527,532,526,530
2000-02-17,533,536,525,526
2000-02-18,527,530,526,528
2000-02-22,528,530,524,529
2000-02-23,530,530,526,526
2000-02-24,526,526,516,517
2000-02-25,521,521,508,509
2000-02-28,511,514,509,511
2000-02-29,513,515,510,511
2000-03-01,517,519,512,513
2000-03-02,508,511,506,506
2000-03-03,507,517,506,515
2000-03-06,514,514,510,511
2000-03-07,511,516,511,512
2000-03-08,511,514,511,512
2000-03-09,509,516,507,514
2000-03-10,514,516,511,511
2000-03-13,514,516,511,511
2000-03-14,512,516,511,513
2000-03-15,512,520,511,516
2000-03-16,516,516,509,512
2000-03-17,512,514,511,513
2000-03-20,512,514,506,507
2000-03-21,508,520,507,516
2000-03-22,516,521,515,516
2000-03-23,514,516,510,512
2000-03-24,512,517,511,515
2000-03-27,512,514,511,512
2000-03-28,511,514,509,510
2000-03-29,510,512,497,498
2000-03-30,497,499,492,498
2000-03-31,497,505,495,505
2000-04-03,507,507,503,506
2000-04-04,503,521,501,516
2000-04-05,516,519,511,514
2000-04-06,511,514,510,513
2000-04-07,513,514,511,512
2000-04-10,514,518,514,517
2000-04-11,516,518,513,514
2000-04-12,513,518,511,515
2000-04-13,515,520,514,518
2000-04-14,518,524,512,518
2000-04-17,518,518,514,514
2000-04-18,512,518,511,514
2000-04-19,515,516,512,513
2000-04-20,513,514,497,500
2000-04-24,502,503,495,495
2000-04-25,499,502,497,501
2000-04-26,503,505,498,500
2000-04-27,501,505,497,501
2000-04-28,499,504,499,501
2000-05-01,501,510,500,508
2000-05-02,507,509,506,508
2000-05-03,507,511,505,508
2000-05-04,507,518,507,517
2000-05-05,516,517,503,505
2000-05-08,505,509,505,507
2000-05-09,505,514,505,509
2000-05-10,509,511,507,508
2000-05-11,507,508,503,506
2000-05-12,505,509,504,506
2000-05-15,506,507,501,506
2000-05-16,508,519,507,514
2000-05-17,511,514,503,504
2000-05-18,503,506,500,506
2000-05-19,505,505,501,503
2000-05-22,504,507,503,505
2000-05-23,505,505,503,505
2000-05-24,504,505,500,502
2000-05-25,503,504,492,495
2000-05-26,495,498,493,496
2000-05-30,498,498,491,495
2000-05-31,495,499,495,497
2000-06-01,495,498,491,497
2000-06-02,497,509,496,505
2000-06-05,507,511,505,507
2000-06-06,507,517,505,511
2000-06-07,509,514,509,512
2000-06-08,511,516,508,510
2000-06-09,510,511,504,506
2000-06-12,506,506,503,504
2000-06-13,511,514,501,503
2000-06-14,502,511,501,509
2000-06-15,507,511,507,508
2000-06-16,509,511,507,509
2000-06-19,508,509,503,504
2000-06-20,505,507,503,503
2000-06-21,505,505,496,497
2000-06-22,497,500,497,498
2000-06-23,497,499,495,496
2000-06-26,496,499,495,499
2000-06-27,503,505,499,501
2000-06-28,501,504,501,504
2000-06-29,503,512,503,506
2000-06-30,508,511,507,508
2000-07-05,505,507,501,504
2000-07-06,504,508,503,505
2000-07-07,505,505,501,503
2000-07-10,505,507,503,505
2000-07-11,503,505,501,501
2000-07-12,501,505,499,502
2000-07-13,503,505,502,503
2000-07-14,503,507,502,505
2000-07-17,506,509,506,507
2000-07-18,507,509,505,507
2000-07-19,504,505,502,503
2000-07-20,502,505,501,504
2000-07-21,504,505,497,497
2000-07-24,498,500,497,499
2000-07-25,499,505,499,503
2000-07-26,503,503,497,499
2000-07-27,500,504,499,501
2000-07-28,501,503,499,500
2000-07-31,500,504,499,504
2000-08-01,503,505,501,503
2000-08-02,503,504,501,502
2000-08-03,501,501,499,501
2000-08-04,499,501,493,494
2000-08-07,495,497,495,497
2000-08-08,497,497,491,493
2000-08-09,491,495,490,492
2000-08-10,491,494,491,493
2000-08-11,494,497,493,495
2000-08-14,495,495,489,491
2000-08-15,489,491,488,488
2000-08-16,488,491,487,488
2000-08-17,489,491,488,488
2000-08-18,488,489,484,486
2000-08-21,486,487,486,487
2000-08-22,485,486,484,485
2000-08-23,483,486,478,480
2000-08-24,486,493,485,493
2000-08-25,495,499,494,496
2000-08-28,497,501,497,500
2000-08-29,499,503,497,501
2000-08-30,499,499,497,499
2000-08-31,500,509,499,505
2000-09-01,503,505,503,505
2000-09-05,503,505,501,504
2000-09-06,503,505,502,503
2000-09-07,500,501,495,498
2000-09-08,499,499,496,497
2000-09-11,495,497,493,494
2000-09-12,494,499,494,496
2000-09-13,495,497,493,495
2000-09-14,497,498,495,495
2000-09-15,495,495,491,493
2000-09-18,493,497,493,494
2000-09-19,495,495,494,495
2000-09-20,493,496,489,489
2000-09-21,490,494,490,493
2000-09-22,499,501,495,497
2000-09-25,497,498,495,498
2000-09-26,497,500,497,498
2000-09-27,498,503,497,502
2000-09-28,501,503,499,500
2000-09-29,497,497,491,495
2000-10-02,495,497,495,495
2000-10-03,495,497,495,496
2000-10-04,495,496,492,492
2000-10-05,494,495,493,494
2000-10-06,493,495,491,493
2000-10-09,493,495,493,493
2000-10-10,494,498,494,496
2000-10-11,497,499,491,491
2000-10-12,492,497,491,497
2000-10-13,495,495,491,493
2000-10-16,493,495,491,492
2000-10-17,491,493,487,489
2000-10-18,489,494,488,489
2000-10-19,489,489,486,486
2000-10-20,487,489,484,486
2000-10-23,487,489,482,482
2000-10-24,484,486,482,483
2000-10-25,482,484,480,480
2000-10-26,479,482,476,476
2000-10-27,475,480,474,478
2000-10-30,480,481,476,477
2000-10-31,478,480,477,478
2000-11-01,480,480,476,480
2000-11-02,480,484,473,474
2000-11-03,476,478,474,476
2000-11-06,477,479,476,478
2000-11-07,479,479,474,474
2000-11-08,475,478,474,476
2000-11-09,476,478,474,476
2000-11-10,476,476,472,472
2000-11-13,470,471,468,469
2000-11-14,469,470,467,470
2000-11-15,469,470,466,469
2000-11-16,470,471,467,467
2000-11-17,468,468,466,466
2000-11-20,466,468,465,466
2000-11-21,467,468,462,463
2000-11-22,464,464,462,463
2000-11-27,463,470,462,470
2000-11-28,478,479,476,477
2000-11-29,478,478,469,470
2000-11-30,472,476,471,476
2000-12-01,476,478,471,472
2000-12-04,474,482,474,480
2000-12-05,477,480,476,478
2000-12-06,479,484,478,483
2000-12-07,482,484,478,480
2000-12-08,479,480,471,472
2000-12-11,474,474,472,473
2000-12-12,473,478,472,474
2000-12-13,472,474,469,470
2000-12-14,471,472,466,467
2000-12-15,467,467,462,464
2000-12-18,464,466,463,464
2000-12-19,463,466,462,465
2000-12-20,466,471,465,466
2000-12-21,466,467,464,466
2000-12-22,466,468,466,468
2000-12-26,467,470,467,469
2000-12-27,468,469,463,465
2000-12-28,464,464,462,464
2000-12-29,462,465,461,464
2001-01-02,464,464,459,459
2001-01-03,457,459,453,454
2001-01-04,455,459,454,458
2001-01-05,457,461,456,460
2001-01-08,460,461,458,459
2001-01-09,458,459,457,459
2001-01-10,457,459,455,457
2001-01-11,457,461,456,459
2001-01-12,462,468,462,466
2001-01-16,464,472,464,471
2001-01-17,473,480,473,474
2001-01-18,477,484,476,482
2001-01-19,486,488,478,478
2001-01-22,480,484,474,480
2001-01-23,482,484,479,480
2001-01-24,478,480,476,479
2001-01-25,484,486,480,481
2001-01-26,480,484,478,482
2001-01-29,481,483,480,482
2001-01-30,483,486,482,482
2001-01-31,481,483,480,482
2001-02-01,482,482,476,481
2001-02-02,479,480,477,479
2001-02-05,474,475,470,470
2001-02-06,468,469,465,467
2001-02-07,466,468,461,462
2001-02-08,460,462,457,457
2001-02-09,458,459,453,456
2001-02-12,457,459,455.5,456
2001-02-13,456,458,454.5,455
2001-02-14,455.5,456.5,450.5,451.5
2001-02-15,451.5,454,449,451.8
2001-02-16,449.5,451,448,449
2001-02-20,449,449.5,441,442
2001-02-21,442,444,439.5,440.8
2001-02-22,441.5,444,440.5,441.5
2001-02-23,446,450,440.5,447.5
2001-02-26,447.5,450,446.5,449
2001-02-27,448.5,450.5,446,446.3
2001-02-28,445,458,444.5,451.5
2001-03-01,454.5,454.5,442.5,443.5
2001-03-02,444,448.5,443.5,445.8
2001-03-05,443.5,448,442.5,445.5
2001-03-06,444,446.5,441.5,444.5
2001-03-07,442.5,449,442.5,446.5
2001-03-08,446,453.5,445,451
2001-03-09,450.5,455,449.5,452.2
2001-03-12,448.5,449.5,442,444
2001-03-13,442,446,440,445
2001-03-14,443,447,441.5,445.8
2001-03-15,443.5,444.5,434,435.3
2001-03-16,434.5,436,429,431.5
2001-03-19,432.5,434.5,430.5,432
2001-03-20,433.5,436.5,432,435.3
2001-03-21,433,437,433,434.8
2001-03-22,432,436,430.5,435.5
2001-03-23,435,438.5,435,436.3
2001-03-26,436,438.5,435,438
2001-03-27,437.5,446,434.5,443.5
2001-03-28,442,444,437,437.5
2001-03-29,437.5,439,432,433.5
2001-03-30,432.5,434,429,429.5
2001-04-02,428.5,432,427,431.5
2001-04-03,432.5,436.5,429.5,431.3
2001-04-04,433,437,429.5,434
2001-04-05,435.5,436,433,435.3
2001-04-06,435,437,432,433.5
2001-04-09,434.5,435.5,430.5,431.5
2001-04-10,431,434,430,432.5
2001-04-11,432.5,439,430.5,436.3
2001-04-12,436,438.5,435.5,437
2001-04-16,437.5,446,437,444
2001-04-17,440.5,441,436,436.8
2001-04-18,434,438.5,432.5,436.5
2001-04-19,435.5,444.5,435.5,442.7
2001-04-20,441,447.5,440.5,444
2001-04-23,442,445,439.5,444
2001-04-24,444.5,448.5,443.5,445.3
2001-04-25,449,450,438.5,439.7
2001-04-26,441.5,446,439.5,441.3
2001-04-27,443,444,439.5,440
2001-04-30,440,441,435,435.8
2001-05-01,436,439.5,435,438.5
2001-05-02,439,442.5,437,439.5
2001-05-03,440.5,441.5,436,436.5
2001-05-04,436,437.5,432.5,436
2001-05-07,434.5,436,432.5,432.7
2001-05-08,432.5,434.5,432,433.5
2001-05-09,434.5,442.5,434.5,441.5
2001-05-10,439.5,440.5,432.5,435
2001-05-11,435,436.5,433.5,433.7
2001-05-14,434,437,433,435.7
2001-05-15,435,435.5,431.5,432
2001-05-16,435.5,447.5,434.5,446.3
2001-05-17,444.5,451,440,449.5
2001-05-18,448,462.5,445,457.7
2001-05-21,461,465.5,452.5,455
2001-05-22,454,458,452.5,456.8
2001-05-23,453.5,460.5,451.5,458
2001-05-24,467.5,469,457.5,462
2001-05-25,461,461,455.5,458.3
2001-05-29,454.5,455.5,452,454
2001-05-30,451,452,443,444.5
2001-05-31,445,447.5,440,441
2001-06-01,442.5,445,438.5,442.3
2001-06-04,442.5,443,432.5,433.5
2001-06-05,436,437.5,434,434.3
2001-06-06,436.5,437.5,433,434
2001-06-07,433.5,435,432.5,433.5
2001-06-08,434,438.5,431,437
2001-06-11,436,436,432,433.8
2001-06-12,434.5,438,434,437.5
2001-06-13,438,442.5,436.5,441.5
2001-06-14,440.5,449.5,440,447
2001-06-15,446,446.5,438.5,440
2001-06-18,438,444,438,442.2
2001-06-19,442.5,443.5,439.5,440
2001-06-20,439,440,433,434.5
2001-06-21,434.5,435.5,428,432.3
2001-06-22,432,434.5,430,430.3
2001-06-25,430.5,432.5,429,429.8
2001-06-26,430,435.5,429,434.8
2001-06-27,435.5,437,433,434.2
2001-06-28,433.5,436,431.5,433.2
2001-06-29,435,436,432,432.7
2001-07-02,431.5,432,428,431
2001-07-03,431,432,426.5,427.8
2001-07-05,427.5,427.5,423,423.8
2001-07-06,422.5,427,420,426.5
2001-07-09,426,426,423,424.3
2001-07-10,425.5,428,425.5,426.3
2001-07-11,426,428.5,425,426
2001-07-12,425,428,424,426.8
2001-07-13,425.5,431.5,425,430.8
2001-07-16,430,431.5,420,421
2001-07-17,422,425,421.5,424.8
2001-07-18,424.5,431,419,428.8
2001-07-19,426.5,427,420.5,424
2001-07-20,422.5,425,421,424
2001-07-23,423.5,429,422.5,426
2001-07-24,425,426.5,423.5,426
2001-07-25,423,424.5,422.5,423.2
2001-07-26,423.5,427.5,423,424
2001-07-27,423.5,424,421.5,421.8
2001-07-30,421.5,424,420,420.8
2001-07-31,420.5,423.5,420.5,422.8
2001-08-01,424,424.5,422.5,423.3
2001-08-02,423.5,425.5,423,423.5
2001-08-03,423,423.5,421,422.8
2001-08-06,421,421.5,419,419.2
2001-08-07,413,418,412,417.2
2001-08-08,414.5,416.5,412.5,415.2
2001-08-09,415.5,424,415,421.7
2001-08-10,422.5,424,411,414.5
2001-08-13,416.5,418,412.5,414.7
2001-08-14,414.5,423,413.5,420.2
2001-08-15,422.5,424.5,412.5,415.5
2001-08-16,416,423,415.5,419.8
2001-08-17,421.5,429.5,420,426.5
2001-08-20,424,424.5,415,415.3
2001-08-21,416.5,423.5,415.5,419.3
2001-08-22,422,422.5,419.5,420.8
2001-08-23,420,423.5,419.5,422
2001-08-24,420,421,417,418.5
2001-08-27,417,420.5,416,419.7
2001-08-28,424,425.5,422,422.8
2001-08-29,423,424.5,422,423
2001-08-30,423,423,419,420.3
2001-08-31,420,422.5,419,421
2001-09-04,419,420,418,418.7
2001-09-05,419.5,420.5,419,419.3
2001-09-06,419.5,420,418,418.8
2001-09-07,419.5,421,418,418.3
2001-09-10,418.5,420,417.5,419.3
2001-09-11,419,423,418,422.5
2001-09-17,434,442.5,429,441.3
2001-09-18,439,448,439,447.3
2001-09-19,448,476,447.5,474.5
2001-09-20,466,468,446.5,453.5
2001-09-21,463.5,465,455,461.7
2001-09-24,453,460,450.5,459.5
2001-09-25,455,457.5,451.5,454.7
2001-09-26,457,463,455.5,461.5
2001-09-27,457,465,456,460.8
2001-09-28,461.5,468,461,467.5
2001-10-01,462,469,462,466.7
2001-10-02,466,467,463,465
2001-10-03,464,469,462,463.5
2001-10-04,464,473,464,466.5
2001-10-05,468,469,464.5,468.5
2001-10-08,470,470.5,465,467
2001-10-09,464.5,465.5,453.5,455
2001-10-10,450,452,442.5,444
2001-10-11,442.5,444,439.5,442.5
2001-10-12,444,449,441,447
2001-10-15,444,444.5,437,439.3
2001-10-16,438,438.5,433,434.5
2001-10-17,436.5,440,435,437
2001-10-18,435,435.5,424,426.3
2001-10-19,425.5,430.5,424.5,427.3
2001-10-22,425,425.5,420.5,423.5
2001-10-23,425,426.5,423.5,424.3
2001-10-24,425,425.5,421,421.5
2001-10-25,421,422.5,418.5,422
2001-10-26,421.5,424,421,421.5
2001-10-29,424,426,423,424.3
2001-10-30,427,428,425,426.3
2001-10-31,425,425.5,419,422.5
2001-11-01,423,424,420.5,420.7
2001-11-02,420.5,420.5,410.5,411
2001-11-05,409,412.5,408,409.8
2001-11-06,411,414,410.5,411.8
2001-11-07,412.5,414.5,410.5,412.8
2001-11-08,411,412,407,407.8
2001-11-09,408.5,409.5,405.5,408
2001-11-12,412.5,421,411.5,411.8
2001-11-13,409,415.5,406.5,414
2001-11-14,415.5,417.5,413.5,414.3
2001-11-15,411,412,408,410.8
2001-11-16,408.5,412,408.5,409.5
2001-11-19,409.5,410,404.5,405.8
2001-11-20,406.5,407.5,404,405
2001-11-21,404.5,405,401.5,403.5
2001-11-26,404.5,406,402,402.8
2001-11-27,406.5,408,405.5,406.7
2001-11-28,407,417,407,414.2
2001-11-29,415,416,409,409.7
2001-11-30,414.5,419.5,414,415.7
2001-12-03,417,425,414.5,422.7
2001-12-04,418.5,421,414.5,415.3
2001-12-05,413,421,412.5,420
2001-12-06,421,427.5,420.5,423.8
2001-12-07,425,429,423.5,426.8
2001-12-10,423,424.5,422,424.3
2001-12-11,424.5,429.5,424.5,427.5
2001-12-12,430,431,425.5,426.5
2001-12-13,427,429.5,426,428
2001-12-14,433,439.5,433,436.2
2001-12-17,434.5,438.5,432.5,436.5
2001-12-18,438.5,442.5,435.5,442
2001-12-19,445,445.5,440.5,440.5
2001-12-20,433,443,432,440
2001-12-21,443,449.5,439.5,447.2
2001-12-26,446.5,455.5,445.5,454.3
2001-12-27,451.5,452,446,446.8
2001-12-28,445,450.5,442,449.8
2001-12-31,448,463.5,447,458.8
2002-01-02,457,459.5,453,453.5
2002-01-03,460,465,459.5,460.8
2002-01-04,465,467.5,452,465
2002-01-07,458,468,458,466.5
2002-01-08,467,467.5,458.5,464
2002-01-09,465.5,473.5,464.5,471
2002-01-10,475.5,476,468,470
2002-01-11,469,473,466.5,469.8
2002-01-14,463,463,451,451.5
2002-01-15,449,458,448,455.5
2002-01-16,454.5,459.5,447.5,456.2
2002-01-17,452.5,453,444,444.5
2002-01-18,440,440.5,433,434.5
2002-01-22,433,435,426,428.8
2002-01-23,427,431.5,425.5,426
2002-01-24,429.5,430.5,424.5,427.3
2002-01-25,431,431.5,428.5,430.5
2002-01-28,428,429,424,425
2002-01-29,423,432,422.5,429.5
2002-01-30,429,431,425,429.3
2002-01-31,427,428,421,422.3
2002-02-01,423.5,433.5,423,431.3
2002-02-04,429,431.5,425.5,429.5
2002-02-05,430,441,429.5,439.7
2002-02-06,444,447,436,436.5
2002-02-07,437,439,434,434.5
2002-02-08,439,449,438.5,445.5
2002-02-11,438.5,443,436,441.5
2002-02-12,437,449,436.5,448.5
2002-02-13,443.5,452,442,450.5
2002-02-14,452.5,456,447.5,450.5
2002-02-15,457,459.5,451.5,453.8
2002-02-19,451,455.5,446,447
2002-02-20,447,448.5,437,440
2002-02-21,439,443.5,436.5,442
2002-02-22,443.5,443.5,439,439.8
2002-02-25,439.5,440,434,436.8
2002-02-26,437,444,436.5,442.3
2002-02-27,445,447,441,442.4
2002-02-28,444.5,452,441.5,451.7
2002-03-01,450,460.5,447,456.7
2002-03-04,463,464,458,460.2
2002-03-05,458,464,454.5,455.5
2002-03-06,453,455.5,449.5,453
2002-03-07,449.5,450,445.5,448
2002-03-08,449,457,448.5,450.5
2002-03-11,453.5,455,447.5,448.5
2002-03-12,450,454.5,448,449.8
2002-03-13,450,454,449,452.8
2002-03-14,454.5,455,448.5,450
2002-03-15,450,452.5,445,449.3
2002-03-18,452,453,449,450.3
2002-03-19,452.5,458,451,452.3
2002-03-20,451,454.5,449,453.3
2002-03-21,451.5,453.5,450,450.8
2002-03-22,451.5,457.5,451,454
2002-03-25,454.5,460.5,451.5,458
2002-03-26,457,460.5,453.5,458.5
2002-03-27,464.5,469,464,468
2002-03-28,469.5,470.5,464,465
2002-04-01,467,470.5,465.5,470
2002-04-02,467.5,475,467,474.7
2002-04-03,472,473.5,465.5,466.7
2002-04-04,462.5,467,460,462.5
2002-04-05,462,464.5,456.5,458
2002-04-08,457.5,460.5,455,457
2002-04-09,457,458,453,455.8
2002-04-10,454,464.5,453.5,462.8
2002-04-11,462,462,459,461
2002-04-12,457,460.5,456,459.3
2002-04-15,460,461.5,444.5,445
2002-04-16,446,448,439,440.5
2002-04-17,444,447,442,445
2002-04-18,446,455.5,445,449.8
2002-04-19,447.5,452,447.5,450.3
2002-04-22,451.5,457.5,451.5,454.3
2002-04-23,452,459.5,451,457
2002-04-24,457.5,459.5,456,456.2
2002-04-25,460.5,465,459,462
2002-04-26,462,467.5,458.5,465.2
2002-04-29,461.5,466,460,463.6
2002-04-30,461,461.5,452.5,455.5
2002-05-01,454.5,457.5,452.5,455
2002-05-02,452.5,457,452,456.3
2002-05-03,457.5,463,455.5,461.5
2002-05-06,460,462,458.5,461.2
2002-05-07,462,465,459.5,463.2
2002-05-08,461.5,465.5,456,458.5
2002-05-09,457,463.5,456,462.7
2002-05-10,463.5,468.5,462.5,467
2002-05-13,469,471,459,460.7
2002-05-14,460.5,462,458,460.7
2002-05-15,461,464.5,458.5,463.7
2002-05-16,463.5,465.5,462,465
2002-05-17,464.5,469,462,466.5
2002-05-20,467,479,463.5,478
2002-05-21,479.5,486.5,478.5,484.5
2002-05-22,483,484.5,478,484
2002-05-23,479.5,492,477,491.2
2002-05-24,488.5,491,486,487.2
2002-05-28,485,490.5,482,488.2
2002-05-29,492,498,489,494.5
2002-05-30,492.5,499,491.5,498.5
2002-05-31,503,507.5,497.5,504.2
2002-06-03,503,510,501.5,508
2002-06-04,511,515,509,512.5
2002-06-05,505,506.5,492,494.5
2002-06-06,494.5,501.5,491.5,499.5
2002-06-07,501,505.5,495.5,498
2002-06-10,495,497.5,489,491.2
2002-06-11,488.5,489.5,479,488.2
2002-06-12,487.5,495.5,487,491.5
2002-06-13,488,490,482,483.2
2002-06-14,488,488.5,483,485
2002-06-17,483,485,480,482.3
2002-06-18,484.5,486.5,482.5,484.5
2002-06-19,489.5,490,483.5,484.2
2002-06-20,486.5,488,484.5,487
2002-06-21,487,489,482.5,485.5
2002-06-24,490,491,486.5,486.7
2002-06-25,483.5,485,478,483.2
2002-06-26,488,490,483,485.2
2002-06-27,481,488,480,487.6
2002-06-28,490,490.5,485,485.5
2002-07-01,482,489,481.5,488.8
2002-07-02,489.5,500.5,488,495
2002-07-03,492.5,496,492,495.5
2002-07-05,492.5,496,492,495.5
2002-07-08,493,498.5,493,498
2002-07-09,499.5,507,499.5,505.8
2002-07-10,504,510,503.5,505
2002-07-11,505,513,502.5,509.2
2002-07-12,508,511.5,504,506.5
2002-07-15,509,515.5,508.5,511.8
2002-07-16,511,512,501,503.3
2002-07-17,501.5,503,496,500.5
2002-07-18,501,502,498.5,500.5
2002-07-19,505,512,501,507.8
2002-07-22,505.5,510,504,504.5
2002-07-23,500,501.5,487,488.3
2002-07-24,487.5,487.5,481,486
2002-07-25,486.5,488.5,482,485.5
2002-07-26,482.5,484.5,459.5,466.5
2002-07-29,466,466.5,462,464
2002-07-30,466,469.5,464.5,465.8
2002-07-31,466,466.5,457,459.8
2002-08-01,455,461.5,455,458.3
2002-08-02,459.5,462.5,457.5,459.3
2002-08-05,461.5,467.5,460.5,463.3
2002-08-06,460.5,463.5,460,461.3
2002-08-07,464.5,470.5,464,467.5
2002-08-08,467.5,469.5,462.5,463.8
2002-08-09,462.5,468,462,467
2002-08-12,471.5,473.5,458,459.3
2002-08-13,461,461.5,457.5,458
2002-08-14,464,464.5,445,445.8
2002-08-15,447.5,450.5,446,448.3
2002-08-16,448,458,447,449.3
2002-08-19,450,452,439,440.5
2002-08-20,443.5,446.5,440.5,443.7
2002-08-21,443,446.5,441.5,442
2002-08-22,441.5,449,438,446.5
2002-08-23,444.5,445,438,442.3
2002-08-26,443,445.5,443,443.8
2002-08-27,444,452.5,442,450.3
2002-08-28,452,457,451.5,452.5
2002-08-29,453.5,458.5,453,455.7
2002-08-30,457,457,445.5,446.8
2002-09-03,450,452,447,448.5
2002-09-04,447,450.5,445.5,449.5
2002-09-05,453.5,456,452,454
2002-09-06,456.5,458,453,454
2002-09-09,456,462,454.5,460.3
2002-09-10,456,459.5,452.5,457.8
2002-09-11,455.5,458,454.5,456.3
2002-09-12,457,463.5,456.5,460.8
2002-09-13,461,464,457,457.5
2002-09-16,456,459,453,457
2002-09-17,456.5,460,455,459.8
2002-09-18,461,466.5,461,464
2002-09-19,466.5,469.5,464.5,466
2002-09-20,464.5,468.5,462.5,465
2002-09-23,467.5,467.5,460,464.8
2002-09-24,467.5,472,466,467
2002-09-25,465,467.5,458,460
2002-09-26,457.5,458.5,450,452.5
2002-09-27,452.5,454.5,449,450.5
2002-09-30,455,455,450.1,450.1
2002-10-01,452.5,453,448,448.8
2002-10-02,449,451.5,447.5,448.5
2002-10-03,450.5,451,447,448.5
2002-10-04,448,449.5,444.5,449
2002-10-07,448,449,444.5,445
2002-10-08,443,443.5,436.5,437.3
2002-10-09,435,437,432,435
2002-10-10,435,435,428,428.5
2002-10-11,429,434.5,428.5,432
2002-10-14,433.5,434,430.5,431
2002-10-15,429.5,434,429,432.3
2002-10-16,432,439,431.5,437
2002-10-17,435,437.5,433,434.5
2002-10-18,435,437.5,435,436
2002-10-21,436,437.5,431.5,435.2
2002-10-22,436,444,436,441.2
2002-10-23,441.5,443.5,439,440.7
2002-10-24,438,439,433.5,436.2
2002-10-25,439,442.5,438,440.7
2002-10-28,441.5,443.5,441,441.2
2002-10-29,444,452.5,443,451
2002-10-30,449,454,445.5,448.5
2002-10-31,449,452,448,450.5
2002-11-01,457.5,457.5,448.5,449
2002-11-04,446.5,450.5,446,448.7
2002-11-05,450.5,451.5,448.5,449.5
2002-11-06,447.5,449.5,446.5,448.3
2002-11-07,452.5,457,450.5,455
2002-11-08,458,460.5,452,453.2
2002-11-11,453.5,458.5,452.5,457.2
2002-11-12,457.5,462,455,460
2002-11-13,458.5,463,452.5,456
2002-11-14,457.5,458,453.5,456.2
2002-11-15,457,459,453.5,457.5
2002-11-18,455,455.5,452.5,453.7
2002-11-19,456,456.5,454,454.7
2002-11-20,455,455.5,452.5,453.5
2002-11-21,453.5,455,443,446.8
2002-11-22,447,455,446,454.3
2002-11-25,450,450,445.5,447.3
2002-11-26,447.5,448.5,442.5,443.3
2002-11-27,444.5,446,443,443.5
2002-12-02,443.5,446,441.5,444.2
2002-12-03,445.5,456,445.5,455.2
2002-12-04,457,460.5,456,457.7
2002-12-05,461,467,459.5,464
2002-12-06,467,469,460,465
2002-12-09,462,463,455.5,461.5
2002-12-10,460.5,464,459,462.3
2002-12-11,463.5,466.5,463,464.5
2002-12-12,467,477,462.5,475.2
2002-12-13,477,477.5,466.5,471.2
2002-12-16,472,473,465.5,470.7
2002-12-17,472,476,461,464.5
2002-12-18,464,468,461.5,467
2002-12-19,473,473,466,472.5
2002-12-20,466.5,467.5,460.5,463.2
2002-12-23,464.5,467.5,461.5,465.5
2002-12-24,464.5,466.5,463,466.2
2002-12-26,466.5,471.5,465,470.5
2002-12-27,468.5,473.5,468,472.3
2002-12-30,472.5,475.5,466.5,467.3
2002-12-31,467.5,482,465,481.2
2003-01-02,477,483.5,476.5,482.3
2003-01-03,481.5,492,480,490.3
2003-01-06,492.5,494.5,489,491
2003-01-07,489.5,491.5,478.5,481.5
2003-01-08,479,488.5,477,486.7
2003-01-09,486,488.5,481.5,485.5
2003-01-10,485.5,488.5,482,487.3
2003-01-13,483,483.5,482.8,482.8
2003-01-14,482,482.5,473.5,476.5
2003-01-15,473,480.5,472,478
2003-01-16,477.5,485,476.5,483.5
2003-01-17,483,484,478.5,481
2003-01-21,478.5,483,476,482
2003-01-22,485,485.5,482,484.8
2003-01-23,487.5,490.5,478,478.5
2003-01-24,479.5,495,479,488.5
2003-01-27,489,489,478,483.5
2003-01-28,482,488,481.5,487.5
2003-01-29,488.5,488.5,480,480.5
2003-01-30,480,492,479.5,487
2003-01-31,486,488.5,483.5,486
2003-02-03,486,487.5,481,483.5
2003-02-04,487.5,493,487,491.8
2003-02-05,494.5,494.5,473.5,476.8
2003-02-06,478.5,481.5,466,468
2003-02-07,470.5,473.5,463,465
2003-02-10,466.5,468.5,458.5,460
2003-02-11,456.5,458,453.5,457
2003-02-12,456,458,449.5,450.7
2003-02-13,451,455,449,453.3
2003-02-14,453,454.5,450,453.5
2003-02-18,450.5,459.5,450,455.5
2003-02-19,456.5,463,455.5,462.5
2003-02-20,461,468,460.5,466.2
2003-02-21,463.5,467.5,461,466.5
2003-02-24,465.5,472.5,465,471.5
2003-02-25,473,473.5,462,465.6
2003-02-26,465.5,468,463,466.9
2003-02-27,466,468,457,457.5
2003-02-28,456,464.5,454,458.5
2003-03-03,458,466,457.5,465.7
2003-03-04,468.5,470.5,465.5,466.5
2003-03-05,468,470,460.5,463.7
2003-03-06,464,471,464,467.3
2003-03-07,467.5,469.5,460.5,468.8
2003-03-10,469,471,467.5,468
2003-03-11,466,469.5,464,469
2003-03-12,467,467,463,463.5
2003-03-13,456,457.5,450,454
2003-03-14,455.5,455.5,451.5,453.8
2003-03-17,456,457,444.5,445
2003-03-18,446,449.5,445,446.3
2003-03-19,446,446,441.5,442
2003-03-20,441,445.5,440,441.5
2003-03-21,440,442,434,435.3
2003-03-24,438,438.5,436,436.8
2003-03-25,438.5,443,435,439.3
2003-03-26,438.5,441.5,438.5,439.8
2003-03-27,441,443,436.5,439.3
2003-03-28,438.5,446,436,443.3
2003-03-31,445.5,447.5,443,446.5
2003-04-01,444,446,441.5,443.7
2003-04-02,438.5,441.5,435,440.2
2003-04-03,438,443.5,437,441.3
2003-04-04,440,442,439,441.5
2003-04-07,438,443.5,438,442.3
2003-04-08,442,453,441.5,447.8
2003-04-09,448,450,443.5,448.3
2003-04-10,446,449.5,445.5,449
2003-04-11,447,450,445,449.3
2003-04-14,448,454.5,447.5,453.8
2003-04-15,453,454.5,451,452.3
2003-04-16,451.5,453,445,448.5
2003-04-17,448.5,449.5,446,447
2003-04-21,449.5,455,448,453.5
2003-04-22,455,460.5,454.5,459.7
2003-04-23,458,466.5,457,462.5
2003-04-24,463,466,461.5,464.5
2003-04-25,465,467,463.5,464.6
2003-04-28,463,465.5,455,459.5
2003-04-29,459,460,456,456.5
2003-04-30,465,467,462,465.2
2003-05-01,467,478,466.5,477.5
2003-05-02,479,482.5,474,479.7
2003-05-05,479.5,482.5,479.5,481.5
2003-05-06,482.5,483.5,477,480
2003-05-07,479.5,480,471.5,474.2
2003-05-08,477.5,481.5,477.5,480.2
2003-05-09,479,481.5,477,480
2003-05-12,481,491,479.5,487.2
2003-05-13,486.5,487.5,482,482.5
2003-05-14,483,489,482.5,487.2
2003-05-15,487,487.5,476,478
2003-05-16,479.5,484.5,478,479
2003-05-19,484,486,480,482
2003-05-20,484.5,486.5,475.5,477.2
2003-05-21,473.5,477,470,472.5
2003-05-22,474,476,465,466.2
2003-05-23,469,469,462.5,464.7
2003-05-27,468.5,470,462,462.5
2003-05-28,460,464.5,458,464
2003-05-29,461,464,454,457.5
2003-05-30,455.5,457,451,453.3
2003-06-02,451,456.5,449.5,450.8
2003-06-03,450.5,453,450,451
2003-06-04,452,452.5,448,450
2003-06-05,448.5,451,448,450
2003-06-06,453.5,459,451.5,454.5
2003-06-09,452,453,448.5,451.8
2003-06-10,450,451,445.5,447
2003-06-11,447.5,452,443,450
2003-06-12,448,451,447.5,450.5
2003-06-13,451,458.5,450.5,457.5
2003-06-16,458,462,457,461.2
2003-06-17,462,464,460.5,461
2003-06-18,457,457,453,455.8
2003-06-19,454,459,453,457
2003-06-20,454.5,455,452,452.8
2003-06-23,452.5,456.5,450.5,455.8
2003-06-24,455,455,449,451.5
2003-06-25,451,459,451,457.6
2003-06-26,454,454,451,453.3
2003-06-27,452.5,456,451,451.8
2003-06-30,451.5,457,451,456.8
2003-07-01,457,461,456.5,458.5
2003-07-02,458.5,468,458,464.5
2003-07-03,464,470.5,463,469.3
2003-07-07,467.5,475,467.5,473.8
2003-07-08,472,477.5,471.5,474.5
2003-07-09,476,483.5,475.5,482.5
2003-07-10,485.5,489.5,479.5,481.5
2003-07-11,479,484.5,478.5,480.5
2003-07-14,482,482.5,477,479.7
2003-07-15,478.5,479.5,465,465.8
2003-07-16,467,470.5,464.5,466.3
2003-07-17,469,470.5,466,467.8
2003-07-18,467.5,474,463,473
2003-07-21,474.5,479,473,475
2003-07-22,476,480.5,476,479
2003-07-23,486,510,485,507
2003-07-24,506.5,517,501,511
2003-07-25,507,510,503,507.5
2003-07-28,513,523,513,519.5
2003-07-29,507.5,517,507,516.5
2003-07-30,515,515,503.5,506
2003-07-31,513,523,509.5,512
2003-08-01,516,516.5,506,509.7
2003-08-04,501,505,495.5,502
2003-08-05,500,501,491,494
2003-08-06,494,498.5,491,497
2003-08-07,493,509,491,503.8
2003-08-08,505,506,496,499.2
2003-08-11,498.5,501.5,492.5,500
2003-08-12,498.5,499,482,486.2
2003-08-13,487.5,504,486,503
2003-08-14,502.5,507.5,499.5,503.5
2003-08-15,503.5,504.5,488,492.7
2003-08-18,492,494.5,488.5,492.7
2003-08-19,492,502.5,492,499.5
2003-08-20,501,503,496,502.2
2003-08-21,503,503.5,494,496.6
2003-08-22,497,504.5,495.5,501.9
2003-08-25,503,503,500,501.5
2003-08-26,498,503,496,502.6
2003-08-27,505,518.5,503,515.6
2003-08-28,511.5,516.5,509,515
2003-08-29,517,519.5,512,513.2
2003-09-02,513,515,497,501
2003-09-03,501.5,509,499.5,508
2003-09-04,503.5,506.5,502,503.5
2003-09-05,505,518.5,505,515
2003-09-08,512.5,513.5,508.5,510.7
2003-09-09,521.5,530.5,521,526.5
2003-09-10,523,529,522,526.5
2003-09-11,527,537,525,534.5
2003-09-12,534.5,538,518,521.7
2003-09-15,521.5,523.5,510.5,521
2003-09-16,520,524,517.5,523
2003-09-17,523,530.5,523,529.2
2003-09-18,534.5,537.5,519.5,526.5
2003-09-19,528.5,533.5,523.5,529.2
2003-09-22,534,535,524.5,527.5
2003-09-23,527.5,528,518,524.5
2003-09-24,525,534,523.5,531
2003-09-25,534.5,539.5,521,522.2
2003-09-26,523,523.5,513.5,514.5
2003-09-29,515,522,507,507.5
2003-09-30,513,519,509.5,514.2
2003-10-01,513.5,513.5,507.5,510.5
2003-10-02,511,513,507.5,510
2003-10-03,511.5,514,482,483.5
2003-10-06,484,484.5,474.5,481.5
2003-10-07,485.5,489,484,488
2003-10-08,488,490,485.5,487
2003-10-09,482,485,477,484.2
2003-10-10,487,492.5,486.5,491
2003-10-13,489,498.5,486.5,498
2003-10-14,495,497.5,488.5,493.2
2003-10-15,493,496.5,486,494.7
2003-10-16,493,497.5,489,492.2
2003-10-17,491.5,498,489,494
2003-10-20,494,503,494,500.5
2003-10-21,505,509,502,506.8
2003-10-22,511,515.5,509.5,513.5
2003-10-23,514,518,511.5,517.2
2003-10-24,516.5,522,516,516.5
2003-10-27,514,521,514,519.2
2003-10-28,516,517,509,509.7
2003-10-29,508.5,519,507,514.2
2003-10-30,518,519,511.5,513.5
2003-10-31,514.5,520.5,501.5,506.5
2003-11-03,507,507.5,492,492.7
2003-11-04,496,506,495,503
2003-11-05,502,502.5,497.5,498.5
2003-11-06,496.5,500,495,495.7
2003-11-07,496.5,506,493.5,505.8
2003-11-10,504.5,510,503.5,509
2003-11-11,509,509.5,504,506.7
2003-11-12,508.5,534.5,508,533.5
2003-11-13,533,537,527,529.5
2003-11-14,530,543,530,541.5
2003-11-17,542,543,514,522.7
2003-11-18,524.5,538,524.5,536.7
2003-11-19,534,534.5,525,527
2003-11-20,528,535,523.5,526.2
2003-11-21,530,532.5,524,529.5
2003-11-24,527,527.5,522,527
2003-11-25,524,536.5,521.5,532.5
2003-11-26,534,541.5,532,538.2
2003-12-01,539,557,538.5,547
2003-12-02,550,554.5,542.5,552
2003-12-03,548.5,550.5,544,549.2
2003-12-04,546,548,538,547.2
2003-12-05,544.5,553,542.5,549.2
2003-12-08,553.5,556.5,546,556
2003-12-09,558,566,558,565.5
2003-12-10,565.5,573.5,561,562
2003-12-11,557,562,551.5,559.7
2003-12-12,563,565.5,558,564
2003-12-15,559.5,568,556,565.7
2003-12-16,569.5,571.5,564,564.5
2003-12-17,564,572,563.5,570.8
2003-12-18,573.5,575.5,562.5,572.8
2003-12-19,571.5,574,569,573.8
2003-12-22,575,575,569.5,572.5
2003-12-23,572,576,570.5,574.8
2003-12-24,575.5,580.5,573.5,579.3
2003-12-29,589.5,593.5,587,593
2003-12-30,593,600,592,599.3
2003-12-31,600,602.5,594,596.5
2004-01-05,607,630,606.5,624.5
2004-01-06,637,643,626,632.8
2004-01-07,630,632,623,626.3
2004-01-08,626.5,630,616,627.3
2004-01-09,625.5,652,624.5,649.7
2004-01-12,659,671,655,661.7
2004-01-13,661,662,652.5,659.7
2004-01-14,656.5,657.5,637,643
2004-01-15,632,635.5,619,621.3
2004-01-16,621.5,634,620,633
2004-01-20,639,639.5,627.5,632.3
2004-01-21,630,630.5,610,620.8
2004-01-22,628,641,616.5,635
2004-01-23,632.5,638.5,627,636
2004-01-26,628,636,628,631.2
2004-01-27,626,657,626,655.5
2004-01-28,654.5,665,650,663
2004-01-29,653,653,612,623
2004-01-30,623,629.5,621.5,625
2004-02-02,624,627,595,604.3
2004-02-03,615,618,609,612.3
2004-02-04,612,618.5,607,614.8
2004-02-05,615,622,609,612.3
2004-02-06,610,649,603.5,627.8
2004-02-09,633.5,644,628.5,642.8
2004-02-10,645,648,638,638.8
2004-02-11,635,660,632,655.8
2004-02-12,654,672,650.5,662
2004-02-13,656.5,674,647,658.2
2004-02-17,665,678.5,662,678
2004-02-18,675,685,663,670
2004-02-19,666.5,674.5,656,665.8
2004-02-20,661,667,646,653.3
2004-02-23,649.5,651.5,639.5,649
2004-02-24,653,663.5,651.5,662.2
2004-02-25,674,676.5,651.5,655.4
2004-02-26,648,675.5,631,673
2004-02-27,663,679,661.5,671.5
2004-03-01,677,703,677,694.5
2004-03-02,692.5,692.5,670,672.5
2004-03-03,665,685.5,663.5,675.2
2004-03-04,676.5,684.5,671,676.8
2004-03-05,679,700,678,699
2004-03-08,694,707,689,699
2004-03-09,693.5,720,692,718
2004-03-10,720,727.5,709.5,718.5
2004-03-11,717,724.5,711.5,719.3
2004-03-12,718,722,694,706.3
2004-03-15,711,716.5,709.5,714
2004-03-16,718,721,712.5,716.7
2004-03-17,717.5,727.5,712,726
2004-03-18,728,748,724.5,746.5
2004-03-19,748,772,740,756.3
2004-03-22,765,769,758.5,762.8
2004-03-23,760,772,757.5,770.8
2004-03-24,765,776,757.5,765
2004-03-25,759,765,748,760.2
2004-03-26,764,781,764,771.7
2004-03-29,767.5,770.5,760.5,762.5
2004-03-30,765.5,779.5,765.5,777.5
2004-03-31,787,795,784.5,794.5
2004-04-01,807.5,821,801.5,814.8
2004-04-02,830.5,831,793.5,815.5
2004-04-05,820,820,802,811.7
2004-04-06,823,827.5,810.5,822
2004-04-07,822,828.5,807,819
2004-04-08,819,826.5,803.5,809
2004-04-12,812.5,820,782,803
2004-04-13,803.5,804.5,735,745
2004-04-14,745,746,683,700.5
2004-04-15,703,715,685,707.8
2004-04-16,705,724,703,714.5
2004-04-19,716.5,730,716,721
2004-04-20,721,723,689.5,694.5
2004-04-21,650,695,614,617
2004-04-22,614.5,626.5,600,602.8
2004-04-23,605,620.5,605,616.3
2004-04-26,618,624.5,615,617.3
2004-04-27,618,630,617.5,623.5
2004-04-28,623.5,629,582.5,586.7
2004-04-29,568,598.5,554.5,582
2004-04-30,587,615,587,606.5
2004-05-03,608,609,586,602.5
2004-05-04,610,617.5,601,605.5
2004-05-05,608,616,603,613
2004-05-06,599,602,577,583
2004-05-07,582,591.5,559,560
2004-05-10,555,577.5,552,576.5
2004-05-11,570,575,550.5,554
2004-05-12,563,573,555.5,557.5
2004-05-13,554,565,553.5,561.5
2004-05-14,556,575,556,572.5
2004-05-17,580,590.5,563.5,568
2004-05-18,572,577,562.5,568
2004-05-19,571.5,594,571.5,592.5
2004-05-20,582.5,591,577,578
2004-05-21,587,596,584,587
2004-05-24,583,602,578.5,599.7
2004-05-25,602,611,602,608.5
2004-05-26,611.5,616,601,605.5
2004-05-27,610,622,608.5,619.5
2004-05-28,615.5,619,603,611
2004-06-01,617,619.5,605,606
2004-06-02,608,611,580,583.8
2004-06-03,583,588,571.5,573.5
2004-06-04,572,583.5,565,581
2004-06-07,584.5,592.5,581.5,590
2004-06-08,589,594.5,574,577
2004-06-09,571,582,561,563.3
2004-06-10,565,575.5,563.5,574.8
2004-06-14,566.5,578.5,563,565.8
2004-06-15,564.5,577,563,573.5
2004-06-16,567,573.5,563.5,572.5
2004-06-17,576,593,572.5,592.5
2004-06-18,596,604.5,595.5,598.3
2004-06-21,600,605,574,586
2004-06-22,584,592.5,582.5,586.7
2004-06-23,588.5,590.5,583,587.5
2004-06-24,594,620,593,617.5
2004-06-25,613,615.5,609,612.7
2004-06-28,618,620,591,592
2004-06-29,594,597,581.5,587.3
2004-06-30,591.5,601.5,573,579.5
2004-07-01,588.5,597.5,585,595.3
2004-07-02,584,608,583.5,601.5
2004-07-06,605.5,608,589,598
2004-07-07,606,616,606,612.5
2004-07-08,620.5,647,616.5,643.5
2004-07-09,649,653.5,640.5,647.5
2004-07-12,648,658,645,654.2
2004-07-13,643.5,646.5,628,639.2
2004-07-14,646,662.5,645.5,661.2
2004-07-15,658.5,669.5,655.5,666.3
2004-07-16,664,676,660.5,672.5
2004-07-19,670.5,678,656.5,660
2004-07-20,658,662,644.5,661.2
2004-07-21,651,654.5,634,641
2004-07-22,642,651,640,642.8
2004-07-23,626.5,635,624,634.5
2004-07-26,634,636,616.5,624.5
2004-07-27,625.5,629,616,624.7
2004-07-28,622,638.5,611,637.3
2004-07-29,631,641,623.5,635.5
2004-07-30,642.5,665,642.5,656
2004-08-02,662,664,654,662
2004-08-03,649,669,648,668.5
2004-08-04,659,683,657.5,673.7
2004-08-05,665,676.5,664.5,675
2004-08-06,673.5,690,670,677.5
2004-08-09,670,678,658,673.7
2004-08-10,672.5,682.5,669.5,672.2
2004-08-11,665.5,667.5,646,652.7
2004-08-12,659,665,649,655.7
2004-08-13,651,666.5,650,662.5
2004-08-16,668.5,677,667.5,673.7
2004-08-17,672,678.5,666,673
2004-08-18,671.5,688,663,683.7
2004-08-19,686,694,680.5,682
2004-08-20,677.5,701,677.5,687
2004-08-23,680.5,682,666.5,674.5
2004-08-24,670,671,654,657.7
2004-08-25,663,671,659,665.1
2004-08-26,671.5,674.5,661,671.7
2004-08-27,673,677,661,662.7
2004-08-30,666,686.5,665,674.7
2004-08-31,676,683,670.5,681.2
2004-09-01,678.5,685,674,683
2004-09-02,680,685,675,681
2004-09-03,678,679.5,650,659
2004-09-07,656.5,656.5,620.5,623.5
2004-09-08,618,627,610,621.2
2004-09-09,617,621.5,611.5,618.8
2004-09-10,623.5,625.5,615,616.5
2004-09-13,607,626,607,621.5
2004-09-14,621,631,621,623
2004-09-15,621.5,632.5,617,630
2004-09-16,632.5,635.5,626,631.8
2004-09-17,630,632.5,621,628.8
2004-09-20,623.5,629.5,622.5,628
2004-09-21,636,640,632.5,637.3
2004-09-22,632,639,627.5,637.5
2004-09-23,642.5,649,640.5,647
2004-09-24,646.5,651,639.5,642.5
2004-09-27,641.5,657,641,655
2004-09-28,666,668,659,661
2004-09-29,659.5,675,659.5,669.5
2004-09-30,677,698,677,693.8
2004-10-01,693,698,688,694.3
2004-10-04,684.5,687,672,676.5
2004-10-05,680,713.5,680,710.2
2004-10-06,720,728,714.5,724.5
2004-10-07,724,730,716.5,721.7
2004-10-08,720,734,720,729.5
2004-10-11,728.5,732,719,725.2
2004-10-12,716,720,696,705.5
2004-10-13,682,695.5,681,690
2004-10-14,704,711,695.5,705.5
2004-10-15,710,717,703.5,711
2004-10-18,703,710.5,697,698.7
2004-10-19,699,721,699,719.5
2004-10-20,722.5,738.5,716.5,735.2
2004-10-21,737.5,742,719.5,731
2004-10-22,724.5,737,724,733.3
2004-10-25,744,745.5,733.5,737
2004-10-26,732.5,736.5,724,734
2004-10-27,732.5,742.5,716,718.5
2004-10-28,718.5,723.5,705,714.5
2004-10-29,718,733,712,730.5
2004-11-01,730,737.5,723.5,733
2004-11-02,722.5,725.5,692,702
2004-11-03,715,723.5,715,721
2004-11-04,715,749,715,738.3
2004-11-05,737.5,752,728,750.5
2004-11-08,752,758,742,748.7
2004-11-09,749.5,758.5,743.5,753.5
2004-11-10,752,755.5,736,742
2004-11-11,740.5,749,740.5,747.7
2004-11-12,752.5,767,743.5,762.2
2004-11-15,762,766,749.5,757.2
2004-11-16,755,763,748,759.2
2004-11-17,763.5,768,755,766.5
2004-11-18,766,775,751,755.2
2004-11-19,756,765,750,760
2004-11-22,760,766,756.5,757.2
2004-11-23,757,761.5,750.5,755.5
2004-11-24,758,763,754,761.3
2004-11-29,764,779.5,760.5,777
2004-11-30,774,782,766,772.3
2004-12-01,771,808,771,802.6
2004-12-02,799,819,787,790.8
2004-12-03,797,809,784,804.3
2004-12-06,807.5,808,793.5,796.3
2004-12-07,796.5,798,786,788.5
2004-12-08,789,789,703,714.5
2004-12-09,716,722,662,680
2004-12-10,680,719.5,664,674.3
2004-12-13,675.5,693,674.5,683
2004-12-14,686,690,668,675.5
2004-12-15,681,695.5,673.5,688
2004-12-16,688,697,670,672.7
2004-12-17,672,681.5,666.5,680.3
2004-12-20,685,695.5,682,686.5
2004-12-21,687,693.5,683,692.7
2004-12-22,692.5,696.5,682,683.5
2004-12-23,685,697.5,683.5,691.5
2004-12-27,694.5,709,693.5,700.5
2004-12-28,701,707.5,696,705.8
2004-12-29,705,706,680,682.7
2004-12-30,683.5,688.5,680,683.7
2005-01-03,684,684,649,650.7
2005-01-04,652,654.5,635,645.2
2005-01-05,646,659,641,653.5
2005-01-06,654,656.5,641,645.5
2005-01-07,646,659.5,639,644.8
2005-01-10,645,650,642,645
2005-01-11,646,667,645,663.8
2005-01-12,661,675,660,674.3
2005-01-13,671.5,677.5,668,674.5
2005-01-14,667,677.5,658,659.5
2005-01-18,659.5,668,656.5,665.5
2005-01-19,670,674.5,660.5,662.5
2005-01-20,662,664,647,655.8
2005-01-21,660.5,683,655,681.2
2005-01-24,680.5,689,679,686
2005-01-25,685.5,687,668,668.5
2005-01-26,676,685,669.5,680.5
2005-01-27,680.5,683.5,672.5,682
2005-01-28,682,688,675,679.5
2005-01-31,678.5,681,662,674.7
2005-02-01,675.5,678,668,673
2005-02-02,675.5,682,672,675
2005-02-03,665.5,678,659,667.7
2005-02-04,667.5,671,660.5,663.5
2005-02-07,663,670,654,655.5
2005-02-08,656,660,649,655.7
2005-02-09,655.5,661,649.5,659
2005-02-10,660,698,657,696.5
2005-02-11,696,724,694.5,721
2005-02-14,719.5,735,719.5,734
2005-02-15,734,740.5,721,736
2005-02-16,733.5,736,711.5,725.5
2005-02-17,727,743,717.5,737
2005-02-18,737,745.5,732,741.7
2005-02-22,739,757,736.5,752
2005-02-23,753,756,727.5,744.3
2005-02-24,743,749.5,728.5,738.3
2005-02-25,736.5,736.5,719,729.1
2005-02-28,732,742,729,735.9
2005-03-01,734.5,734.5,717,722.9
2005-03-02,723.5,734,710,730.7
2005-03-03,733.5,738,724,726.5
2005-03-04,726,743.5,719,738.5
2005-03-07,738.5,746.5,734,739.5
2005-03-08,740,761,739.5,753.8
2005-03-09,754,768,746,764
2005-03-10,764.5,767,749.5,752.7
2005-03-11,754,762,743,757
2005-03-14,755,756.5,737.5,741
2005-03-15,741,753,730,740.7
2005-03-16,740,748.5,739,745.2
2005-03-17,745.2,749.5,734,740.7
2005-03-18,742,742,728.5,739.7
2005-03-21,740,740.5,706.5,711.2
2005-03-22,712,716.5,705,707.8
2005-03-23,708.5,710,691,698.5
2005-03-24,697.5,702,691.5,693.8
2005-03-28,694.5,696.5,683,691
2005-03-29,691.5,702,690,698.2
2005-03-30,698.5,717,697,714.7
2005-03-31,714.5,722.5,711,718
2005-04-01,718.5,719,695.5,700
2005-04-04,702,703,692,702.4
2005-04-05,703.5,709.5,696,704.3
2005-04-06,704,715.5,703,712
2005-04-07,712,717.5,706,707.5
2005-04-08,707,717,701.5,716.5
2005-04-11,716,730,713.5,725.5
2005-04-12,725.5,731,710,715.5
2005-04-13,715,727,707,722.5
2005-04-14,722,723,701,706
2005-04-15,704,709.5,698,702.2
2005-04-18,701,709,695,704.5
2005-04-19,704.5,726.5,701,725
2005-04-20,723,736,720,733.7
2005-04-21,733.5,734.5,719,721.7
2005-04-22,721.5,733.5,721,727.5
2005-04-25,727.5,730,720.5,726
2005-04-26,725,732,721,725.5
2005-04-27,725,726,708.5,713.5
2005-04-28,713.5,715,685,690.7
2005-04-29,690.5,701.5,686,690.3
2005-05-02,692.5,694.5,677,684
2005-05-03,687.5,691.5,682,688.3
2005-05-04,688,705,686.5,701.3
2005-05-05,703,710,698.5,706.3
2005-05-06,706,709,690,696.5
2005-05-09,695,712,694,708
2005-05-10,708,717.5,704,711.5
2005-05-11,711.5,713.5,700.5,709.5
2005-05-12,708.5,709,693,696.5
2005-05-13,692.5,698,688,694
2005-05-16,695,699,689.5,695.8
2005-05-17,696.5,708.5,695,704.5
2005-05-18,704,723.5,703,720.5
2005-05-19,720.5,724.5,711,714
2005-05-20,713.5,716,694.5,695.5
2005-05-23,696.5,703.5,695,697
2005-05-24,697,711.5,696,700.3
2005-05-25,701,715.5,700,713.8
2005-05-26,714,729.5,704.5,716.2
2005-05-27,716.5,731.5,712,731
2005-05-31,725.5,750,714,745.2
2005-06-01,742.5,761,739,752
2005-06-02,750,763,747,754.5
2005-06-03,754.5,761.5,749,751
2005-06-06,748,762,746.5,754
2005-06-07,754,756.5,742,744.5
2005-06-08,745.5,753,741,747.5
2005-06-09,746,746,721,727
2005-06-10,727,731,715.5,728.8
2005-06-13,729.5,733,719.5,726.5
2005-06-14,727,731.5,724,728
2005-06-15,728,740,727,733
2005-06-16,733,744.5,732,737
2005-06-17,737,744,732,733.5
2005-06-20,733.5,748,726.5,730.2
2005-06-21,730,731,717,729.2
2005-06-22,729.5,732,719.5,725.8
2005-06-23,726,732,719,727.3
2005-06-24,727.5,734,723,728
2005-06-27,728,730,721.5,724.2
2005-06-28,723,724,709.6,709.6
2005-06-29,710,711,702,705.7
2005-06-30,706.5,714,699,702.8
2005-07-01,705,706,684,685.1
2005-07-05,693,696,686,687
2005-07-06,689.5,699.5,689,695.5
2005-07-07,697,709,696,698.5
2005-07-08,700,707,694,703
2005-07-11,702,713,702,710.5
2005-07-12,710.5,718,704,708.5
2005-07-13,708,712.5,705,707
2005-07-14,706,712,695.5,699.5
2005-07-15,699.5,705.5,696.5,699
2005-07-18,700,705.5,698.5,700.5
2005-07-19,700.5,705,695,698.5
2005-07-20,698.5,711,697.5,706.8
2005-07-21,707.5,721.5,707.5,713.5
2005-07-22,714,718.5,709,711.5
2005-07-25,710.5,715.5,709.5,714
2005-07-26,714,714.5,701,701.8
2005-07-27,702,707.5,696.5,704
2005-07-28,705.5,723,705,720
2005-07-29,719,727,715,726.2
2005-08-01,725,733,723,730.5
2005-08-02,730,732,724.5,726.2
2005-08-03,727,733,723.5,730.7
2005-08-04,729.5,731.5,718,725.2
2005-08-05,725,726.5,714,715.8
2005-08-08,714.5,717.5,698,701.5
2005-08-09,702,705,696,703.5
2005-08-10,703.5,710.5,703.5,707.8
2005-08-11,708.5,722,708.5,718.3
2005-08-12,719,725.5,706.5,709
2005-08-15,709.5,712.5,692.5,696.5
2005-08-16,697,705.5,695,704.3
2005-08-17,704,705.5,695,699.3
2005-08-18,699.5,703.5,695.5,699.8
2005-08-19,700.5,703,695.5,700.8
2005-08-22,700.5,710,697.5,706
2005-08-23,706,709.5,694.5,696.8
2005-08-24,697.5,702,688,692.2
2005-08-25,693,696.5,679,683.2
2005-08-26,683.5,686.5,672,674.2
2005-08-29,675.5,681,672.5,673
2005-08-30,672,675.5,663,669.1
2005-08-31,669.5,679,668.5,678.1
2005-09-01,682.5,699,681,696.6
2005-09-02,697.5,703.5,693.5,700.8
2005-09-06,710,714,702,709.8
2005-09-07,710,715.5,707.5,711.8
2005-09-08,711,717,702,702.8
2005-09-09,702.5,709.5,700,706.5
2005-09-12,707.5,714,701,706
2005-09-13,705.5,708.5,691,700.5
2005-09-14,701,707,699.5,704.5
2005-09-15,704.5,714,698.5,707.8
2005-09-16,708,732,707,728.8
2005-09-19,729,750,725,739.8
2005-09-20,740,746.5,733,737.5
2005-09-21,737.5,745,732,741.5
2005-09-22,740,752.5,735.5,741.5
2005-09-23,741,742.5,728,733.5
2005-09-26,733,741.5,723.5,736.5
2005-09-27,737.5,740,724,732.8
2005-09-28,732.5,743.5,729.5,740.3
2005-09-29,741,757,739,755.5
2005-09-30,755,764.5,750,751.2
2005-10-03,748,751,740,745.5
2005-10-04,745.5,751,739,742.5
2005-10-05,742,748.5,736,747.8
2005-10-06,747.5,763,742,759.5
2005-10-07,760,778.5,758,777
2005-10-10,777.5,789,774.5,784.5
2005-10-11,784,795.5,778,787.5
2005-10-12,787,792.5,780,783.8
2005-10-13,783,783,769.5,773.5
2005-10-14,774,789,764,786.2
2005-10-17,784,792.5,783.5,787.5
2005-10-18,785,789,778.5,783.5
2005-10-19,783,783.5,761,764
2005-10-20,765,770.5,753,765.5
2005-10-21,765.5,770,757,769.5
2005-10-24,769,776,764,770.8
2005-10-25,769.5,787,768.5,782.5
2005-10-26,782.5,792.5,782,786.3
2005-10-27,786,794.5,780.5,784
2005-10-28,786,788.5,772,782
2005-10-31,783.5,784.5,757.5,758
2005-11-01,759,762,741,747
2005-11-02,749,758,743,756
2005-11-03,755,763,751.5,762.3
2005-11-04,762,770,747.5,757.3
2005-11-07,756.5,761,745,760.5
2005-11-08,761,768,754,762.5
2005-11-09,763.5,774,762.5,767.8
2005-11-10,768,779,767,770.5
2005-11-11,771.5,777,768.5,776
2005-11-14,778,786,776,778.2
2005-11-15,777.5,784,770,778.7
2005-11-16,779,802.5,776.5,800.2
2005-11-17,801,814,800,810.2
2005-11-18,811,818,803.5,806.7
2005-11-21,805,817,803.5,813.3
2005-11-22,814,822.5,808,817
2005-11-23,817.5,817.5,805,813
2005-11-28,815.5,837.5,815.5,835.3
2005-11-29,836.5,836.5,823,829.6
2005-11-30,830,830,817.5,828
2005-12-01,827.5,850,819,849.9
2005-12-02,850,860,846,854.4
2005-12-05,865,874.5,863,873.5
2005-12-06,873,885,860,879.2
2005-12-07,879.5,898.5,877.5,887.7
2005-12-08,887.5,900,878.5,899
2005-12-09,900,914,898.5,909.5
2005-12-12,909,934.5,873,888.2
2005-12-13,891,895,851.5,858.5
2005-12-14,859.5,864,842,846.5
2005-12-15,846.5,872,838,863.5
2005-12-16,863,872.5,852,860
2005-12-19,862,875,853.5,864.5
2005-12-20,864.5,871,835,839.5
2005-12-21,838.5,845,829,843.5
2005-12-22,843,860,843,857.8
2005-12-23,855.5,869.5,855.5,864.5
2005-12-27,867,882,864,881.2
2005-12-28,881.5,901.5,878.5,893.5
2005-12-29,892.5,903,874,888.2
2005-12-30,888.5,899,883,889
2006-01-03,891,918,889.5,916
2006-01-04,916.5,930.5,901,917
2006-01-05,919,921.5,876,887.2
2006-01-06,886.5,918,878.5,917.3
2006-01-09,918,929.5,901.5,928.3
2006-01-10,929,930.5,891.5,901.5
2006-01-11,903,911.5,885.5,906.5
2006-01-12,908.5,911,893,906
2006-01-13,906.5,927,897,916.5
2006-01-17,924,935.5,903.5,907.3
2006-01-18,906.5,912.5,879,887.3
2006-01-19,884,912,880,910.8
2006-01-20,911,927.5,885,893
2006-01-23,892,908,885.5,907.3
2006-01-24,907,926,894.5,922.8
2006-01-25,924,954,921,951
2006-01-26,951,966.5,943,960.5
2006-01-27,960.5,980,955,960.5
2006-01-30,960,981,957.5,977.5
2006-01-31,979.5,995,978,988.5
2006-02-01,987.5,988,968,979.5
2006-02-02,979.5,994.5,973,987.7
2006-02-03,986,992,969.5,976
2006-02-06,977,989,972,975.8
2006-02-07,975.5,980,936.5,941
2006-02-08,940,950,927.5,944
2006-02-09,944,967,942.5,966
2006-02-10,965,971.5,928,938
2006-02-13,939.5,947,908.5,911.8
2006-02-14,910,934,905.5,931.5
2006-02-15,932.5,940.5,907,921.5
2006-02-16,919.5,938,910,937
2006-02-17,936,950.5,932,942
2006-02-21,953,957.5,940,954.5
2006-02-22,955.5,963.5,942.5,957.5
2006-02-23,957.5,961,945,946.7
2006-02-24,949,975,946,973.3
2006-02-27,969,974,952,960.2
2006-02-28,960.5,978,956.5,972
2006-03-01,973.5,981,969,971
2006-03-02,970,1019,970,1012.8
2006-03-03,1019.5,1033,1012,1023.5
2006-03-06,1022,1029.5,992,1002.5
2006-03-07,1003.5,1012,997,1010.7
2006-03-08,1009,1012,967,984.5
2006-03-09,982.5,1009,976.5,997
2006-03-10,997,1000,975,996
2006-03-13,997.5,1017,992.5,1015.7
2006-03-14,1016,1026,1007.5,1024.5
2006-03-15,1024.5,1039.5,1021.5,1035
2006-03-16,1035,1038.5,1013,1034.2
2006-03-17,1035,1046,1030,1036.5
2006-03-20,1036.5,1043.5,1026,1036.2
2006-03-21,1035,1058,1015.5,1056.5
2006-03-22,1054,1060,1047.5,1049.5
2006-03-23,1051,1070,1041,1069
2006-03-24,1068.5,1077,1064.5,1073.5
2006-03-27,1073,1094,1072,1089.5
2006-03-28,1088,1094,1079,1087
2006-03-29,1086,1113,1074.5,1111.5
2006-03-30,1110,1171.5,1110,1166
2006-03-31,1167,1194,1137.5,1152
2006-04-03,1150.5,1181.5,1147,1176.5
2006-04-04,1176,1181,1164.5,1173
2006-04-05,1171,1179,1155.5,1170.5
2006-04-06,1170,1208,1169,1204.5
2006-04-07,1204.5,1219.5,1194,1207
2006-04-10,1207,1257,1205,1256
2006-04-11,1258,1301,1248,1260
2006-04-12,1260,1279,1243,1266.3
2006-04-13,1267,1290,1251,1285.5
2006-04-17,1295,1338,1284.5,1336.5
2006-04-18,1336.5,1380,1333,1378.5
2006-04-19,1381.5,1457.5,1381,1449.5
2006-04-20,1455.5,1469,1220,1252.5
2006-04-21,1239.5,1303,1160,1296.5
2006-04-24,1320,1332,1175,1177.5
2006-04-25,1179.5,1265,1169,1256
2006-04-26,1255,1290,1235,1281.5
2006-04-27,1285.5,1315,1219,1247
2006-04-28,1250,1376,1240,1351
2006-05-01,1358,1395,1342,1385.2
2006-05-02,1387.5,1412,1367,1411
2006-05-03,1419.5,1452,1320,1379.5
2006-05-04,1379,1423,1348.5,1382.5
2006-05-05,1382,1414,1367,1389
2006-05-08,1397,1411,1343,1377
2006-05-09,1379,1453,1365.5,1446.5
2006-05-10,1446,1458,1400,1428
2006-05-11,1428.5,1520,1415,1493.5
2006-05-12,1491,1502.5,1410,1423.5
2006-05-15,1436,1446,1300,1333.5
2006-05-16,1328,1357,1282,1354
2006-05-17,1356.5,1398,1282,1324
2006-05-18,1317,1328,1250,1252
2006-05-19,1252.5,1279,1208,1236
2006-05-22,1250,1257,1188,1243
2006-05-23,1243,1320,1220.5,1317
2006-05-24,1317,1318,1242,1251.5
2006-05-25,1248,1277,1234,1260
2006-05-26,1261.5,1274,1242,1273
2006-05-30,1271,1336,1266,1307
2006-05-31,1303,1312.5,1228,1245.5
2006-06-01,1225,1235,1158,1210
2006-06-02,1186,1224,1186,1209
2006-06-05,1229,1235,1203,1229
2006-06-06,1193,1203,1155,1181
2006-06-07,1173,1191,1133,1186
2006-06-08,1173,1173,1104,1104
2006-06-09,1119,1147,1110,1118
2006-06-12,1103,1127,1094,1102
2006-06-13,1073,1075,958,962
2006-06-14,953,1004,952,970
2006-06-15,982,1022,982,996
2006-06-16,1023,1035,980,1011
2006-06-19,999,1002,980,993
2006-06-20,992,1024,986,1024
2006-06-21,1021,1044,1008,1038
2006-06-22,1048,1061,1013,1017
2006-06-23,1003,1028,993,1026
2006-06-26,1020,1031,998,1019
2006-06-27,1028,1057,1014,1014
2006-06-28,1029,1039,1013,1021
2006-06-29,1020,1055,1020,1038
2006-06-30,1082,1109,1060,1096
2006-07-05,1126,1142,1118,1135
2006-07-06,1125,1160,1122,1155
2006-07-07,1150,1158,1129,1137
2006-07-10,1128,1132,1089,1106
2006-07-11,1113,1156,1109,1150
2006-07-12,1148,1178,1133,1151
2006-07-13,1158,1170,1134,1143
2006-07-14,1165,1171,1148,1151
2006-07-17,1167,1174,1101,1104
2006-07-18,1108,1118,1043,1043
2006-07-19,1056,1116,1042,1116
2006-07-20,1101,1130,1097,1102
2006-07-21,1095,1127,1072,1082
2006-07-24,1072,1091,1064,1090
2006-07-25,1095,1104,1076,1090
2006-07-26,1089,1106,1086,1104
2006-07-27,1114,1148,1114,1135
2006-07-28,1138,1141,1128,1133
2006-07-31,1143,1147,1122,1133
2006-08-01,1139,1176,1129,1170
2006-08-02,1176,1225,1172,1221
2006-08-03,1216,1222,1200,1206
2006-08-04,1211,1258,1208,1243
2006-08-07,1250,1250,1214,1223
2006-08-08,1229,1230,1207,1223
2006-08-09,1205,1262,1205,1253
2006-08-10,1256,1266,1204,1206
2006-08-11,1225,1234,1175,1187
2006-08-14,1181,1220,1173,1211
2006-08-15,1200,1211,1182,1206
2006-08-16,1209,1240,1208,1225
2006-08-17,1228,1234,1194,1195
2006-08-18,1196,1210,1182,1199
2006-08-21,1214,1241,1214,1229
2006-08-22,1232,1235,1200,1224
2006-08-23,1219,1261,1216,1246
2006-08-24,1244,1257,1225,1228
2006-08-25,1240,1240,1217,1235
2006-08-28,1237,1242,1192,1199
2006-08-29,1224,1234,1198,1232
2006-08-30,1231,1264,1231,1264
2006-08-31,1262,1303,1261,1300
2006-09-01,1302,1306,1279,1305
2006-09-05,1315,1332,1309,1309
2006-09-06,1312,1330,1302,1317
2006-09-07,1312,1321,1248,1267
2006-09-08,1266,1266,1206,1224
2006-09-11,1188,1195,1117,1117
2006-09-12,1141,1147,1107,1112
2006-09-13,1106,1137,1095,1115
2006-09-14,1133,1148,1086,1091
2006-09-15,1078,1100,1053,1083
2006-09-18,1100,1128,1082,1127
2006-09-19,1118,1125,1087,1092
2006-09-20,1082,1121,1077,1110
2006-09-21,1102,1124,1092,1121
2006-09-22,1129,1145,1112,1125
2006-09-25,1124,1132,1109,1129
2006-09-26,1131,1154,1114,1146
2006-09-27,1148,1177,1148,1166
2006-09-28,1172,1182,1158,1169
2006-09-29,1161,1169,1130,1150
2006-10-02,1150,1178,1150,1160
2006-10-03,1155,1155,1099,1100
2006-10-04,1089,1102,1061,1075
2006-10-05,1078,1118,1073,1103
2006-10-06,1109,1116,1084,1116
2006-10-09,1130,1151,1125,1139
2006-10-10,1138,1145,1111,1119
2006-10-11,1118,1150,1109,1131
2006-10-12,1133,1141,1117,1135
2006-10-13,1137,1168,1133,1164
2006-10-16,1170,1191,1166,1186
2006-10-17,1185,1194,1161,1174
2006-10-18,1176,1193,1173,1179
2006-10-19,1180,1213,1162,1212
2006-10-20,1207,1210,1187,1193
2006-10-23,1191,1192,1162,1164
2006-10-24,1159,1185,1131,1181
2006-10-25,1173,1194,1171,1185
2006-10-26,1193,1224,1193,1220
2006-10-27,1220,1220,1201,1204
2006-10-30,1216,1227,1209,1220
2006-10-31,1210,1227,1197,1223
2006-11-01,1232,1255,1230,1244
2006-11-02,1242,1264,1234,1260
2006-11-03,1254,1268,1233,1259
2006-11-06,1257,1276,1247,1271
2006-11-07,1262,1273,1257,1262
2006-11-08,1265,1270,1250,1250
2006-11-09,1251,1302,1249,1302
2006-11-10,1307,1317,1285,1305
2006-11-13,1307,1308,1268,1283
2006-11-14,1278,1300,1272,1285
2006-11-15,1279,1292,1249,1290
2006-11-16,1288,1313,1284,1291
2006-11-17,1280,1284,1256,1276
2006-11-20,1282,1296,1269,1271
2006-11-21,1278,1305,1277,1304
2006-11-22,1300,1320,1295,1301
2006-11-24,1308,1345,1308,1342
2006-11-27,1341,1354,1340,1346
2006-11-28,1365,1379,1358,1375
2006-11-29,1386,1396,1369,1371
2006-11-30,1375,1415,1375,1408
2006-12-01,1409,1421,1399,1414
2006-12-04,1419,1425,1409,1422
2006-12-05,1420,1433,1397,1399
2006-12-06,1384,1396,1370,1374
2006-12-07,1369,1401,1360,1399
2006-12-08,1401,1412,1380,1386
2006-12-11,1382,1400,1378,1398
2006-12-12,1397,1402,1390,1394
2006-12-13,1397,1399,1369,1387
2006-12-14,1389,1399,1384,1391
2006-12-15,1392,1393,1293,1293
2006-12-18,1302,1309,1237,1250
2006-12-19,1266,1280,1242,1267
2006-12-20,1282,1287,1248,1265
2006-12-21,1260,1266,1242,1243
2006-12-22,1252,1265,1250,1263
2006-12-26,1285,1285,1268,1270
2006-12-27,1277,1294,1275,1284
2006-12-28,1285,1295,1283,1290
2006-12-29,1295,1297,1282,1291
2007-01-02,1308,1325,1304,1324
2007-01-03,1323,1323,1257,1262
2007-01-04,1264,1288,1244,1278
2007-01-05,1271,1279,1208,1217
2007-01-08,1218,1238,1208,1232
2007-01-09,1238,1258,1223,1256
2007-01-10,1249,1254,1224,1242
2007-01-11,1241,1258,1236,1242
2007-01-12,1248,1291,1240,1283
2007-01-16,1292,1292,1258,1259
2007-01-17,1264,1294,1240,1285
2007-01-18,1287,1299,1262,1265
2007-01-19,1272,1289,1266,1288
2007-01-22,1287,1316,1279,1295
2007-01-23,1297,1327,1296,1322
2007-01-24,1321,1330,1306,1324
2007-01-25,1323,1355,1323,1344
2007-01-26,1337,1345,1316,1333
2007-01-29,1337,1339,1317,1321
2007-01-30,1319,1339,1309,1333
2007-01-31,1331,1365,1323,1353
2007-02-01,1359,1378,1354,1368
2007-02-02,1365,1371,1323,1333
2007-02-05,1342,1354,1329,1352
2007-02-06,1351,1383,1349,1365
2007-02-07,1365,1376,1359,1368
2007-02-08,1364,1383,1348,1372
2007-02-09,1377,1392,1376,1387
2007-02-12,1382,1388,1350,1366
2007-02-13,1367,1395,1366,1387
2007-02-14,1394,1409,1390,1392
2007-02-15,1403,1404,1380,1393
2007-02-16,1392,1400,1381,1395
2007-02-20,1400,1400,1366,1379
2007-02-21,1377,1427,1368,1425
2007-02-22,1414,1432,1413,1421
2007-02-23,1423,1461,1421,1456
2007-02-26,1462,1467,1445,1465
2007-02-27,1479,1479,1437,1464
2007-02-28,1443,1451,1409,1422
2007-03-01,1428,1441,1360,1360
2007-03-02,1374,1381,1278,1292
2007-03-05,1268,1290,1246,1270
2007-03-06,1295,1303,1277,1294
2007-03-07,1298,1309,1287,1307
2007-03-08,1312,1320,1299,1308
2007-03-09,1305,1316,1284,1294
2007-03-12,1299,1312,1288,1303
2007-03-13,1304,1306,1286,1292
2007-03-14,1272,1288,1264,1279
2007-03-15,1288,1315,1288,1303
2007-03-16,1303,1323,1302,1317
2007-03-19,1321,1325,1308,1320
2007-03-20,1322,1344,1318,1333
2007-03-21,1334,1341,1319,1328
2007-03-22,1340,1353,1337,1345
2007-03-23,1341,1345,1316,1316
2007-03-26,1325,1342,1323,1337
2007-03-27,1340,1343,1320,1324
2007-03-28,1333,1350,1331,1341
2007-03-29,1334,1336,1315,1331
2007-03-30,1332,1343,1329,1341
2007-04-02,1339,1340,1299,1334
2007-04-03,1331,1350,1323,1340
2007-04-04,1342,1365,1341,1358
2007-04-05,1359,1373,1356,1370
2007-04-09,1364,1388,1364,1377
2007-04-10,1383,1401,1382,1388
2007-04-11,1390,1402,1373,1384
2007-04-12,1387,1394,1367,1382
2007-04-13,1387,1411,1383,1404
2007-04-16,1409,1410,1381,1405
2007-04-17,1402,1406,1387,1398
2007-04-18,1399,1405,1385,1393
2007-04-19,1388,1391,1355,1371
2007-04-20,1372,1395,1372,1391
2007-04-23,1389,1407,1382,1401
2007-04-24,1401,1405,1368,1375
2007-04-25,1374,1384,1372,1372
2007-04-26,1391,1393,1329,1342
2007-04-27,1339,1357,1333,1353
2007-04-30,1361,1364,1349,1355
2007-05-01,1351,1354,1322,1332
2007-05-02,1337,1339,1310,1329
2007-05-03,1327,1352,1327,1345
2007-05-04,1347,1366,1343,1348
2007-05-07,1359,1365,1357,1360
2007-05-08,1361,1362,1337,1355
2007-05-09,1356,1358,1325,1343
2007-05-10,1338,1339,1307,1307
2007-05-11,1309,1335,1302,1328
2007-05-14,1329,1330,1309,1319
2007-05-15,1320,1331,1304,1328
2007-05-16,1325,1326,1288,1290
2007-05-17,1291,1296,1273,1284
2007-05-18,1282,1304,1281,1297
2007-05-21,1298,1313,1286,1309
2007-05-22,1304,1315,1294,1295
2007-05-23,1298,1315,1292,1308
2007-05-24,1309,1310,1280,1289
2007-05-25,1287,1299,1286,1297
2007-05-29,1295,1326,1294,1319
2007-05-30,1318,1320,1305,1317
2007-05-31,1323,1353,1323,1343
2007-06-01,1348,1372,1344,1370
2007-06-04,1368,1381,1365,1368
2007-06-05,1374,1382,1368,1377
2007-06-06,1376,1377,1361,1368
2007-06-07,1371,1377,1341,1343
2007-06-08,1345,1345,1294,1299
2007-06-11,1313,1325,1307,1323
2007-06-12,1322,1322,1299,1305
2007-06-13,1301,1316,1281,1302
2007-06-14,1308,1318,1293,1313
2007-06-15,1310,1324,1302,1322
2007-06-18,1328,1335,1317,1319
2007-06-19,1318,1332,1308,1330
2007-06-20,1327,1336,1319,1322
2007-06-21,1317,1322,1293,1306
2007-06-22,1305,1315,1296,1298
2007-06-25,1301,1302,1277,1282
2007-06-26,1280,1282,1210,1223
2007-06-27,1210,1232,1209,1217
2007-06-28,1240,1255,1239,1245
2007-06-29,1253,1261,1248,1248
2007-07-02,1249,1272,1248,1272
2007-07-03,1274,1274,1253,1264
2007-07-05,1272,1274,1246,1255
2007-07-06,1254,1282,1240,1274
2007-07-09,1278,1292,1275,1279
2007-07-10,1278,1304,1278,1293
2007-07-11,1301,1305,1288,1293
2007-07-12,1292,1316,1292,1315
2007-07-13,1312,1319,1305,1307
2007-07-16,1311,1311,1298,1302
2007-07-17,1299,1310,1291,1297
2007-07-18,1302,1330,1295,1325
2007-07-19,1323,1335,1322,1334
2007-07-20,1332,1345,1330,1337
2007-07-23,1342,1343,1327,1329
2007-07-24,1330,1353,1329,1341
2007-07-25,1330,1330,1308,1311
2007-07-26,1316,1318,1272,1291
2007-07-27,1287,1289,1262,1267
2007-07-30,1270,1287,1268,1286
2007-07-31,1288,1305,1286,1298
2007-08-01,1280,1303,1272,1291
2007-08-02,1295,1304,1292,1295
2007-08-03,1300,1316,1295,1311
2007-08-06,1311,1317,1292,1300
2007-08-07,1299,1311,1289,1305
2007-08-08,1306,1318,1301,1315
2007-08-09,1312,1312,1266,1267
2007-08-10,1264,1300,1258,1282
2007-08-13,1280,1288,1274,1282
2007-08-14,1278,1287,1267,1270
2007-08-15,1262,1267,1232,1252
2007-08-16,1248,1251,1106,1148
2007-08-17,1150,1197,1145,1175
2007-08-20,1182,1193,1169,1169
2007-08-21,1177,1177,1144,1153
2007-08-22,1149,1175,1149,1153
2007-08-23,1168,1185,1159,1159
2007-08-24,1160,1197,1154,1190
2007-08-27,1191,1195,1169,1172
2007-08-28,1173,1186,1165,1174
2007-08-29,1173,1188,1168,1180
2007-08-30,1197,1203,1185,1192
2007-08-31,1200,1222,1199,1219
2007-09-04,1227,1245,1212,1241
2007-09-05,1237,1237,1223,1231
2007-09-06,1233,1262,1233,1250
2007-09-07,1255,1281,1251,1270
2007-09-10,1264,1281,1255,1266
2007-09-11,1265,1290,1259,1278
2007-09-12,1285,1286,1261,1276
2007-09-13,1273,1274,1250,1264
2007-09-14,1259,1284,1256,1267
2007-09-17,1272,1292,1268,1286
2007-09-18,1288,1310,1284,1290
2007-09-19,1314,1322,1303,1312
2007-09-20,1307,1359,1307,1344
2007-09-21,1364,1376,1342,1359
2007-09-24,1370,1381,1350,1360
2007-09-25,1351,1359,1334,1359
2007-09-26,1358,1370,1342,1348
2007-09-27,1350,1368,1350,1360
2007-09-28,1367,1394,1367,1388
2007-10-01,1390,1395,1372,1381
2007-10-02,1354,1357,1314,1340
2007-10-03,1349,1355,1332,1343
2007-10-04,1327,1348,1316,1346
2007-10-05,1348,1357,1328,1346
2007-10-08,1347,1347,1330,1331
2007-10-09,1326,1364,1322,1354
2007-10-10,1360,1375,1358,1361
2007-10-11,1368,1397,1368,1396
2007-10-12,1381,1394,1379,1386
2007-10-15,1394,1407,1381,1382
2007-10-16,1391,1404,1361,1361
2007-10-17,1359,1387,1358,1370
2007-10-18,1375,1385,1366,1377
2007-10-19,1386,1394,1335,1358
2007-10-22,1348,1354,1329,1351
2007-10-23,1350,1368,1350,1361
2007-10-24,1355,1358,1343,1356
2007-10-25,1361,1402,1360,1388
2007-10-26,1406,1426,1403,1425
2007-10-29,1441,1450,1425,1440
2007-10-30,1442,1447.5,1416,1428
2007-10-31,1424,1450,1418,1441
2007-11-01,1453,1455,1394,1428
2007-11-02,1417,1456,1410,1456
2007-11-05,1452,1483,1442,1473
2007-11-06,1482,1543,1480,1534
2007-11-07,1578,1622,1522,1526
2007-11-08,1528,1581,1497,1549
2007-11-09,1550,1566,1505,1552
2007-11-12,1511,1519,1453,1474
2007-11-13,1475,1490,1448,1457
2007-11-14,1479,1511,1474,1502
2007-11-15,1503,1504,1431,1445
2007-11-16,1447,1469,1433,1448
2007-11-19,1454,1454,1409,1412
2007-11-20,1423,1478,1421,1446
2007-11-21,1466,1478,1430,1439
2007-11-23,1452,1484,1444,1468
2007-11-26,1478,1498,1457,1479
2007-11-27,1470,1472,1427,1445
2007-11-28,1428,1449,1408,1430
2007-11-29,1462,1465,1432,1442
2007-11-30,1434,1441,1394,1411
2007-12-03,1419,1435,1392,1417
2007-12-04,1425,1452,1415,1444
2007-12-05,1451,1453,1425,1442
2007-12-06,1434,1466,1409,1459
2007-12-07,1460,1466,1436,1447
2007-12-10,1450,1485,1448,1480
2007-12-11,1481,1490,1467,1483
2007-12-12,1468,1492,1463,1480
2007-12-13,1476,1478,1409,1422
2007-12-14,1428,1428,1385,1394
2007-12-17,1393,1395,1370,1394
2007-12-18,1399,1423,1390,1414
2007-12-19,1410,1425,1405,1418
2007-12-20,1417,1440,1405,1430
2007-12-21,1437,1453,1432,1447
2007-12-24,1443,1467,1443,1462
2007-12-26,1465,1486,1463,1479
2007-12-27,1480,1486,1464,1478
2007-12-28,1472,1494,1469,1484
2007-12-31,1500,1500,1477,1489
2008-01-02,1493,1537,1492,1526
2008-01-03,1534,1549,1514,1547
2008-01-04,1541,1552,1522,1541
2008-01-07,1530,1543,1516,1525
2008-01-08,1532,1580,1532,1577
2008-01-09,1596,1623,1562,1580
2008-01-10,1575,1630,1539,1624
2008-01-11,1623,1637,1602,1634
2008-01-14,1644,1666,1626,1639
2008-01-15,1653,1654,1600,1626
2008-01-16,1603,1620,1573,1586
2008-01-17,1590,1613,1583,1596
2008-01-18,1586,1636,1569,1618
2008-01-21,1613,1615,1556.5,1564
2008-01-22,1542,1623,1522,1608
2008-01-23,1601,1620,1574,1592
2008-01-24,1612,1646,1606,1630
2008-01-25,1647,1663,1633,1643
2008-01-28,1648,1674,1637,1671
2008-01-29,1669,1685,1654,1676
2008-01-30,1669,1685,1662,1673
2008-01-31,1684,1704,1669,1694
2008-02-01,1689,1730,1673,1682
2008-02-04,1680,1692,1642,1673
2008-02-05,1666,1669,1626,1631
2008-02-06,1638,1665,1621,1653
2008-02-07,1665,1683,1648,1674
2008-02-08,1688,1716,1683,1708
2008-02-11,1721,1754,1712,1742
2008-02-12,1750,1760,1712,1719
2008-02-13,1701,1735,1691,1731
2008-02-14,1741,1748,1712,1721
2008-02-15,1732,1748,1694,1709
2008-02-18,1710.5,1714.5,1696.5,1712.5
2008-02-19,1710,1756,1710,1748
2008-02-20,1749,1774,1717,1773
2008-02-21,1787,1803,1777,1791
2008-02-22,1788,1810,1771,1800
2008-02-25,1814,1814,1785,1804
2008-02-26,1801,1869,1789,1868
2008-02-27,1912,1943,1887,1916
2008-02-28,1930,1991,1912,1969
2008-02-29,1992,2001,1942,1986
2008-03-03,2019,2067,1998,2012
2008-03-04,2032,2062,1972,1978
2008-03-05,1964,2089,1944,2074
2008-03-06,2089,2127,1989,2017
2008-03-07,2044,2078,1989,2022
2008-03-10,2034,2046,1926,1976
2008-03-11,1957,2035,1939,1961
2008-03-12,1969,2024,1943,2009
2008-03-13,2028,2094,2028,2044
2008-03-14,2070,2092,2029,2068
2008-03-17,2130,2140,1983,2005
2008-03-18,2010,2046,1982,1991
2008-03-19,1987,2012,1824,1848
2008-03-20,1813,1816,1678,1695
2008-03-24,1690,1723,1678,1705
2008-03-25,1741,1786,1734,1782
2008-03-26,1789,1844,1766,1834
2008-03-27,1836.5,1864,1794,1857
2008-03-28,1825,1844,1766,1790
2008-03-31,1780,1818,1705,1723
2008-04-01,1705,1706,1630,1687
2008-04-02,1682,1714,1669,1713
2008-04-03,1724,1755,1692,1739
2008-04-04,1732,1776,1725,1771
2008-04-07,1785,1824,1769,1807
2008-04-08,1789,1807,1741,1767
2008-04-09,1758,1837,1736,1819
2008-04-10,1813,1839,1778,1801
2008-04-11,1778,1812,1744,1765
2008-04-14,1732,1785,1726,1777
2008-04-15,1780,1803,1766,1782
2008-04-16,1783,1849,1782,1828
2008-04-17,1844,1873,1814,1826
2008-04-18,1836,1843,1735,1777
2008-04-21,1773,1792,1724,1732
2008-04-22,1735,1791,1725,1769
2008-04-23,1763,1781,1694,1714
2008-04-24,1711,1714,1660,1664
2008-04-25,1671,1685,1635,1682
2008-04-28,1693,1709,1673,1698
2008-04-29,1698,1698,1652,1657
2008-04-30,1660,1682,1641,1653
2008-05-01,1700,1703,1602,1616
2008-05-02,1620,1655,1609,1643
2008-05-05,1668,1684,1660,1680
2008-05-06,1678,1703,1667,1681
2008-05-07,1686,1688,1650,1667
2008-05-08,1653,1697,1648,1683
2008-05-09,1695,1709,1649,1685
2008-05-12,1674,1733,1668,1718
2008-05-13,1716,1728,1655,1679
2008-05-14,1672,1690,1656,1658
2008-05-15,1659,1700,1652,1664
2008-05-16,1680,1707,1677,1695
2008-05-19,1710,1725,1684,1698
2008-05-20,1709,1770,1694,1768
2008-05-21,1766,1801,1759,1800
2008-05-22,1815,1820,1774,1797
2008-05-23,1793,1830,1791,1826
2008-05-27,1830,1831,1742,1744
2008-05-28,1749,1764,1704,1738
2008-05-29,1742,1756,1648,1649
2008-05-30,1661,1691,1641,1683
2008-06-02,1672,1698,1659,1687
2008-06-03,1688,1692,1645,1679
2008-06-04,1672,1691,1658,1691
2008-06-05,1673,1718,1647,1712
2008-06-06,1721,1750,1715,1741
2008-06-09,1743,1763,1713,1717
2008-06-10,1706,1717,1649,1658
2008-06-11,1660,1689,1650,1683
2008-06-12,1666,1667,1623,1646
2008-06-13,1656,1658,1623,1658
2008-06-16,1650,1741,1638,1719
2008-06-17,1716,1737,1682,1703
2008-06-18,1702,1745,1695,1729
2008-06-19,1735,1770,1711,1743
2008-06-20,1734,1760,1728,1734
2008-06-23,1745,1746,1651,1674
2008-06-24,1678,1691,1657,1662
2008-06-25,1666,1678,1646,1648
2008-06-26,1676,1738,1670,1710
2008-06-27,1724,1761,1723,1761
2008-06-30,1763,1793,1726,1748
2008-07-01,1752,1826,1751,1824
2008-07-02,1818,1839,1796,1838
2008-07-03,1842,1853,1804,1831
2008-07-07,1794,1814,1762,1789
2008-07-08,1792,1800,1752,1790
2008-07-09,1791,1819,1779,1814
2008-07-10,1816,1838,1809,1826
2008-07-11,1836,1893,1832,1878
2008-07-14,1882,1927,1857,1915
2008-07-15,1917,1950,1860,1898
2008-07-16,1891,1914,1867,1878
2008-07-17,1887,1917,1859,1870
2008-07-18,1856,1865,1807,1817
2008-07-21,1828,1849,1824,1840
2008-07-22,1855,1872,1787,1798
2008-07-23,1796,1796,1737,1743
2008-07-24,1751,1763,1710,1727
2008-07-25,1761,1764,1702,1735
2008-07-28,1742,1750,1724,1744
2008-07-29,1757,1759,1707,1735
2008-07-30,1727,1745,1681,1741
2008-07-31,1754,1791,1739,1774
2008-08-01,1766,1771,1726,1749
2008-08-04,1761,1761,1690,1711
2008-08-05,1686,1686,1653,1653
2008-08-06,1658,1673,1640,1646
2008-08-07,1658,1666,1614,1622
2008-08-08,1604,1605,1523,1529
2008-08-11,1530,1539,1453,1461
2008-08-12,1409,1478,1406,1445
2008-08-13,1466,1489,1438,1479
2008-08-14,1489,1506,1408,1418
2008-08-15,1260,1331,1240,1276
2008-08-18,1316,1330,1285,1307
2008-08-19,1266,1330,1250,1306
2008-08-20,1332,1333,1276,1301
2008-08-21,1324,1382,1323,1369
2008-08-22,1388,1389,1326,1346
2008-08-25,1325,1351,1319,1333
2008-08-26,1340,1368,1293,1354
2008-08-27,1360,1381,1336,1345
2008-08-28,1357,1398,1343,1360
2008-08-29,1377,1395,1364,1366
2008-09-02,1337,1338,1252,1310
2008-09-03,1297,1311,1259,1291
2008-09-04,1290,1323,1266,1293
2008-09-05,1283,1313,1209,1230
2008-09-08,1267,1267,1193,1201
2008-09-09,1184,1220,1152,1168
2008-09-10,1134,1163,1078,1087
2008-09-11,1079,1099,1027,1055
2008-09-12,1083,1094,1055,1075
2008-09-15,1110,1114.5,1043,1109
2008-09-16,1077,1119,1047,1047
2008-09-17,1066,1167,1059,1165
2008-09-18,1200,1302,1186,1267
2008-09-19,1215,1265,1179,1244
2008-09-22,1261,1348,1256,1344
2008-09-23,1345,1359,1302,1314
2008-09-24,1319,1368,1313,1342
2008-09-25,1343,1382,1309,1324
2008-09-26,1330,1368,1308,1347
2008-09-29,1347,1347,1269,1298
2008-09-30,1309,1317,1221,1221
2008-10-01,1223,1301,1211,1272
2008-10-02,1247,1252,1102,1103
2008-10-03,1139,1173,1086,1130
2008-10-06,1111,1150,1090,1122
2008-10-07,1121,1184,1121,1134
2008-10-08,1153,1209,1150,1174
2008-10-09,1163,1201,1150,1183
2008-10-10,1209,1224,1051,1057
2008-10-13,1054,1086,1032,1073
2008-10-14,1098,1115,1067,1102
2008-10-15,1095,1108,1014,1016
2008-10-16,1017,1026,922,959
2008-10-17,974,988,906,927
2008-10-20,972,987,942,966
2008-10-21,980,1012,950,1005
2008-10-22,993,994,933,943
2008-10-23,938,984,914,946
2008-10-24,942,957,862,923
2008-10-27,909,921,869,914
2008-10-28,923,924,840,876
2008-10-29,911,1012,897,976
2008-10-30,1009,1059,953,976
2008-10-31,935,992,920,968
2008-11-03,1009,1017,966,974
2008-11-04,978,1049,968,1008
2008-11-05,1012,1055,1008,1044
2008-11-06,1024,1074,989,1005
2008-11-07,1009,1025,992,993
2008-11-10,1017,1049,1003,1018
2008-11-11,1014,1018,951,976
2008-11-12,981,983,926,945
2008-11-13,921,939,874,876
2008-11-14,924,964,917,945
2008-11-17,957,962,917,930
2008-11-18,926,968,909,951
2008-11-19,952,981,919,926
2008-11-20,925,942,877,902
2008-11-21,912,960,906,945
2008-11-24,949,1064,943,1031
2008-11-25,1037,1045,1000,1022
2008-11-26,1017,1042,1011,1015
2008-11-28,1032,1032,1008,1029
2008-12-01,1013,1016,917,936
2008-12-02,928,969,914,957
2008-12-03,945,970,926,955
2008-12-04,948,964,931,952
2008-12-05,950,952,910,936
2008-12-08,967,1033,964,994
2008-12-09,1000,1000,962,981
2008-12-10,992,1023,984,1020
2008-12-11,1022,1050,1017,1040
2008-12-12,1012,1032,997,1016
2008-12-15,1037,1067,1022,1059
2008-12-16,1058,1085,1043,1065
2008-12-17,1111,1156,1080,1139
2008-12-18,1132,1144,1096,1110
2008-12-19,1093,1095,1051,1082
2008-12-22,1098,1101,1072,1081
2008-12-23,1079,1083,1009,1022
2008-12-24,1032,1041,1019,1034
2008-12-26,1043,1052,1027,1049
2008-12-29,1083,1123,1077,1077
2008-12-30,1080,1110,1061,1094
2008-12-31,1087,1126,1073,1126
2009-01-02,1109,1151,1101,1145
2009-01-05,1138,1139,1055,1122
2009-01-06,1098,1141,1075,1139
2009-01-07,1123,1157,1084,1111
2009-01-08,1108,1127,1076,1109
2009-01-09,1111,1157,1095,1127
2009-01-12,1118,1120,1071,1073
2009-01-13,1065,1081,1040,1065
2009-01-14,1077,1085,1030,1045
2009-01-15,1051,1060,1029,1041
2009-01-16,1056,1126,1055,1121
2009-01-20,1115,1136,1089,1111
2009-01-21,1114,1145,1102,1127
2009-01-22,1124,1144,1117,1132
2009-01-23,1137,1203,1122,1187
2009-01-26,1191,1224,1184,1208
2009-01-27,1200,1216,1182,1210
2009-01-28,1193,1211,1180,1195
2009-01-29,1185,1220,1159,1212
2009-01-30,1232,1260,1218,1255
2009-02-02,1230,1250,1216,1233
2009-02-03,1228,1243,1210,1228
2009-02-04,1230,1255,1226,1242
2009-02-05,1248,1284,1240,1273
2009-02-06,1283,1314,1271,1306
2009-02-09,1302,1302,1276,1280
2009-02-10,1279,1316,1268,1308
2009-02-11,1307,1360,1307,1347
2009-02-12,1363,1368,1325,1342
2009-02-13,1343,1362,1318,1356
2009-02-17,1383,1415,1369,1394
2009-02-18,1407,1427,1395,1425
2009-02-19,1427,1430,1382,1388
2009-02-20,1397,1453,1397,1441
2009-02-23,1434,1455,1402,1442
2009-02-24,1443,1452,1365,1392
2009-02-25,1375,1408,1350,1384
2009-02-26,1357,1368,1287,1292
2009-02-27,1298,1333,1280,1308
2009-03-02,1321,1334,1266,1301
2009-03-03,1291,1291,1239,1270
2009-03-04,1266,1311,1266,1284
2009-03-05,1301,1317,1285,1314
2009-03-06,1331,1346,1323,1331
2009-03-09,1326,1334,1272,1278
2009-03-10,1283,1283,1243,1253
2009-03-11,1256,1284,1253,1271
2009-03-12,1286,1303,1260,1289
2009-03-13,1294,1324,1289,1318
2009-03-16,1315,1315,1275,1286
2009-03-17,1280,1295,1259,1266
2009-03-18,1269,1269,1187,1258
2009-03-19,1275,1364,1260,1346
2009-03-20,1356,1381,1337,1375
2009-03-23,1372,1384,1358,1382
2009-03-24,1361,1364,1323,1337
2009-03-25,1338,1353,1292,1346
2009-03-26,1347,1370,1342,1355
2009-03-27,1348,1350,1305,1324
2009-03-30,1327,1329,1287,1299
2009-03-31,1306,1322,1256,1294
2009-04-01,1290,1311,1278,1290
2009-04-02,1295,1306,1252,1295
2009-04-03,1284,1292,1262,1272
2009-04-06,1271,1271,1203,1209
2009-04-07,1220,1230,1198,1217
2009-04-08,1219,1241,1212,1229
2009-04-09,1226,1235,1208,1228
2009-04-13,1243,1281,1236,1270
2009-04-14,1268,1275,1251,1273
2009-04-15,1265,1288,1260,1276
2009-04-16,1268,1276,1213,1221
2009-04-17,1212,1216,1174,1177
2009-04-20,1178,1212,1178,1206
2009-04-21,1209,1219,1192,1197
2009-04-22,1203,1227,1197,1224
2009-04-23,1231,1281,1226,1270
2009-04-24,1268,1289,1264,1287
2009-04-27,1303,1308,1280,1288
2009-04-28,1278,1278,1230,1240
2009-04-29,1244,1275,1243,1272
2009-04-30,1265,1278,1215,1234
2009-05-01,1228,1258,1200,1244
2009-05-04,1258,1311,1242,1303
2009-05-05,1299,1357,1297,1335
2009-05-06,1336,1380,1331,1370
2009-05-07,1382,1409,1364,1398
2009-05-08,1390,1399,1376,1392
2009-05-11,1397,1398,1365,1388
2009-05-12,1385,1430,1380,1419
2009-05-13,1418,1431,1385,1397
2009-05-14,1394,1405,1368,1400
2009-05-15,1405,1415,1382,1394
2009-05-18,1399,1403,1360,1377
2009-05-19,1376,1416,1376,1415
2009-05-20,1413,1435,1411,1422
2009-05-21,1435,1447,1406,1441
2009-05-22,1442,1481,1440,1464
2009-05-26,1462,1464,1427,1456
2009-05-27,1449,1498,1442,1480
2009-05-28,1477,1523,1467,1512
2009-05-29,1530,1562,1529,1558
2009-06-01,1583,1592,1550,1570
2009-06-02,1557,1597,1542,1590
2009-06-03,1611,1620,1523,1531
2009-06-04,1526,1585,1503,1583
2009-06-05,1580,1585,1513,1531
2009-06-08,1520,1522,1470,1492
2009-06-09,1486,1530,1484,1511
2009-06-10,1525,1545,1500,1509
2009-06-11,1521,1548,1491,1542
2009-06-12,1529,1532,1475,1483
2009-06-15,1448,1452,1399,1405
2009-06-16,1421,1435,1404,1409
2009-06-17,1419,1430,1390,1424
2009-06-18,1428,1434,1410,1419
2009-06-19,1418,1432,1409,1417
2009-06-22,1415,1415,1364,1369
2009-06-23,1359,1384,1356,1380
2009-06-24,1381,1407,1376,1384
2009-06-25,1390,1400,1379,1396
2009-06-26,1408,1426,1401,1404
2009-06-29,1393,1407,1380,1389
2009-06-30,1383,1409,1343,1354
2009-07-01,1358,1381,1356,1369
2009-07-02,1370,1371,1328,1335
2009-07-06,1333,1333,1298,1320
2009-07-07,1321,1331,1303.5,1314
2009-07-08,1305,1310,1271,1281
2009-07-09,1284,1293,1272,1290
2009-07-10,1284,1285,1247,1259
2009-07-13,1250,1277,1240,1274
2009-07-14,1281,1295,1277,1281
2009-07-15,1292,1333,1289,1317
2009-07-16,1319,1328,1310,1318
2009-07-17,1325,1341,1303,1335
2009-07-20,1354,1370,1350,1357
2009-07-21,1362,1365,1341,1347
2009-07-22,1353,1370,1334,1367
2009-07-23,1371,1382,1358,1375
2009-07-24,1364,1384,1362,1383
2009-07-27,1396,1405,1388,1394
2009-07-28,1402,1405,1355,1370
2009-07-29,1354,1365,1313,1322
2009-07-30,1330,1354,1325,1345
2009-07-31,1359,1393,1334,1392
2009-08-03,1406,1442,1403,1424
2009-08-04,1413,1472,1399,1464
2009-08-05,1454,1480,1451,1470
2009-08-06,1464,1499,1457,1460
2009-08-07,1453,1485,1450,1466
2009-08-10,1464.5,1468,1424,1433
2009-08-11,1436,1444,1420,1429
2009-08-12,1424,1456,1409,1454
2009-08-13,1459,1509,1458,1494
2009-08-14,1503,1509,1456,1466
2009-08-17,1446,1446,1378,1394
2009-08-18,1410,1415,1380,1390
2009-08-19,1380,1391,1346,1384
2009-08-20,1397,1403,1375,1386
2009-08-21,1374,1425,1372,1414
2009-08-24,1431,1443,1405,1417
2009-08-25,1405,1438,1402,1426
2009-08-26,1438,1442,1413,1422
2009-08-27,1423,1430,1402,1419
2009-08-28,1432,1481,1429,1476
2009-08-31,1465,1489,1452,1486
2009-09-01,1494,1506,1462,1500
2009-09-02,1491,1545,1483,1530
2009-09-03,1545,1626,1542,1617
2009-09-04,1608,1632,1583,1622
2009-09-08,1650,1682,1635,1647
2009-09-09,1662,1669,1622,1641
2009-09-10,1646,1668,1602,1664
2009-09-11,1690,1697,1662,1668
2009-09-14,1643,1665,1630,1659
2009-09-15,1658,1697,1641,1694
2009-09-16,1724,1746,1719,1739
2009-09-17,1760,1764,1717,1721
2009-09-18,1722,1727,1698,1703
2009-09-21,1655,1693,1651,1683
2009-09-22,1695,1730,1692,1709
2009-09-23,1715,1720,1670,1689
2009-09-24,1681,1700,1623,1626
2009-09-25,1624,1635,1592,1603
2009-09-28,1584,1628,1579,1616
2009-09-29,1618,1622,1597,1615
2009-09-30,1633,1664,1620,1664
2009-10-01,1654,1670,1637,1640
2009-10-02,1631,1645,1590,1621
2009-10-05,1624,1652,1612,1651
2009-10-06,1685,1739,1679,1724
2009-10-07,1736,1755,1728,1746
2009-10-08,1780,1791,1749,1777
2009-10-09,1762,1779,1752,1765
2009-10-12,1780,1791,1769,1778
2009-10-13,1777,1803,1753,1780
2009-10-14,1796,1808,1769,1787
2009-10-15,1794,1794,1732,1737
2009-10-16,1731,1753,1718,1739
2009-10-19,1738,1761,1730,1759
2009-10-20,1780,1782,1739,1753
2009-10-21,1742,1778,1727,1778
2009-10-22,1759,1762,1733,1754.5
2009-10-23,1771,1793,1746,1769
2009-10-26,1768,1776,1698,1711.5
2009-10-27,1717,1717,1647,1663
2009-10-28,1670,1670,1612,1620
2009-10-29,1621,1666,1620,1662
2009-10-30,1664,1664,1612,1621
2009-11-02,1641,1669,1635,1659
2009-11-03,1653,1704,1621,1683
2009-11-04,1719,1759,1712,1746
2009-11-05,1721,1749,1721,1733
2009-11-06,1745,1758,1724,1736
2009-11-09,1765,1774,1760,1762
2009-11-10,1738,1752,1717,1720
2009-11-11,1736,1768,1735,1742
2009-11-12,1766,1766,1718,1725
2009-11-13,1728,1740,1700,1738
2009-11-16,1762,1831,1760,1806
2009-11-17,1820,1839,1805,1835
2009-11-18,1836,1880,1835,1860
2009-11-19,1848,1853,1811,1843
2009-11-20,1849,1852,1801,1837
2009-11-23,1873,1889,1865,1869
2009-11-24,1847,1864,1829,1842
2009-11-25,1870,1873,1853,1868
2009-11-26,1877,1877,1845.5,1860
2009-11-27,1796,1844,1766,1826
2009-11-30,1826,1843.5,1814,1832.5
2009-12-01,1854,1930,1851,1914
2009-12-02,1914,1946,1910,1925.5
2009-12-03,1923.3,1947.8,1882,1884
2009-12-04,1885.3,1895.3,1829.3,1853.5
2009-12-07,1848.5,1856.3,1788.3,1820
2009-12-08,1820.5,1836.8,1755,1757.5
2009-12-09,1759.8,1789.8,1713.8,1741
2009-12-10,1742.5,1756,1714.3,1739.8
2009-12-11,1740.5,1762.3,1691.3,1717.8
2009-12-14,1716.8,1742.8,1708.3,1741.5
2009-12-15,1742.3,1749.5,1713.3,1741.8
2009-12-16,1744.5,1778.3,1733.8,1773
2009-12-17,1772.3,1779,1708.8,1715
2009-12-18,1716,1737,1709.7,1728
2009-12-21,1729,1750.2,1696.8,1701.5
2009-12-22,1703.5,1717.3,1677,1699.5
2009-12-23,1699.3,1722.8,1686.8,1714
2009-12-24,1713.8,1751.5,1713,1749.3
2009-12-28,1753.8,1766.8,1744.5,1750.8
2009-12-29,1751.8,1752.3,1706.3,1710.5
2009-12-30,1709.3,1715.8,1675.2,1679.5
2009-12-31,1679.3,1708.8,1679.3,1688.3
2010-01-04,1698.5,1758,1684.3,1757.8
2010-01-05,1760.3,1786.8,1750.2,1777.3
2010-01-06,1776,1823,1774,1821.3
2010-01-07,1819,1835.5,1804.5,1825
2010-01-08,1826,1850.2,1803.8,1849
2010-01-11,1850,1889.8,1849,1854.8
2010-01-12,1856.3,1879.2,1815.8,1825.8
2010-01-13,1826.8,1865,1819.7,1863.8
2010-01-14,1861.8,1871.8,1844.3,1867
2010-01-15,1865.2,1867.3,1839.3,1840.5
2010-01-18,1840,1868,1838.3,1864.8
2010-01-19,1865.8,1886,1846.3,1877.5
2010-01-20,1877.8,1885,1779.2,1788
2010-01-21,1790,1804.5,1733.3,1738.8
2010-01-22,1741.8,1750.2,1686.8,1703
2010-01-25,1701.8,1725,1697.8,1713.8
2010-01-26,1713.5,1724.8,1633.3,1679
2010-01-27,1680.3,1694.7,1641.5,1661
2010-01-28,1657.2,1673.7,1600.8,1623
2010-01-29,1623.8,1634.7,1601.7,1620.8
2010-02-01,1620.3,1669.7,1609,1669
2010-02-02,1668,1679,1654.5,1671.3
2010-02-03,1673.5,1693.2,1626.7,1637.7
2010-02-04,1638.8,1640.3,1518.3,1527.8
2010-02-05,1529.5,1536.3,1464,1516.3
2010-02-08,1517.3,1529.8,1493.8,1500.3
2010-02-09,1501,1557.5,1501,1544.2
2010-02-10,1546.8,1562.2,1507.8,1518
2010-02-11,1519.5,1571,1517.7,1559.5
2010-02-12,1566.5,1572.3,1519.8,1552
2010-02-15,1556.5,1562.5,1544.8,1554
2010-02-16,1554.5,1619.7,1548.5,1613
2010-02-17,1613.8,1631.3,1582,1589.7
2010-02-18,1590,1624.3,1566.5,1583.3
2010-02-19,1584.3,1649,1574.7,1641.3
2010-02-22,1641.5,1659.5,1616.5,1625.2
2010-02-23,1624,1644,1579.3,1584
2010-02-24,1585.3,1600.2,1565.3,1594.2
2010-02-25,1592.7,1616,1561.8,1609.8
2010-02-26,1610.3,1652.5,1602.8,1648
2010-03-01,1652.5,1675.2,1641.7,1644.3
2010-03-02,1645.8,1708.8,1632.5,1692.8
2010-03-03,1691,1735.8,1687.3,1718.8
2010-03-04,1718.2,1736.8,1704.2,1711.8
2010-03-05,1712.7,1749.5,1712.3,1736.2
2010-03-08,1740.3,1751.3,1711.2,1724.3
2010-03-09,1723.8,1740.5,1689.8,1726.5
2010-03-10,1727.5,1764.8,1692.8,1701.8
2010-03-11,1701.5,1717.8,1682.8,1716.5
2010-03-12,1717,1733,1695.3,1706.3
2010-03-15,1714.3,1715.8,1695.5,1713.5
2010-03-16,1713.3,1747.8,1713,1745
2010-03-17,1747,1758.3,1735.3,1746.5
2010-03-18,1748.7,1754,1731.3,1741
2010-03-19,1737.5,1739.3,1695.8,1697.5
2010-03-22,1690,1697.8,1661.2,1696.8
2010-03-23,1697,1713,1672.2,1703
2010-03-24,1698.8,1699.3,1656.8,1656.8
2010-03-25,1655.5,1684.5,1655.3,1661
2010-03-26,1656.8,1696.5,1656.3,1689.5
2010-03-29,1700.8,1742.3,1691.7,1736
2010-03-30,1735.7,1746.3,1722.2,1728.5
2010-03-31,1728,1762.7,1724.3,1748.8
2010-04-01,1749.3,1798.3,1746.3,1791.8
2010-04-05,1780.3,1812.5,1779.8,1807
2010-04-06,1807.2,1808.5,1785.3,1791
2010-04-07,1792.8,1824.3,1790.8,1813.8
2010-04-08,1815.5,1817.3,1791.7,1806.5
2010-04-09,1807.8,1842.8,1803.8,1840
2010-04-12,1852.3,1859.3,1814.3,1822.3
2010-04-13,1820.8,1830.3,1794.7,1821.8
2010-04-14,1822.5,1848.7,1819.7,1843
2010-04-15,1843.8,1850.5,1821.3,1839.8
2010-04-16,1840,1842.5,1761,1772
2010-04-19,1769,1778.5,1750.5,1776.5
2010-04-20,1776,1805.5,1776,1785.7
2010-04-21,1787,1815.3,1773.5,1809
2010-04-22,1809.3,1818.2,1778.5,1800
2010-04-23,1800.2,1836.5,1786.5,1835.5
2010-04-26,1833,1843.2,1826.3,1831
2010-04-27,1831.5,1842.5,1808.3,1819.5
2010-04-28,1820.8,1826.3,1783.5,1810.3
2010-04-29,1810,1857.8,1807.2,1847.2
2010-04-30,1849.5,1877.3,1846.8,1865
2010-05-03,1868.2,1887.3,1851.8,1880.7
2010-05-04,1881.8,1883,1780.7,1786.3
2010-05-05,1785,1787.3,1708,1748.5
2010-05-06,1751.8,1775.8,1725.8,1765.8
2010-05-07,1756.8,1865.3,1747,1837.7
2010-05-10,1844,1865.5,1821,1850.8
2010-05-11,1850.2,1940.3,1838.8,1932.2
2010-05-12,1932.5,1971.5,1910,1953.8
2010-05-13,1952.5,1982.8,1933.5,1944
2010-05-14,1945.8,1971.8,1897,1933.5
2010-05-17,1930.3,1940.5,1873,1891.5
2010-05-18,1889.8,1912.7,1863.8,1897.8
2010-05-19,1898,1899,1794.3,1819.7
2010-05-20,1820,1830.7,1747.8,1764.3
2010-05-21,1762.7,1787,1740.5,1765.3
2010-05-24,1767.8,1807,1764,1788
2010-05-25,1789.8,1796.5,1752.8,1795
2010-05-26,1796.5,1839.3,1791.7,1805.7
2010-05-27,1802.3,1855.7,1801.3,1850.8
2010-05-28,1850.2,1862.7,1823.3,1842.2
2010-05-31,1841,1859.7,1833.8,1857.5
2010-06-01,1856.5,1870,1825.5,1841.5
2010-06-02,1844,1849.8,1807.8,1834.5
2010-06-03,1835.3,1844.7,1781.3,1796
2010-06-04,1795.8,1803.5,1727.3,1742.8
2010-06-07,1745.5,1825.8,1720.3,1814.3
2010-06-08,1815.5,1847.2,1807.2,1827.8
2010-06-09,1828.5,1835.5,1808.3,1810
2010-06-10,1811.8,1842.3,1789.3,1824
2010-06-11,1823.3,1852,1806,1822.3
2010-06-14,1824.3,1854.8,1819.3,1819.5
2010-06-15,1820.8,1866.3,1820.5,1854.3
2010-06-16,1860.3,1869,1842.8,1847.5
2010-06-17,1847.8,1890.5,1835.8,1874.5
2010-06-18,1876.5,1930.5,1871.8,1920.5
2010-06-21,1926,1948.5,1869.3,1874
2010-06-22,1874.3,1900.8,1861.5,1882.8
2010-06-23,1882,1898.3,1834.7,1850.4
2010-06-24,1872,1883.3,1820.8,1870
2010-06-25,1879,1915.5,1861.8,1910
2010-06-28,1909,1925.2,1865.5,1873.8
2010-06-29,1876,1880.3,1840,1852
2010-06-30,1851,1878.8,1847.3,1862.3
2010-07-01,1864,1867.8,1772.2,1776.8
2010-07-02,1781,1809.7,1762.3,1771.9
2010-07-05,1783.8,1792,1774.3,1781.5
2010-07-06,1777.8,1802,1761.2,1783
2010-07-07,1782.8,1808.3,1756,1804.5
2010-07-08,1805.3,1817.3,1771.5,1795.3
2010-07-09,1794.5,1820.5,1781.8,1813
2010-07-12,1809.8,1813.8,1777,1790.5
2010-07-13,1792.3,1833.3,1785.7,1824.5
2010-07-14,1825.2,1846.3,1810.8,1828
2010-07-15,1829.3,1850.8,1816.3,1833.3
2010-07-16,1829.3,1837,1773.7,1784.8
2010-07-19,1781.3,1790.3,1748,1759
2010-07-20,1762.7,1775.2,1744,1768
2010-07-21,1767.8,1787.7,1756.8,1765.8
2010-07-22,1764,1818,1758.8,1809.3
2010-07-23,1811.5,1826.3,1804.8,1810
2010-07-26,1811.5,1824.5,1797.8,1815.3
2010-07-27,1810.8,1821.8,1757.8,1763.3
2010-07-28,1760,1772.2,1732.2,1747.8
2010-07-29,1748,1767.5,1745.8,1761
2010-07-30,1760.5,1810.8,1752.3,1800.8
2010-08-02,1800,1854.2,1796.5,1835
2010-08-03,1836.5,1858.8,1830.3,1837.3
2010-08-04,1834.5,1867.8,1821.3,1827.8
2010-08-05,1829,1845.8,1818.5,1832.5
2010-08-06,1833.5,1856.8,1827.3,1845.5
2010-08-09,1843.8,1855.7,1822.2,1832
2010-08-10,1826.3,1843.8,1795.3,1829.2
2010-08-11,1829.3,1834.3,1779.8,1787
2010-08-12,1787.3,1808.8,1783,1804.5
2010-08-13,1802.3,1816.3,1795.5,1812.7
2010-08-16,1804,1852.5,1804,1844.5
2010-08-17,1844.7,1866,1841.3,1855.5
2010-08-18,1855.7,1860.8,1821,1840.3
2010-08-19,1840,1862,1826,1832
2010-08-20,1834.3,1837.5,1788.5,1804.5
2010-08-23,1803.3,1811,1792.5,1801
2010-08-24,1800.8,1849.3,1778,1839.5
2010-08-25,1839.3,1907,1837,1896.3
2010-08-26,1898.7,1917.8,1892.8,1895
2010-08-27,1896.3,1935.3,1893,1911
2010-08-30,1910,1923.2,1900.2,1905
2010-08-31,1902.8,1942.8,1885.3,1940
2010-09-01,1939,1950.8,1930.7,1936.8
2010-09-02,1936.2,1971.8,1933,1966.3
2010-09-03,1966,1996.8,1949.3,1994.9
2010-09-06,1984.7,1997,1980.3,1997
2010-09-07,1994.3,2002.8,1956.8,1980
2010-09-08,1979.5,2016.3,1979.5,1992
2010-09-09,1991.7,2007.5,1969.7,1972.5
2010-09-10,1972,2004.8,1968.8,1988.8
2010-09-13,1983.8,2023,1980.7,2005
2010-09-14,1998.3,2051.5,1998.3,2047.3
2010-09-15,2048.5,2062.7,2034,2060
2010-09-16,2060.5,2083.3,2046.3,2079
2010-09-17,2080.7,2100.2,2062.3,2076
2010-09-20,2077.5,2097.2,2071.5,2073.7
2010-09-21,2073,2107.8,2052.3,2097.5
2010-09-22,2097.8,2117.3,2091,2114.3
2010-09-23,2115,2124.8,2089.3,2114
2010-09-24,2112.5,2147.2,2110.8,2146.8
2010-09-27,2143.5,2162.3,2136.2,2145
2010-09-28,2142.5,2178.3,2106.3,2174.5
2010-09-29,2176.8,2205.7,2170,2190.5
2010-09-30,2189.5,2208.3,2155.7,2174
2010-10-01,2174.5,2215.3,2171.3,2210.3
2010-10-04,2207.8,2221,2186.8,2188
2010-10-05,2182.2,2289,2181,2285.3
2010-10-06,2281.5,2318.2,2275.5,2318
2010-10-07,2311.2,2350.8,2246.8,2249.8
2010-10-08,2244.7,2330,2233.8,2321
2010-10-11,2339,2365.3,2304.5,2328.5
2010-10-12,2328,2346.8,2293.2,2331
2010-10-13,2329,2408,2318,2402.3
2010-10-14,2398.7,2490.3,2398.7,2463.3
2010-10-15,2464.8,2483.8,2406.3,2430.7
2010-10-18,2427.3,2449.5,2370.3,2436
2010-10-19,2434,2448,2326.8,2336
2010-10-20,2334.5,2395.8,2328.3,2394.3
2010-10-21,2392.5,2404.2,2302.3,2315.5
2010-10-22,2307.5,2337.7,2283.3,2326.8
2010-10-25,2332.8,2383.3,2329.8,2362.7
2010-10-26,2363,2392.8,2316,2384.3
2010-10-27,2421.3,2421.3,2334.3,2355
2010-10-28,2357.8,2401,2348.7,2400.8
2010-10-29,2400.8,2473.3,2374.8,2473.3
2010-11-01,2487.5,2503.8,2450.2,2462.5
2010-11-02,2470.3,2494,2464.5,2490.3
2010-11-03,2488.8,2502,2393.2,2484.5
2010-11-04,2477.3,2636.5,2474.8,2630
2010-11-05,2622.3,2689.5,2586.8,2675
2010-11-08,2671.3,2772.2,2650.2,2771.5
2010-11-09,2769,2931,2645,2691.7
2010-11-10,2691.3,2815,2646.8,2710.8
2010-11-11,2714.3,2781.3,2690.5,2765
2010-11-12,2767,2767.3,2578,2603.3
2010-11-15,2598.2,2645.8,2539,2550.8
2010-11-16,2555.5,2585.7,2499.3,2538.5
2010-11-17,2548.7,2589.8,2503,2562
2010-11-18,2563.3,2704.5,2563.3,2696.3
2010-11-19,2696.8,2738.8,2636.5,2729.8
2010-11-22,2738.3,2789.5,2709.5,2785.3
2010-11-23,2780.3,2788.8,2703.3,2750.5
2010-11-24,2750.8,2768.5,2712.3,2758.3
2010-11-25,2761.2,2763.3,2738.3,2761.2
2010-11-26,2755.7,2760.3,2646.5,2673
2010-11-29,2680.5,2729.5,2651.3,2718
2010-11-30,2720.3,2836,2694.3,2812.7
2010-12-01,2815.8,2886.3,2801,2844.7
2010-12-02,2845.5,2905.3,2832.8,2857.8
2010-12-03,2860.5,2942.5,2860.5,2942
2010-12-06,2963.3,3033,2947,3011.2
2010-12-07,3017,3072.2,2852,2865.3
2010-12-08,2876.8,2926.8,2801.3,2838
2010-12-09,2840,2902.3,2818.8,2877
2010-12-10,2874,2903,2807,2870.8
2010-12-13,2844.7,2972,2844.7,2957.2
2010-12-14,2953.3,2996.8,2921.3,2951
2010-12-15,2950.5,2962.3,2873.7,2883
2010-12-16,2875.5,2923.7,2837,2889
2010-12-17,2887.3,2933,2867.3,2916.7
2010-12-20,2921.3,2952.8,2879.8,2936
2010-12-21,2937.3,2958.3,2904,2937.3
2010-12-22,2934.5,2946.5,2921.8,2924.8
2010-12-23,2925.8,2940,2894.3,2927.8
2010-12-27,2905.7,2933.3,2880,2928.8
2010-12-28,2929.2,3034.5,2929,3030.5
2010-12-29,3023,3069.5,3013.5,3060.3
2010-12-30,3061.8,3091.3,3034.7,3044.7
2010-12-31,3045.8,3095.5,3045.8,3091.3
2011-01-03,3091.5,3126.5,3050.5,3072.5
2011-01-04,3074,3088.5,2937.5,2981.5
2011-01-05,2983,2990.5,2861.5,2928
2011-01-06,2929.5,2959,2884.5,2909.5
2011-01-07,2905,2936.5,2836.5,2870
2011-01-10,2875,2912.5,2865.5,2911.5
2011-01-11,2910.5,2971,2906,2952.5
2011-01-12,2943,2984.5,2941.5,2968.5
2011-01-13,2969,2980,2854,2871.5
2011-01-14,2875,2896.5,2811,2848
2011-01-17,2841.5,2868,2805,2832
2011-01-18,2829,2907,2822,2886.5
2011-01-19,2889,2948.5,2862.5,2877
2011-01-20,2866,2877,2739.5,2747
2011-01-21,2744.5,2763,2708.5,2748.5
2011-01-24,2760,2795,2682,2693.5
2011-01-25,2694,2703.5,2655.5,2684
2011-01-26,2687.5,2763.5,2665.5,2758
2011-01-27,2757.5,2779.5,2674.5,2690.5
2011-01-28,2691,2801.5,2637,2797
2011-01-31,2802.5,2842.5,2753,2804
2011-02-01,2804,2863,2785,2856.5
2011-02-02,2855,2872,2810.5,2832.5
2011-02-03,2832,2898,2797.5,2890.5
2011-02-04,2889,2928,2872,2911
2011-02-07,2913.5,2945,2900.5,2937.5
2011-02-08,2936.5,3034.5,2926,3031.5
2011-02-09,3028.5,3049.5,3005.5,3020.5
2011-02-10,3017.5,3025.5,2966.5,3017
2011-02-11,3017,3026.5,2969,2987
2011-02-14,2985,3069,2980,3058
2011-02-15,3056,3089,3047.5,3074.5
2011-02-16,3074,3094.5,3027.5,3063.5
2011-02-17,3064,3179,3055,3176
2011-02-18,3175,3284.5,3162,3261.5
2011-02-21,3262,3397.5,3260,3386.5
2011-02-22,3389,3431.5,3238,3301.5
2011-02-23,3315,3374.5,3266.5,3352
2011-02-24,3353.5,3374.5,3173,3207.5
2011-02-25,3206.5,3339,3206.5,3337
2011-02-28,3331,3395.5,3327,3393
2011-03-01,3390,3470.5,3379,3470
2011-03-02,3470.5,3496,3425,3463.5
2011-03-03,3467,3496,3403,3421
2011-03-04,3425,3564,3420.5,3563.5
2011-03-07,3568,3674.5,3560.5,3592
2011-03-08,3589,3652,3551,3605
2011-03-09,3603.5,3644,3564,3613
2011-03-10,3615,3618.5,3467.5,3529.5
2011-03-11,3523.5,3616.5,3405,3592
2011-03-14,3638,3645,3554.5,3593.5
2011-03-15,3585.5,3589.5,3357,3423.5
2011-03-16,3415,3507,3387,3426
2011-03-17,3382,3464.5,3368,3423
2011-03-18,3450,3540,3438.5,3527.5
2011-03-21,3566.5,3621.5,3558,3610
2011-03-22,3609,3647.5,3577.5,3638
2011-03-23,3637,3744,3615,3742
2011-03-24,3737.5,3817,3686,3717
2011-03-25,3745,3779,3689,3734.5
2011-03-28,3724.5,3742.5,3644,3714
2011-03-29,3717.5,3725,3653,3708
2011-03-30,3716.5,3776,3690,3747.5
2011-03-31,3745,3796,3737.5,3761.5
2011-04-01,3771,3787,3710,3781.5
2011-04-04,3781,3861.5,3781,3859
2011-04-05,3860.5,3932.5,3808.5,3932
2011-04-06,3930,3978,3912,3952
2011-04-07,3952,3970.5,3924.5,3965
2011-04-08,3965,4096,3952,4093
2011-04-11,4108,4197,3979.5,4024
2011-04-12,4019.5,4089.5,3976.5,4011
2011-04-13,4013.5,4076.5,4003.5,4064.5
2011-04-14,4066.5,4220,4045,4217.5
2011-04-15,4222.5,4308,4187,4304.5
2011-04-18,4317,4357,4223,4342.5
2011-04-19,4336,4418.5,4278,4398
2011-04-20,4389.5,4540,4384,4526.5
2011-04-21,4520,4670,4508,4662.5
2011-04-25,4732,4982.5,4572,4691
2011-04-26,4705,4717,4465,4556.5
2011-04-27,4554.5,4833,4486,4786.5
2011-04-28,4789,4951.5,4729.5,4853
2011-04-29,4846,4919.5,4755.5,4790
2011-05-02,4788,4818,4220,4391.5
2011-05-03,4392,4557,4061.5,4162.5
2011-05-04,4156,4230.5,3896.5,3941
2011-05-05,3923,3956.5,3426,3478.5
2011-05-06,3483,3643,3316,3565
2011-05-09,3564,3796,3530.5,3784.5
2011-05-10,3771,3880.5,3731,3847.5
2011-05-11,3850.5,3946.5,3503,3514
2011-05-12,3509.5,3588.5,3230,3465.5
2011-05-13,3458.5,3644,3392.5,3532
2011-05-16,3496,3536,3348,3369
2011-05-17,3364,3437.5,3302.5,3392
2011-05-18,3396,3551.5,3385,3505
2011-05-19,3510,3574,3453,3497.5
2011-05-20,3503,3557,3421.5,3505
2011-05-23,3500.5,3540,3435,3506
2011-05-24,3509,3667,3488,3663
2011-05-25,3663.5,3796.5,3624,3790
2011-05-26,3792,3882.5,3630,3724.5
2011-05-27,3727,3817.5,3720,3800
2011-05-30,3807.5,3838.5,3776,3809
2011-05-31,3813.5,3874,3797,3846
2011-06-01,3846,3849.5,3635.5,3685.5
2011-06-02,3692.5,3740.5,3559,3614.5
2011-06-03,3620,3642,3512,3624
2011-06-06,3626,3727.5,3626,3676.5
2011-06-07,3676.5,3750,3650,3714
2011-06-08,3721,3724.5,3607,3680.5
2011-06-09,3682.5,3763.5,3657.5,3757.5
2011-06-10,3757.5,3786,3609.5,3616.5
2011-06-13,3591,3634.5,3457.5,3476.5
2011-06-14,3481,3559.5,3443,3542
2011-06-15,3557,3597,3481,3576
2011-06-16,3576.5,3579,3515.5,3555.9
2011-06-17,3558,3592,3492.5,3590
2011-06-20,3605.5,3615,3527.5,3604.5
2011-06-21,3599,3656,3569,3637
2011-06-22,3641,3677,3590.5,3634
2011-06-23,3633.5,3636,3469,3530
2011-06-24,3529,3542,3417,3433
2011-06-27,3421.5,3425,3339,3358.5
2011-06-28,3361.5,3414.5,3355,3396.5
2011-06-29,3397,3495,3386.5,3490
2011-06-30,3491.5,3516,3448,3471.5
2011-07-01,3472.5,3484.5,3348,3385
2011-07-04,3382.5,3420,3380,3416
2011-07-05,3415,3569,3388,3548
2011-07-06,3550,3627,3507,3591
2011-07-07,3591,3665,3574,3644
2011-07-08,3645,3687,3603,3672
2011-07-11,3671,3694,3555,3576
2011-07-12,3580,3644,3482,3617
2011-07-13,3616,3833,3607,3821
2011-07-14,3832,3938,3802,3818
2011-07-15,3822,3932,3790,3931
2011-07-18,3933,4073,3927,4056
2011-07-19,4062,4088,3863,3903
2011-07-20,3899,4014,3823,4014
2011-07-21,4012,4037,3888,3935
2011-07-22,3931,4029,3890,4009
2011-07-25,4009,4108,3987,4038
2011-07-26,4038,4098,4002,4092
2011-07-27,4095,4146,4012,4027
2011-07-28,4027,4059,3935,3973
2011-07-29,3979,4039,3934,3990
2011-08-01,3942,4005,3905,3927
2011-08-02,3926,4088,3921,4085
2011-08-03,4084,4205,4058,4175
2011-08-04,4176,4228,3851,3888
2011-08-05,3886,3985,3757,3837
2011-08-08,3837,4039,3833,3904
2011-08-09,3909,3954,3703,3770
2011-08-10,3779,3954,3766,3930
2011-08-11,3927,3985,3797,3866
2011-08-12,3874,3922,3823,3911
2011-08-15,3906,3998,3874,3990
2011-08-16,3988,4014.5,3930.8,3993
2011-08-17,3991.5,4060,3979.3,4024.8
2011-08-18,4027.8,4093.5,4007.8,4066.8
2011-08-19,4062.8,4294.5,4055.2,4293.5
2011-08-22,4347.5,4406.3,4250.8,4374.3
2011-08-23,4383.5,4418.8,4153.3,4192.7
2011-08-24,4202.2,4246.8,3910.3,3970.5
2011-08-25,3970.3,4118.3,3878,4113
2011-08-26,4113.5,4148.8,4013.3,4136.5
2011-08-29,4169.8,4179.5,4035.8,4095
2011-08-30,4088.3,4169.3,4047,4138
2011-08-31,4138.3,4208.8,4114.3,4156.7
2011-09-01,4159,4186.8,4129.5,4154
2011-09-02,4155,4343.3,4154.5,4331.5
2011-09-05,4306,4345,4239.3,4294.8
2011-09-06,4299.8,4331.5,4161.5,4202.5
2011-09-07,4196.5,4227.5,4048.8,4162.8
2011-09-08,4162.5,4271.3,4144.5,4239.5
2011-09-09,4240.5,4276,4129,4152.2
2011-09-12,4147.5,4154.2,3978.3,4035
2011-09-13,4039,4136.8,4009.7,4117.8
2011-09-14,4113.8,4140,4038,4081.7
2011-09-15,4082.8,4084.7,3941.2,3997.2
2011-09-16,3993.5,4098,3946.5,4073.5
2011-09-19,4067.7,4089.5,3904.8,3971.5
2011-09-20,3972.2,4036.8,3923.5,3981.7
2011-09-21,3981.5,4076.8,3945,3967.8
2011-09-22,3967.8,3984.5,3555.8,3589.5
2011-09-23,3592,3667.5,2995.5,3118.5
2011-09-26,3080.7,3095.5,2615.5,3077.5
2011-09-27,3067.3,3353.3,3029.3,3192.5
2011-09-28,3183.3,3284.5,2950,2996
2011-09-29,2987,3152.5,2918.2,3066.3
2011-09-30,3060.5,3132,2967.3,2992.8
2011-10-03,2993,3142,2981,3049.8
2011-10-04,3047,3133.7,2867.3,3023.3
2011-10-05,3023,3064,2843.8,3048.8
2011-10-06,3049,3220.3,3025.8,3194.7
2011-10-07,3197.5,3277.3,3071.8,3116
2011-10-10,3129,3235,3124.5,3206.7
2011-10-11,3212.5,3267.7,3136.8,3212
2011-10-12,3212,3306.5,3186.2,3257.8
2011-10-13,3255.3,3279.2,3146.2,3182.5
2011-10-14,3181.8,3254,3127.8,3219.8
2011-10-17,3221.5,3265.5,3149.3,3181.3
2011-10-18,3177.8,3234.7,3040.3,3204.5
2011-10-19,3203.7,3214,3091.8,3128.5
2011-10-20,3124.3,3135.3,2994.5,3056.8
2011-10-21,3057.5,3151.5,3028.8,3136.5
2011-10-24,3131.5,3203.5,3116.8,3173.5
2011-10-25,3174.5,3337.8,3136.3,3319.3
2011-10-26,3316.3,3394.3,3294.5,3340.8
2011-10-27,3345,3537.3,3315.5,3511
2011-10-28,3512.8,3566.8,3472.2,3529
2011-10-31,3531.7,3542.3,3408.8,3410
2011-11-01,3411,3470.5,3213,3315.5
2011-11-02,3315.5,3442.3,3310.8,3428.5
2011-11-03,3430.8,3490.3,3329.5,3430.5
2011-11-04,3433.5,3470.5,3384,3412.3
2011-11-07,3402,3500.8,3386,3497.2
2011-11-08,3499.3,3534,3452,3492.3
2011-11-09,3496.3,3523.5,3382.5,3407
2011-11-10,3407.5,3433,3314.5,3404
2011-11-11,3403.8,3484.7,3370.3,3469.2
2011-11-14,3477.5,3491.8,3395.7,3422
2011-11-15,3423.3,3482.8,3376,3457.5
2011-11-16,3456.3,3461.8,3363.8,3372.5
2011-11-17,3363.3,3397.8,3106.3,3166.8
2011-11-18,3170.5,3258.7,3103.8,3235.5
2011-11-21,3235.5,3243.3,3066.8,3160
2011-11-22,3158.3,3302.8,3117,3276.7
2011-11-23,3277.8,3287.3,3123,3172
2011-11-24,3178.5,3219,3149.8,3183
2011-11-25,3175.8,3184,3095,3097
2011-11-28,3141.7,3235.8,3132.5,3211.8
2011-11-29,3210.8,3223.3,3155.7,3196
2011-11-30,3197.5,3298.8,3118.5,3287.8
2011-12-01,3288.3,3348.3,3253.3,3280.8
2011-12-02,3284.3,3373,3239.2,3261.8
2011-12-05,3265.3,3307.5,3191.5,3210.3
2011-12-06,3211.2,3294.5,3165.5,3281.8
2011-12-07,3275.8,3284.7,3226.7,3257
2011-12-08,3259.5,3326.3,3147,3170.5
2011-12-09,3160,3237.7,3152.5,3225.2
2011-12-12,3229.8,3230,3093,3133.7
2011-12-13,3132.5,3201.3,3046.2,3086
2011-12-14,3081.5,3105.8,2854.5,2897.5
2011-12-15,2897.3,2933,2813.3,2931.3
2011-12-16,2924.3,2993,2912.8,2972.5
2011-12-19,2975.2,2979,2868.2,2876
2011-12-20,2875.2,2961.5,2869.5,2954.5
2011-12-21,2954.8,3020,2913.8,2931.8
2011-12-22,2927.3,2968.5,2901.7,2909
2011-12-23,2911.2,2944.7,2903.3,2909
2011-12-27,2914,2915.3,2861.8,2870.5
2011-12-28,2866.3,2877,2684.3,2710.5
2011-12-29,2706.5,2783.5,2614,2774
2011-12-30,2762.7,2845.3,2727.8,2781.5
2012-01-03,2799,2971.5,2790.3,2968
2012-01-04,2968.2,2971.5,2891.8,2914.2
2012-01-05,2914.8,2961.8,2870.5,2930.5
2012-01-06,2928,2944.5,2858.5,2870.5
2012-01-09,2877.3,2920.3,2855.3,2898.3
2012-01-10,2898.7,3028.8,2891.5,2988.5
2012-01-11,2986.5,3023.3,2955.3,2995
2012-01-12,2994.5,3064.2,2988.8,3022
2012-01-13,3018,3024.3,2943.2,2971.2
2012-01-16,2970,3002.8,2946.2,2993.8
2012-01-17,2982.8,3056.5,2978.3,3003.8
2012-01-18,3003.3,3058.7,2974.5,3049.8
2012-01-19,3051.7,3086.2,3033.7,3060
2012-01-20,3060.5,3217,3030.3,3216.5
2012-01-23,3210,3276.5,3179.3,3232.5
2012-01-24,3233.7,3246.8,3186.8,3202.5
2012-01-25,3204.8,3339.3,3155,3323.3
2012-01-26,3322,3378.7,3299,3343.5
2012-01-27,3342.5,3393.8,3327,3390.3
2012-01-30,3384.5,3399.8,3305.5,3347.2
2012-01-31,3353.3,3408.8,3295.5,3311.3
2012-02-01,3315.3,3398.8,3307.5,3368.8
2012-02-02,3380.8,3440.3,3345.7,3432
2012-02-03,3431.7,3439,3333.8,3364.7
2012-02-06,3366.5,3386,3299.3,3366.8
2012-02-07,3366.5,3436.8,3315.8,3414.5
2012-02-08,3415.3,3451.5,3367.3,3395.5
2012-02-09,3393,3443,3368,3391.8
2012-02-10,3390,3405.8,3317.7,3357.5
2012-02-13,3380,3403,3346.3,3369.5
2012-02-14,3365.5,3383,3326.5,3357
2012-02-15,3360.3,3396,3311,3348.5
2012-02-16,3344.8,3354.5,3265.5,3348.8
2012-02-17,3345.3,3368.3,3306.3,3327.8
2012-02-20,3337,3367,3335.8,3359
2012-02-21,3351.5,3445,3344.8,3433.5
2012-02-22,3437,3449.3,3392.7,3424.8
2012-02-23,3425.5,3559.5,3423.3,3535.5
2012-02-24,3542.3,3572.2,3519.8,3537.8
2012-02-27,3546.5,3569,3513.5,3551
2012-02-28,3548.8,3728.5,3539.3,3698.3
2012-02-29,3696.3,3755.8,3415,3469.5
2012-03-01,3467,3570,3446.5,3554.5
2012-03-02,3554.8,3555,3445.3,3481.3
2012-03-05,3474.5,3494.8,3356.3,3403.5
2012-03-06,3404.2,3420.7,3249.3,3297.5
2012-03-07,3295.3,3359.5,3275.2,3348.5
2012-03-08,3348.3,3418,3336.3,3390.3
2012-03-09,3389.5,3443.5,3315.3,3431
2012-03-12,3431.7,3433.3,3338.5,3367
2012-03-13,3366.3,3383.5,3302,3345.5
2012-03-14,3344.8,3346.8,3164,3222.2
2012-03-15,3222.2,3287,3195.8,3243.2
2012-03-16,3242.7,3275.2,3214,3253
2012-03-19,3252.5,3308.2,3234.3,3286.5
2012-03-20,3286.5,3296.3,3178.3,3205.2
2012-03-21,3204.5,3239,3187.7,3216.7
2012-03-22,3216.5,3235,3111,3158.5
2012-03-23,3158,3229,3143.8,3221.8
2012-03-26,3220.7,3292.5,3202.8,3281.8
2012-03-27,3283.2,3318.3,3248.3,3257.5
2012-03-28,3257.8,3267.5,3177.8,3200.2
2012-03-29,3205.8,3229.8,3164.5,3226.3
2012-03-30,3224,3262.3,3214.8,3223.3
2012-04-02,3240,3323.8,3235.8,3297.8
2012-04-03,3298.5,3329,3247.5,3265
2012-04-04,3263,3268,3098.8,3134
2012-04-05,3130,3180.5,3121.2,3172.3
2012-04-09,3198.5,3209.5,3131.5,3155.8
2012-04-10,3153,3192.3,3116.5,3180
2012-04-11,3176.5,3180.7,3137,3158
2012-04-12,3157.2,3257.3,3142.5,3234
2012-04-13,3235.8,3242.8,3131.8,3149.7
2012-04-16,3149.7,3169.3,3118.8,3148.5
2012-04-17,3146.8,3188.3,3132,3168
2012-04-18,3168.3,3187.7,3135.3,3160.8
2012-04-19,3160,3199.8,3130.7,3176
2012-04-20,3175.5,3189.2,3155.3,3166
2012-04-23,3169,3174.3,3052.5,3086
2012-04-24,3088.5,3117,3072.3,3083
2012-04-25,3084.5,3102.5,2999.7,3074.8
2012-04-26,3076.5,3132.8,3066.5,3111.8
2012-04-27,3107,3146.5,3094.7,3129.5
2012-04-30,3133.7,3143.8,3061.8,3099.7
2012-05-01,3107,3136.2,3080,3096.2
2012-05-02,3098.8,3106.3,3042.8,3065.8
2012-05-03,3064.5,3067.5,2988.8,3008
2012-05-04,3009.3,3047,2978.3,3038.5
2012-05-07,3026.5,3038.8,2969.3,3007.5
2012-05-08,3008.5,3011.8,2913.5,2946.2
2012-05-09,2946.8,2950.2,2862.8,2926.3
2012-05-10,2924.3,2945.3,2894.5,2900.8
2012-05-11,2897.8,2909.5,2844.3,2888.8
2012-05-14,2886.8,2898.5,2809.3,2815.5
2012-05-15,2814.8,2842.5,2756.8,2770
2012-05-16,2765.5,2795,2676.3,2724.7
2012-05-17,2719,2829,2717.3,2801.3
2012-05-18,2797.2,2889.2,2779.8,2870.8
2012-05-21,2874.8,2885.3,2804,2843.3
2012-05-22,2844.3,2877,2792.8,2814.8
2012-05-23,2812.7,2817,2708.7,2775.8
2012-05-24,2777,2851.3,2759.5,2827.3
2012-05-25,2824.7,2856,2788.5,2847.5
2012-05-28,2857,2875.5,2828.8,2836.3
2012-05-29,2839.2,2865.3,2772.8,2780.3
2012-05-30,2777.8,2814,2736.8,2786.8
2012-05-31,2791,2818.8,2752,2766.8
2012-06-01,2768,2867.3,2717.8,2847.5
2012-06-04,2864.8,2865.5,2795.8,2820.8
2012-06-05,2822,2854.3,2808.3,2847.5
2012-06-06,2847.3,2986.8,2842.3,2938
2012-06-07,2941.8,2966.5,2836.2,2855
2012-06-08,2857.5,2864.8,2791.8,2845.3
2012-06-11,2887.5,2899.5,2827.3,2851.5
2012-06-12,2849.3,2901.3,2831.5,2891.3
2012-06-13,2889.5,2908.7,2870.5,2881.8
2012-06-14,2880,2907.5,2817.8,2858.7
2012-06-15,2858.5,2880.5,2849.5,2863.8
2012-06-18,2897,2900.5,2823.7,2867.8
2012-06-19,2868.3,2889.5,2829.5,2837.3
2012-06-20,2836,2857.2,2767.8,2802.3
2012-06-21,2804,2806.5,2680.7,2681.3
2012-06-22,2681.8,2699.3,2652.5,2683.7
2012-06-25,2672.4,2765.3,2664.2,2751.5
2012-06-26,2753.8,2755.7,2681.3,2708.3
2012-06-27,2710,2733.7,2667.5,2690.5
2012-06-28,2692.8,2712.3,2612.7,2631.8
2012-06-29,2631.3,2790.5,2626.7,2746.8
2012-07-02,2746.2,2760,2719.3,2747.5
2012-07-03,2743.8,2842.3,2740.3,2823
2012-07-04,2821.5,2832,2803,2811
2012-07-05,2813.5,2837.5,2750,2765.3
2012-07-06,2767,2778.8,2691.3,2707
2012-07-09,2703.5,2748,2691,2731
2012-07-10,2740.3,2754.8,2672,2676
2012-07-11,2677.5,2723.7,2676.3,2710.8
2012-07-12,2712.3,2734.3,2643,2717
2012-07-13,2716.8,2753.3,2706.5,2728.3
2012-07-16,2738.8,2741.5,2686.8,2725.2
2012-07-17,2725.5,2759.5,2677,2726.3
2012-07-18,2727.5,2734,2686.8,2713.3
2012-07-19,2713.5,2756.5,2710.5,2723
2012-07-20,2723.5,2739.5,2677.3,2726.7
2012-07-23,2717.8,2728.5,2662.7,2699
2012-07-24,2699.8,2713,2658,2691.8
2012-07-25,2694,2751,2678.3,2729.5
2012-07-26,2731.3,2777.8,2720.8,2747.5
2012-07-27,2744,2781,2734.5,2768.5
2012-07-30,2765.8,2819.3,2751.5,2813.3
2012-07-31,2813,2833.3,2788,2794.7
2012-08-01,2794,2802,2708.7,2734.3
2012-08-02,2733.3,2775.2,2694,2708.3
2012-08-03,2708.7,2785,2700.8,2774
2012-08-06,2777.5,2794.5,2756.5,2782
2012-08-07,2782.2,2817.3,2773.3,2804.5
2012-08-08,2804.8,2820.3,2766.8,2798.5
2012-08-09,2800.3,2818.2,2783.7,2807.2
2012-08-10,2810.3,2827.5,2755.7,2805.3
2012-08-13,2809,2814.8,2769.3,2776.7
2012-08-14,2777.3,2796.5,2758.7,2775.2
2012-08-15,2774.8,2795.8,2747.3,2776.3
2012-08-16,2775.8,2823.5,2770.3,2814.5
2012-08-17,2813.5,2827.8,2796.2,2801.5
2012-08-20,2804.3,2878.8,2788.3,2874
2012-08-21,2874.3,2946,2861.2,2925.5
2012-08-22,2924.5,2987.3,2918,2976.7
2012-08-23,2977.8,3078,2975.8,3052.3
2012-08-24,3051.3,3076,3019.5,3073.5
2012-08-27,3083.7,3131,3068.8,3075.2
2012-08-28,3082,3104.5,3057.8,3092.8
2012-08-29,3093.3,3102.5,3062.5,3076.7
2012-08-30,3078.8,3096.5,3027,3048.7
2012-08-31,3051,3181.3,3031.8,3176.7
2012-09-03,3174.8,3235.3,3157.8,3214.7
2012-09-04,3214.2,3246.8,3197.5,3238.5
2012-09-05,3235.5,3241.5,3200.5,3229.8
2012-09-06,3232,3303.5,3225.2,3273.7
2012-09-07,3266.8,3376.8,3201.7,3372.2
2012-09-10,3367.8,3400.8,3329,3336.3
2012-09-11,3340.3,3386.3,3338.3,3350.5
2012-09-12,3352,3413.3,3253,3333.5
2012-09-13,3328.3,3485,3272.5,3471.5
2012-09-14,3474.3,3498,3434.3,3469.5
2012-09-17,3470,3490.5,3386.3,3427
2012-09-18,3429,3507.3,3402.5,3482.8
2012-09-19,3481.3,3502.3,3433.2,3461.8
2012-09-20,3462.8,3479.5,3413.3,3468.3
2012-09-21,3467,3521.5,3439.8,3457
2012-09-24,3455,3457.8,3366.5,3401.5
2012-09-25,3402.8,3452.8,3372,3380.8
2012-09-26,3381.3,3410,3338.8,3403
2012-09-27,3399.8,3481,3391,3468.8
2012-09-28,3470,3492.3,3433.2,3453
2012-10-01,3452.5,3542.3,3422,3469.8
2012-10-02,3479.8,3511,3445.7,3466.2
2012-10-03,3463.3,3491,3451.5,3467.3
2012-10-04,3467.7,3515.3,3466.5,3500.5
2012-10-05,3503.7,3514.3,3435,3454.8
2012-10-08,3457.5,3459.7,3379.5,3402.5
2012-10-09,3404.8,3425.8,3361,3393
2012-10-10,3393.3,3418.5,3374.8,3402
2012-10-11,3399.3,3437.5,3381.7,3402.8
2012-10-12,3406,3415.8,3346.5,3348.5
2012-10-15,3344.5,3344.5,3258.5,3273
2012-10-16,3273.3,3306.7,3265.8,3298.3
2012-10-17,3300,3328.8,3289.3,3323.3
2012-10-18,3320,3331.8,3271.2,3282.3
2012-10-19,3281.7,3291.5,3194.5,3208.8
2012-10-22,3192.3,3246.5,3173.8,3246.2
2012-10-23,3242.3,3249.3,3158,3168.8
2012-10-24,3170.3,3205.3,3155.5,3174.3
2012-10-25,3174.5,3226,3173.8,3212.7
2012-10-26,3210.5,3234.7,3161,3209.5
2012-10-29,3203,3222.2,3168.2,3177.5
2012-10-30,3176.7,3214.5,3172.3,3186.5
2012-10-31,3187.2,3243.3,3183.5,3228
2012-11-01,3228.7,3268.3,3219,3233.2
2012-11-02,3232.2,3236.2,3082,3092
2012-11-05,3088.3,3124.3,3066.5,3117.8
2012-11-06,3120.3,3225.5,3107,3201
2012-11-07,3200,3240.8,3123.3,3182.5
2012-11-08,3185,3243.3,3164.5,3231
2012-11-09,3232.5,3278.3,3207,3259
2012-11-12,3260.3,3274.5,3220,3239.5
2012-11-13,3240.5,3279.8,3212.3,3249
2012-11-14,3247.5,3292.3,3236.2,3270.8
2012-11-15,3270.5,3276.3,3217.3,3260.8
2012-11-16,3261.8,3267.7,3202.3,3230.8
2012-11-19,3233.3,3321,3231,3307.3
2012-11-20,3305.8,3323.8,3286.5,3315.8
2012-11-21,3314.8,3336.8,3286.8,3336
2012-11-22,3335.3,3344,3327,3335
2012-11-23,3333.8,3415,3324,3411.8
2012-11-26,3414.3,3431,3397.8,3425
2012-11-27,3424.8,3436.3,3401.5,3413
2012-11-28,3411,3413.5,3299.5,3384
2012-11-29,3382,3445.5,3361.3,3432.8
2012-11-30,3431.5,3442.3,3322.8,3347.5
2012-12-03,3360.3,3390.5,3347.8,3371.3
2012-12-04,3373,3374,3275.5,3297.5
2012-12-05,3291.8,3329.8,3259.3,3295.7
2012-12-06,3294,3332.8,3261,3307.3
2012-12-07,3305.5,3332.3,3269,3312.8
2012-12-10,3314,3349.3,3311.8,3332.8
2012-12-11,3334,3334.7,3284.3,3305
2012-12-12,3306.3,3386.5,3299.5,3352.5
2012-12-13,3351.8,3351.8,3231.3,3259.3
2012-12-14,3260.8,3279.3,3224.8,3233
2012-12-17,3243,3247.8,3209,3234
2012-12-18,3234.5,3259.7,3142,3169.5
2012-12-19,3174,3185.8,3103.8,3104
2012-12-20,3105.3,3127.3,2966.8,2997
2012-12-21,2996.2,3031.5,2967.5,3004.3
2012-12-24,3002.3,3039,2986.5,2994
2012-12-26,2996,3024.8,2987.5,3007.2
2012-12-27,3005.8,3051.3,2972.8,3017
2012-12-28,3015,3036.2,2990.8,3004
2012-12-31,3007.8,3047.8,2992.3,3036.8
2013-01-02,3035.3,3152.3,3022.8,3101.5
2013-01-03,3103.3,3122.3,3002.5,3012.7
2013-01-04,3009.5,3029.3,2924,3022.8
2013-01-07,3025.8,3047.3,2987.2,3015.5
2013-01-08,3019.3,3055.7,3009,3041.3
2013-01-09,3040.3,3057.8,3006.8,3035.8
2013-01-10,3038.5,3094.7,3025.8,3085.5
2013-01-11,3085.8,3093,3019.7,3046.2
2013-01-14,3045.3,3116.3,3038.8,3107
2013-01-15,3105.3,3153,3096.2,3137
2013-01-16,3141.8,3156.8,3109.3,3149.7
2013-01-17,3150,3190.8,3106.5,3172.3
2013-01-18,3174.5,3213.5,3167.3,3186.2
2013-01-21,3190,3211.2,3187,3201.7
2013-01-22,3203.3,3236,3182.5,3221.3
2013-01-23,3219.5,3247.8,3210.8,3223.7
2013-01-24,3221.8,3223.7,3161.2,3163
2013-01-25,3163.8,3178,3113,3118.5
2013-01-28,3118,3131.8,3075,3084.3
2013-01-29,3085.5,3147,3085.3,3139
2013-01-30,3137.8,3225.8,3126.3,3201.7
2013-01-31,3196.5,3212.7,3111.8,3146.5
2013-02-01,3144.5,3215,3130.5,3183
2013-02-04,3187.5,3192,3138.8,3176.5
2013-02-05,3177.3,3211,3162.3,3181.8
2013-02-06,3180.3,3189.2,3161.5,3186.8
2013-02-07,3184.8,3191.8,3130,3144.5
2013-02-08,3146.2,3169.3,3133.5,3141.3
2013-02-11,3145.8,3153.3,3082.2,3093.8
2013-02-12,3090,3113.3,3058.3,3110.5
2013-02-13,3116.8,3122,3073.7,3075.8
2013-02-14,3075.5,3105.7,3022.3,3037.8
2013-02-15,3036,3045.8,2967.3,2976.5
2013-02-18,2979.5,3014.5,2978,2995
2013-02-19,2993.8,3011.8,2920.3,2940.8
2013-02-20,2941,2961,2826.3,2851.7
2013-02-21,2853.5,2886.8,2829.3,2862.5
2013-02-22,2866,2889.2,2833.7,2867.5
2013-02-25,2880.5,2927.5,2859.8,2901.3
2013-02-26,2898.8,2948.5,2861.2,2942.8
2013-02-27,2941.8,2944.3,2886.8,2899.3
2013-02-28,2900.2,2918,2841.3,2850.5
2013-03-01,2851.7,2878.3,2795.3,2858.7
2013-03-04,2864.2,2881.3,2843.2,2858.3
2013-03-05,2859.3,2907.8,2852.8,2867.8
2013-03-06,2868.5,2906.8,2853.3,2904.3
2013-03-07,2902,2905.7,2874.3,2886.8
2013-03-08,2884.5,2924.5,2833.5,2896
2013-03-11,2894.5,2908,2870.5,2897.3
2013-03-12,2897,2934.3,2887.5,2916
2013-03-13,2915.8,2926.7,2884.3,2892.3
2013-03-14,2893.5,2895.3,2854,2882.8
2013-03-15,2882.5,2899.8,2870.3,2874.8
2013-03-18,2896,2903.5,2859,2893.8
2013-03-19,2893.2,2907,2863.3,2892.5
2013-03-20,2893,2898.7,2868.2,2878.8
2013-03-21,2878.5,2931,2871.2,2914.8
2013-03-22,2915.3,2916.8,2853.8,2870.8
2013-03-25,2870.5,2888.3,2846.8,2880.3
2013-03-26,2879.8,2884.3,2861,2872.8
2013-03-27,2873,2878.3,2808.5,2864.8
2013-03-28,2864.5,2880.7,2818.2,2830.5
2013-04-01,2826.3,2834.5,2781.8,2797.8
2013-04-02,2796.8,2813.8,2715.8,2720.8
2013-04-03,2723.3,2729.5,2668.8,2691.3
2013-04-04,2691,2701.7,2658.3,2683.7
2013-04-05,2687,2729,2673.3,2726.3
2013-04-08,2729.3,2737.8,2708,2723.3
2013-04-09,2722.3,2800.8,2714.2,2790.3
2013-04-10,2788.8,2796,2745.5,2756.8
2013-04-11,2758.3,2778,2734.8,2756.8
2013-04-12,2757.2,2764.2,2586,2591.5
2013-04-15,2591.3,2603,2252,2264
2013-04-16,2279,2393.8,2201.5,2333.3
2013-04-17,2337,2372.3,2284.5,2326.7
2013-04-18,2331.5,2363.3,2244.3,2324.5
2013-04-19,2326.5,2381,2287.3,2319.3
2013-04-22,2328.8,2364.5,2308,2336.3
2013-04-23,2335.8,2338.8,2255.3,2288.5
2013-04-24,2289,2331,2280.7,2310.5
2013-04-25,2312,2435.3,2302.3,2434.3
2013-04-26,2433.5,2478.8,2361.5,2394.5
2013-04-29,2404.8,2457.8,2394.5,2456.8
2013-04-30,2454,2454.8,2402.5,2432.2
2013-05-01,2430,2433.7,2322.8,2361
2013-05-02,2357,2418,2337.5,2378.8
2013-05-03,2377.8,2437.2,2361.5,2408.3
2013-05-06,2414,2441,2383,2399
2013-05-07,2399.8,2403.5,2342,2392.5
2013-05-08,2386.8,2405.5,2364.5,2390.3
2013-05-09,2390,2415.3,2352,2369
2013-05-10,2365.3,2387.3,2315.3,2383
2013-05-13,2382.5,2383.5,2347.3,2361
2013-05-14,2361.3,2375.2,2309,2335.3
2013-05-15,2334.5,2344.7,2246.5,2254.5
2013-05-16,2254.8,2276.7,2206.8,2264.2
2013-05-17,2263,2274.3,2211.2,2219
2013-05-20,2230.3,2312.3,2021.5,2286.3
2013-05-21,2288.3,2289.8,2202.3,2237
2013-05-22,2234.5,2328.8,2214.8,2221
2013-05-23,2217,2263.8,2193,2254
2013-05-24,2254.3,2259.8,2227,2233.5
2013-05-27,2238,2270.8,2228.8,2262
2013-05-28,2257.5,2260.5,2211.2,2222
2013-05-29,2228.3,2246.2,2213.3,2240.5
2013-05-30,2240.8,2305.5,2231.3,2270.8
2013-05-31,2270.5,2285.3,2212,2219.3
2013-06-03,2223,2289.5,2221.2,2267
2013-06-04,2267.8,2272.8,2223.5,2248.8
2013-06-05,2249,2269.7,2229.5,2250.5
2013-06-06,2247.3,2283.5,2227.3,2253
2013-06-07,2252.3,2275,2151.3,2158.3
2013-06-10,2152.5,2201.7,2134.3,2187.7
2013-06-11,2184.5,2195.5,2142.8,2158.3
2013-06-12,2155.8,2194,2148.5,2169.3
2013-06-13,2169,2191.3,2150.8,2176.5
2013-06-14,2179.8,2224,2162.7,2201.3
2013-06-17,2200.5,2200.5,2162.7,2176.5
2013-06-18,2179.3,2187.8,2145.3,2160.3
2013-06-19,2160.8,2175.2,2119.7,2125.8
2013-06-20,2127.3,2127.3,1951.7,1952.5
2013-06-21,1956,2006.3,1931.8,2003.5
2013-06-24,2000.1,2019.5,1942,1964
2013-06-25,1961.8,1981.3,1943.5,1958.7
2013-06-26,1958.5,1961,1840,1845.8
2013-06-27,1850.2,1895,1836,1843.5
2013-06-28,1843.3,1964.2,1818.3,1963.3
2013-07-01,1953.5,2006.5,1937,1960
2013-07-02,1958.3,1978.8,1922.8,1933.3
2013-07-03,1937.5,1987.5,1931.5,1969.5
2013-07-04,1972.5,1983,1938.3,1954.3
2013-07-05,1951.5,1958.3,1867.5,1886.3
2013-07-08,1891.5,1926.3,1867.5,1903.8
2013-07-09,1904.8,1948.3,1896,1922.5
2013-07-10,1920.8,1950.8,1898.7,1944
2013-07-11,1950.5,2024.5,1946.5,2010.8
2013-07-12,2012.7,2018.8,1962,1989.5
2013-07-15,1987,2012.5,1954.8,1989.2
2013-07-16,1989.5,2002.3,1966.3,1998.3
2013-07-17,1993.5,2013.3,1924.3,1925.3
2013-07-18,1929.8,1953.5,1922,1935.5
2013-07-19,1936.5,1958.7,1929.3,1946.2
2013-07-22,1951.3,2057.2,1950.8,2050.5
2013-07-23,2052.3,2057,2008.7,2046.2
2013-07-24,2045.5,2047.3,1997.3,2012.3
2013-07-25,2012,2029.3,1976.3,2021
2013-07-26,2023,2031,1963.8,1997
2013-07-29,1994.7,2018.2,1966.8,1981.3
2013-07-30,1979.5,1987.3,1950.2,1969
2013-07-31,1972,2007.8,1936.8,1976.5
2013-08-01,1981,1995.3,1952.8,1958
2013-08-02,1958.5,2023.7,1918.2,1985.8
2013-08-05,1983.3,1998.5,1952.8,1966.8
2013-08-06,1967,1977,1944.3,1944.3
2013-08-07,1945.3,1959.5,1912.3,1955.3
2013-08-08,1953.5,2030.7,1948.5,2021.5
2013-08-09,2022,2055.3,2007,2051.7
2013-08-12,2069.3,2144,2062.5,2137.5
2013-08-13,2136.2,2174.5,2112,2142.3
2013-08-14,2143.8,2185.3,2126.7,2184.3
2013-08-15,2185.5,2316.8,2171.2,2296.2
2013-08-16,2295.8,2339.8,2276.5,2323.3
2013-08-19,2330.7,2360,2299,2314.8
2013-08-20,2315.3,2328.8,2230.5,2299.7
2013-08-21,2297.3,2335,2276.3,2286
2013-08-22,2287.3,2331.5,2245.5,2314.5
2013-08-23,2315.8,2410.5,2289.2,2406.8
2013-08-26,2416.3,2445.8,2391.8,2435.8
2013-08-27,2439,2474,2403.5,2454.8
2013-08-28,2453.5,2515.3,2429.5,2440.3
2013-08-29,2440.5,2446,2371.2,2391
2013-08-30,2389.8,2405,2343.2,2355.5
2013-09-02,2345.5,2440.5,2311.8,2423.8
2013-09-03,2424.3,2452.8,2402.8,2430.7
2013-09-04,2430.3,2443.2,2337.7,2348.8
2013-09-05,2350.5,2367.3,2306.3,2322
2013-09-06,2320.8,2396.5,2308.5,2388.8
2013-09-09,2394,2413.3,2344.5,2373.8
2013-09-10,2375.2,2382,2284.5,2299.8
2013-09-11,2298.5,2323.7,2281.3,2322.3
2013-09-12,2323.5,2324.5,2175.5,2176.3
2013-09-13,2192.8,2227.3,2142.3,2224.3
2013-09-16,2235.8,2242.8,2169,2182.8
2013-09-17,2179.3,2212.7,2165,2175.2
2013-09-18,2174.8,2324,2123.7,2295.5
2013-09-19,2299.7,2343.8,2285.5,2307.8
2013-09-20,2305,2317.3,2176.7,2180
2013-09-23,2186.2,2196,2132.8,2163.8
2013-09-24,2168.8,2202.8,2134.5,2171.2
2013-09-25,2175.2,2195.8,2150.2,2179
2013-09-26,2180.5,2211.8,2167.3,2171.8
2013-09-27,2172.5,2213,2152,2180.5
2013-09-30,2193.2,2207,2144.7,2169.7
2013-10-01,2168.2,2196.8,2064.2,2117
2013-10-02,2115.3,2201.3,2099.5,2174.8
2013-10-03,2173.5,2185.8,2144.7,2168.5
2013-10-04,2172.5,2191.3,2150.5,2175.2
2013-10-07,2179,2247.3,2165.5,2235.8
2013-10-08,2239.2,2250.2,2215,2229.3
2013-10-09,2232.2,2240.8,2178.5,2189.8
2013-10-10,2193.5,2220.8,2156,2167.5
2013-10-11,2163.8,2185.3,2101.3,2134.8
2013-10-14,2146.2,2167.3,2111.8,2127.3
2013-10-15,2127,2150.8,2050.8,2128.5
2013-10-16,2131.3,2142.8,2113,2140
2013-10-17,2137.5,2219,2111,2188
2013-10-18,2187.7,2204,2174.5,2192.8
2013-10-21,2189.5,2232.2,2185.3,2223.8
2013-10-22,2222,2282,2198.5,2269.7
2013-10-23,2271,2281.8,2250.8,2254.8
2013-10-24,2252.3,2286.5,2251,2271
2013-10-25,2273,2275,2226,2255
2013-10-28,2260.8,2270.5,2237.7,2249.3
2013-10-29,2248.7,2261.5,2230.7,2250.2
2013-10-30,2249.8,2308.7,2238.8,2262.3
2013-10-31,2263.3,2264.2,2181,2193
2013-11-01,2192.8,2199.3,2171.2,2188
2013-11-04,2184,2191.8,2160,2164.8
2013-11-05,2164.5,2178.5,2156.5,2169.7
2013-11-06,2168.5,2205.7,2162.3,2180.8
2013-11-07,2180.3,2199.5,2141.5,2165.5
2013-11-08,2166,2189.2,2126.3,2149.3
2013-11-11,2142.8,2144.3,2123.5,2133
2013-11-12,2134.3,2135.3,2056.5,2068
2013-11-13,2069.5,2084.3,2042.5,2060
2013-11-14,2058.5,2088.3,2058.5,2074.3
2013-11-15,2076.5,2082.2,2055.5,2078.8
2013-11-18,2077,2079.3,2029.8,2039.8
2013-11-19,2040.3,2047.3,2020.3,2033
2013-11-20,2035.8,2048.3,1978.3,1984.5
2013-11-21,1985.3,2003.5,1971.8,1995
2013-11-22,1998.8,2004.3,1981.8,1984
2013-11-25,1990.1,2034.5,1961.5,2023.5
2013-11-26,2022,2031.8,1983.3,1986.8
2013-11-27,1986.5,2013.5,1965.3,1966
2013-11-28,1972.8,1980.7,1965.3,1974.5
2013-11-29,1973.8,2009.8,1969.7,2000
2013-12-02,1997.8,1997.8,1912,1915.5
2013-12-03,1920.5,1933.3,1899,1912
2013-12-04,1911,1988.3,1889.8,1967.8
2013-12-05,1967,1972.3,1923.5,1938.8
2013-12-06,1938,1976.5,1921.5,1949.3
2013-12-09,1955.5,1998.3,1943.8,1982.2
2013-12-10,1981,2041.8,1974.3,2041.3
2013-12-11,2039.2,2046.5,2022.3,2028.3
2013-12-12,2027.5,2034.3,1941.5,1946.8
2013-12-13,1949.3,1973.3,1928.5,1968.8
2013-12-16,1965.3,2028.3,1944.7,1997.3
2013-12-17,1996.8,2022.3,1968.2,1992
2013-12-18,1991.5,2024.8,1965.8,1971.2
2013-12-19,1968,1989.8,1911,1922
2013-12-20,1921.2,1951.3,1913.3,1938.5
2013-12-23,1939.8,1951.5,1927,1942.8
2013-12-24,1943,1956,1931.5,1947.5
2013-12-26,1950.5,2002.5,1947.8,1978
2013-12-27,1980.5,2010.3,1975.8,2006.8
2013-12-30,2010.5,2017.8,1948.5,1956
2013-12-31,1963.5,1981.5,1883,1943.8
2014-01-02,1946,2042.8,1943.5,1999.8
2014-01-03,2001.3,2031.3,1999.3,2015
2014-01-06,2015.8,2034.3,1995.3,2015.8
2014-01-07,2020.5,2027.8,1964.2,1984.3
2014-01-08,1983.5,1986.2,1931.8,1951.5
2014-01-09,1952.8,1970.3,1940.3,1954
2014-01-10,1956,2024.3,1954.8,2015
2014-01-13,2017.8,2045.8,1997.3,2040
2014-01-14,2039.5,2059.5,2014.8,2024.8
2014-01-15,2026.3,2026.5,1994.3,2018.8
2014-01-16,2020,2024.8,1997.3,2009
2014-01-17,2010.3,2041.8,1996.5,2029.5
2014-01-20,2031.5,2042.3,2027.8,2031.3
2014-01-21,2031,2033.3,1969.7,1985.5
2014-01-22,1988.3,1993.8,1974.8,1978.8
2014-01-23,1976.7,2030.5,1964.5,2001.3
2014-01-24,1999.8,2028.5,1972.5,1990.5
2014-01-27,1993.8,2007.2,1957,1967
2014-01-28,1965,1983.3,1946,1955.3
2014-01-29,1954.5,1995.8,1947,1970.3
2014-01-30,1971,1971.5,1900.2,1913
2014-01-31,1916,1945.8,1907,1915.3
2014-02-03,1912,1961.5,1906.8,1931
2014-02-04,1932.8,1950.8,1926.3,1948.5
2014-02-05,1948.8,2019.5,1943.8,1987.5
2014-02-06,1986.5,2015.3,1984.3,1992.3
2014-02-07,1994,2006.5,1975.8,2000.3
2014-02-10,1997.5,2027.3,1996.2,2006.3
2014-02-11,2005.8,2025.5,1992.3,2021.5
2014-02-12,2021,2038.3,2008.3,2022
2014-02-13,2022.3,2051.7,2012.5,2047
2014-02-14,2047.5,2148.5,2044.7,2146.8
2014-02-17,2148,2196.8,2147.5,2181.3
2014-02-18,2187.3,2197.5,2132.2,2195.5
2014-02-19,2193.8,2194.3,2138.3,2152.8
2014-02-20,2156.8,2189.8,2140.8,2181.8
2014-02-21,2182.2,2195.8,2157.8,2184.8
2014-02-24,2181.5,2221,2158.7,2200
2014-02-25,2200.2,2205.7,2171.5,2191.8
2014-02-26,2190.5,2206.8,2113.3,2126
2014-02-27,2129,2151.3,2102.8,2130.3
2014-02-28,2129.5,2143,2110.8,2124
2014-03-03,2139.5,2173,2125.8,2144.3
2014-03-04,2144.5,2153.3,2104.3,2117.3
2014-03-05,2119.5,2133.7,2116.8,2118.8
2014-03-06,2120.5,2164.8,2110.3,2148.8
2014-03-07,2148.5,2160.3,2077.5,2091.8
2014-03-10,2087.7,2105.3,2063.3,2085.5
2014-03-11,2085.3,2132.2,2068,2090.3
2014-03-12,2090,2142.8,2082.2,2132.2
2014-03-13,2132,2147.5,2111.5,2122
2014-03-14,2121.8,2178.8,2114,2145.5
2014-03-17,2158.7,2160.5,2113.8,2117.8
2014-03-18,2118,2124.8,2064.5,2086.5
2014-03-19,2086.8,2096.5,2051,2059
2014-03-20,2059.8,2072.3,2014.2,2034.3
2014-03-21,2035,2058.5,2027.3,2032.5
2014-03-24,2026.3,2029.3,1990.8,1990.8
2014-03-25,1991,2021.2,1990.5,1998.3
2014-03-26,1997.5,2014,1968.8,1981.5
2014-03-27,1980.5,1986,1958,1972.8
2014-03-28,1973,1992.3,1962.7,1982.5
2014-03-31,1982,2000.8,1973.3,1975.2
2014-04-01,1978,1990.8,1963.8,1973.5
2014-04-02,1975.3,2014.2,1974.3,1997.8
2014-04-03,1998.8,2007.8,1967.3,1981.8
2014-04-04,1985.5,2021.8,1978.8,1995
2014-04-07,1994.5,2000.8,1977.8,1985.5
2014-04-08,1988,2017.3,1985.8,2005.3
2014-04-09,2002.8,2009.3,1960.8,1985.3
2014-04-10,1989.5,2037.7,1985.8,2003.3
2014-04-11,2002.5,2012.7,1991.3,1999
2014-04-14,2003.3,2013.3,1972.3,1996.2
2014-04-15,1996,1999.5,1922.3,1956.5
2014-04-16,1956,1980.3,1933.7,1963.3
2014-04-17,1963.5,1971.8,1949.5,1964.5
2014-04-21,1963.3,1970,1923.3,1944.3
2014-04-22,1941.8,1952.8,1929,1938.3
2014-04-23,1939,1953.5,1938.8,1944.7
2014-04-24,1943.8,1989.8,1893.5,1963.8
2014-04-25,1966.5,1979.5,1951.7,1972
2014-04-28,1971.8,1977.8,1952.3,1960.3
2014-04-29,1959.8,1962.7,1934.3,1946.8
2014-04-30,1949,1950.5,1906.8,1918.3
2014-05-01,1919,1924.8,1863,1904.3
2014-05-02,1906,1967.3,1895.3,1950.2
2014-05-05,1952,1974.3,1948.3,1961.2
2014-05-06,1961.3,1971.2,1950.8,1958.5
2014-05-07,1960,1976.3,1929.8,1932.2
2014-05-08,1931.8,1938.3,1912.7,1918.3
2014-05-09,1918.8,1931.3,1905.3,1916
2014-05-12,1914.2,1966.3,1905,1953.8
2014-05-13,1952.3,1960.8,1936.8,1955.7
2014-05-14,1955,1998.7,1951.3,1977.8
2014-05-15,1978.5,1983.3,1944,1950.3
2014-05-16,1951.3,1953.3,1926.3,1936.8
2014-05-19,1936,1968.8,1931.3,1934.3
2014-05-20,1934.5,1944.7,1924.8,1940
2014-05-21,1939.5,1949.8,1927.8,1939.8
2014-05-22,1940.5,1979.3,1936,1949.5
2014-05-23,1949.8,1952.3,1930.5,1945.8
2014-05-26,1945.3,1949.8,1938.5,1944.7
2014-05-27,1944.3,1945.3,1903.3,1905
2014-05-28,1907.2,1915,1897.3,1902.5
2014-05-29,1903.5,1908.3,1878.3,1903.3
2014-05-30,1902.8,1908.3,1861.8,1879.8
2014-06-02,1879,1886.2,1865.3,1874.3
2014-06-03,1875.5,1891.8,1872,1878.8
2014-06-04,1878.5,1887.3,1873.3,1878.3
2014-06-05,1879.5,1912,1869,1902.8
2014-06-06,1903.5,1918,1888.3,1901
2014-06-09,1902.8,1918.5,1898.3,1904.8
2014-06-10,1905.3,1922.8,1897.3,1918.3
2014-06-11,1918.8,1932.5,1914.8,1918.2
2014-06-12,1919,1956,1915.3,1952
2014-06-13,1952.5,1971.8,1947.8,1967
2014-06-16,1968.3,1987,1957.8,1965.5
2014-06-17,1965.8,1976.3,1946.8,1975.5
2014-06-18,1974,1990.3,1966.8,1989.8
2014-06-19,1989.5,2091.8,1983.3,2076
2014-06-20,2078.5,2098.3,2058.5,2087
2014-06-23,2090.5,2098.7,2079.5,2093.5
2014-06-24,2094.5,2122,2086,2096.5
2014-06-25,2095.8,2121.8,2076.3,2107
2014-06-26,2106.3,2117.3,2085.3,2117.3
2014-06-27,2115.5,2124.8,2098,2100.8
2014-06-30,2103.5,2116.5,2081.3,2106.5
2014-07-01,2106.3,2127,2105.3,2107.5
2014-07-02,2108.3,2133.3,2097.3,2121
2014-07-03,2121.5,2121.8,2089.8,2117.5
2014-07-04,2118.3,2128,2112.7,2119.5
2014-07-07,2118.3,2119.5,2087.3,2110.5
2014-07-08,2110,2123.7,2095.8,2108.3
2014-07-09,2108,2126.7,2104.3,2115.8
2014-07-10,2112.3,2162.7,2112.3,2146.2
2014-07-11,2145.8,2156.3,2142.8,2150.5
2014-07-14,2151,2152.5,2090.8,2096.8
2014-07-15,2097.5,2112.3,2071.8,2074
2014-07-16,2075,2087.5,2063.3,2082.2
2014-07-17,2081,2129.3,2076.5,2119.5
2014-07-18,2120,2130.7,2078.3,2092
2014-07-21,2092.3,2116.3,2086.2,2097
2014-07-22,2096.5,2111.8,2079.8,2101.7
2014-07-23,2102.3,2109.8,2095.3,2095.5
2014-07-24,2095.8,2097.3,2035.3,2042.8
2014-07-25,2041,2080.3,2035.3,2077.8
2014-07-28,2073,2077.8,2055.3,2062.5
2014-07-29,2062,2084.3,2051.3,2061.5
2014-07-30,2061.8,2075.2,2049.8,2065.3
2014-07-31,2064.2,2077.8,2037.3,2041.8
2014-08-01,2041.3,2057.2,2028.8,2035.8
2014-08-04,2035,2048.3,2017.3,2018
2014-08-05,2017.8,2028.8,1976.5,1980
2014-08-06,1978.8,2013.3,1977.3,2004.3
2014-08-07,2005.3,2012.7,1990.8,1998
2014-08-08,1998.3,2018.8,1984.8,1990.3
2014-08-11,1991.5,2010.8,1984.5,2001.5
2014-08-12,2000.5,2015.3,1988.3,1992
2014-08-13,1992.3,2007.2,1970.8,1982
2014-08-14,1982.5,1998.3,1980.3,1985.8
2014-08-15,1986,1995,1950.8,1955.3
2014-08-18,1955.7,1968.8,1946.8,1959.5
2014-08-19,1960.3,1970.3,1937.3,1941
2014-08-20,1942.5,1958.3,1940.3,1945.5
2014-08-21,1946.2,1947.8,1929.3,1941.8
2014-08-22,1942.3,1955.3,1928.8,1939
2014-08-25,1949,1954.3,1937.3,1939.5
2014-08-26,1939.2,1971,1938.3,1939.8
2014-08-27,1940,1954.8,1937.5,1948.7
2014-08-28,1947.8,1994.3,1947.8,1953.5
2014-08-29,1953.8,1966.3,1948.3,1949
2014-09-01,1949.8,1956.8,1943.8,1951.7
2014-09-02,1950.5,1952.8,1911.2,1919.3
2014-09-03,1920.8,1927.3,1913.8,1919.7
2014-09-04,1921.2,1937.7,1905.3,1908.3
2014-09-05,1906.3,1925,1902.3,1921.5
2014-09-08,1919.5,1934.3,1893.8,1904.5
2014-09-09,1905.3,1915.3,1889.2,1908.7
2014-09-10,1907,1912.3,1890.3,1897.5
2014-09-11,1895.8,1898.7,1859.3,1869.7
2014-09-12,1868.2,1871.8,1847.3,1864
2014-09-15,1858.7,1870.3,1855.7,1866.3
2014-09-16,1865,1888.3,1861.2,1869.7
2014-09-17,1868.8,1879,1849.8,1853.8
2014-09-18,1852.3,1861.2,1829.8,1852.3
2014-09-19,1852.5,1859.3,1778.3,1781
2014-09-22,1785.8,1785.8,1733.3,1771.5
2014-09-23,1772.5,1797.8,1761.2,1777
2014-09-24,1776.3,1786.2,1751.3,1766.5
2014-09-25,1767.8,1768.8,1734.3,1749
2014-09-26,1750.8,1771.8,1744.3,1762.5
2014-09-29,1758,1762.7,1743.2,1745
2014-09-30,1745.8,1757.2,1685.8,1696.8
2014-10-01,1697,1743.5,1686.8,1716.8
2014-10-02,1717.5,1733.7,1693.5,1708.7
2014-10-03,1707,1715.3,1671.8,1682.8
2014-10-06,1681.3,1735.8,1667.3,1733.5
2014-10-07,1734.5,1761.2,1710.8,1717.5
2014-10-08,1718.5,1746.2,1705.7,1736.8
2014-10-09,1736.3,1771.2,1732.8,1734
2014-10-10,1734.5,1739.8,1720.8,1738.8
2014-10-13,1738.5,1759.3,1728.3,1748.8
2014-10-14,1749.3,1756.3,1732.8,1738.3
2014-10-15,1739.5,1779.3,1702.3,1744
2014-10-16,1745.5,1754,1720.3,1735.8
2014-10-17,1737,1743.2,1722.3,1725.5
2014-10-20,1729.5,1751.7,1725.2,1742.3
2014-10-21,1739.8,1764.8,1735.8,1751.3
2014-10-22,1752.3,1753,1712.3,1715.5
2014-10-23,1717.3,1724.5,1703.8,1719.3
2014-10-24,1721.2,1735.3,1713.3,1719.7
2014-10-27,1715.3,1722.5,1708.3,1712.3
2014-10-28,1712.7,1739,1706.3,1720.3
2014-10-29,1719.7,1731.3,1701.7,1710.8
2014-10-30,1710.3,1720.3,1633.2,1650
2014-10-31,1649.8,1651.5,1577.3,1612.7
2014-11-03,1610.8,1620.7,1574.7,1612.3
2014-11-04,1611,1616,1590.7,1600.8
2014-11-05,1601.5,1604,1513.3,1530
2014-11-06,1534,1544.8,1521.3,1540.7
2014-11-07,1538.7,1577.3,1504.3,1576.2
2014-11-10,1576,1588.3,1548.3,1558.8
2014-11-11,1558.2,1587.2,1544.8,1568.8
2014-11-12,1570,1576.2,1555,1564.8
2014-11-13,1564.5,1576.5,1553.5,1564
2014-11-14,1563.3,1637.7,1525.5,1628
2014-11-17,1628.5,1645.3,1601.7,1612.3
2014-11-18,1611.8,1639.8,1597.3,1617.2
2014-11-19,1614.8,1650.2,1587.5,1611.5
2014-11-20,1613.3,1631.8,1595.3,1624
2014-11-21,1625.2,1659,1609.8,1640.5
2014-11-24,1645.9,1653,1631,1651
2014-11-25,1651.3,1674.8,1651,1671
2014-11-26,1670.3,1670.8,1651.3,1654.3
2014-11-27,1653.3,1657.2,1618.2,1625.5
2014-11-28,1627,1627.3,1542,1544
2014-12-01,1534.5,1679.3,1446.8,1646.8
2014-12-02,1647.8,1652.8,1608,1646.8
2014-12-03,1645,1657.2,1624.8,1642.3
2014-12-04,1639,1665.8,1637.7,1648.5
2014-12-05,1646.8,1655.3,1622.3,1629
2014-12-08,1625,1643.8,1616.5,1637
2014-12-09,1636,1722.8,1629.3,1710.3
2014-12-10,1712,1733.7,1695.8,1706.5
2014-12-11,1706,1723.7,1695.3,1709.5
2014-12-12,1712.8,1722.8,1701.7,1705
2014-12-15,1705.8,1706.8,1613.8,1619
2014-12-16,1620.3,1664.2,1554.3,1571.3
2014-12-17,1572.7,1605.5,1563.3,1574.7
2014-12-18,1575.5,1622.7,1573.8,1587.8
2014-12-19,1588.5,1610.8,1584,1608.5
2014-12-22,1608,1616.8,1553.7,1567.5
2014-12-23,1566.2,1585.8,1556.3,1578.5
2014-12-24,1577.5,1586.3,1568.8,1576.2
2014-12-26,1579,1629.7,1576.8,1606.7
2014-12-29,1607,1625.8,1572.7,1580.8
2014-12-30,1581.3,1647.8,1575.3,1626.2
2014-12-31,1624,1630.3,1555,1569.5
2015-01-02,1585.5,1604.7,1553.2,1572.5
2015-01-05,1578.2,1624.8,1563.3,1619.2
2015-01-06,1615.5,1669,1611.8,1655.3
2015-01-07,1655,1665.3,1630.7,1653.8
2015-01-08,1654.8,1665.8,1631.5,1637
2015-01-09,1637.3,1662.7,1620.7,1650.5
2015-01-12,1652.5,1668,1643.8,1659.5
2015-01-13,1659.3,1720.8,1657.2,1708.3
2015-01-14,1706.8,1709.5,1656.3,1684.3
2015-01-15,1686.3,1723.5,1671.2,1695
2015-01-16,1694.3,1784.8,1690.8,1781.3
2015-01-19,1790.5,1799.3,1763.8,1771.2
2015-01-20,1772.3,1804.5,1765.3,1800.2
2015-01-21,1800.5,1849.8,1791.8,1813.8
2015-01-22,1812.5,1848.7,1795.3,1834.5
2015-01-23,1833,1841.3,1812.5,1830.7
2015-01-26,1837.3,1848.7,1787.3,1792.8
2015-01-27,1793.2,1821.2,1769.5,1806.3
2015-01-28,1804.8,1815.5,1794.5,1799.5
2015-01-29,1799.7,1803.5,1674.8,1695
2015-01-30,1699,1731.8,1681.8,1725.5
2015-02-02,1718.3,1732.2,1700.2,1721.2
2015-02-03,1723,1774.5,1708,1730.3
2015-02-04,1732.2,1765.8,1717.5,1737
2015-02-05,1736.5,1748.7,1692.3,1725
2015-02-06,1727.3,1736,1654.8,1669.7
2015-02-09,1675.5,1714.2,1668.5,1697.5
2015-02-10,1696.2,1709,1671.8,1690.8
2015-02-11,1692.5,1707.8,1671.2,1678.8
2015-02-12,1679.8,1703.8,1660.8,1684
2015-02-13,1684.3,1742.8,1683.7,1733.3
2015-02-16,1731.8,1739.5,1725.2,1728.3
2015-02-17,1727.3,1732,1626.7,1647.3
2015-02-18,1646.8,1653.8,1625.8,1646.8
2015-02-19,1648,1676.7,1632.8,1634.3
2015-02-20,1635.8,1655.3,1616.3,1620.3
2015-02-23,1627.3,1663,1611.8,1633.5
2015-02-24,1635.8,1649.8,1610.5,1631.7
2015-02-25,1633,1674.8,1632.8,1656
2015-02-26,1655,1690.3,1652.8,1658.3
2015-02-27,1657.5,1670,1642.5,1659.3
2015-03-02,1659.5,1678.8,1635.2,1641
2015-03-03,1641.3,1657.2,1607.2,1626.7
2015-03-04,1626.3,1635.8,1607.5,1621.2
2015-03-05,1622.5,1635.2,1613.8,1619.5
2015-03-06,1619.3,1623.7,1574.7,1587.5
2015-03-09,1585.5,1595,1570.5,1571.8
2015-03-10,1572,1581.3,1559,1561.5
2015-03-11,1561.8,1573.3,1526.8,1550.3
2015-03-12,1550,1568,1538.7,1557
2015-03-13,1557.3,1565.7,1545.7,1562.8
2015-03-16,1557.8,1575.3,1548.8,1559.3
2015-03-17,1559.8,1570.7,1536.8,1553.7
2015-03-18,1554,1609,1543.8,1593.8
2015-03-19,1592.5,1617.8,1581.5,1611.8
2015-03-20,1612,1688.8,1607.8,1672.5
2015-03-23,1679,1708.7,1661.2,1698.3
2015-03-24,1698.3,1703.8,1681.3,1693.8
2015-03-25,1694.3,1711.2,1684.5,1694.3
2015-03-26,1694.7,1738.3,1691.5,1708.7
2015-03-27,1708.3,1719.7,1686,1694.7
2015-03-30,1696.8,1698.5,1662.7,1669.3
2015-03-31,1669,1682,1643.8,1663.8
2015-04-01,1662.5,1707.2,1650.2,1693.8
2015-04-02,1693.8,1699.8,1657.5,1674.8
2015-04-06,1699.5,1730.3,1693.8,1697.3
2015-04-07,1695.8,1697.3,1673,1683
2015-04-08,1682.8,1690.3,1637.3,1650.3
2015-04-09,1649.5,1651.3,1611.2,1614.5
2015-04-10,1615,1664.8,1614.2,1643.8
2015-04-13,1643.5,1650.8,1623,1625.8
2015-04-14,1627.3,1634.3,1596.5,1613
2015-04-15,1614.5,1637,1604.3,1630
2015-04-16,1630.3,1647.8,1610.2,1626.2
2015-04-17,1627.5,1648.7,1618.8,1623
2015-04-20,1625.8,1633.7,1583.2,1594.2
2015-04-21,1593.5,1615.7,1586.3,1598.5
2015-04-22,1597.5,1607.2,1567.2,1576.5
2015-04-23,1575.5,1590.7,1571.3,1584
2015-04-24,1584.3,1588.3,1555.3,1568
2015-04-27,1574.7,1648.7,1572,1640
2015-04-28,1642.3,1669.7,1633,1662.5
2015-04-29,1661.5,1671.8,1641.8,1657.8
2015-04-30,1657.2,1672.8,1581.7,1612.7
2015-05-01,1613.7,1625.8,1591.2,1614
2015-05-04,1615.7,1673,1613.3,1640.3
2015-05-05,1642.3,1670.8,1634.3,1654.5
2015-05-06,1654,1665,1638.8,1650.8
2015-05-07,1652.8,1655.3,1617,1632.8
2015-05-08,1631.8,1653,1626.3,1644.7
2015-05-11,1643.2,1654.8,1620.3,1630.3
2015-05-12,1629,1658.3,1614,1651.7
2015-05-13,1651.7,1723.3,1648.3,1712
2015-05-14,1714.8,1758.3,1707.8,1746.8
2015-05-15,1746.8,1757.8,1721.2,1749.7
2015-05-18,1751,1777.3,1747.3,1771.8
2015-05-19,1771.5,1773.3,1688.5,1710
2015-05-20,1710.3,1727.8,1693.8,1711
2015-05-21,1711.2,1724.8,1701.5,1715.8
2015-05-22,1715.5,1733.5,1695,1710
2015-05-25,1709.3,1717.8,1700.2,1713.3
2015-05-26,1712.3,1713.8,1664.5,1674.8
2015-05-27,1671.2,1680.3,1659.3,1668
2015-05-28,1667.5,1677.3,1654.8,1668.2
2015-05-29,1668,1681,1664.2,1673
2015-06-01,1671.8,1715.8,1659.3,1673
2015-06-02,1673.7,1683.3,1662.3,1678
2015-06-03,1677,1679.5,1638.8,1648
2015-06-04,1646.8,1649.8,1607.2,1608
2015-06-05,1606.3,1615.7,1593.8,1605.5
2015-06-08,1602.8,1611.2,1589.3,1593
2015-06-09,1592.8,1613.5,1590.3,1590.7
2015-06-10,1591.2,1618.8,1590.3,1597.7
2015-06-11,1598,1601.7,1577.5,1599.3
2015-06-12,1598.5,1600.8,1579.3,1592
2015-06-15,1590.3,1621.2,1581.3,1603.5
2015-06-16,1603,1610.5,1584.8,1597.7
2015-06-17,1598.3,1622.7,1588.7,1609
2015-06-18,1606.3,1642.3,1603,1612.3
2015-06-19,1614.8,1619.3,1589.8,1605.7
2015-06-22,1608.5,1620.3,1599.3,1613.8
2015-06-23,1613.3,1617.5,1570.7,1580.3
2015-06-24,1579.3,1587.8,1572.7,1585.2
2015-06-25,1584.5,1591,1573.3,1580.8
2015-06-26,1581.5,1586.3,1552.3,1574.3
2015-06-29,1587,1602,1566.8,1575.5
2015-06-30,1576,1583.8,1544.8,1566.2
2015-07-01,1562.8,1568.3,1550.3,1552.3
2015-07-02,1553.5,1575,1545.3,1564.8
2015-07-03,1565.3,1568.3,1556.3,1565.3
2015-07-06,1566,1581.3,1549.7,1571.3
2015-07-07,1569.8,1570.7,1462.5,1501.5
2015-07-08,1501,1519.8,1470.7,1508.5
2015-07-09,1511,1551.8,1497.7,1536.3
2015-07-10,1537,1561.8,1534.3,1553.5
2015-07-13,1550.3,1564.5,1528.7,1547.5
2015-07-14,1547,1547.5,1524.3,1533.8
2015-07-15,1532.8,1535.2,1496.8,1505.5
2015-07-16,1506,1513.7,1485.2,1494.5
2015-07-17,1496.3,1500.3,1479.7,1482.8
2015-07-20,1482,1496.8,1449.7,1464
2015-07-21,1463.7,1492.8,1461.8,1481.3
2015-07-22,1480.8,1486.3,1460,1476
2015-07-23,1475.8,1493.8,1454.7,1462.5
2015-07-24,1460.8,1469.2,1433.2,1463.5
2015-07-27,1464,1473.5,1449.5,1451
2015-07-28,1453,1467,1451,1465.5
2015-07-29,1465,1487.5,1457.5,1478
2015-07-30,1477,1481.5,1458,1470
2015-07-31,1470.5,1496,1451,1472
2015-08-03,1475.5,1476,1439,1446
2015-08-04,1444.5,1462.5,1434.5,1454.5
2015-08-05,1455.5,1467,1446.5,1456
2015-08-06,1455.5,1473.5,1449,1462.5
2015-08-07,1463,1499,1457,1474
2015-08-10,1478.5,1536,1470.5,1519.5
2015-08-11,1523.5,1537,1508,1532.5
2015-08-12,1530.5,1556,1512.5,1550.5
2015-08-13,1551,1555,1526.5,1539
2015-08-14,1540,1558.5,1514.5,1518.5
2015-08-17,1523,1537.5,1518,1529
2015-08-18,1530,1531.5,1468,1484
2015-08-19,1486,1531.5,1479.5,1527.5
2015-08-20,1527,1556,1525.5,1554
2015-08-21,1553.5,1563.5,1511,1524.5
2015-08-24,1536,1538,1457,1476
2015-08-25,1480,1492.5,1452.5,1466.5
2015-08-26,1467.5,1470.5,1391.5,1408
2015-08-27,1411,1455.5,1405,1446.5
2015-08-28,1449,1465,1434,1456
2015-08-31,1455,1467,1439.5,1460
2015-09-01,1462,1474.5,1450,1458.5
2015-09-02,1458,1480.5,1442.5,1466.5
2015-09-03,1466.5,1494.5,1455.5,1469.5
2015-09-04,1469,1479,1448,1457
2015-09-07,1460.5,1466,1446,1448.5
2015-09-08,1450.5,1488,1444,1477
2015-09-09,1477.5,1492,1456,1458
2015-09-10,1458.5,1484,1453.5,1467.5
2015-09-11,1468,1474.5,1426.5,1457
2015-09-14,1457,1458,1432,1438
2015-09-15,1437,1441,1424,1437.5
2015-09-16,1438.5,1493.5,1431,1490.5
2015-09-17,1491.5,1526.5,1477.5,1511
2015-09-18,1512.5,1542,1502,1515
2015-09-21,1517.5,1524.5,1508,1518.5
2015-09-22,1518,1522,1470,1478
2015-09-23,1475,1490.5,1468.5,1475
2015-09-24,1476,1517.5,1474.5,1511.5
2015-09-25,1506.5,1517.5,1495,1505.5
2015-09-28,1507.5,1511,1447,1455.5
2015-09-29,1456.5,1469,1446,1461
2015-09-30,1460.5,1471.5,1443.5,1448.5
2015-10-01,1449,1467,1443.5,1450
2015-10-02,1449.5,1529.5,1436,1521.5
2015-10-05,1524,1572,1510,1564
2015-10-06,1562.5,1608.5,1557,1583.5
2015-10-07,1587.5,1611,1582.5,1603.5
2015-10-08,1606.5,1608,1538.5,1568.5
2015-10-09,1568,1601,1559,1581
2015-10-12,1579,1607,1578,1582.5
2015-10-13,1581.5,1598.5,1561.5,1587.5
2015-10-14,1590.5,1619.5,1579,1618.5
2015-10-15,1613,1619.5,1591,1612
2015-10-16,1613.5,1615,1594,1604
2015-10-19,1602,1603.5,1574.5,1581
2015-10-20,1582,1596.5,1574,1591
2015-10-21,1588.5,1594,1561.5,1569
2015-10-22,1569.5,1590.5,1564,1582.5
2015-10-23,1581.5,1608,1571,1584.5
2015-10-26,1582,1597.5,1577,1587
2015-10-27,1587.5,1594,1578.5,1589
2015-10-28,1589.5,1637,1576.5,1593
2015-10-29,1593.5,1600,1554,1556.5
2015-10-30,1556,1565.5,1548,1551
2015-11-02,1552.5,1555,1525,1541
2015-11-03,1540.5,1545,1520,1525.5
2015-11-04,1526,1532.5,1505,1505.5
2015-11-05,1506,1509,1491,1495.5
2015-11-06,1496,1504.5,1468.5,1472
2015-11-09,1473,1476,1440,1450.5
2015-11-10,1453,1455.5,1427,1439
2015-11-11,1439.5,1448.5,1423,1426
2015-11-12,1429.5,1446.5,1417,1423.5
2015-11-13,1427.5,1435,1415,1420.5
2015-11-16,1435,1441.5,1417,1423
2015-11-17,1422.5,1425,1408,1416
2015-11-18,1415,1421,1399.5,1413
2015-11-19,1414.5,1436.5,1409,1422
2015-11-20,1422,1436.5,1404.5,1413.5
2015-11-23,1410,1414.5,1386,1408.5
2015-11-24,1408,1426.5,1402,1414
2015-11-25,1415,1423.5,1399.5,1416.5
2015-11-26,1417,1434.5,1410.5,1424.5
2015-11-27,1423,1426,1391,1401.5
2015-11-30,1402,1415.5,1395.5,1403.5
2015-12-01,1407,1424,1404,1416.5
2015-12-02,1418,1422,1391.5,1400
2015-12-03,1401,1415.5,1383,1410
2015-12-04,1411,1460.5,1403,1453
2015-12-07,1455.5,1463,1420.5,1422
2015-12-08,1422.5,1432,1406.5,1416
2015-12-09,1417,1433.5,1410.5,1414
2015-12-10,1413.5,1423,1409,1410
2015-12-11,1408,1414,1375.5,1392
2015-12-14,1391,1397,1363.5,1367
2015-12-15,1368,1381.5,1366.5,1376
2015-12-16,1378,1429.5,1377,1415.5
2015-12-17,1416,1417,1367.5,1370.5
2015-12-18,1372,1419.5,1369.5,1407.5
2015-12-21,1410,1431.5,1404,1424
2015-12-22,1424.5,1437.5,1420.5,1423.5
2015-12-23,1424,1433.5,1420.5,1428.5
2015-12-24,1429,1438.5,1425.5,1436.5
2015-12-28,1434,1441,1385.5,1392.5
2015-12-29,1392,1404.5,1391.5,1393.5
2015-12-30,1394,1399,1377.5,1389
2015-12-31,1387,1396.5,1378,1384
2016-01-04,1385,1417.5,1383.5,1385.5
2016-01-05,1386,1404.5,1385,1396.5
2016-01-06,1395.5,1413.5,1389,1399.5
2016-01-07,1400.5,1436.5,1392.5,1429.5
2016-01-08,1429.5,1432,1387.5,1393
2016-01-11,1396.5,1406.5,1383.5,1385
2016-01-12,1387.5,1390.5,1373.5,1376.5
2016-01-13,1379,1418.5,1375.5,1413.5
2016-01-14,1415.5,1416.5,1374.5,1382.5
2016-01-15,1385,1411.5,1376.5,1391.5
2016-01-18,1391,1398.5,1383.5,1392.5
2016-01-19,1394,1416.5,1387,1400.5
2016-01-20,1402,1418.5,1399,1413.5
2016-01-21,1414,1418.5,1387.5,1406.5
2016-01-22,1409.5,1431.5,1401,1401
2016-01-25,1404.5,1429.5,1401,1422
2016-01-26,1422,1455.5,1420,1449
2016-01-27,1450,1456.5,1433.5,1446.5
2016-01-28,1448,1452,1410.5,1424.5
2016-01-29,1423.5,1430.5,1415.5,1426
2016-02-01,1424.5,1440.5,1418.5,1434
2016-02-02,1435,1440,1421.5,1430
2016-02-03,1430,1481.5,1425.5,1466.5
2016-02-04,1466.5,1492.5,1462,1486
2016-02-05,1485,1506,1464.5,1499
2016-02-08,1500,1547,1487.5,1530
2016-02-09,1534,1547,1518.5,1523.5
2016-02-10,1528,1532,1509.5,1525.5
2016-02-11,1529.5,1598.5,1525,1574.5
2016-02-12,1579.5,1583,1561.5,1572.5
2016-02-15,1571.5,1574,1519.5,1536.5
2016-02-16,1538,1546,1512.5,1524.5
2016-02-17,1527,1541.5,1518,1531.5
2016-02-18,1531,1557.5,1523,1541.5
2016-02-19,1542,1549.5,1529.5,1536.5
2016-02-22,1535,1536.5,1495,1520.5
2016-02-23,1518,1533.5,1517.5,1532.5
2016-02-24,1529,1559.5,1518.5,1525.5
2016-02-25,1526,1534.5,1504,1516.5
2016-02-26,1516,1525,1468,1472.5
2016-02-29,1473.5,1494.5,1462,1493.5
2016-03-01,1492,1509.5,1473,1485.5
2016-03-02,1484,1504.5,1476.5,1498.5
2016-03-03,1499.5,1533,1487.5,1524.5
2016-03-04,1524,1581.5,1514,1553.5
2016-03-07,1556.5,1581.5,1548.5,1567
2016-03-08,1568,1575.5,1535.5,1536.5
2016-03-09,1538,1545.5,1519.5,1532.5
2016-03-10,1532,1566.5,1518.5,1562.5
2016-03-11,1561,1576,1549.5,1551.5
2016-03-14,1551.5,1583.5,1530.5,1537
2016-03-15,1538,1541.5,1521.5,1529
2016-03-16,1529,1565.5,1521,1560
2016-03-17,1559,1604.5,1555.5,1595
2016-03-18,1594,1615.5,1574.5,1581
2016-03-21,1584,1591.5,1571.5,1584
2016-03-22,1583,1601.5,1578.5,1586
2016-03-23,1587,1592,1524,1530
2016-03-24,1529,1534.5,1516,1521.5
2016-03-28,1523,1538.5,1515,1527.5
2016-03-29,1523,1539.5,1506.5,1538.5
2016-03-30,1537.5,1546.5,1519.5,1525.5
2016-03-31,1524.5,1553,1520,1547.5
2016-04-01,1543.5,1549,1478.5,1508.5
2016-04-04,1501,1513.5,1489.5,1494.5
2016-04-05,1497,1523.5,1493,1517.5
2016-04-06,1514,1521.5,1492,1509.5
2016-04-07,1506.5,1539,1506,1526.5
2016-04-08,1525.5,1541.5,1513,1540.5
2016-04-11,1538,1599.5,1537,1594.5
2016-04-12,1596.5,1624.5,1580,1622.5
2016-04-13,1621,1634.5,1601.5,1624.5
2016-04-14,1624,1628.5,1593,1616.5
2016-04-15,1620,1640.5,1611,1625.5
2016-04-18,1629,1633,1613,1624.5
2016-04-19,1624.5,1710.5,1618,1695.5
2016-04-20,1696,1725.5,1685.5,1698.5
2016-04-21,1695.5,1771,1676,1702
2016-04-22,1700.5,1736,1685.5,1699
2016-04-25,1695,1713.5,1684.5,1701.5
2016-04-26,1700,1718.5,1686.5,1717.5
2016-04-27,1717,1742.5,1707,1724.5
2016-04-28,1725,1766.5,1715,1758
2016-04-29,1759,1798,1759,1785
2016-05-02,1786,1802,1750,1752
2016-05-03,1755,1773,1734,1743
2016-05-04,1742,1748,1719,1741
2016-05-05,1742,1768,1729,1738
2016-05-06,1737,1763,1726,1751
2016-05-09,1745,1750,1696,1705
2016-05-10,1706,1719,1694,1715
2016-05-11,1716,1762,1712,1744
2016-05-12,1744,1748,1701,1701
2016-05-13,1702,1720,1689,1714
2016-05-16,1708,1743,1708,1716
2016-05-17,1717,1737,1709,1728
2016-05-18,1728,1732,1682,1693
2016-05-19,1690,1695,1636,1650
2016-05-20,1651,1667,1645,1655
2016-05-23,1651,1658,1633,1640
2016-05-24,1641,1644,1622,1624
2016-05-25,1623,1638,1619,1633
2016-05-26,1630,1658,1625,1634
2016-05-27,1635,1639,1615,1624
2016-05-30,1623,1623.5,1591.5,1601.5
2016-05-31,1602,1617.5,1596.5,1600.5
2016-06-01,1601,1610.5,1584,1596
2016-06-02,1598,1606,1593,1600.5
2016-06-03,1601,1646.5,1597,1641.5
2016-06-06,1643.5,1654.5,1637,1648
2016-06-07,1647.5,1649,1625,1639
2016-06-08,1643,1711,1639,1705
2016-06-09,1706,1733.5,1695,1729.5
2016-06-10,1729,1738,1716,1734
2016-06-13,1735,1747,1711,1745.5
2016-06-14,1744,1750,1723,1740
2016-06-15,1740.5,1763,1736,1753.5
2016-06-16,1755,1788,1718,1719
2016-06-17,1722,1752.5,1721,1751.5
2016-06-20,1737,1765,1730.5,1751.5
2016-06-21,1750,1759.5,1720,1730
2016-06-22,1731,1735.5,1716,1728
2016-06-23,1723,1749,1722.5,1728
2016-06-24,1719,1835,1715.5,1776
2016-06-27,1786,1796,1769,1779
2016-06-28,1781,1792,1761,1785.5
2016-06-29,1784,1852.3,1784,1838
2016-06-30,1836.2,1889.8,1827,1879
2016-07-01,1886.5,1998,1880,1986.5
2016-07-04,1983,2117,1976.3,2041
2016-07-05,2039,2054.5,1961.7,2000.5
2016-07-06,2005,2057,1994.7,2016
2016-07-07,2015.2,2033,1953.2,1974
2016-07-08,1975,2038,1929,2032
2016-07-11,2042,2074.2,2019.7,2034
2016-07-12,2035.8,2059,2003.8,2022
2016-07-13,2023,2054.3,1995.7,2041.3
2016-07-14,2043,2060.2,2007.2,2036.7
2016-07-15,2038.3,2039.2,2006.8,2030.7
2016-07-18,2024,2029.3,1977,2010
2016-07-19,2011.7,2012.7,1987.7,1997.3
2016-07-20,1997,2003.8,1938.8,1946
2016-07-21,1945,1993.5,1927.3,1984.5
2016-07-22,1984,1999.8,1962,1968.3
2016-07-25,1969,1975.8,1936.7,1961
2016-07-26,1962.3,1980,1949.8,1969
2016-07-27,1970.3,2046.8,1957.2,2042.2
2016-07-28,2041.3,2057.2,2016.8,2022
2016-07-29,2024,2044.7,2000.8,2037.7
2016-08-01,2040,2069.3,2033.7,2049
2016-08-02,2051.7,2082.2,2039.2,2067
2016-08-03,2067.8,2076.7,2041.8,2044.3
2016-08-04,2043,2051.7,2008.7,2038.5
2016-08-05,2038.8,2046.8,1971.2,1974.2
2016-08-08,1964.8,1988.8,1960.2,1975.8
2016-08-09,1975,1989.2,1960.8,1987.7
2016-08-10,1992,2047,1990.2,2017
2016-08-11,2018,2033.5,1994,1997.3
2016-08-12,1999,2023,1966,1972
2016-08-15,1975,2003.5,1970.3,1982
2016-08-16,1984,2011.2,1972.7,1979.7
2016-08-17,1981,1989.2,1939.5,1969
2016-08-18,1969.3,1993.2,1962.7,1974.2
2016-08-19,1977,1977.5,1925.2,1928.8
2016-08-22,1890,1907.2,1880.3,1889.5
2016-08-23,1887.7,1909,1877,1877
2016-08-24,1881,1896.2,1850,1850.2
2016-08-25,1851.7,1862,1844,1850
2016-08-26,1849,1901.3,1846.8,1862.3
2016-08-29,1862,1887,1837,1885
2016-08-30,1884,1892,1855,1858
2016-08-31,1856,1883,1851,1872
2016-09-01,1871.8,1899.2,1865.2,1895.7
2016-09-02,1895.5,1953,1882.8,1952.3
2016-09-05,1949,1964,1938,1959.8
2016-09-06,1958.7,2021.2,1954.7,2014
2016-09-07,2011.2,2023,1981.8,1987
2016-09-08,1987.7,2002,1963.3,1968.8
2016-09-09,1969.3,1972,1908.2,1911.3
2016-09-12,1916,1924.2,1878,1916
2016-09-13,1915,1935.2,1885.2,1891
2016-09-14,1893.8,1917.2,1886.2,1901.7
2016-09-15,1902.3,1925.8,1887.7,1904
2016-09-16,1905,1908.7,1873.7,1884.5
2016-09-19,1888,1937,1884,1923.5
2016-09-20,1923,1936,1914.8,1930.7
2016-09-21,1931.8,1995.3,1911.7,1991.5
2016-09-22,1989.5,2014.2,1978.8,1995
2016-09-23,1997.3,2002,1966.8,1976
2016-09-26,1974,1982.2,1943,1951
2016-09-27,1951.7,1961,1905.7,1919.5
2016-09-28,1918,1927,1898,1925
2016-09-29,1929,1945.7,1905.7,1916
2016-09-30,1916.3,1976.7,1912.7,1922.7
2016-10-03,1924,1938,1875.2,1886.5
2016-10-04,1888,1894,1775.8,1783
2016-10-05,1780.7,1803.8,1758.7,1776
2016-10-06,1778,1787,1714.2,1734.8
2016-10-07,1734,1768,1714,1757.2
2016-10-10,1759.3,1783,1759.3,1766
2016-10-11,1766.3,1785,1746.8,1747.7
2016-10-12,1750.2,1764,1739,1750
2016-10-13,1752,1769.7,1743.8,1751
2016-10-14,1752.3,1760,1734,1742
2016-10-17,1744,1751.3,1736.2,1747
2016-10-18,1746.8,1772.5,1746,1763.3
2016-10-19,1763.5,1778.2,1757.8,1768.5
2016-10-20,1768.8,1774.2,1745,1753.8
2016-10-21,1753.2,1755.7,1739.8,1753.8
2016-10-24,1753,1788.8,1747.3,1759
2016-10-25,1761.7,1782,1751,1776
2016-10-26,1777,1786.7,1757,1762
2016-10-27,1763,1772.3,1754.7,1762
2016-10-28,1761,1791.3,1755.7,1776.7
2016-10-31,1782,1791.8,1775.8,1788.3
2016-11-01,1787.7,1850.2,1785.2,1838.3
2016-11-02,1837.7,1875,1836.2,1853.8
2016-11-03,1854.7,1865,1799.8,1835.8
2016-11-04,1838.3,1847.5,1818.8,1842.8
2016-11-07,1813,1828.8,1800.8,1818.5
2016-11-08,1821.2,1872.7,1817.2,1837
2016-11-09,1835.2,1900.5,1827.5,1847
2016-11-10,1844,1898.7,1838.8,1859.3
2016-11-11,1862,1883.7,1718,1733.2
2016-11-14,1737,1748.7,1663.8,1692
2016-11-15,1690,1713,1683,1707.2
2016-11-16,1706.8,1723.3,1685.8,1696
2016-11-17,1697,1708,1657.8,1665
2016-11-18,1666,1674.2,1643.8,1655
2016-11-21,1659,1675.2,1651,1657.8
2016-11-22,1658,1688,1652.7,1662.7
2016-11-23,1666,1672.3,1615.7,1634.8
2016-11-24,1637.7,1639,1621.8,1631
2016-11-25,1633,1657.8,1615.2,1651.7
2016-11-28,1684.8,1694.3,1655.7,1667.8
2016-11-29,1671,1677.7,1647.3,1667.8
2016-11-30,1668.8,1682.8,1646.8,1656.2
2016-12-01,1657,1673.7,1631.2,1656.8
2016-12-02,1659.3,1686.7,1638.3,1679.3
2016-12-05,1694.7,1704.7,1656.8,1680.3
2016-12-06,1679.7,1695.3,1675.2,1676.7
2016-12-07,1677.3,1730.3,1670.7,1719.3
2016-12-08,1721,1728.8,1702.7,1707.2
2016-12-09,1708.2,1718.2,1685.8,1693.8
2016-12-12,1693.2,1725.8,1673.7,1714.2
2016-12-13,1715.2,1722.7,1683.2,1696.2
2016-12-14,1697.3,1728.8,1680.3,1689.2
2016-12-15,1688.8,1699.5,1592.8,1601.3
2016-12-16,1603.2,1630.5,1598.2,1615.5
2016-12-19,1614.8,1625.8,1595.7,1601.3
2016-12-20,1601,1614.2,1568.3,1614.2
2016-12-21,1615.7,1623.7,1595.7,1597.5
2016-12-22,1599.2,1606.8,1581.7,1584.3
2016-12-23,1584.8,1589.8,1573.8,1577.7
2016-12-27,1582.8,1610.2,1575.8,1601.7
2016-12-28,1601.5,1611.7,1586.7,1606.8
2016-12-29,1608.5,1628.8,1604.3,1620.5
2016-12-30,1622.3,1632.2,1589.8,1596.3
2017-01-03,1598.5,1654.7,1593.8,1634.3
2017-01-04,1635.8,1656.8,1630.7,1646.5
2017-01-05,1649.8,1675.8,1646.8,1662.3
2017-01-06,1663.3,1670.7,1634.5,1652.3
2017-01-09,1651.3,1673.7,1645.7,1659.8
2017-01-10,1663.3,1694.7,1657.8,1682.8
2017-01-11,1683.7,1688.8,1656.2,1676.3
2017-01-12,1678.2,1702.3,1675.8,1679.7
2017-01-13,1678.8,1685.2,1661.7,1683.7
2017-01-16,1685.2,1694.7,1681.2,1682.5
2017-01-17,1684.3,1724.2,1682.2,1721.8
2017-01-18,1722.7,1735.8,1706.2,1707.8
2017-01-19,1708.2,1712.3,1674.8,1702.3
2017-01-20,1702.7,1717.8,1684.5,1709.5
2017-01-23,1712.7,1727.3,1707.8,1724.2
2017-01-24,1726.3,1730.3,1705.3,1712.3
2017-01-25,1712.7,1712.7,1678.2,1699.8
2017-01-26,1701,1704.3,1668.2,1680
2017-01-27,1680.7,1723.3,1663.8,1716.5
2017-01-30,1719,1729.3,1708.2,1712.7
2017-01-31,1713,1763,1710.2,1757.8
2017-02-01,1757,1763.8,1737,1755.3
2017-02-02,1756.2,1774.2,1741.8,1748.3
2017-02-03,1746,1754,1728.8,1751
2017-02-06,1752,1776,1746.2,1774.2
2017-02-07,1773.3,1779.3,1756.5,1771
2017-02-08,1770,1787,1763.8,1778.2
2017-02-09,1778,1784.3,1761.7,1764
2017-02-10,1763,1801,1755,1795.7
2017-02-13,1791.8,1801.3,1775.8,1780.7
2017-02-14,1782,1807.8,1774.8,1795.3
2017-02-15,1796,1798.3,1776,1797.7
2017-02-16,1799,1813.3,1793.8,1807
2017-02-17,1808,1808.7,1796.8,1797.7
2017-02-20,1799,1805.7,1791,1805
2017-02-21,1803,1806.8,1781.8,1795
2017-02-22,1796,1803.8,1791,1800.8
2017-02-23,1800.5,1820.7,1792.5,1816
2017-02-24,1816.3,1839.2,1814.8,1835.5
2017-02-27,1841,1854,1827.3,1830.3
2017-02-28,1831,1850.2,1828,1835.2
2017-03-01,1834.8,1850.8,1827.3,1846
2017-03-02,1845.7,1847.7,1771.2,1778.2
2017-03-03,1780,1801,1766,1799.8
2017-03-06,1797,1797.7,1773.7,1781.2
2017-03-07,1780.7,1781.8,1749.8,1752
2017-03-08,1752.3,1756.8,1724.2,1725.2
2017-03-09,1726.3,1730.7,1695.7,1698
2017-03-10,1698.3,1709.8,1686.2,1706
2017-03-13,1700.2,1715.7,1693,1694.7
2017-03-14,1695.7,1706.2,1687.7,1689.8
2017-03-15,1689.8,1736.7,1683.7,1732.8
2017-03-16,1733,1757,1725.8,1732.8
2017-03-17,1733,1742.8,1723.7,1741.5
2017-03-20,1741.8,1747.3,1736.2,1744.7
2017-03-21,1745.3,1762,1734,1757.2
2017-03-22,1757.8,1760.2,1746.5,1753.2
2017-03-23,1753,1769.7,1752.5,1759.3
2017-03-24,1758.7,1780,1754.7,1778
2017-03-27,1784,1814.2,1782.8,1812.7
2017-03-28,1812,1825.8,1802.7,1821
2017-03-29,1819.7,1827.3,1805.7,1826
2017-03-30,1824,1831.2,1807,1813.8
2017-03-31,1814,1828.5,1806.2,1826.7
2017-04-03,1827,1828.2,1809.8,1827
2017-04-04,1830,1842.8,1823.7,1832.2
2017-04-05,1831.8,1832.2,1815.7,1832
2017-04-06,1830.7,1835.2,1817,1827
2017-04-07,1824.2,1848.7,1793,1799.2
2017-04-10,1799,1801.7,1774,1793.8
2017-04-11,1795.7,1834.3,1791.3,1833
2017-04-12,1832.2,1852.7,1824.8,1849
2017-04-13,1848,1860.2,1842,1854
2017-04-17,1862,1865,1837,1841
2017-04-18,1842,1843,1809,1828
2017-04-19,1829,1832,1809,1813
2017-04-20,1814,1822,1786,1801
2017-04-21,1802,1802,1779,1790
2017-04-24,1781,1798.3,1771,1797.8
2017-04-25,1798.5,1804.7,1760.7,1764
2017-04-26,1764.1,1769.6,1737.3,1754.3
2017-04-27,1753.3,1753.7,1728.3,1729.6
2017-04-28,1731.4,1746.3,1721.4,1725.6
2017-05-01,1726.9,1731.1,1685.5,1688.7
2017-05-02,1691,1704.2,1683.3,1687.4
2017-05-03,1688.6,1692.6,1645,1651.8
2017-05-04,1652.2,1667.2,1625.5,1636.1
2017-05-05,1637.2,1656.2,1627.1,1638
2017-05-08,1636.3,1649.1,1627.3,1627.3
2017-05-09,1627.8,1635.6,1610.7,1622.4
2017-05-10,1623.4,1638.6,1619.1,1625
2017-05-11,1624.1,1643.6,1621.1,1633.5
2017-05-12,1634.2,1648.6,1631.7,1647
2017-05-15,1648.3,1681.4,1642.7,1662.8
2017-05-16,1664.7,1686.6,1662.7,1685.2
2017-05-17,1684.9,1703.6,1678.5,1694.2
2017-05-18,1692.2,1696,1649.4,1658.1
2017-05-19,1659.1,1688.1,1658,1687.7
2017-05-22,1687.8,1721.4,1685.7,1716.3
2017-05-23,1715.3,1731.1,1704.1,1706.9
2017-05-24,1705.8,1723.6,1690.8,1723.5
2017-05-25,1721.9,1726.7,1713.7,1716
2017-05-26,1715.4,1738.8,1711.6,1735.2
2017-05-29,1734.8,1744.9,1733,1740.5
2017-05-30,1743.2,1747.6,1723.2,1740.2
2017-05-31,1739.3,1743.2,1724,1733.5
2017-06-01,1733.1,1738.3,1702.6,1730.2
2017-06-02,1728.7,1758.8,1713.9,1755
2017-06-05,1755.4,1760.4,1745.9,1750.1
2017-06-06,1750.3,1770.1,1747.8,1766.5
2017-06-07,1766.7,1767.9,1747.6,1754.6
2017-06-08,1754.3,1763.9,1727,1739.1
2017-06-09,1741.9,1742.7,1713.6,1715.9
2017-06-12,1716.3,1719,1686.7,1691.2
2017-06-13,1691.5,1692.7,1668.6,1678.8
2017-06-14,1679.3,1727.2,1676.6,1685.4
2017-06-15,1685.9,1703.8,1662.8,1670
2017-06-16,1671.2,1678.4,1660.7,1664.9
2017-06-19,1665,1667.3,1644.7,1645.6
2017-06-20,1646.8,1660.5,1637,1642.6
2017-06-21,1642.7,1650,1632.7,1643.4
2017-06-22,1642,1664.5,1642,1651.9
2017-06-23,1653.5,1675.4,1653.2,1669.6
2017-06-26,1671,1672,1626.1,1656.7
2017-06-27,1656.6,1671.9,1650.1,1663.3
2017-06-28,1662.5,1682.8,1662.5,1677.2
2017-06-29,1677.5,1686.6,1657.3,1657.9
2017-06-30,1659.8,1666.6,1651.1,1658.7
2017-07-03,1660.1,1661.3,1606.8,1610.1
2017-07-04,1613,1616.8,1601.3,1604.5
2017-07-05,1604.3,1618.9,1586.1,1606.2
2017-07-06,1607.2,1608.4,1591.8,1603.2
2017-07-07,1602.7,1611.8,1466.8,1558.5
2017-07-10,1558.9,1571.5,1517.2,1564.6
2017-07-11,1565.3,1583.9,1544.2,1583.9
2017-07-12,1581,1599.5,1571,1588.7
2017-07-13,1587.5,1595.5,1566,1569.1
2017-07-14,1566,1607,1557.5,1593.3
2017-07-17,1599,1617,1593.5,1609.9
2017-07-18,1608,1631,1606,1626.8
2017-07-19,1626.5,1634.5,1612.5,1629.7
2017-07-20,1625,1639.5,1611,1634.5
2017-07-21,1628,1651,1628,1645.7
2017-07-24,1650,1657.5,1640.5,1644.3
2017-07-25,1646,1660.5,1622.5,1654.2
2017-07-26,1646.5,1668,1628,1645.9
2017-07-27,1664,1681,1654,1657.3
2017-07-28,1657.5,1675,1650.5,1669.5
2017-07-31,1674.5,1687,1666.5,1678.6
2017-08-01,1683.5,1684.5,1659,1676.4
2017-08-02,1669.5,1696,1645.5,1673.3
2017-08-03,1657,1668,1642,1663
2017-08-04,1670,1675,1617,1625.2
2017-08-07,1627,1628,1609.5,1625.1
2017-08-08,1624,1646,1620.5,1638.9
2017-08-09,1644,1694.5,1643,1686.3
2017-08-10,1694,1724,1685,1706.5
2017-08-11,1712.5,1719.5,1688,1707
2017-08-14,1713,1721.5,1692.5,1712.2
2017-08-15,1706,1706.5,1656,1671.4
2017-08-16,1664,1713,1661,1694
2017-08-17,1712,1717.5,1696.5,1705.3
2017-08-18,1703.5,1732,1685,1700
2017-08-21,1693.5,1712,1683,1701.5
2017-08-22,1700.5,1711.5,1687,1698.2
2017-08-23,1698,1710.5,1691,1704.6
2017-08-24,1708.5,1710,1681.5,1696.3
2017-08-25,1695.5,1718,1671.5,1704.9
2017-08-28,1705.5,1748,1702,1744.1
2017-08-29,1754,1766.5,1725.5,1742.6
2017-08-30,1739,1746,1728.5,1740.4
2017-08-31,1742,1760,1725.5,1748
2017-09-01,1756.5,1772,1743,1771.9
2017-09-05,1788,1809,1783.5,1794.1
2017-09-06,1798,1807,1788.5,1791
2017-09-07,1795,1822.5,1786.5,1811.6
2017-09-08,1820.5,1829,1796.5,1812.3
2017-09-11,1792,1799,1777,1790.2
2017-09-12,1788.5,1797.5,1778.5,1789
2017-09-13,1797,1812.5,1772.5,1786.7
2017-09-14,1784.5,1786.5,1766,1778.9
2017-09-15,1784.5,1791.5,1763,1770.1
2017-09-18,1765.5,1767.5,1711,1715.6
2017-09-19,1724.5,1737.5,1716,1727.9
2017-09-20,1734.5,1744.5,1701,1733.4
2017-09-21,1722.5,1722.5,1686.5,1701.8
2017-09-22,1703.5,1710,1694,1698.4
2017-09-25,1703,1722.5,1687,1714.7
2017-09-26,1720,1729.5,1681.5,1688.3
2017-09-27,1687,1694,1675,1682.7
2017-09-28,1678,1692.5,1670.5,1684.7
2017-09-29,1690,1690.5,1664,1667.6
2017-10-02,1667,1675,1656.5,1665.4
2017-10-03,1660.5,1669,1657,1665
2017-10-04,1666.5,1692,1655.5,1662.4
2017-10-05,1662,1677,1659,1663.8
2017-10-06,1661,1689,1634.5,1679
2017-10-09,1685,1703,1676.5,1697.1
2017-10-10,1699,1728,1696,1720.7
2017-10-11,1715,1726.5,1708.5,1713.3
2017-10-12,1719,1729,1713.5,1726.6
2017-10-13,1727.5,1745,1720,1741.1
2017-10-16,1742.5,1749.5,1713.5,1736.9
2017-10-17,1726,1728,1698.5,1704.1
2017-10-18,1704.5,1712,1692,1699.7
2017-10-19,1701.5,1731.5,1693,1725.5
2017-10-20,1727.5,1731.5,1694.5,1707.8
2017-10-23,1703.5,1713,1687,1707.5
2017-10-24,1710,1717,1689,1696.6
2017-10-25,1696,1705,1681,1692.5
2017-10-26,1696,1704.5,1675.5,1681.1
2017-10-27,1680,1687,1660,1675.2
2017-10-30,1685,1690,1669,1684.7
2017-10-31,1686.5,1691,1664.5,1669.3
2017-11-01,1671,1721,1667,1717.6
2017-11-02,1715,1725.5,1705,1713.7
2017-11-03,1712.5,1719.5,1677,1683.4
2017-11-06,1683.5,1727,1679.5,1723.5
2017-11-07,1723,1724,1692,1694
2017-11-08,1695,1726.5,1695,1713.8
2017-11-09,1706,1714.5,1691,1697.5
2017-11-10,1699.5,1709.5,1678.5,1687.1
2017-11-13,1686,1707,1682,1704.7
2017-11-14,1706,1709.5,1686,1707.3
2017-11-15,1702.5,1720.5,1694,1697.1
2017-11-16,1697.5,1712.5,1694.5,1707.2
2017-11-17,1708,1738.5,1702,1737.3
2017-11-20,1733.5,1733.5,1682,1684.2
2017-11-21,1690,1703.5,1688.5,1696
2017-11-22,1697,1716.4,1692.5,1715.4
2017-11-24,1712,1713.5,1694,1699.2
2017-11-27,1702,1717,1698,1702
2017-11-28,1702,1708,1672,1682.2
2017-11-29,1681,1686.5,1645,1645.7
2017-11-30,1648,1652,1626,1638.2
2017-12-01,1638.5,1648.5,1618.5,1629.7
2017-12-04,1637,1645.5,1626.5,1637.3
2017-12-05,1634,1638,1604,1606.8
2017-12-06,1613.5,1617,1593.5,1595.5
2017-12-07,1597,1600.5,1566,1580.2
2017-12-08,1574.5,1591,1572,1582.3
2017-12-11,1584.5,1590.5,1570,1578.5
2017-12-12,1573,1583,1563.5,1566.8
2017-12-13,1574,1618,1568.5,1586.9
2017-12-14,1610,1615,1585.5,1593.4
2017-12-15,1592,1612,1591.5,1606.3
2017-12-18,1608.5,1621.5,1605,1620.5
2017-12-19,1618,1626,1609.5,1615.3
2017-12-20,1617,1632,1615,1627.5
2017-12-21,1623.5,1630.5,1614,1623.9
2017-12-22,1618,1648.5,1616.5,1644.4
2017-12-26,1644.5,1664,1636.5,1660.4
2017-12-27,1661,1678.5,1655.5,1675.6
2017-12-28,1674.5,1693,1671,1692.3
2017-12-29,1690.5,1717.5,1686.5,1714.5
2018-01-02,1703.5,1725,1698.5,1720.6
2018-01-03,1722.5,1728.5,1706.5,1726.7
2018-01-04,1715.5,1732,1702.5,1726.9
2018-01-05,1726.5,1732.5,1713,1728.5
2018-01-08,1727,1730,1706.5,1714.4
2018-01-09,1716,1717,1694.5,1701
2018-01-10,1698.5,1722,1693,1703.5
2018-01-11,1700,1706.5,1688,1696.6
2018-01-12,1700,1730,1699.5,1714.1
2018-01-16,1723.5,1745,1680,1718.9
2018-01-17,1721,1731,1698,1716.6
2018-01-18,1699,1714,1691.5,1695.4
2018-01-19,1696,1713,1696,1703.6
2018-01-22,1704.5,1710.5,1694.5,1698.9
2018-01-23,1699,1709,1673.5,1691.3
2018-01-24,1704,1762.5,1698.5,1748.9
2018-01-25,1755.5,1770.5,1712.5,1761.5
2018-01-26,1729,1753,1723.5,1744.1
2018-01-29,1742,1747,1708.5,1712.7
2018-01-30,1714,1731,1704,1705.8
2018-01-31,1710.5,1737.5,1706.5,1724.1
2018-02-01,1729.5,1737.5,1707,1715.5
2018-02-02,1718,1722.5,1652,1670.9
2018-02-05,1661,1686.5,1651,1667.1
2018-02-06,1671,1695.5,1654,1658
2018-02-07,1659,1673,1621,1623.8
2018-02-08,1635,1642.5,1619,1634.1
2018-02-09,1634,1640.5,1613,1613.9
2018-02-12,1629.5,1658,1628,1657
2018-02-13,1651.5,1664.5,1641,1652.8
2018-02-14,1652.5,1690.5,1632.5,1687.8
2018-02-15,1683,1695,1660.5,1679.6
2018-02-16,1683.5,1691.5,1657.5,1671.2
2018-02-20,1660,1669,1638.5,1643.8
2018-02-21,1642,1674.5,1634,1661.7
2018-02-22,1647.5,1666.5,1636.5,1658.7
2018-02-23,1659,1660.5,1646.5,1648.4
2018-02-26,1647,1672,1643,1655
2018-02-27,1661,1665,1626,1634.6
2018-02-28,1633.5,1643,1628.5,1632.4
2018-03-01,1635,1646.5,1609,1620
2018-03-02,1649.5,1659.5,1640,1646.6
2018-03-05,1653,1662,1637,1641.2
2018-03-06,1642,1689.5,1641,1678.4
2018-03-07,1681,1689,1643.5,1649.4
2018-03-08,1650.5,1657.5,1643,1650
2018-03-09,1651,1671,1633,1660.8
2018-03-12,1660.5,1663.5,1643,1653.6
2018-03-13,1653.5,1669,1646.5,1662.7
2018-03-14,1659.5,1667,1651.5,1653.7
2018-03-15,1653,1658,1637,1642.2
2018-03-16,1638.5,1649.5,1620.5,1627.2
2018-03-19,1630.5,1634.5,1620,1632.5
2018-03-20,1631,1634,1610,1618.5
2018-03-21,1616.5,1666.5,1615.5,1641.9
2018-03-22,1656.5,1661,1633,1638.7
2018-03-23,1637.5,1667.5,1637.5,1658.2
2018-03-26,1656,1679.5,1652.5,1668.4
2018-03-27,1669,1681,1646.5,1654.1
2018-03-28,1651.5,1656,1622,1625.3
2018-03-29,1628,1634,1619.5,1626.8
2018-04-02,1630,1668,1630,1667.2
2018-04-03,1659,1660.5,1634,1639.2
2018-04-04,1640,1651.5,1622,1625.4
2018-04-05,1629,1639.5,1615,1635.5
2018-04-06,1635.5,1647.5,1624,1636.2
2018-04-09,1642,1654,1629.5,1652.9
2018-04-10,1648.5,1664,1641,1659.6
2018-04-11,1656,1689,1651.5,1676.8
2018-04-12,1666.5,1669,1643,1647.3
2018-04-13,1646,1669,1643,1665.8
2018-04-16,1665.5,1677,1654.5,1667.7
2018-04-17,1667,1680.5,1657.5,1678.7
2018-04-18,1678.5,1727.5,1673,1724.8
2018-04-19,1721.5,1736,1709,1723.9
2018-04-20,1723.5,1726,1704,1716.3
2018-04-23,1713.5,1713.5,1658,1658.7
2018-04-24,1662,1673.5,1653,1670.3
2018-04-25,1670,1671,1647.5,1650.2
2018-04-26,1654,1658,1638.5,1649.1
2018-04-27,1649,1653,1638.5,1640.6
2018-04-30,1647.5,1649,1614,1631.2
2018-05-01,1634.5,1637,1607,1612.7
2018-05-02,1619,1656.5,1617.5,1637.5
2018-05-03,1640.5,1662,1638.5,1644.7
2018-05-04,1645.5,1656,1639,1651.9
2018-05-07,1655,1660,1643,1649.5
2018-05-08,1650.5,1655,1633.5,1647.2
2018-05-09,1651,1665.5,1637.5,1653.9
2018-05-10,1652,1679,1650,1675.9
2018-05-11,1676,1686.5,1667,1675.2
2018-05-14,1670,1676,1651.5,1664.5
2018-05-15,1654,1656.5,1620.5,1626.9
2018-05-16,1628.5,1643.5,1619,1637.1
2018-05-17,1638.5,1650.5,1633.5,1648.1
2018-05-18,1644,1648.5,1637,1645.5
2018-05-21,1643,1653.5,1628,1652
2018-05-22,1653,1670,1646.5,1657.5
2018-05-23,1655.5,1660,1633,1640.5
2018-05-24,1647.5,1671.5,1642,1668.7
2018-05-25,1669,1674,1650,1654.6
2018-05-29,1653,1653,1631,1637.3
2018-05-30,1637.5,1658,1632.5,1654.4
2018-05-31,1652.5,1661.5,1641,1645.8
2018-06-01,1643,1651.5,1633.5,1644.1
2018-06-04,1642,1656,1638,1643.1
2018-06-05,1644,1655,1637,1654.3
2018-06-06,1650.5,1676.5,1650.5,1669.4
2018-06-07,1671,1693.5,1667,1681.5
2018-06-08,1674.5,1686,1664.5,1674.1
2018-06-11,1680.5,1697.5,1677,1695.2
2018-06-12,1696,1698,1677.5,1689.1
2018-06-13,1687.5,1714.5,1682.5,1699.1
2018-06-14,1707.5,1735,1696.5,1726.2
2018-06-15,1719.5,1727.5,1646,1648
2018-06-18,1655,1663.5,1642.5,1644
2018-06-19,1647,1655,1624,1632.3
2018-06-20,1630.5,1637,1625,1630.9
2018-06-21,1629,1636,1619,1632.6
2018-06-22,1631,1648.5,1631,1645.9
2018-06-25,1644.5,1648.5,1629,1632.8
2018-06-26,1632,1635,1614,1625
2018-06-27,1628,1629.5,1594.5,1615.1
2018-06-28,1603.5,1609.5,1588,1595.1
2018-06-29,1596.5,1612,1591,1610.4
2018-07-02,1614.5,1618,1580,1583.5
2018-07-03,1588,1608.5,1581.5,1604.3
2018-07-05,1606,1619.5,1597,1609.7
2018-07-06,1606.5,1619,1598.5,1606.9
2018-07-09,1606.5,1626,1605.5,1613.9
2018-07-10,1615,1620,1592,1608.7
2018-07-11,1610.5,1611,1580.5,1581.7
2018-07-12,1582.5,1602.5,1578,1597.7
2018-07-13,1598,1601.5,1570,1581.5
2018-07-16,1580.5,1590,1576.5,1581.2
2018-07-17,1580,1588.5,1556,1561.7
2018-07-18,1558.5,1562.5,1541,1557.4
2018-07-19,1556.5,1559,1518.5,1540.2
2018-07-20,1533,1556.5,1525,1554.9
2018-07-23,1554,1558,1535,1542.5
2018-07-24,1539.5,1563,1534,1552
2018-07-25,1548,1565.5,1547,1558.9
2018-07-26,1562,1570,1539,1549.5
2018-07-27,1540,1557,1534.5,1549.3
2018-07-30,1546,1556.5,1541.5,1553.7
2018-07-31,1551,1563.5,1538,1555.9
2018-08-01,1553.5,1556,1539,1545.2
2018-08-02,1540.5,1549,1530,1538.5
2018-08-03,1531,1557.5,1525,1546.2
2018-08-06,1544.5,1550.5,1529,1534.8
2018-08-07,1530.5,1550.5,1530.5,1537.3
2018-08-08,1538,1547,1529,1543.2
2018-08-09,1544,1552.5,1538,1546.2
2018-08-10,1546,1546.5,1529,1529.5
2018-08-13,1530,1534.5,1497,1498.2
2018-08-14,1498,1510.5,1497.5,1505.3
2018-08-15,1506,1507,1434.5,1445.4
2018-08-16,1445.5,1482.5,1431.5,1471.3
2018-08-17,1463.5,1480,1457.5,1463.1
2018-08-20,1472.5,1483,1462.5,1467
2018-08-21,1473.5,1483,1470,1476.6
2018-08-22,1477,1487.5,1467,1475
2018-08-23,1475,1475,1445,1454.2
2018-08-24,1446.5,1485.5,1445,1479.4
2018-08-27,1482,1488.5,1471.5,1485.9
2018-08-28,1486,1495,1460.5,1477.4
2018-08-29,1465,1472.5,1458.5,1469.7
2018-08-30,1468.5,1471,1443,1447.7
2018-08-31,1459.5,1476,1452.5,1455.7
2018-09-04,1457.5,1459,1403.5,1418
2018-09-05,1419,1426.5,1412.5,1422
2018-09-06,1422,1434,1413,1418.1
2018-09-07,1419,1429,1410.5,1417
2018-09-10,1416,1428.5,1411,1418.1
2018-09-11,1420,1426.5,1396.5,1415.3
2018-09-12,1416,1431.5,1410.5,1429.3
2018-09-13,1429.5,1439,1419,1424.4
2018-09-14,1421.5,1431.5,1407,1414.2
2018-09-17,1409.5,1428.5,1406.5,1422.3
2018-09-18,1423,1426.5,1410.5,1418.5
2018-09-19,1418.5,1437.5,1417.5,1428
2018-09-20,1428.5,1438.5,1421,1430.5
2018-09-21,1435,1446.5,1418,1435.9
2018-09-24,1432.5,1442,1422,1434.1
2018-09-25,1429.5,1459.5,1425,1449.3
2018-09-26,1450,1454.5,1434,1440.1
2018-09-27,1437.5,1448,1419.5,1429
2018-09-28,1427,1475.5,1425.5,1471.2
2018-10-01,1472.5,1472.5,1439.5,1450.7
2018-10-02,1453.5,1495,1447,1469.3
2018-10-03,1473,1485.5,1465,1467
2018-10-04,1466.5,1480.5,1456,1459
2018-10-05,1462,1475,1454,1464.9
2018-10-08,1466.5,1470,1428.5,1432.9
2018-10-09,1442,1447,1428.5,1440
2018-10-10,1442,1445.5,1425.5,1432.6
2018-10-11,1433.5,1465,1427.5,1460.6
2018-10-12,1462,1473.5,1454,1463.5
2018-10-15,1462.5,1480.5,1461.5,1472.7
2018-10-16,1472.5,1488,1464,1470.1
2018-10-17,1467.5,1476,1461.5,1466.3
2018-10-18,1462.5,1468,1447,1460.4
2018-10-19,1460,1474,1458,1465
2018-10-22,1465,1471.5,1454,1458.7
2018-10-23,1458.5,1484,1454,1479.3
2018-10-24,1477.5,1483,1466,1467.6
2018-10-25,1472,1480,1461,1463
2018-10-26,1466,1479.5,1459.5,1470
2018-10-29,1472,1478,1440.5,1444.2
2018-10-30,1447,1453,1437.5,1446.2
2018-10-31,1448,1449,1424,1428.2
2018-11-01,1426,1483,1425.5,1477.7
2018-11-02,1478,1492,1465.5,1475.6
2018-11-05,1474,1477.5,1459.5,1464.7
2018-11-06,1466,1471.5,1448,1450
2018-11-07,1454,1473,1447.5,1456.9
2018-11-08,1457,1457.5,1436.5,1442.3
2018-11-09,1442,1442.5,1408,1414
2018-11-12,1415,1418,1395.5,1401.1
2018-11-13,1397.5,1410.5,1392,1397.7
2018-11-14,1397,1417,1386,1408
2018-11-15,1410,1432.5,1407,1426.3
2018-11-16,1427,1440,1421.5,1438.2
2018-11-19,1440,1442,1432.5,1440.3
2018-11-20,1441,1447.5,1420.5,1426.9
2018-11-21,1432.5,1454,1426,1450.2
2018-11-23,1449,1452,1416.5,1424.3
2018-11-26,1442,1454.5,1432,1434.3
2018-11-27,1433.5,1440.5,1418.5,1422.1
2018-11-28,1424,1449,1420.5,1445.5
2018-11-29,1442,1447,1434,1440.2
2018-11-30,1437.5,1441,1411.5,1421.7
2018-12-03,1433.5,1464.5,1428,1449.9
2018-12-04,1450,1474.5,1446,1464
2018-12-05,1460.5,1462,1449,1458.2
2018-12-06,1458.5,1459,1441.5,1450.9
2018-12-07,1455,1473.5,1451,1469.6
2018-12-10,1473.5,1473.5,1456.5,1460.5
2018-12-11,1463,1482,1460.5,1462.8
2018-12-12,1465,1489.5,1463,1485.1
2018-12-13,1486,1490,1476.5,1485.5
2018-12-14,1483,1485,1456,1463.7
2018-12-17,1465.5,1477.5,1462,1475.9
2018-12-18,1473.5,1479,1468,1470.1
2018-12-19,1470.5,1490,1461.5,1481.8
2018-12-20,1468,1491.5,1462,1486.9
2018-12-21,1484,1486,1466.5,1470.2
2018-12-24,1473.5,1487.5,1471.5,1482
2018-12-26,1487.5,1525,1478,1512.3
2018-12-27,1511.5,1533.5,1500.5,1531
2018-12-28,1529.5,1546,1528.5,1543.6
2018-12-31,1546,1557.5,1539,1554
2019-01-02,1555,1568,1538.5,1564.9
2019-01-03,1563,1581.5,1555,1579.7
2019-01-04,1580.5,1595.5,1564.5,1578.6
2019-01-07,1580,1588,1568,1575.6
2019-01-08,1572.5,1574.5,1556,1571.3
2019-01-09,1571.5,1582.5,1563,1573.5
2019-01-10,1580,1583,1558.5,1564.3
2019-01-11,1562.5,1578,1559,1565.6
2019-01-14,1564,1570,1558.5,1568.6
2019-01-15,1569,1573.5,1557.5,1562
2019-01-16,1562,1568.5,1552,1563.8
2019-01-17,1562.5,1564.5,1548,1553.6
2019-01-18,1558.5,1560.5,1535,1539.9
2019-01-22,1537.5,1538.5,1519.5,1532.5
2019-01-23,1534.5,1544.5,1527.5,1538
2019-01-24,1537,1540.5,1524.5,1530
2019-01-25,1532,1576.5,1530,1569.9
2019-01-28,1575.5,1583,1561,1576.5
2019-01-29,1575.5,1592.5,1572.5,1583.9
2019-01-30,1584.5,1612,1582.5,1592.7
2019-01-31,1610.5,1620,1600.5,1607.2
2019-02-01,1606,1608,1590,1593.1
2019-02-04,1592,1593.5,1568.5,1588.6
2019-02-05,1588,1593,1581.5,1583.6
2019-02-06,1584,1587,1564,1570.1
2019-02-07,1566,1575,1563.5,1571.3
2019-02-08,1574,1586,1565,1580.9
2019-02-11,1580.5,1583,1565.5,1569
2019-02-12,1570,1582,1565,1569
2019-02-13,1568.5,1580,1552,1565.2
2019-02-14,1555.5,1565,1544.5,1552.8
2019-02-15,1559,1577.5,1552.5,1574.3
2019-02-19,1576,1598,1571.5,1596.7
2019-02-20,1596,1619.5,1593.5,1617.7
2019-02-21,1602.5,1608,1575,1580.1
2019-02-22,1577,1593.5,1576,1591.4
2019-02-25,1588.5,1596,1580.5,1583
2019-02-26,1584.5,1589,1574,1583.2
2019-02-27,1589,1592,1564.5,1567.2
2019-02-28,1567.5,1576.5,1552,1553.8
2019-03-01,1555.5,1557.5,1508,1516.9
2019-03-04,1522.5,1529.5,1507.5,1510.5
2019-03-05,1511.5,1517.5,1506,1510.5
2019-03-06,1515,1517.5,1505.5,1508.5
2019-03-07,1510,1513,1498.5,1504
2019-03-08,1505.5,1538.5,1501.5,1534.9
2019-03-11,1532,1536.5,1522.5,1527.4
2019-03-12,1533,1549,1531,1541.3
2019-03-13,1544,1555,1543.5,1545.6
2019-03-14,1545.5,1547,1513.5,1517.1
2019-03-15,1518.5,1539,1516.5,1532.4
2019-03-18,1531.5,1542.5,1522,1532.2
2019-03-19,1534.5,1545,1532,1537.2
2019-03-20,1536,1556.5,1526.5,1531.8
2019-03-21,1548.5,1565,1538,1543.7
2019-03-22,1547.5,1555,1536.5,1540.7
2019-03-25,1540.5,1559,1538.5,1556.7
2019-03-26,1554.5,1556,1539,1542.9
2019-03-27,1542.5,1547.5,1525.5,1529.8
2019-03-28,1528.5,1531.5,1495.5,1497.3
2019-03-29,1499,1518,1495,1511
2019-04-01,1509.5,1519,1503,1509.9
2019-04-02,1508.5,1509,1490.5,1506.1
2019-04-03,1509,1516,1500,1510.2
2019-04-04,1509,1515,1486,1508.4
2019-04-05,1511.5,1518,1504,1508.6
2019-04-08,1507.5,1527.5,1507.5,1521.6
2019-04-09,1522,1531,1518,1521.1
2019-04-10,1518.5,1526.5,1511.5,1524.4
2019-04-11,1519,1521.5,1484.5,1486.7
2019-04-12,1492,1506.5,1490,1496.3
2019-04-15,1493,1499,1479.5,1497.5
2019-04-16,1493.5,1497.5,1483,1491.5
2019-04-17,1495.5,1505.5,1488,1493.9
2019-04-18,1494,1499,1489.5,1495.5
2019-04-22,1497,1504,1494.5,1497.5
2019-04-23,1497,1499.5,1470,1479.1
2019-04-24,1479,1496,1474,1491.6
2019-04-25,1491,1497.5,1481.5,1487.9
2019-04-26,1489,1504,1484.5,1500.5
2019-04-29,1511.5,1511.5,1490.5,1493.3
2019-04-30,1494,1504,1483.5,1498.4
2019-05-01,1497.5,1498.5,1462,1472.9
2019-05-02,1469,1473.5,1457,1461.7
2019-05-03,1462,1499.5,1460,1497.8
2019-05-06,1496,1499,1477,1492.7
2019-05-07,1491,1495.5,1481,1492.6
2019-05-08,1492,1499,1483.5,1486.2
2019-05-09,1484.5,1487.5,1470.5,1477.3
2019-05-10,1475,1485,1474,1479
2019-05-13,1477.5,1481.5,1461.5,1477.7
2019-05-14,1478,1486.5,1474.5,1481.2
2019-05-15,1480,1486.5,1476.5,1481.2
2019-05-16,1479,1482.5,1451.5,1453.9
2019-05-17,1454.5,1455.5,1438,1438.8
2019-05-20,1439.5,1446,1435.5,1444.5
2019-05-21,1443.5,1446,1435,1441
2019-05-22,1442,1448,1437,1444.9
2019-05-23,1442,1463.5,1440,1461.3
2019-05-24,1457.5,1459.5,1452,1455.5
2019-05-28,1454.5,1461,1426.5,1432
2019-05-29,1432.5,1445,1432,1441.1
2019-05-30,1439,1455.5,1434,1449.1
2019-05-31,1449,1467,1446,1456.7
2019-06-03,1457.5,1482.5,1456.5,1474
2019-06-04,1478,1485,1464.5,1476.9
2019-06-05,1481.5,1504,1475.5,1479.1
2019-06-06,1479.5,1499.5,1473,1490.5
2019-06-07,1489,1515,1484,1503.1
2019-06-10,1500.5,1501,1462.5,1463.9
2019-06-11,1468.5,1478.5,1463,1474
2019-06-12,1472.5,1486,1471,1475.3
2019-06-13,1476,1492.5,1472,1489.2
2019-06-14,1489,1512,1477.5,1480.3
2019-06-17,1484,1489,1475.5,1482.9
2019-06-18,1483,1508,1480,1499.3
2019-06-19,1499.5,1517,1490.5,1495.8
2019-06-20,1517,1552,1512,1549.2
2019-06-21,1546.5,1555.5,1515.5,1529
2019-06-24,1535.5,1545.5,1528.5,1537.7
2019-06-25,1544,1550.5,1525.5,1530
2019-06-26,1534.5,1535.5,1516,1529.4
2019-06-27,1534,1535.5,1520.5,1529.4
2019-06-28,1530,1538.5,1524.5,1534.1
2019-07-01,1531.5,1534.5,1515.5,1519.3
2019-07-02,1516,1536.5,1507,1523.8
2019-07-03,1537,1551,1524,1533.6
2019-07-05,1534.5,1537,1491.5,1500.1
2019-07-08,1505,1515,1498.5,1505
2019-07-09,1503.5,1515.5,1496.5,1514.7
2019-07-10,1513.5,1531.5,1507,1522.6
2019-07-11,1526.5,1534.5,1512,1514.6
2019-07-12,1513.5,1527,1507,1523.6
2019-07-15,1524,1543,1518.5,1536.5
2019-07-16,1541.5,1573.5,1534,1567.8
2019-07-17,1558.5,1603,1555.5,1597.1
2019-07-18,1600.5,1638.5,1596,1619.8
2019-07-19,1638.5,1662.5,1608,1619.5
2019-07-22,1625.5,1645.5,1619.5,1641.1
2019-07-23,1638,1657.5,1620.5,1647.6
2019-07-24,1643.5,1668,1635,1662.6
2019-07-25,1662,1668.5,1634.5,1641.1
2019-07-26,1645.5,1655,1635.5,1639.7
2019-07-29,1642,1650,1636,1644
2019-07-30,1650,1664,1642.5,1655.8
2019-07-31,1658.5,1660,1621.5,1640.5
2019-08-01,1628,1640.5,1593.5,1618
2019-08-02,1635.5,1638.5,1603,1627
2019-08-05,1626,1659,1613.5,1639.3
2019-08-06,1644,1653,1636.5,1644.5
2019-08-07,1645,1726,1645,1719.6
2019-08-08,1710,1722.5,1681,1693.6
2019-08-09,1694,1714,1686,1693.1
2019-08-12,1696.5,1715,1680,1707.1
2019-08-13,1706,1749,1651,1698.5
2019-08-14,1695,1730.5,1685.5,1728
2019-08-15,1719,1737,1707.5,1721.4
2019-08-16,1725,1731.5,1703,1712.2
2019-08-19,1712.5,1717.5,1682,1694
2019-08-20,1687,1717,1683,1714.8
2019-08-21,1712.5,1718,1697.5,1715.1
2019-08-22,1711.5,1713,1691.5,1704
2019-08-23,1703,1746.5,1696,1741.3
2019-08-26,1765,1790,1764,1778.5
2019-08-27,1778,1833,1775.5,1829.8
2019-08-28,1829.5,1862,1817,1845.6
2019-08-29,1845,1876,1815,1832.3
2019-08-30,1836.5,1857.5,1816.5,1834.2
2019-09-03,1852,1939.5,1836.5,1923.7
2019-09-04,1935,1975,1928,1954.7
2019-09-05,1964.5,1967.5,1857,1880.7
2019-09-06,1871.5,1889,1804.5,1811.9
2019-09-09,1821.5,1840,1801.5,1816.7
2019-09-10,1809,1826.5,1785.5,1818.6
2019-09-11,1809.5,1833.5,1797,1817
2019-09-12,1820,1855.5,1808.5,1817.7
2019-09-13,1815.5,1826.5,1747,1756.9
2019-09-16,1775.5,1807.5,1769,1802.6
2019-09-17,1792.5,1817,1782,1814
2019-09-18,1809.5,1812,1758,1791.9
2019-09-19,1784.5,1801.5,1765.5,1788.4
2019-09-20,1787,1806,1781,1784.9
2019-09-23,1803,1878,1799,1871.1
2019-09-24,1865.5,1881,1831.5,1862.8
2019-09-25,1868,1875,1787.5,1807.3
2019-09-26,1799,1811,1778.5,1791.2
2019-09-27,1788.5,1796,1734.5,1765.2
2019-09-30,1759,1766,1698,1699.8
2019-10-01,1704.5,1737.5,1694,1730.2
2019-10-02,1731,1773,1724,1768.3
2019-10-03,1763,1784.5,1751.5,1767.6
2019-10-04,1763,1774.5,1733,1762.5
2019-10-07,1766.5,1770,1743.5,1754
2019-10-08,1749,1786,1730.5,1770
2019-10-09,1777.5,1800,1772,1781
2019-10-10,1780,1793.5,1745.5,1760.2
2019-10-11,1754,1778.5,1737,1754.4
2019-10-14,1759,1773.5,1745.5,1771
2019-10-15,1769.5,1776.5,1737,1738.4
2019-10-16,1743,1749,1718,1742.7
2019-10-17,1741.5,1766.5,1733,1761.2
2019-10-18,1757,1762,1742,1757.8
2019-10-21,1761.5,1789.5,1753,1760.2
2019-10-22,1758,1768,1744,1750
2019-10-23,1755,1763,1751.5,1758
2019-10-24,1757.5,1786,1748.5,1780.4
2019-10-25,1783.5,1835,1780,1792.6
2019-10-28,1806.5,1814.5,1778.5,1787.6
2019-10-29,1787,1790.5,1760.5,1783.1
2019-10-30,1782,1796.5,1759,1786.7
2019-10-31,1789.5,1818.5,1779.5,1806.7
2019-11-01,1812,1816,1793.5,1805.2
2019-11-04,1812.5,1823,1796,1806.6
2019-11-05,1806,1808.5,1752,1756.8
2019-11-06,1755.5,1763,1736,1759.8
2019-11-07,1760.5,1764.5,1691,1701
2019-11-08,1707,1709.5,1666,1682.3
2019-11-11,1675.5,1691,1663,1680.2
2019-11-12,1678.5,1687.5,1661.5,1669.2
2019-11-13,1672,1700,1672,1691.3
2019-11-14,1693,1708,1684.5,1702.8
2019-11-15,1700,1701,1678,1694.8
2019-11-18,1695,1703,1670.5,1700
2019-11-19,1700.5,1716,1693.5,1711.8
2019-11-20,1711.5,1718.5,1700,1711.5
2019-11-21,1714.5,1717,1701,1706.5
2019-11-22,1707.5,1721,1695,1700
2019-11-25,1710,1711.5,1696.5,1703
2019-11-26,1682,1722.5,1682,1718.8
2019-11-27,1719,1720,1702.5,1705.5
2019-11-29,1706,1712.5,1693.5,1710.6
2019-12-02,1707,1710,1689.5,1696.6
2019-12-03,1698,1728.5,1694.5,1724.8
2019-12-04,1725,1741.5,1686.5,1691.6
2019-12-05,1692,1707.5,1687,1705.9
2019-12-06,1702,1712.5,1657.5,1659.6
2019-12-09,1660,1673,1656.5,1664.2
2019-12-10,1665.5,1677,1662.5,1670.2
2019-12-11,1671,1702.5,1665,1684.9
2019-12-12,1693,1718.5,1682,1694.9
2019-12-13,1697,1709.5,1689.5,1701.2
2019-12-16,1700.5,1714,1695.5,1711.3
2019-12-17,1710.5,1717,1701.5,1707.2
2019-12-18,1706,1712.5,1693.5,1704.9
2019-12-19,1706.5,1718,1695,1715.4
2019-12-20,1711.5,1731.5,1708,1722.4
2019-12-23,1723,1752,1723,1749.9
2019-12-24,1751.5,1786.5,1742.5,1785.3
2019-12-26,1783,1813.5,1781,1799
2019-12-27,1799.5,1805,1781.5,1794.3
2019-12-30,1786,1802,1783,1800.1
2019-12-31,1797,1820,1787,1792.1
2020-01-02,1790.5,1815,1783,1804.6
2020-01-03,1807,1832.5,1804,1815.1
2020-01-06,1817,1855,1804.5,1817.9
2020-01-07,1818.5,1847,1797.5,1839.3
2020-01-08,1845,1889.5,1808.5,1816.7
2020-01-09,1812,1822.5,1781.5,1793.6
2020-01-10,1792,1817.5,1786,1810.5
2020-01-13,1813,1813,1793.5,1799.6
2020-01-14,1797.5,1798.5,1769,1774.2
2020-01-15,1780,1805.5,1775.5,1798.8
2020-01-16,1801,1805.5,1787.5,1793.9
2020-01-17,1795,1818.5,1790.5,1807.3
2020-01-21,1804,1815.5,1762,1780.8
2020-01-22,1778.5,1793,1767.5,1782.8
2020-01-23,1783.5,1791,1759,1782.9
2020-01-24,1780,1814.5,1774,1811.3
2020-01-27,1826,1837.5,1804,1805.6
2020-01-28,1809.5,1811.5,1742,1745.8
2020-01-29,1744,1757.5,1728,1748.7
2020-01-30,1754,1804,1752,1799.2
2020-01-31,1782.5,1809,1776,1801.2
2020-02-03,1810,1812.5,1758,1767
2020-02-04,1765,1777,1751,1756.1
2020-02-05,1756.5,1771,1746.5,1760.2
2020-02-06,1761,1787.5,1757.5,1781.8
2020-02-07,1781,1785.5,1760.5,1769.2
2020-02-10,1770.5,1782.5,1766.5,1778.5
2020-02-11,1775.5,1780,1755,1759.7
2020-02-12,1762,1765,1743.5,1749.7
2020-02-13,1745.5,1771.5,1744,1761.9
2020-02-14,1762.5,1779,1759.5,1773.4
2020-02-18,1772.5,1821.5,1767,1815
2020-02-19,1815.5,1845,1813.5,1831.1
2020-02-20,1842.5,1844,1820.5,1831.9
2020-02-21,1836,1862.5,1833.5,1853
2020-02-24,1865,1892,1851,1887.6
2020-02-25,1862.5,1864,1782,1819.1
2020-02-26,1796.5,1817,1774.5,1783.4
2020-02-27,1786.5,1808,1756.5,1765.8
2020-02-28,1769,1780.5,1634,1638.7
2020-03-02,1650,1706,1644.5,1673.9
2020-03-03,1666.5,1748,1666.5,1718.8
2020-03-04,1720.5,1733.5,1707.5,1724.6
2020-03-05,1723,1746.5,1715,1739.3
2020-03-06,1745,1757.5,1701.5,1726.3
2020-03-09,1749,1761.5,1655,1705.4
2020-03-10,1702,1720,1679,1695.5
2020-03-11,1687.5,1711,1666,1677.6
2020-03-12,1672,1691,1550.5,1600.5
2020-03-13,1582.5,1589,1442.5,1450
2020-03-16,1510,1524.5,1177,1281.6
2020-03-17,1286,1323,1211,1249.5
2020-03-18,1261,1290.5,1164,1177.2
2020-03-19,1197.5,1233,1176,1213.4
2020-03-20,1212.5,1309.5,1200.5,1238.5
2020-03-23,1261.5,1333,1229,1326.1
2020-03-24,1332,1443.5,1322,1425.7
2020-03-25,1441.5,1493,1420.5,1487.3
2020-03-26,1477,1498,1440,1467.6
2020-03-27,1466,1484,1434.5,1453.4
2020-03-30,1470,1471,1394.5,1413.2
2020-03-31,1420.5,1450,1405.5,1415.6
2020-04-01,1414.5,1426.5,1389.5,1398.4
2020-04-02,1405.5,1472,1399,1465.4
2020-04-03,1463,1475,1444,1449.4
2020-04-06,1454,1540.5,1435.5,1516.9
2020-04-07,1528,1593,1520.5,1548
2020-04-08,1530.5,1544.5,1511,1520.5
2020-04-09,1521.5,1609,1517.5,1605.3
2020-04-13,1587.5,1597.5,1538.5,1553.7
2020-04-14,1565.5,1630,1565.5,1613
2020-04-15,1606,1608,1548,1550.5
2020-04-16,1565,1591.5,1543,1562.2
2020-04-17,1575,1580,1519.5,1529.5
2020-04-20,1528.5,1569,1521.5,1561.4
2020-04-21,1553.5,1556,1456,1487.6
2020-04-22,1496,1536.5,1477.5,1533.5
2020-04-23,1528,1572,1520.5,1535.7
2020-04-24,1537.5,1555,1509,1526.3
2020-04-27,1532,1544.5,1510.5,1521
2020-04-28,1529.5,1533,1494,1517.1
2020-04-29,1521.5,1547,1512.5,1516
2020-04-30,1540,1577.5,1479.5,1489.8
2020-05-01,1500.5,1504.5,1482,1486.3
2020-05-04,1507.5,1522.5,1476,1479.6
2020-05-05,1484.5,1520,1476,1511
2020-05-06,1511.5,1539,1484,1501.5
2020-05-07,1492,1569.5,1492,1559
2020-05-08,1562.5,1598,1550.5,1577.8
2020-05-11,1575.5,1592,1551,1568
2020-05-12,1570,1588,1552.5,1570.9
2020-05-13,1562.5,1591,1554.5,1567.1
2020-05-14,1575.5,1622.5,1566,1615.6
2020-05-15,1618.5,1715,1615.5,1707
2020-05-18,1722.5,1798.5,1712.5,1746.8
2020-05-19,1737,1801,1734,1790.1
2020-05-20,1787.5,1816.5,1775.5,1803.1
2020-05-21,1805.5,1806,1726,1736.4
2020-05-22,1743.5,1777,1719,1769.3
2020-05-26,1769,1804,1737,1759.5
2020-05-27,1756,1786,1722.5,1775.7
2020-05-28,1780,1811,1768.5,1796.7
2020-05-29,1792,1855,1781,1849.9
2020-06-01,1863.5,1895,1845.5,1882.7
2020-06-02,1885,1890,1811.5,1826
2020-06-03,1839.5,1840.5,1767.5,1795.8
2020-06-04,1796.5,1813,1778.5,1806.1
2020-06-05,1802,1805,1737.5,1747.9
2020-06-08,1754.5,1798,1749.5,1789.3
2020-06-09,1794.5,1799,1768.5,1779.4
2020-06-10,1774,1840.5,1768.5,1779.6
2020-06-11,1833.5,1839,1760,1788.9
2020-06-12,1775.5,1787,1747,1748.2
2020-06-15,1756,1763,1701.5,1739.9
2020-06-16,1752,1779,1746.5,1765.2
2020-06-17,1763,1781.5,1751.5,1777.5
2020-06-18,1770.5,1792,1740,1750.8
2020-06-19,1749,1803,1747,1784.7
2020-06-22,1792,1819,1778.5,1790.2
2020-06-23,1780.5,1814,1773,1806.3
2020-06-24,1810,1825.5,1742.5,1767
2020-06-25,1757.5,1794,1750,1789.5
2020-06-26,1792.5,1812.5,1756,1803.5
2020-06-29,1811,1828.5,1793.5,1806.4
2020-06-30,1809.5,1865.5,1802,1863.7
2020-07-01,1858,1885,1809.5,1821.8
2020-07-02,1828.5,1840,1799.5,1832.2
2020-07-06,1833.5,1878,1822,1858.2
2020-07-07,1858.5,1872,1823.5,1869.9
2020-07-08,1862.5,1921.5,1858.5,1916.1
2020-07-09,1915,1944.5,1883,1896.2
2020-07-10,1902.5,1919.5,1891,1905.3
2020-07-13,1908,1981,1908,1978.8
2020-07-14,1945.5,1968.5,1924,1953
2020-07-15,1964.5,1984.5,1952.5,1976.1
2020-07-16,1982,1987,1947.5,1957.3
2020-07-17,1953.5,1979,1935.5,1976.4
2020-07-20,1976.5,2034,1965.5,2019.2
2020-07-21,2034,2172.5,2031.5,2155.7
2020-07-22,2170,2342,2168,2314.4
2020-07-23,2340.5,2367,2247.5,2298.8
2020-07-24,2283.5,2318.5,2258,2285
2020-07-27,2297,2482,2294,2450.1
2020-07-28,2470,2627.5,2246,2430
2020-07-29,2458,2512,2343.5,2432.1
2020-07-30,2445,2458,2300,2336.2
2020-07-31,2362.5,2467,2341,2421.6
2020-08-03,2468,2527.5,2416,2441.7
2020-08-04,2449,2626,2424,2602.8
2020-08-05,2629,2725,2564,2689
2020-08-06,2710.5,2920,2693.5,2840
2020-08-07,2902.5,2991.5,2743,2754
2020-08-10,2852.5,2953,2796,2926.1
2020-08-11,2923.5,2944,2448,2604.9
2020-08-12,2490,2635.5,2358,2597.9
2020-08-13,2563,2785.5,2535.5,2771.8
2020-08-14,2762,2788.5,2578,2608.9
2020-08-17,2667,2771,2591.5,2766.7
2020-08-18,2762,2860.5,2719,2807.5
2020-08-19,2785.5,2813,2653,2734
2020-08-20,2677,2763,2665,2714.7
2020-08-21,2737.5,2763.5,2609.5,2673.2
2020-08-24,2689,2734,2633,2660.7
2020-08-25,2665.5,2685.5,2613,2627.3
2020-08-26,2661,2766.5,2615.5,2744.9
2020-08-27,2764.5,2803.5,2656.5,2702.5
2020-08-28,2712,2782.5,2689,2761
2020-08-31,2783,2865,2779,2859.4
2020-09-01,2843,2923.5,2783.5,2864.5
2020-09-02,2838.5,2854,2727.5,2739.5
2020-09-03,2763.5,2789,2663,2687.5
2020-09-04,2676.5,2724.5,2645.5,2671.2
2020-09-08,2704,2738.5,2598.5,2699.1
2020-09-09,2690.5,2732.5,2656.5,2708.3
2020-09-10,2718.5,2775.5,2686.5,2729.1
2020-09-11,2703.5,2724,2672.5,2685.7
2020-09-14,2691,2754.5,2685,2735.5
2020-09-15,2738,2786.5,2719.5,2746.4
2020-09-16,2735,2770.5,2705.5,2747.6
2020-09-17,2734.5,2740,2640.5,2710
2020-09-18,2728.5,2758,2687,2712.9
2020-09-21,2700.5,2713,2378,2438.7
2020-09-22,2478.5,2530,2391,2452.3
2020-09-23,2452.5,2462,2272.5,2310.5
2020-09-24,2287.5,2344,2181,2319.6
2020-09-25,2324,2341.5,2252,2309.3
2020-09-28,2299.5,2386,2261,2360.4
2020-09-29,2380.5,2454.5,2351,2444.5
2020-09-30,2450.5,2450.5,2323.5,2349.4
2020-10-01,2335.5,2432,2332.5,2425.4
2020-10-02,2390,2435.5,2358,2402.9
2020-10-05,2407.5,2467.5,2380.5,2456
2020-10-06,2452,2465,2296.5,2392.1
2020-10-07,2316,2412,2309,2389.6
2020-10-08,2392.5,2435.5,2377.5,2387.6
2020-10-09,2397,2533,2396.5,2510.8
2020-10-12,2528,2571,2490.5,2527.1
2020-10-13,2524,2531,2401.5,2412.9
2020-10-14,2424,2472.5,2393,2439.5
2020-10-15,2437,2444,2365,2422.4
2020-10-16,2443,2466,2418.5,2440.5
2020-10-19,2429,2512,2421.5,2469.8
2020-10-20,2448.5,2506,2440.5,2498
2020-10-21,2479.5,2542.5,2477.5,2524.1
2020-10-22,2518,2522.5,2446,2470.9
2020-10-23,2483.5,2498,2450,2467.5
2020-10-26,2475,2476.5,2414.5,2442
2020-10-27,2438.5,2476,2426.5,2457
2020-10-28,2449.5,2467.5,2306,2335.9
2020-10-29,2344,2365,2262.5,2336
2020-10-30,2335,2391,2323,2364.6
2020-11-02,2363.5,2426,2346,2403.3
2020-11-03,2417,2448.5,2397.5,2433.4
2020-11-04,2429,2462,2326,2389.3
2020-11-05,2398,2554,2395.5,2519.1
2020-11-06,2545,2597.5,2501,2566.2
2020-11-09,2586,2613.5,2360,2370.1
2020-11-10,2418,2458,2395,2446.2
2020-11-11,2430.5,2451,2381,2426.7
2020-11-12,2436,2447.5,2409,2430.6
2020-11-13,2436.5,2490,2421.5,2477.5
2020-11-16,2480,2515.5,2425.5,2480.2
2020-11-17,2488,2490,2443.5,2465.1
2020-11-18,2456.5,2478,2423.5,2444.8
2020-11-19,2438,2442.5,2367,2404.8
2020-11-20,2411.5,2460,2395.5,2436.3
2020-11-23,2422.5,2445.5,2346,2363.3
2020-11-24,2363,2365,2293.5,2330
2020-11-25,2329,2354.5,2311.5,2336.2
2020-11-27,2337.5,2350.5,2232.5,2255.3
2020-11-30,2278,2283,2196,2259.3
2020-12-01,2270,2418,2266.5,2409
2020-12-02,2413,2445.5,2368,2408
2020-12-03,2422,2442,2385,2413.7
2020-12-04,2419.5,2458.5,2406.5,2425.3
2020-12-07,2431,2494,2363,2479.4
2020-12-08,2465.5,2501.5,2455,2473.6
2020-12-09,2473.5,2475.5,2369.5,2399
2020-12-10,2405.5,2443,2382.5,2409.4
2020-12-11,2413.5,2424.5,2369,2409.2
2020-12-14,2414,2436.5,2375.5,2404.7
2020-12-15,2396.5,2470,2394,2464.4
2020-12-16,2464.5,2564,2457.5,2505.2
2020-12-17,2550,2630.5,2533.5,2618.1
2020-12-18,2625.5,2635,2586.5,2603.3
2020-12-21,2611,2763.5,2512,2637.9
2020-12-22,2642,2681.5,2522.5,2553.5
2020-12-23,2531.5,2596,2518.5,2592.1
2020-12-24,2574,2608,2553.5,2590.8
2020-12-28,2613,2698,2600,2653.9
2020-12-29,2645,2677,2607.5,2621.7
2020-12-30,2632.5,2683.5,2626,2657.3
2020-12-31,2683.5,2688,2634.5,2641.2
2021-01-04,2677,2776,2673,2736.4
2021-01-05,2735.5,2785,2715,2764
2021-01-06,2772,2810.5,2670,2704.2
2021-01-07,2741,2749.5,2702,2726.1
2021-01-08,2728,2733.5,2453,2463.7
2021-01-11,2547,2559.5,2436.5,2528.4
2021-01-12,2501.5,2574.5,2500,2543.5
2021-01-13,2565.5,2578.5,2517,2557.2
2021-01-14,2529,2599,2509.5,2580.2
2021-01-15,2561,2586.5,2461,2486.6
2021-01-19,2483.5,2548,2404,2532
2021-01-20,2529,2596,2506,2576.6
2021-01-21,2591,2613,2570,2585.4
2021-01-22,2602.5,2604.5,2505,2555.6
2021-01-25,2553.5,2583.5,2520.5,2548.4
2021-01-26,2539.5,2572,2523,2553.8
2021-01-27,2553,2554.5,2471.5,2538.9
2021-01-28,2533,2710,2489.5,2592.2
2021-01-29,2662.5,2777,2615,2691.4
2021-02-01,2842.5,3035,2815.5,2941.8
2021-02-02,2909.5,2915,2635,2640.2
2021-02-03,2673.5,2726,2654.5,2688.9
2021-02-04,2696,2701.5,2593.5,2623.4
2021-02-05,2642,2710.5,2625.5,2701.9
2021-02-08,2720,2770,2693,2757.6
2021-02-09,2737,2787.5,2713,2740.2
2021-02-10,2735,2759.5,2688,2707.8
2021-02-11,2709.5,2735,2675,2704.7
2021-02-12,2702,2750,2691,2732.8
2021-02-16,2749,2807.5,2687,2732.5
2021-02-17,2731,2749,2691.5,2731.5
2021-02-18,2746.5,2759.5,2690.5,2707.8
2021-02-19,2711,2771,2610.5,2725.4
2021-02-22,2755.5,2834.5,2733,2808.5
2021-02-23,2825,2842.5,2728.5,2768.8
2021-02-24,2771.5,2808,2736.5,2785.9
2021-02-25,2803,2827.5,2729.5,2763.7
2021-02-26,2745.5,2756,2618,2640.2
2021-03-01,2670,2717.5,2651,2667.8
2021-03-02,2663,2698.5,2577,2687.9
2021-03-03,2686,2691.5,2587.5,2638.7
2021-03-04,2617.5,2638.5,2508,2546.1
2021-03-05,2538.5,2550.5,2484.5,2528.7
2021-03-08,2540,2596.5,2497,2526.9
2021-03-09,2517,2622,2509,2618.3
2021-03-10,2602.5,2631.5,2561,2613
2021-03-11,2631.5,2654.5,2588.5,2619.3
2021-03-12,2619.5,2623.5,2542.5,2591.1
2021-03-15,2607,2639,2584.5,2628.8
2021-03-16,2634,2640.5,2588.5,2600.3
2021-03-17,2600.5,2661.5,2580.5,2605.8
2021-03-18,2640,2674,2587.5,2635.1
2021-03-19,2615,2640,2592.5,2632.1
2021-03-22,2634,2635,2545,2576.9
2021-03-23,2585,2591.5,2505,2522.7
2021-03-24,2512,2543,2502,2523.1
2021-03-25,2517,2525.5,2443.5,2504.7
2021-03-26,2515,2533.5,2492,2511.4
2021-03-29,2510.5,2515,2448,2477.1
2021-03-30,2472.5,2477,2388,2413.7
2021-03-31,2404.5,2456.5,2374,2453.2
2021-04-01,2446,2504.5,2427,2494.8
2021-04-05,2505,2514,2466,2478
2021-04-06,2490.5,2535.5,2479.5,2522.7
2021-04-07,2521,2533,2489.5,2524.7
2021-04-08,2521,2567.5,2502,2558.5
2021-04-09,2553,2555.5,2501,2532.5
2021-04-12,2530,2533,2472.5,2486.7
2021-04-13,2483,2554,2468,2542.6
2021-04-14,2540.5,2559,2523.5,2552.4
2021-04-15,2548,2607,2538,2596.4
2021-04-16,2594,2638,2579.5,2610.5
2021-04-19,2605.5,2628,2567,2583.7
2021-04-20,2587.5,2615,2572.5,2584
2021-04-21,2588,2673,2579.5,2657
2021-04-22,2665,2667,2602.5,2618
2021-04-23,2619.5,2647,2589,2607.5
2021-04-26,2604.5,2628,2589.5,2620.9
2021-04-27,2627.5,2651.5,2610,2641
2021-04-28,2632.5,2634.5,2584,2608.5
2021-04-29,2628,2654.5,2573,2605.3
2021-04-30,2615.5,2624.5,2584,2585.3
2021-05-03,2599,2711.5,2585,2696
2021-05-04,2701.5,2724,2616,2655.8
2021-05-05,2659.5,2671,2616.5,2652.2
2021-05-06,2659,2758.5,2624.5,2747.7
2021-05-07,2745,2780,2723,2747.7
2021-05-10,2768,2800.5,2732,2749.2
2021-05-11,2740,2778,2718,2766.7
2021-05-12,2776,2783,2703,2724.4
2021-05-13,2709.5,2733,2678,2705.9
2021-05-14,2719,2759.5,2692,2736.5
2021-05-17,2751.5,2843.5,2744,2827.4
2021-05-18,2832.5,2890,2812,2833.3
2021-05-19,2830,2836.5,2742.5,2802.5
2021-05-20,2784,2812.5,2749,2806.7
2021-05-21,2787,2819.5,2726.5,2748.6
2021-05-24,2769,2801.5,2755,2790.5
2021-05-25,2788,2816,2754.5,2805.6
2021-05-26,2810.5,2834,2768.5,2787.7
2021-05-27,2776.5,2799.5,2757.5,2794
2021-05-28,2798,2809.5,2748,2801.4
2021-06-01,2806,2871,2793,2810.2
2021-06-02,2799.5,2832,2776.5,2820.4
2021-06-03,2829.5,2837,2709,2747.7
2021-06-04,2753,2798,2731,2789.6
2021-06-07,2791,2808.5,2759.5,2801.8
2021-06-08,2802.5,2812,2761,2773.1
2021-06-09,2773.5,2814.5,2762,2800.2
2021-06-10,2790.5,2818,2747.5,2803.1
2021-06-11,2814.5,2844.5,2802.5,2814.6
2021-06-14,2809.5,2844.5,2756.5,2803.9
2021-06-15,2800,2803,2748.5,2769.3
2021-06-16,2779.5,2797,2670,2781.2
2021-06-17,2700.5,2732,2582,2585.6
2021-06-18,2595,2655.5,2577,2596.9
2021-06-21,2586.5,2613.5,2558,2602.5
2021-06-22,2599.5,2608.5,2573.5,2585.7
2021-06-23,2583.5,2637,2580,2611.1
2021-06-24,2593.5,2624.5,2586.5,2605
2021-06-25,2601,2638,2597,2608.7
2021-06-28,2619,2629.5,2584.5,2622.3
2021-06-29,2620,2621,2556,2587.2
2021-06-30,2584,2623,2582,2616.5
2021-07-01,2621.5,2642,2605,2607.5
2021-07-02,2611,2667.5,2610.5,2648.1
2021-07-06,2664,2691,2610,2617.4
2021-07-07,2626.5,2654.5,2606,2612.9
2021-07-08,2626.5,2631,2587.5,2598.7
2021-07-09,2600.5,2630,2582,2623.4
2021-07-12,2618.5,2637.5,2593,2623.9
2021-07-13,2632,2644,2600.5,2614
2021-07-14,2605.5,2657.5,2601,2627.1
2021-07-15,2632.5,2649,2624.5,2639.4
2021-07-16,2643,2655,2564,2579.5
2021-07-19,2570,2580.5,2503.5,2514.4
2021-07-20,2524,2531.5,2484,2499.5
2021-07-21,2497.5,2536.5,2479,2525.5
2021-07-22,2533,2551.5,2506,2538.1
2021-07-23,2548,2553.5,2505,2523.3
2021-07-26,2527,2551,2517.5,2531.8
2021-07-27,2525.5,2532,2451.5,2464.9
2021-07-28,2473,2506,2465.5,2487.7
2021-07-29,2501.5,2587.5,2500,2578.2
2021-07-30,2560,2568.5,2539.5,2554.7
2021-08-02,2562.5,2567.5,2534.5,2557.5
2021-08-03,2547,2566.5,2527,2558.2
2021-08-04,2559,2609,2537.5,2546.1
2021-08-05,2542.5,2556.5,2511.5,2529.2
2021-08-06,2519.5,2523,2420.5,2432.6
2021-08-09,2434,2438,2228,2326.9
2021-08-10,2345,2367.5,2322,2339.2
2021-08-11,2332.5,2356.5,2319,2348.8
2021-08-12,2351.5,2353,2297,2311.6
2021-08-13,2315.5,2383,2313,2377.9
2021-08-16,2374.5,2389,2338,2379.1
2021-08-17,2384,2395.5,2356.5,2365.9
2021-08-18,2366,2383,2326.5,2342.2
2021-08-19,2350,2351.5,2308,2323
2021-08-20,2321,2330,2283.5,2311.2
2021-08-23,2298.5,2370.5,2292.5,2365.6
2021-08-24,2364.5,2397.5,2354.5,2389.4
2021-08-25,2387.5,2391,2359,2377.5
2021-08-26,2387,2389.5,2342,2355
2021-08-27,2356.5,2413.5,2330.5,2406.2
2021-08-30,2413,2428,2395,2400.6
2021-08-31,2406.5,2427,2383,2400.6
2021-09-01,2393.5,2432.5,2377.5,2422.1
2021-09-02,2420,2427.5,2381.5,2391.8
2021-09-03,2395,2494.5,2391,2480.2
2021-09-07,2486.5,2489.5,2421,2437.3
2021-09-08,2439,2448,2394,2405.6
2021-09-09,2399.5,2435.5,2386.5,2417.7
2021-09-10,2410,2434.5,2376,2390
2021-09-13,2379,2389,2336,2379.6
2021-09-14,2377.5,2398,2343.5,2388.5
2021-09-15,2386.5,2394,2367,2380.1
2021-09-16,2386.5,2400,2258.5,2279.4
2021-09-17,2291,2313,2230.5,2233.7
2021-09-20,2233,2250,2202.5,2220.4
2021-09-21,2226.5,2272,2221,2261.1
2021-09-22,2248.5,2315,2245.5,2290.7
2021-09-23,2269.5,2288,2246.5,2267.9
2021-09-24,2253,2279,2209,2242.5
2021-09-27,2239.5,2286.5,2239,2269.4
2021-09-28,2262.5,2268,2208,2246.7
2021-09-29,2247.5,2256.5,2141,2148.5
2021-09-30,2151.5,2222.5,2146,2204.7
2021-10-01,2218.5,2260,2199,2253.6
2021-10-04,2260,2280.5,2229,2264.4
2021-10-05,2272.5,2273,2238,2260.8
2021-10-06,2263.5,2270,2218.5,2253.2
2021-10-07,2264,2284,2238.5,2265.8
2021-10-08,2261,2322,2243.5,2270.5
2021-10-11,2268.5,2283,2249.5,2266.5
2021-10-12,2261,2279,2232.5,2251.4
2021-10-13,2257,2328.5,2248,2317
2021-10-14,2310,2362.5,2292.5,2347.7
2021-10-15,2356.5,2364.5,2310,2334.9
2021-10-18,2338,2349.5,2303.5,2326.4
2021-10-19,2325,2418,2322,2388.3
2021-10-20,2371,2449.5,2361.5,2444.5
2021-10-21,2437,2455,2407,2417
2021-10-22,2422,2492,2418.5,2444.9
2021-10-25,2439.5,2469.5,2436.5,2459.2
2021-10-26,2465,2465.5,2392.5,2408.8
2021-10-27,2422,2433,2390.5,2419.1
2021-10-28,2413,2431,2402,2412
2021-10-29,2413.5,2414,2370.5,2394.9
2021-11-01,2398.5,2417.5,2381,2407.3
2021-11-02,2413,2414,2343,2350.7
2021-11-03,2357,2366.5,2304.5,2323.1
2021-11-04,2353,2411.5,2348.5,2391.1
2021-11-05,2387,2425.5,2366.5,2415.7
2021-11-08,2428.5,2459,2413,2454.2
2021-11-09,2455,2456.5,2409,2431.8
2021-11-10,2437.5,2522,2404,2477.2
2021-11-11,2471,2536.5,2464.5,2530.1
2021-11-12,2535,2547,2492.5,2534.6
2021-11-15,2542.5,2546.5,2497,2510.5
2021-11-16,2513.5,2549,2482.5,2494.4
2021-11-17,2486,2528.5,2485,2516.7
2021-11-18,2515,2523,2473,2490
2021-11-19,2485,2504,2461,2478.1
2021-11-22,2467,2495.5,2414,2429.7
2021-11-23,2421,2434,2328,2343.5
2021-11-24,2364,2369.5,2340,2349.6
2021-11-26,2358,2373.5,2291.5,2310.7
2021-11-29,2316,2346,2277.5,2285.2
2021-11-30,2293,2335.5,2270.5,2281.5
2021-12-01,2287.5,2306,2218.5,2233.9
2021-12-02,2233.5,2250.5,2221.5,2231.6
2021-12-03,2241,2259,2203.5,2248.1
2021-12-06,2261,2263.5,2212.5,2226.3
2021-12-07,2239.5,2262.5,2223,2252.3
2021-12-08,2252.5,2258,2230.5,2243.2
2021-12-09,2243.5,2247.5,2184,2201.3
2021-12-10,2197.5,2224,2181.5,2219.5
2021-12-13,2219.5,2243,2216,2232.8
2021-12-14,2235,2235.5,2167,2192.4
2021-12-15,2194.5,2213,2141,2154.5
2021-12-16,2207,2256,2193,2248.5
2021-12-17,2253,2269,2235.5,2253.3
2021-12-20,2239,2243.5,2219,2229.1
2021-12-21,2229,2280.5,2218.5,2252.9
2021-12-22,2252.5,2286,2244,2281.9
2021-12-23,2281.5,2296.5,2268,2294
2021-12-27,2290,2315,2265.5,2298.9
2021-12-28,2310.5,2348,2300.5,2312.1
2021-12-29,2305,2318.5,2260,2285.8
2021-12-30,2287,2315.5,2263,2306
2021-12-31,2309.5,2339,2307,2335.2
2022-01-03,2338.5,2344,2269,2281
2022-01-04,2292,2314,2265.5,2305.6
2022-01-05,2309.5,2330,2275,2317
2022-01-06,2281,2285,2200,2219
2022-01-07,2219.5,2246,2194.5,2240.9
2022-01-10,2238.5,2254,2220.5,2246.2
2022-01-11,2250,2286,2248,2281.2
2022-01-12,2282,2326,2268,2320.7
2022-01-13,2319,2331.5,2302.5,2316.2
2022-01-14,2311.5,2334.5,2284.5,2291.8
2022-01-18,2299.5,2368,2282,2349.2
2022-01-19,2350.5,2426.5,2343,2423.1
2022-01-20,2418.5,2475.5,2412.5,2471.6
2022-01-21,2452.5,2464,2420.5,2432
2022-01-24,2430.5,2436,2359.5,2380
2022-01-25,2404.5,2404.5,2363.5,2389.6
2022-01-26,2385,2402.5,2346,2380.7
2022-01-27,2356.5,2362.5,2258.5,2267.6
2022-01-28,2279,2283,2215,2230.1
2022-01-31,2247.5,2265.5,2225,2239.3
2022-02-01,2249,2306,2240.5,2259.5
2022-02-02,2264,2287.5,2246.5,2270.7
2022-02-03,2265,2266,2198.5,2237.5
2022-02-04,2242,2269,2210,2247.5
2022-02-07,2253.5,2311,2250,2307.6
2022-02-08,2302.5,2326.5,2277,2320
2022-02-09,2319.5,2336.5,2309.5,2334.1
2022-02-10,2331,2373.5,2314.5,2352.2
2022-02-11,2320.5,2371,2285.5,2336.9
2022-02-14,2360,2396.5,2355.5,2384.8
2022-02-15,2388.5,2401.5,2307,2334.2
2022-02-16,2338,2367,2329,2360.5
2022-02-17,2364.5,2393,2344,2387.5
2022-02-18,2385.5,2411.5,2370,2399.2
2022-02-22,2406,2438.5,2371,2431.1
2022-02-23,2414.5,2462,2405,2455.3
2022-02-24,2461,2567.5,2386,2468.7
2022-02-25,2432,2452.5,2390,2399.7
2022-02-28,2462,2488,2415.5,2436.6
2022-03-01,2445.5,2565,2434.5,2554.1
2022-03-02,2550.5,2554.5,2496,2519
2022-03-03,2545,2566.5,2507.5,2521.2
2022-03-04,2528.5,2592,2515.5,2578.9
2022-03-07,2602.5,2637,2546.5,2572
2022-03-08,2580.5,2749.5,2555,2689.5
2022-03-09,2692.5,2739,2573,2581.6
2022-03-10,2606,2642.5,2560,2625.6
2022-03-11,2625.5,2635,2569.5,2616
2022-03-14,2628,2629,2516,2529.8
2022-03-15,2526,2531.5,2475,2515.8
2022-03-16,2511.5,2525,2455,2471
2022-03-17,2524,2575,2516.5,2561.6
2022-03-18,2559.5,2564,2498,2508.7
2022-03-21,2515,2552,2505,2531.3
2022-03-22,2541,2559,2469.5,2490.4
2022-03-23,2491.5,2537,2478,2518.9
2022-03-24,2528.5,2616,2517,2592
2022-03-25,2585,2603.5,2547,2561.5
2022-03-28,2572.5,2579.5,2494,2519.6
2022-03-29,2501,2513.5,2404.5,2473.6
2022-03-30,2492,2526.5,2485.5,2511.3
2022-03-31,2503.5,2528.5,2467,2513.3
2022-04-01,2499,2504,2456.5,2465.4
2022-04-04,2473.5,2500.5,2438.5,2459
2022-04-05,2466.5,2511,2441.5,2453.4
2022-04-06,2446.5,2468,2420,2445.8
2022-04-07,2457,2478,2433.5,2473.5
2022-04-08,2472.5,2493.5,2449.5,2482.3
2022-04-11,2492.5,2560,2479.5,2498.7
2022-04-12,2525.5,2584,2502.5,2573.5
2022-04-13,2558.5,2607,2553,2603
2022-04-14,2595.5,2611.5,2546,2570
2022-04-18,2587.5,2649.5,2580.5,2615
2022-04-19,2605.5,2619.5,2516.5,2539.1
2022-04-20,2531.5,2540,2498,2527.1
2022-04-21,2530.5,2531,2448,2462.1
2022-04-22,2472,2474,2408,2425.9
2022-04-25,2421.5,2424,2342,2367
2022-04-26,2370.5,2397.5,2344.5,2354.4
2022-04-27,2359,2376.5,2327.5,2346
2022-04-28,2336.5,2345.5,2294,2318.1
2022-04-29,2323,2365,2271,2308.5
2022-05-02,2278.5,2288,2213,2258.4
2022-05-03,2270,2289,2244,2266.5
2022-05-04,2260,2312.5,2222,2240.2
2022-05-05,2304,2334.5,2232.5,2244.3
2022-05-06,2252,2266.5,2211,2236.7
2022-05-09,2239.5,2239.5,2165,2182
2022-05-10,2177,2208.5,2115.5,2142.4
2022-05-11,2121,2197,2120,2157.5
2022-05-12,2155.5,2162.5,2059,2077.3
2022-05-13,2063.5,2112.5,2042,2100.1
2022-05-16,2110.5,2171,2083.5,2155.1
2022-05-17,2165,2192.5,2152,2175
2022-05-18,2166.5,2175,2136.5,2154.4
2022-05-19,2143,2201,2125,2190.8
2022-05-20,2196.5,2208,2158,2167.4
2022-05-23,2178,2220.5,2166,2172.3
2022-05-24,2177,2221.5,2164.5,2206.3
2022-05-25,2211.5,2214.5,2172.5,2187
2022-05-26,2197.5,2207.5,2173,2196.5
2022-05-27,2203.5,2247.5,2194,2209.6
2022-05-31,2215,2231,2145.5,2168.8
2022-06-01,2153.5,2199.5,2141,2191.5
2022-06-02,2186,2238,2178.5,2227.5
2022-06-03,2235.5,2252.5,2186,2190.8
2022-06-06,2194.5,2256.5,2190,2209.2
2022-06-07,2208.5,2230,2184,2217.8
2022-06-08,2227.5,2227.5,2179.5,2209.4
2022-06-09,2208.5,2216.5,2153.5,2181.7
2022-06-10,2171.5,2202,2123.5,2193.1
2022-06-13,2201,2204,2091,2125.5
2022-06-14,2107,2136,2084.5,2095.4
2022-06-15,2101,2184.5,2097,2142
2022-06-16,2168,2197,2132,2188.5
2022-06-17,2195.5,2196.5,2156,2158.7
2022-06-21,2152,2195,2143,2176.8
2022-06-22,2167,2167.5,2120.5,2142.1
2022-06-23,2142,2149.5,2089,2104.2
2022-06-24,2092,2120.5,2054.5,2112.5
2022-06-27,2124.5,2157.5,2112.5,2118.7
2022-06-28,2119.5,2137,2080,2087.2
2022-06-29,2084,2106.5,2061,2073.8
2022-06-30,2072.5,2078.5,2014.5,2035.2
2022-07-01,2029,2029,1929.5,1966.7
2022-07-05,1988,2010,1897,1912.1
2022-07-06,1915.5,1932.5,1870.5,1915.9
2022-07-07,1917,1943.5,1903.5,1918.8
2022-07-08,1917,1939,1893.5,1923.6
2022-07-11,1926.5,1931,1901.5,1913.2
2022-07-12,1905.5,1913.5,1863,1895.8
2022-07-13,1887,1936,1879,1919.4
2022-07-14,1918,1918,1801,1822.5
2022-07-15,1833.5,1869.5,1809.5,1859.4
2022-07-18,1867.5,1895,1858.5,1884
2022-07-19,1865.5,1884.5,1851,1871.3
2022-07-20,1869.5,1903,1856.5,1866.8
2022-07-21,1861,1880.5,1812,1871.9
2022-07-22,1878.5,1888,1842,1861.7
2022-07-25,1854,1867.5,1819.5,1832.8
2022-07-26,1833,1862,1828.5,1853.5
2022-07-27,1853.5,1909.5,1836,1860
2022-07-28,1905,2000,1901,1986.8
2022-07-29,1999,2035,1982.5,2019.7
2022-08-01,2033.5,2051,2006.5,2036.2
2022-08-02,2034,2049.5,1991.5,2013.9
2022-08-03,1995.5,2014,1975,1989.4
2022-08-04,2004.5,2038,1993,2012.2
2022-08-05,2016,2028,1947,1984.2
2022-08-08,1984,2074.5,1974.5,2061.4
2022-08-09,2069.5,2074,2040,2048.2
2022-08-10,2050,2083,2031.5,2074.2
2022-08-11,2057.5,2060.5,2019,2034.9
2022-08-12,2026,2085,2019,2069.8
2022-08-15,2080.5,2087,2002,2027.2
2022-08-16,2023,2025,1986,2008.5
2022-08-17,2010.5,2024,1963,1973.1
2022-08-18,1974,1988.5,1941,1946.4
2022-08-19,1947,1948,1892.5,1906.9
2022-08-22,1897,1906.5,1860.5,1887.8
2022-08-23,1888.5,1915.5,1865,1902.6
2022-08-24,1902,1910.5,1881.5,1890.7
2022-08-25,1899.5,1926,1895.5,1912
2022-08-26,1913,1934.5,1868,1874.6
2022-08-29,1877,1877,1830,1855.7
2022-08-30,1856.5,1858.5,1812,1815.9
2022-08-31,1829,1839,1780,1788.2
2022-09-01,1785,1786.5,1740,1766.6
2022-09-02,1766.5,1816.5,1762,1788.1
2022-09-06,1794,1846.5,1781.5,1790.8
2022-09-07,1790.5,1840,1774,1826
2022-09-08,1839.5,1866.5,1824,1844.2
2022-09-09,1845,1886,1844.5,1876.7
2022-09-12,1881.5,2000.5,1877.5,1986
2022-09-13,1978.5,1993,1929.5,1949.1
2022-09-14,1930,1968.5,1921.5,1956.9
2022-09-15,1960,1962.5,1911,1926.9
2022-09-16,1917.5,1964,1877,1938.1
2022-09-19,1960,1969,1923.5,1935.8
2022-09-20,1959.5,1960.5,1907,1918.3
2022-09-21,1926.5,1996,1923,1948
2022-09-22,1964.5,1989,1925,1961.7
2022-09-23,1966,1974.5,1876,1891
2022-09-26,1885,1904.5,1831,1848
2022-09-27,1835,1878.5,1829.5,1833.7
2022-09-28,1836.5,1896.5,1789.5,1888
2022-09-29,1891,1891.5,1846.5,1871.2
2022-09-30,1881,1930,1874.5,1903.9
2022-10-03,1899.5,2078,1898,2058.9
2022-10-04,2074.5,2131,2068,2109.9
2022-10-05,2112,2113.5,1998.5,2054.4
2022-10-06,2075,2093,2040,2066
2022-10-07,2071,2087.5,2002,2025.5
2022-10-10,2018.5,2021,1952.5,1961.5
2022-10-11,1963,1972.5,1905,1948.7
2022-10-12,1917.5,1931,1884,1893.8
2022-10-13,1901,1929,1841,1891.8
2022-10-14,1886.5,1905.5,1801,1807.1
2022-10-17,1816,1889,1815.5,1871.9
2022-10-18,1862.5,1886.5,1849,1860
2022-10-19,1868.5,1875.5,1830.5,1835.9
2022-10-20,1840.5,1896,1815,1868.9
2022-10-21,1862.5,1940.5,1820.5,1906.6
2022-10-24,1939.5,1967.5,1898.5,1918.9
2022-10-25,1919.5,1941,1874,1934.9
2022-10-26,1932.5,1976.5,1918,1948.6
2022-10-27,1955.5,1966,1925.5,1949.4
2022-10-28,1956.5,1962,1895,1914.7
2022-10-31,1920,1922.5,1886.5,1911.9
2022-11-01,1911,2004,1908.5,1966.7
2022-11-02,1963.5,2011,1920,1959.4
2022-11-03,1923,1955.5,1880.5,1943
2022-11-04,1950,2096.5,1942.5,2078.4
2022-11-07,2057,2108,2043.5,2091.9
2022-11-08,2085,2172,2057,2150.2
2022-11-09,2142.5,2169.5,2105.5,2132.7
2022-11-10,2111.5,2194,2104.5,2170.2
2022-11-11,2177,2216,2135.5,2166.7
2022-11-14,2177,2219,2137,2211.3
2022-11-15,2206.5,2238,2145,2151.8
2022-11-16,2163,2215.5,2145.5,2152.4
2022-11-17,2150.5,2153.5,2078.5,2097.5
2022-11-18,2102,2132.5,2087,2099.7
2022-11-21,2098.5,2104,2060,2087.2
2022-11-22,2086,2137,2086,2104.9
2022-11-23,2110,2163,2092.5,2136.7
2022-11-25,2160.5,2173,2117.5,2143
2022-11-28,2145,2164,2083.5,2091.5
2022-11-29,2089,2140,2084.5,2120.4
2022-11-30,2141.5,2241,2135.5,2178.1
2022-12-01,2241,2300.5,2224,2284.1
2022-12-02,2297.5,2347.5,2248,2325
2022-12-05,2329,2369,2235,2241.7
2022-12-06,2243.5,2278,2219,2233.5
2022-12-07,2235,2301,2225.5,2292.2
2022-12-08,2292,2342.5,2272.5,2324.6
2022-12-09,2330.5,2390,2314,2371.7
2022-12-12,2365,2376.5,2332,2340.3
2022-12-13,2352,2439,2349,2399
2022-12-14,2396.5,2427.5,2360.5,2413.6
2022-12-15,2418,2418,2315.5,2330.5
2022-12-16,2327,2344.5,2273.5,2332.8
2022-12-19,2341.5,2362.5,2303,2319.9
2022-12-20,2318,2449,2305,2427.1
2022-12-21,2439.5,2452.5,2405.5,2419.4
2022-12-22,2419.5,2431.5,2355,2362.2
2022-12-23,2374,2409.5,2368.5,2392
2022-12-27,2405,2449.5,2397.5,2421.7
2022-12-28,2424,2427.5,2364.5,2384
2022-12-29,2372.5,2428,2369,2425
2022-12-30,2410.5,2436,2370.5,2404
2023-01-03,2430.5,2477.5,2409.5,2423.6
2023-01-04,2417.5,2464,2374.5,2396.4
2023-01-05,2394,2406,2326,2342.4
2023-01-06,2338.5,2405.5,2334.5,2398.2
2023-01-09,2402.5,2428.5,2372.5,2387.1
2023-01-10,2377.5,2390.5,2355,2366.5
2023-01-11,2372,2419,2334,2348.1
2023-01-12,2353,2433,2350,2400.4
2023-01-13,2392,2444.5,2362,2437.2
2023-01-17,2445,2467,2397.5,2406.8
2023-01-18,2409,2450,2355,2364.7
2023-01-19,2359.5,2407.5,2327,2387
2023-01-20,2400.5,2422.5,2383,2393.5
2023-01-23,2405.5,2429.5,2284.5,2355.4
2023-01-24,2356.5,2385.5,2331,2374.9
2023-01-25,2376.5,2406.5,2344,2394.1
2023-01-26,2405.5,2441.5,2369,2402
2023-01-27,2402.5,2412,2339,2362.2
2023-01-30,2367.5,2392,2363,2373.3
2023-01-31,2369.5,2386.5,2305,2383.6
2023-02-01,2384,2415,2344,2360.9
2023-02-02,2406.5,2475,2349.5,2361.5
2023-02-03,2351.5,2366.5,2232.5,2240.5
2023-02-06,2238.5,2263.5,2217,2223.7
2023-02-07,2230.5,2248.5,2206.5,2217.7
2023-02-08,2221,2256,2220.5,2242
2023-02-09,2236.5,2261.5,2191.5,2214.3
2023-02-10,2201.5,2231,2183,2207.5
2023-02-13,2203,2208.5,2178.5,2185.2
2023-02-14,2199.5,2204,2158.5,2187.3
2023-02-15,2186.5,2187.5,2138.5,2157.2
2023-02-16,2164,2179,2140,2171
2023-02-17,2158.5,2180,2115.5,2171.5
2023-02-21,2170,2199.5,2155.5,2189
2023-02-22,2187,2200,2143.5,2167.7
2023-02-23,2152,2167,2126,2130.6
2023-02-24,2133,2139.5,2072.5,2081
2023-02-27,2091.5,2094.5,2064,2079.3
2023-02-28,2074,2112.5,2050.5,2107.1
2023-03-01,2103,2128.5,2094.5,2109.5
2023-03-02,2108.5,2110,2076,2090.1
2023-03-03,2099,2138.5,2091,2123.8
2023-03-06,2138.5,2139.5,2107,2113.5
2023-03-07,2114,2121.5,2010.5,2019.9
2023-03-08,2016.5,2029,1995.5,2015.1
2023-03-09,2012.5,2035.5,2002.5,2016.5
2023-03-10,2014.5,2087.5,1994.5,2050.6
2023-03-13,2072,2204.5,2064.5,2192.3
2023-03-14,2192,2209,2146.5,2204
2023-03-15,2179.5,2252.5,2160.5,2188.2
2023-03-16,2192.5,2221,2159,2169.2
2023-03-17,2185.5,2276.5,2178.5,2246.2
2023-03-20,2271,2285.5,2235,2264.6
2023-03-21,2266.5,2278.5,2229,2242.5
2023-03-22,2251,2324,2241,2278.6
2023-03-23,2310,2336,2290,2325.6
2023-03-24,2324,2370.5,2312.5,2333.9
2023-03-27,2348.5,2348.5,2300,2314.5
2023-03-28,2321,2351.5,2296,2342
2023-03-29,2347,2355.5,2320.5,2346.6
2023-03-30,2344,2410,2337,2398.9
2023-03-31,2405,2431,2383,2415.6
2023-04-03,2428.5,2433.5,2372.5,2402.1
2023-04-04,2410.5,2519.5,2397,2510.1
2023-04-05,2517.5,2529.5,2478.5,2503.7
2023-04-06,2509,2517.5,2469.5,2509.3
2023-04-10,2491,2524,2477.5,2491.2
2023-04-11,2501.5,2527.5,2497,2518.6
2023-04-12,2518.5,2582.5,2517.5,2545.8
2023-04-13,2563,2611.5,2551.5,2592.5
2023-04-14,2597,2623.5,2526.5,2546
2023-04-17,2544,2571,2492,2508.8
2023-04-18,2512.5,2543,2503,2526.3
2023-04-19,2528,2546,2471.5,2537.1
2023-04-20,2537,2558.5,2515.5,2537.3
2023-04-21,2535,2547.5,2498.5,2505.8
2023-04-24,2537.5,2553.5,2505.5,2552.4
2023-04-25,2548,2565.5,2473.5,2508.8
2023-04-26,2526.5,2551.5,2501,2507.1
2023-04-27,2517,2541,2474.5,2520.9
2023-04-28,2520.5,2535,2498,2522.6
2023-05-01,2546,2621,2514,2523
2023-05-02,2524.5,2576.5,2482,2561.9
2023-05-03,2565,2591,2535.5,2568.1
2023-05-04,2591,2636,2570,2622.7
2023-05-05,2633,2643.5,2541,2593
2023-05-08,2594.5,2599,2576,2583.4
2023-05-09,2579,2593,2557,2589.8
2023-05-10,2584,2620,2545.5,2565.8
2023-05-11,2554.5,2570,2432.5,2442.4
2023-05-12,2437,2440.5,2391,2415.4
2023-05-15,2410,2439.5,2405,2429.1
2023-05-16,2426.5,2427.5,2380.5,2389.3
2023-05-17,2391.5,2406,2371.5,2389.7
2023-05-18,2394,2396,2348.5,2363.3
2023-05-19,2365.5,2418.5,2355.5,2406
2023-05-22,2402,2408.5,2376,2386.1
2023-05-23,2380,2381,2323.5,2362.4
2023-05-24,2359,2365.5,2314,2324
2023-05-25,2318.5,2326,2280,2291
2023-05-26,2283,2346,2278.5,2336
2023-05-30,2342.5,2351,2303,2323.9
2023-05-31,2331,2373.5,2316,2358.7
2023-06-01,2362.5,2403,2335.5,2398.7
2023-06-02,2398,2412,2366,2374.7
2023-06-05,2369,2378.5,2332,2363.5
2023-06-06,2366.5,2387,2341,2367
2023-06-07,2367.5,2416.5,2348,2352.9
2023-06-08,2352.5,2446,2351,2434.8
2023-06-09,2436,2462,2428,2441
2023-06-12,2437.5,2439.5,2395.5,2405.9
2023-06-13,2414.5,2452,2366.5,2382.2
2023-06-14,2373,2417.5,2371.5,2410.5
2023-06-15,2400,2401,2327,2394.7
2023-06-16,2396.5,2429,2391,2412.6
2023-06-20,2424.5,2426,2310,2323.4
2023-06-21,2321,2323,2251.5,2281
2023-06-22,2269,2275,2220,2246.7
2023-06-23,2229,2271,2214,2235.4
2023-06-26,2244.5,2294,2243.5,2282.6
2023-06-27,2283.5,2315,2278.5,2296
2023-06-28,2292.5,2299.5,2260,2288.9
2023-06-29,2274.5,2291,2229.5,2259.1
2023-06-30,2253,2281,2234.5,2281
2023-07-03,2299.5,2329,2291,2311.2
2023-07-05,2312,2353.5,2297,2340.2
2023-07-06,2335.5,2347,2272,2289
2023-07-07,2290.5,2336.5,2280,2328.9
2023-07-10,2334,2337,2294,2334.5
2023-07-11,2333.5,2359.5,2322,2328.1
2023-07-12,2332.5,2437.5,2331,2431
2023-07-13,2433,2511,2431,2494.9
2023-07-14,2510.5,2525.5,2491,2519.4
2023-07-17,2515.5,2515.5,2481.5,2501.8
2023-07-18,2506,2540.5,2497.5,2525.6
2023-07-19,2527.5,2546,2514.5,2538.7
2023-07-20,2534.5,2547.5,2489.5,2496.2
2023-07-21,2495,2511,2476.5,2485.5
2023-07-24,2479,2489,2442.5,2458.1
2023-07-25,2452.5,2491,2445,2482.4
2023-07-26,2487,2521,2467.5,2497
2023-07-27,2507.5,2532.5,2418,2436.7
2023-07-28,2426.5,2454.5,2424,2449.5
2023-07-31,2447.5,2498.5,2432,2497.2
2023-08-01,2490,2490.5,2425.5,2432.6
2023-08-02,2448,2463,2376,2387.2
2023-08-03,2383.5,2394,2341,2369.7
2023-08-04,2371,2389.5,2327.5,2371.6
2023-08-07,2372,2377.5,2314.5,2323.2
2023-08-08,2320,2325.5,2272,2280.7
2023-08-09,2282,2299,2268,2273.1
2023-08-10,2273,2306,2266.5,2282.1
2023-08-11,2276,2291,2261,2274.3
2023-08-14,2274,2282,2241,2270.8
2023-08-15,2265,2277,2226.5,2265.6
2023-08-16,2259,2285.5,2244.5,2253.5
2023-08-17,2248.5,2307,2239,2271.5
2023-08-18,2275,2292,2267,2273.3
2023-08-21,2279.5,2337.5,2271,2334
2023-08-22,2337.5,2351.5,2326.5,2345
2023-08-23,2348.5,2443,2347.5,2439.2
2023-08-24,2439.5,2442,2411.5,2423
2023-08-25,2419,2444,2397,2423.4
2023-08-28,2427.5,2439.5,2408.5,2425.2
2023-08-29,2427.5,2484.5,2420.5,2478.8
2023-08-30,2478,2506,2457,2473.4
2023-08-31,2466.5,2470,2445,2447.2
2023-09-01,2482,2522,2452,2456.2
2023-09-05,2456.5,2465.5,2381.5,2387.3
2023-09-06,2388,2393.5,2331.5,2350.300
2023-09-07,2350,2350,2313,2324
2023-09-08,2326,2345.5,2313,2317.4
2023-09-11,2319.5,2351.5,2318,2338.3
2023-09-12,2339,2348,2311,2340.2
2023-09-13,2337.5,2339,2302.5,2318.1
2023-09-14,2314,2326.5,2255.5,2299.4
2023-09-15,2293,2358.5,2291,2338.6
2023-09-18,2332,2354,2323.5,2349.8
2023-09-19,2353,2370.5,2336.5,2345.6
2023-09-20,2348,2388,2332.5,2383.6
2023-09-21,2352,2374.5,2306,2368.7
2023-09-22,2367.5,2405,2366.5,2384.4
2023-09-25,2381,2392.5,2329,2338.5
2023-09-26,2339,2339,2310,2319.6
2023-09-27,2310,2312,2264,2272.4
2023-09-28,2280,2295.5,2261,2274.1
2023-09-29,2284,2380.5,2232.5,2245
2023-10-02,2241,2241,2121.5,2142.1
2023-10-03,2131,2159.5,2087,2137.7
2023-10-04,2137.5,2157,2085,2114.6
2023-10-05,2118,2145.5,2085.5,2101.9
2023-10-06,2112,2178,2094,2172.3
2023-10-09,2194,2218,2170.5,2192.4
2023-10-10,2203,2211,2177.5,2195.3
2023-10-11,2201.5,2227.5,2195.5,2213.3
2023-10-12,2220.5,2239,2188,2195.9
2023-10-13,2198.5,2299,2196,2289.5
2023-10-16,2291,2291,2263.5,2276.5
2023-10-17,2278,2318,2253.5,2302.4
2023-10-18,2297.5,2349,2284,2309.9
2023-10-19,2301.5,2323,2278.5,2303.1
2023-10-20,2319,2388,2301.5,2350.4
2023-10-23,2350.5,2350.5,2289.5,2321
2023-10-24,2309.5,2335,2280.5,2311.6
2023-10-25,2306,2316,2269,2300.7
2023-10-26,2300.5,2327.5,2256.5,2290.8
2023-10-27,2293.5,2325.5,2277.5,2288.7
2023-10-30,2324.5,2375,2313.5,2339.6
2023-10-31,2345.5,2346.5,2284,2295.2
2023-11-01,2295.5,2313,2264.5,2279
2023-11-02,2305,2324,2275.5,2284.6
2023-11-03,2287.5,2341.5,2267.5,2328.5
2023-11-06,2333.5,2336,2308.5,2323.4
2023-11-07,2312.5,2317,2250.5,2258.9
2023-11-08,2270.5,2293.5,2237.5,2272.8
2023-11-09,2262.5,2307,2241.5,2290.5
2023-11-10,2270.5,2280,2223,2228.1
2023-11-13,2231,2240.5,2192.5,2235.8
2023-11-14,2237,2325.5,2215,2313.2
2023-11-15,2316,2371,2309.5,2353.8
2023-11-16,2351,2416.5,2335,2393.3
2023-11-17,2382.5,2422,2373,2385.2
2023-11-20,2378.5,2387,2330,2361.4
2023-11-21,2348.5,2408,2347,2386.9
2023-11-22,2379.5,2400.5,2358,2368.8
2023-11-24,2366.5,2439.5,2361,2434.1
2023-11-27,2437.5,2493.5,2432,2468.1
2023-11-28,2470,2506.5,2458.5,2493.5
2023-11-29,2505,2530.5,2485,2507.2
2023-11-30,2503.5,2532.5,2496.5,2529.3
2023-12-01,2540,2556.5,2515.5,2549.9
2023-12-04,2594.5,2634,2478.5,2490.7
2023-12-05,2491.5,2502,2432,2454.6
2023-12-06,2453,2471.5,2421,2422.8
2023-12-07,2423,2435,2390.5,2405.9
2023-12-08,2414,2422.5,2324.5,2327.6
2023-12-11,2330,2340,2301.5,2305.8
2023-12-12,2312.5,2345,2297.5,2301.6
2023-12-13,2307.5,2412.5,2278.5,2292.1
2023-12-14,2409.5,2452.5,2406,2438.6
2023-12-15,2447.5,2459,2405,2415.4
2023-12-18,2412.5,2435.5,2395.5,2410.7
2023-12-19,2408,2447.5,2404,2432.1
2023-12-20,2436,2475,2424.5,2463.1
2023-12-21,2446,2479,2443,2458.5
2023-12-22,2470.5,2489.5,2437,2456.5
2023-12-26,2449.5,2470,2434,2439.6
2023-12-27,2450.5,2473,2422,2464.1
2023-12-28,2455,2474,2418.5,2437.2
2023-12-29,2422.5,2423.5,2376,2408.6
2024-01-02,2404.5,2433.5,2387.5,2395.3
2024-01-03,2388.5,2395,2304.5,2315.7
2024-01-04,2319,2326,2288,2318.7
2024-01-05,2320.5,2371.5,2297,2331.5
2024-01-08,2338,2341,2302,2331
2024-01-09,2331.5,2356.5,2308,2309.1
2024-01-10,2316,2329,2293.5,2306.6
2024-01-11,2308.5,2340,2263,2270.5
2024-01-12,2292,2372,2291.5,2332.9
2024-01-16,2335,2350,2301.5,2309.3
2024-01-17,2309.5,2311,2266,2266.9
2024-01-18,2271.5,2290,2252,2280.7
2024-01-19,2288.5,2298,2259.5,2271.1
2024-01-22,2274.5,2278,2204,2229.6
2024-01-23,2220,2258,2216.5,2246.2
2024-01-24,2257,2309,2246.5,2288.9
2024-01-25,2280,2315.5,2276.5,2292.7
2024-01-26,2302.5,2310,2281,2287.2
2024-01-29,2292,2334,2288,2325.1
2024-01-30,2332,2343,2305.5,2322.5
2024-01-31,2329,2344.5,2289.5,2316.9
2024-02-01,2305.5,2336.5,2260.5,2323.6
2024-02-02,2328.5,2335.5,2248.5,2279.6
2024-02-05,2284,2284,2232.5,2242.2
2024-02-06,2243,2257.5,2234,2247.8
2024-02-07,2250.5,2253.5,2227.5,2236
2024-02-08,2228.5,2270.5,2219.5,2263.6
2024-02-09,2264.5,2279.5,2242,2259.4
2024-02-12,2263,2315,2257.5,2276.7
2024-02-13,2274,2305,2203,2215.4
2024-02-14,2217,2251.5,2197.5,2238.7
2024-02-15,2242.5,2309,2240,2295.1
2024-02-16,2298,2356,2284,2347.5
2024-02-20,2346.5,2351,2295.5,2313.6
2024-02-21,2303.5,2322,2279,2287.4
2024-02-22,2293,2320,2276,2278.4
2024-02-23,2278.5,2303,2258,2298.2
2024-02-26,2318,2318,2267.5,2273.5
2024-02-27,2273.5,2293,2262.5,2275.7
2024-02-28,2267,2273.5,2247,2263.6
2024-02-29,2267.5,2300,2250,2288.5
2024-03-01,2288.5,2348.5,2271,2336.4
2024-03-04,2337,2416,2323,2399.1
2024-03-05,2412.5,2445.5,2384.5,2398.4
2024-03-06,2389.5,2453.5,2378.5,2449.3
2024-03-07,2440,2473.5,2422.5,2457.8
2024-03-08,2454.5,2486,2438,2454.9
2024-03-11,2458,2474,2444.5,2471.5
2024-03-12,2467.5,2490,2422,2439.4
2024-03-13,2433.5,2525,2427.5,2515.6
2024-03-14,2522.5,2537,2495,2506
2024-03-15,2503,2566,2500,2538.1
2024-03-18,2540,2553.5,2515,2526.5
2024-03-19,2525,2536,2492,2513.5
2024-03-20,2509,2583.5,2493,2510.4
2024-03-21,2579,2597.5,2482,2500.7
2024-03-22,2492,2511,2458,2484.3
2024-03-25,2485,2505,2472,2489.1
2024-03-26,2484.5,2505.5,2451.5,2462.3
2024-03-27,2459.5,2479,2444.5,2475.2
2024-03-28,2477,2513,2450.5,2491.6
2024-04-01,2514,2551,2485.5,2507.3
2024-04-02,2523.5,2629.5,2519.5,2592.3
2024-04-03,2626.5,2732.5,2623.5,2706
2024-04-04,2730.5,2745.5,2678.5,2724.7
2024-04-05,2706,2761.5,2640,2750.3
2024-04-08,2755.5,2819.5,2697,2780.7
2024-04-09,2797,2844,2772.5,2798.4
2024-04-10,2827,2865.5,2764,2805.2
2024-04-11,2804.5,2860,2784,2825
2024-04-12,2853.5,2990.5,2794.5,2833
2024-04-15,2820,2898,2766.5,2871.7
2024-04-16,2895,2910,2803,2837.6
2024-04-17,2819.5,2889.5,2814.5,2840
2024-04-18,2828.5,2873.5,2821,2838
2024-04-19,2831,2901,2812,2884.4
2024-04-22,2879,2879.5,2715.5,2724.5
2024-04-23,2720,2742,2671.5,2736.2
2024-04-24,2733,2752.5,2706,2734.6
2024-04-25,2718.5,2761,2700,2735.3
2024-04-26,2748,2774.5,2709,2725.2
2024-04-29,2750,2773.5,2722.5,2766
2024-04-30,2745.5,2745.5,2651.5,2665.4
2024-05-01,2655,2725,2652,2674.8
2024-05-02,2690.5,2706.5,2625.5,2682.9
2024-05-03,2694,2714,2634.5,2669
2024-05-06,2681,2773,2665.5,2761.4
2024-05-07,2771.5,2777,2739,2754.4
2024-05-08,2747.5,2772.5,2724,2760.1
2024-05-09,2756,2858,2751.5,2836.5
2024-05-10,2858,2900,2827,2850.6
2024-05-13,2842,2861.5,2818.5,2844.3
2024-05-14,2842,2898.5,2831,2870.2
2024-05-15,2885.5,2999,2867.5,2972.9
2024-05-16,2990,3010.5,2955.5,2987.6
2024-05-17,2982.5,3185,2970,3125.9
2024-05-20,3185,3275,3118,3242.6
2024-05-21,3205.5,3272,3128,3207.8
2024-05-22,3222.5,3244,3096.5,3149.6
2024-05-23,3101.5,3118.5,3026.5,3045.5
2024-05-24,3033,3083.5,3023.5,3049.9
2024-05-28,3056.5,3245,3055.5,3213.7
2024-05-29,3231,3251.5,3178,3237.3
2024-05-30,3217,3228,3118,3153.4
2024-05-31,3134.5,3194.5,3034.5,3044
2024-06-03,3062.5,3096.5,2994,3078.4
2024-06-04,3089,3104,2950.5,2961.7
2024-06-05,2964.5,3018.5,2952.5,3007.3
2024-06-06,3014.5,3147,3006.5,3136.7
2024-06-07,3147,3167,2922,2944
2024-06-10,2925,2993.5,2923,2987.4
2024-06-11,2995,2998.5,2913.5,2923.1
2024-06-12,2938.5,3035.5,2928,3026.7
2024-06-13,2980,2983,2873,2906.6
2024-06-14,2903,2965,2890.5,2947.2
2024-06-17,2964,2965,2909,2939.1
2024-06-18,2953,2976,2898.5,2956.4
2024-06-20,2961.5,3084.5,2941,3082.1
2024-06-21,3081.5,3090.5,2950.5,2961.4
2024-06-24,2990,3008,2969,2984.9
2024-06-25,2992,3001.5,2918,2919.3
2024-06-26,2928,2941.5,2890,2925.6
2024-06-27,2908,2957.5,2899,2925.6
2024-06-28,2928.5,2995.5,2907,2956
2024-07-01,2944.5,2979,2925,2961.3
2024-07-02,2976.5,3012.5,2949,2965.8
2024-07-03,2981.5,3097.5,2977,3084.2
2024-07-05,3082,3179,3045,3168.9
2024-07-08,3147.5,3167,3071,3091.3
2024-07-09,3102,3143.5,3078.5,3105.6
2024-07-10,3108.5,3144.5,3091.5,3101.4
2024-07-11,3107,3201.5,3107,3167.1
2024-07-12,3172.5,3172.5,3062,3116.2
2024-07-15,3110,3132.5,3076,3093.6
2024-07-16,3093,3163.5,3072,3145.8
2024-07-17,3149.5,3165.5,3025.5,3037.7
2024-07-18,3050.5,3080,2994,3022.4
2024-07-19,3002,3003,2906,2929.9
2024-07-22,2942.5,2961.5,2893,2932.1
2024-07-23,2931.5,2948,2882.5,2933.1
2024-07-24,2942,2963,2906.5,2931.6
2024-07-25,2907.5,2908,2755.5,2797.5
2024-07-26,2799,2822,2775,2802
2024-07-29,2806,2833.5,2745,2786.6
2024-07-30,2803,2856,2776.5,2852.5
2024-07-31,2854,2918.5,2839,2893.8
2024-08-01,2916.5,2929,2833.5,2847.7
2024-08-02,2862,2935.5,2806,2839.2
2024-08-05,2867.5,2881.5,2659.5,2720.7
2024-08-06,2736.5,2767,2670,2721.6
2024-08-07,2708.5,2736.5,2666.5,2694.4
2024-08-08,2669.5,2769,2650.5,2760.6
2024-08-09,2764,2784,2732.5,2758.8
2024-08-12,2755,2810.5,2728,2800.8
2024-08-13,2803.5,2813.5,2751,2778.6
2024-08-14,2793.5,2817.5,2723,2733.9
2024-08-15,2762,2858,2752.5,2841.8
2024-08-16,2842,2909.5,2808.5,2884.9
2024-08-19,2909.5,2953,2877.5,2930.4
2024-08-20,2949,3003.5,2925.5,2951.9
2024-08-21,2947,2977,2923,2953.5
2024-08-22,2962,2970,2879.5,2904.7
2024-08-23,2899.5,2991.5,2894.5,2982
2024-08-26,3032.5,3067,3012,3045.3
2024-08-27,3037.5,3054.5,3014.5,3042.6
2024-08-28,3043,3054.5,2950.5,2962.8
2024-08-29,2956,3008.5,2954,2998.9
2024-08-30,2984,3000,2908,2914.3
2024-09-03,2924,2935,2805.5,2834.4
2024-09-04,2839,2871.5,2811,2855.7
2024-09-05,2863,2955,2853.5,2909.9
2024-09-06,2915.5,2947,2801,2818.3
2024-09-09,2827,2871,2803.5,2865.1
2024-09-10,2869,2889,2836,2861.4
2024-09-11,2872.5,2921.5,2839,2892.8
2024-09-12,2902,3025,2885,3010.7
2024-09-13,3023,3128,3019,3107.4
2024-09-16,3107.5,3146,3095,3113.5
2024-09-17,3107.5,3135,3086,3097.9
2024-09-18,3102.5,3158.5,3003.5,3068.7
2024-09-19,3041.5,3162.5,3022,3142.3
2024-09-20,3111,3175.5,3104,3150.5
2024-09-23,3153.5,3155,3067,3108.5
2024-09-24,3102,3260,3096,3243
2024-09-25,3244.5,3261,3187,3201.8
2024-09-26,3211,3302,3203.5,3234.1
2024-09-27,3231,3259,3163.5,3181.6
2024-09-30,3194.5,3215,3115.5,3145.8
2024-10-01,3142,3214.5,3138,3174.2
2024-10-02,3170.5,3259,3126,3192
2024-10-03,3210,3248.5,3165,3246.4
2024-10-04,3229,3322.5,3175.5,3239.4
2024-10-07,3245,3259.5,3165.5,3200.4
2024-10-08,3194.5,3202,3034.5,3060
2024-10-09,3086,3100.5,3043.5,3067
2024-10-10,3071,3140,3057,3124
2024-10-11,3137.5,3184.5,3126,3175.5
2024-10-14,3173,3175,3094,3131.6
2024-10-15,3140,3189,3095,3175.6
2024-10-16,3168.5,3238.5,3160,3197.4
2024-10-17,3190.5,3222,3148.5,3177.4
2024-10-18,3187.5,3397,3185.5,3323.4
2024-10-21,3390,3448.5,3366,3407.8
2024-10-22,3401,3507,3397,3504.1
2024-10-23,3505.5,3507,3361,3383.9
2024-10-24,3387.5,3448,3342,3379.5
2024-10-25,3385,3419.5,3326,3377.9
2024-10-28,3383,3417,3339,3400.1
2024-10-29,3384.5,3472.5,3376.5,3444.1
2024-10-30,3462,3469,3356.5,3407.5
2024-10-31,3394.5,3404,3264,3279.6
2024-11-01,3279.5,3325,3246,3268.1
2024-11-04,3257,3300,3241.5,3260.9
2024-11-05,3258,3305.5,3235.5,3277.5
2024-11-06,3278,3285,3094,3133.1
2024-11-07,3129.5,3226.5,3096,3185.5
2024-11-08,3215.5,3217,3130,3144.9
2024-11-11,3141.5,3166,3053,3061.3
2024-11-12,3077.5,3093,3028,3075.9
2024-11-13,3082,3125.5,3038.5,3066.3
2024-11-14,3041.5,3074,2975,3056.9
2024-11-15,3053,3090,3026,3043.2
2024-11-18,3037,3135.5,3035,3122.4
2024-11-19,3124.5,3161.5,3112.5,3126.2
2024-11-20,3130.5,3142,3086,3100.5
2024-11-21,3095.5,3138,3071.5,3094.3
2024-11-22,3086,3147,3080.5,3133.8
2024-11-25,3185,3198,3053,3081
2024-11-26,3077,3117,3045.5,3083.2
2024-11-27,3093,3118.5,3043.5,3055.6
2024-11-29,3056,3137.5,3009.5,3110.8
2024-12-02,3112,3113.5,3051,3086.4
2024-12-03,3099,3157,3092,3149.2
2024-12-04,3150.5,3207,3106.5,3191.5
2024-12-05,3182.5,3195,3150.5,3153.6
2024-12-06,3182.5,3193.5,3132,3158.8
2024-12-09,3148,3294.5,3137.5,3261.1
2024-12-10,3246,3279.5,3230.5,3274.7
2024-12-11,3266,3314,3241,3296.7
2024-12-12,3279,3333,3149.5,3161.9
2024-12-13,3156,3163,3075.5,3102.8
2024-12-16,3100.5,3124,3094,3105.7
2024-12-17,3104,3111,3061.5,3092.1
2024-12-18,3098.5,3104.5,2975.5,3074
2024-12-19,2988,3014,2914.5,2941.1
2024-12-20,2947.5,3023.5,2919.5,2995.8
2024-12-23,3005.5,3035.5,2999,3018.9
2024-12-24,3021,3037,3011,3028.3
2024-12-26,3030,3048.5,3014.5,3038.9
2024-12-27,3041.5,3046.5,2989,2996.8
2024-12-30,2998,3010,2927.5,2941.2
2024-12-31,2938,2948,2920,2924.2
2025-01-02,2931,3004,2927,2990
2025-01-03,2998.5,3038,2993.5,3006.5
2025-01-06,3009.5,3096,2987.5,3058.3
2025-01-07,3048.5,3102.5,3041,3068.6
2025-01-08,3065.5,3104.5,3045.5,3069
2025-01-09,3073,3127,3065,3101.5
2025-01-10,3104.5,3184,3070,3131.4
2025-01-13,3130.5,3146.5,3020.5,3030.9
2025-01-14,3030.5,3058,3011.5,3035.1
2025-01-15,3054.5,3165,3037,3153.1
2025-01-16,3160,3198.5,3153.5,3172.5
2025-01-17,3160.5,3164,3091,3114.1
2025-01-21,3108.5,3157.5,3077,3149.6
2025-01-22,3155.5,3171,3111.5,3142
2025-01-23,3138.5,3139.5,3046.5,3084.2
2025-01-24,3084,3168.5,3082.5,3118.5
2025-01-27,3099.5,3100.5,3003.5,3041.4
2025-01-28,3057.5,3096,3023.5,3088.2
2025-01-29,3094,3176.5,3075.5,3139.3
2025-01-30,3158,3281.5,3156,3249.3
2025-01-31,3276.5,3292,3211.5,3226.5
2025-02-03,3246,3274.5,3161,3252.6
2025-02-04,3254,3319.5,3222.5,3302.2
2025-02-05,3287,3321.5,3263,3297.6
2025-02-06,3275.5,3291.5,3215,3262.6
2025-02-07,3265,3316.5,3217.5,3244.3
2025-02-10,3218,3280.5,3203,3249.1
2025-02-11,3249.5,3266,3165,3232.2
2025-02-12,3225.5,3287,3187.5,3278.5
2025-02-13,3271,3304.5,3245.5,3272.6
2025-02-14,3299,3424,3258.5,3285.5
2025-02-18,3268,3347.5,3246,3337.3
2025-02-19,3342,3364,3288.5,3304.3
2025-02-20,3315,3378.5,3308.5,3348.6
2025-02-21,3345,3354,3281,3301.2
2025-02-24,3285.5,3312,3239.5,3260.3
2025-02-25,3272,3279,3160,3182.6
2025-02-26,3204,3230,3179,3227.2
2025-02-27,3223.5,3229,3147,3180.1
2025-02-28,3157.5,3164.5,3108.5,3121.9
2025-03-03,3171.5,3249,3163.5,3231
2025-03-04,3226.5,3266,3203,3238.1
2025-03-05,3256,3331,3239.5,3313.4
2025-03-06,3323.5,3338,3286,3333.8
2025-03-07,3321,3331,3256,3280.9
2025-03-10,3294.5,3315,3228,3253
2025-03-11,3246,3344.5,3221.5,3314.7
2025-03-12,3337.5,3381.5,3318,3374.3
2025-03-13,3372.5,3468,3343.5,3430.6
2025-03-14,3450.5,3486,3414,3443.3
2025-03-17,3441,3445.5,3395.5,3430.8
2025-03-18,3438,3500,3432.5,3481.8
2025-03-19,3464,3479,3411,3420.5
2025-03-20,3442.5,3459.5,3361.5,3399.1
2025-03-21,3411.5,3413.5,3316.5,3348.6
2025-03-24,3354,3380.5,3338,3345
2025-03-25,3353,3436.5,3343,3418.7
2025-03-26,3425.5,3450,3406.5,3422.2
2025-03-27,3421,3540.5,3412.5,3508.3
2025-03-28,3532.5,3549.5,3464.5,3481.4
2025-03-31,3482.5,3520,3416.5,3461.1
2025-04-01,3477,3496,3416,3430.9
2025-04-02,3437.5,3515.5,3429,3465
2025-04-03,3495,3495,3173,3197
2025-04-04,3192,3204.5,2911.5,2923
2025-04-07,2923,3076,2754.5,2960.4
2025-04-08,3009,3052,2956,2968.6
2025-04-09,2978,3106.5,2925.5,3041.5
2025-04-10,3099,3124.5,3051,3075.9
2025-04-11,3111.5,3221,3086.5,3191
2025-04-14,3219.5,3238,3165.5,3216.7
2025-04-15,3228,3242.5,3207,3229.7
2025-04-16,3230.5,3317.5,3225.5,3298
2025-04-17,3277,3292.5,3211,3247
2025-04-21,3244,3310,3238.5,3252.1
2025-04-22,3264,3317,3225.5,3290.5
2025-04-23,3245,3367.5,3205,3354.7
2025-04-24,3356.5,3367,3313.5,3350.3
2025-04-25,3355,3369,3271.5,3301
2025-04-28,3302.5,3316.5,3258.5,3300.5
2025-04-29,3309.5,3351.5,3279.5,3327.5
2025-04-30,3289,3299,3213.5,3253.1
2025-05-01,3254.5,3255.5,3168.5,3218.9
2025-05-02,3238.5,3267.5,3191,3198.9
2025-05-05,3225,3288,3216,3247.4
2025-05-06,3269.5,3347,3262.5,3338.1
2025-05-07,3347,3348,3241.5,3279.1
2025-05-08,3257.5,3309.5,3237,3261.7
2025-05-09,3260.5,3304,3236,3291.4
2025-05-12,3260,3320,3204.5,3262.4
2025-05-13,3280,3343.5,3268,3310
2025-05-14,3308.5,3315,3225.5,3244.4
2025-05-15,3239.5,3282,3178,3268
2025-05-16,3279.5,3286.5,3198,3235.4
2025-05-19,3255,3279.5,3238,3250.7
2025-05-20,3250,3330.5,3223.5,3317.4
2025-05-21,3327.5,3378,3312.5,3364.6
2025-05-22,3358.5,3391.5,3274,3321.9
2025-05-23,3318.5,3369.5,3302,3360.9
2025-05-27,3361,3374.5,3288,3331.1
2025-05-28,3338,3358,3303.5,3316
2025-05-29,3311,3365.5,3280,3342.3
2025-05-30,3345,3347,3286.5,3302.9
2025-06-02,3313,3494.5,3307.5,3469.4
2025-06-03,3492,3493.5,3416.5,3463.3
2025-06-04,3468,3482.5,3435.5,3464.8
2025-06-05,3465,3627,3460,3580.5
2025-06-06,3580,3651,3575.5,3613.9
2025-06-09,3616.5,3703,3605.5,3679.6
2025-06-10,3689.5,3697.5,3642.5,3664.2
2025-06-11,3667.5,3679,3615,3626.1
2025-06-12,3636,3658.5,3558,3629.5
2025-06-13,3641,3677,3604,3635.5
2025-06-16,3645,3664.5,3612.5,3644.8
2025-06-17,3637,3733,3617,3715.1
2025-06-18,3720.5,3740.5,3654,3691.3
2025-06-20,3675,3682,3551.5,3601.7
2025-06-23,3600,3631.5,3577.5,3618.7
2025-06-24,3606.5,3616.5,3519.5,3573.2
2025-06-25,3586,3627.5,3563,3611.1
2025-06-26,3622,3677,3614,3659.1
2025-06-27,3656,3664,3562.5,3603.7
2025-06-30,3615,3646,3558.5,3617.2
2025-07-01,3632.5,3687.5,3605.5,3639.7
2025-07-02,3624.5,3681.5,3605.5,3672.7
2025-07-03,3679,3731.5,3657,3708.4
2025-07-07,3715,3743.5,3632.5,3690.4
2025-07-08,3695.5,3709.5,3644.5,3674.9
2025-07-09,3693.5,3695,3649,3663
2025-07-10,3660,3769,3657.5,3730.5
2025-07-11,3764.5,3922.5,3751,3895.5
2025-07-14,3913,3957,3835.5,3874.2
2025-07-15,3840,3874,3789.5,3811
2025-07-16,3798.5,3838,3775,3811.9
2025-07-17,3814.5,3846,3768.5,3830.3
2025-07-18,3842.5,3882.5,3837.5,3846.4
2025-07-21,3842,3938,3836.5,3933.4
2025-07-22,3925,3972,3902.5,3955.5
2025-07-23,3964.5,3991,3933.5,3950.3
2025-07-24,3953,3966,3893,3922.4
2025-07-25,3929,3952,3810,3836.5
2025-07-28,3828.5,3851,3807,3822.1
2025-07-29,3833,3849,3803.5,3828.6
2025-07-30,3840,3842,3680.5,3773.9
2025-07-31,3716,3728.5,3628,3671.2
2025-08-01,3678,3724,3640,3692.9
2025-08-04,3709,3752,3676,3732.8
2025-08-05,3744.5,3794,3732.5,3782.3
2025-08-06,3782.5,3802,3762,3790.2
2025-08-07,3793.5,3876,3793.5,3829.4
2025-08-08,3855.5,3887.5,3818,3854.2
2025-08-11,3854,3856,3761.5,3778.7
2025-08-12,3763,3809,3751.5,3800.2
2025-08-13,3793.5,3871,3787.5,3860.2
2025-08-14,3858,3878,3786,3806.9
2025-08-15,3803,3812,3772.5,3797.5
2025-08-18,3804,3834,3783,3802.9
2025-08-19,3807.5,3820,3724,3733.2
2025-08-20,3733.5,3791.5,3696,3777.3
2025-08-21,3789,3819,3752,3807.9
2025-08-22,3809.5,3909,3767.5,3905.4
2025-08-25,3895.5,3896.5,3852,3870.3
2025-08-26,3856,3886,3833,3860.6
2025-08-27,3871,3875.5,3817,3871.3
2025-08-28,3869,3934,3867.5,3919
2025-08-29,3915.5,4030.5,3890.5,4020
2025-09-02,4079,4199.5,4055.5,4159.2
2025-09-03,4172.5,4229,4146.5,4206
2025-09-04,4181,4183,4106.5,4141.7
2025-09-05,4131.5,4210,4116,4155.2
2025-09-08,4146.5,4235.5,4108,4190.2
2025-09-09,4193.5,4207,4120.5,4134.1
2025-09-10,4134,4178.5,4114.5,4160
2025-09-11,4163.5,4233,4133,4214.9
2025-09-12,4205,4304,4189.5,4283
2025-09-15,4272.5,4323.5,4247,4296.2
2025-09-16,4320,4343.5,4261.5,4291.7
2025-09-17,4287.5,4294,4148,4215.2
2025-09-18,4200,4225,4149.5,4211.8
2025-09-19,4211.5,4340.5,4193,4295.2
2025-09-22,4340,4439.5,4337,4421.4
2025-09-23,4430,4477,4397,4460.8
2025-09-24,4426.5,4462.5,4388.5,4419.2
2025-09-25,4412,4550,4406,4511.4
2025-09-26,4547.5,4694.5,4489,4665.6
2025-09-29,4642,4741,4627,4701.6
2025-09-30,4713.5,4739,4596,4664
2025-10-01,4683.5,4797.5,4681.5,4767.9
2025-10-02,4741,4801,4571,4636.9
2025-10-03,4686.5,4832.5,4655,4796.5
2025-10-06,4806,4861,4786,4844.8
2025-10-07,4840.5,4855,4701.5,4751.5
2025-10-08,4766.5,4919.5,4753,4899.4
2025-10-09,4845,4996.5,4689,4715.7
2025-10-10,4765,4862,4670,4724.7
2025-10-13,4752,5089,4742.5,5042.9
2025-10-14,5075.5,5249.5,4875,5062.2
2025-10-15,5037,5263.5,5031,5137.8
2025-10-16,5259,5361.5,5119.5,5329.6
2025-10-17,5342.5,5376.5,4966,5010.4
2025-10-20,5072.5,5183,5008,5138.4
2025-10-21,5137,5161.5,4712,4770.4
2025-10-22,4813,4865,4681,4768.1
2025-10-23,4814.5,4922.5,4764,4870.4
2025-10-24,4866,4876.5,4738.5,4858.6
2025-10-27,4830.5,4859.5,4605.5,4677.4
2025-10-28,4685,4737.5,4551,4732.4
2025-10-29,4713.5,4851,4692,4791.3
2025-10-30,4729,4883.5,4709.5,4861.6
2025-10-31,4873,4899.5,4797.5,4816
2025-11-03,4825,4883.5,4776,4804.9
2025-11-04,4788.5,4796.5,4665,4729.1
2025-11-05,4690,4811.5,4652,4802.2
2025-11-06,4785,4861.5,4741,4795
2025-11-07,4786,4873,4778,4814.3
2025-11-10,4829.5,5048,4823.5,5031.1
2025-11-11,5044.5,5113,5015,5074.4
2025-11-12,5107.5,5363,5076,5345.7
2025-11-13,5327.5,5441.5,5198.5,5317
2025-11-14,5220,5337.5,4986,5068.6
2025-11-17,5040.5,5111,4934.5,5071.1
2025-11-18,5006,5103.5,4911.5,5052.1
2025-11-19,5055,5224.5,5014.5,5085.4
2025-11-20,5106,5157.5,4992.5,5030.1
2025-11-21,5039.5,5055.5,4805,4991.3
2025-11-24,4985.5,5121.5,4937,5032.6
2025-11-25,5116,5151,5032,5096.5
2025-11-26,5110.5,5309.5,5096,5291.6
2025-11-28,5278.5,5645.5,5255,5644.6
2025-12-01,5700,5943.5,5685,5914.2
2025-12-02,5845,5932,5722.5,5870.3
2025-12-03,5916,5965.5,5821,5862
2025-12-04,5898,5923.5,5685,5749.1
2025-12-05,5756,5990,5732,5905.3
2025-12-08,5876.5,5907,5777,5840.5
2025-12-09,5851.5,6129.5,5799,6084
2025-12-10,6111,6239,6055,6102.9
2025-12-11,6223.5,6472,6178,6459.2
2025-12-12,6398.5,6508.5,6101.5,6200.7
2025-12-15,6202.5,6426,6160.5,6358.9
2025-12-16,6411,6420.5,6211.5,6332.3
2025-12-17,6379.5,6718,6372.5,6690.1
2025-12-18,6651,6682.5,6467.5,6521.9
2025-12-19,6541.5,6768,6446.5,6748.9
2025-12-22,6755,6952.5,6747,6856.5
2025-12-23,6908,7179.5,6872.5,7113.7
2025-12-24,7168,7275,7016,7168.5
2025-12-26,7272.5,7970,7272,7719.6
2025-12-29,8000,8267,7021.5,7046
2025-12-30,7168.5,7806.5,7067,7791.9
2025-12-31,7606.5,7627.5,6925.5,7060.3
2026-01-02,7150,7421,7051.5,7101.5
2026-01-05,7286.5,7776,7251,7652.2
2026-01-06,7653,8148.5,7570,8103.9
2026-01-07,8128.5,8258.5,7608,7761.3
2026-01-08,7796,7890,7353,7514.4
2026-01-09,7667.5,8046.5,7515,7934.1
2026-01-12,8050.5,8634,7990,8509.1
2026-01-13,8536,8921.5,8333,8633.8
2026-01-14,8690,9356,8675,9138.5
2026-01-15,9340,9375,8612.5,9234.7
2026-01-16,9229.5,9264.5,8657,8853.7
2026-01-20,9060.5,9578,9050,9463.6
2026-01-21,9455,9553,9015,9263.7
2026-01-22,9279,9673.5,9068,9637.2
2026-01-23,9632,10353,9622,10133.3
2026-01-26,10460,11770,10170,11550.4
2026-01-27,10401.5,11355,10290,10595.7
2026-01-28,11244,11760,11040,11353.4
2026-01-29,11662.5,12178.5,10661,11442.9
2026-01-30,11588.5,11845,7400,7853.1
2026-02-02,8430,8800,7120,7700.9
2026-02-03,7922,8910,7901,8330.1
2026-02-04,8491.5,9201.5,8300,8439.6
2026-02-05,8764.5,8983,7017.5,7671.4
2026-02-06,7036,7792,6390,7689.5
2026-02-09,7810,8376,7810,8223.4
2026-02-10,8321.5,8374.5,7961.5,8038.4
2026-02-11,8050,8612,8041.5,8392
2026-02-12,8412.5,8487.5,7437,7568.2
2026-02-13,7396,7925.5,7374.5,7796.4
2026-02-16,7779.8,7782,7465,7641.8
2026-02-17,7755,7845,7181.5,7354
2026-02-18,7358,7832,7225,7759.8
2026-02-19,7714.5,7940.5,7630,7763.4
2026-02-20,7847.5,8464.5,7728.5,8234.3
2026-02-23,8460,8886,8456,8657.3
2026-02-24,8804,8875,8460.5,8750.6
2026-02-25,8716.5,9134,8650.5,9098.8
2026-02-26,8892.5,9025.5,8498,8699.8
2026-02-27,8907.5,9476,8830.5,9329.1
2026-03-02,9600,9730,8672.5,8885.3
2026-03-03,8969,9161,7806,8347.3
2026-03-04,8240,8707,8174,8318.4
2026-03-05,8389.5,8575,8056.5,8218.1
2026-03-06,8255.5,8533.5,8178.5,8431.1
2026-03-09,8462,8740.5,7964,8452.3
2026-03-10,8727.5,9038.5,8680.5,8959.2
2026-03-11,8850.5,8970.5,8455.5,8553.5
2026-03-12,8606.5,8769.5,8312,8511.2
2026-03-13,8391,8562,7952,8134.3
2026-03-16,8029.5,8182,7712.5,8068.2
2026-03-17,8092,8276,7837.5,7992.1
2026-03-18,7939,8032,7501.5,7759.2
2026-03-19,7536.5,7675.5,6555,7121.5
2026-03-20,7283,7462,6774,6966.4
2026-03-23,6685,7103,6121,6935.5
2026-03-24,6937,7149.5,6611.5,6956.9
2026-03-25,7148,7480,7107,7264.1
2026-03-26,7150.5,7238.5,6670.5,6793.4
2026-03-27,6836.5,7177.5,6744,6979.6
2026-03-30,6935,7202.5,6770,7056.9
2026-03-31,7032.5,7567.5,6910,7548
2026-04-01,7548,7626.5,7400,7607.8
2026-04-02,7515,7598.5,6961,7292.4
2026-04-03,7292.4,7292.4,7292.4,7292.4
2026-04-06,7272,7373.5,7133.5,7284.7
2026-04-07,7286,7361,6978,7198.7
2026-04-08,7345,7780,7334.5,7538.5
2026-04-09,7430,7684,7292.5,7643.8
2026-04-10,7550,7700.5,7488,7648
2026-04-13,7485,7600,7254.5,7566.5
2026-04-14,7565.5,7980,7560.5,7953.3
2026-04-15,7970.5,8115.5,7830.5,7962.8
2026-04-16,7919.5,8103.5,7816,7871
2026-04-17,7866.5,8324.5,7777,8184.2
2026-04-20,8024,8075.5,7871.5,8003.8
2026-04-21,7984.5,8038,7538,7648.8
2026-04-22,7684,7863,7661.5,7796.1
2026-04-23,7784,7840.5,7423,7550.4
2026-04-24,7555.5,7666.5,7384.5,7641.4
2026-04-27,7550,7655.5,7459,7502.5
2026-04-28,7546,7615.5,7192.5,7321.9
2026-04-29,7298.5,7381.5,7088.5,7156.9
2026-04-30,7176,7440,7165,7402.8
2026-05-01,7442,7688,7311,7595.1
2026-05-04,7645.5,7653,7260,7352.2
2026-05-05,7317,7464.5,7280.5,7358.1
2026-05-06,7330,7833.5,7305,7730.3
2026-05-07,7783,8267.5,7745.5,8018
2026-05-08,7880,8216,7858,8086.5
2026-05-11,8015,8697.5,7953,8594.8
2026-05-12,8674,8800,8367,8559.1
2026-05-13,8732,9010.5,8633,8936.8
2026-05-14,8812.5,8916.5,8362.5,8532.8
2026-05-15,8400,8438,7609,7754.7
2026-05-18,7620.5,7862,7411,7744.4
2026-05-19,7805,7940,7334.5,7515.9
2026-05-20,7408,7699.5,7339,7618.1
2026-05-21,7619,7748,7469.5,7673.2
2026-05-22,7701.5,7741.5,7526.5,7619.9
2026-05-25,7698,7924.5,7698,7850
2026-05-26,7675,7925,7576,7660.6
2026-05-27,7733,7790,7372,7489.5
2026-05-28,7493,7630,7200,7591.2
2026-05-29,7602.5,7696,7481.5,7587.5
2026-06-01,7556.5,7656.5,7350.5,7525.4
2026-06-02,7515.5,7735.5,7477,7555.6
2026-06-03,7549.5,7562.5,7283.5,7369.4
2026-06-04,7308,7533.5,7257,7397.1
2026-06-05,7418.5,7438,6770,6910.3
2026-06-08,6784.5,6909.5,6630.5,6858.5
2026-06-09,6832,6918,6446,6524
2026-06-10,6520,6589,6342.5,6474
2026-06-11,6352.5,6769.5,6159.5,6400.1
2026-06-12,6749.5,6844.5,6596.5,6797.4
2026-06-15,6890,7140,6872.5,7018
2026-06-16,6995,7131,6910,7001.3
2026-06-17,7013.5,7165,6685,7076.7
2026-06-18,6804,6992,6518.5,6631.9
2026-06-19,6583.2,6588.8,6335.5,6491
2026-06-22,6578.5,6723,6335.5,6558.3
2026-06-23,6521.5,6531.5,6137,6207
2026-06-24,6163,6243.5,5575,5808.7
2026-06-25,5759.5,5905,5640,5836.1
2026-06-26,5802.5,5953,5569.5,5922.4
2026-06-29,5930,5992.5,5784,5863.2
2026-06-30,5877,6091,5706.5,5992.2
2026-07-01,5925,6154.5,5755.5,6051.1
2026-07-02,5975,6258,5941.5,6106.4
2026-07-03,6151,6335,6138.5,6281.5
2026-07-06,6150,6373,6138.5,6233
2026-07-07,6252,6259,5985,6133
2026-07-08,6031,6145.5,5760.5,5854
2026-07-09,5888.5,6103,5795.5,6074.8
2026-07-10,6041.5,6119.5,5924.5,6016.5
2026-07-13,5971,5979.5,5759.5,5797.2
2026-07-14,5796.5,6004.5,5716.5,5910.4
2026-07-15,5904.5,5940.5,5692,5743.3
2026-07-16,5812,5823,5559.5,5618.7
2026-07-17,5583.5,5647.5,5500,5632.6
2026-07-20,5596,5776,5576,5707.2
2026-07-21,5670.5,5955,5638,5910.8
2026-07-22,5909,6127,5902.5,6029.8
2026-07-23,6001,6036,5732,5805.4
2026-07-24,5792,5929,5736,5890.6
2026-07-27,5981,6039.5,5843,5871.2
2026-07-28,5874.5,5882.5,5686.5,5752.9
2026-07-29,5738.5,5954,5692.5,5808.9
2026-07-30,5797.5,5957,5712,5901.7
2026-07-31,5926,5940.5,5722,5778.6
2026-08-03,5865,5888,5670.5,5785.6
2026-08-04,5838,6028.5,5818.5,6024.5
2026-08-05,5978.5,6302.5,5962,6228.8
2026-08-06,6220,6332,6112,6160.6
2026-08-07,6185.5,6548,6142,6349.9
2026-08-10,6380,6625,6319.5,6527.2
2026-08-11,6594.5,6668.5,6447,6493.5
2026-08-12,6487.5,6698,6481,6570
2026-08-13,6545.5,6646.5,6431.5,6499.3
2026-08-14,6463,6588.5,6364.5,6510.8
2026-08-17,6506,6673.5,6485,6623.1
2026-08-18,6589.5,6668.5,6327,6403.7
2026-08-19,6342.5,6728.5,6245,6582.5
2026-08-20,6708,6904.5,6575.5,6810.5
2026-08-21,6829,7008,6796,6953
2026-08-24,6934.5,6992.5,6831,6859.4
