date,open,high,low,close
1999-01-04,66.2,66.4,65.2,65.4
1999-01-05,64.6,65.05,64.2,64.7
1999-01-06,64.65,65.5,64.6,65.3
1999-01-07,65.55,65.9,64.6,65.25
1999-01-08,65.75,66.55,65.5,65.9
1999-01-11,66.15,67.25,65.7,67.2
1999-01-12,67.65,67.9,66.5,66.95
1999-01-13,66.2,66.55,65.6,66.45
1999-01-14,65.9,66.2,65.4,65.8
1999-01-15,65.6,66.5,65.5,66.3
1999-01-19,66,67.1,65.9,66.9
1999-01-20,65.95,66.25,65.55,66
1999-01-21,66.4,66.8,65.55,65.85
1999-01-22,65.85,66.05,65.3,65.7
1999-01-25,65.2,65.5,64.7,65.35
1999-01-26,65.4,65.65,64.8,64.95
1999-01-27,64.3,65,64.2,64.4
1999-01-28,64.4,64.8,64.3,64.35
1999-01-29,63.75,64.6,63.7,64.5
1999-02-01,64.5,64.7,63.7,64.6
1999-02-02,64.8,65.05,64.5,64.85
1999-02-03,65.5,65.8,64.8,64.8
1999-02-04,65.9,66.3,65.55,65.8
1999-02-05,66.7,66.8,66.1,66.6
1999-02-08,66.75,68.5,66.7,68.45
1999-02-09,67.7,67.8,66.4,66.75
1999-02-10,66.7,66.9,65.8,66.25
1999-02-11,66.1,66.5,65.9,66.25
1999-02-12,66.1,66.3,65.4,65.5
1999-02-16,63.6,63.9,62.5,62.55
1999-02-17,63.1,63.35,62.7,62.75
1999-02-18,62.5,62.7,61.7,61.75
1999-02-19,62.5,62.7,61.8,61.9
1999-02-22,61.6,61.75,61.15,61.35
1999-02-23,62.35,63.2,62.3,62.65
1999-02-24,62.8,63.6,62.3,62.9
1999-02-25,62.7,63.45,62.65,63.4
1999-02-26,63.05,63.4,62.9,63.25
1999-03-01,62.55,62.95,62.4,62.4
1999-03-02,62.1,63.2,61.9,63
1999-03-03,63.4,63.9,63.2,63.4
1999-03-04,62.35,64.75,62.15,63.3
1999-03-05,63.5,64.1,63,63.4
1999-03-08,62.75,63,62.25,62.65
1999-03-09,63,63.7,62.9,63.1
1999-03-10,62.85,63.8,62.8,63.4
1999-03-11,63.8,64,63.1,63.1
1999-03-12,62.65,63.25,62.4,62.45
1999-03-15,62.1,62.5,61.6,61.75
1999-03-16,61.9,62.25,61.6,61.85
1999-03-17,62.3,63.2,62.25,62.3
1999-03-18,62.9,63.1,61.6,61.65
1999-03-19,62.15,62.6,61.6,61.75
1999-03-22,62.05,64.55,61.8,64.5
1999-03-23,65.5,65.9,64.95,65.6
1999-03-24,64.9,65.7,64.6,65.2
1999-03-25,65.25,66.1,65.1,65.85
1999-03-26,65.65,65.7,65,65.15
1999-03-29,63.8,64,62.35,62.45
1999-03-30,62.45,62.9,61.8,62.2
1999-03-31,62.6,63,62.2,62.75
1999-04-01,62.4,63.2,62.4,62.85
1999-04-05,63,63.1,62.4,63
1999-04-06,62.65,63.2,62.5,62.75
1999-04-07,63.35,64.7,63.3,64.65
1999-04-08,64.75,65.4,64.2,64.45
1999-04-09,63.9,64.65,62.8,64.55
1999-04-12,64.25,64.3,63.35,63.55
1999-04-13,64.25,66,64.2,65.65
1999-04-14,65.15,65.65,64.6,65.05
1999-04-15,67.7,67.7,66.5,67.15
1999-04-16,69,69.2,68.7,68.95
1999-04-19,68.5,70.5,68.1,70.4
1999-04-20,69.6,69.95,68.4,68.65
1999-04-21,68.3,69.4,68.05,69.1
1999-04-22,70.3,71.8,69.8,71.45
1999-04-23,71.1,71.2,70.5,70.65
1999-04-26,69.7,70.35,69.4,70.3
1999-04-27,69.95,71,69.65,70.55
1999-04-28,70.8,71.65,70.35,70.9
1999-04-29,72,72.9,71.5,72.55
1999-04-30,72.55,72.8,71.9,72.75
1999-05-03,72.6,73.4,72.35,73.3
1999-05-05,72.1,72.55,71.7,72.2
1999-05-06,72.9,73.7,72.8,72.85
1999-05-07,72.1,72.8,71.85,72.25
1999-05-10,72.3,72.55,71.7,72.25
1999-05-11,71.1,72.35,70.75,72.2
1999-05-12,71.7,71.85,70.9,71
1999-05-13,71.4,71.7,70.9,71.6
1999-05-14,70.6,72,70.25,71.9
1999-05-17,71.3,71.5,70.85,71.3
1999-05-18,71.5,71.7,69.85,70.75
1999-05-19,69.8,70.25,68.55,68.7
1999-05-20,68.65,69.15,67.8,67.9
1999-05-21,67.7,68.4,66.8,67.1
1999-05-24,67.2,67.6,66.55,67.15
1999-05-25,67.4,67.85,67,67.35
1999-05-26,67,67.25,66.25,66.45
1999-05-27,65.55,65.7,63,63.15
1999-05-28,62,63,61.1,62.8
1999-06-01,62.7,63.7,62.6,63.5
1999-06-02,63.55,63.9,62.2,62.3
1999-06-03,62.3,62.6,61.7,62.4
1999-06-04,63.2,63.6,62,62
1999-06-07,62.1,63.1,62,63
1999-06-08,63.3,63.85,62.6,63.6
1999-06-09,63.5,64.2,63.5,63.85
1999-06-10,64,64.85,63.9,64
1999-06-11,63.9,65.2,63.6,64.55
1999-06-14,64.65,65,64.05,64.9
1999-06-15,64.05,64.3,63,63.25
1999-06-16,63.1,63.4,62.8,62.95
1999-06-17,63.1,63.4,62.65,63.25
1999-06-18,64.1,65.8,63.7,65.4
1999-06-21,65.6,66.1,65.35,66
1999-06-22,65.7,67.05,65.15,66.4
1999-06-23,66.3,66.4,65.5,66
1999-06-24,66.1,67,65.6,66.35
1999-06-25,68.2,70,68.1,69.95
1999-06-28,71.2,71.4,70.45,70.65
1999-06-29,71.8,72,70.7,71.6
1999-06-30,71.4,76.9,71.25,76.65
1999-07-01,76.4,77.5,75.7,76
1999-07-02,76.4,76.6,75.7,76.5
1999-07-06,75.9,77.1,75.5,76.2
1999-07-07,76.1,78.7,75.9,78.6
1999-07-08,79.55,80.3,77.9,78.15
1999-07-09,77.9,78.7,76.9,78.1
1999-07-12,77.7,78.2,77.2,77.9
1999-07-13,77.1,77.2,75.5,76.2
1999-07-14,76.3,78.35,76.25,77.7
1999-07-15,78.8,80.15,78,79.9
1999-07-16,77.4,79.1,76.3,78.3
1999-07-19,77.9,78,77.2,77.9
1999-07-20,78.1,78.4,76.5,76.95
1999-07-21,76.4,77.2,74,74.75
1999-07-22,74.6,75.5,73.9,75.4
1999-07-23,75.15,76.3,74.2,74.6
1999-07-26,74.1,75,73.1,74.7
1999-07-27,75,76.2,74.9,75.4
1999-07-28,74.2,74.8,73.7,74.5
1999-07-29,74.1,74.75,73.15,73.35
1999-07-30,73.7,76.4,73.6,76.25
1999-08-02,75.6,75.9,74.5,74.8
1999-08-03,75.45,76.3,75.1,75.6
1999-08-04,75.5,76.45,75.25,76.15
1999-08-05,77.6,78.1,76.45,77.4
1999-08-06,77.5,78,77,77.7
1999-08-09,77.8,78.3,77.4,77.75
1999-08-10,77,77.9,76.5,76.75
1999-08-11,76.75,77.8,75.8,77.75
1999-08-12,78.05,78.8,77,77.1
1999-08-13,77.2,77.9,75.6,77.6
1999-08-16,77.2,77.6,76.6,77.5
1999-08-17,77.1,77.75,76.75,77.05
1999-08-18,76.75,77.35,74.3,74.55
1999-08-19,74.6,75.1,74,74.75
1999-08-20,74.9,75.4,73.5,74.05
1999-08-23,73.85,74.3,73.3,73.9
1999-08-24,74.8,75.6,74.65,75.55
1999-08-25,76.3,76.75,74.9,75.25
1999-08-26,75,75.95,74.4,74.85
1999-08-27,76.1,76.8,76.1,76.7
1999-08-30,76.2,76.5,75.35,76.1
1999-08-31,76.9,79.4,76.9,79.2
1999-09-01,79.9,80.8,79.7,80.7
1999-09-02,80.2,81.55,79.8,81.05
1999-09-03,80.8,81.7,80.5,80.8
1999-09-07,81.8,82.75,81.7,82.65
1999-09-08,81.85,82.3,81.4,82.2
1999-09-09,82.2,83.6,81.8,83.35
1999-09-10,82.1,83.1,82.1,82.85
1999-09-13,82.4,82.5,81.8,82.15
1999-09-14,81.7,81.8,80.4,80.85
1999-09-15,80,83.6,80,82.9
1999-09-16,83.35,83.5,82.2,82.3
1999-09-17,83.2,84.4,83.2,84.35
1999-09-20,83.8,84,82.7,82.95
1999-09-21,83.7,84,82.9,83.65
1999-09-22,83.2,83.6,81.5,82.2
1999-09-23,82.1,82.5,80.9,81.5
1999-09-24,81.3,81.75,79.6,80.15
1999-09-27,80.7,81.3,79.5,79.7
1999-09-28,80.55,83,80.2,81.7
1999-09-29,83,83.3,81,81.05
1999-09-30,81.5,82.7,81.15,82.65
1999-10-01,81.8,82.75,80.6,81.5
1999-10-04,81.2,81.6,80.3,80.65
1999-10-05,81.3,81.6,79.9,81
1999-10-06,81.4,81.8,80,80.55
1999-10-07,80.4,81.1,79.5,80.5
1999-10-08,78,78.5,76.3,76.75
1999-10-11,76,76.7,75.2,75.9
1999-10-12,76,79.35,76,78.8
1999-10-13,78.55,80.1,78.55,79.55
1999-10-14,79.5,79.7,78.3,79
1999-10-15,78.7,79.1,77.8,78.95
1999-10-18,78.25,79.7,77.8,79.6
1999-10-19,79.3,80.15,78.95,79.1
1999-10-20,80.3,81.5,80.3,81.3
1999-10-21,81.8,82,80.7,81.25
1999-10-22,81.2,82.2,81.1,81.75
1999-10-25,81.5,81.65,80.6,80.95
1999-10-26,80.1,80.9,79.5,79.8
1999-10-27,79.95,80.2,78.5,79.75
1999-10-28,79.5,80.85,79.1,80.7
1999-10-29,81.3,81.4,80.4,80.55
1999-11-01,80.9,81.25,80.2,80.5
1999-11-02,80.3,81.9,80.2,81.4
1999-11-03,81.8,82.4,81,81.15
1999-11-04,81.5,82.4,80.65,80.9
1999-11-05,80.4,81.1,79.7,80.05
1999-11-08,79.7,80.95,79.3,79.85
1999-11-09,79.9,80.7,79.8,80.45
1999-11-10,80,80.3,78.8,79.05
1999-11-11,79.3,79.55,77.6,78.05
1999-11-12,78.1,78.3,76.5,77.25
1999-11-15,77.15,78.25,76.6,78.2
1999-11-16,78.4,79.1,78,78.35
1999-11-17,78.35,78.95,78.1,78.3
1999-11-18,78.3,78.55,77.4,78.25
1999-11-19,77.7,78.75,77.2,78.55
1999-11-22,78.6,79.3,78.45,79
1999-11-23,80.5,80.7,79.95,80.2
1999-11-24,80.4,81.2,80.15,80.7
1999-11-29,81.6,81.9,80.9,81.4
1999-11-30,81.3,81.9,81.1,81.8
1999-12-01,81.3,81.6,80.1,80.65
1999-12-02,79.8,80.1,79,79.95
1999-12-03,79.75,81.5,79.6,81.3
1999-12-06,81.45,81.6,80.75,81.5
1999-12-07,80.75,80.9,79.6,80.25
1999-12-08,80.25,80.6,79.8,79.95
1999-12-09,80.25,80.65,79.7,80.4
1999-12-10,80.1,80.3,79.4,79.6
1999-12-13,79.45,80.3,79.45,80.15
1999-12-14,80.15,81.1,79.9,80.85
1999-12-15,81.7,84,81.65,83.95
1999-12-16,84,84.3,83.35,84.05
1999-12-17,84.65,85,83.8,84.5
1999-12-20,84.1,84.8,83.65,84.65
1999-12-21,84.3,84.5,83.25,83.3
1999-12-22,83.8,85.55,83.7,85.35
1999-12-23,85.2,85.85,85,85.25
1999-12-27,85.3,85.8,85.05,85.15
1999-12-28,85.05,85.6,85,85.2
1999-12-29,85.2,86.2,84.8,85.85
1999-12-30,86,86.4,85.55,86.3
2000-01-04,85.4,85.7,84.5,84.8
2000-01-06,84.95,85.55,84.8,85.3
2000-01-07,85.3,86.25,84.95,85.4
2000-01-10,85.15,85.45,84,84.65
2000-01-11,84.65,85.1,84.2,84.35
2000-01-12,84.7,86.95,84.7,86.6
2000-01-13,86.35,86.6,85.5,85.65
2000-01-14,85.8,86.3,85.75,86.25
2000-01-18,85.6,86.9,85.1,86.6
2000-01-19,87.25,88.3,86.8,88.2
2000-01-20,87.9,88.5,86.75,87.3
2000-01-21,87.4,88.1,86.8,87.3
2000-01-24,86.5,86.7,85.6,85.65
2000-01-25,85.95,86.2,84.1,84.25
2000-01-26,84.7,85,83.5,84.15
2000-01-27,83.1,84.8,83.1,84.45
2000-01-28,84.7,85.2,83.35,83.5
2000-01-31,83.25,85,83.25,84.95
2000-02-01,84.65,85.4,83.55,84.3
2000-02-02,83.9,84.1,81.8,82.25
2000-02-03,82,82.7,81.55,82.6
2000-02-04,81.6,82.85,81.25,82.75
2000-02-07,82.7,82.75,81.9,82.7
2000-02-08,82.55,82.65,81.7,82
2000-02-09,82.1,82.5,81.7,82.2
2000-02-10,83.2,85.2,83.15,84.95
2000-02-11,85.1,85.2,84.45,84.5
2000-02-14,84.2,84.45,83.55,84.4
2000-02-15,84.4,84.6,82.1,82.7
2000-02-16,82.4,83,82.05,82.8
2000-02-17,82.9,83.6,82.25,83.6
2000-02-18,83.8,84.1,83.1,83.2
2000-02-22,82.5,82.8,81.8,82.75
2000-02-23,82.85,84,82.8,83.9
2000-02-24,84.4,84.7,83.3,83.4
2000-02-25,84.2,84.2,82.7,82.75
2000-02-28,81.2,81.3,79.15,79.4
2000-02-29,79.9,79.9,78.1,79.8
2000-03-01,80.05,81,79.3,80.3
2000-03-02,79.8,80.2,79.1,79.7
2000-03-03,79.65,80.55,78.8,80.3
2000-03-06,79.9,80.8,79.7,80.45
2000-03-07,80.75,81,79.15,79.45
2000-03-08,78.8,79.2,78.15,78.95
2000-03-09,79.2,79.95,78.7,79.9
2000-03-10,79.85,80.3,79,79.15
2000-03-13,79,79.35,78.2,79
2000-03-14,79.75,81,79.7,80.3
2000-03-15,80.6,81.4,80.25,81.1
2000-03-16,81.3,82.25,80.6,81.95
2000-03-17,81.4,82.1,81.3,81.45
2000-03-20,81.2,81.9,80.6,80.75
2000-03-21,80.9,82.2,80.6,81.85
2000-03-22,82.3,82.6,81.35,81.7
2000-03-23,81.45,81.85,81,81.8
2000-03-24,81.8,81.95,80.9,81.1
2000-03-27,80,80.3,79.5,80.25
2000-03-28,80.2,80.65,79.9,80.4
2000-03-29,80,80.85,80,80.7
2000-03-30,80.65,81.4,80.6,80.75
2000-03-31,80.15,80.65,79.8,80.5
2000-04-03,79.4,80.3,78.8,80.25
2000-04-04,79.7,80.2,79.2,79.3
2000-04-05,79.1,79.7,78.9,79.1
2000-04-06,77.6,77.6,76.2,76.35
2000-04-07,76.5,76.95,75.85,76.85
2000-04-10,77.25,77.7,76.6,77.55
2000-04-11,77.6,78.4,77.4,78
2000-04-12,77.6,78.1,77.3,77.75
2000-04-13,77,77.5,76.75,77
2000-04-14,76.25,76.4,75.15,75.35
2000-04-17,74.25,75.1,74.25,74.35
2000-04-18,75.8,76.7,75.45,76.45
2000-04-19,76.6,77.4,76.55,76.9
2000-04-20,76.5,77.2,76.45,76.6
2000-04-24,76.4,76.6,75.7,76.6
2000-04-25,76.9,79,76.8,78.95
2000-04-26,79.5,80.1,79.1,79.2
2000-04-27,79.1,79.8,78.7,79.65
2000-04-28,79.8,80.8,79.5,79.6
2000-05-01,79.9,80,79.6,80
2000-05-02,80.15,82.55,80.1,82.15
2000-05-03,81.95,82.4,81.35,81.85
2000-05-04,81.65,82.4,81.4,81.95
2000-05-05,83.2,84.3,83.1,84.05
2000-05-08,83.9,84.7,83.35,83.55
2000-05-09,83.25,83.65,82.7,83.05
2000-05-10,83.9,84.4,82.6,82.85
2000-05-11,82.8,83.5,82.75,83
2000-05-12,84.7,84.9,84.1,84.45
2000-05-15,84.45,84.7,83.9,84.05
2000-05-16,84.65,85.5,84.6,85.1
2000-05-17,85.1,85.4,84.25,84.3
2000-05-18,85.5,85.5,84.45,84.5
2000-05-19,84.5,84.6,83.6,84.25
2000-05-22,84.3,84.45,82.8,83.1
2000-05-23,83.6,83.8,83,83.45
2000-05-24,83.2,84.6,83.1,83.85
2000-05-25,83.35,83.6,82.7,83.25
2000-05-26,83.4,83.75,83.1,83.55
2000-05-30,82.8,82.8,80.6,81.15
2000-05-31,80.6,81.5,79.9,81.45
2000-06-01,80.7,81.6,80.45,81.15
2000-06-02,82.1,82.35,79,79.3
2000-06-05,79.4,80.4,79.3,80.2
2000-06-06,80.5,81.15,80.2,80.45
2000-06-07,80.1,80.3,78.45,79.45
2000-06-08,79.1,79.9,78.7,79.75
2000-06-09,79.2,80.15,79.2,79.8
2000-06-12,79.7,80.1,78.7,79.45
2000-06-13,79.7,80.6,79.6,80.15
2000-06-14,80.6,81,80.2,80.9
2000-06-15,81.3,81.9,79.9,81.8
2000-06-16,81.8,82.7,81.35,82.4
2000-06-19,81.95,83.1,81.6,82.8
2000-06-20,82.2,82.55,81,81.3
2000-06-21,81.5,82.7,81.15,82.45
2000-06-22,82.4,82.9,81.6,81.75
2000-06-23,81.7,81.9,80.4,81.05
2000-06-26,81.6,82.55,81.35,82.3
2000-06-27,83.85,84,82.55,82.7
2000-06-28,83.1,83.5,82.55,82.85
2000-06-29,82.1,82.4,81.45,81.85
2000-06-30,82.3,82.7,82,82.4
2000-07-05,82.35,82.6,81.8,82.25
2000-07-06,81.7,81.95,80.8,81.15
2000-07-07,80.95,81.45,80.8,81.35
2000-07-10,81.35,82.35,81.05,82.1
2000-07-11,82.65,82.9,82.1,82.6
2000-07-12,82.3,83.6,82.2,83.2
2000-07-13,83.25,83.6,82.8,82.95
2000-07-14,82.8,83.25,82.25,82.9
2000-07-17,83,85,82.85,84.6
2000-07-18,84.75,85.2,84.5,84.7
2000-07-19,84.9,85.3,84.35,84.7
2000-07-20,84.4,84.95,84.25,84.8
2000-07-21,86.5,86.8,86.1,86.7
2000-07-24,87.1,87.25,86.3,86.85
2000-07-25,86.5,86.9,86.4,86.55
2000-07-26,86.6,86.8,85.75,86.1
2000-07-27,86.05,87.15,85.9,87
2000-07-28,87.3,87.55,86.45,86.85
2000-07-31,86.5,87.5,86.05,87.45
2000-08-01,86.6,87.8,86.45,87.35
2000-08-02,87.2,88.2,86.9,87
2000-08-03,86.8,87.2,86.5,86.9
2000-08-04,86.45,87.35,86.2,87.3
2000-08-07,87.2,87.3,86.7,87.1
2000-08-08,87.2,87.3,85.8,86.15
2000-08-09,86.45,87.7,86.3,87.35
2000-08-10,87.2,87.3,86,86.45
2000-08-11,86.45,86.85,85.6,85.95
2000-08-14,86,86.8,85.7,86.7
2000-08-15,86.8,87.55,86.75,87.05
2000-08-16,86.8,87,86.35,86.65
2000-08-17,86.4,87.1,86.35,86.9
2000-08-18,87.1,87.25,86.4,86.5
2000-08-21,86.05,86.35,85.2,85.4
2000-08-22,85.4,85.9,85.2,85.75
2000-08-23,85.85,86.6,85.35,85.65
2000-08-24,86.9,87.6,86.7,87.2
2000-08-25,87.1,87.45,86.5,87.4
2000-08-28,87.3,87.6,87,87.15
2000-08-29,87.8,89,87.35,88.95
2000-08-30,89.6,89.8,89.05,89.7
2000-08-31,89.5,89.85,88.9,89.5
2000-09-01,89.85,89.95,89.3,89.75
2000-09-05,90.6,91.4,90.3,91.25
2000-09-06,90.7,91.2,90.5,90.8
2000-09-07,90.7,91.5,90.65,91.2
2000-09-08,91.9,92.7,91.6,91.8
2000-09-11,91.6,92.2,91.3,92.05
2000-09-12,92.05,93.6,91.9,93.6
2000-09-13,94.1,94.2,93.3,93.55
2000-09-14,94.15,94.4,93.15,93.5
2000-09-15,93.2,93.5,92.3,92.95
2000-09-18,92.9,93.35,92.3,92.75
2000-09-19,92.55,93.1,91.85,93.05
2000-09-20,92,92.2,90.7,91.05
2000-09-21,91.3,93.4,91.25,93.4
2000-09-22,93,93.55,92.55,92.8
2000-09-25,92.9,93.65,92.8,93.5
2000-09-26,93.2,93.3,91.8,92.35
2000-09-27,91.45,92.4,91.3,92.15
2000-09-28,91.6,92.1,91.3,91.9
2000-09-29,92.25,92.7,91.9,92.05
2000-10-02,91.9,92,89.85,89.9
2000-10-03,89.1,90.3,88.9,90.25
2000-10-04,89.9,90,89.3,89.9
2000-10-05,89.75,91.6,89.7,91.1
2000-10-06,90.8,90.85,90.2,90.6
2000-10-09,90.2,90.2,89,89.65
2000-10-10,89.95,90.6,89.9,90.55
2000-10-11,90.2,90.3,89.25,90.2
2000-10-12,89.9,90.2,88.1,88.2
2000-10-13,87.9,89.5,87.85,89.25
2000-10-16,89.2,89.6,88.65,89.4
2000-10-17,88.3,88.5,87.55,88.3
2000-10-18,87.8,87.9,86.5,87.2
2000-10-19,87,87.6,86.9,87.3
2000-10-20,87,87.55,86.1,86.2
2000-10-23,86.25,86.9,85.9,86.75
2000-10-24,87.1,87.35,86.5,86.55
2000-10-25,86.35,86.45,85.1,85.25
2000-10-26,85.1,85.1,82.85,83.15
2000-10-27,83.6,84.85,83.1,84.4
2000-10-30,84.3,84.6,83.85,84.45
2000-10-31,85.2,85.85,84.7,84.85
2000-11-01,84.5,84.7,83.4,83.6
2000-11-02,83.95,84.15,83.4,83.8
2000-11-03,84.3,84.9,83.6,83.85
2000-11-06,83.85,84.05,82.6,82.75
2000-11-07,83.2,83.6,82.75,83.05
2000-11-08,83.55,83.6,82.7,83.6
2000-11-09,83.2,84.6,83.15,84.05
2000-11-10,84,84.3,83,83.85
2000-11-13,81.8,82.15,81.6,82.1
2000-11-14,82.4,82.9,82.25,82.75
2000-11-15,82.6,83.2,82.1,82.7
2000-11-16,82.4,82.5,81.75,82
2000-11-17,81.8,82.65,81.55,82.45
2000-11-20,82.1,82.55,81.65,82.5
2000-11-21,82.2,83,81.9,82.8
2000-11-22,82.1,82.3,81.3,82.1
2000-11-27,83.4,84.4,83.35,84.2
2000-11-28,85.6,86,85.35,85.95
2000-11-29,85.75,86.45,85.45,85.8
2000-11-30,85.25,86,84.3,84.55
2000-12-01,85.1,85.9,84.85,85.85
2000-12-04,85.85,86.4,85.6,86.2
2000-12-05,86.2,87.2,85.75,86.9
2000-12-06,87.05,87.8,86.8,87.75
2000-12-07,87.75,88.25,87.5,88.1
2000-12-08,89,89.2,88.75,89.1
2000-12-11,89.45,90.1,89.1,89.15
2000-12-12,88.8,88.9,87.9,88.5
2000-12-13,88,88.4,87.85,88.3
2000-12-14,88.35,89.15,88.15,89.15
2000-12-15,89.3,89.45,86.5,87.2
2000-12-18,87.2,87.65,86.5,87.35
2000-12-19,86.8,87.25,86.35,86.95
2000-12-20,85.9,86.45,85.05,85.9
2000-12-21,85.15,85.5,84.2,85.35
2000-12-22,85.1,86,84.85,85.65
2000-12-26,85.6,86.4,85.55,86.25
2000-12-27,85.35,85.45,84.3,84.75
2000-12-28,84.9,85.2,84.5,84.95
2000-12-29,84.5,84.7,84.1,84.3
2001-01-02,83.5,83.55,80.9,81.15
2001-01-03,80.5,82.2,80.2,81.7
2001-01-04,82.15,82.25,80.9,81.1
2001-01-05,81.65,82.5,80.9,82.45
2001-01-08,81.95,83.5,81.55,82.85
2001-01-09,83.2,83.7,82.45,82.5
2001-01-10,82.65,83.4,82.4,82.6
2001-01-11,83.2,83.85,82.8,83.05
2001-01-12,83.15,84.4,83,84.15
2001-01-16,83.1,83.25,81.6,82.3
2001-01-17,82.3,83.1,81.95,82.75
2001-01-18,83.4,86.4,83.3,86.15
2001-01-19,85.6,86.1,84.65,84.75
2001-01-22,84.8,85.5,84.65,84.75
2001-01-23,85.3,85.85,84.5,84.85
2001-01-24,84.5,84.8,82.5,83.5
2001-01-25,83.45,84.1,82.65,83.7
2001-01-26,84.05,84.2,83.45,84
2001-01-29,83.5,83.7,83,83.25
2001-01-30,82.9,84.45,82.7,84.1
2001-01-31,84.65,85,84.1,84.55
2001-02-01,84.6,85.1,84.1,84.7
2001-02-02,84.05,84.3,83.35,84.15
2001-02-05,83.7,84.1,82.2,82.5
2001-02-06,82.4,83.3,82.2,83.05
2001-02-07,83.1,83.35,82.75,82.85
2001-02-08,83.1,83.3,82.6,82.95
2001-02-09,83,83.2,81.5,82
2001-02-12,81.4,82,81.3,81.75
2001-02-13,81.55,83.2,81.55,82.45
2001-02-14,82,82.25,81.65,82.2
2001-02-15,82.85,83.4,82.55,82.8
2001-02-16,83.05,83.2,82.3,82.5
2001-02-20,82.1,82.3,81.5,82.05
2001-02-21,81.6,81.6,80,80.05
2001-02-22,80.1,80.4,79.7,80.1
2001-02-23,80.3,80.45,79.2,79.6
2001-02-26,80.3,81.5,80.1,81.25
2001-02-27,80.9,81.3,80.4,80.95
2001-02-28,80.75,82,80.6,81.6
2001-03-01,81.6,83,81.6,82.4
2001-03-02,82.3,82.9,82.15,82.8
2001-03-05,82.8,84.4,82.5,83.8
2001-03-06,85,85.3,84.5,84.85
2001-03-07,84.3,84.9,83.85,84
2001-03-08,83.45,83.8,82.55,82.65
2001-03-09,82.95,83.4,82.9,83.25
2001-03-12,82.9,83.05,82.1,82.85
2001-03-13,81.7,82.1,81.5,81.95
2001-03-14,81.15,81.6,80.85,81.3
2001-03-15,81,81.5,80.85,81.05
2001-03-16,80.5,80.75,79.1,79.2
2001-03-19,79.3,79.9,79.1,79.8
2001-03-20,79.95,80.4,79.8,80.1
2001-03-21,79.2,79.6,79,79.25
2001-03-22,78.8,79.15,78.05,78.4
2001-03-23,78.75,79,78.5,78.6
2001-03-26,79.2,79.75,78.1,78.45
2001-03-27,78.5,79.4,78.2,79.2
2001-03-28,78.4,78.4,77.3,77.3
2001-03-29,76.7,77.7,76.65,77.55
2001-03-30,76.85,77.1,76.3,76.4
2001-04-02,76.1,76.6,76,76.05
2001-04-03,76.4,76.8,75.7,76.6
2001-04-04,77,77.3,76.4,76.6
2001-04-05,77,77.4,76.8,76.85
2001-04-06,76.4,76.6,74.8,75.05
2001-04-09,75.4,76.25,75.4,76
2001-04-10,77.2,77.7,76.8,76.95
2001-04-11,77.7,77.8,76.4,76.55
2001-04-12,76.6,77.1,76.1,76.9
2001-04-16,76.7,77.2,76.7,76.9
2001-04-17,76.7,76.7,76.25,76.45
2001-04-18,76.8,78.65,76.65,78.5
2001-04-19,78.1,78.2,77.1,77.3
2001-04-20,78,78.25,77.2,77.5
2001-04-23,76.8,76.95,75.5,75.8
2001-04-24,75.8,76.35,75.7,76.15
2001-04-25,76.9,77.9,76.75,77.25
2001-04-26,77.6,78.1,76.7,76.8
2001-04-27,76.6,77.5,76.5,76.95
2001-04-30,76.5,77.7,76.1,77.7
2001-05-01,77.7,78.55,77.5,78.4
2001-05-02,78.6,79.8,78.2,79.65
2001-05-03,79.9,79.95,78.8,79.15
2001-05-04,78.9,78.95,78,78.55
2001-05-07,78.6,79,78.6,78.65
2001-05-08,78,78.25,76.65,76.85
2001-05-09,76.4,76.6,75.75,76.35
2001-05-10,76.75,77.1,75.6,75.95
2001-05-11,76.1,76.65,75.8,76.35
2001-05-14,75.6,75.7,75.1,75.5
2001-05-15,75.7,76.2,75.4,75.5
2001-05-16,74.95,76.2,74.75,75.65
2001-05-17,76.25,77.3,75.75,76.85
2001-05-18,77.4,78.85,77.35,78.75
2001-05-21,79.25,80.5,79.25,80.3
2001-05-22,79.7,79.95,79.05,79.15
2001-05-23,78.9,79.3,78.6,79.05
2001-05-24,79.8,80.3,79.25,79.35
2001-05-25,79,79.5,78.9,79.25
2001-05-29,78.15,78.2,76.6,76.7
2001-05-30,76.8,77.2,76.2,76.25
2001-05-31,76.2,76.45,75.1,75.75
2001-06-01,75.7,76,75.1,75.2
2001-06-04,74.9,75.3,74.55,75.2
2001-06-05,75.6,76.25,75.45,76.15
2001-06-06,76.05,76.2,75.35,75.35
2001-06-07,74.9,75.6,74.8,75
2001-06-08,74,74.3,73,73.05
2001-06-11,73.45,73.6,72.95,73.15
2001-06-12,72.8,73.1,72,72.8
2001-06-13,72.4,72.7,72.1,72.45
2001-06-14,72.8,73.2,72.3,72.7
2001-06-15,72.3,72.65,71.6,71.95
2001-06-18,71.35,72.25,71.3,72.05
2001-06-19,72.45,72.9,72.4,72.55
2001-06-20,71.8,72.2,71.4,71.55
2001-06-21,71.15,72.2,70.9,72.15
2001-06-22,71.95,72.45,71.45,71.45
2001-06-25,71.4,71.6,71.15,71.4
2001-06-26,71.9,72.75,71.75,72.7
2001-06-27,72.7,73.4,72.6,73.05
2001-06-28,72.4,72.4,71.4,71.7
2001-06-29,71.1,71.7,71,71.35
2001-07-02,71.2,72.2,71.1,72.1
2001-07-03,72.1,72.1,71.35,71.4
2001-07-05,70.9,71,70.5,70.6
2001-07-06,71.05,71.4,70.9,71.1
2001-07-09,70.8,71.1,70.65,70.95
2001-07-10,71,71.95,70.95,71.8
2001-07-11,71.65,71.8,70.95,71.35
2001-07-12,71,71.25,70.5,70.55
2001-07-13,70.4,70.9,70.3,70.7
2001-07-16,70.6,71.1,70.5,70.95
2001-07-17,70.7,72.2,70.7,71.9
2001-07-18,71.9,72.3,70.4,70.65
2001-07-19,70.4,70.6,69.45,69.6
2001-07-20,69.7,70.3,69.65,70
2001-07-23,69.3,69.4,68.4,68.8
2001-07-24,69.1,69.4,68.5,68.55
2001-07-25,67.7,69,67.7,68.75
2001-07-26,68.5,69,68.1,68.55
2001-07-27,68.75,69.1,67.6,67.85
2001-07-30,67.85,68.45,67.7,67.85
2001-07-31,67.6,68.6,67.5,68.25
2001-08-01,67.65,68.8,67.1,68.75
2001-08-02,69,69.25,68.1,68.15
2001-08-03,67.75,68.1,67.4,67.7
2001-08-06,67.5,67.65,67,67.1
2001-08-07,66.65,67.15,66.65,66.9
2001-08-08,66.45,66.6,65.9,66.15
2001-08-09,65.75,66.9,65.75,66.65
2001-08-10,66.6,66.95,66.05,66.2
2001-08-13,65.95,66.6,65.6,65.7
2001-08-14,65.8,66.8,65.75,66.55
2001-08-15,66.7,66.9,65.7,65.85
2001-08-16,66.2,67.1,66.1,66.8
2001-08-17,67.6,69.1,67.55,68.6
2001-08-20,68.55,68.9,67.6,67.65
2001-08-21,67.3,67.6,66.85,67.15
2001-08-22,67.7,68.25,67.4,67.75
2001-08-23,68.4,68.85,67.9,68.45
2001-08-24,68.2,69.1,68.05,68.3
2001-08-27,69.4,70.3,69.3,70.3
2001-08-28,70.5,70.5,69.5,69.9
2001-08-29,69.95,70.6,69.5,70.35
2001-08-30,70.45,70.5,68.6,68.95
2001-08-31,69.1,69.45,68.6,68.7
2001-09-04,67.9,68.1,67.25,67.9
2001-09-05,67.6,68.15,67.5,67.75
2001-09-06,67.15,67.25,66.25,66.6
2001-09-07,66.45,66.6,65.65,65.8
2001-09-10,65.55,66.2,65.4,65.7
2001-09-11,65.8,66.15,65.7,66.15
2001-09-17,65.55,66,65.4,65.65
2001-09-18,66.2,66.6,65.65,65.7
2001-09-19,65.5,65.8,65.1,65.4
2001-09-20,65.1,65.35,64.9,65.25
2001-09-21,65.25,66.4,65.25,66.1
2001-09-24,66.05,66.25,65.7,65.9
2001-09-25,65.75,65.95,65.25,65.35
2001-09-26,65.85,65.9,65.55,65.75
2001-09-27,65.7,66.2,65.6,65.65
2001-09-28,65.7,66.15,65.1,65.2
2001-10-01,64.8,65.25,64.5,65.05
2001-10-02,64.95,65.4,64.9,65
2001-10-03,64.4,64.5,63.7,64.15
2001-10-04,64.35,64.6,64.2,64.45
2001-10-05,63.95,64.2,63.6,64.05
2001-10-08,64.4,64.5,64.1,64.35
2001-10-09,63.8,64.35,63.7,64.15
2001-10-10,64,64.2,63.65,64
2001-10-11,63.95,64.4,63.9,64.15
2001-10-12,64.6,65.1,63.8,64.05
2001-10-15,64,64.2,63.8,63.95
2001-10-16,64.6,65,64.2,64.4
2001-10-17,64.95,65.2,63.9,63.9
2001-10-18,63.75,63.9,63,63.2
2001-10-19,62.65,62.7,62.25,62.35
2001-10-22,62.15,62.75,62.1,62.5
2001-10-23,63.3,64.7,62.9,63
2001-10-24,62.5,62.6,62.05,62.25
2001-10-25,62.4,63,62.25,62.6
2001-10-26,63.4,63.9,63.3,63.5
2001-10-29,62.9,63.1,62.45,63.1
2001-10-30,63.1,63.9,62.9,63.75
2001-10-31,63.15,63.4,62.1,62.5
2001-11-01,62.5,62.85,61.7,62.05
2001-11-02,61.9,61.95,61.35,61.4
2001-11-05,61.4,62,61.3,61.6
2001-11-06,62.1,62.4,61.6,61.6
2001-11-07,61.05,61.1,60.5,60.6
2001-11-08,60.85,62.4,60.8,61.5
2001-11-09,62.25,64.4,62.05,64.1
2001-11-12,64.25,65.9,63.3,65.8
2001-11-13,65.3,68.5,65.1,67.7
2001-11-14,68.5,69.6,67.35,67.7
2001-11-15,67.1,67.4,66.7,67.25
2001-11-16,68.1,68.6,66.75,68.2
2001-11-19,68.9,69.2,68,68.3
2001-11-20,67.7,68.05,67.2,67.3
2001-11-21,67.8,68.3,67.4,67.7
2001-11-26,68.9,69.2,68.25,68.3
2001-11-27,70.5,71,69.7,70.35
2001-11-28,70.7,71.7,70.45,71.5
2001-11-29,71.7,72.85,71.4,72.4
2001-11-30,72,73.7,71.7,73.2
2001-12-03,72.3,72.85,71.1,71.4
2001-12-04,70.95,71.8,70.8,70.9
2001-12-05,70,70.7,69.15,70.3
2001-12-06,71.1,71.4,69.5,69.65
2001-12-07,69.9,70.1,68.2,68.55
2001-12-10,68.2,68.7,67.85,68.5
2001-12-11,68.75,69.45,68.5,68.9
2001-12-12,68.3,68.45,67.6,67.9
2001-12-13,67.4,68.05,67.25,67.8
2001-12-14,67.4,68.2,67.3,67.9
2001-12-17,67.5,68.4,67.5,68.2
2001-12-18,68.45,69.3,68.25,69
2001-12-19,68.4,68.55,67.6,67.7
2001-12-20,67.8,68.15,67.6,67.95
2001-12-21,67.6,68.8,67.6,68.55
2001-12-26,68.6,69.5,68.4,69.25
2001-12-27,68.8,69.2,68.55,68.7
2001-12-28,68.2,68.5,67.6,67.75
2001-12-31,67.25,67.4,65.9,65.9
2002-01-02,66.3,66.6,65.65,65.8
2002-01-03,65.65,66.7,65.65,66.4
2002-01-04,66.95,67.6,66.9,67.45
2002-01-07,68.8,71.5,68.7,71.5
2002-01-08,71.45,72,70.8,70.85
2002-01-09,71.2,72.4,71.15,71.55
2002-01-10,71.65,71.8,70.2,70.55
2002-01-11,70.45,71.15,69.9,70.85
2002-01-14,71,71.4,70.2,70.8
2002-01-15,70.5,70.7,69.7,70.15
2002-01-16,70.05,71.4,69.75,70.85
2002-01-17,70.8,71.2,70.3,70.8
2002-01-18,70.55,70.8,69.7,69.85
2002-01-22,69.6,70.3,69.2,70.25
2002-01-23,69.9,71.2,69.7,70.85
2002-01-24,71.05,71.8,70.6,71.55
2002-01-25,71.5,72.1,70.7,71.15
2002-01-28,70.4,70.95,69.9,70.05
2002-01-29,70,70.3,69.55,69.9
2002-01-30,69.65,70.1,69.4,69.7
2002-01-31,70.1,74,69.95,73.35
2002-02-01,73.7,74.35,73.1,73.65
2002-02-04,73.45,74.1,72.8,72.85
2002-02-05,73.2,73.6,72.85,73.25
2002-02-06,73.3,73.3,72.45,72.9
2002-02-07,73,73.7,72.7,73.7
2002-02-08,73.7,74.1,72.95,73.35
2002-02-11,73.25,73.25,72.6,72.75
2002-02-12,72.9,73.4,72.75,73.25
2002-02-13,73.85,75.3,73.8,75.15
2002-02-14,75.1,75.2,74.35,74.8
2002-02-15,74.15,74.5,73.2,73.4
2002-02-19,72.2,72.3,70.5,70.75
2002-02-20,70.9,71.1,70.2,70.9
2002-02-21,71.2,71.5,70.7,71.45
2002-02-22,70.15,70.5,69.85,70
2002-02-25,70.1,70.75,69.9,70.6
2002-02-26,70.9,71.1,70,70.15
2002-02-27,70.8,72.55,70.8,72.05
2002-02-28,71.75,72.5,71.45,72.05
2002-03-01,71.4,73.8,71.4,73.25
2002-03-04,74.1,74.7,74,74.15
2002-03-05,73.95,74.5,73.65,74.05
2002-03-06,74.3,75.4,74.2,75.05
2002-03-07,75.75,75.9,74.6,74.8
2002-03-08,75.3,75.4,74.5,75.25
2002-03-11,75.2,75.3,74.55,74.6
2002-03-12,74.35,74.5,73.9,74.15
2002-03-13,74.45,74.8,73.9,74.05
2002-03-14,73.9,74.85,73.8,74.5
2002-03-15,74.85,75.5,74.85,75.05
2002-03-18,76.35,76.95,76.05,76.45
2002-03-19,76.9,77.3,76.5,77.05
2002-03-20,76.8,76.85,76.4,76.6
2002-03-21,76.15,76.55,76,76.25
2002-03-22,75.8,75.85,74.8,74.85
2002-03-25,74.25,74.25,73.6,73.75
2002-03-26,74.55,74.9,73.6,74.55
2002-03-27,74.8,75.45,74.7,75.15
2002-03-28,75.3,76.45,75.2,76.35
2002-04-01,76.3,76.5,76.05,76.45
2002-04-02,76.85,77.2,76.3,76.35
2002-04-03,75.4,75.5,73.9,74.25
2002-04-04,74,74.15,73,73.25
2002-04-05,73.55,73.65,71.9,72.3
2002-04-08,72.55,72.65,71.5,72.3
2002-04-09,72.5,72.9,72.15,72.7
2002-04-10,72.35,72.6,71.75,72.45
2002-04-11,72.7,73.1,72.35,72.8
2002-04-12,72.05,72.4,71.2,71.7
2002-04-15,71.5,71.9,70.9,71.6
2002-04-16,71.5,73.1,71.5,72.6
2002-04-17,72.9,73.9,72.9,73.65
2002-04-18,73.45,74,72.4,72.7
2002-04-19,72.7,73.75,72.65,73.3
2002-04-22,74.6,74.95,73.8,74.35
2002-04-23,74.1,74.2,73,73.15
2002-04-24,73.15,73.6,72.9,73.55
2002-04-25,73.6,74.15,73.25,73.65
2002-04-26,73.9,74.75,73.85,74.25
2002-04-29,74.9,75.35,73.9,74.05
2002-04-30,73.9,74,73.5,73.9
2002-05-01,73.45,73.55,72.4,72.9
2002-05-02,73,73.6,72.4,73.55
2002-05-03,73.05,73.1,71.85,72.4
2002-05-06,72.1,72.25,71.25,71.5
2002-05-07,71.6,72.7,71.35,72.6
2002-05-08,73.05,73.5,73,73.3
2002-05-09,73.55,74.1,72.85,73
2002-05-10,73.05,73.9,73,73.85
2002-05-13,73.3,73.9,73.2,73.75
2002-05-14,73.5,75,73.4,74.5
2002-05-15,74.2,74.8,74.05,74.75
2002-05-16,74.1,74.3,73.7,73.85
2002-05-17,73.45,74,72.4,72.85
2002-05-20,72.65,72.9,72.25,72.6
2002-05-21,72.85,73,72.4,72.75
2002-05-22,72.75,72.85,72.3,72.8
2002-05-23,72.55,73.9,72.5,73.6
2002-05-24,73.85,74.4,73.8,73.9
2002-05-28,74.9,76,74.9,75.7
2002-05-29,76.25,76.55,75.05,75.1
2002-05-30,76.3,76.45,75.15,75.2
2002-05-31,75.65,76.4,75.55,76.4
2002-06-03,76.7,77.65,76.6,77.55
2002-06-04,77.5,79.45,76.8,78.6
2002-06-05,78.25,78.4,77.5,78.35
2002-06-06,78.7,79.05,77.75,77.9
2002-06-07,77.8,78.05,77.3,78
2002-06-10,77.65,78.1,77.25,78.05
2002-06-11,76.8,77.2,76.2,76.5
2002-06-12,76.4,76.75,76,76.4
2002-06-13,76.7,76.75,75.8,76.6
2002-06-14,75.3,76.7,75.2,76.5
2002-06-17,76.25,76.5,75.8,76.1
2002-06-18,75.65,76.65,75.6,76
2002-06-19,75.55,75.95,75.25,75.75
2002-06-20,75.35,75.65,74.75,75.15
2002-06-21,74.95,75.15,73.9,74.3
2002-06-24,73.95,74.15,73.75,74.05
2002-06-25,74.15,75.5,74.15,74.95
2002-06-26,75.25,76.15,74.8,75.85
2002-06-27,76.55,76.8,75.9,76
2002-06-28,76.8,77.85,76.7,77.45
2002-07-01,77.75,77.9,77.15,77.45
2002-07-02,77,77.25,75.95,76.25
2002-07-03,75.65,76,75.35,75.5
2002-07-05,75.65,76,75.35,75.5
2002-07-08,75.4,76.3,75.3,76.2
2002-07-09,75.9,76.5,75.75,76.15
2002-07-10,76.45,76.6,75.65,75.85
2002-07-11,75.1,75.45,74.7,75.1
2002-07-12,74.8,75.2,74.2,74.5
2002-07-15,74.15,74.25,73.8,73.9
2002-07-16,73.95,74.5,73.9,74.35
2002-07-17,74.8,75.2,73.5,73.55
2002-07-18,73.3,73.6,72.9,73.25
2002-07-19,72.6,72.6,71.6,71.9
2002-07-22,71.05,71.1,70.25,70.55
2002-07-23,70.95,71,69.55,69.8
2002-07-24,68.4,70.2,67.95,69.65
2002-07-25,69.5,69.65,68.6,69
2002-07-26,69.45,70,68.8,69.05
2002-07-29,69.5,70.1,69.35,69.85
2002-07-30,69.5,69.55,68.9,69.25
2002-07-31,69.25,69.65,68,68.1
2002-08-01,67.5,68.75,67.4,68.5
2002-08-02,68.15,68.5,67.8,68.2
2002-08-05,67.45,67.7,66.75,67.2
2002-08-06,67.4,68.2,67.15,67.55
2002-08-07,67.6,68.3,67.1,67.15
2002-08-08,67.55,68.15,67.4,67.5
2002-08-09,67.7,68.25,67.4,67.8
2002-08-12,66.95,68.1,66.8,67.85
2002-08-13,67.45,68.3,67.15,67.6
2002-08-14,67.1,67.4,66.55,67
2002-08-15,67.75,69.2,67.4,68.25
2002-08-16,68.4,68.6,66.9,67.5
2002-08-19,67.35,67.7,67.15,67.45
2002-08-20,68.05,68.9,67.8,68.25
2002-08-21,68.35,68.6,67.55,67.6
2002-08-22,68.2,68.75,67.9,68.5
2002-08-23,68.4,69.1,68.25,68.55
2002-08-26,69.7,70.15,69.5,69.55
2002-08-27,69.2,70,69.05,69.75
2002-08-28,69.35,69.7,68.55,68.65
2002-08-29,68.75,69.45,68.5,69.35
2002-08-30,69.45,69.75,69.1,69.55
2002-09-03,68.75,68.8,67.75,68.35
2002-09-04,67.85,68.55,67.75,68.2
2002-09-05,67.5,67.95,67.1,67.75
2002-09-06,67.1,68.45,67.1,68.25
2002-09-09,69.05,70,68.45,69.75
2002-09-10,70.5,71.3,70.2,70.9
2002-09-11,71.3,71.4,70.4,70.7
2002-09-12,70.25,70.8,69.65,70.5
2002-09-13,69.8,70.35,69.3,70
2002-09-16,69.75,69.85,68.6,68.9
2002-09-17,69.5,69.7,68.4,68.85
2002-09-18,68.3,68.4,67.7,67.8
2002-09-19,67.9,68.1,67.5,67.7
2002-09-20,67.5,68.35,67.45,68.25
2002-09-23,67.7,67.8,67.3,67.75
2002-09-24,67.4,67.75,67,67.25
2002-09-25,67.75,67.95,67.4,67.7
2002-09-26,67.9,68.2,67.7,67.9
2002-09-27,67.7,67.75,66.7,66.7
2002-09-30,66.4,66.65,65.95,66.6
2002-10-01,66.8,67.1,66.15,67.05
2002-10-02,67.85,67.9,67.2,67.6
2002-10-03,67.3,67.6,66.75,66.8
2002-10-04,66.4,66.7,66.15,66.2
2002-10-07,65.75,66.7,65.7,66.5
2002-10-08,66.55,66.8,66.4,66.45
2002-10-09,66.25,66.6,66.1,66.4
2002-10-10,66.8,67.4,66.75,67.1
2002-10-11,68,68.6,67.35,68.35
2002-10-14,67.6,67.7,66.8,67.1
2002-10-15,67.7,68.2,67.35,67.65
2002-10-16,67.15,68.5,67.1,67.5
2002-10-17,69.2,69.8,68.7,69.7
2002-10-18,69.45,69.55,68.85,69.25
2002-10-21,69.2,70.5,69.15,70.35
2002-10-22,70.05,70.4,69.65,69.75
2002-10-23,70.4,70.7,69.15,69.45
2002-10-24,69.95,70.45,69.8,70.3
2002-10-25,70.7,71.5,69.9,71.45
2002-10-28,71.7,72.05,71.1,71.35
2002-10-29,70.7,71,70,70.4
2002-10-30,70.7,70.8,70.3,70.35
2002-10-31,70.9,71.95,70.75,71.7
2002-11-01,71.95,72.9,71.65,72.6
2002-11-04,73,73.3,72.6,72.85
2002-11-05,72.7,72.9,72.35,72.55
2002-11-06,72.85,73.1,72.5,73.05
2002-11-07,72.6,72.95,71.35,71.55
2002-11-08,71.8,72.15,71.4,71.6
2002-11-11,72.3,72.5,72,72.1
2002-11-12,72.4,72.5,71.9,72.1
2002-11-13,71.65,72.2,71.15,71.75
2002-11-14,71.55,71.65,71.15,71.2
2002-11-15,72.35,72.4,71.65,71.85
2002-11-18,72.3,73.2,72.3,72.8
2002-11-19,73.05,73.05,72.55,72.7
2002-11-20,73.8,74.55,73.7,73.9
2002-11-21,73.7,74.25,73.55,73.95
2002-11-22,73.95,74.1,73.3,73.65
2002-11-25,73.35,73.8,73.3,73.6
2002-11-26,74.2,74.6,73.5,73.75
2002-11-27,73.8,75.8,73.65,75.75
2002-12-02,76.7,77.2,76.05,76.5
2002-12-03,76.2,76.5,75.8,76.15
2002-12-04,75.8,76.3,75.5,76.15
2002-12-05,76.1,76.35,74.7,74.8
2002-12-06,75.1,75.25,73.9,74.9
2002-12-09,74.45,74.45,73.6,73.85
2002-12-10,74.1,74.65,73.65,74.5
2002-12-11,74.15,74.7,73.8,74.4
2002-12-12,74.45,74.9,74,74.05
2002-12-13,74.35,74.5,73.1,73.15
2002-12-16,72.6,73.1,72.6,73
2002-12-17,73.6,73.85,73.2,73.2
2002-12-18,73.1,73.1,72.25,72.45
2002-12-19,72.4,72.65,72,72.05
2002-12-20,71.9,72.2,71.75,71.8
2002-12-23,72.05,72.35,71.8,72.05
2002-12-24,72,72.2,70.75,70.9
2002-12-26,70.6,70.65,69.9,70.3
2002-12-27,70.1,70.75,70.05,70.65
2002-12-30,70.6,70.6,70,70.4
2002-12-31,69.75,70.4,69.4,70.25
2003-01-02,70.3,71.9,70.05,71.8
2003-01-03,72.3,73.3,72.2,73.15
2003-01-06,73.2,73.9,72.8,73.9
2003-01-07,73.35,73.65,73.1,73.6
2003-01-08,73.3,74.8,73.3,74.65
2003-01-09,74.8,75.5,74.35,75.05
2003-01-10,75.5,75.7,74.1,74.45
2003-01-13,74.65,75.5,74.45,75.25
2003-01-14,75.25,76.2,74.9,76
2003-01-15,76.65,76.7,76,76.5
2003-01-16,76.3,77.1,76.05,76.1
2003-01-17,76.3,76.4,75.5,75.8
2003-01-21,77.7,77.8,76.4,76.9
2003-01-22,77.35,77.7,76.9,77.3
2003-01-23,77.65,78,76.85,77
2003-01-24,77.4,77.6,76.65,76.85
2003-01-27,76.65,76.7,75.6,76
2003-01-28,76,76.35,75.5,75.7
2003-01-29,76.15,76.9,76,76.5
2003-01-30,77.3,79.1,77.3,79.05
2003-01-31,79.05,79.5,78.4,79.45
2003-02-03,79.5,79.5,78.7,78.9
2003-02-04,78.8,78.85,77.5,77.95
2003-02-05,78.2,78.25,77.5,77.9
2003-02-06,77.5,77.6,76.3,76.8
2003-02-07,76.85,77.25,76.1,76.35
2003-02-10,76.45,78.2,76.4,77.55
2003-02-11,78.25,78.7,77.1,77.55
2003-02-12,77.3,77.4,76.6,77.1
2003-02-13,76,76,74.6,75
2003-02-14,74.7,75.55,74.45,75.55
2003-02-18,74.7,75.25,73.9,74
2003-02-19,73.9,74.7,73.85,74.6
2003-02-20,75.1,75.3,74.4,75.2
2003-02-21,75.65,77.85,75.6,77.75
2003-02-24,78.05,78.7,77.9,78.65
2003-02-25,78.3,79,78.1,78.55
2003-02-26,79.2,80.35,79.05,80.2
2003-02-27,79.8,79.95,79.2,79.4
2003-02-28,78.6,78.75,77.25,77.5
2003-03-03,77.6,78.75,77.55,78.75
2003-03-04,79.3,79.35,77.9,78.05
2003-03-05,77.4,77.5,75.9,76.45
2003-03-06,76.35,76.7,75.4,75.5
2003-03-07,75.4,76.95,75.2,76.95
2003-03-10,76.4,76.4,75.4,75.6
2003-03-11,76.1,76.8,75.85,76.55
2003-03-12,75.95,76.4,75.55,75.7
2003-03-13,75.75,76.25,74.8,75.2
2003-03-14,75.1,75.8,74.6,75.45
2003-03-17,75,77.3,74.9,77.15
2003-03-18,77.1,77.35,76.3,76.45
2003-03-19,77.25,77.9,77.1,77.75
2003-03-20,76.85,76.9,76.25,76.8
2003-03-21,77.5,78,77.1,77.9
2003-03-24,76.5,76.9,76.35,76.85
2003-03-25,77.1,77.25,76.1,77.1
2003-03-26,76.35,76.5,75.2,75.25
2003-03-27,74.4,74.5,72.85,73.15
2003-03-28,72.45,72.8,71.8,72.8
2003-03-31,72.4,72.8,71.15,71.45
2003-04-01,72.05,72.65,71.85,72.45
2003-04-02,72.05,72.55,71.5,71.85
2003-04-03,71.5,71.7,70.9,71.1
2003-04-04,71.9,72.15,71.3,71.8
2003-04-07,73.05,73.5,72.3,72.85
2003-04-08,72.05,72.5,71.8,72.25
2003-04-09,71.55,72.2,71.35,71.9
2003-04-10,71.95,72.1,71.15,71.45
2003-04-11,71.65,72.85,71.5,72.55
2003-04-14,72.05,72.55,71.9,72.45
2003-04-15,73.5,73.9,73.15,73.4
2003-04-16,73.7,74.2,73.2,73.4
2003-04-17,73.5,73.8,72.6,73.75
2003-04-21,73.5,73.5,72.55,72.9
2003-04-22,72.2,72.4,71.7,72.15
2003-04-23,71.8,72.55,71.4,72.35
2003-04-24,71.45,72,71.05,71.9
2003-04-25,71.8,72.15,71.4,71.9
2003-04-28,72.15,72.7,71.8,71.9
2003-04-29,72.3,73.1,72.1,72.9
2003-04-30,73,73.2,72.6,73.1
2003-05-01,72.95,73.8,72.6,72.95
2003-05-02,72.15,72.3,71.7,71.9
2003-05-05,71.7,72.05,71.5,71.8
2003-05-06,72.1,72.5,72,72.4
2003-05-07,73.1,73.7,73.05,73.5
2003-05-08,73.95,74.4,73.75,74.1
2003-05-09,73.8,74.3,73.6,73.85
2003-05-12,73.65,75.3,73.4,75.2
2003-05-13,75.9,76.5,75.6,76.45
2003-05-14,76.25,76.6,75.75,76.1
2003-05-15,76.65,76.8,76.1,76.1
2003-05-16,76.3,76.55,75.9,76.15
2003-05-19,76.35,76.45,76,76.35
2003-05-20,75.85,76.45,75.55,76.35
2003-05-21,77,77.4,76.85,77.1
2003-05-22,77.6,77.9,76.55,76.8
2003-05-23,76.75,76.85,76.4,76.7
2003-05-27,77.45,78.2,77.4,77.8
2003-05-28,77.75,78,76.5,77
2003-05-29,77.25,77.8,76.6,77.25
2003-05-30,77.35,78.4,77.2,78.25
2003-06-02,78.6,79.3,78.55,79
2003-06-03,78.85,79.2,78.35,78.4
2003-06-04,78.55,78.95,77.8,78.05
2003-06-05,78.45,78.8,77.95,78.25
2003-06-06,78.6,78.7,77.9,78.3
2003-06-09,77.8,77.8,76.8,77
2003-06-10,77.25,77.35,76.45,76.7
2003-06-11,76.9,77,76.2,76.75
2003-06-12,76.45,77.6,76.3,77.4
2003-06-13,77,77.2,75.8,76.1
2003-06-16,75.8,76.4,75.65,76.1
2003-06-17,76.75,78.4,76.5,78.1
2003-06-18,78.3,78.7,77.75,77.8
2003-06-19,78,78.45,77.7,78.15
2003-06-20,77.9,78.2,76.9,77.4
2003-06-23,77.2,77.2,76.5,76.7
2003-06-24,76.55,77,76.3,76.8
2003-06-25,76.85,77.1,75.9,76.4
2003-06-26,76.15,76.25,75.7,75.7
2003-06-27,76.1,76.45,75.85,76.2
2003-06-30,75.15,75.45,74.8,75.3
2003-07-01,74.95,75.3,74.75,75.1
2003-07-02,75.55,76.25,75.3,76.15
2003-07-03,75.45,75.5,75.05,75.1
2003-07-07,76.1,77.2,76,77.1
2003-07-08,76.8,77.4,76.55,76.85
2003-07-09,77.4,78.2,77,78.1
2003-07-10,78.35,78.8,78,78.15
2003-07-11,78,78.45,77.7,78
2003-07-14,78.9,79.95,78.7,79.8
2003-07-15,79.85,79.95,79.1,79.4
2003-07-16,79.8,79.8,78.95,79.3
2003-07-17,79.05,79.9,78.1,78.2
2003-07-18,78.35,78.95,78.2,78.7
2003-07-21,78.4,78.4,77.3,77.65
2003-07-22,77.8,77.9,77,77.25
2003-07-23,77.7,78.2,77.35,77.9
2003-07-24,78.35,79.5,78.25,79.35
2003-07-25,79.65,80.6,79.45,79.8
2003-07-28,81.05,81.5,80.65,80.75
2003-07-29,80.65,81.1,80.35,80.6
2003-07-30,80.9,81.2,79.9,80.2
2003-07-31,80.45,82.5,80.25,82.05
2003-08-01,82.4,82.45,81.4,81.85
2003-08-04,81.1,81.15,80.3,80.95
2003-08-05,80.9,81.4,80.65,80.85
2003-08-06,81.05,81.2,80.4,80.45
2003-08-07,80.6,81.8,80.25,81.5
2003-08-08,81.9,82.3,79.4,80.15
2003-08-11,79.95,80.7,79.6,80.65
2003-08-12,80.2,80.25,78.6,78.9
2003-08-13,78.3,79.3,78.15,79.2
2003-08-14,78.85,80.4,78.4,79.85
2003-08-15,79.4,79.8,78.4,79.15
2003-08-18,79.3,79.8,78.9,79.6
2003-08-19,80.3,80.75,79.9,80.25
2003-08-20,80.5,80.6,79.8,80.5
2003-08-21,79.95,80.45,79.6,80.25
2003-08-22,80.9,81.2,80.1,80.3
2003-08-25,80.25,80.7,80.05,80.45
2003-08-26,80.8,80.95,79.15,79.4
2003-08-27,79.7,80.15,79.35,80
2003-08-28,79.75,79.8,78.9,79.55
2003-08-29,80.45,81.1,80.4,81.05
2003-09-02,82,82.3,81.6,81.75
2003-09-03,82.85,83.4,82.4,83.2
2003-09-04,82.7,83.15,82,82.05
2003-09-05,82.5,83.85,82.3,83.35
2003-09-08,82.9,83.4,82.45,83.05
2003-09-09,82.9,82.95,81.7,82
2003-09-10,81.85,81.95,80.7,81
2003-09-11,82,83.5,81.85,82.85
2003-09-12,82.9,82.95,81.45,81.6
2003-09-15,82.15,82.7,82.05,82.2
2003-09-16,81.15,81.75,81,81.7
2003-09-17,82.3,82.65,81.7,82.55
2003-09-18,81.8,82.95,81.7,82.9
2003-09-19,83.25,83.5,82.75,83.1
2003-09-22,83.45,83.7,82.95,83.15
2003-09-23,83.1,83.15,82.4,82.6
2003-09-24,83.3,83.6,82.85,82.95
2003-09-25,82.9,83.35,82.25,83.25
2003-09-26,82.4,82.5,81.6,82.15
2003-09-29,81.9,82.75,81.5,82.4
2003-09-30,82.2,82.4,81.45,81.85
2003-10-01,82.3,82.75,81.8,82.3
2003-10-02,83.6,83.7,82.9,83.35
2003-10-03,83.7,83.95,83.3,83.7
2003-10-06,83.75,83.8,83.25,83.75
2003-10-07,84.35,84.8,84.1,84.7
2003-10-08,84.9,85.45,84.6,85.45
2003-10-09,85.5,86.05,85.15,85.35
2003-10-10,85.45,86.45,85.45,86.35
2003-10-13,87.15,89,86.9,88.75
2003-10-14,88.05,88.6,86.9,87.4
2003-10-15,88.6,90.2,88,89.8
2003-10-16,89,90.2,88.8,89.4
2003-10-17,89.3,89.5,88.3,89.45
2003-10-20,90.5,91.3,90.25,91.15
2003-10-21,90.25,91,90.1,90.6
2003-10-22,91.2,91.5,90.2,91.35
2003-10-23,89.9,90.75,89.6,90.65
2003-10-24,89.75,90.05,88.6,89.3
2003-10-27,89.6,90.8,89.45,90.75
2003-10-28,90.4,90.8,90.1,90.4
2003-10-29,90.8,91.95,90.7,91.9
2003-10-30,92.35,93.5,92.35,93.35
2003-10-31,93.65,94.3,93.5,93.85
2003-11-03,93.5,93.85,92.55,93.3
2003-11-04,93.6,95.8,93.5,95.75
2003-11-05,95.05,96.05,94.65,95.65
2003-11-06,95.7,96.15,93.6,94
2003-11-07,94,95.5,93.8,94.45
2003-11-10,93.6,94.1,92.55,92.8
2003-11-11,93.5,94.5,93,94.45
2003-11-12,94.35,95.5,93.9,94.85
2003-11-13,95.35,95.4,93.35,94.25
2003-11-14,94.75,95.5,94.5,95.15
2003-11-17,94.6,94.8,91.7,91.8
2003-11-18,92.4,93.25,91.95,93.2
2003-11-19,92.1,92.5,91.35,91.75
2003-11-20,89.5,89.5,88.1,88.35
2003-11-21,88.6,89.6,87.9,89.45
2003-11-24,90,91.35,89.8,91.25
2003-11-25,91.1,91.5,89.4,89.45
2003-11-26,90.45,91.45,90.45,91.4
2003-12-01,94.9,96.25,94.5,96.1
2003-12-02,95.95,97.7,95.4,97.4
2003-12-03,97.5,99.05,97.35,97.9
2003-12-04,98.1,98.15,96.3,96.5
2003-12-05,97.55,97.9,96.7,97.1
2003-12-08,98,98.8,96.7,96.8
2003-12-09,97.8,98.5,97.2,97.9
2003-12-10,97.8,98.45,97.5,97.95
2003-12-11,97.65,98.25,96.65,97.85
2003-12-12,98.35,98.9,97.85,98.8
2003-12-15,99.3,99.5,98.7,99.45
2003-12-16,100.35,100.8,99.7,100.4
2003-12-17,99.9,100.3,99.35,99.65
2003-12-18,100.45,101.85,100.3,101.5
2003-12-19,101.95,102.55,101.6,102.4
2003-12-22,101.5,101.6,100.65,100.65
2003-12-23,101.1,102.5,101.1,101.8
2003-12-24,102.15,102.45,101.45,102.3
2003-12-29,104,104.5,103.8,104.35
2003-12-30,103.45,104.4,102.95,104.3
2003-12-31,104.95,105.1,104.35,104.55
2004-01-05,107.7,109.1,107.25,108.7
2004-01-06,109.25,109.6,105.9,107.05
2004-01-07,106.45,107.8,106.25,106.65
2004-01-08,106.4,111,106.25,110.85
2004-01-09,110.2,110.7,109.2,110.35
2004-01-12,109.85,109.95,108,108.25
2004-01-13,109.65,110.4,108.2,108.55
2004-01-14,108.75,110.3,108.2,109.4
2004-01-15,109.25,109.65,106.7,108.4
2004-01-16,108.5,109.7,108.4,109.4
2004-01-20,110.8,112.15,110.45,111.75
2004-01-21,112,112.3,111.1,111.75
2004-01-22,112.8,113.1,111.85,112
2004-01-23,111.8,112.7,111.6,112.45
2004-01-26,112.1,112.5,111.25,111.65
2004-01-27,112.1,112.4,111.1,111.4
2004-01-28,112.95,113.4,112.7,113.25
2004-01-29,113.05,113.25,111.85,112.2
2004-01-30,112.75,114.7,112.7,114.55
2004-02-02,115.25,115.4,114,114.4
2004-02-03,115.75,117,115.5,116.85
2004-02-04,116.8,117.55,116.6,117.45
2004-02-05,117.9,118.6,116.9,117.3
2004-02-06,117.05,118.2,116.8,118.05
2004-02-09,119.15,119.3,118.3,118.6
2004-02-10,118.85,118.9,116.9,117.8
2004-02-11,118.15,121.8,117.8,121.6
2004-02-12,123,125,122.7,124.15
2004-02-13,124.2,125.9,123.3,124.35
2004-02-17,129,131.3,128.3,130
2004-02-18,135.3,135.3,127.55,130.15
2004-02-19,131.8,133.1,130.2,132.95
2004-02-20,131.3,132.1,129.7,130.85
2004-02-23,130.5,132.3,130.5,131.35
2004-02-24,131.95,133,131,132.85
2004-02-25,134.8,135.9,129.85,131.25
2004-02-26,132.9,135.5,131.2,135.4
2004-02-27,133.5,135.05,133.1,134.6
2004-03-01,137.4,139.9,136.9,139.85
2004-03-02,138.2,138.8,136.55,137.6
2004-03-03,136,136.25,127.5,130.65
2004-03-04,131.7,132.6,129.1,132.25
2004-03-05,130.3,134.3,129.4,134.3
2004-03-08,132,132.7,128.5,129.7
2004-03-09,127.9,128.4,125.6,127.2
2004-03-10,128.8,129.3,127.5,128.7
2004-03-11,130.3,134,130.1,133.9
2004-03-12,132.6,134.4,130,131.35
2004-03-15,134.1,135.15,133,134.9
2004-03-16,135.5,137.3,134.2,136.6
2004-03-17,135.9,136.5,134.2,135.05
2004-03-18,135.7,137.8,135.5,137.1
2004-03-19,137.4,138.6,137,137.8
2004-03-22,138.3,138.3,135,135.3
2004-03-23,134.1,136,131.65,135.9
2004-03-24,135.75,136.8,134.7,135.45
2004-03-25,133.6,134.5,131.9,134.35
2004-03-26,134.65,135.7,134,134.85
2004-03-29,135.8,136.5,135.2,135.8
2004-03-30,136.7,136.7,133.2,134.2
2004-03-31,135.2,136.2,133.3,136
2004-04-01,137.2,137.55,135.8,137.1
2004-04-02,137.3,137.7,133.1,134.7
2004-04-05,134,134,128.8,130.95
2004-04-06,131.25,132.2,130.2,131.9
2004-04-07,131.3,131.9,129.5,130.9
2004-04-08,129.8,130.6,129.2,130.5
2004-04-12,129.3,129.6,126.1,128.85
2004-04-13,127.9,128,126.2,128
2004-04-14,128.2,130,125.9,129.4
2004-04-15,128.3,129.5,127.4,128.85
2004-04-16,129.1,134.8,128.9,134.25
2004-04-19,134.1,136.3,134.1,135.9
2004-04-20,133,133.4,130.3,130.9
2004-04-21,124,125.4,120.5,122.5
2004-04-22,123.3,123.8,121.4,122.2
2004-04-23,124.2,124.8,122.9,124.2
2004-04-26,124.5,124.8,123.3,124.2
2004-04-27,124.1,124.3,122.7,123.8
2004-04-28,119.1,119.4,116.1,117.65
2004-04-29,117.8,119.55,117.6,119
2004-04-30,119.6,121.4,119.6,120.6
2004-05-03,121.25,123.5,121.25,122.4
2004-05-04,122.85,123.6,122.5,122.85
2004-05-05,122.9,124.4,122.5,124.3
2004-05-06,124.9,125.2,122.6,123.7
2004-05-07,121.3,122,118.2,119
2004-05-10,116.5,117,114.8,116.75
2004-05-11,117.9,119.5,117.4,119.35
2004-05-12,119,120,118.3,118.7
2004-05-13,117.9,118.4,116.8,117.9
2004-05-14,117.4,119.6,116.7,117.7
2004-05-17,116.3,117.2,113.8,114.35
2004-05-18,114.1,115.4,113.7,115.35
2004-05-19,116,119.8,115.7,119.6
2004-05-20,117,119.1,116.8,118.65
2004-05-21,121.4,122.9,121.4,122.2
2004-05-24,122.4,124.95,122.2,122.2
2004-05-25,122.7,124.2,122.4,123.4
2004-05-26,123.7,124.8,122.55,123.15
2004-05-27,124.9,128.2,124.9,127.3
2004-05-28,126.7,128.5,126.7,127.75
2004-06-01,129.2,130,128.7,129.25
2004-06-02,129.7,130,124.25,124.8
2004-06-03,125.2,126.3,124.1,124.6
2004-06-04,121.5,123.5,120.8,123.15
2004-06-07,125.5,126.8,125.3,126.55
2004-06-08,124,124.6,122.7,123.75
2004-06-09,122.1,122.7,116.1,116.45
2004-06-10,117.2,117.7,112.15,117.3
2004-06-14,115.9,116.2,113.9,115.25
2004-06-15,113.2,119.7,112.8,119.1
2004-06-16,117,117.95,115.8,117.9
2004-06-17,118.9,120.1,117.6,119.9
2004-06-18,119.5,120.3,118.7,119.7
2004-06-21,120,120.4,118.8,120
2004-06-22,116.6,117.6,115.2,116.75
2004-06-23,117.5,119.7,117,119.65
2004-06-24,119.2,123.1,118.8,122.4
2004-06-25,121.7,122,119.4,121
2004-06-28,120.4,121.8,120.3,121.05
2004-06-29,119.8,120.5,116.8,117.5
2004-06-30,119.6,121.7,119.5,120.8
2004-07-01,121,123.4,120.6,122.2
2004-07-02,121.1,123,121.1,122
2004-07-06,123.4,124.1,119.5,121.8
2004-07-07,123.7,126,123.2,125.5
2004-07-08,123.7,125.75,123.7,125.1
2004-07-09,126.5,129,126.05,128.1
2004-07-12,129,130,127.5,127.75
2004-07-13,129.1,129.3,126.4,127.8
2004-07-14,127.4,128.9,127.2,127.7
2004-07-15,128.3,129.3,127.9,128.75
2004-07-16,129.9,131.5,128.9,131.05
2004-07-19,130.6,130.9,129.8,130.5
2004-07-20,130,130.2,127.1,128.55
2004-07-21,127.1,127.8,125.5,127.5
2004-07-22,127.5,129,127.4,128.7
2004-07-23,123.2,125.1,123.2,124.8
2004-07-26,125.3,126.3,124.7,125
2004-07-27,124.7,125.3,121.65,122.1
2004-07-28,123.8,128,123.8,127.1
2004-07-29,127.5,129.5,126.7,129.35
2004-07-30,129.5,131.3,129.4,130.8
2004-08-02,130.3,132.5,129.5,130.55
2004-08-03,129.4,130.4,128.75,130.3
2004-08-04,128.7,130.1,127.5,129.45
2004-08-05,130.6,130.95,127.2,128
2004-08-06,128,129.2,127.3,127.8
2004-08-09,125.4,125.8,123.1,124.15
2004-08-10,124.5,125.8,124.5,125.7
2004-08-11,127.1,127.5,125.1,127.25
2004-08-12,126.3,128.5,126.3,126.75
2004-08-13,126.9,133.5,126.7,131.8
2004-08-16,132.6,133,130.2,131.55
2004-08-17,131.4,131.5,129.9,130.75
2004-08-18,127.8,128.7,125,127.05
2004-08-19,126.7,128.9,126.5,128.85
2004-08-20,126.2,127.7,125.8,126.65
2004-08-23,125.9,126.3,122.8,124.15
2004-08-24,125,125.6,123.9,124.15
2004-08-25,122,124.1,121.9,124.05
2004-08-26,124.6,126,124.2,125.05
2004-08-27,126.1,127.9,125.3,125.95
2004-08-30,126.6,127.3,125.75,126.45
2004-08-31,127.3,128.5,126.1,128.1
2004-09-01,126.7,127.8,126.6,127.7
2004-09-02,126.25,126.55,123.8,124.8
2004-09-03,123.6,124.7,122,123.95
2004-09-07,123.95,127.95,123.5,127.2
2004-09-08,125.3,126.2,124.1,125.65
2004-09-09,124.7,126.5,124.7,126.4
2004-09-10,128.3,129.2,127.5,128
2004-09-13,127.3,128.7,127.2,128.5
2004-09-14,127.2,128.3,126.3,128
2004-09-15,127.9,128.6,126.6,127.15
2004-09-16,129.8,130.9,129.5,130.15
2004-09-17,130.2,130.7,129,130.2
2004-09-20,130.5,132,130.3,131.95
2004-09-21,134,134.95,133.3,134.15
2004-09-22,134,137.2,133.4,136.95
2004-09-23,134.9,136.1,134.7,135.8
2004-09-24,135.5,136.3,134.5,135.75
2004-09-27,137.4,138.1,136.9,137.8
2004-09-28,137.1,137.7,135.85,136.95
2004-09-29,137.1,139.6,137.1,139.3
2004-09-30,139.8,140.8,138.05,139.6
2004-10-01,139.1,140.4,138.7,140.4
2004-10-04,138.8,139.95,138.1,139.7
2004-10-05,139.9,140.5,138.9,140.15
2004-10-06,141.7,142.8,141.4,142.3
2004-10-07,141.95,143.85,141.95,142.75
2004-10-08,144.3,148.2,143.9,146.95
2004-10-11,146.1,147.7,146.1,146.85
2004-10-12,143.25,144.9,142.3,144.8
2004-10-13,133,134.15,127,128.8
2004-10-14,126,128.8,125.3,126.95
2004-10-15,129,131.4,128.8,130.9
2004-10-18,130,130.5,127,128.4
2004-10-19,129.3,130.8,128.9,129.7
2004-10-20,129.6,130.7,126.5,130.15
2004-10-21,131,132.1,129.65,131.35
2004-10-22,130.6,131,128,130.55
2004-10-25,129.3,130,125.5,127.5
2004-10-26,128,129.1,127.3,127.8
2004-10-27,127.9,129.3,127.3,128.5
2004-10-28,125.9,126.6,124.6,125.1
2004-10-29,127.5,133.85,127.5,133.75
2004-11-01,131.3,132.6,130.1,130.75
2004-11-02,130.3,132.5,130.2,132.05
2004-11-03,132.15,133.45,132.05,133
2004-11-04,133,135.8,132.7,134.9
2004-11-05,134.5,137.5,134.1,136.3
2004-11-08,136.6,137.8,135.5,136.15
2004-11-09,136.15,137.75,134.3,137.55
2004-11-10,137.2,138.4,135.1,136.3
2004-11-11,136.25,138.7,135.9,137.25
2004-11-12,138.4,139.6,137,139.45
2004-11-15,139,139.7,137.5,138.75
2004-11-16,137.4,137.5,135.5,136.9
2004-11-17,139,141.15,136.4,141.05
2004-11-18,140.5,143.2,140.5,142.5
2004-11-19,142.4,143.3,140.8,143.2
2004-11-22,141.4,142.7,139,140.9
2004-11-23,142.3,142.5,140,141.75
2004-11-24,142.9,144.2,141.2,143.85
2004-11-29,144.45,145.4,142.25,144.5
2004-11-30,144.2,145.35,143.3,144.3
2004-12-01,144.1,146.8,142.9,146.75
2004-12-02,145.4,147,142.5,143.7
2004-12-03,139.5,141.6,138.5,141.35
2004-12-06,139.3,140.65,139.1,140.65
2004-12-07,141.2,141.2,136.3,137.6
2004-12-08,134.8,134.8,132.8,134.05
2004-12-09,133,134.25,132.9,134.25
2004-12-10,134.25,135.5,134.25,135.25
2004-12-13,137.6,138.6,136.5,138.6
2004-12-14,139,139.5,138.4,139.4
2004-12-15,139.4,141.55,138.7,141.55
2004-12-16,142.8,142.8,140.7,141.7
2004-12-17,141.4,142.75,141.1,142.75
2004-12-20,143.6,144.85,143.1,144.85
2004-12-21,144.7,147.2,143.4,147.2
2004-12-22,148,148.1,144.05,144.05
2004-12-23,144.05,145.35,143.95,145.35
2004-12-27,145.3,147.15,145.3,147.15
2004-12-28,146.6,151.7,146.6,149.1
2004-12-29,149,149.6,147.9,148.25
2004-12-30,147.9,148.8,147.2,148.7
2005-01-03,150,152.4,150,152.35
2005-01-04,145.7,145.7,138.3,139.5
2005-01-05,135,137.5,133.75,137.5
2005-01-06,136.4,138.9,136.1,137.5
2005-01-07,138.2,138.8,136.55,137
2005-01-10,136.8,137.8,136,136.95
2005-01-11,138.7,140.5,136.9,139.7
2005-01-12,139.8,141.4,139.05,140.4
2005-01-13,139.8,140.4,137.6,138.1
2005-01-14,138.1,140,137.5,139.9
2005-01-18,139.9,140.5,137.2,140.15
2005-01-19,141,142.3,140,140.95
2005-01-20,140.4,141.5,139.7,141.5
2005-01-21,142.4,144,141.1,143.45
2005-01-24,143.7,145.1,142.4,143
2005-01-25,142.1,143.6,141,142.9
2005-01-26,142.5,143.7,141.2,143.55
2005-01-27,142,143.8,141.3,142.7
2005-01-28,142.7,144.5,142.6,143.85
2005-01-31,143.3,143.9,142.3,143.5
2005-02-01,143.5,143.7,140.3,141.6
2005-02-02,141.6,142.15,138.6,139.35
2005-02-03,138.2,139.7,135.6,138.85
2005-02-04,138.4,139.75,136.8,137.55
2005-02-07,136.95,140.1,136.95,138.85
2005-02-08,138.5,139.4,137.3,138.8
2005-02-09,138.8,139.3,137.1,138.7
2005-02-10,138.7,142.8,138.2,142.5
2005-02-11,142.5,142.5,140.8,142.25
2005-02-14,142.5,144.8,142,143.95
2005-02-15,143.95,145.95,143.9,145.85
2005-02-16,145.65,145.65,142.5,144.8
2005-02-17,144.8,150,143.4,149.35
2005-02-18,149.5,149.5,147.6,149.2
2005-02-22,149,150.5,148,148.95
2005-02-23,148.6,150.2,147.4,150
2005-02-24,149.8,150,146,148.3
2005-02-25,147.8,149,144.9,148.9
2005-02-28,148.8,151.25,148.55,150
2005-03-01,150,150,146.2,146.45
2005-03-02,145.2,148.3,145,147.7
2005-03-03,147.6,148.6,146.4,147.6
2005-03-04,147.4,150.7,146.5,149.4
2005-03-07,149.4,150.4,148.2,149.65
2005-03-08,149.35,152.1,148.85,149.95
2005-03-09,149.8,151,147.7,150.35
2005-03-10,150.35,150.8,147.5,149.6
2005-03-11,149.5,149.5,145.6,147.9
2005-03-14,147.6,148.6,145.5,147.05
2005-03-15,147,150.5,146.5,149.05
2005-03-16,148.9,151.4,148.3,150.6
2005-03-17,150.6,151,149.25,150.45
2005-03-18,150.45,151.9,148.7,150.7
2005-03-21,150.5,151.25,147.2,148.9
2005-03-22,149,150.8,148.4,149.75
2005-03-23,149.6,150,144.3,144.45
2005-03-24,145.1,146.7,144.2,145.35
2005-03-28,146,146.65,144.85,145.45
2005-03-29,145.5,147.8,145.1,147.05
2005-03-30,146.8,149.3,146,149.2
2005-03-31,148.8,151.6,148.8,150.25
2005-04-01,150,150.5,147.1,148.45
2005-04-04,148,149.6,147,149.5
2005-04-05,149.4,149.4,146.45,148.45
2005-04-06,148.15,151.2,147.65,150.85
2005-04-07,150.75,151.4,150,150.65
2005-04-08,150.1,151.35,149.4,150.75
2005-04-11,150.65,152.75,150.35,152.5
2005-04-12,152.5,153.6,149.3,149.6
2005-04-13,149.5,150,144.3,145.95
2005-04-14,145.6,146,141,142.85
2005-04-15,142.5,145.6,142.5,144.5
2005-04-18,144.05,146,142.6,144.5
2005-04-19,145,147.4,144.3,147.15
2005-04-20,147.1,151.1,147.1,150.95
2005-04-21,150.95,151,147.15,148.35
2005-04-22,148.3,149.7,148,148.8
2005-04-25,148.6,149.1,145.8,148.95
2005-04-26,148.95,149.6,146,146.65
2005-04-27,146.3,147,143.2,145.8
2005-04-28,145.7,146,144.3,145.45
2005-04-29,144.85,149.4,144.5,149.3
2005-05-02,149,149.8,147.9,149.6
2005-05-03,145.2,145.5,143.2,144.35
2005-05-04,144.1,145.5,140.9,142.9
2005-05-05,143,144.2,141.6,143
2005-05-06,143.3,145,142.6,144.1
2005-05-09,143.65,146.2,143.5,144.65
2005-05-10,144.7,146,144.25,145.7
2005-05-11,145.6,145.8,143.3,144.25
2005-05-12,144.2,144.2,137.1,137.6
2005-05-13,138.2,138.5,134.4,135.25
2005-05-16,135.85,136.05,133,134.6
2005-05-17,135.1,136.2,133.1,134.85
2005-05-18,134.85,137.8,134.6,137.6
2005-05-19,137.4,138.1,136.1,136.3
2005-05-20,136,137.9,135.3,137.5
2005-05-23,137,139.5,135.8,138.85
2005-05-24,138.9,141.6,138.6,140.5
2005-05-25,140.65,142,140.2,141.95
2005-05-26,141.75,145.5,140.8,144.95
2005-05-27,144.8,145.8,143.9,145.1
2005-05-31,144.25,145.8,142.35,145.65
2005-06-01,145.3,148.8,144,148.55
2005-06-02,148.4,152.2,147.8,151.65
2005-06-03,151.65,156.8,151,155.75
2005-06-06,155.5,158,155.3,156.4
2005-06-07,156.35,157.9,153.95,154.3
2005-06-08,154.3,155.2,152.9,154.6
2005-06-09,154.05,155.1,153.1,154.7
2005-06-10,154.5,156.25,153.85,156.25
2005-06-13,156.25,156.75,153.3,153.95
2005-06-14,153.95,155.35,152,152.65
2005-06-15,152.6,155.4,152.55,154.9
2005-06-16,155.15,158.5,154.7,156.95
2005-06-17,157,161,157,160.4
2005-06-20,160,162.5,158.2,158.75
2005-06-21,158.3,160,157.1,159.25
2005-06-22,159.35,159.35,156.3,158.45
2005-06-23,154.5,158.6,153.8,158.25
2005-06-24,158.2,161,157.6,159.3
2005-06-27,159.3,160,158.45,159.8
2005-06-28,159.9,160.1,157.75,158.9
2005-06-29,158.5,160.1,156.5,159.75
2005-06-30,159.55,161.7,155.1,155.35
2005-07-01,156,156.9,152.35,153.65
2005-07-05,147.85,151.2,147.35,150.9
2005-07-06,151.3,153.85,150.6,153
2005-07-07,152.8,154.25,150.6,153.55
2005-07-08,153.5,156.6,152.8,155.6
2005-07-11,155.8,158.2,154.7,156.1
2005-07-12,156.2,156.8,152.5,153.9
2005-07-13,153.9,156.95,153.4,154.95
2005-07-14,154.95,157.5,154.3,154.7
2005-07-15,154.7,156.7,154.3,156.2
2005-07-18,156.1,158.9,155.85,156.65
2005-07-19,156.9,158.75,155.7,158.65
2005-07-20,158.5,159.7,157.6,159.15
2005-07-21,159.1,160.6,156.7,157
2005-07-22,157.5,161.15,157,160.35
2005-07-25,160.15,161.95,160.1,161.8
2005-07-26,161.55,162.05,160.2,160.6
2005-07-27,160.6,163.5,160.1,162.7
2005-07-28,162.6,165.4,161.6,164.9
2005-07-29,164.9,165.4,163.6,164.45
2005-08-01,164.3,166.4,162.9,166.3
2005-08-02,166,166.75,164.6,166.25
2005-08-03,166.1,167.2,165.3,167.15
2005-08-04,167.2,167.4,164.6,165.45
2005-08-05,165.45,166.5,164.5,164.9
2005-08-08,164.55,165.4,163.4,164.65
2005-08-09,164.5,165.2,159.85,160.75
2005-08-10,160.5,164.5,159.7,163.45
2005-08-11,163.45,164.9,161.5,164.7
2005-08-12,164.4,168.9,163.9,167.6
2005-08-15,167.8,170.8,167.6,170.75
2005-08-16,170.7,173.8,169.95,171.45
2005-08-17,171.3,171.35,163.25,165.7
2005-08-18,165.4,168.5,164.8,165.9
2005-08-19,165.7,166.7,163.55,165.9
2005-08-22,165.9,168.85,165.25,168.5
2005-08-23,168.3,169.5,167.15,169.2
2005-08-24,169.15,169.15,166,166.7
2005-08-25,167.4,167.4,164.5,164.9
2005-08-26,164.9,169.4,164.85,169.3
2005-08-29,169.3,171,167,167.65
2005-08-30,167.8,171.4,167.8,170.95
2005-08-31,165,165.2,161.1,161.95
2005-09-01,162.8,165,161.6,164.8
2005-09-02,168.3,169.1,166.7,167.35
2005-09-06,167,168.2,165,166.1
2005-09-07,166.1,166.5,164.05,164.7
2005-09-08,164.95,165.75,161.1,161.85
2005-09-09,161.75,162.75,158.5,160.4
2005-09-12,160.95,164.7,160.4,164.4
2005-09-13,164.15,164.45,161,162.55
2005-09-14,162.5,162.8,160,161.1
2005-09-15,161,161.9,158.9,160.45
2005-09-16,160.2,160.75,157.75,159.3
2005-09-19,159.3,165.75,158.5,165.45
2005-09-20,165.6,169.8,165,166.6
2005-09-21,166.6,170.9,166.3,170.65
2005-09-22,170.4,172.5,170.3,171
2005-09-23,171,172.8,169.2,169.85
2005-09-26,170.25,174,169.5,173.65
2005-09-27,173.65,174,171.5,172.8
2005-09-28,172.3,175,172.2,174.8
2005-09-29,175,175.35,173.3,173.95
2005-09-30,173.8,174.7,172,172.75
2005-10-03,173.45,176,172.25,175.9
2005-10-04,175.9,176.8,175,176.6
2005-10-05,176.6,178.9,175.6,178.65
2005-10-06,178.65,179.1,177.2,178.3
2005-10-07,178.3,180.85,177.6,180.85
2005-10-10,180.8,182.3,180.5,180.6
2005-10-11,180.5,183.65,180.3,183.5
2005-10-12,183.35,183.8,179.3,179.35
2005-10-13,179.4,181,176.1,176.5
2005-10-14,177.05,177.8,173.7,175.65
2005-10-17,176,183.2,175.65,182.05
2005-10-18,182,183.5,180.9,182.55
2005-10-19,182.5,182.55,178.85,180.6
2005-10-20,184,185.8,179,179.3
2005-10-21,179.4,179.8,172.25,179.3
2005-10-24,179.45,180.5,175,178.45
2005-10-25,178.45,182.5,177,182.45
2005-10-26,182.4,184.5,178.2,181.8
2005-10-27,181.65,182.85,179.5,180.4
2005-10-28,180.2,182,177.2,182
2005-10-31,181.35,182.8,180,181.1
2005-11-01,181.1,183.5,178.3,181.6
2005-11-02,181.2,183.3,180.9,183.05
2005-11-03,182.65,184.2,182,182.7
2005-11-04,182.6,185.4,181.8,184.6
2005-11-07,184.6,185.55,182.8,184.75
2005-11-08,184.7,185,182.3,183.8
2005-11-09,183.5,184.8,182.3,183.15
2005-11-10,183.15,187.5,182.95,187.15
2005-11-11,187,190.6,187,190.55
2005-11-14,190.55,192.15,189.6,191.35
2005-11-15,190.8,194.05,190.1,193.2
2005-11-16,193.2,193.8,189.5,193.5
2005-11-17,193.45,195,191.5,194.6
2005-11-18,193.2,198,193.2,197.8
2005-11-21,198.25,198.9,194.8,197.35
2005-11-22,197.3,197.65,190.5,191.75
2005-11-23,192,197,190,196.85
2005-11-28,189.5,191.2,188.8,191.1
2005-11-29,190.6,192.7,189.9,191.15
2005-11-30,192,193,191.2,192.6
2005-12-01,194.5,200,193.7,199.95
2005-12-02,198.35,200.15,197.7,198.1
2005-12-05,198.4,200.8,197.9,200.75
2005-12-06,197.8,199.4,197.6,198.7
2005-12-07,201.4,203.2,199.9,203.15
2005-12-08,202.4,203.6,201.5,203
2005-12-09,203.1,203.2,202.4,202.95
2005-12-12,202.9,203.3,198.05,198.6
2005-12-13,201.7,203.6,200.5,202.65
2005-12-14,202.3,203,196.05,196.95
2005-12-15,197.5,201.05,196.7,200.1
2005-12-16,201.3,203.2,200.9,202.9
2005-12-19,202.4,203.2,201,201.3
2005-12-20,201.7,202.3,200.5,202
2005-12-21,201.2,202.1,199.3,201.75
2005-12-22,201.7,203.35,201.3,202.55
2005-12-23,203.4,204.1,203,203.95
2005-12-27,204.2,206.95,203.4,206.75
2005-12-28,207,207.2,205.4,206.9
2005-12-29,206.75,206.9,202.6,204.55
2005-12-30,203.6,205.5,202.5,204.2
2006-01-03,202.9,205.3,201.2,204.85
2006-01-04,210.2,211,207.9,209.75
2006-01-05,208.5,209.1,205.8,206.05
2006-01-06,204.9,209.5,204.2,208.6
2006-01-09,210.2,212,209.3,209.7
2006-01-10,211.1,211.7,209.1,210.7
2006-01-11,210.1,211.2,209.4,209.5
2006-01-12,209.3,209.5,208,208.75
2006-01-13,209.75,212.05,208.8,211.25
2006-01-17,209.6,211.5,209.3,211.2
2006-01-18,210.2,212.95,209.5,211.9
2006-01-19,212.5,213,210.5,211.1
2006-01-20,210.5,211.8,208.25,209
2006-01-23,210.9,212.5,210.8,211.95
2006-01-24,210.8,215.3,210.1,215.25
2006-01-25,215.3,220.4,214.75,220.35
2006-01-26,219.6,220.6,219.1,220.15
2006-01-27,221.8,223.75,221.4,223.3
2006-01-30,223,223.4,222.3,222.95
2006-01-31,222.8,223.3,220.6,222.85
2006-02-01,223.7,225,222.4,224.9
2006-02-02,225.5,231.5,225.2,230.9
2006-02-03,230.5,232.5,229.2,230.8
2006-02-06,230.5,233.5,228.6,233
2006-02-07,232.5,232.7,227.6,227.8
2006-02-08,226.5,230.2,226,227.45
2006-02-09,229.9,231.8,229.8,230.5
2006-02-10,227.1,227.85,218.55,222.45
2006-02-13,223.55,224.6,222.1,223.4
2006-02-14,225.8,227.6,224.5,226.65
2006-02-15,223.8,224.3,219.8,220
2006-02-16,219,222.9,214,222.25
2006-02-17,223,223,219.8,220.1
2006-02-21,222.7,226.7,221.9,226
2006-02-22,223.6,226.6,222.8,225.8
2006-02-23,223.2,223.6,219.5,219.7
2006-02-24,221.5,223.6,219.8,221
2006-02-27,215.1,215.3,211.8,213.05
2006-02-28,216.1,219.2,215.6,217.7
2006-03-01,218.4,224,217.6,223.5
2006-03-02,225.8,227.2,225.1,226.7
2006-03-03,226.9,227.7,225.9,226.4
2006-03-06,225.4,225.6,218.6,219.5
2006-03-07,219.9,220.5,215.6,217.8
2006-03-08,215.1,217,213.8,216.2
2006-03-09,220.1,220.7,218.3,219.4
2006-03-10,218.6,221.6,215.5,221
2006-03-13,222.5,225,221.35,224.5
2006-03-14,223,226,221.6,225.4
2006-03-15,225.8,228.4,225,225.1
2006-03-16,225,227.2,223.5,226.4
2006-03-17,229.8,236.3,229.7,236
2006-03-20,234.3,235.1,233.3,233.4
2006-03-21,237,237.4,232.3,232.3
2006-03-22,232.6,235,232.2,233.9
2006-03-23,235.3,239.7,234.4,238.75
2006-03-24,238,241,238,239.3
2006-03-27,239.8,243.7,239.3,242.3
2006-03-28,242.35,243.5,241.45,242.4
2006-03-29,240.7,245,240.5,243.5
2006-03-30,244.8,249.1,244.1,248.3
2006-03-31,250.6,250.8,244.6,245.8
2006-04-03,250.45,255.85,250.45,254.6
2006-04-04,254.55,255.3,252.4,253.5
2006-04-05,257.5,259.45,255.9,259.4
2006-04-06,261.3,264.5,260.9,264.5
2006-04-07,263.5,264.1,258.6,264.1
2006-04-10,268.8,270.8,268.2,270.8
2006-04-11,271,272.7,269.6,271.9
2006-04-12,274,279.8,273,276.8
2006-04-13,278.9,281.7,278.2,281.5
2006-04-17,289.8,291.5,287.3,289.5
2006-04-18,294.1,297.2,290.8,297.05
2006-04-19,296,298.3,291.5,296.8
2006-04-20,294.5,296.3,282.3,295.8
2006-04-21,300.6,314.3,298.8,313.8
2006-04-24,310.6,312.8,307.8,310.8
2006-04-25,318.8,332.3,316.3,331.8
2006-04-26,333.3,339.6,331.3,339.4
2006-04-27,328,332.2,315.7,318.2
2006-04-28,326.5,328.5,319.2,321.7
2006-05-01,325.7,332.2,325.2,332.2
2006-05-02,328.3,328.7,322.7,326.9
2006-05-03,325.2,330.2,321.2,330.2
2006-05-04,338.2,350.2,338.2,347.8
2006-05-05,349.2,355,345,349.1
2006-05-08,343.55,350.25,342.25,349.85
2006-05-09,350.05,359.75,350.05,359.05
2006-05-10,363.75,370.15,362.75,368.55
2006-05-11,375.85,402.75,375,392.25
2006-05-12,389.55,393.1,380.55,386.75
2006-05-15,388.25,388.25,355.8,373.75
2006-05-16,356.95,384.25,354.75,384.25
2006-05-17,387.95,389.35,363.95,366.75
2006-05-18,363.75,373.75,363.75,370.25
2006-05-19,367.25,368.75,343.75,347.75
2006-05-22,329.25,350.25,329.25,345.75
2006-05-23,344.75,389.25,344.75,389.25
2006-05-24,384.25,384.65,353.75,363.75
2006-05-25,361.75,376.75,358.25,369.75
2006-05-26,372.25,381.75,365.75,380.75
2006-05-30,383.75,386.75,361.25,367.25
2006-05-31,365.75,375.55,359.25,361.25
2006-06-01,357.25,361.75,335.25,347.75
2006-06-02,351.75,361.75,348.9,358.25
2006-06-05,364.15,365.15,350.25,359.55
2006-06-06,352.25,353.25,343.75,348.5
2006-06-07,343.25,362.75,335.25,356.75
2006-06-08,350.25,351.75,333.75,335.25
2006-06-09,340.25,346.25,323.9,325.25
2006-06-12,319.25,332.75,317.75,322.25
2006-06-13,316.1,319,299.75,299.75
2006-06-14,302.75,314.25,300.25,305.25
2006-06-15,308.75,330.75,308.75,320.75
2006-06-16,327.75,329.25,321.6,328.75
2006-06-19,318.75,320.45,310.75,315.25
2006-06-20,313.95,318.2,304.25,316.75
2006-06-21,319.25,320.5,311.25,318.15
2006-06-22,326.25,326.25,311.75,311.75
2006-06-23,309.25,323.25,307.75,323.25
2006-06-26,320.25,334.25,317.75,330.25
2006-06-27,323.75,328.75,314.25,318.25
2006-06-28,324.75,329.25,317.75,329.25
2006-06-29,319.25,333.75,319.25,331.25
2006-06-30,338.25,341.25,330.75,334.25
2006-07-05,337.25,340.25,334.25,339.75
2006-07-06,340.25,362.2,339.75,360.35
2006-07-07,357.25,359.75,353.25,354.25
2006-07-10,351.25,358.25,348.75,357.75
2006-07-11,363.25,364.75,360.05,362.75
2006-07-12,372.75,376.25,361.25,365.75
2006-07-13,364.75,367,360.75,367
2006-07-14,371.25,371.75,367.25,370.75
2006-07-17,363.25,363.75,350.25,359.2
2006-07-18,363.25,366.25,354.75,355.75
2006-07-19,346.75,359.75,344.75,358.5
2006-07-20,350.55,352.75,337.75,340.25
2006-07-21,342.25,344.95,323.75,329.25
2006-07-24,332.05,337.25,320.25,337.25
2006-07-25,337.75,346.75,336.25,345.25
2006-07-26,337.75,344.75,337.25,344.25
2006-07-27,348.75,349.75,343.25,346.75
2006-07-28,348.75,355.25,343.25,354.25
2006-07-31,359.25,364.75,356.25,356.25
2006-08-01,357.75,359.25,355.75,358.55
2006-08-02,357.25,361.25,355.25,358.5
2006-08-03,357.25,357.75,342.75,348.25
2006-08-04,357.25,366.75,356.75,363.25
2006-08-07,356.55,366.25,356.55,360.75
2006-08-08,360.25,363.15,356.85,359.75
2006-08-09,361.05,372.25,360.45,370.75
2006-08-10,367.75,369.75,358.75,361.75
2006-08-11,363.25,363.75,342.25,346.25
2006-08-14,345.25,353.15,344.25,352.75
2006-08-15,350.25,352.25,345.75,351.75
2006-08-16,346.25,354.55,345.25,347.25
2006-08-17,345.75,346.75,328.25,335.15
2006-08-18,338.25,345.25,338.25,342.15
2006-08-21,347.25,353.7,346.25,351.25
2006-08-22,346.75,349.25,342.75,348.25
2006-08-23,346.55,352.75,342,346.25
2006-08-24,348.65,348.65,335.75,342.15
2006-08-25,341.25,344.65,340.25,343.55
2006-08-28,342.25,344.2,340.85,344.2
2006-08-29,345.05,345.05,334.55,338.25
2006-08-30,338,342.75,333.75,335.25
2006-08-31,347.9,351,342.5,345.25
2006-09-01,344.25,346.75,341.5,345.85
2006-09-05,359.25,365.35,359.25,362
2006-09-06,361.75,368.25,359.8,367.75
2006-09-07,364.55,367.2,361.75,364.75
2006-09-08,359.25,360.25,353.75,356.25
2006-09-11,345.75,345.75,338.5,341.25
2006-09-12,343.75,345,335.75,337.25
2006-09-13,337.05,342.25,336.75,338.25
2006-09-14,339.75,340.3,335.25,336.85
2006-09-15,335.75,336.75,327.25,331.75
2006-09-18,334.75,341.25,332.35,341.25
2006-09-19,337.25,340.35,336.25,337.65
2006-09-20,326,338.05,326,337
2006-09-21,337.75,343.95,336,343.25
2006-09-22,347.75,348,338.75,343.75
2006-09-25,334.85,344.75,334.25,344.45
2006-09-26,344.25,348.75,342.75,345.75
2006-09-27,351.75,351.75,344.35,348.75
2006-09-28,347.85,348.25,339.75,342.75
2006-09-29,344.25,348.25,340.75,345.75
2006-10-02,347.75,350.75,340.25,342.25
2006-10-03,334.75,335,327.75,327.75
2006-10-04,334.25,334.75,318.25,320.25
2006-10-05,327.25,332.7,327.25,329.75
2006-10-06,332.75,341.75,330.25,339.25
2006-10-09,342,344.75,339,341.25
2006-10-10,337.5,340,336,337.5
2006-10-11,338.75,343,338.75,340.65
2006-10-12,338.75,342.25,333.35,339
2006-10-13,343,344.25,339.25,341
2006-10-16,343.5,358,343,358
2006-10-17,353.65,355.25,348,349.35
2006-10-18,348.5,351.5,347.25,349.25
2006-10-19,349,351.75,347.95,350.75
2006-10-20,349.75,351.75,342.75,346.2
2006-10-23,344.25,345.6,340.25,345
2006-10-24,340.3,341.7,335,341.65
2006-10-25,339.25,341.55,335.75,340
2006-10-26,339,342.5,337.75,339.75
2006-10-27,340.75,341.45,338,340.25
2006-10-30,333.75,335.65,328.5,335.65
2006-10-31,335.6,337,332.75,334.25
2006-11-01,332.15,334.25,321.25,323.75
2006-11-02,326.25,329.25,325.75,328.85
2006-11-03,329.75,333.25,327.55,331.75
2006-11-06,329.25,336,328.25,333.25
2006-11-07,335.45,340,335,336.45
2006-11-08,330.75,331,322.5,324
2006-11-09,327.25,331.15,326.25,330.5
2006-11-10,318.75,320.25,308.25,308.25
2006-11-13,305.25,311.95,303.25,307.25
2006-11-14,309.75,311.75,304.85,308.5
2006-11-15,307.75,311.05,305.5,309.5
2006-11-16,309,309,302.85,304.15
2006-11-17,301.25,306.25,297.75,305.25
2006-11-20,307.75,308.75,303.25,304.15
2006-11-21,307.2,312.5,306.85,310.35
2006-11-22,311.75,315.75,308.75,311.25
2006-11-24,317.4,322.4,317.4,322.4
2006-11-27,321.05,321.75,316.85,318.75
2006-11-28,314.5,314.5,310.75,313.25
2006-11-29,311.25,318,310.65,315.3
2006-11-30,317.25,320.65,316.75,319.45
2006-12-01,315.75,317.75,313.85,317
2006-12-04,315.75,318.5,315.1,317.35
2006-12-05,321.55,329.25,321,324.5
2006-12-06,317.75,319.35,315.65,315.75
2006-12-07,313,313,307.85,310.35
2006-12-08,310.25,312.75,309.95,311.2
2006-12-11,310.95,315.7,310.55,313.45
2006-12-12,310,312.2,308.75,309.25
2006-12-13,305.75,305.75,302.5,303
2006-12-14,306.95,309.4,304.45,305.45
2006-12-15,305,305.15,297.75,301.5
2006-12-18,301.7,304.1,299.75,302.65
2006-12-19,301.25,303,299.85,301.5
2006-12-20,295.75,297.55,294.05,295.3
2006-12-21,291.5,292.45,285.65,287.8
2006-12-22,287.4,287.95,284.75,285.55
2006-12-26,286.5,287.85,286,287.45
2006-12-27,289.9,291.25,286.5,291.15
2006-12-28,289.25,290.2,287.95,289.2
2006-12-29,286.5,287,282.75,284.95
2007-01-02,280.45,281.55,276.95,277.9
2007-01-03,269.75,270.5,264.5,264.95
2007-01-04,257.75,262.55,255.75,259.55
2007-01-05,259.75,260.75,251.75,253.5
2007-01-08,254.5,258.2,252.25,253.05
2007-01-09,251.75,255.45,248.75,255.35
2007-01-10,257.95,268.25,257.75,266.15
2007-01-11,264.15,268.7,263.25,265.75
2007-01-12,262.25,264,259.35,260.1
2007-01-16,258.45,260.4,256.8,257.5
2007-01-17,253.55,256.75,252.6,256.45
2007-01-18,255.25,256.1,248.7,249.3
2007-01-19,249,254.1,248.1,251.8
2007-01-22,250.25,254.75,249.9,252.6
2007-01-23,253.75,261.25,253.75,257.75
2007-01-24,259.85,261.15,257.35,260
2007-01-25,264.35,267.75,264,265.1
2007-01-26,258.85,263.8,258.35,263
2007-01-29,254.45,255.75,251.75,253.5
2007-01-30,255.15,257.75,254.95,256.05
2007-01-31,257,260.5,255.5,259.25
2007-02-01,257.45,259.45,251.4,253.2
2007-02-02,247.55,247.55,238.25,242
2007-02-05,243.8,244.4,241.25,241.85
2007-02-06,244.5,249.75,244.5,249.45
2007-02-07,243,248,242.65,245.25
2007-02-08,240.25,245.9,239.35,244.85
2007-02-09,246.95,252.75,246.25,251.65
2007-02-12,250.25,252.05,245.75,247.55
2007-02-13,253.5,259.7,253.4,258.15
2007-02-14,258.1,260.75,256.3,257.6
2007-02-15,265.55,268.45,262.75,266.05
2007-02-16,262.75,264.25,261.5,264.25
2007-02-20,260.35,261,256.15,258.45
2007-02-21,256.75,265.45,256.15,264.75
2007-02-22,270.4,278.95,270.4,276.45
2007-02-23,282.65,286.4,281.5,283.85
2007-02-26,283.7,287.7,282.75,285.3
2007-02-27,282.75,284.9,278.9,282.15
2007-02-28,276.95,278.25,271.8,274.85
2007-03-01,278.05,278.5,273.85,275.35
2007-03-02,274.45,277.05,270.15,270.75
2007-03-05,262.95,269.6,262.95,266.75
2007-03-06,272.65,272.75,269.75,271.6
2007-03-07,274.45,278.85,273.75,278
2007-03-08,283.55,286.9,282.95,283.25
2007-03-09,279.25,282.1,277.4,278.05
2007-03-12,282,284.65,279.75,284.55
2007-03-13,284.75,286.05,280.9,282.25
2007-03-14,279.75,286.25,279.75,281.8
2007-03-15,293.75,298.65,291.5,298.65
2007-03-16,297.5,301.1,294.85,301.1
2007-03-19,297.45,303.45,297.45,301.9
2007-03-20,301.75,306.2,301.5,303.05
2007-03-21,301.25,304.25,299.25,301.9
2007-03-22,308.35,309.2,306.2,306.85
2007-03-23,311.8,312,306.25,306.9
2007-03-26,309.45,313.65,309.25,313.55
2007-03-27,311.6,311.6,304.25,305.6
2007-03-28,305.95,307.55,303.2,306.2
2007-03-29,304.75,309.25,304.5,308.6
2007-03-30,313.6,315.55,312.05,314
2007-04-02,312.45,318.25,311.65,317.55
2007-04-03,327,331.5,325.75,331.25
2007-04-04,331.55,339.5,327.75,338.55
2007-04-05,337.7,342.25,335.4,337.35
2007-04-09,343.35,351.1,341.5,351.1
2007-04-10,353.1,355.15,349.9,352.25
2007-04-11,360.85,361.5,355.05,357.85
2007-04-12,357.75,357.75,349.75,350.05
2007-04-13,353.05,356.2,350.75,352.75
2007-04-16,359.75,359.75,350,353.7
2007-04-17,354.75,369.25,354.7,367.4
2007-04-18,363.45,366.25,360.85,361.7
2007-04-19,359.65,361.15,351.55,358.45
2007-04-20,364.75,364.75,358.7,360.85
2007-04-23,358.75,364.3,358.4,363.65
2007-04-24,363.65,366.25,352.5,354.9
2007-04-25,356.65,360.05,355.65,358.7
2007-04-26,359.25,359.25,347.75,350.05
2007-04-27,350.5,354.75,347.55,353
2007-04-30,355.95,358.55,352.65,355.35
2007-05-01,357.9,365.2,356.7,363.25
2007-05-02,362,365.1,359.05,364.25
2007-05-03,363.75,374.15,363.1,372.35
2007-05-04,374.35,380.05,372,375.4
2007-05-07,375.45,375.6,370.15,371.6
2007-05-08,369.85,373.2,368.75,372.35
2007-05-09,370.75,371.3,363.35,367.25
2007-05-10,362.75,362.85,356.25,356.45
2007-05-11,357.15,363.25,357.15,360.05
2007-05-14,357.25,358.75,348,349.55
2007-05-15,349.7,354.65,347.65,353.55
2007-05-16,349.25,349.8,341.65,342.25
2007-05-17,331.9,332.95,323.8,330.65
2007-05-18,326.1,333.65,324.75,332.65
2007-05-21,333.25,339.65,332.5,339.3
2007-05-22,341.3,341.45,328.9,330.05
2007-05-23,328.85,331.95,326.75,329.5
2007-05-24,330.45,331.45,317,317.9
2007-05-25,323.2,331.6,323,331.35
2007-05-29,329.3,331.8,326.15,331.6
2007-05-30,327.25,330.05,325.9,330.05
2007-05-31,335.9,339.25,334.25,339.25
2007-06-01,339.75,342.25,337.25,340.15
2007-06-04,340.9,348.55,340.25,346.25
2007-06-05,346,347.4,342.05,344.05
2007-06-06,339.95,341.95,335.65,340.05
2007-06-07,335.3,340.8,335.1,337.45
2007-06-08,327.25,329.8,324.25,325.65
2007-06-11,331.3,336,330.85,335.15
2007-06-12,327.9,329.35,325.8,328.3
2007-06-13,326.25,332.05,324.25,330.9
2007-06-14,331.55,342.25,330.3,339.35
2007-06-15,336.1,342.75,334,341.9
2007-06-18,345.05,350.75,339.75,341.65
2007-06-19,336.85,339.9,335.85,339.25
2007-06-20,343.6,344.5,338.15,344.2
2007-06-21,340.85,343.75,336.2,340
2007-06-22,339.9,342.25,337.05,338.25
2007-06-25,330.55,340,329.25,339.45
2007-06-26,337,337.55,331.15,331.3
2007-06-27,330.95,335.95,328.7,335.05
2007-06-28,340,345,339.8,342.5
2007-06-29,344.55,345,342.1,344.8
2007-07-02,347.9,352.7,347.9,352.35
2007-07-03,352.75,354.75,349.25,354.75
2007-07-05,356.7,359.45,356.45,359.3
2007-07-06,357.4,359.2,356.65,359
2007-07-09,364.25,366.25,362.75,362.95
2007-07-10,362.45,362.95,357.45,360.75
2007-07-11,362.25,363.6,360.65,361.95
2007-07-12,362.95,364.75,356.25,357.95
2007-07-13,358.55,360.8,353.6,359.5
2007-07-16,357.45,358.6,354.9,355.95
2007-07-17,353.05,356.55,350.95,354.85
2007-07-18,354.2,357.15,352.7,356.1
2007-07-19,361,366,361,365.9
2007-07-20,367.35,372.2,366.85,370.3
2007-07-23,370.55,371.25,365.25,366.45
2007-07-24,367.45,369.75,360.1,361.75
2007-07-25,357.75,358,352.25,355.45
2007-07-26,352.65,355.1,351,352.05
2007-07-27,350.55,356.85,349.95,354.35
2007-07-30,350.7,358.35,350.55,358.1
2007-07-31,364.9,365.45,361.55,364.85
2007-08-01,357.5,359.3,354.95,358.45
2007-08-02,360.05,361.4,356.55,357
2007-08-03,357.3,357.3,346.95,348
2007-08-06,347.6,348.2,344.15,347
2007-08-07,347.75,352.25,347.4,350.4
2007-08-08,345.1,345.95,340.25,343.45
2007-08-09,336.75,337.75,332.25,335.85
2007-08-10,329.35,338,328.45,335.25
2007-08-13,338.65,344.25,338.65,344.1
2007-08-14,343.1,343.35,335.2,336.65
2007-08-15,329.6,334.75,329.1,333.25
2007-08-16,319.6,319.75,304.25,308.85
2007-08-17,310.25,320,309.05,314.05
2007-08-20,320.85,321.75,315.35,315.6
2007-08-21,315.1,317,312.8,314.35
2007-08-22,322.9,323,318.55,321.45
2007-08-23,327.25,327.75,325.1,326.2
2007-08-24,323.3,333.75,321.25,333.65
2007-08-27,338.15,347.2,334.25,334.95
2007-08-28,329.9,332.3,327.15,330.85
2007-08-29,327.75,336.1,326.5,334.15
2007-08-30,332.6,335.75,330.85,334.5
2007-08-31,341.05,341.75,336.75,339.55
2007-09-04,335.35,335.35,326.55,330.5
2007-09-05,331.9,332.25,323.2,325.9
2007-09-06,325.25,333.05,322.95,330.45
2007-09-07,330.8,330.8,320.6,325.65
2007-09-10,324.4,326.95,321.75,325.35
2007-09-11,333,339.85,332.55,338.5
2007-09-12,335.5,338.15,331.95,335.7
2007-09-13,334.75,342.25,334.75,339.75
2007-09-14,338.6,346.5,337.65,339.3
2007-09-17,340.2,343.6,339.3,341.8
2007-09-18,341.4,345.5,340.25,344.7
2007-09-19,354.5,360.5,354.1,357.8
2007-09-20,357.25,361.1,357.1,359.1
2007-09-21,362.35,365.05,356.3,359.1
2007-09-24,364.4,365.45,361.75,364.45
2007-09-25,362.75,364.55,359.05,362.85
2007-09-26,365,365.8,359.75,360.9
2007-09-27,365.95,367.25,363.3,364.55
2007-09-28,366.4,368.25,362.45,363.65
2007-10-01,365.9,369,365.05,368.7
2007-10-02,366.45,376.25,366.3,370.75
2007-10-03,373.35,377.4,372.25,376.1
2007-10-04,371.5,373.95,370.05,373.6
2007-10-05,372.25,374.75,371.3,372.35
2007-10-08,361.15,362.55,358,361.05
2007-10-09,362.2,366.6,361.25,361.25
2007-10-10,365.7,372.4,365.1,368.85
2007-10-11,372.05,372.6,365.35,366.75
2007-10-12,365.5,369.05,364.15,364.95
2007-10-15,372.05,373.1,366.25,368.45
2007-10-16,362.55,364.55,359.95,363.8
2007-10-17,359.35,361.45,357.4,359.2
2007-10-18,359.25,359.55,352.6,353.9
2007-10-19,354,357.05,352,354.85
2007-10-22,345.8,349.4,345.1,348.35
2007-10-23,353.95,354.45,348.25,351.05
2007-10-24,345.5,347.1,342.95,345.05
2007-10-25,347.3,349.2,346.55,348.45
2007-10-26,351.35,354.35,351.15,353.25
2007-10-29,356.4,356.75,351.3,351.85
2007-10-30,346.65,347.9,343.2,347.9
2007-10-31,347.3,350.65,345.6,347.55
2007-11-01,345.2,345.9,335.1,336.15
2007-11-02,336.4,337.95,330.45,332.25
2007-11-05,330.55,332.95,329.75,329.9
2007-11-06,332.25,334.1,332.05,333.8
2007-11-07,332,332,325.25,325.75
2007-11-08,324.1,324.25,318.1,320
2007-11-09,314.55,315.95,311.05,314.45
2007-11-12,305.8,313.25,303.35,310.25
2007-11-13,310.45,312.25,305.15,310.45
2007-11-14,314.35,330.25,313.2,330.05
2007-11-15,315.85,317,306.25,307.75
2007-11-16,306.95,317.1,306,316.75
2007-11-19,312.05,316.15,298,298
2007-11-20,298.15,305,298.15,302.5
2007-11-21,294.5,296.15,287.95,288.65
2007-11-23,292.55,299.75,292.55,299.25
2007-11-26,301.85,303.15,296.65,301.9
2007-11-27,297.45,298.45,293.1,295.95
2007-11-28,294.85,302.45,294.05,300.35
2007-11-29,311.1,314.2,307.75,309.2
2007-11-30,316.55,319.25,314.75,317.45
2007-12-03,308.85,311.25,305.75,307.55
2007-12-04,299.15,303.3,298.85,301.8
2007-12-05,300.45,305,299.35,303.7
2007-12-06,301.75,306.75,300.95,304.55
2007-12-07,311.7,315.15,311.5,312.35
2007-12-10,307.85,311.85,307.05,309.05
2007-12-11,302.9,309.65,302.55,308.5
2007-12-12,299.5,306,297.9,303.45
2007-12-13,299.25,299.95,293.65,296
2007-12-14,294.85,297.4,292.35,295.5
2007-12-17,289.7,290.3,287.7,288.6
2007-12-18,287.25,291.05,286.85,288.05
2007-12-19,290.95,297,290.95,295.55
2007-12-20,297.65,298.45,294.85,296.25
2007-12-21,304.9,309.85,304.45,309.7
2007-12-24,312.35,319.85,312.35,315.55
2007-12-26,318.5,319.35,315.9,316.6
2007-12-27,313.6,314.75,310.75,312.9
2007-12-28,308.6,310.75,306.85,307.15
2007-12-31,305,306.15,301.95,303.45
2008-01-02,305.15,308.45,304,306
2008-01-03,309.45,318.75,309.15,318.75
2008-01-04,322.5,322.95,310.25,315.35
2008-01-07,313.85,315.55,310.5,314
2008-01-08,323.1,331.55,322.25,329.5
2008-01-09,330.5,331.6,325.8,328.25
2008-01-10,324.5,328.55,321.45,328.05
2008-01-11,326.05,330.5,325.15,330.35
2008-01-14,331.9,335.45,330.85,333.4
2008-01-15,329.75,329.75,321.95,323.9
2008-01-16,317.95,320.95,314.75,317.05
2008-01-17,321.25,323.15,313.5,317.6
2008-01-18,319.05,324.15,318.65,323.05
2008-01-21,311.8,313.65,308.65,310
2008-01-22,307.15,319.75,305.25,319.65
2008-01-23,312.1,315.45,306.75,306.85
2008-01-24,316.15,319.25,315.55,317
2008-01-25,320.95,321.65,316.35,318.15
2008-01-28,314.1,318.95,313,318.85
2008-01-29,323.05,331.15,322.5,329.45
2008-01-30,325.75,326.85,321.9,322.6
2008-01-31,327.25,331.75,323.05,329.25
2008-02-01,332.15,333.8,324.6,327
2008-02-04,328.35,330.5,326.35,329.8
2008-02-05,324.85,326.05,318.2,320.7
2008-02-06,325.55,331.5,324.3,330.35
2008-02-07,332,345.25,328.65,345.1
2008-02-08,347.95,356.15,347.95,353
2008-02-11,357.05,357.6,353.7,355.8
2008-02-12,356.1,359.05,354.2,355.55
2008-02-13,351.3,355.65,350.25,352.9
2008-02-14,350.85,353.75,348.3,348.35
2008-02-15,354.55,356.5,350,351.7
2008-02-19,364.65,373,363.75,372.15
2008-02-20,369.05,371.75,366.25,370.8
2008-02-21,374,384.4,371.45,381.45
2008-02-22,378.5,379.75,374.25,378.6
2008-02-25,374.05,375.8,369.15,373.8
2008-02-26,372.65,377.75,370.05,377.55
2008-02-27,383.35,385.45,379.85,383.5
2008-02-28,385.75,390.7,384.35,387.55
2008-02-29,386.95,388.45,383.75,384.95
2008-03-03,390.5,396.1,389.9,392.55
2008-03-04,391.7,392.5,380.25,381.9
2008-03-05,381.05,398.25,380.55,397.3
2008-03-06,397.85,398.95,385.1,390.2
2008-03-07,392.65,393.75,385.65,391.85
2008-03-10,379.4,382.25,376.7,380.2
2008-03-11,387.9,388.15,377.45,378.05
2008-03-12,378.95,384.2,376.25,384.2
2008-03-13,384.9,386.1,381.7,382.2
2008-03-14,388.15,389.3,379.75,382.15
2008-03-17,374.75,375.75,365.2,368
2008-03-18,372.5,375.8,369.55,374.2
2008-03-19,370,370.9,361.3,363.5
2008-03-20,350.45,357.2,345.85,357.05
2008-03-24,355.8,364.5,352.55,361.95
2008-03-25,368.05,370.45,365.95,367.45
2008-03-26,372,374.05,367.7,371.9
2008-03-27,379.15,389.1,377.25,387.15
2008-03-28,387.55,389.4,380.05,382.85
2008-03-31,382.3,385.25,380.7,382.55
2008-04-01,373.1,380.35,371.35,379.6
2008-04-02,378.5,388.45,378.5,388.15
2008-04-03,385.3,393,384.25,390.15
2008-04-04,387.55,396.4,386.7,394.8
2008-04-07,395.3,399.5,393,397.85
2008-04-08,389.8,392.2,386.2,388.55
2008-04-09,387.65,400.9,386.55,397.55
2008-04-10,399.05,399.95,392.6,392.6
2008-04-11,394.35,397.25,391.35,393.25
2008-04-14,384.85,390.85,384.85,388.7
2008-04-15,390.5,392,383.4,384.55
2008-04-16,391.8,401.5,391.3,397.95
2008-04-17,402.75,402.95,389.3,390.9
2008-04-18,386.9,390.25,381,388.3
2008-04-21,388.65,390.75,383.8,385.4
2008-04-22,391.65,398.5,391.65,395.95
2008-04-23,396.75,397.35,387.25,388.75
2008-04-24,390.45,393.45,386.4,387.95
2008-04-25,382.95,392.85,382.7,390.55
2008-04-28,391.55,394.45,389.45,394
2008-04-29,392.65,392.65,385.9,388.35
2008-04-30,385.25,390.45,384.35,387.95
2008-05-01,389.35,389.9,371.95,372.05
2008-05-02,371.75,384.85,371.05,382.9
2008-05-05,384.25,409.75,383.9,394.25
2008-05-06,386.25,388.85,383.05,387.55
2008-05-07,385.5,387.05,381.55,384
2008-05-08,379.25,380.25,375.4,377.75
2008-05-09,376.25,376.75,367.5,368.45
2008-05-12,370.15,376.95,368.5,374.45
2008-05-13,377.7,378.9,370.85,372.95
2008-05-14,367.75,370.3,365.55,368
2008-05-15,371.75,376.9,371.4,373.6
2008-05-16,379.6,385.7,379.5,382.25
2008-05-19,380.75,380.75,374.55,377.1
2008-05-20,374.15,379.35,373.8,377.35
2008-05-21,375.15,375.9,372.15,374.1
2008-05-22,377.35,377.7,366.25,371.1
2008-05-23,369.8,373.55,367.3,373.25
2008-05-27,372.5,373.45,368.5,371.4
2008-05-28,365.25,369.6,363.45,369.45
2008-05-29,360.85,361.3,355.35,355.35
2008-05-30,358.25,360.45,355.85,360.45
2008-06-02,355.55,361.75,354.9,359.4
2008-06-03,358.4,359.45,356.25,357.65
2008-06-04,355.3,356.55,353.75,354.2
2008-06-05,351.85,355.45,351,354.05
2008-06-06,360.15,366.2,360,362.05
2008-06-09,361.85,362.1,357.85,361.05
2008-06-10,359.5,359.65,355.05,355.55
2008-06-11,356.1,359.55,356,357.5
2008-06-12,352.75,354.75,350.4,353.7
2008-06-13,354.1,360.95,352.6,359.05
2008-06-16,363.65,370.1,363.05,366.2
2008-06-17,364.45,366.9,362.1,364.75
2008-06-18,368.45,375,368.45,374.5
2008-06-19,373.55,381.1,373.55,377.65
2008-06-20,383.15,384,379.8,382.85
2008-06-23,381.75,381.75,376.8,380.65
2008-06-24,377.35,380.25,376.4,378.45
2008-06-25,379.4,381.55,373.35,377.3
2008-06-26,380.6,385.05,380.6,382.7
2008-06-27,384.1,388.5,383.4,387.6
2008-06-30,390.45,390.75,383,388
2008-07-01,388.05,391.95,387.65,390.6
2008-07-02,390.15,407.25,387.5,405.85
2008-07-03,403.35,403.5,392.5,394.65
2008-07-07,382.55,386.75,380.2,384.25
2008-07-08,379.15,380.3,368.25,369.65
2008-07-09,369.85,374.95,364.1,373.7
2008-07-10,372.3,378.8,369.75,371.5
2008-07-11,375.15,379.65,372.05,373.55
2008-07-14,371.95,377.95,371.2,374.45
2008-07-15,373.75,373.95,366.5,369.9
2008-07-16,365.35,368.95,362.95,364.75
2008-07-17,365.4,372.9,365.4,371.5
2008-07-18,366.95,369.65,365.25,367.15
2008-07-21,369.1,370.05,366.75,367.9
2008-07-22,372.85,373.8,365.95,368.95
2008-07-23,365.75,367.9,361.9,365.6
2008-07-24,361.15,362.7,355.35,357.2
2008-07-25,357.85,361,356.75,360.2
2008-07-28,360.1,361.8,358.75,360.95
2008-07-29,357.1,359.25,355.9,358.75
2008-07-30,356.7,374.55,353.65,364.15
2008-07-31,365.2,369.65,364.25,366.15
2008-08-01,356.65,359.15,354.15,357.7
2008-08-04,346.8,347.6,342.5,343.8
2008-08-05,341.35,345,341.25,341.6
2008-08-06,344.75,346.3,341.35,342
2008-08-07,345.75,346.15,341.45,341.65
2008-08-08,335.25,335.25,328.95,333.1
2008-08-11,331.4,334.1,328.25,328.7
2008-08-12,325.95,329.2,321.75,322.5
2008-08-13,327.55,337.75,326.6,334.55
2008-08-14,339.55,340.85,329.35,330.15
2008-08-15,328.7,334.15,328.05,332.1
2008-08-18,330.2,333.95,327.75,332.3
2008-08-19,331.75,346.75,330.05,342.25
2008-08-20,341.35,348.2,336.05,339.4
2008-08-21,348.1,355.75,348.1,354.05
2008-08-22,348.55,350.45,344.6,347
2008-08-25,348,351,345.9,348.3
2008-08-26,341.55,346.35,339.9,343.6
2008-08-27,346.95,350.85,346.25,346.7
2008-08-28,342.6,346,338.45,339.75
2008-08-29,335.6,338.55,334.25,338.55
2008-09-02,322.85,328.4,321.35,327
2008-09-03,328.9,332.9,328.55,331.05
2008-09-04,332.95,334.55,324.3,326.15
2008-09-05,314.35,316.75,307.65,310.15
2008-09-08,312.5,315.05,308.45,309.2
2008-09-09,309.1,309.7,304.75,308.4
2008-09-10,305.3,314.1,304.75,311
2008-09-11,309.05,313,306.5,311.7
2008-09-12,318.7,322.1,315.65,319
2008-09-15,306.5,314.15,305.75,313.2
2008-09-16,305.95,311.15,303.15,308.7
2008-09-17,310.5,310.7,303.1,303.65
2008-09-18,311.85,315.7,304.45,306.15
2008-09-19,310.45,322.85,308.5,317.35
2008-09-22,322.1,326.8,322.1,325.3
2008-09-23,316.9,320.6,312.35,314.65
2008-09-24,313.35,316.3,308.4,310.5
2008-09-25,308,313.45,307.75,313.45
2008-09-26,309.9,310.75,304.35,306.95
2008-09-29,306.95,306.95,289.85,290.35
2008-09-30,287.05,289.75,283.55,287.5
2008-10-01,284.5,285.8,275.7,278.35
2008-10-02,279.35,280.65,262.15,262.4
2008-10-03,262.75,271.55,260.1,268.55
2008-10-06,254.1,256.95,246.4,248.95
2008-10-07,253.4,258.8,252.05,253.75
2008-10-08,248.75,250.8,233.75,235.25
2008-10-09,239.85,243.4,236,240.9
2008-10-10,222.05,223.45,205.55,213.75
2008-10-13,222.75,233.3,222.75,231.7
2008-10-14,250.25,252.5,233.65,238.55
2008-10-15,226.75,227,218.5,220.95
2008-10-16,212.37,222.12,204.8,208.55
2008-10-17,219.67,224.89,204.25,217.85
2008-10-20,217.45,224.62,209.55,211.65
2008-10-21,214.92,217.46,199.05,200.35
2008-10-22,201.62,201.66,184.95,186.2
2008-10-23,182.49,186.9,171.75,180.4
2008-10-24,184.7,187.65,165.85,168.2
2008-10-27,168.78,181.6,161.53,180.3
2008-10-28,177.63,189.65,173.18,185.55
2008-10-29,192,211.7,185.47,208.6
2008-10-30,207.61,217.4,188.5,188.5
2008-10-31,188.6,190.09,173.22,182.5
2008-11-03,185.87,192.17,177.8,183.75
2008-11-04,186.88,200.85,178.76,195.05
2008-11-05,195.45,195.45,179.67,181.55
2008-11-06,184.62,184.62,171.45,172.05
2008-11-07,169.99,178.06,168.27,169.55
2008-11-10,183.15,188.75,174.75,174.75
2008-11-11,174.3,177.81,164.15,164.45
2008-11-12,168.69,168.92,162.12,165.2
2008-11-13,163.41,167.55,159.14,162.2
2008-11-14,170.88,174.25,168.25,170.15
2008-11-17,168.42,170.1,161.65,165.35
2008-11-18,166.04,169.85,160.5,166.15
2008-11-19,167.15,168.11,159.45,160.1
2008-11-20,160.74,161.19,154.45,157.4
2008-11-21,154.26,164.15,152.09,157.45
2008-11-24,156.68,172.05,154.86,167.25
2008-11-25,165.82,170.55,161.25,165.25
2008-11-26,165.11,173.18,162.84,166.3
2008-11-28,166.18,166.5,161.4,165.4
2008-12-01,163.93,167.55,161.4,162.75
2008-12-02,163.63,163.63,157.91,159.7
2008-12-03,160.17,160.26,151.35,155.1
2008-12-04,153.15,156.28,146.6,146.9
2008-12-05,150.65,150.74,135.6,136.9
2008-12-08,143.11,153.65,142.74,149.9
2008-12-09,145.62,147.35,140.35,143.8
2008-12-10,145.46,151.4,144.85,149.2
2008-12-11,148.13,152.55,146.63,150.9
2008-12-12,147.27,147.63,137.65,142.1
2008-12-15,146.85,148.17,140.2,140.55
2008-12-16,140.57,142.4,137.4,137.55
2008-12-17,141.45,142.13,133.85,137.3
2008-12-18,138,138.23,129.6,130.45
2008-12-19,130.9,134,129.52,133.15
2008-12-22,137.01,139.09,132.33,134.1
2008-12-23,134.1,134.6,127.93,128.39
2008-12-24,129.07,132.06,127.84,128.93
2008-12-26,127.9,132.3,125.5,131.5
2008-12-29,131.29,132.65,128.61,130.85
2008-12-30,130.53,132.55,128.45,131.85
2008-12-31,132.12,141.05,131.44,140
2009-01-02,140,148.15,137.46,145.8
2009-01-05,145.89,149.29,141.58,145.6
2009-01-06,145.48,158.1,144.71,157.95
2009-01-07,157.76,162.12,150.3,150.95
2009-01-08,150,152.14,144.4,147.55
2009-01-09,146.99,156.25,146.99,155.75
2009-01-12,155.57,159.56,145.05,148.5
2009-01-13,148.14,154.8,141.38,154.2
2009-01-14,151.91,153.32,144.95,148.5
2009-01-15,148.75,151.1,143.4,145.15
2009-01-16,149.39,155.56,148.48,152.35
2009-01-20,153.74,154.42,147.34,150.35
2009-01-21,149.5,151.32,142.5,143.2
2009-01-22,146.77,147.64,138.7,139.4
2009-01-23,139.24,147.05,137.2,146.8
2009-01-26,146.16,162.65,144.34,158.3
2009-01-27,158.39,162.75,145.4,148.4
2009-01-28,149.54,154.95,146.87,149.15
2009-01-29,149.58,150.26,141.74,145.7
2009-01-30,145.38,147.25,140.55,146.1
2009-02-02,144.23,146.41,139.38,142.85
2009-02-03,144.67,152.8,143.13,151.85
2009-02-04,152.18,156.55,150.05,152.9
2009-02-05,151.91,154.81,148.05,149.65
2009-02-06,150.51,162.8,150.51,162.25
2009-02-09,161.52,165.38,159.55,161
2009-02-10,161.8,163.57,155.7,157.2
2009-02-11,156.02,157.29,151.45,153.65
2009-02-12,154.44,155.89,150.2,153.15
2009-02-13,154.56,157.1,152.75,153.4
2009-02-17,149.28,150.42,141.8,142.05
2009-02-18,142.19,144.35,141.01,143.65
2009-02-19,143.79,148.9,143.25,146.6
2009-02-20,146.29,147.07,139.55,141.3
2009-02-23,141.69,147.95,141.69,143.25
2009-02-24,143.65,149.35,141.79,148.3
2009-02-25,149.08,153.35,148.77,152
2009-02-26,152.23,158.85,151.32,156.4
2009-02-27,156.12,156.35,148.82,153.67
2009-03-02,152,153.53,150.49,151.31
2009-03-03,151.13,160.3,150.9,159.32
2009-03-04,159.79,171.45,158.83,168.95
2009-03-05,170.62,170.89,164.8,165.44
2009-03-06,165.6,171.18,164.92,167.69
2009-03-09,168.57,168.89,162.9,164.49
2009-03-10,164,170.25,163.48,168.18
2009-03-11,168.73,168.73,161.3,162.48
2009-03-12,161.86,165.67,158.92,165.63
2009-03-13,165.27,169.05,163.36,166.76
2009-03-16,166.04,174.88,165.58,174.52
2009-03-17,173.55,175.5,170.6,171.55
2009-03-18,172.22,175.03,169.3,174.67
2009-03-19,175.39,182.45,174.12,181.15
2009-03-20,180.49,184.94,178.54,180.04
2009-03-23,180.9,187.52,180.22,185.07
2009-03-24,185.42,187.55,177.75,180.75
2009-03-25,180.01,182.25,176.42,179.14
2009-03-26,180.24,187.41,180.24,186.27
2009-03-27,186.59,188.77,179.92,182.1
2009-03-30,181.8,184.6,175.35,176.46
2009-03-31,177.45,185.21,177.45,184.62
2009-04-01,183.22,184.95,179.35,184.45
2009-04-02,185.48,190.05,183.76,188.52
2009-04-03,189.24,201.05,186.79,197.72
2009-04-06,198.45,203.31,193.05,195.73
2009-04-07,196.07,200.97,192.98,198.06
2009-04-08,197.87,201.05,194.65,199.28
2009-04-09,198.85,207.75,198.36,207.29
2009-04-13,211.1,216.85,211.1,212.85
2009-04-14,213.42,223.4,208.1,210.16
2009-04-15,210.58,219.97,209.76,219.74
2009-04-16,220.65,221.42,214.25,215.3
2009-04-17,216.17,220.2,212.32,217.94
2009-04-20,217.07,218.98,208.55,208.95
2009-04-21,209.28,209.33,200.12,206.38
2009-04-22,207.66,210.66,202.31,205.99
2009-04-23,203.28,209.63,196.5,197.43
2009-04-24,198.48,205.85,195.99,205.33
2009-04-27,205.1,205.1,195.05,197.53
2009-04-28,198.02,199.43,190,191.04
2009-04-29,190.61,200.75,190.61,200.41
2009-04-30,201,206.99,200.05,203.72
2009-05-01,204.18,211.66,203.32,211.57
2009-05-04,213.4,217,211.75,215.05
2009-05-05,216.02,216.97,206.2,207.17
2009-05-06,206.67,219.09,206.35,218.59
2009-05-07,218.98,221.24,211.9,213.94
2009-05-08,215.72,220.35,212.95,214.59
2009-05-11,213.28,214.46,205.75,208.52
2009-05-12,208.26,215.15,206.63,208.49
2009-05-13,209.17,212.12,201.45,202.73
2009-05-14,202.15,203.05,196.29,202.78
2009-05-15,202.59,204.4,196.92,201.46
2009-05-18,201.9,207.15,197.36,206.21
2009-05-19,206.81,212.55,204.86,207.17
2009-05-20,207.51,213.4,206.24,211.28
2009-05-21,209.21,209.89,201.2,204.32
2009-05-22,205.42,211.75,204.06,209.77
2009-05-26,209.64,214.04,204.06,213.86
2009-05-27,213.47,215.43,210.55,211.25
2009-05-28,210.39,216.1,207.44,214.38
2009-05-29,214.42,220,214.42,218.05
2009-06-01,220,232.3,219.6,231.85
2009-06-02,231.43,234.74,227.57,229.25
2009-06-03,229.23,233.36,220.45,221.16
2009-06-04,221.73,230.39,220.73,230.26
2009-06-05,230.33,233.14,222.95,227.79
2009-06-08,226.86,230.58,223.05,227.13
2009-06-09,227.31,236.65,225.85,235.97
2009-06-10,235.89,239.07,233.6,235.48
2009-06-11,235.89,245.45,234.44,244.23
2009-06-12,244.19,244.51,235.85,237.75
2009-06-15,237.8,237.95,226.8,227.9
2009-06-16,227.7,231.45,224.24,225.6
2009-06-17,224.03,227.43,221.76,226.34
2009-06-18,225.93,227.47,221.9,226.2
2009-06-19,227.7,229.3,223.73,224.73
2009-06-22,224.06,224.06,212.65,214.71
2009-06-23,212.77,219.85,211.59,218.76
2009-06-24,217.54,228.5,215.54,226.66
2009-06-25,226.44,232.75,222.99,230.2
2009-06-26,230.73,232.4,227,228.5
2009-06-29,229.35,233.7,228.7,231.14
2009-06-30,231.53,234.48,222.7,225.5
2009-07-01,225.36,235,225.32,232.12
2009-07-02,231.85,233.19,225.25,228.79
2009-07-06,224.21,225.66,219.63,225.12
2009-07-07,224.94,229.25,221.25,222.17
2009-07-08,221.76,224.03,214.15,215.86
2009-07-09,215.81,224.05,215.4,222.38
2009-07-10,222.49,224.53,218.4,221.99
2009-07-13,221.91,223.4,218.51,222.55
2009-07-14,222.65,230.8,221.7,228.55
2009-07-15,230.08,240.25,229.26,238.06
2009-07-16,239.66,240.2,235.31,238.49
2009-07-17,237.95,243.65,236.46,241.72
2009-07-20,241.8,248.95,241.8,245.7
2009-07-21,247.01,249.15,243.11,243.93
2009-07-22,244.69,252.77,243.2,252.63
2009-07-23,251.84,253.6,247,250.75
2009-07-24,250.28,254.14,248.69,252.09
2009-07-27,252.14,257.17,251.45,253.95
2009-07-28,254.35,257.16,249.5,253.53
2009-07-29,252.71,253.21,244.75,246.72
2009-07-30,247.38,257.1,246.15,255.9
2009-07-31,255.74,262.32,254.88,262.27
2009-08-03,262.95,275.24,262.85,275.1
2009-08-04,274.49,279.55,269.23,277.22
2009-08-05,277.25,283.55,274.53,281.06
2009-08-06,281.36,281.41,272.05,274.88
2009-08-07,274.68,280.45,269.23,278.58
2009-08-10,277.5,284.35,275.28,277.09
2009-08-11,276.87,280.86,273.25,274.42
2009-08-12,274.91,283.05,269.83,282.39
2009-08-13,282.26,292.65,280.85,291.2
2009-08-14,291.72,293.99,281.83,282.33
2009-08-17,281.6,281.6,272.48,276.61
2009-08-18,276.22,281.07,271.85,275.95
2009-08-19,277.35,279.3,264.5,275.68
2009-08-20,276.38,280.01,271.75,274.11
2009-08-21,273.99,287.9,270.91,286.47
2009-08-24,287.04,291.85,285.5,288.85
2009-08-25,288.06,289.61,283.71,283.8
2009-08-26,283.45,290.89,282.95,285.95
2009-08-27,285.51,287.7,281.65,286.33
2009-08-28,286.17,296.25,286.13,294.52
2009-08-31,297.5,298.9,279.8,283.85
2009-09-01,285.67,290.35,279.75,281.77
2009-09-02,280.11,283.6,273.95,281.25
2009-09-03,281.25,287.47,278.4,286.56
2009-09-04,286.71,289.34,283.15,285.08
2009-09-08,288.38,297.8,285.88,294.23
2009-09-09,295.43,297.02,289.95,291.67
2009-09-10,291.42,295.28,283.1,288.34
2009-09-11,288.88,291.24,282.55,283.8
2009-09-14,282.71,282.71,276.22,279.85
2009-09-15,280.71,285.74,279.3,285.74
2009-09-16,284.63,294.55,284.08,294.33
2009-09-17,293.64,294.28,288.24,289.6
2009-09-18,289.62,290.76,278.05,279.73
2009-09-21,278.35,282.9,275,280.77
2009-09-22,279.92,288.75,279.92,285.95
2009-09-23,286.1,286.96,275.95,280.7
2009-09-24,277.73,280.08,269.3,269.88
2009-09-25,269.07,274.05,268.2,272.65
2009-09-28,273.67,273.99,266.41,272.04
2009-09-29,271.91,274.3,268.78,272.32
2009-09-30,272.11,282.15,272.11,281.18
2009-10-01,281.14,281.55,271.35,273.02
2009-10-02,271.47,272.06,263.8,268.25
2009-10-05,267.53,272.89,265.8,272.43
2009-10-06,272.68,281,272.59,276.94
2009-10-07,277.6,280.46,274.95,277.24
2009-10-08,279.21,290.1,278.21,288.05
2009-10-09,287.6,288.55,283.2,283.38
2009-10-12,284.7,286.83,283.15,285.01
2009-10-13,284.33,287.87,276.21,278.75
2009-10-14,280.02,285.42,280.02,284.42
2009-10-15,284.97,287.69,277.57,284.74
2009-10-16,286.65,286.83,280.84,283.79
2009-10-19,282.97,296.04,280.93,294.9
2009-10-20,295.45,298.71,290.82,291.73
2009-10-21,291.82,303.07,288.78,302.84
2009-10-22,301.12,302.11,296.99,299.35
2009-10-23,299.8,305.33,298.98,302.25
2009-10-26,302.07,306.24,297.08,297.44
2009-10-27,297.71,302.07,297.4,300.48
2009-10-28,299.66,302.75,292.09,293.4
2009-10-29,293.27,303.43,291.55,302.61
2009-10-30,302.3,304.02,294.18,295.04
2009-11-02,296.4,298.44,292.45,294.72
2009-11-03,296.35,298.8,289.96,297.17
2009-11-04,298.08,301.8,298.08,299.03
2009-11-05,298.39,299.21,295.08,297.26
2009-11-06,297.9,300.98,293.27,295.67
2009-11-09,298.35,300.84,296.76,298.35
2009-11-10,298.62,299.26,294.4,296.99
2009-11-11,297.35,302.84,296.13,298.71
2009-11-12,298.94,299.66,294.27,295.45
2009-11-13,295.22,298.21,294.27,297.71
2009-11-16,298.58,312.27,298.3,311.78
2009-11-17,310.55,312.55,308.33,312.05
2009-11-18,312.27,317.94,310.6,312
2009-11-19,313.05,314.04,307.47,310.32
2009-11-20,311.14,312.32,306.2,311.87
2009-11-23,314.04,318.76,313.41,314.22
2009-11-24,313,315.99,310.51,313.63
2009-11-25,314.27,319.4,313.63,318.99
2009-11-26,320.4,322.7,311.5,312.4
2009-11-27,311.14,312,301.21,311.32
2009-11-30,311.73,317.04,310.69,316.81
2009-12-01,317.6,323.65,315.5,322.25
2009-12-02,321.21,325.97,319.53,323.7
2009-12-03,323.93,325.97,322.03,323.89
2009-12-04,321.71,326.95,318.75,320.6
2009-12-07,320.43,322.08,315.23,320.28
2009-12-08,319.98,324.05,313.68,315.35
2009-12-09,315.18,318.62,310.38,312.72
2009-12-10,313.1,313.82,307.8,311.25
2009-12-11,311.2,314.73,310.2,313.78
2009-12-14,312.3,315.93,311.28,314.5
2009-12-15,314.62,316.35,310.83,314
2009-12-16,313.7,321.52,313.38,319.25
2009-12-17,319.3,320,311.18,312.18
2009-12-18,312.2,314.78,310.03,313.85
2009-12-21,313.8,316.93,313.3,314.78
2009-12-22,314.43,315.27,310.93,312.98
2009-12-23,313.02,320.7,311.98,319.98
2009-12-24,320,330,318.75,329.18
2009-12-28,329,333.93,327.7,331.48
2009-12-29,331.45,332.38,328.93,329.7
2009-12-30,329.73,335.68,329.03,334.08
2009-12-31,334.1,337.48,333.23,333.85
2010-01-04,335.5,342.48,334.65,341.13
2010-01-05,340.88,342.53,337.83,341.78
2010-01-06,341.63,351.73,340.9,348.83
2010-01-07,348.85,353.98,342.18,342.58
2010-01-08,343.08,344.3,338.88,342.65
2010-01-11,341.93,349.85,341.93,343.03
2010-01-12,343.45,345.83,330.55,331.73
2010-01-13,332,342.28,331.38,341.48
2010-01-14,341.4,343.98,337.93,340.05
2010-01-15,340.53,342.03,334.5,336.18
2010-01-18,336.5,342.85,335.43,341.08
2010-01-19,340.9,345.58,338.25,344.65
2010-01-20,344.7,346.3,333.48,335.13
2010-01-21,335.5,340.28,327.78,329.25
2010-01-22,329.07,336.88,326.35,333.93
2010-01-25,332.92,339.78,331.98,338.43
2010-01-26,338.3,339.25,330.23,333.5
2010-01-27,333.55,335.3,317.25,318.83
2010-01-28,319.4,323.88,308.83,311.42
2010-01-29,311.48,314.9,303.1,304.15
2010-02-01,303.68,310.5,298.8,310.5
2010-02-02,310.47,312,304.93,309.17
2010-02-03,308.5,313.95,295.05,298.18
2010-02-04,298,301.58,285.23,285.75
2010-02-05,285.95,289.38,280.97,288.45
2010-02-08,287.2,292.05,285.77,288.23
2010-02-09,287.98,299.95,287.45,299.33
2010-02-10,299.48,301,292.78,297.9
2010-02-11,298.15,314.35,297.63,313.05
2010-02-12,312.75,313.3,303.05,307.8
2010-02-15,309.13,311.08,305.97,310.15
2010-02-16,310,322.1,309.5,321.52
2010-02-17,320.2,326.28,319.53,322.98
2010-02-18,325.15,334.03,319.48,329.95
2010-02-19,329.95,338.03,322.65,336.23
2010-02-22,337.15,338.38,330.4,332.5
2010-02-23,331.65,336.03,320.83,323.15
2010-02-24,323.5,326.5,318.78,324.9
2010-02-25,324.47,328.27,316.35,322.63
2010-02-26,322.2,328.98,319.95,328.55
2010-03-01,343.35,347.8,331.98,334.45
2010-03-02,334.2,341.08,329.18,340.03
2010-03-03,340.2,346.78,334.73,342.45
2010-03-04,341.95,343.03,334.53,337.2
2010-03-05,337.23,345.38,336.13,341.8
2010-03-08,341.68,346.03,338.28,340.9
2010-03-09,341.73,341.93,335.18,339.4
2010-03-10,339.75,344.08,334.73,337.38
2010-03-11,337.35,339.18,333.48,338.95
2010-03-12,338.65,340.25,335.5,338.55
2010-03-15,337.83,338.63,328.95,331.9
2010-03-16,331.48,337.98,330.58,337.35
2010-03-17,337.7,342.23,336.83,342.13
2010-03-18,342.03,342.03,337.28,340.13
2010-03-19,339.4,342.03,335.28,337.7
2010-03-22,335.03,338.43,330.68,338.23
2010-03-23,338.88,340.4,335.45,337.18
2010-03-24,337.2,338.23,331.88,332.35
2010-03-25,332.5,338.2,332.18,334.55
2010-03-26,334.03,342.83,333.48,341.38
2010-03-29,341.53,354.48,341.33,354.48
2010-03-30,353.95,357.33,349.63,354.65
2010-03-31,354.73,356.88,351.78,354.83
2010-04-01,354.35,360.13,353.15,357.5
2010-04-05,357.85,363.18,357.33,363.05
2010-04-06,363.08,363.45,359.68,362.28
2010-04-07,361.83,363.03,356.18,358.1
2010-04-08,358.05,358.55,353.5,358.1
2010-04-09,357.93,361.9,357.53,358.75
2010-04-12,360.6,364.98,354.33,355.35
2010-04-13,355.33,359.88,354.03,359.65
2010-04-14,359.08,361.6,358.55,361.15
2010-04-15,361.4,362.08,356.13,359.4
2010-04-16,359.2,360.58,348.78,352.3
2010-04-19,353.45,354.3,346.9,353.88
2010-04-20,353.9,356.93,349.85,353.38
2010-04-21,353.33,355.65,348.9,353.27
2010-04-22,353.4,354.93,348,351.85
2010-04-23,351.98,353.78,347.65,353.58
2010-04-26,353.25,357.5,352.93,353.8
2010-04-27,354.25,354.6,336.43,337.03
2010-04-28,337.7,340.3,334.05,339.68
2010-04-29,339.63,340.77,333.1,335.23
2010-04-30,335.25,338.93,333.18,335.18
2010-05-03,335.65,335.8,327,329.1
2010-05-04,329.03,332.38,316.3,316.53
2010-05-05,316.75,320.07,300.5,314.95
2010-05-06,315.42,320.48,304.68,306.92
2010-05-07,307.55,317.4,305.78,314.4
2010-05-10,318.9,326.07,316.25,323.03
2010-05-11,322.63,323.33,312.48,316.5
2010-05-12,316.95,323.98,313.4,317.78
2010-05-13,317.6,325.45,317.33,321.95
2010-05-14,321.9,322.38,311.33,312
2010-05-17,310.93,311.9,291.03,295.98
2010-05-18,295.98,306.38,294.42,298.85
2010-05-19,298.7,300.63,292.33,298.98
2010-05-20,299.38,304.08,289.75,295.8
2010-05-21,293.93,310.93,293.85,309.33
2010-05-24,309,314.75,305.65,311.53
2010-05-25,311.4,311.45,300.5,308.3
2010-05-26,308.83,311.4,304.93,305.93
2010-05-27,304.68,317.33,304.2,316.65
2010-05-28,316.75,318.23,308.58,310.45
2010-05-31,310.85,313.6,309.63,311.1
2010-06-01,311.05,313.1,301.85,303.68
2010-06-02,304,306.03,296.73,305.55
2010-06-03,305.9,307.38,292.3,295.45
2010-06-04,295.25,298.73,278.65,279.45
2010-06-07,279.75,280.2,271.63,274.2
2010-06-08,275.05,280.35,272.68,279.83
2010-06-09,279.5,287.45,275.18,281.62
2010-06-10,281.7,290.05,279.83,289.05
2010-06-11,288.78,293.93,286.53,292.48
2010-06-14,292.43,301.8,291.87,296.88
2010-06-15,296.78,302.48,294.53,301.85
2010-06-16,304.03,306.38,297,300.08
2010-06-17,300.4,300.88,290.38,293.65
2010-06-18,294.1,294.1,285.93,290.6
2010-06-21,296.3,304.63,293.2,294.77
2010-06-22,294.88,301.03,292.63,297.6
2010-06-23,297.38,300.67,293.2,296.5
2010-06-24,296.33,302.75,295.63,302.08
2010-06-25,301.1,311.45,298.27,310.2
2010-06-28,308.7,311.78,306.5,309.03
2010-06-29,308.83,309.23,292.4,292.82
2010-06-30,293.13,297.03,286.78,291.35
2010-07-01,290.38,293.15,285.25,289.33
2010-07-02,289.2,295.38,289.1,291.6
2010-07-05,292.58,296.43,292.02,293.68
2010-07-06,293.65,301.55,290.33,296.55
2010-07-07,296.15,304.15,293.95,303.95
2010-07-08,303.48,304.98,298.78,302.6
2010-07-09,302.3,306.62,301.25,306.32
2010-07-12,306.35,306.35,298.33,301.65
2010-07-13,301.55,302.95,296.9,302.35
2010-07-14,301.93,305.1,298.35,299.35
2010-07-15,299.05,304.03,298.33,301.45
2010-07-16,300.75,302.35,292.43,293.35
2010-07-19,292.65,295.78,292.1,293.8
2010-07-20,292.85,302.35,292.82,302.03
2010-07-21,302.18,310.08,299.45,306.47
2010-07-22,306.25,318.85,304.43,316.28
2010-07-23,314.9,321.4,314,319.45
2010-07-26,319.85,323.33,316.6,322.47
2010-07-27,321.9,323.15,317.28,319.55
2010-07-28,318.85,326.02,318.25,323.65
2010-07-29,323.95,329.23,322.38,327.35
2010-07-30,326.95,331.18,324.38,330.53
2010-08-02,329.98,339.18,329.88,338.73
2010-08-03,338.53,339.15,332.53,334.8
2010-08-04,334.73,340.6,332.93,339.45
2010-08-05,339.35,340.3,331.93,334.35
2010-08-06,333.73,337.58,332.13,335.58
2010-08-09,336.12,338.93,333.4,335.48
2010-08-10,335.1,336.3,326.8,331.68
2010-08-11,330.93,332.88,323.55,323.73
2010-08-12,323.65,329.15,322.98,327.65
2010-08-13,328.05,332.8,325.3,327.08
2010-08-16,327.03,331.85,326.35,329.8
2010-08-17,329.9,336.78,328.88,335.15
2010-08-18,334.95,337,332.33,335.55
2010-08-19,335.73,340.58,330.9,334.23
2010-08-20,333.83,334.53,326.65,331.15
2010-08-23,331.45,332.78,328.8,329.95
2010-08-24,330.08,330.83,323.12,324.2
2010-08-25,324.23,327.5,319.58,325.13
2010-08-26,324.6,333,323.83,330.68
2010-08-27,330,339.95,329.53,339.53
2010-08-30,344.25,344.25,339.53,340.2
2010-08-31,340.15,340.4,335.25,337.2
2010-09-01,338.28,348.1,337.03,346.73
2010-09-02,346.63,350,345.83,348.33
2010-09-03,348.5,353,346.75,350
2010-09-06,349.28,352.2,348.23,351.4
2010-09-07,350.98,351.85,341.7,345.55
2010-09-08,345.23,351.1,344.73,349.08
2010-09-09,348.75,349.75,339.8,342.18
2010-09-10,341.63,344.75,339.6,340.2
2010-09-13,343.58,348.9,341.7,348.25
2010-09-14,347.33,349.23,342.48,344.85
2010-09-15,344.93,347.33,343,346.83
2010-09-16,346.8,351.08,343.98,348.38
2010-09-17,348.48,354.8,348.3,351.25
2010-09-20,351.45,355,349.13,350.48
2010-09-21,350.35,352.4,347.4,347.68
2010-09-22,347.68,357.23,347.5,356.58
2010-09-23,356.8,359.48,356.13,356.55
2010-09-24,356.28,363.23,356.18,362.2
2010-09-27,362.93,363.95,358.03,358.35
2010-09-28,358.4,363.5,356.55,363.1
2010-09-29,362.93,366.9,361.53,364.83
2010-09-30,364.48,366.45,361.65,365.5
2010-10-01,365.3,371.68,365.18,369.28
2010-10-04,369.23,371.4,364.95,366.38
2010-10-05,365.78,374.05,364.08,372.5
2010-10-06,372.23,378.5,372,375.85
2010-10-07,375.8,378,365.33,367.2
2010-10-08,367.85,379.68,365.5,378
2010-10-11,378.45,381.33,376.88,378.23
2010-10-12,378.13,380.9,371.4,379.88
2010-10-13,379.98,383.63,378.53,381.75
2010-10-14,381.65,386.3,376.93,380.73
2010-10-15,380.35,385.93,379.18,383.5
2010-10-18,382.78,387.53,377.45,384.83
2010-10-19,384.43,386.3,371.9,372.18
2010-10-20,371.5,380.6,371.5,379.98
2010-10-21,378.85,384.53,376.25,376.7
2010-10-22,376.58,381.43,375.2,381.38
2010-10-25,382.15,388.48,381.73,385.03
2010-10-26,383.63,388.9,383.55,387.13
2010-10-27,388.83,388.9,375.8,377.63
2010-10-28,377.55,382.53,376.65,378.23
2010-10-29,377.95,378.25,369.93,374.1
2010-11-01,376.7,381.13,375.03,378.15
2010-11-02,378.38,383.63,376.7,382.15
2010-11-03,382.25,384.43,375.98,382.83
2010-11-04,381.8,391.28,381.53,390.4
2010-11-05,392,399.13,391.35,397
2010-11-08,395.93,397.75,391.65,394.75
2010-11-09,396.2,404.2,392.33,396.85
2010-11-10,398.2,401.55,393.85,398.48
2010-11-11,398,407.9,396.45,403.33
2010-11-12,402.85,404.58,387.65,389.35
2010-11-15,388.5,395.18,384.73,390.3
2010-11-16,390.78,392.48,368.63,372.23
2010-11-17,372.65,376.18,360.85,372.03
2010-11-18,372.98,384.83,371.73,384.83
2010-11-19,385.25,387.58,378.58,383.2
2010-11-22,384.48,387.45,373.38,377.85
2010-11-23,377.3,378.58,366.28,370.05
2010-11-24,370.13,378.33,370.13,377.2
2010-11-25,376.8,379.8,372.8,379.23
2010-11-26,379.5,379.5,370.58,374.8
2010-11-29,375.4,380.5,370.93,376.7
2010-11-30,376.45,383.18,371.73,380.13
2010-12-01,379.7,394.93,378.65,394.83
2010-12-02,394.13,399.3,392.78,397.08
2010-12-03,396.63,401.23,394.28,401.03
2010-12-06,401.5,402.43,397.08,400.35
2010-12-07,399.33,412.7,397.68,400.48
2010-12-08,399.88,411.38,397.48,410.83
2010-12-09,410.78,415,405.2,406.13
2010-12-10,405.88,413.83,405.88,411.5
2010-12-13,410.5,421.8,409.65,420.3
2010-12-14,418.73,422.4,418.13,420.15
2010-12-15,419.98,421.4,409.05,409.68
2010-12-16,410.43,413.43,407.4,410.75
2010-12-17,410.83,418.58,410.83,416.75
2010-12-20,416.9,421.88,415.75,420.43
2010-12-21,421.25,429.18,418.93,428.93
2010-12-22,428.78,428.98,424.4,428.2
2010-12-23,427.45,428.03,420.63,425.3
2010-12-27,421.9,429.43,420.03,428.3
2010-12-28,428.25,432.73,427.78,431.9
2010-12-29,430.73,432.78,428.7,431.3
2010-12-30,431.03,437.45,430.08,436.88
2010-12-31,436.8,444.73,435.68,443.28
2011-01-03,444.75,449.8,442,443
2011-01-04,443.5,446.55,435.35,438.65
2011-01-05,438.3,441.95,429.1,440.95
2011-01-06,440.35,442.55,431.25,432.75
2011-01-07,432.8,435.15,425.2,428.2
2011-01-10,427.8,432.75,425.5,428.05
2011-01-11,428.4,435.9,427.3,434.45
2011-01-12,434,443.55,434,441.7
2011-01-13,441.7,442.55,434.5,435.4
2011-01-14,435.4,443.85,434.65,443.45
2011-01-17,443.4,446.3,436.7,438.45
2011-01-18,438.65,444.7,436.75,443.35
2011-01-19,443.05,446.75,434.8,436
2011-01-20,436.25,438.8,423,424.9
2011-01-21,425.25,433.6,424.85,431
2011-01-24,431.4,437.15,430.9,434.3
2011-01-25,433.4,435.25,421,424.9
2011-01-26,425,429.3,422.45,429.2
2011-01-27,429.55,435.55,427.85,432.2
2011-01-28,431.65,440.7,428.7,435.05
2011-01-31,436.25,446.1,433.6,445.15
2011-02-01,445.55,455.6,445.1,455.15
2011-02-02,455,456.1,451.65,455.9
2011-02-03,455.75,457.65,451.6,454.85
2011-02-04,454.55,461.4,453.7,459.3
2011-02-07,458.55,463.75,453.7,454.5
2011-02-08,454.5,460.85,450.95,459.5
2011-02-09,459,460.4,450.1,452.6
2011-02-10,452.3,455.8,449.1,454.6
2011-02-11,454.75,457.9,448.6,455.65
2011-02-14,454.95,463.45,454.35,463.1
2011-02-15,463.1,464.5,452.1,452.7
2011-02-16,452.9,454.8,446.2,449.8
2011-02-17,450.55,452.8,442.95,451.7
2011-02-18,451.95,453.65,443.65,449
2011-02-21,450.5,452.6,446.55,450
2011-02-22,448.9,450.85,432.3,433.4
2011-02-23,433.2,436.3,426.7,432.65
2011-02-24,432.25,436.4,424.35,436
2011-02-25,434.4,447.6,433.7,447
2011-02-28,446.25,450.55,442.6,449.85
2011-03-01,450,452.45,445,446.55
2011-03-02,447,451.75,445.5,449.85
2011-03-03,449.4,454.55,447.05,449.5
2011-03-04,449.35,455.35,446.65,448.9
2011-03-07,448.55,451.6,430.5,434.95
2011-03-08,435.35,435.85,425.4,434.35
2011-03-09,434.45,437.9,418.5,421.6
2011-03-10,421.55,422.9,413.7,420.45
2011-03-11,420.9,424.5,408.6,423.25
2011-03-14,418.6,422.2,414,422.1
2011-03-15,420.75,421.25,407.6,419.1
2011-03-16,417.95,426.8,417.5,417.75
2011-03-17,415.7,436.75,415,435.4
2011-03-18,436.1,437.6,430.2,436.1
2011-03-21,434.75,436.8,426.75,429.4
2011-03-22,428.65,431.9,427.1,431
2011-03-23,430.5,444.1,429,443.05
2011-03-24,443,445.4,439.2,442.2
2011-03-25,442.1,445.4,440.05,442.4
2011-03-28,442.85,443.4,433.3,434.5
2011-03-29,434.85,437,429.3,435.95
2011-03-30,435.05,437.75,424.55,426.15
2011-03-31,425.7,431.15,424.6,427.8
2011-04-01,428.55,431,421.25,426
2011-04-04,426.25,431,422.4,425.15
2011-04-05,425.05,428.9,421.35,424.5
2011-04-06,424.1,437.8,424.1,437.4
2011-04-07,437.9,443.6,435,442.15
2011-04-08,442.25,452.25,440.25,451.15
2011-04-11,451.95,453.3,444.6,445.7
2011-04-12,445.55,447.45,436.2,438.55
2011-04-13,438.15,440.7,427.8,428.3
2011-04-14,427.9,431.75,424.55,430.15
2011-04-15,432.3,433.3,425.2,427.25
2011-04-18,426.85,430.5,419.2,423.65
2011-04-19,423.9,428,420.15,426.2
2011-04-20,425.75,436.75,425.75,436.25
2011-04-21,437,442.1,434.05,440.4
2011-04-25,441.55,441.95,428.05,431.65
2011-04-26,431.25,436.15,427.3,434.2
2011-04-27,434.5,437,422.95,427.5
2011-04-28,427.55,432.5,422.65,427.25
2011-04-29,426.2,428.4,415.85,419.7
2011-05-02,419.4,420.95,410.8,417.85
2011-05-03,417.3,426.6,415.95,424.65
2011-05-04,424.5,425.45,412.5,413.2
2011-05-05,411.75,414.2,396.45,398.25
2011-05-06,399.9,405.85,392.8,397
2011-05-09,398.8,407,397.5,405.6
2011-05-10,405.2,407.9,400.6,405.2
2011-05-11,404.5,406.85,389.8,390.55
2011-05-12,390.5,399.35,385.35,397.6
2011-05-13,397.4,404.7,395.1,400.6
2011-05-16,398.7,401.9,394.65,396.7
2011-05-17,397.2,403.95,394.7,403.7
2011-05-18,403.6,412.4,402.3,410.1
2011-05-19,409.55,411.9,403.5,404.95
2011-05-20,404.9,414.55,403.8,410.4
2011-05-23,410.35,410.5,395.1,398.5
2011-05-24,397.4,405.65,396.2,401.15
2011-05-25,401.4,412.6,400.1,410.5
2011-05-26,410.2,413.7,407.15,411.85
2011-05-27,412.65,419.25,410.6,418
2011-05-30,418.2,419.3,413.65,416.35
2011-05-31,416.75,421.1,414.25,419.2
2011-06-01,418.75,419.7,408.5,408.75
2011-06-02,408,412.35,403.35,410
2011-06-03,409.55,414.35,404.8,412.1
2011-06-06,412.3,417.35,412.1,412.2
2011-06-07,411.2,416.25,411,415.3
2011-06-08,415.35,415.9,405.1,410.55
2011-06-09,411.3,411.8,404.6,410.85
2011-06-10,411,412.25,402.8,404.05
2011-06-13,403.2,405.9,401.25,404
2011-06-14,403.55,416.85,402.95,415.65
2011-06-15,415.8,418.3,409.9,412.5
2011-06-16,412.1,413.25,404.65,411.95
2011-06-17,412.6,415.6,407.65,409.9
2011-06-20,408.85,411,400.85,406.95
2011-06-21,407.4,412.75,405.85,408.45
2011-06-22,409,409.65,404.65,405.95
2011-06-23,405.4,407.65,401.6,406.85
2011-06-24,407.4,413.25,405.85,408.65
2011-06-27,409.2,410,403.55,407.4
2011-06-28,409.25,412,406.75,411.25
2011-06-29,411.4,423.85,411.25,422.7
2011-06-30,422.4,428.65,420.6,426.85
2011-07-01,427.25,431.75,424.85,431.3
2011-07-04,430.9,433.45,429.2,431.4
2011-07-05,431.35,435.4,428.3,434
2011-07-06,434.3,434.8,430.1,433.5
2011-07-07,433.3,444.3,432.7,443.2
2011-07-08,442.5,445.7,437.7,440.5
2011-07-11,441,442,433.5,437.1
2011-07-12,437.2,440.7,431.5,439.2
2011-07-13,439.2,443.9,437.5,438.9
2011-07-14,440,441.7,436.9,438.8
2011-07-15,438.7,442.6,435.5,441.5
2011-07-18,441.7,444.7,437.2,441.3
2011-07-19,440.9,449.5,440.5,447.1
2011-07-20,447.2,447.9,442.7,443.7
2011-07-21,443.7,445.9,436.8,439.4
2011-07-22,438.3,442.6,437.6,440.5
2011-07-25,441.6,441.8,437.1,440.7
2011-07-26,439.8,448.4,439.5,448.1
2011-07-27,447.8,448.8,442.3,443.9
2011-07-28,443.8,448.4,443.1,447.5
2011-07-29,447.6,450.1,441.3,448.6
2011-08-01,450.2,452,438,440.3
2011-08-02,440.5,442.4,437.4,437.5
2011-08-03,437.2,440.4,432.2,433.7
2011-08-04,434.2,436.1,420.5,421.2
2011-08-05,421.3,422.6,408.2,411.9
2011-08-08,404.1,412.4,392.3,392.5
2011-08-09,393.2,405.9,381.9,404.7
2011-08-10,405,407.1,387,390.3
2011-08-11,389,407.1,385.8,405.4
2011-08-12,404.7,406.1,398.2,400.2
2011-08-15,400.7,405.8,398.8,402.9
2011-08-16,402.8,404.5,395.2,399.2
2011-08-17,399.6,407.4,396.9,403.5
2011-08-18,403.7,404.3,392.8,394.1
2011-08-19,393.9,401.4,392.9,397.4
2011-08-22,396.7,401.3,393,394.2
2011-08-23,393.8,403.8,393.5,400.8
2011-08-24,400.7,403.1,396.6,401.3
2011-08-25,401.2,410.2,399.8,408.3
2011-08-26,408.5,412.5,404.6,410.1
2011-08-29,410.8,411.5,405.7,409.6
2011-08-30,411.7,419.2,411.4,414.7
2011-08-31,414.9,422.3,413.6,420.1
2011-09-01,419.7,420.2,412.8,414.2
2011-09-02,414.4,416.2,409,411.4
2011-09-05,410.7,413.2,404.5,406
2011-09-06,406.7,409.1,402.2,406.4
2011-09-07,406.3,414.8,405.6,414.4
2011-09-08,413.6,415.9,408.7,412
2011-09-09,413,414.2,399.4,400.5
2011-09-12,397.2,399.9,390.5,399.6
2011-09-13,399.7,402.4,395.5,397
2011-09-14,396.3,401.1,388.6,391
2011-09-15,390.4,397.9,389.5,395.8
2011-09-16,396.2,399.7,392.6,392.8
2011-09-19,390.7,391.4,376.5,379.2
2011-09-20,379.6,382.3,370.6,371.1
2011-09-21,370.8,378.4,369.3,370.1
2011-09-22,369.5,372,341.4,344.9
2011-09-23,345,349.5,321.5,331.7
2011-09-26,331.7,335.7,307.2,335.3
2011-09-27,335,348.3,330.1,342.1
2011-09-28,342.2,342.4,316.5,318
2011-09-29,317.2,328.8,308.4,324.2
2011-09-30,323.9,331.4,309.7,310.8
2011-10-03,312.6,317.8,300,306.6
2011-10-04,306.6,315.5,303.2,313.5
2011-10-05,313.2,317.1,302.6,314
2011-10-06,314.2,328,311.9,327.3
2011-10-07,327,333.7,326,329
2011-10-10,329.5,338.9,327.7,337.2
2011-10-11,337,338.6,323.2,327.3
2011-10-12,328.1,341.1,323.9,335.4
2011-10-13,335.7,337.4,328.7,333.2
2011-10-14,332.9,343.3,331.4,343.1
2011-10-17,343.2,346.3,333.3,333.3
2011-10-18,333.6,342,325.9,337.4
2011-10-19,336.9,337.6,320.6,322.8
2011-10-20,322.3,323.5,303.1,308.4
2011-10-21,308.4,326.9,307.6,325.7
2011-10-24,323.7,347,321.2,345.6
2011-10-25,346.1,353.7,335.8,340.9
2011-10-26,340.7,358.5,339.8,351.1
2011-10-27,350.9,372,349.8,370.6
2011-10-28,370.3,375,361.6,371.6
2011-10-31,369.7,370.8,356.7,358
2011-11-01,358,365.6,346.3,348
2011-11-02,347.8,362.9,347.8,357.5
2011-11-03,357.4,360.6,347.5,358.6
2011-11-04,358.7,365.2,354.5,356.4
2011-11-07,360.7,362.4,349.3,358.5
2011-11-08,357.8,359,350.6,355.1
2011-11-09,354.6,359.9,338.9,339.6
2011-11-10,339.8,342.8,331.8,337.6
2011-11-11,337.3,347.9,334.5,347.4
2011-11-14,347.7,358.5,347.5,349.3
2011-11-15,348.7,352.1,345.4,349.9
2011-11-16,350.3,353.7,343.1,346.8
2011-11-17,346.6,349.1,335.8,337.2
2011-11-18,336.7,343.9,333.3,339.8
2011-11-21,339.7,340.6,327.2,331.2
2011-11-22,330.6,337.3,329.6,331.2
2011-11-23,330.9,336.6,323.5,325.6
2011-11-24,327.3,331.7,320.7,327.6
2011-11-25,328.2,331.6,322.4,327.9
2011-11-28,332.4,341.5,332.4,336
2011-11-29,335.8,341.3,334.6,338.9
2011-11-30,338.7,363.5,330.5,357.4
2011-12-01,357,359.7,351.8,353.5
2011-12-02,353.8,363.2,352.8,358.6
2011-12-05,358.6,363.5,354.4,355.4
2011-12-06,355.3,360.7,352.6,358.1
2011-12-07,358.2,361.4,352.2,355.5
2011-12-08,355.8,360.3,347.9,348.7
2011-12-09,349.3,359.4,347.7,357.2
2011-12-12,356.4,357.2,343.6,345.3
2011-12-13,344.8,349.3,338,338.6
2011-12-14,338.4,342.7,325.7,327.9
2011-12-15,328.2,332.9,323.4,326.8
2011-12-16,326.7,337.7,326.7,336.2
2011-12-19,334.53,335.65,326.2,330.7
2011-12-20,330.8,339,328.7,337.7
2011-12-21,337.8,343.7,334.9,338.6
2011-12-22,338.7,342.9,336.1,341.8
2011-12-23,341.6,347.7,341.3,346.8
2011-12-27,340.6,344.6,340.2,341.1
2011-12-28,340.8,344.6,335,335.7
2011-12-29,335.7,340.1,332.5,338.2
2011-12-30,338.5,345.4,337.8,343.3
2012-01-03,346.6,353.9,346.3,352.3
2012-01-04,352,352.2,342.2,343.3
2012-01-05,343.6,347.9,338.5,341.2
2012-01-06,341.3,346.4,339.4,343.1
2012-01-09,343.3,344.1,337.8,342.5
2012-01-10,342.3,351.6,340.5,350
2012-01-11,349.9,355.6,347.2,354.6
2012-01-12,353.8,367,352.3,364.5
2012-01-13,364.2,368.7,357.9,364.3
2012-01-16,362.6,368.6,359.6,367.5
2012-01-17,366.9,375.8,365.9,372.7
2012-01-18,372.4,377.2,369.6,376.1
2012-01-19,375.9,382.1,375.9,381.7
2012-01-20,381.6,383.3,373.1,374.6
2012-01-23,374.2,381.7,372.2,381.4
2012-01-24,381.2,382.6,375,382.4
2012-01-25,382.2,385.7,376.1,384.6
2012-01-26,385.2,391,383.1,388.8
2012-01-27,388.5,393.9,386.4,389.5
2012-01-30,388.9,389.2,379.7,383
2012-01-31,383.6,387.5,376.6,379.1
2012-02-01,379.4,384.8,376.4,382.8
2012-02-02,382.9,385.1,376.8,378.7
2012-02-03,378.9,391.4,377.8,390.5
2012-02-06,389.5,389.5,382.9,387.8
2012-02-07,387.2,388,379.5,386.9
2012-02-08,386.7,393.4,385.5,390
2012-02-09,390.1,398.8,387.4,396.9
2012-02-10,397.4,397.4,384.7,386.2
2012-02-13,388.4,390.8,381.9,383.4
2012-02-14,382.9,385.9,378.6,382.9
2012-02-15,383.1,387.2,379.1,380.8
2012-02-16,380.4,381.7,372.9,380.9
2012-02-17,380.8,382.9,369.5,372
2012-02-20,376,381.1,372.5,375
2012-02-21,373.8,384.4,373.2,382.5
2012-02-22,382.9,385,379.5,383.3
2012-02-23,383.4,383.9,377.4,381.1
2012-02-24,381.8,388.2,378.3,386
2012-02-27,386.9,389.5,383.2,387.5
2012-02-28,387.6,395.7,386.7,391.7
2012-02-29,391.6,396.1,382.4,387.2
2012-03-01,386.3,393.7,384.9,393.3
2012-03-02,393.7,394.9,389,390.6
2012-03-05,390.3,393.2,383.6,386.6
2012-03-06,387,388.2,373.1,373.7
2012-03-07,374.1,378.5,371.4,377.4
2012-03-08,377.6,383,376.5,379.9
2012-03-09,379.8,387.6,378.8,385.1
2012-03-12,385.9,386.3,381.7,384.4
2012-03-13,384.3,391.8,384.2,391.7
2012-03-14,391.7,391.8,382.6,383.6
2012-03-15,383.6,390.2,382.6,388.6
2012-03-16,388.7,394,386.9,388.3
2012-03-19,388.2,391.9,385.5,390.1
2012-03-20,390.1,391,381.4,384.3
2012-03-21,384.3,387,382.8,383.9
2012-03-22,384,385.7,375.3,377.9
2012-03-23,378.1,382.4,376.3,380.7
2012-03-26,380.7,389.9,379.6,389.6
2012-03-27,389.3,390.4,385.7,386.4
2012-03-28,386.3,387,378.3,379.8
2012-03-29,380.4,381.8,376.3,380.9
2012-03-30,380.8,385.1,380.5,382.4
2012-04-02,384.9,393.2,382.9,391.2
2012-04-03,391.1,395.5,388.1,389.1
2012-04-04,389,389.3,378.9,379.5
2012-04-05,379.2,382.6,377.5,379.7
2012-04-09,377.7,379.9,370.5,371.4
2012-04-10,371.9,378.2,364.6,366.3
2012-04-11,365.9,367.3,363.1,363.4
2012-04-12,363.7,373.1,363.7,371.5
2012-04-13,371.7,372.1,360.6,361.7
2012-04-16,361.7,363.9,356.9,363
2012-04-17,362.7,365.4,358.6,364
2012-04-18,364.3,367.4,361.3,363.1
2012-04-19,363,365.4,359.9,362.8
2012-04-20,362.7,371.2,362.5,369.2
2012-04-23,369.1,370,361.3,364
2012-04-24,364.1,369.6,363.4,368.4
2012-04-25,368.7,372.2,367,371.7
2012-04-26,371.6,379.2,369.6,378.4
2012-04-27,377.1,383.8,375.5,383.8
2012-04-30,383.3,386.1,379.7,383.7
2012-05-01,383.8,385.5,381.3,383.8
2012-05-02,383.9,383.9,376.7,378.8
2012-05-03,378.6,379.1,372.8,373.6
2012-05-04,373.7,375.4,370.4,371.9
2012-05-07,369.9,377.6,366.7,376
2012-05-08,376.3,376.4,365.6,369.1
2012-05-09,368.9,369.4,361.1,366
2012-05-10,366.1,371.3,364.4,367.3
2012-05-11,367.2,368.3,361.7,363
2012-05-14,365.6,367.4,350.6,351.5
2012-05-15,351.6,355.8,348.7,349.6
2012-05-16,350.1,351.5,345,347.3
2012-05-17,347.2,352.1,345.4,346.2
2012-05-18,346,351.6,343.2,344.3
2012-05-21,344.9,353.8,343.6,353.3
2012-05-22,353,353.3,345.2,346.2
2012-05-23,346.1,347.7,338.7,344.8
2012-05-24,344.7,345.1,340.5,343.7
2012-05-25,343.5,346.6,341.8,344.8
2012-05-28,344.9,349.7,344.9,346.8
2012-05-29,347.2,350.8,345.4,347.4
2012-05-30,347.1,347.2,337.3,337.5
2012-05-31,338.1,340.5,334.2,336.1
2012-06-01,335.8,337.7,330,331.8
2012-06-04,331.3,335,323.8,333.1
2012-06-05,332.8,335.1,327.9,330
2012-06-06,330.3,338.2,329.5,337.1
2012-06-07,337.3,342.9,333,336.7
2012-06-08,336.1,336.9,326.4,331.7
2012-06-11,339.4,340,330.8,330.8
2012-06-12,330.7,335.8,330.3,334.8
2012-06-13,334.5,336.9,330.8,331.8
2012-06-14,332.2,337.4,331.9,336.9
2012-06-15,336.5,341.9,335.8,341.5
2012-06-18,345.4,345.4,336.8,338.6
2012-06-19,339.1,343.9,337.3,342.5
2012-06-20,342.6,343.3,336.1,338.2
2012-06-21,338.4,338.5,329.4,329.8
2012-06-22,330.1,331.7,325.7,330.9
2012-06-25,331.5,334.7,328.9,333.5
2012-06-26,333.8,334.5,330.5,332.6
2012-06-27,332.5,336,330.3,334.9
2012-06-28,335.1,336.7,331.7,334.5
2012-06-29,334.4,351.4,333,349.9
2012-07-02,349.6,350.1,345.3,347
2012-07-03,346.8,355.6,346.3,353.6
2012-07-04,353.8,353.9,350.5,351.5
2012-07-05,350.3,354,347,349.1
2012-07-06,348.8,350.5,340.6,341.3
2012-07-09,341.23,344,339.83,343.8
2012-07-10,343.9,343.9,338.2,339
2012-07-11,339.3,345.1,338.9,343.6
2012-07-12,343.2,343.9,338.4,342.4
2012-07-13,342.4,350.6,341.3,349.3
2012-07-16,350.3,350.8,346.6,348.6
2012-07-17,349,351.2,343.3,346.9
2012-07-18,346.7,348.2,343.6,347.5
2012-07-19,347.3,354.4,347,352.9
2012-07-20,352.6,352.9,341.9,344.2
2012-07-23,343.3,344.4,334.2,337.7
2012-07-24,337.1,340.1,333.9,336.1
2012-07-25,336,340.2,333.3,338.5
2012-07-26,338.6,343.7,335.4,339.2
2012-07-27,339.4,343.9,337.9,343.3
2012-07-30,343.1,345.5,340.3,342.5
2012-07-31,342.4,345.6,341.18,341.7
2012-08-01,341.5,342.6,334.6,336
2012-08-02,336.1,338.4,328.9,330.1
2012-08-03,330.3,337.3,329.9,336.7
2012-08-06,336.6,339.2,334.4,337.8
2012-08-07,337.7,344.9,337,343.1
2012-08-08,343.1,343.2,340.4,342.2
2012-08-09,342.1,344.3,340.4,342.5
2012-08-10,342.2,342.4,336.2,340.2
2012-08-13,340.1,340.2,334.2,335.3
2012-08-14,335.4,338,333.7,334.8
2012-08-15,335,337.2,333.4,335
2012-08-16,335.3,338.7,334.2,338.3
2012-08-17,338.3,342.4,337.5,341.6
2012-08-20,341.9,342.2,335.4,337.7
2012-08-21,337.6,346.4,337,343.6
2012-08-22,343.7,348.5,343,347.3
2012-08-23,347.3,351.2,346.3,347.8
2012-08-24,347.7,349.4,345.6,348.2
2012-08-27,348.8,351.1,346.8,347.4
2012-08-28,347.8,347.8,344.9,346.8
2012-08-29,346.6,347.3,342.9,343.9
2012-08-30,344.1,349.4,343.4,344.3
2012-08-31,344.3,346.8,340.9,345.9
2012-09-03,345.7,349.9,343.3,348.1
2012-09-04,348.7,349.5,346.2,347.3
2012-09-05,347.5,353,344.7,351.9
2012-09-06,352.2,353.8,349.4,351.2
2012-09-07,350.9,365.3,350.5,364.5
2012-09-10,364.3,370,363.3,367.1
2012-09-11,367,371.2,364.9,369.1
2012-09-12,368.8,372.9,366.3,368.8
2012-09-13,368.8,374.9,366.1,373.1
2012-09-14,373.2,383.7,373,381.7
2012-09-17,382.7,383,373.8,375.8
2012-09-18,376.3,379.7,374.5,379.1
2012-09-19,378.9,383.8,378.3,379.8
2012-09-20,380.2,380.8,373.4,377.7
2012-09-21,377.9,380.9,377.1,377.2
2012-09-24,377.9,377.9,371.6,374
2012-09-25,374.43,378.2,372.7,372.9
2012-09-26,373.2,375.6,368.2,371.4
2012-09-27,371.7,374.8,370,374.6
2012-09-28,374.5,377.6,374,375.5
2012-10-01,374.7,379.7,372.2,377.6
2012-10-02,377.6,382.2,376.9,379.6
2012-10-03,379.3,379.3,376.1,377.1
2012-10-04,377.2,381.2,376.6,378.8
2012-10-05,378.9,380.9,375,375.8
2012-10-08,375.9,376.1,370.3,372.4
2012-10-09,372.2,375.2,370.7,371.9
2012-10-10,372.3,372.8,369.4,371.5
2012-10-11,370.6,377.7,369.2,374.7
2012-10-12,374.5,375.6,369.3,369.6
2012-10-15,370,371,364.7,369.3
2012-10-16,369.7,372.3,368.9,371.1
2012-10-17,371.9,375.4,368.9,374.4
2012-10-18,374.3,376.4,372.1,373.3
2012-10-19,373.4,374.7,362.7,363.2
2012-10-22,362.6,365.2,360.9,362.3
2012-10-23,362.5,364,354.8,357.2
2012-10-24,357.3,359.7,355,357.4
2012-10-25,357.3,359,353.8,355.6
2012-10-26,355.7,356.8,352.3,355.8
2012-10-29,355,356.1,348.2,349.9
2012-10-30,349.5,353.2,349.1,351.3
2012-10-31,351.4,355.9,350.9,351.8
2012-11-01,351.9,356.8,351.5,355.6
2012-11-02,355.7,355.7,347.3,348.3
2012-11-05,347.8,350.2,344.9,347.7
2012-11-06,347.9,352.1,347,351.8
2012-11-07,351.3,354.3,343.1,345.3
2012-11-08,345.5,347.4,343.4,346.6
2012-11-09,346.7,349.2,340.3,344.5
2012-11-12,344.6,347.5,343,346.8
2012-11-13,346.7,349.7,342.2,347.4
2012-11-14,347,349.1,344.2,345.1
2012-11-15,344.9,347.9,344.2,346.7
2012-11-16,346.9,347.4,342.5,345.2
2012-11-19,345.4,354,345.4,352.6
2012-11-20,351.9,353.4,350.6,352.9
2012-11-21,352.7,352.9,347.3,350.8
2012-11-22,350.9,351.7,349.8,350.1
2012-11-23,350.3,353,348.1,352.9
2012-11-26,354.2,355.1,351.8,354.9
2012-11-27,355,356.4,353,354.9
2012-11-28,354.8,355.2,349.5,354.5
2012-11-29,354.4,362.2,353.8,360.3
2012-11-30,360.4,365,359.2,364.3
2012-12-03,364.7,366.5,364.2,365.2
2012-12-04,365.4,367.85,363.4,365.8
2012-12-05,365.7,369.3,365.1,367.8
2012-12-06,367.5,368.8,363.4,364.8
2012-12-07,364.6,367.8,364.2,366.7
2012-12-10,366.7,371.8,366.3,370.3
2012-12-11,370.4,370.7,368.3,369
2012-12-12,368.9,372,367.5,370.8
2012-12-13,370.9,370.9,365.4,366.9
2012-12-14,366.7,369.4,366.4,367.9
2012-12-17,368.4,369.3,364.8,367.7
2012-12-18,367.5,368.5,364,365.2
2012-12-19,364.8,366.1,359.8,360.4
2012-12-20,360.3,361.3,352.3,353.5
2012-12-21,353.8,357.9,353.5,356.4
2012-12-24,356.3,357.9,354.5,355.1
2012-12-26,356.4,361.1,356.1,359.7
2012-12-27,359.6,361.2,359,360.4
2012-12-28,360.3,362.2,358.7,358.8
2012-12-31,358.85,365.3,358.28,364.9
2013-01-02,365,375.9,364.4,373.1
2013-01-03,373.2,375.9,369.1,369.3
2013-01-04,369.2,370.6,367.1,370
2013-01-07,370.3,370.9,365.3,368.4
2013-01-08,368.9,369.1,366,367.9
2013-01-09,368,370.7,366.5,367.2
2013-01-10,367,371.7,366.6,371.3
2013-01-11,371.2,371.7,365.3,365.9
2013-01-14,366.2,368.8,363.3,364.6
2013-01-15,364.4,365.1,360.6,363.5
2013-01-16,363.8,364.5,360,361.8
2013-01-17,361.9,366.6,360.1,366
2013-01-18,365.9,369.7,365.5,367.6
2013-01-21,367.3,368.2,366.2,366.7
2013-01-22,366.8,370.7,366.6,370.4
2013-01-23,370.5,371.1,367.7,367.9
2013-01-24,367.2,369.6,366.1,367.3
2013-01-25,367.5,369.9,364.1,365.8
2013-01-28,365.6,367.6,364.4,365.8
2013-01-29,365.9,369.4,365.4,368.9
2013-01-30,369,375.5,368.3,374.7
2013-01-31,374.8,377.2,371.8,373.7
2013-02-01,373.6,378.6,372,377.7
2013-02-04,378.7,379.2,376.2,376.7
2013-02-05,376.5,378.1,375.7,377.3
2013-02-06,377.2,378.3,373.2,375.2
2013-02-07,375,375.7,372.2,373
2013-02-08,373.2,377.4,372.7,375.9
2013-02-11,375.7,376.9,371.1,372.5
2013-02-12,372.3,374.8,371,374.6
2013-02-13,374.8,376.1,372.8,374.4
2013-02-14,374.1,375.1,372.8,374.4
2013-02-15,374.3,375.2,372,373.7
2013-02-18,374.4,374.6,367.9,368.5
2013-02-19,368.4,369.8,364.5,365.5
2013-02-20,365.6,367,359.3,359.8
2013-02-21,360.3,360.8,353.7,356.2
2013-02-22,356.7,358.9,352.6,353.9
2013-02-25,355.4,359,353.9,354.4
2013-02-26,354.1,359.3,353.4,359
2013-02-27,359.1,359.5,356.4,357.8
2013-02-28,357.9,360.2,354.5,355.3
2013-03-01,355.4,355.8,347.3,351.3
2013-03-04,350.3,352.6,348.3,351.9
2013-03-05,352.2,354.4,351.5,352.3
2013-03-06,352.2,354.1,348.8,350.5
2013-03-07,350.6,353.3,349.3,351.9
2013-03-08,351.7,353.3,349.9,351.4
2013-03-11,349.7,352.7,347.7,352.1
2013-03-12,352.2,357.5,350.1,355
2013-03-13,355.1,356.6,352.2,352.4
2013-03-14,352.6,354.9,351.2,354
2013-03-15,354.1,355.9,351.5,351.7
2013-03-18,348.8,349.6,341.2,342.7
2013-03-19,342.6,344.1,338.9,340
2013-03-20,339.9,345.3,339.3,344.1
2013-03-21,344,349.2,342.1,344.4
2013-03-22,344.3,347.7,343.2,347.2
2013-03-25,347.3,348.6,343.8,345.1
2013-03-26,345,347.6,343.9,345.8
2013-03-27,345.9,346,342.5,345.4
2013-03-28,345.5,346.1,339.7,340.3
2013-04-01,340.1,340.2,334.1,337.2
2013-04-02,336.9,338.5,336,337.4
2013-04-03,337.3,338.5,332,332.3
2013-04-04,332.6,337.1,330.6,335.7
2013-04-05,335.1,337,333.1,334.5
2013-04-08,334.28,339.4,333.93,337.4
2013-04-09,337.5,345.2,337.4,343.4
2013-04-10,343.3,344.3,340.2,342
2013-04-11,341.8,344.1,338.9,343.1
2013-04-12,343.05,343.3,332.7,333.4
2013-04-15,333.8,335.3,319.5,327
2013-04-16,327.3,330.8,322.4,330.7
2013-04-17,330.8,331.6,317.4,317.5
2013-04-18,317.6,321.1,307,320
2013-04-19,320.1,320.3,311,315
2013-04-22,314.9,316.3,308.3,312.9
2013-04-23,313,313.1,305.9,308.4
2013-04-24,308,318.8,307.8,316.7
2013-04-25,316.6,325.9,315.3,324.8
2013-04-26,324.9,328.1,317.5,318
2013-04-29,317.9,324.2,316,322.1
2013-04-30,322.4,324.7,317.3,319.2
2013-05-01,319.1,319.6,305.9,306.8
2013-05-02,306.7,313.8,306.7,310.8
2013-05-03,310.7,331.7,310.7,330.7
2013-05-06,330.1,332.9,328.3,329.6
2013-05-07,329.7,334.5,326.5,330.4
2013-05-08,330.3,339.8,329.1,336.7
2013-05-09,336.8,337.8,331.6,333.4
2013-05-10,333.9,338.5,330.4,338.5
2013-05-13,337.6,337.8,333.8,335.7
2013-05-14,335.4,337.8,327.5,329.2
2013-05-15,329.1,331.1,322.5,327.6
2013-05-16,327.4,331.1,323.2,328.9
2013-05-17,329.1,334.5,328.1,331.6
2013-05-20,331.8,337.3,327.3,335.5
2013-05-21,335.6,338,332.4,333.8
2013-05-22,333.7,341.7,333.7,336.6
2013-05-23,336.9,336.9,326.8,332.6
2013-05-24,332.4,332.9,328.3,329.5
2013-05-27,329.3,330.8,328.3,330.2
2013-05-28,330.3,334.5,326.8,331.1
2013-05-29,331,332.4,327.4,329.9
2013-05-30,329.7,332.8,325.8,331.4
2013-05-31,331.5,333,326.6,327.3
2013-06-03,329.1,334.7,328.9,333.7
2013-06-04,333.4,337.7,332.2,336.7
2013-06-05,337.2,339.8,334.9,336.8
2013-06-06,336.9,337,330.4,333
2013-06-07,332.6,334.3,325.3,326.8
2013-06-10,323.6,324.9,320.4,323.9
2013-06-11,323.8,328.3,317.4,319.5
2013-06-12,319.3,323.1,316.4,322.4
2013-06-13,322.3,324.3,316.4,321.4
2013-06-14,321.3,322.4,318.8,319.8
2013-06-17,319.7,323.8,318.2,319.7
2013-06-18,319.8,321.9,314,315.2
2013-06-19,315.3,317.3,312.3,313.5
2013-06-20,313.7,313.7,303.8,304.9
2013-06-21,303.8,310.5,301.9,309.8
2013-06-24,310,310,299.4,304.2
2013-06-25,304.3,309.1,298.6,307
2013-06-26,306.5,309.4,302,304.9
2013-06-27,305.1,307.7,303.5,305
2013-06-28,305.5,308.8,301.7,305.8
2013-07-01,304.5,316.8,303.7,315.6
2013-07-02,315.4,316.6,312.7,313.1
2013-07-03,313.9,317.8,313.6,317.4
2013-07-04,316.9,317.9,314.1,315.1
2013-07-05,315.5,315.6,305,306.9
2013-07-08,307.7,311,305.8,310.2
2013-07-09,310.1,311.5,302.5,306.6
2013-07-10,306.7,309.9,303.2,309.1
2013-07-11,309.8,320,309.4,318.1
2013-07-12,317.7,319.3,313.6,315.4
2013-07-15,315.9,316.8,312.5,315.1
2013-07-16,314.7,319,313.3,317.5
2013-07-17,317.4,319.8,311.3,313.3
2013-07-18,313.4,313.9,310.8,312.7
2013-07-19,313,316.1,311.3,314.6
2013-07-22,314.8,320.5,314.5,317.8
2013-07-23,317.9,321.7,316.4,321.2
2013-07-24,321,323.2,316.5,318.4
2013-07-25,318.4,319.6,315,319.1
2013-07-26,319.2,319.2,309.5,310.4
2013-07-29,310.7,311.7,308.6,310.7
2013-07-30,310.8,310.8,303.7,304
2013-07-31,304.3,312.7,303.8,312.1
2013-08-01,311.9,318.7,310.3,315.8
2013-08-02,316,320.5,313.2,316.8
2013-08-05,317.5,318.8,314.8,316.7
2013-08-06,316.6,320.8,314.8,317.7
2013-08-07,317.4,318.9,312.9,318.4
2013-08-08,318.5,327.9,317.5,326.1
2013-08-09,326.4,331.7,324.3,331
2013-08-12,330.8,332.9,328.4,331.1
2013-08-13,331.33,334.3,329.3,331.2
2013-08-14,331.7,334.9,329.5,334.5
2013-08-15,334.4,336.3,328.8,335.7
2013-08-16,336,338,333.9,336.2
2013-08-19,336.8,337.3,332.2,333.4
2013-08-20,333.3,334.2,330.4,332.9
2013-08-21,332.8,333.3,328.7,331.4
2013-08-22,331.2,336.8,329.6,333.4
2013-08-23,333.7,335.9,331.6,335.3
2013-08-26,336.2,339.5,330.6,333.2
2013-08-27,332.8,337.8,331.5,333.1
2013-08-28,333,335.4,330.6,331.6
2013-08-29,331.3,332.3,325.4,325.4
2013-08-30,325.5,327.9,322.4,323.9
2013-09-02,326.5,331,324.5,329.9
2013-09-03,329.3,332.3,327.6,331.3
2013-09-04,330.8,330.9,322.8,324.9
2013-09-05,325,326.1,322.1,324.6
2013-09-06,324.8,328.7,324,326.1
2013-09-09,326.7,329.9,325.9,328.1
2013-09-10,328.2,329.6,325.3,326.6
2013-09-11,326.7,328.3,325.6,327.3
2013-09-12,327.4,327.5,319.2,320
2013-09-13,320.1,322.7,319.1,322.1
2013-09-16,324.8,325.3,319.9,321.2
2013-09-17,321.4,323.8,319.8,322.5
2013-09-18,322.7,332.1,320.7,331.9
2013-09-19,331.6,335.4,331.2,334.9
2013-09-20,335,335.9,330.3,330.5
2013-09-23,330.1,331.2,326.5,329.7
2013-09-24,329.6,329.6,323.6,326.4
2013-09-25,326.3,327.7,325.4,327.2
2013-09-26,327.1,332.3,326.1,330
2013-09-27,330.1,333.1,329.2,332
2013-09-30,330.6,333.9,329.4,331.8
2013-10-01,332.2,333.7,325,328
2013-10-02,328.1,331.8,324.9,331.1
2013-10-03,330.9,332.5,326.2,328
2013-10-04,327.9,331.7,325.9,330
2013-10-07,330.1,331.2,326.4,329.9
2013-10-08,330,332.1,328.3,329
2013-10-09,329.1,329.7,322.1,322.7
2013-10-10,322.8,325.2,321.7,324.5
2013-10-11,324.3,327.3,322.8,327.1
2013-10-14,326.5,331.2,324.5,329.7
2013-10-15,329.5,331,328.2,330.3
2013-10-16,330.2,332.3,326.4,331.1
2013-10-17,330.9,332.5,327.1,330.2
2013-10-18,330.1,331.9,328.7,328.9
2013-10-21,329.3,331.1,328.2,330.1
2013-10-22,330.2,335.2,329.6,333.4
2013-10-23,333.23,333.43,326.1,326.5
2013-10-24,326.7,328.1,324.6,327
2013-10-25,326.8,327.2,323.5,326.9
2013-10-28,327.1,328.5,325.8,326.6
2013-10-29,326.5,329.5,324.6,327.6
2013-10-30,327.7,332.7,327.3,331.4
2013-10-31,331.3,331.9,329.2,330
2013-11-01,330.2,332.6,329.2,330
2013-11-04,330.1,330.8,324.8,326.1
2013-11-05,326.3,327.6,324.6,326.3
2013-11-06,326.1,327.7,322.4,324.7
2013-11-07,324.3,325.7,322.8,324.1
2013-11-08,324,326.5,322.6,325.8
2013-11-11,326.3,327.6,324.4,325.4
2013-11-12,325.5,325.8,321.6,322.2
2013-11-13,321.9,322.2,315.3,316.3
2013-11-14,316.4,318.3,314.2,316.3
2013-11-15,316.2,318.4,314.4,317.1
2013-11-18,316.9,317.8,314.7,314.9
2013-11-19,315.5,317.2,312.4,315.6
2013-11-20,315.5,318,314.4,314.5
2013-11-21,314.3,319.9,314.3,318.9
2013-11-22,319,322,318.1,321.9
2013-11-25,322.1,327,320.6,323.6
2013-11-26,323.5,323.9,320.6,320.8
2013-11-27,320.9,323.3,318,319.8
2013-11-28,319.9,320.9,318.5,319.6
2013-11-29,319.7,322.5,319.6,320.5
2013-12-02,320.2,321.5,316.9,317.2
2013-12-03,317.1,318.1,315.9,316.1
2013-12-04,316.2,325.1,316.1,323.1
2013-12-05,323,324,321.4,322
2013-12-06,322.3,325.8,321.8,324.3
2013-12-09,324.8,325.9,323.1,325.3
2013-12-10,325.4,327.9,324.8,326.8
2013-12-11,327,329.5,325.7,328.9
2013-12-12,328.8,331,328.2,329.2
2013-12-13,329.1,331.9,327.9,330.8
2013-12-16,330.9,333.1,330.1,332.2
2013-12-17,332.5,333.5,331.2,331.6
2013-12-18,331.7,333,329.9,332.1
2013-12-19,332,332.3,327.5,329.9
2013-12-20,330.1,331.7,329.3,330.4
2013-12-23,330.5,331.5,329.9,330.8
2013-12-24,330.9,342.6,330.4,336.8
2013-12-26,337.3,340.1,337.3,338.7
2013-12-27,338.6,339.9,337,338.4
2013-12-30,338.6,339.2,337.2,338
2013-12-31,338.1,340.7,336.7,339.4
2014-01-02,339.8,342.4,337.7,338.6
2014-01-03,338.7,338.7,334.6,335.3
2014-01-06,335,336.4,333.1,335.9
2014-01-07,335.8,336.6,334.2,335.8
2014-01-08,335.6,337.6,333.5,334.2
2014-01-09,334.1,335.6,329,329.3
2014-01-10,329.1,334.6,329,334.6
2014-01-13,334.8,336.6,331.5,334.1
2014-01-14,334.4,335,332.1,333.1
2014-01-15,333.2,336.3,330.8,335.4
2014-01-16,335.1,336.9,333,333.8
2014-01-17,333.7,336.4,332.7,334.2
2014-01-20,334.1,335.5,333.4,334.1
2014-01-21,333.8,335.6,331.5,334.6
2014-01-22,334.5,335.5,332.3,332.7
2014-01-23,332.6,333.8,327.8,327.9
2014-01-24,327.8,329.9,326.1,326.5
2014-01-27,326.2,328.7,325.4,325.6
2014-01-28,325.5,327.3,324.7,324.9
2014-01-29,325,326.8,323.7,324.5
2014-01-30,324.6,325.8,321.2,322.4
2014-01-31,322.5,323,319.1,319.3
2014-02-03,319.1,320.25,317.6,317.8
2014-02-04,318.1,320.6,317.8,319.3
2014-02-05,319.4,321.6,318.6,319.2
2014-02-06,319.3,324.2,319.1,322.2
2014-02-07,322.7,324.8,322.6,324.5
2014-02-10,324.4,325.2,321.5,321.8
2014-02-11,322.1,323.3,320.3,322.7
2014-02-12,322.8,326.2,322.1,325.4
2014-02-13,325.2,325.6,322.1,325
2014-02-14,324.9,326.8,324.5,326.2
2014-02-17,325.6,330.5,325.5,328
2014-02-18,327.9,328.9,325.6,328.5
2014-02-19,328.4,330.1,327.5,327.5
2014-02-20,327.4,328.8,325.7,327.9
2014-02-21,328,329.4,327,328.7
2014-02-24,326,326,320.5,323.1
2014-02-25,323.2,325.3,320.6,322.3
2014-02-26,322.1,324,319,319.8
2014-02-27,319.6,321.3,318.5,320.5
2014-02-28,320.4,321.2,317.9,318.7
2014-03-03,318.8,319.6,315.7,317.5
2014-03-04,317.2,322,316.6,321.2
2014-03-05,321.3,323,320.1,320.3
2014-03-06,320.2,321.9,319.4,321.9
2014-03-07,321.6,322,307.8,308.3
2014-03-10,305.7,305.7,299.6,304.2
2014-03-11,304.3,305.7,294.5,295
2014-03-12,294.9,298.1,290.8,295.5
2014-03-13,295.6,297.7,291.5,292.1
2014-03-14,292,296.2,291.3,294.1
2014-03-17,293.8,298.1,292.2,295.1
2014-03-18,295,299.2,294,295.3
2014-03-19,295.2,299.8,287.7,298.1
2014-03-20,298.2,299.6,291.4,293.3
2014-03-21,293.2,297.9,291.8,294.8
2014-03-24,294.9,296.9,292.2,294.4
2014-03-25,294.6,301.8,294,299.4
2014-03-26,299.5,301.3,296,296.4
2014-03-27,296.5,300.2,296.3,299.4
2014-03-28,299.5,304.7,299.4,304
2014-03-31,304.5,305,302,302.5
2014-04-01,302.8,304.3,301.8,303.8
2014-04-02,303.7,307.4,303.4,303.6
2014-04-03,303.7,303.9,300.9,303.3
2014-04-04,303.2,306,301.4,302.3
2014-04-07,302.4,305.5,297.8,304.2
2014-04-08,304.1,306.2,302.7,305.7
2014-04-09,305.4,305.7,300.7,304.3
2014-04-10,304.4,305,302.2,303.9
2014-04-11,304.1,307.9,302.6,304.1
2014-04-14,304,306.2,303.1,303.1
2014-04-15,303.4,304.7,296.8,299.4
2014-04-16,299.3,305.5,298.2,302.5
2014-04-17,302.6,305.4,302.3,304.9
2014-04-21,303.9,305.4,303.2,304.7
2014-04-22,304.5,306,302.6,305.6
2014-04-23,305.5,306.5,303.2,305.6
2014-04-24,305.8,312.7,305.5,311.6
2014-04-25,311.5,312.8,310.3,312.3
2014-04-28,309.3,310.4,308.2,309.2
2014-04-29,309.3,309.8,306.7,307.5
2014-04-30,307.4,307.9,301.5,301.6
2014-05-01,301.7,303.3,300.3,302.6
2014-05-02,302.7,307.8,301.4,306.6
2014-05-05,307.2,308.2,305,305.1
2014-05-06,305.3,306.5,304.7,305.5
2014-05-07,305.6,306.2,301.7,303.6
2014-05-08,303.7,306.9,302.7,305.9
2014-05-09,306,308.9,305.4,308.6
2014-05-12,308.7,315.5,308.4,314.3
2014-05-13,314.4,315.4,312.3,313.6
2014-05-14,313.8,317.5,312.3,315.4
2014-05-15,315.3,317,314.1,314.4
2014-05-16,314.5,315.8,312.8,314.5
2014-05-19,314.4,318.3,314.1,316.2
2014-05-20,316.1,317.7,312.5,314.5
2014-05-21,314.4,314.6,309.9,312.9
2014-05-22,312.8,315.5,312,313.8
2014-05-23,313.7,317.5,313.6,316.6
2014-05-26,316.5,319.2,316.4,318.8
2014-05-27,319,319.2,316.5,317.1
2014-05-28,317,319,316.5,317.1
2014-05-29,317,317.6,313.8,314.6
2014-05-30,314.7,316,312.1,313.4
2014-06-02,313.5,317.2,313.3,316.8
2014-06-03,316.7,316.8,312.8,313.9
2014-06-04,314,314.2,308.5,309.4
2014-06-05,309.3,310.7,307.7,309.1
2014-06-06,309.2,309.4,302.6,305.5
2014-06-09,305.7,305.7,301.9,305.1
2014-06-10,305,306,302.2,305.6
2014-06-11,305.5,307,303.3,303.6
2014-06-12,303.5,304.7,300.9,301.3
2014-06-13,301.7,304.2,301.5,302.8
2014-06-16,302.5,305.9,302.4,304.7
2014-06-17,304.6,306.6,304.2,306.2
2014-06-18,306.1,307.5,305,306.7
2014-06-19,306.6,307.9,304.4,307.5
2014-06-20,307.3,312.8,307.2,311.8
2014-06-23,310.7,315.1,310.7,314.8
2014-06-24,314.4,315,312.6,314.1
2014-06-25,314,316.9,312.3,316.7
2014-06-26,316.8,317.6,315.1,317.2
2014-06-27,317.1,318.9,316.3,316.3
2014-06-30,316.4,321,316.2,320.3
2014-07-01,320.4,321.2,319.5,320.3
2014-07-02,320.2,326.6,318.3,326
2014-07-03,326.1,328.2,324.7,327.5
2014-07-04,327.4,328.5,326,326.9
2014-07-07,327.3,327.4,323.7,325.9
2014-07-08,326,329.3,324.8,326.1
2014-07-09,326.3,327.5,324.6,325.3
2014-07-10,325.4,327.6,323.4,327.2
2014-07-11,327.1,327.4,324.7,327.1
2014-07-14,328.6,329.4,324.4,325.2
2014-07-15,325.3,326,322.4,324.9
2014-07-16,324.8,325.5,320.9,321.5
2014-07-17,321.6,322.6,320.2,321.7
2014-07-18,321.6,321.9,316.8,318.9
2014-07-21,318.6,320.4,317.4,319.8
2014-07-22,319.7,323.4,319.6,320.4
2014-07-23,320.5,321.7,319.4,320.5
2014-07-24,320.4,326.9,320.2,326.2
2014-07-25,326.4,327.8,323.8,324.7
2014-07-28,324.5,325.2,322.6,324.3
2014-07-29,324.4,325.5,321.5,322.2
2014-07-30,322,326.2,320.5,324.2
2014-07-31,324.4,325.7,322.5,323.1
2014-08-01,323,325.5,321.1,321.5
2014-08-04,321.4,325.2,320,324.7
2014-08-05,324.8,324.8,319.8,320.2
2014-08-06,320.1,320.7,315.8,316.7
2014-08-07,316.6,318.6,315.8,317.2
2014-08-08,317.3,318.3,316.1,318
2014-08-11,317.9,323.2,317.1,317.8
2014-08-12,317.6,318.9,314.5,315.2
2014-08-13,315.1,315.7,311,311.7
2014-08-14,311.6,311.9,308.4,308.5
2014-08-15,308.6,310.8,308.5,310.7
2014-08-18,310,312.4,309.4,311.2
2014-08-19,311.1,312.2,308.7,308.7
2014-08-20,308.8,317.8,308.4,317.1
2014-08-21,317.3,318.2,315,317.5
2014-08-22,317.6,321,317,320.4
2014-08-25,322.3,324.6,321.5,324.1
2014-08-26,323.9,323.9,320.6,320.9
2014-08-27,321.1,321.5,318.6,319.3
2014-08-28,319.4,320.7,314.3,315.4
2014-08-29,315.3,317.9,314.6,316.3
2014-09-01,316.1,317.3,314,315.2
2014-09-02,315.1,317.4,314.8,315.7
2014-09-03,315.6,316.7,312.6,313
2014-09-04,313.1,317.1,312.7,315
2014-09-05,314.9,317.3,314.3,317
2014-09-08,316.9,320.8,316.3,318.4
2014-09-09,318.7,318.7,309.3,310.6
2014-09-10,310.8,312,309.4,311.2
2014-09-11,311.3,311.7,306.3,309.6
2014-09-12,309.5,310.9,307.9,310.4
2014-09-15,309.2,309.4,306.5,308.7
2014-09-16,308.6,319.1,308.2,315.8
2014-09-17,316,317.3,313,313.5
2014-09-18,313.1,314,309.2,309.4
2014-09-19,309.5,310.8,307.1,308.7
2014-09-22,308.4,308.5,303.1,303.9
2014-09-23,304.2,306.4,302.9,303
2014-09-24,302.8,306.3,302.4,305.4
2014-09-25,305.5,306.3,302,303.5
2014-09-26,303.4,305.3,302.9,303.8
2014-09-29,303.7,306.7,301.3,304.5
2014-09-30,304.2,306,300.6,300.7
2014-10-01,300.8,304.9,300,302.7
2014-10-02,302.5,303.9,298.6,300.5
2014-10-03,300.7,301.7,299.3,299.9
2014-10-06,300,304.2,299.1,303.8
2014-10-07,304.1,304.3,301.8,303.2
2014-10-08,303.3,304.9,299.7,302.6
2014-10-09,302.5,305.8,301.9,302.8
2014-10-10,302.9,304.3,299,303.8
2014-10-13,303.3,305.4,302.2,304.1
2014-10-14,304.2,310.1,303.2,307.6
2014-10-15,307.9,308.5,299.3,300.6
2014-10-16,301.3,302.6,295.3,298.5
2014-10-17,298.4,301,295.2,300.5
2014-10-20,301,301.7,296.7,298.6
2014-10-21,298.7,303.5,297.5,302.6
2014-10-22,302.7,304.4,301.1,301.3
2014-10-23,301.4,304.9,300.9,303.4
2014-10-24,303.5,305.9,303,303.9
2014-10-27,304,307.4,302.7,305.6
2014-10-28,305.7,309.5,305.6,309
2014-10-29,308.9,311.4,307.2,308.4
2014-10-30,308.3,308.6,303.6,306
2014-10-31,305.9,309.3,304,305
2014-11-03,303.4,307,302.9,306
2014-11-04,305.8,307.3,300.3,301.8
2014-11-05,301.9,302,296.5,300.4
2014-11-06,300.5,302.2,299.4,301.4
2014-11-07,301.3,304.9,301.2,303.1
2014-11-10,303.6,305.1,301.3,301.5
2014-11-11,301.4,304.4,299.1,303.5
2014-11-12,303.4,304.3,301.8,302.6
2014-11-13,302.7,305.2,298.2,299
2014-11-14,298.9,305,298.6,304.4
2014-11-17,305.4,306.1,302.4,303.8
2014-11-18,303.9,304.2,299.4,300.1
2014-11-19,300.3,304.9,299.1,303.4
2014-11-20,303.2,303.9,300.1,301.5
2014-11-21,301.7,307.6,300.6,303.5
2014-11-24,302.9,304.6,300,300.4
2014-11-25,300.5,302.4,296,296.3
2014-11-26,296.1,297.6,294.7,295.4
2014-11-27,295.3,297,294.2,295.2
2014-11-28,294.7,295.3,284.4,284.4
2014-12-01,284,291.1,277.9,289.9
2014-12-02,289.3,289.6,284.6,288.8
2014-12-03,288.3,289.5,286.1,286.7
2014-12-04,286.8,292.9,286.7,291
2014-12-05,290.9,293.8,290.1,290.4
2014-12-08,290.1,292,288.2,288.4
2014-12-09,288.3,294.7,286.6,292.4
2014-12-10,292.2,292.6,288.8,289.4
2014-12-11,289.5,293.1,289.3,291.4
2014-12-12,291.1,293.9,290.8,292.9
2014-12-15,292.4,294.7,286.4,287
2014-12-16,287.3,288.5,284.5,286.4
2014-12-17,286.7,289,282.8,287.4
2014-12-18,286.9,288.6,284.3,284.8
2014-12-19,284.6,290.3,284.6,289.3
2014-12-22,289.2,290.5,286.8,287.5
2014-12-23,287.2,288.1,285.5,286.7
2014-12-24,286.6,287.3,284.4,284.7
2014-12-26,285.1,286.1,280.4,281.5
2014-12-29,281.4,284.6,275.5,281.8
2014-12-30,281.4,286.1,281.3,285.2
2014-12-31,285.1,286.1,281.55,282.7
2015-01-02,281.2,284.1,280.1,281.6
2015-01-05,281.4,282.6,274.4,276.8
2015-01-06,276.7,278.2,275.7,276
2015-01-07,275.7,277.6,274.9,276.5
2015-01-08,276.6,279.3,275.4,276.9
2015-01-09,276.8,277.6,273.9,276
2015-01-12,275.7,275.9,270.1,272.4
2015-01-13,272.3,272.8,258.6,260.5
2015-01-14,260.9,261.5,243.7,253
2015-01-15,253.7,259.4,251.9,258
2015-01-16,258.3,263.4,254.1,263.1
2015-01-19,263.2,263.3,255.8,257.6
2015-01-20,257.9,261.5,256,259.2
2015-01-21,259,263.1,253.3,260.8
2015-01-22,260.7,261.2,255.7,258.8
2015-01-23,258.3,258.6,248.9,249.8
2015-01-26,249.4,255.4,242,254.4
2015-01-27,254,254.3,244.6,245.9
2015-01-28,246,249.9,245.1,245.9
2015-01-29,245.4,246.8,242,245.8
2015-01-30,245.4,251.8,243,250.3
2015-02-02,247.6,251.7,246.5,250
2015-02-03,250.3,259.5,249.7,258
2015-02-04,258.3,261.6,255.7,259.5
2015-02-05,259.2,260.9,253.4,260
2015-02-06,259.6,261.4,256.7,259.1
2015-02-09,258.3,259,256.1,257.6
2015-02-10,257.9,258.8,252.6,255
2015-02-11,254.8,258.3,253.5,254.2
2015-02-12,254.1,262,253.6,260.3
2015-02-13,260.6,263.8,259.2,260.2
2015-02-16,260.4,262,258.8,261.1
2015-02-17,260.8,261.9,255,258
2015-02-18,257.9,263.7,256.5,261.6
2015-02-19,261.5,262.7,258.4,261.8
2015-02-20,261.9,262.2,257.6,260.2
2015-02-23,259.9,260.9,256.1,258.9
2015-02-24,258.8,266.4,256.5,263.8
2015-02-25,263.7,264.9,261.7,264.3
2015-02-26,264.4,271.3,263.6,269.6
2015-02-27,269.8,269.8,266,268.8
2015-03-02,270.1,271.6,267.8,269.4
2015-03-03,269.3,269.5,262.9,265.5
2015-03-04,265.6,267.6,263.8,265.9
2015-03-05,266.3,267.9,264.8,265.2
2015-03-06,265.3,265.6,260.6,260.7
2015-03-09,260.5,267.7,259.3,266.7
2015-03-10,266.8,266.9,260.6,261.6
2015-03-11,261.5,264.7,260,261.2
2015-03-12,261.1,268,259.9,265.5
2015-03-13,265.4,268.9,264.7,267.1
2015-03-16,266.2,268.4,265.1,266.3
2015-03-17,266.4,267.6,261,263.4
2015-03-18,263.5,264.5,255.3,260.6
2015-03-19,260.5,266.7,259.6,265.9
2015-03-20,266,277.3,264.6,275.3
2015-03-23,276.7,291.3,275.6,286.4
2015-03-24,286.3,287.4,277.6,279.8
2015-03-25,279.9,280.8,277.4,278.6
2015-03-26,278.7,286.7,278.4,280.6
2015-03-27,280.7,280.8,275.6,276.5
2015-03-30,276.1,279.2,274.8,278.2
2015-03-31,277.9,278.7,273.6,274
2015-04-01,274.1,276.2,271,274.6
2015-04-02,274.4,276.4,271.7,273.2
2015-04-06,273.6,283,269.4,271.5
2015-04-07,271.9,277.7,271.2,275.6
2015-04-08,275.6,276.8,272.4,273.7
2015-04-09,273.5,275.9,271.6,272.6
2015-04-10,272.6,277.9,272.1,273.6
2015-04-13,273.7,276.2,271.3,271.7
2015-04-14,271.8,272.5,267.6,270.4
2015-04-15,270.3,272.7,266.9,272.2
2015-04-16,272.2,278.6,272,277.6
2015-04-17,277.7,280.8,276.3,279.2
2015-04-20,282.4,282.8,272.3,272.7
2015-04-21,272.6,273.9,268.8,269.7
2015-04-22,269.7,270.8,266.3,266.8
2015-04-23,266.7,270.4,264.8,269.9
2015-04-24,269.6,276.1,268.5,273.8
2015-04-27,274.7,278.8,274.2,278.3
2015-04-28,277.9,279.4,275.4,278.8
2015-04-29,278.6,280.4,276,279.3
2015-04-30,279.2,288.9,278.8,288.1
2015-05-01,288.4,293.7,287.5,293.6
2015-05-04,293,293,289.3,290.9
2015-05-05,291.2,295.6,290,292.8
2015-05-06,293,294.6,290.3,292.6
2015-05-07,292.7,293.8,290.5,291.8
2015-05-08,291.9,293.3,288.9,291.4
2015-05-11,292.6,292.9,289.6,291.3
2015-05-12,291,294.5,290.1,292.9
2015-05-13,292.8,294.7,291.2,293.1
2015-05-14,293.2,293.9,290.7,292
2015-05-15,291.9,293.1,289.7,292.9
2015-05-18,292.6,294.5,289.4,290.7
2015-05-19,290.8,291.3,282.6,283.7
2015-05-20,283.9,284.3,282,283
2015-05-21,282.9,286,282.8,285.2
2015-05-22,285.3,285.5,279.3,279.4
2015-05-25,279.5,283.4,279.4,282.7
2015-05-26,282.6,283.3,277.3,277.6
2015-05-27,277.7,279,275.9,276.4
2015-05-28,276.1,278.4,275.9,276.8
2015-05-29,276.7,278.3,272.5,273.1
2015-06-01,273.2,274.2,271.1,271.4
2015-06-02,271.5,274.4,271.4,273.7
2015-06-03,273.8,274.8,272.1,272.5
2015-06-04,272.9,273.1,267.7,268.8
2015-06-05,268.6,270.8,267.1,269.7
2015-06-08,270,270.6,268.2,270.3
2015-06-09,270.2,273.5,269.6,271.5
2015-06-10,271.3,276.6,271.1,274.4
2015-06-11,274.3,274.9,266,267.1
2015-06-12,267.2,268.3,266,268
2015-06-15,267.5,268.1,262.6,264.7
2015-06-16,264.4,265.6,261.1,261.5
2015-06-17,261.4,263.2,259.9,261.4
2015-06-18,261.5,264.1,260.1,260.6
2015-06-19,260.5,261.6,255.8,257.2
2015-06-22,257,258.1,256,257.3
2015-06-23,257.1,262.9,256.9,261
2015-06-24,260.9,264.9,260,262.3
2015-06-25,262.1,263,259.5,262.6
2015-06-26,262.5,265.3,262,264.6
2015-06-29,262.9,265.2,261.6,263.3
2015-06-30,263.6,264.2,258.9,261.8
2015-07-01,261.7,264.7,260.3,262.9
2015-07-02,262.8,264.58,262.1,263.7
2015-07-03,263.2,264.7,261.2,261.8
2015-07-06,257.9,260.9,250.5,253.4
2015-07-07,253.5,254.6,238.7,246.1
2015-07-08,245.9,251.6,238.4,249.2
2015-07-09,249.4,259.3,248.7,254.8
2015-07-10,255,257.1,252.2,254.2
2015-07-13,252.5,256.1,249.7,254.2
2015-07-14,254.1,254.6,250.9,254.2
2015-07-15,253.7,257.3,250.2,251.7
2015-07-16,251.6,254.4,250.8,251.9
2015-07-17,251.9,253.4,247.8,249.4
2015-07-20,249.1,250.2,246.6,247.3
2015-07-21,247.3,251.6,247.2,247.5
2015-07-22,247.6,248.2,242.3,242.8
2015-07-23,243.2,244.9,235.8,237.7
2015-07-24,237.6,239.7,235.1,238.7
2015-07-27,238.4,238.8,233.8,234.5
2015-07-28,234.8,241.5,234.8,241.2
2015-07-29,241.3,244.3,239.1,241
2015-07-30,240.9,242.1,235.9,237.8
2015-07-31,237.8,239.6,234.8,235.2
2015-08-03,235.5,236.2,232.2,234.2
2015-08-04,234.1,237.4,232.8,235.3
2015-08-05,235.2,236.1,233.7,235.4
2015-08-06,235.1,236.1,233.7,234.5
2015-08-07,234.3,235.3,231.4,232.5
2015-08-10,231.6,240.9,230.9,238.8
2015-08-11,239.1,242.4,231.4,233.9
2015-08-12,233.6,235.7,229.3,234.8
2015-08-13,234.8,238.1,232.7,235.1
2015-08-14,235.2,236.6,233.3,234.3
2015-08-17,234.7,234.7,231,232.1
2015-08-18,231.8,232.5,226.5,228.2
2015-08-19,228.4,229.6,226.1,227.2
2015-08-20,227,233.3,226.8,232.1
2015-08-21,232.2,232.4,227.6,229.6
2015-08-24,229,229.1,221,224.4
2015-08-25,224.9,231.8,224.3,230.1
2015-08-26,230.9,230.9,223.7,226.4
2015-08-27,226.7,234.2,226.4,233.1
2015-08-28,233.5,236.8,230.9,234.5
2015-08-31,233.9,234.4,229.3,233.5
2015-09-01,233.9,233.9,228.7,229.1
2015-09-02,229.2,234.6,229,232.9
2015-09-03,232.9,241.6,232.4,237.6
2015-09-04,237.7,237.8,230.6,231.2
2015-09-07,231.8,236.4,230.7,234.1
2015-09-08,233.8,244.7,232.8,243
2015-09-09,243.4,247.5,241.9,242.3
2015-09-10,242.5,247.2,242.5,245.2
2015-09-11,244.9,246.4,242.1,245.8
2015-09-14,244.9,245.5,240,241.2
2015-09-15,241.3,243,238.9,242.8
2015-09-16,242.7,245.8,241.3,245.3
2015-09-17,245.4,249.3,243.3,246.2
2015-09-18,246.4,246.9,237.2,238
2015-09-21,237.6,241.4,236.4,238.7
2015-09-22,238.7,239.1,228.6,230.4
2015-09-23,230.4,232.5,229.1,229.5
2015-09-24,229.6,231.4,227.4,230.2
2015-09-25,230,231.9,227.7,227.9
2015-09-28,228.2,230.1,223.2,224.8
2015-09-29,224.7,226.9,222.6,225.8
2015-09-30,225.9,235.7,225.4,234.1
2015-10-01,233.7,237.7,229.7,230.6
2015-10-02,230.7,234.6,227.3,234.4
2015-10-05,234,237.3,233,235.8
2015-10-06,235.6,237.6,232.6,235.6
2015-10-07,235.7,239.6,235.2,236.7
2015-10-08,236.8,237.2,231.9,235
2015-10-09,235.2,243.6,234.6,242
2015-10-12,241.9,243.7,240.4,240.9
2015-10-13,241,241.3,237.7,237.7
2015-10-14,237.9,242.3,237.8,241.7
2015-10-15,241.9,243.5,240.2,243.2
2015-10-16,243,243.5,238.2,240.2
2015-10-19,240.3,240.6,235.7,236.5
2015-10-20,236.5,238.3,235.1,236
2015-10-21,236.1,236.5,233.1,235.7
2015-10-22,236,240.4,235.5,238.3
2015-10-23,238,241.8,234.2,234.9
2015-10-26,234.7,238.1,233.3,235
2015-10-27,235.2,237.9,234.2,236.5
2015-10-28,236.6,237.2,232.7,236
2015-10-29,236.1,236.5,231.7,232.1
2015-10-30,232.08,233.7,230.9,231.6
2015-11-02,230.5,232.2,228.9,231.2
2015-11-03,231.3,234.2,230.1,233.5
2015-11-04,233.1,236.1,231.7,232.2
2015-11-05,231.9,233.2,225.1,225.5
2015-11-06,225.4,227.1,223.6,224.3
2015-11-09,223.4,225.1,222.6,222.8
2015-11-10,222.9,224.1,220.6,221.9
2015-11-11,221.8,222.7,219.7,221.6
2015-11-12,221.5,222.6,215.9,216.6
2015-11-13,216.5,217.1,215.1,216.2
2015-11-16,215.9,217.1,210.7,212
2015-11-17,212.2,212.8,206.6,209.5
2015-11-18,209.5,210.2,206.7,207.2
2015-11-19,207.3,208.8,205.9,207.5
2015-11-20,207.5,210.2,203,203.9
2015-11-23,204.8,205.7,200.2,201.8
2015-11-24,202,208.3,201,206.8
2015-11-25,206.5,207.6,203.9,205.2
2015-11-26,205.1,213.3,204.6,209
2015-11-27,208.8,211.3,205.5,206.4
2015-11-30,207.8,207.8,204.1,204.5
2015-12-01,204.9,208.5,204.5,207.4
2015-12-02,207.5,208.8,203,204.5
2015-12-03,204.6,206.4,202.6,205.8
2015-12-04,205.9,209.5,204.2,207.7
2015-12-07,207.8,209.4,204.3,204.6
2015-12-08,204.5,207.4,203.6,205.7
2015-12-09,205.9,209.4,205.8,206.4
2015-12-10,206.6,207.6,205.6,206.5
2015-12-11,206.8,213.7,206.3,211.2
2015-12-14,211.3,212.6,209.1,210.6
2015-12-15,210.8,211.7,204.6,204.6
2015-12-16,205.2,209,205,207
2015-12-17,207.5,207.8,203.4,204.2
2015-12-18,204.1,211.3,204,210.9
2015-12-21,211.5,214.3,210.2,213.6
2015-12-22,213.9,214.2,210.48,210.8
2015-12-23,211,213,210.3,212.7
2015-12-24,212.8,213.3,211.2,212.1
2015-12-28,212.8,212.8,207.6,208.3
2015-12-29,208.4,214.8,208.2,213.7
2015-12-30,214.2,214.8,212.6,214.7
2015-12-31,214.8,214.8,211.7,213.6
2016-01-04,213.5,213.8,206.9,208.1
2016-01-05,207.9,211.1,207.4,209.4
2016-01-06,209.4,209.5,207.2,208.8
2016-01-07,209.1,209.4,199.1,202.3
2016-01-08,202.1,205.1,201.1,201.6
2016-01-11,201.4,201.5,196.7,197.6
2016-01-12,197.6,198,195.3,195.9
2016-01-13,195.7,198,195.1,195.5
2016-01-14,195.4,199.2,194.3,197.8
2016-01-15,197.9,198.4,193.7,194.8
2016-01-18,193.8,197.3,193.7,196.5
2016-01-19,196.8,201.3,196,196.9
2016-01-20,197,199.1,195.4,198.2
2016-01-21,198,200,195.8,199.5
2016-01-22,199.6,202.2,198.9,200.2
2016-01-25,200.2,201.5,198.2,199.2
2016-01-26,199.4,204.9,198.3,203.7
2016-01-27,203.6,207.6,203.1,205.9
2016-01-28,206,206.7,203.7,205.3
2016-01-29,205.4,206.9,204.6,206.1
2016-02-01,205.9,206.6,202.9,206.1
2016-02-02,206.4,208.7,204.1,204.8
2016-02-03,204.8,210.3,203.8,210.1
2016-02-04,209.8,213.8,209.6,212.1
2016-02-05,211.9,212.8,208,209.1
2016-02-08,209.3,210.7,207.1,209.2
2016-02-09,209.1,210.3,201.4,203.9
2016-02-10,204.3,204.3,199.9,201.7
2016-02-11,201.9,203,199.9,201.3
2016-02-12,201.4,204.2,200.7,203.4
2016-02-15,204,208.5,203.9,205.8
2016-02-16,205.9,208.3,204.8,205
2016-02-17,205.1,208.1,204.1,207.2
2016-02-18,207.2,207.8,205.3,207.2
2016-02-19,207.3,209.4,206,208
2016-02-22,207.9,212.8,207.8,211.5
2016-02-23,211.4,212,209,210.1
2016-02-24,209.9,211.8,206.4,211.5
2016-02-25,211.4,211.9,206.1,207.1
2016-02-26,207.9,215.5,207.6,211.2
2016-02-29,212.3,213.3,209.9,212.9
2016-03-01,212.7,214.7,209.5,214.3
2016-03-02,214.4,220,213.6,218.9
2016-03-03,218.9,221.9,217.1,221
2016-03-04,221.2,230.2,220.8,226.1
2016-03-07,227.7,229.1,224.5,227.7
2016-03-08,227.5,227.6,220.4,221.4
2016-03-09,222.2,225.3,220.5,223.4
2016-03-10,223.5,224.1,220.7,222.5
2016-03-11,222.7,225.6,221.8,223.6
2016-03-14,223.5,227.7,222.7,224.1
2016-03-15,224.1,224.5,220.7,223.5
2016-03-16,223.4,226.8,222.3,225.5
2016-03-17,225.4,229.7,225.3,228.8
2016-03-18,228.7,232.3,227.7,228.6
2016-03-21,227.4,230,227,228.9
2016-03-22,228.9,229.4,227.2,228.7
2016-03-23,228.8,229.6,223.1,223.7
2016-03-24,223.8,224.3,220.6,223.7
2016-03-28,223.6,225.5,222.2,224.4
2016-03-29,224.3,224.8,219.7,221.2
2016-03-30,221.3,222,218.2,218.9
2016-03-31,218.8,220,216.6,218.3
2016-04-01,218.5,220.4,215.9,216.7
2016-04-04,216,216.9,213.6,214.1
2016-04-05,214.4,216.1,213.2,214.4
2016-04-06,214.2,215.1,213.1,214.3
2016-04-07,214.2,215.3,206.7,207.7
2016-04-08,207.6,209.6,207.1,208.7
2016-04-11,208.5,210.4,207.3,208.3
2016-04-12,208.4,215.5,207.4,214.8
2016-04-13,214.7,217.9,214.3,217
2016-04-14,217.1,217.5,214.1,216.8
2016-04-15,216.7,217.1,213.5,215.3
2016-04-18,213.5,217.1,212.8,216.4
2016-04-19,216.3,222.8,214.3,222.5
2016-04-20,222.4,224.2,219.4,223.6
2016-04-21,223.2,228.1,221.9,225.1
2016-04-22,225.3,230.1,223.5,226.5
2016-04-25,226.8,227.4,224.8,225.4
2016-04-26,225.3,226.5,222.7,225.5
2016-04-27,224.9,225.6,220.2,223.2
2016-04-28,223.3,224,220.8,222.8
2016-04-29,222.6,229.8,222.5,227.8
2016-05-02,227.9,229.3,225.6,226.5
2016-05-03,226.7,226.9,221.1,221.7
2016-05-04,221.6,222.2,217.9,218.3
2016-05-05,218.2,219,214.3,214.5
2016-05-06,214.4,216.9,213.6,215.2
2016-05-09,215.2,215.3,210,210.1
2016-05-10,210.2,212,209.1,209.7
2016-05-11,209.7,213.1,209.4,209.7
2016-05-12,209.8,213.8,205.9,207.4
2016-05-13,207.5,208.7,206.3,207.8
2016-05-16,206.7,210.6,206.2,209.1
2016-05-17,208.9,211.1,206.9,208.9
2016-05-18,208.9,209.7,204.8,206.2
2016-05-19,206.3,207,203.8,206.4
2016-05-20,206.3,208.5,205.1,205.5
2016-05-23,205.6,206.3,204.3,205.6
2016-05-24,205,208.6,204.9,206.7
2016-05-25,206.5,210.8,206.5,210.3
2016-05-26,210.2,212.4,209.7,209.7
2016-05-27,209.9,212.8,209.1,211.1
2016-05-30,211,211.4,209.1,209.5
2016-05-31,209.9,211.5,207.5,208.4
2016-06-01,208.7,208.9,205.2,207.1
2016-06-02,207.2,207.7,205.8,206.8
2016-06-03,206.6,213.4,206.5,211.9
2016-06-06,211.8,214.4,211.2,211.8
2016-06-07,211.8,212.4,204.5,205.2
2016-06-08,205.5,208.1,205.1,206.4
2016-06-09,206.3,208.5,201.3,203.9
2016-06-10,204,204.5,201.8,202.7
2016-06-13,203.2,206.5,202.2,205.2
2016-06-14,205.3,205.8,203.2,204.3
2016-06-15,204.4,211.8,203.8,209
2016-06-16,209,209.3,203.6,205.2
2016-06-17,205.2,207.3,204.6,205.4
2016-06-20,205.6,209.9,205.6,208.8
2016-06-21,208.9,213.1,207.1,212.5
2016-06-22,212.6,214.3,210.6,213.4
2016-06-23,214.1,216.9,212.5,216.4
2016-06-24,216.4,217.5,206.6,211.5
2016-06-27,211.8,214.4,210.4,212.9
2016-06-28,213.1,218.4,212.1,218.1
2016-06-29,218.3,219.6,216.3,219.6
2016-06-30,219.4,220.6,217.3,220.1
2016-07-01,220.2,223.6,216.3,222.2
2016-07-04,223.1,224.7,220.8,222
2016-07-05,221.6,221.9,216.3,218.4
2016-07-06,218.3,218.9,213.3,215.6
2016-07-07,215.5,216.1,211.7,212.2
2016-07-08,212.1,214.2,211.7,212.4
2016-07-11,212.5,216.6,212.2,214.6
2016-07-12,214.7,222.4,214.4,221.3
2016-07-13,221.4,227.7,220.7,223.7
2016-07-14,223.8,225.6,223.4,223.9
2016-07-15,223.8,227.1,223.1,223.6
2016-07-18,221.9,224.6,220.3,224.4
2016-07-19,224.4,226.6,222.4,225.8
2016-07-20,225.7,226.8,222.2,224.6
2016-07-21,224.7,227.1,224.6,226
2016-07-22,226.3,226.9,222.6,223.6
2016-07-25,223.7,224.5,220.9,222.6
2016-07-26,222.6,223.2,219.9,222.3
2016-07-27,222.4,223.4,218.2,219.2
2016-07-28,219.1,222.4,219.1,221.6
2016-07-29,221.4,223.9,219.1,222.9
2016-08-01,223,224.7,218.8,219.5
2016-08-02,219.3,224.4,219.2,220.7
2016-08-03,220.9,221.4,217.3,220
2016-08-04,220,220.4,215.6,217.4
2016-08-05,217.5,218.1,215.1,216
2016-08-08,215.6,218.1,215.4,216
2016-08-09,216.1,216.4,214.1,215.2
2016-08-10,214.8,220.3,214.8,217.3
2016-08-11,217.4,219.3,216.9,218.7
2016-08-12,218.6,219.4,213.6,213.6
2016-08-15,213.9,215.6,213.3,215
2016-08-16,214.9,217.8,214.4,217
2016-08-17,217.1,217.5,214.6,215.8
2016-08-18,215.6,218.9,215.6,216.8
2016-08-19,216.5,217.5,215.8,217.1
2016-08-22,216.6,217.4,213,214.2
2016-08-23,214.3,214.8,211.1,211.4
2016-08-24,211.7,212,207.6,208
2016-08-25,208,209.1,207.5,207.6
2016-08-26,207.7,209.9,207.1,207.8
2016-08-29,207.7,209.1,207.7,208.4
2016-08-30,208.5,209.1,207,207.7
2016-08-31,207.8,209.1,207.5,207.8
2016-09-01,208,209.7,207.5,207.9
2016-09-02,208.1,209.3,207.5,207.8
2016-09-05,207.7,208.9,207.3,208.2
2016-09-06,208,209.8,207.9,209.3
2016-09-07,209.2,211.2,208.8,209.8
2016-09-08,209.6,210.6,208.5,210
2016-09-09,210,210.5,208.6,208.9
2016-09-12,208.8,210.9,206.7,210.7
2016-09-13,210.2,211.8,209.2,210.2
2016-09-14,210.1,216.1,210,215.2
2016-09-15,215.5,216.5,214.6,216
2016-09-16,216.1,216.8,214.8,215.8
2016-09-19,215.7,215.9,213.9,215.5
2016-09-20,215.6,217.1,214.6,216.4
2016-09-21,216.7,216.8,215,216.4
2016-09-22,216.2,220.1,216.2,219.1
2016-09-23,219.1,220.6,218.5,220
2016-09-26,220.3,220.5,218.2,219
2016-09-27,219.4,219.6,216.1,217.2
2016-09-28,217.3,220.3,216.9,220.2
2016-09-29,220.3,220.6,218.2,218.8
2016-09-30,219,221.9,218.1,221.2
2016-10-03,221.3,221.6,216.8,219.3
2016-10-04,219.2,219.6,216.4,216.9
2016-10-05,217.1,218.1,216.1,217
2016-10-06,216.9,217.2,214.7,215.6
2016-10-07,215.4,218.3,214.8,216.8
2016-10-10,216.7,220.3,216.5,219.3
2016-10-11,219.4,219.9,217,218.7
2016-10-12,218.6,219.4,217.5,217.5
2016-10-13,217.5,218,211.8,212.3
2016-10-14,212.1,213.2,210.5,210.5
2016-10-17,210.6,212,210,210.4
2016-10-18,210.4,212.2,210.2,210.2
2016-10-19,209.8,211,208.8,210.3
2016-10-20,210.2,211.2,208.6,209.5
2016-10-21,209.6,210.1,208.6,209
2016-10-24,209,210.3,208.7,209.5
2016-10-25,209.5,214.6,209.4,213.5
2016-10-26,213.7,214.7,212.6,214.1
2016-10-27,214,216.7,213.1,216.4
2016-10-28,216.5,219.8,215.9,219.7
2016-10-31,219.7,221.1,218.2,220.7
2016-11-01,220.8,223.5,219.9,223.1
2016-11-02,223.2,223.3,220.7,222.2
2016-11-03,222.3,225.2,221.8,224.4
2016-11-04,224.3,226.9,223.6,226
2016-11-07,226.2,231.7,225.6,231.2
2016-11-08,231.1,238.2,229,237.7
2016-11-09,238,246.4,231.8,246.1
2016-11-10,246.2,259,245.3,254.5
2016-11-11,253.8,273.4,249.9,250.7
2016-11-14,253,259.5,247.2,251.8
2016-11-15,251.6,256.9,242.8,250.8
2016-11-16,250.9,251.1,244.6,246.7
2016-11-17,246.6,250.5,243.8,248.5
2016-11-18,248.7,249.8,245,246.9
2016-11-21,247.2,253.3,246.5,251.9
2016-11-22,251.8,257.5,251.7,254.3
2016-11-23,254.7,262.4,252,261.6
2016-11-24,261.5,269.8,261.3,265.9
2016-11-25,265.5,267.9,263.1,267.8
2016-11-28,267.6,275.2,265.3,265.9
2016-11-29,266.5,267.6,258.9,260.5
2016-11-30,260.2,265.5,255.3,263.5
2016-12-01,263.6,266.8,261.4,263.5
2016-12-02,263.1,263.8,259.7,263
2016-12-05,262.5,271.3,260.1,269.4
2016-12-06,269.2,270.3,265.1,267
2016-12-07,266.8,270.4,262.6,264.7
2016-12-08,264.4,267,261.4,262.6
2016-12-09,262.4,266.5,262.2,265.2
2016-12-12,265.4,268.4,260.4,260.5
2016-12-13,260,263.1,256.8,259.7
2016-12-14,259.6,261.7,257,260
2016-12-15,259.9,262.4,257.7,259.7
2016-12-16,260,261.5,254.3,254.9
2016-12-19,254.8,255.9,247.8,250.2
2016-12-20,250,251.1,248.3,250.4
2016-12-21,250.1,252.1,249.3,249.3
2016-12-22,249.2,250.9,245.8,250.6
2016-12-23,250.6,251.4,247.6,247.6
2016-12-27,246.3,252.9,244.9,252.4
2016-12-28,252.2,253.7,248.6,250.4
2016-12-29,250.6,252.6,248.4,248.6
2016-12-30,248.9,251.8,248.9,250.7
2017-01-03,250.9,254.8,248.6,248.7
2017-01-04,249,256.2,247.4,255.8
2017-01-05,255.6,258.8,253.2,253.5
2017-01-06,253.4,254.7,251.3,254.2
2017-01-09,254.6,255,252.1,253.2
2017-01-10,253.3,262.5,253,261.1
2017-01-11,261,263.1,259.8,260
2017-01-12,260.1,267.5,260,266.8
2017-01-13,266.5,271.5,264.3,270.6
2017-01-16,270.1,271.2,265.4,265.9
2017-01-17,266,266.5,260.5,261.9
2017-01-18,261.8,263,260.8,261.4
2017-01-19,261.5,263.4,258.6,261.1
2017-01-20,261.2,264.4,258.9,261.6
2017-01-23,261.6,266.7,261.4,264.7
2017-01-24,264.6,271.2,263.9,270.9
2017-01-25,271,273,268.5,271.5
2017-01-26,271.4,272.9,265.4,266.2
2017-01-27,266.4,269.4,265.5,269.4
2017-01-30,269.7,270.5,263.4,266.9
2017-01-31,267,273.1,266,272.6
2017-02-01,272.8,273.6,270.4,271.2
2017-02-02,271.5,272.3,266.4,268.3
2017-02-03,268.2,269.4,261.3,261.7
2017-02-06,262,265.6,261.8,265.1
2017-02-07,264.9,265.6,262.5,263.7
2017-02-08,263.9,269,263.3,266.5
2017-02-09,266.6,267.5,264.1,265.8
2017-02-10,265.6,278.9,263.9,277.7
2017-02-13,277.5,282.1,277,278.4
2017-02-14,278.6,281.4,271.5,274.6
2017-02-15,274.6,275.6,272.4,274.1
2017-02-16,274,276.2,269.7,271.1
2017-02-17,271.2,273.5,267.8,270.8
2017-02-20,270.5,275.2,270.1,275
2017-02-21,274.6,275.9,273.2,274.2
2017-02-22,274.3,274.9,271,273.6
2017-02-23,273.7,273.8,263.7,264
2017-02-24,263.9,269,263.9,266.9
2017-02-27,268.6,270.3,266.8,269.5
2017-02-28,269.6,272.2,267.9,271.5
2017-03-01,271.4,276.8,270.7,273.1
2017-03-02,273.6,274.4,268.1,268.6
2017-03-03,268.7,271.1,267.8,270.8
2017-03-06,270.4,271,264.6,265.6
2017-03-07,265.5,266.4,260.8,261.6
2017-03-08,261.4,263.4,258.8,259.1
2017-03-09,258.9,260,255.9,257.8
2017-03-10,258,261.5,257.4,260.1
2017-03-13,260.2,263.9,260,262.7
2017-03-14,262.6,265,260,264.3
2017-03-15,264.4,267.7,263.7,266.9
2017-03-16,266.9,269.7,266.9,267.8
2017-03-17,267.7,269.6,265.8,269.1
2017-03-20,268.4,269.7,265.4,265.6
2017-03-21,265.7,266,260.4,260.8
2017-03-22,260.9,264.2,258.9,263.7
2017-03-23,263.8,265.5,261.6,264.5
2017-03-24,264.6,265,261.8,264.1
2017-03-27,263.7,263.7,256.8,263.7
2017-03-28,263.6,267.7,261.6,266.9
2017-03-29,266.7,268.7,265.8,267.5
2017-03-30,267.3,271.7,265.4,267.6
2017-03-31,267.7,268,263.3,265.6
2017-04-03,264.7,266.1,260.2,260.6
2017-04-04,260.3,262,259.4,261.9
2017-04-05,262,269.5,261.4,267.7
2017-04-06,267.5,268.8,264.9,265.9
2017-04-07,265.5,267,260.5,264.6
2017-04-10,264.5,264.6,260,260.6
2017-04-11,260.4,262.3,258.3,260.9
2017-04-12,260.8,260.9,253.5,254
2017-04-13,253.8,258.9,253.8,256.7
2017-04-17,255.9,261,255.7,259.7
2017-04-18,258.6,259.1,251.6,253
2017-04-19,252.7,256.2,249.5,252.8
2017-04-20,252.7,255.4,250.5,254.5
2017-04-21,254.3,256.5,252.5,254.4
2017-04-24,255.1,257.9,254.8,256.6
2017-04-25,256.5,260.5,255.8,259.9
2017-04-26,259.8,260.8,258.5,260.2
2017-04-27,260,260.1,256.6,259.8
2017-04-28,259.8,261.4,258.8,261
2017-05-01,260.3,268.4,259.4,266.1
2017-05-02,266.2,266.3,262.2,264
2017-05-03,263.8,263.8,251.4,251.7
2017-05-04,252.1,254.5,249,251.4
2017-05-05,251,253.9,250.3,253.7
2017-05-08,253.6,254.7,247.4,249.4
2017-05-09,249.3,251.5,248.1,249.6
2017-05-10,249.4,251,248.4,249.5
2017-05-11,249.3,255.1,248.9,250.7
2017-05-12,250.8,252.9,250.6,252.8
2017-05-15,252.8,255.7,251.8,253.9
2017-05-16,253.8,255.3,252.2,255
2017-05-17,254.5,255.9,252.7,254.4
2017-05-18,254.2,254.3,248.5,253.2
2017-05-19,253.5,259,252.9,258.7
2017-05-22,258.6,260.4,256.7,260.3
2017-05-23,260,260.1,257.4,260
2017-05-24,259.8,259.9,255.6,258.9
2017-05-25,258.6,261.8,257.3,259.4
2017-05-26,259.5,260.5,255.6,256.7
2017-05-29,256.5,258.9,255.5,256.9
2017-05-30,256.9,257.1,253.9,257
2017-05-31,257.1,258.7,255.5,258.6
2017-06-01,258.4,259.5,256.2,258.5
2017-06-02,258.2,258.2,252.7,257.6
2017-06-05,257.2,257.2,254.1,256.1
2017-06-06,255.7,256.5,251.6,254.7
2017-06-07,254.6,255.9,253.4,255.4
2017-06-08,255.2,261.7,254.3,261.3
2017-06-09,261.2,265.2,259.8,264.6
2017-06-12,264.8,264.8,261,261.4
2017-06-13,261.4,262.5,258.1,259.7
2017-06-14,259.6,260.4,256.1,256.5
2017-06-15,256.2,258.2,253.5,256.8
2017-06-16,256.7,257.8,255.6,257
2017-06-19,256.6,259.7,255.9,258.9
2017-06-20,258.7,259.2,254.6,255.6
2017-06-21,255.3,260.8,254,259.7
2017-06-22,259.6,261.4,257.3,259.4
2017-06-23,259.3,265.1,259.1,262.5
2017-06-26,263,265.6,261.6,263.7
2017-06-27,264,266.9,262.6,265.8
2017-06-28,265.8,267.7,265,267.5
2017-06-29,267.6,271.5,267.3,269.5
2017-06-30,269.7,271.8,268.2,270.8
2017-07-03,271.4,271.4,268.5,268.9
2017-07-04,268.8,269,266.7,268.1
2017-07-05,267.9,268.9,264.4,266.3
2017-07-06,266.2,267.1,265.2,266.1
2017-07-07,266,266.9,264.3,265.1
2017-07-10,265.2,266,263.2,265.3
2017-07-11,265.2,267.7,264.2,267.5
2017-07-12,267.5,269.85,267.2,268.4
2017-07-13,268.5,269.65,266,266.15
2017-07-14,266.55,269.6,266.3,269.1
2017-07-17,269.15,273.75,268.35,272.4
2017-07-18,272.8,273.35,271.2,273.05
2017-07-19,272.9,273.55,270.6,271.05
2017-07-20,270.75,272.3,269.85,271.6
2017-07-21,271.75,275.05,271.2,272.25
2017-07-24,272.55,274.45,271.7,273.65
2017-07-25,274.45,285.4,273.45,284.65
2017-07-26,284.25,290.55,283.2,287.2
2017-07-27,287.3,289.75,286.2,287.75
2017-07-28,286.75,288.35,284.1,287.5
2017-07-31,288.3,292,287.75,289.15
2017-08-01,288.95,290.2,286.6,288.1
2017-08-02,287.65,289.1,286.15,288.45
2017-08-03,288.5,289.5,286,287.8
2017-08-04,288.2,289.85,286.55,288.5
2017-08-07,289.45,292.65,287.2,290.7
2017-08-08,291.4,294.7,289.2,294.25
2017-08-09,294.45,295.5,291.6,292.7
2017-08-10,292.8,293.9,289.35,290.3
2017-08-11,290.3,292.2,287.15,291.2
2017-08-14,291.25,292.05,288.75,290.45
2017-08-15,290.35,291.35,287.55,288.3
2017-08-16,287.85,297.95,287.6,295.35
2017-08-17,296.4,298.25,287.7,293.8
2017-08-18,291.2,296.05,290.95,293.95
2017-08-21,294.2,300.25,293.05,298.05
2017-08-22,297.9,301.45,296.7,298.7
2017-08-23,299,299.2,296.45,298.05
2017-08-24,298.5,304.8,298.05,303.4
2017-08-25,303.65,305.6,301.75,303.35
2017-08-28,306.2,310.95,305.95,308.6
2017-08-29,309.25,312.15,307.65,310.45
2017-08-30,310.5,311.75,308.4,308.7
2017-08-31,308.8,313.55,308.7,309.85
2017-09-01,310.2,312.85,309.1,311.8
2017-09-05,312.25,317.85,311.3,312.8
2017-09-06,313,316.05,312.5,315.15
2017-09-07,315.85,316,311.15,314.35
2017-09-08,314.8,316.35,303.4,304.15
2017-09-11,304.25,308.3,303.25,306.6
2017-09-12,307.1,307.5,301.9,303.6
2017-09-13,304.1,304.5,297.1,298.1
2017-09-14,297.75,298.95,293.65,295.75
2017-09-15,296.25,297.55,293.1,294.9
2017-09-18,294.4,299.35,294.25,296.9
2017-09-19,297.05,298.45,295.85,296.95
2017-09-20,297.7,299.3,295.35,296.9
2017-09-21,295.9,296.3,292,293.45
2017-09-22,293.35,295.65,289.4,294.45
2017-09-25,294.3,296.05,292.45,293.75
2017-09-26,293.9,296.65,290.75,291.9
2017-09-27,291.7,295,291.25,292.95
2017-09-28,292.55,299,290.5,298.1
2017-09-29,297.75,299.25,294.55,295.5
2017-10-02,295.85,299,293.75,295.55
2017-10-03,294.5,297.2,292.6,296.35
2017-10-04,295.75,297.2,294.7,295.9
2017-10-05,295.65,305,295.4,304.65
2017-10-06,304.05,305.6,301.8,302.9
2017-10-09,301.85,303.65,301.2,303.1
2017-10-10,302.85,307.05,302.75,306.05
2017-10-11,306.4,309.95,305.25,309.55
2017-10-12,309.35,313.6,308.35,312
2017-10-13,312.2,314.25,311.25,313.35
2017-10-16,313.35,325.95,311.2,323.9
2017-10-17,324.25,324.3,318.75,319.55
2017-10-18,320,321.6,317.1,317.8
2017-10-19,317.55,318.65,313.8,316.75
2017-10-20,317.2,321.05,314.3,316.55
2017-10-23,317,318.95,315.2,318.8
2017-10-24,318.5,323.9,318.2,319.8
2017-10-25,319.85,320.3,314.4,318.3
2017-10-26,318.65,320,315.8,317.75
2017-10-27,317.85,317.95,307.3,310.35
2017-10-30,310.45,311.8,308.7,311.2
2017-10-31,310.75,313.7,309.25,310.1
2017-11-01,311.15,318.3,310.75,314.25
2017-11-02,313.7,317.1,311.45,314.35
2017-11-03,313.75,315.5,310.5,311.75
2017-11-06,311.3,317.3,311.15,315.75
2017-11-07,315.65,316.6,308.3,308.9
2017-11-08,308.75,311.15,306.65,309.95
2017-11-09,309.8,310.75,305.85,308.6
2017-11-10,308.9,310.95,306.7,307.6
2017-11-13,307.5,313.65,306.8,311.65
2017-11-14,312.4,312.85,304.85,306.5
2017-11-15,305.25,306.45,303.4,305.45
2017-11-16,304.9,307.9,303.45,304.8
2017-11-17,304.85,307.25,303.15,306.7
2017-11-20,307,309.4,304.95,309.3
2017-11-21,308.8,313.25,307.95,312.85
2017-11-22,313,314.4,312,313.7
2017-11-24,313.6,317.6,312.45,316.9
2017-11-27,319.65,319.75,314.35,315.75
2017-11-28,315.4,315.8,309.2,309.85
2017-11-29,309.5,311.25,306.15,306.85
2017-11-30,306.7,309.3,305.1,306.4
2017-12-01,307,312.55,306.7,309.25
2017-12-04,309.65,311.8,308.4,309
2017-12-05,308.75,310.05,294.3,294.6
2017-12-06,295,298.85,294.75,296.15
2017-12-07,296.4,299.6,295.15,296.45
2017-12-08,296.35,299.15,295.95,297.85
2017-12-11,298.15,301.9,296.35,301.15
2017-12-12,301.45,302.85,300.05,302.3
2017-12-13,302.25,306.2,301.3,305.35
2017-12-14,305.65,309,303.2,307.25
2017-12-15,307.35,314,306.35,313.45
2017-12-18,313.45,314.75,311.1,314.6
2017-12-19,314.45,315.8,311.45,315.15
2017-12-20,314.65,321.2,313.9,319.6
2017-12-21,319.6,322,318.25,321.95
2017-12-22,321.45,325,319.55,323.85
2017-12-26,324.35,330,323.1,328.05
2017-12-27,327.55,329.75,324.85,328.4
2017-12-28,328.2,332.2,326.95,330.85
2017-12-29,330.65,331.45,326,330.05
2018-01-02,329.65,330.95,326.75,327.8
2018-01-03,327.75,328,323.65,325.75
2018-01-04,325.7,329.8,324.5,326.3
2018-01-05,325.85,327.6,322.25,322.95
2018-01-08,323.35,324.55,322.05,322.4
2018-01-09,323.05,325.9,321.25,321.6
2018-01-10,322.05,327.45,321.75,323.55
2018-01-11,323.6,325.65,320.65,323.3
2018-01-12,322.55,324.9,321.6,321.85
2018-01-16,322.4,329.1,318.35,321.95
2018-01-17,321.9,322.1,317.85,318.9
2018-01-18,319.2,321.6,318.4,319.9
2018-01-19,320.1,323.4,318,318.75
2018-01-22,318.65,321.85,317.95,319.85
2018-01-23,319.85,321.25,310.8,311.1
2018-01-24,311.85,324.25,311.4,322.85
2018-01-25,323,325.8,319.6,321.65
2018-01-26,320.4,322.8,318.5,319.9
2018-01-29,320,323.55,319.1,319.4
2018-01-30,319.85,321.1,315.2,318.9
2018-01-31,319.1,323.3,317.7,319.55
2018-02-01,319.8,322.25,318.3,320.9
2018-02-02,321.55,324.4,316.5,318.75
2018-02-05,317.55,325.75,317.05,322.1
2018-02-06,319.15,321.95,316,318.9
2018-02-07,321.3,322.85,308.5,308.75
2018-02-08,309.5,311.9,306.15,308.2
2018-02-09,307.65,308.4,302.6,303.35
2018-02-12,305,309.7,304.25,308.65
2018-02-13,308.65,316.9,307.95,316.25
2018-02-14,316.35,323.75,313.9,323.6
2018-02-15,323.7,324.9,321.25,324.55
2018-02-16,324.55,327.2,323.55,324.85
2018-02-20,323.95,324.6,318.05,319.05
2018-02-21,318.7,322.95,316.4,321.6
2018-02-22,320.05,324.35,315.35,324.15
2018-02-23,323.4,323.55,319,321.25
2018-02-26,323.1,325.65,321.35,322.45
2018-02-27,322.35,323.7,316.3,318.65
2018-02-28,318.35,318.6,312.55,313.25
2018-03-01,312.85,314.75,309.8,312.3
2018-03-02,312.35,314.55,310.85,312.45
2018-03-05,313.25,313.85,309.55,312.8
2018-03-06,312.85,317.8,312.65,315.9
2018-03-07,315.5,315.85,311.75,313.6
2018-03-08,313.5,313.95,307.05,307.9
2018-03-09,307.8,314.7,305.55,313.6
2018-03-12,314.7,315.55,310.95,312.4
2018-03-13,312.1,314.45,310.25,313.8
2018-03-14,313.4,319.2,312.65,315.85
2018-03-15,314.95,316.6,310.75,312.75
2018-03-16,312.65,314.95,309,310.75
2018-03-19,311.5,311.55,305.8,308.2
2018-03-20,307.6,309.4,302.9,303.8
2018-03-21,303.85,309.3,301.5,305.85
2018-03-22,307.85,308.9,300.3,302
2018-03-23,302.3,303.05,297.05,299.3
2018-03-26,297.95,300.2,293.75,297
2018-03-27,298.4,302.4,297.75,300.05
2018-03-28,298.3,301,296.85,300.2
2018-03-29,300.1,304.9,299.45,302.55
2018-04-02,304.8,307.25,303.7,305
2018-04-03,304.45,306.95,303.85,306.35
2018-04-04,306.7,306.95,297,301.05
2018-04-05,302.85,308.8,301.35,307.45
2018-04-06,306.85,306.85,302.45,305.85
2018-04-09,304.25,308.55,303.55,307.7
2018-04-10,307.6,314.1,306.8,313.7
2018-04-11,313.8,314.75,310.15,311.7
2018-04-12,311.35,312.3,304.05,306.35
2018-04-13,306.2,312.3,304.05,307.1
2018-04-16,306.45,311.7,304.4,309.55
2018-04-17,308.35,310.2,305.45,307.95
2018-04-18,308.5,317.85,307.6,315.85
2018-04-19,316.15,319.55,311.2,313.2
2018-04-20,312.6,314.7,310.55,313.5
2018-04-23,313.1,316.15,307.8,311.05
2018-04-24,310.7,316.75,310.05,314.2
2018-04-25,313.1,315.4,311.65,313.45
2018-04-26,312.9,314.4,308.7,311.4
2018-04-27,311.6,312.1,302.85,304.6
2018-04-30,307.2,308.9,305.75,307.4
2018-05-01,307.05,308.5,301.95,303.75
2018-05-02,305.1,308.8,304.75,306.85
2018-05-03,306.35,312.15,305.65,308.05
2018-05-04,309.15,310.5,305.3,308.55
2018-05-07,308.5,310.45,306.25,307.9
2018-05-08,307.35,309.1,301.4,305.9
2018-05-09,306.85,306.95,304,305.75
2018-05-10,306.1,311.8,305.2,311
2018-05-11,310.95,312.65,310.15,311.15
2018-05-14,311.1,313.1,307.65,309.3
2018-05-15,308.8,310.3,303.45,305.6
2018-05-16,306.05,308,304.4,307.05
2018-05-17,307.8,310.1,306.9,308.9
2018-05-18,308.35,309.1,305.55,306.35
2018-05-21,306.5,311.15,306.5,309.85
2018-05-22,310.05,314.85,308.8,313.2
2018-05-23,312.2,313.2,304.85,307.05
2018-05-24,306.9,310.25,306.6,309.6
2018-05-25,310.2,311.7,306.9,307.75
2018-05-29,308.1,311.35,303,306.25
2018-05-30,305.5,307.65,301,306.9
2018-05-31,307.15,309.2,304.6,306.5
2018-06-01,306.3,310,305.6,309.85
2018-06-04,309.8,314.2,309,313.45
2018-06-05,313.8,325,312.35,319.85
2018-06-06,321.2,327.4,319.3,326.2
2018-06-07,326.75,331.55,325.75,327.5
2018-06-08,326.5,330.5,324.7,330
2018-06-11,329.95,330.35,324.45,325.7
2018-06-12,325.25,326.85,323.35,324.95
2018-06-13,324.55,327.15,322.4,325.4
2018-06-14,325.6,325.6,318.65,322.2
2018-06-15,320.1,321.8,313.1,314.45
2018-06-18,313.6,315.15,309.65,310.65
2018-06-19,312.65,313.35,303.65,304.7
2018-06-20,303.45,306.75,302.1,304.05
2018-06-21,303.75,305.35,301.8,302.15
2018-06-22,302.8,304.65,301.35,302.7
2018-06-25,306.5,306.7,299.1,300.95
2018-06-26,300.75,302.15,299.8,301.55
2018-06-27,302,302.7,298.45,300.75
2018-06-28,299.8,300.4,295.15,297.15
2018-06-29,297,299.7,295.8,296.6
2018-07-02,296.95,297.3,292.1,294.4
2018-07-03,294.5,296.65,290.8,291.7
2018-07-05,293.5,294.05,282.05,282.6
2018-07-06,283.05,283.9,278.25,282.4
2018-07-09,282.35,287.7,281.5,285
2018-07-10,287,288.05,281.35,283.95
2018-07-11,283,283.05,271.7,274.35
2018-07-12,275.05,279.2,273.1,277.7
2018-07-13,277.6,278.85,274.95,277.55
2018-07-16,277.6,279.8,274.45,276.45
2018-07-17,276.55,279.95,274.15,274.7
2018-07-18,274.45,277.1,271.55,276
2018-07-19,276.55,277.85,267.35,269.55
2018-07-20,271.75,276.1,268.25,275.6
2018-07-23,275.15,277.65,273.4,274.65
2018-07-24,274.2,283.5,273.35,281.05
2018-07-25,280.4,286.7,279.35,281.75
2018-07-26,286.15,286.45,280.15,281.8
2018-07-27,280.75,283.5,278.1,280.2
2018-07-30,280.35,280.95,275.85,279.2
2018-07-31,279.5,284.15,276.9,283.15
2018-08-01,282.55,282.85,272.6,274.75
2018-08-02,274.75,275.95,270.75,273.75
2018-08-03,272.65,278.4,270.9,276.35
2018-08-06,275.55,275.85,270.65,273.15
2018-08-07,272.55,276.7,272.25,275.2
2018-08-08,275.3,277.35,273.6,275.1
2018-08-09,275.55,281.8,275.05,276.55
2018-08-10,276.4,277.45,273.1,274.25
2018-08-13,273.85,275.65,271.3,273.1
2018-08-14,273.25,274,267.7,268.2
2018-08-15,268.5,268.9,255.2,256
2018-08-16,258.3,264.3,256.4,261.65
2018-08-17,260.6,266.9,259.85,262.9
2018-08-20,265.5,268.25,264.2,266.85
2018-08-21,266.45,270.45,266.4,269.55
2018-08-22,268.7,269.35,265.3,267.35
2018-08-23,266.65,266.85,261.3,265.45
2018-08-24,264.5,271.65,264.15,270.05
2018-08-27,272.3,274.2,271.6,273.2
2018-08-28,273,276.65,271.35,275.85
2018-08-29,274.45,275.75,271.95,273.65
2018-08-30,273.1,274.05,268.4,271.75
2018-08-31,269.95,271.25,266.2,267.1
2018-09-04,266.75,268,258,260.2
2018-09-05,260.25,262.15,259.1,261
2018-09-06,262,267.2,261.05,263.65
2018-09-07,263.55,265.25,259.35,262.25
2018-09-10,261.15,263.65,260.25,262.8
2018-09-11,262.4,266.15,258.2,262.15
2018-09-12,262.2,268.85,260.65,267.6
2018-09-13,268.5,271.75,267.3,268.3
2018-09-14,267.65,269.9,260.75,264.6
2018-09-17,261.5,265.75,260.6,265.1
2018-09-18,265.05,274,258.8,273.05
2018-09-19,273.6,275.35,271.7,272.95
2018-09-20,272.7,278,270.65,274
2018-09-21,276.2,287.1,275.2,285.75
2018-09-24,284.15,286.7,282.25,283.6
2018-09-25,282.4,284.8,278.9,282.35
2018-09-26,282.3,284.2,281.25,282.8
2018-09-27,281.6,282.8,276.35,278.3
2018-09-28,277.4,281.3,276.3,280.5
2018-10-01,280.1,282.25,275.55,278.75
2018-10-02,278.45,285.25,276,280.65
2018-10-03,280,283.95,279.65,283.4
2018-10-04,282.3,286.65,277.15,277.75
2018-10-05,278.95,279.45,274.55,276.3
2018-10-08,276.85,278.1,273.5,276.7
2018-10-09,276.85,281.85,275.05,280.65
2018-10-10,281.4,282,274.1,278.05
2018-10-11,274.9,281.6,271.3,280.3
2018-10-12,277.55,283.25,277.45,280.05
2018-10-15,280.85,283.9,277.2,278.85
2018-10-16,277.95,279.3,275.8,277.95
2018-10-17,278.15,280.45,275.4,277.8
2018-10-18,277.5,278.2,272.6,274.65
2018-10-19,273.25,278.8,272.8,277.8
2018-10-22,277.7,283.35,277.25,278.55
2018-10-23,277.8,278.5,273.9,275.8
2018-10-24,276.1,280.4,274.3,275.75
2018-10-25,274.7,277.35,271.55,275.45
2018-10-26,275.25,275.4,270.75,274.1
2018-10-29,274.7,278,269,274.05
2018-10-30,270.85,273.3,266.15,266.4
2018-10-31,267.3,268.05,264.6,265.9
2018-11-01,265.45,272.75,264.25,272.15
2018-11-02,272.05,282,270.2,280.7
2018-11-05,282,282.35,274.5,275.6
2018-11-06,275.25,277.7,272.4,273.25
2018-11-07,273,277.3,272.8,275.45
2018-11-08,274.1,274.8,270.3,273.6
2018-11-09,272.95,273.15,267.7,268.45
2018-11-12,268.1,270,266.55,267.65
2018-11-13,266.7,274.85,266.25,268.7
2018-11-14,268.35,272.2,266.4,271
2018-11-15,271.1,276.6,270.3,274.65
2018-11-16,274.4,280.25,273.3,279.85
2018-11-19,278.3,280.95,276,279.9
2018-11-20,279.9,284.6,274,276.65
2018-11-21,275.8,280.4,275.4,279.45
2018-11-23,278.5,280.25,275.1,276.65
2018-11-26,277.4,279.85,275.6,277.3
2018-11-27,276.4,276.95,272.5,272.6
2018-11-28,273.55,282,273.55,281.35
2018-11-29,280.9,281.35,277.9,278.95
2018-11-30,278.95,280.1,276.85,278.75
2018-12-03,285,285.8,278.75,280.95
2018-12-04,279.5,282.3,275,275.9
2018-12-05,275.95,277.75,274.5,277.4
2018-12-06,277.1,277.1,270.8,274.3
2018-12-07,275.05,277.5,274.2,275.95
2018-12-10,273.65,275.45,271.5,272
2018-12-11,273.3,278.05,272.6,276.7
2018-12-12,276.3,277.9,275.55,277
2018-12-13,276.7,280.35,276.3,276.7
2018-12-14,276.8,277,272.8,276.25
2018-12-17,275.35,275.95,271.95,275.45
2018-12-18,274.3,275.25,265.15,266.45
2018-12-19,265.45,271.95,265.4,271.6
2018-12-20,267.7,271,265,269.65
2018-12-21,270.1,271.2,266.4,267.4
2018-12-24,266.75,268.1,265,266.1
2018-12-26,267.1,272.8,264.2,270
2018-12-27,270.2,270.7,265.8,266.8
2018-12-28,268.15,272.55,267.1,268.15
2018-12-31,267.8,270.35,262.45,263.1
2019-01-02,264.2,267.5,259.45,262.3
2019-01-03,260.15,262.05,254.3,256.8
2019-01-04,257.6,265.5,256.7,264.75
2019-01-07,265,265.95,263.15,263.7
2019-01-08,263.8,265.8,262.35,265.6
2019-01-09,265.15,268.65,264.85,265.7
2019-01-10,266,267.05,262.9,263.75
2019-01-11,263.5,266.7,263.35,266.2
2019-01-14,265.35,266.1,261.65,263.5
2019-01-15,263,266.4,263,263.45
2019-01-16,264.1,268,263.6,267.35
2019-01-17,267.15,271.2,265.85,268
2019-01-18,269.7,272.7,268.65,271.9
2019-01-22,271.5,271.55,265.05,265.95
2019-01-23,266.3,267.65,264.8,265.45
2019-01-24,265.35,266.4,263.45,264.45
2019-01-25,264.5,273.7,264.45,272.9
2019-01-28,273.3,273.35,267.6,268
2019-01-29,268.05,272.55,267.85,272.5
2019-01-30,272.1,278.65,271.65,276.75
2019-01-31,277.5,279.7,276.6,278.45
2019-02-01,278.25,278.55,275.35,277.3
2019-02-04,277,280.2,275.05,279.45
2019-02-05,280.25,282.45,279.7,281.7
2019-02-06,281.75,284.8,281.3,283.65
2019-02-07,282.6,285.05,282.2,282.85
2019-02-08,283.35,283.8,280.6,281.05
2019-02-11,280.85,281.3,277.4,279
2019-02-12,278.95,279.6,275.75,277.2
2019-02-13,277.5,278.75,276.6,277.3
2019-02-14,277.8,280.2,275.35,277.4
2019-02-15,277.1,282.15,275.15,279.85
2019-02-19,281.3,287.8,280.35,287.45
2019-02-20,287.4,292.45,286.9,292
2019-02-21,291.5,291.9,288.9,289.7
2019-02-22,289.9,295.45,289.4,295.15
2019-02-25,294.95,297.75,294.1,294.9
2019-02-26,295.3,296.3,293.7,295.05
2019-02-27,294.95,297.25,293.45,296.25
2019-02-28,296.7,296.8,293.9,294.8
2019-03-01,294.35,297.7,292.25,293.2
2019-03-04,293.3,295.5,289.65,290.9
2019-03-05,291.1,295.15,290.75,293.35
2019-03-06,293.45,294.45,291.55,291.85
2019-03-07,292.65,292.9,289.45,291.05
2019-03-08,291.45,291.85,287.45,289.35
2019-03-11,289.15,291.15,288.4,290.1
2019-03-12,290.65,295.7,290.5,292.85
2019-03-13,292.95,293.95,291.35,293.55
2019-03-14,293.25,293.45,288.2,289.15
2019-03-15,288.9,292.45,288.4,290.6
2019-03-18,290.95,293.25,289.9,290.9
2019-03-19,291.25,294.4,290.8,292.3
2019-03-20,291.95,294.2,290.75,292.1
2019-03-21,292.75,296.9,289.2,290.6
2019-03-22,291.05,291.5,283.95,284.25
2019-03-25,284.3,285.95,283.45,285.65
2019-03-26,285.65,286.7,284.6,285.4
2019-03-27,286.3,287.55,284.35,286.3
2019-03-28,286.2,288.8,285.3,287.25
2019-03-29,288,294.45,287.8,293.6
2019-04-01,294.15,298.85,291.55,292.45
2019-04-02,292.9,293.5,289.7,290.55
2019-04-03,290.95,295.3,290.5,294.85
2019-04-04,294.3,295.25,290.35,291
2019-04-05,291.6,292.55,288.65,289.45
2019-04-08,290.1,294.2,289.25,293.2
2019-04-09,293.4,296.2,292.7,293.4
2019-04-10,293.25,294.25,291.1,292.55
2019-04-11,292.35,292.6,288.35,288.7
2019-04-12,289.45,295.65,289.3,294.6
2019-04-15,294.55,294.75,291.65,293.5
2019-04-16,293.45,294.8,292.35,293.05
2019-04-17,293.4,299.55,292.8,296.75
2019-04-18,296.1,296.4,290.3,292
2019-04-22,292.75,293.25,289.25,290.15
2019-04-23,290.35,291.35,287.75,289.35
2019-04-24,289.55,291.5,288.65,291
2019-04-25,290.85,291.8,285.6,286.15
2019-04-26,286,289.2,285.9,288.65
2019-04-29,289.35,290.7,287.3,289.7
2019-04-30,289.2,292.35,288,290.4
2019-05-01,290.75,291.35,278.65,280.15
2019-05-02,279.3,280.65,277.15,277.95
2019-05-03,278.2,283.3,277.5,281.9
2019-05-06,279.9,284.85,274.15,282.95
2019-05-07,282.75,284.1,277.55,278.55
2019-05-08,278.75,281,276,277.45
2019-05-09,276.95,277.8,273.1,277.15
2019-05-10,276.75,279.7,275.6,277.45
2019-05-13,276.8,277.35,270.9,271.9
2019-05-14,272,273.8,271.4,272.5
2019-05-15,272.25,275.25,271.55,274.3
2019-05-16,274.65,277.75,273.8,274.8
2019-05-17,274.8,275.3,272.1,273.85
2019-05-20,273.25,275.05,271.2,272.6
2019-05-21,272.75,274.25,270.55,271.5
2019-05-22,271.5,271.9,267,267.8
2019-05-23,267.55,268.9,265.45,268.05
2019-05-24,268.15,270.85,268.05,269.95
2019-05-28,270.1,271.8,268.85,269.6
2019-05-29,269.6,269.8,265.85,266.4
2019-05-30,266.7,267.5,263.65,265.4
2019-05-31,264.85,265.6,262.95,264
2019-06-03,263.05,266.45,261.1,265
2019-06-04,265.65,267.1,263.9,266.9
2019-06-05,266.65,267.45,262.05,262.3
2019-06-06,262.6,265.55,262.2,265.05
2019-06-07,264.65,266.1,259.95,262.75
2019-06-10,263.05,266.65,262.55,266.15
2019-06-11,266.15,270.2,266,267.15
2019-06-12,266.9,267.3,263.75,265.4
2019-06-13,265.05,266.2,263.2,265.65
2019-06-14,265.75,266.55,262.75,262.95
2019-06-17,263.45,265.6,261.55,264.65
2019-06-18,265,271.25,264.35,270.3
2019-06-19,270.6,270.9,267.35,268.05
2019-06-20,269.75,273.75,269.4,271.2
2019-06-21,271.05,272.35,268.6,270.45
2019-06-24,270.5,271.2,268.1,270.5
2019-06-25,271,274.6,269.95,273.5
2019-06-26,273.15,275.1,270.2,271.55
2019-06-27,271.35,272.8,270,271.65
2019-06-28,272.1,272.8,270.25,271.35
2019-07-01,275,275.7,267.7,268.8
2019-07-02,268.8,269.65,265.55,266.4
2019-07-03,266.5,268.6,263.65,268.3
2019-07-05,267.45,268.75,264.45,266.1
2019-07-08,266.95,268.9,265.45,265.9
2019-07-09,265.75,265.9,261.2,262.5
2019-07-10,262.8,269.95,262.5,269.4
2019-07-11,268.9,269.8,267.85,268.75
2019-07-12,268.8,271.45,267.25,269.4
2019-07-15,269.75,272.8,268.55,271.1
2019-07-16,271.5,273.55,269.4,270
2019-07-17,269.5,271.7,268.2,271.6
2019-07-18,270.1,272.05,269.25,271
2019-07-19,271.95,280.3,271.5,275.25
2019-07-22,275.3,275.95,271.8,272.2
2019-07-23,271.6,273,268.75,270
2019-07-24,270.6,272.05,269.8,271.2
2019-07-25,271.15,273.85,270,270.35
2019-07-26,270.65,271.2,268.4,268.5
2019-07-29,269.05,272.1,268.15,271.75
2019-07-30,271.85,272.65,267.5,267.85
2019-07-31,267.75,269.1,265.75,266.6
2019-08-01,265.95,266.8,261.9,266.55
2019-08-02,261.95,262.75,256,257.15
2019-08-05,256.05,257.8,253.15,254.4
2019-08-06,254.4,256.9,253.5,255.75
2019-08-07,256.7,259.2,254.25,257.1
2019-08-08,258.45,261.5,257.15,260.75
2019-08-09,259.7,261.75,258.2,258.9
2019-08-12,259.75,261.2,256.8,258.5
2019-08-13,258.2,264.15,256.7,263
2019-08-14,263.05,263.5,257.85,259.2
2019-08-15,259.2,260.6,257.45,259.5
2019-08-16,259.35,260.65,258.5,259.5
2019-08-19,259.8,262.6,258.9,260.15
2019-08-20,259.9,260.35,257,257.8
2019-08-21,257.6,259.1,257.35,258.55
2019-08-22,258,258.3,254.75,255.75
2019-08-23,255.85,257.55,252.35,253
2019-08-26,252.5,255.7,249.9,255
2019-08-27,254.45,257.7,253.55,255.3
2019-08-28,255.45,257.45,254.55,256.45
2019-08-29,256.9,259.7,255.3,257.75
2019-08-30,257.5,258.35,254.6,255.15
2019-09-03,255.5,256.8,248.2,252.8
2019-09-04,252.9,259.75,252.75,259.5
2019-09-05,259.05,264.9,258.75,264.2
2019-09-06,263.15,264.9,262,263.4
2019-09-09,263.15,263.3,261.35,262.75
2019-09-10,262.75,264.3,260.25,262.8
2019-09-11,262.3,263.8,260.05,261.45
2019-09-12,261.8,266.8,259,264.05
2019-09-13,264.25,270.45,264.05,269.95
2019-09-16,269.15,270.65,263.8,264.05
2019-09-17,264.25,264.75,260.6,262.7
2019-09-18,262.5,263.8,259.75,261.3
2019-09-19,261.3,262.4,260.35,260.85
2019-09-20,260.75,263.4,258.6,260.65
2019-09-23,259.4,261.95,257.25,261.15
2019-09-24,261.85,262.35,259.6,260.65
2019-09-25,260.4,261.5,258.7,261.2
2019-09-26,261.15,261.85,257.35,257.75
2019-09-27,257.7,261.3,257.05,259.75
2019-09-30,259.8,261.85,257.25,257.85
2019-10-01,257.4,257.7,251.5,256.05
2019-10-02,256.5,258.55,254.75,257.05
2019-10-03,256.6,258.2,253.85,255.35
2019-10-04,255.35,256.6,253,256.25
2019-10-07,255.7,258.95,255.25,257.7
2019-10-08,257.3,260.15,256.15,256.85
2019-10-09,256.7,257.95,256.05,256.8
2019-10-10,256.9,262,254.75,261.35
2019-10-11,261.1,263.85,260.6,262.8
2019-10-14,262.75,263.45,259.4,263.4
2019-10-15,263.2,264.15,260.6,261.4
2019-10-16,261.25,261.3,257.3,258.95
2019-10-17,258.7,261.75,257.7,259.75
2019-10-18,260,264.6,258.5,263.6
2019-10-21,263.95,266,263.05,264.65
2019-10-22,264.5,265.05,262.95,263.3
2019-10-23,263.55,267.45,261.45,267.15
2019-10-24,266.9,267.95,265.9,266.8
2019-10-25,266.65,269.05,265.9,267.55
2019-10-28,268.5,268.9,267.35,268.3
2019-10-29,268.2,269.7,267.25,269.15
2019-10-30,269.2,269.55,266.05,268.6
2019-10-31,268.1,268.75,262.8,263.8
2019-11-01,263.7,266.4,263.15,265.3
2019-11-04,266.25,267.7,265.35,267.1
2019-11-05,266.55,271.55,266.3,270.05
2019-11-06,269.95,270.15,266.05,266.5
2019-11-07,267.05,273,266.55,272.75
2019-11-08,271.2,272.15,267.65,268.2
2019-11-11,268.3,269,265.6,266.4
2019-11-12,266.3,268.35,264.2,264.55
2019-11-13,264.65,265.15,263.3,263.95
2019-11-14,263.75,265.8,261.3,262.15
2019-11-15,262.5,264.3,262.25,263.8
2019-11-18,263.7,264.85,261.4,262
2019-11-19,261.95,266.25,261.65,265.65
2019-11-20,265.4,266.6,264.1,264.95
2019-11-21,264.8,265.1,262.1,262.35
2019-11-22,262.55,265.25,261.55,264.8
2019-11-25,265.6,268.15,264.8,266.2
2019-11-26,266.05,269.85,265.25,269.75
2019-11-27,269.6,271,268.45,269.6
2019-11-29,269.9,270.05,265.35,266.15
2019-12-02,266.2,267.9,264.7,265.05
2019-12-03,265.1,265.5,262.05,262.3
2019-12-04,262.65,266.65,262.05,265.9
2019-12-05,266.2,267.65,265.35,266.3
2019-12-06,266.6,275.35,266.45,272.5
2019-12-09,274.55,276.2,272,275.85
2019-12-10,275.35,277,274.85,276.55
2019-12-11,276.6,279.8,275.75,278.95
2019-12-12,279.45,281.45,276.35,279.65
2019-12-13,281.35,283.1,276.55,278.1
2019-12-16,278.65,281.85,278.15,281.15
2019-12-17,280.95,282.65,280.1,281.35
2019-12-18,281,281.45,278.75,281.25
2019-12-19,281.15,282.75,280.05,282.65
2019-12-20,282.55,283.4,279.85,280.6
2019-12-23,280.7,281.35,279.4,280.85
2019-12-24,280.95,283.25,280.35,282.75
2019-12-26,283.75,285.65,282.55,284.9
2019-12-27,285.1,285.1,281.45,282.95
2019-12-30,282.55,283.8,281.9,283.35
2019-12-31,282.05,282.2,279.6,279.7
2020-01-02,280.35,282.95,279.4,282.5
2020-01-03,282.5,282.55,275.95,278.7
2020-01-06,276.5,279.55,276.45,279
2020-01-07,278.9,280.4,278,279.35
2020-01-08,279.55,281.4,276.3,281.2
2020-01-09,280.8,281.9,279.55,280.2
2020-01-10,280,283.6,279.55,281.35
2020-01-13,280.55,286.4,280.55,286.1
2020-01-14,285.6,287.45,284.95,287.35
2020-01-15,287,287.05,283.65,286.6
2020-01-16,286.25,288.6,284.15,284.7
2020-01-17,285.2,287.55,284.15,284.55
2020-01-21,284.7,286.1,279,279.35
2020-01-22,278.8,280.5,276.35,276.5
2020-01-23,276.8,277.25,271.1,272.6
2020-01-24,273.1,273.6,267.75,268.4
2020-01-27,266.75,267.3,259.15,259.65
2020-01-28,259.35,260.85,257.75,257.95
2020-01-29,258.8,260.65,255.3,255.4
2020-01-30,256.2,256.65,251.6,252.4
2020-01-31,254.55,256.35,250.35,251.7
2020-02-03,249,256.35,248.75,250.7
2020-02-04,250.55,257.25,250.15,254.2
2020-02-05,254.7,260.55,254.25,257.45
2020-02-06,258.25,262.25,257.65,259.3
2020-02-07,259.4,259.9,254.55,255.3
2020-02-10,255,257.6,254,255.05
2020-02-11,255.6,260.75,255.55,258.3
2020-02-12,258.2,261,258,260
2020-02-13,260.2,262.75,258.15,261.3
2020-02-14,261.5,261.75,259.25,259.95
2020-02-18,260.4,263.25,259.4,260.4
2020-02-19,260.55,262.7,257.75,260.6
2020-02-20,260.6,262.35,257.75,258.8
2020-02-21,258.95,261.75,256.05,260.8
2020-02-24,260,260,256.55,258.35
2020-02-25,257.6,259.6,256.15,258.2
2020-02-26,256.6,258.3,254.65,257.35
2020-02-27,256.65,258.2,252.55,257.15
2020-02-28,255.65,257.75,250.6,254
2020-03-02,252.2,261.3,250.1,259.5
2020-03-03,261.65,262.5,254.65,257.3
2020-03-04,258.7,260,257,258.6
2020-03-05,258.25,260,256.1,257.3
2020-03-06,257,257.7,253.2,256.05
2020-03-09,253.5,253.5,245.65,251.05
2020-03-10,248.7,256.55,248.2,252.15
2020-03-11,254.1,254.2,247.25,250.2
2020-03-12,247.75,248.45,242.8,247.25
2020-03-13,244.3,253.2,240.15,246.4
2020-03-16,251,251.55,233.5,239.25
2020-03-17,238.6,242.55,230.2,231.35
2020-03-18,231.7,234.15,211.1,215.1
2020-03-19,216.25,219.9,197.25,218.55
2020-03-20,214.85,223.65,209.3,217.15
2020-03-23,214.65,214.65,202.05,210.05
2020-03-24,208.7,223.95,208.45,218
2020-03-25,219.95,222.7,214.95,220.4
2020-03-26,220.4,221.55,215.9,217.8
2020-03-27,218.45,220.35,215.8,217.2
2020-03-30,214.65,217.5,213.55,215.55
2020-03-31,216.55,224.8,216.55,222.8
2020-04-01,221.6,222.2,215.45,217.45
2020-04-02,217.2,223.6,215.05,221.85
2020-04-03,222.05,223.15,217.05,219.25
2020-04-06,218.85,222.9,218.2,221.75
2020-04-07,222,231.75,221.85,227.25
2020-04-08,224.9,228.75,224.25,226
2020-04-09,227.15,228.85,224.65,225.95
2020-04-13,230.05,235.25,226.35,230.25
2020-04-14,231.55,233.55,230.8,232.95
2020-04-15,233,233,227.7,229.6
2020-04-16,229.8,231.9,228.65,229.1
2020-04-17,231.25,235.8,231.15,234.45
2020-04-20,234.6,235.5,229.4,232
2020-04-21,230.6,231.35,214.95,222.95
2020-04-22,225.1,229.35,221.05,229
2020-04-23,228.45,233.95,227.2,231.2
2020-04-24,230.8,236.3,228.85,233.7
2020-04-27,235.2,238.05,232.4,234.5
2020-04-28,234.6,237.25,233,234.55
2020-04-29,234.25,238.6,233.7,237.05
2020-04-30,237.7,239.5,233.5,234.4
2020-05-01,234,234.2,228.6,231.2
2020-05-04,230.5,232.2,228.4,231.25
2020-05-05,232.1,234,230.7,233.25
2020-05-06,233.25,236.55,231.85,234.7
2020-05-07,234.2,239.1,233.4,238.05
2020-05-08,237.9,243,237.8,240.6
2020-05-11,240.95,243,236.7,238
2020-05-12,238.4,238.65,233.05,235.9
2020-05-13,233.55,237.5,233.25,234.6
2020-05-14,235.3,236.5,231.4,234.6
2020-05-15,236.2,237.55,232.85,233.05
2020-05-18,233.75,242.85,233.4,240.4
2020-05-19,242.45,243.85,240.35,241.8
2020-05-20,241,246.5,240.1,246
2020-05-21,246.05,246.8,242.2,243.2
2020-05-22,242.75,243.1,237.15,238.65
2020-05-26,239.05,243.9,238.6,241.85
2020-05-27,241.1,242.2,235.85,238.2
2020-05-28,238.75,242.45,238.35,241.35
2020-05-29,240.5,245.85,239.15,242.55
2020-06-01,243,247.75,242.35,247.05
2020-06-02,246.8,249.75,245.9,249.1
2020-06-03,249.35,250.5,247.5,248.75
2020-06-04,248.35,250.3,245.5,248.95
2020-06-05,248.6,257.15,248.1,255.55
2020-06-08,254.3,258.65,253.05,256.55
2020-06-09,257.95,260.6,255.55,259.9
2020-06-10,260.05,270,259.7,265.65
2020-06-11,268,268.05,255.75,258.65
2020-06-12,257.7,262.3,255.85,260
2020-06-15,259.1,260.15,253.75,256.7
2020-06-16,258,261.5,253.1,256.45
2020-06-17,256.35,259.95,255.15,258.95
2020-06-18,258.8,262.6,257.2,258.8
2020-06-19,259.35,265,258.8,261.1
2020-06-22,260.15,266.15,259.5,265.25
2020-06-23,265.8,267.45,261.95,265.85
2020-06-24,265.2,268.45,262.65,265.05
2020-06-25,264.5,266.9,262.85,266.3
2020-06-26,266.55,269.9,265.05,265.9
2020-06-29,265.05,268.8,265.05,267.95
2020-06-30,269,272.1,268.4,271.35
2020-07-01,271.6,273.75,269.65,271.7
2020-07-02,274.1,274.45,271.5,273.35
2020-07-06,272.85,279.25,270.35,277.45
2020-07-07,279,279.9,274.6,279.7
2020-07-08,278.5,282.55,278.5,282.4
2020-07-09,282.85,287.55,282.35,283.85
2020-07-10,284.25,291.7,282.25,289.75
2020-07-13,291.95,299.3,289.55,295.5
2020-07-14,291.6,294.6,289.8,293.25
2020-07-15,293.9,297.6,287.3,288.5
2020-07-16,289.4,290.6,284.5,290.15
2020-07-17,289.8,291.75,288,290.45
2020-07-20,290.65,294.4,288.15,291.55
2020-07-21,292.1,297.5,291.95,295.8
2020-07-22,296.35,298.2,289.15,292.45
2020-07-23,292.65,295.4,289.9,293.85
2020-07-24,292.15,293.05,286.65,289.25
2020-07-27,289.25,292,288.2,289.75
2020-07-28,290.9,294,287.9,291.75
2020-07-29,291.45,294.35,289.5,291.9
2020-07-30,293.4,293.6,287.65,291.4
2020-07-31,292.05,293.15,284.65,286.8
2020-08-03,286.65,292.5,283.1,291.2
2020-08-04,291.45,291.85,287.5,289.45
2020-08-05,290.6,293.95,288.75,291.7
2020-08-06,291.65,292.7,288.6,291.05
2020-08-07,291.8,291.85,278.3,279.25
2020-08-10,278.6,288.5,278.2,286.15
2020-08-11,286.4,287.95,283.9,287.55
2020-08-12,284.95,290.25,280.75,289.1
2020-08-13,288.15,289.25,276.9,280.7
2020-08-14,279.65,286.45,279.1,285.9
2020-08-17,286.05,291.7,284.45,290.15
2020-08-18,290.6,298.15,288.6,297.5
2020-08-19,297.45,302.95,296.7,302.3
2020-08-20,300.1,300.1,295.2,297.45
2020-08-21,298.95,300.45,290.65,291.75
2020-08-24,291.95,296.35,291.35,292.65
2020-08-25,292.4,294.3,291.15,293.4
2020-08-26,294.2,297.8,293.25,296.15
2020-08-27,297.8,299,293.4,296.75
2020-08-28,297.6,301.7,297.4,299.5
2020-08-31,301.35,304.4,301.2,304.1
2020-09-01,305.05,309.45,301.4,302.85
2020-09-02,302.4,303.95,299.9,302.05
2020-09-03,303.1,304.2,295.35,297.5
2020-09-04,297.85,308.35,296.45,306.2
2020-09-08,307.55,308.85,299.8,302.5
2020-09-09,301.75,306.05,300.3,305.15
2020-09-10,305.5,305.9,295.55,299.85
2020-09-11,297.5,305.25,297.2,303.95
2020-09-14,304.7,307.6,302.5,306.8
2020-09-15,306.6,309.1,304.55,306.3
2020-09-16,305.7,308.3,304.4,306.1
2020-09-17,306.95,308.6,301.25,307.1
2020-09-18,308.05,311.75,306.4,311.6
2020-09-21,310.4,312.1,301.35,303.2
2020-09-22,303.75,308.75,303.3,306.1
2020-09-23,307,307.25,294.5,299.3
2020-09-24,295.7,297.95,291.35,296.8
2020-09-25,296.5,299.5,294.4,297.1
2020-09-28,298.35,301.15,296.45,299
2020-09-29,300,300.6,295.5,299
2020-09-30,299.55,304.15,297.55,303.25
2020-10-01,301.6,304.65,285.4,286.55
2020-10-02,287.75,298.65,283.45,297.75
2020-10-05,298,298.45,293.2,296.3
2020-10-06,296.35,297.65,292.05,296.35
2020-10-07,292.7,305.5,292.25,303.3
2020-10-08,303.15,304.75,301.15,304.2
2020-10-09,304.2,309.8,303.9,308.25
2020-10-12,307.95,309.3,305.2,306.4
2020-10-13,306.35,306.7,302.65,304.45
2020-10-14,304.15,306.85,303.8,305.05
2020-10-15,305.05,309.35,302.45,308.55
2020-10-16,308.75,309.6,305.55,306.75
2020-10-19,306.05,310.8,305.7,308.6
2020-10-20,308.35,317.05,307.3,314.8
2020-10-21,314.15,321.8,314.05,319.85
2020-10-22,319.55,319.6,314.25,315.35
2020-10-23,316.4,316.45,312.45,312.9
2020-10-26,314.15,314.3,307.7,308.95
2020-10-27,309.15,311.25,308,309.35
2020-10-28,308.8,310.65,304.2,306.4
2020-10-29,306.9,309.4,304.35,305.65
2020-10-30,305.8,308,303.7,304.75
2020-11-02,304.3,309.65,302.8,307.7
2020-11-03,308.6,312.3,307.95,309.25
2020-11-04,309.95,312.1,302.85,310.7
2020-11-05,311,313.65,308,311
2020-11-06,311.5,317.4,310.15,315.4
2020-11-09,316.25,320.8,313.15,315.6
2020-11-10,313.55,316.25,309.65,315.55
2020-11-11,315.4,317.55,310.75,313.4
2020-11-12,313.2,316.4,312.1,314.5
2020-11-13,313.5,318.9,312.75,317.8
2020-11-16,317.9,326.25,317.9,322.2
2020-11-17,322.65,323.95,317.65,319.8
2020-11-18,320.65,324.2,318.8,319.8
2020-11-19,319.45,321.75,316.9,320.2
2020-11-20,321.2,330.15,320.35,329.1
2020-11-23,329,329.6,323.5,325.8
2020-11-24,326.25,331.6,326.1,329.95
2020-11-25,330.05,333.05,328,330.95
2020-11-27,331.65,340.65,330.9,339.95
2020-11-30,341.8,350.5,341.7,343.8
2020-12-01,344.95,352.15,344.7,348.5
2020-12-02,350.2,351.2,343.9,348.9
2020-12-03,349.35,352.3,346.95,349.05
2020-12-04,348.4,353.6,348.05,352.45
2020-12-07,352.75,354.6,347.85,351.65
2020-12-08,350.75,350.85,346.7,349.9
2020-12-09,350.4,353.5,348.5,351.35
2020-12-10,349.8,359.35,345,357.6
2020-12-11,358.3,362.45,349.65,352.8
2020-12-14,354.05,355.6,350.8,352.65
2020-12-15,352.2,355.6,350,354.45
2020-12-16,354.45,358,353.6,355.9
2020-12-17,356.45,361.4,356.15,360.15
2020-12-18,361.1,364.55,359,363.25
2020-12-21,364.05,364.45,354.65,357.75
2020-12-22,358.05,359.25,350.5,352
2020-12-23,351.05,356.35,347.8,355.6
2020-12-24,354.6,357.35,353.1,356.25
2020-12-28,356.9,361.8,355.65,357.1
2020-12-29,357.25,359.15,354.4,355.55
2020-12-30,355.25,358.3,354.05,354.9
2020-12-31,354.45,355.95,350.55,351.9
2021-01-04,352.7,360.7,352.2,355.45
2021-01-05,355.6,366.3,355.6,363.95
2021-01-06,364.65,370.75,362.45,365.05
2021-01-07,366.15,371.15,364.05,369.6
2021-01-08,370.6,373.4,362.9,367.35
2021-01-11,369.25,369.25,355.15,356.45
2021-01-12,355.8,364.85,355.7,360.55
2021-01-13,364.6,364.95,360.5,361.7
2021-01-14,361.05,367.5,360.15,366.45
2021-01-15,367.35,368.4,358.65,360.2
2021-01-19,359.3,365.35,355,363.35
2021-01-20,362.7,366.4,361.6,364.15
2021-01-21,364.4,367.35,363.35,364.75
2021-01-22,364.7,365.2,356.35,362.6
2021-01-25,362.15,364.05,359.2,362.95
2021-01-26,362.95,364.15,358.1,361.95
2021-01-27,361.7,362.8,352.05,355.75
2021-01-28,354.7,359.85,349.1,357.8
2021-01-29,357.45,361.25,353.2,355.6
2021-02-01,355.55,358.5,352.35,354.6
2021-02-02,355.1,356.9,350,352.45
2021-02-03,352.75,357.3,350.35,356.55
2021-02-04,356.2,358.3,353.7,355.3
2021-02-05,355.2,364,355.15,362.6
2021-02-08,363.9,368,362.25,366.6
2021-02-09,367.85,372.55,366.7,372
2021-02-10,371.7,379.55,371.4,377.25
2021-02-11,377.4,379.2,375,377.15
2021-02-12,378.05,380.5,372.1,378.8
2021-02-16,380.3,384.5,379.5,383.4
2021-02-17,383.55,384.05,379.4,382.05
2021-02-18,382.1,393.1,381.9,390.1
2021-02-19,390.2,409.1,388.65,407.4
2021-02-22,406.6,422,406.6,414.9
2021-02-23,415.55,423.35,409.75,418.75
2021-02-24,422.05,433.05,414.8,430.4
2021-02-25,432.15,437.55,419.1,426.35
2021-02-26,420.55,425.55,407.65,409.25
2021-03-01,410.6,418.1,408.9,411.3
2021-03-02,410.05,422.75,404.15,422.2
2021-03-03,420.8,422.15,410.2,414.2
2021-03-04,410.65,415.05,384.9,397.85
2021-03-05,395.35,411.05,390.15,407.55
2021-03-08,411.7,417.05,399.65,409.3
2021-03-09,407.95,412.1,397.2,400.85
2021-03-10,401.35,406.25,398.15,403.25
2021-03-11,403.55,415,400.95,413.9
2021-03-12,414.4,415.8,406.65,414
2021-03-15,416,419,411.05,414.05
2021-03-16,414.15,414.95,404.05,407.15
2021-03-17,406.25,416.15,404.6,411.9
2021-03-18,414.4,415.7,404.8,410.8
2021-03-19,406.3,412.15,401.05,411.3
2021-03-22,410.75,414.8,407.6,413.95
2021-03-23,414.45,416.5,401.6,407.95
2021-03-24,402.65,410.5,401.7,406.4
2021-03-25,402.6,404.6,394.2,397.8
2021-03-26,399.7,408.3,399.4,406.8
2021-03-29,408,408.25,400.8,403.45
2021-03-30,403.65,405.05,396.4,397.85
2021-03-31,397.85,401.75,395.45,399.55
2021-04-01,398.4,401.9,394.35,399.05
2021-04-05,402.8,416,402.4,413.75
2021-04-06,414,415.2,407.15,411.65
2021-04-07,410.65,411.8,403.55,405.45
2021-04-08,406.3,409.75,404.5,409.45
2021-04-09,409.3,410.75,403.6,404
2021-04-12,404.6,405.9,398.8,401.85
2021-04-13,401.3,405.9,399.85,403.15
2021-04-14,403.9,413.3,402.95,412.85
2021-04-15,410.5,423.6,410.5,421.85
2021-04-16,422.55,424.4,416.05,416.8
2021-04-19,416.6,427.7,415.2,423.8
2021-04-20,423.8,429.65,420.15,421.3
2021-04-21,420.85,429.6,420.5,427.9
2021-04-22,428.6,429.2,424.65,427.3
2021-04-23,426.45,434.4,426,433.6
2021-04-26,434.15,445.6,433.5,444.45
2021-04-27,443.5,452.5,443.5,448.55
2021-04-28,448.1,451.85,441.55,449.75
2021-04-29,450,455.1,446.45,448.65
2021-04-30,448.3,453.05,444.6,446.8
2021-05-03,446.2,453.55,443.5,452.85
2021-05-04,452.85,456.25,449,452.15
2021-05-05,455.6,457.25,450.35,452.4
2021-05-06,451.9,461.25,450.05,460.25
2021-05-07,460.9,475.1,459.75,474.85
2021-05-10,478,488.8,468.75,471.6
2021-05-11,466.5,480.35,466.25,476.2
2021-05-12,480,482.45,470.6,473.6
2021-05-13,471.9,476.75,464.35,469.05
2021-05-14,468.6,471.2,460.6,465.45
2021-05-17,466.75,472.2,464.05,471.15
2021-05-18,471.55,478.2,470.4,472.55
2021-05-19,470.65,472.8,452.85,457.65
2021-05-20,457.2,462.5,452.3,456.8
2021-05-21,453.5,456.25,446.9,448.1
2021-05-24,450.2,454.15,444.4,452.55
2021-05-25,453.15,458.15,449.1,450.65
2021-05-26,451.05,454.7,449.45,452.95
2021-05-27,452.5,467.7,450.15,466.3
2021-05-28,466.6,469.5,459.25,467.75
2021-06-01,467.55,470.7,463.75,465.35
2021-06-02,465.3,466.75,457.9,459.15
2021-06-03,460.4,462.05,442.95,446.3
2021-06-04,446.75,453.95,443.7,452.9
2021-06-07,452.3,453.9,446.85,452.65
2021-06-08,452,456,446.05,455.6
2021-06-09,454.2,455.9,448.5,453.1
2021-06-10,451.85,453.45,444.15,448.5
2021-06-11,449.3,459.5,447.75,453.75
2021-06-14,454.25,459.5,447.75,452.7
2021-06-15,452.5,453.65,431.55,433.3
2021-06-16,433.55,439.9,426.6,438.5
2021-06-17,427.3,433.95,415.45,417.8
2021-06-18,417.25,421.85,412,415.7
2021-06-21,412.5,419.1,408.8,418.4
2021-06-22,417.75,425.9,416.5,423
2021-06-23,423.05,434.25,422.75,433.05
2021-06-24,431.7,432.8,426.4,431.1
2021-06-25,431.05,433.8,426.75,429.2
2021-06-28,427.9,430.85,425.2,427.85
2021-06-29,427.8,428.1,420.3,426.45
2021-06-30,425.75,433.5,425.15,428.9
2021-07-01,428.9,431.45,422.65,423.6
2021-07-02,424.25,429.45,422.75,427.6
2021-07-06,428.1,440.25,423.4,425.1
2021-07-07,425.05,436.2,424.75,432.25
2021-07-08,430.8,432.4,423.25,426.45
2021-07-09,427,436.9,425.35,434.55
2021-07-12,434.65,436.4,428.05,431.6
2021-07-13,432.9,434.25,425.5,430.7
2021-07-14,429.25,430.7,425.75,426.75
2021-07-15,426.6,434.65,425.15,432.3
2021-07-16,431.15,434.45,430.15,432.3
2021-07-19,431,431,416.65,420.15
2021-07-20,420.1,427,419.45,426.3
2021-07-21,425.95,429,422.6,427.2
2021-07-22,428,434.45,427.3,433.75
2021-07-23,433.75,446.05,433.35,440
2021-07-26,444.9,460.85,441.9,458.5
2021-07-27,459.3,462.75,450.5,454.45
2021-07-28,455.8,458.75,442.95,448.2
2021-07-29,447.95,454.9,445.95,452.35
2021-07-30,452.4,455.6,444.5,448.25
2021-08-02,449.35,453.15,440.95,443.3
2021-08-03,443.3,444.25,433.85,438.6
2021-08-04,438.1,439.8,431.6,433.25
2021-08-05,433.25,435.9,430.55,434.8
2021-08-06,434.85,442.15,433.15,434.8
2021-08-09,433.65,434.35,424.35,428.95
2021-08-10,429.2,437.25,428.4,435.4
2021-08-11,434.65,437.85,431.8,436.75
2021-08-12,436.75,441.6,433.65,436
2021-08-13,436.2,443.1,435.15,439.15
2021-08-16,436.3,438.15,430.35,432.7
2021-08-17,432.7,434.25,420.15,420.6
2021-08-18,422.5,424.95,409.85,412
2021-08-19,411.55,413.35,396.15,404.1
2021-08-20,404.4,414.7,404.1,413.7
2021-08-23,413.25,425.65,412.9,423.7
2021-08-24,422.1,429.7,419.05,425.8
2021-08-25,425.6,430.25,423.85,426.75
2021-08-26,426.65,427.4,421.8,424.75
2021-08-27,423.55,432.85,422.2,431.85
2021-08-30,433.8,441.8,433.05,437.55
2021-08-31,437.85,439.35,433.6,437.5
2021-09-01,436.55,437.3,425.6,427.8
2021-09-02,428.3,431.1,425.2,430.4
2021-09-03,429.75,435.1,428,433.4
2021-09-07,433.4,434.65,425.5,428.15
2021-09-08,427.5,429.95,420.6,423.3
2021-09-09,423.75,431.4,421.55,428.55
2021-09-10,428,446.9,427.3,445.2
2021-09-13,442.6,447.15,433.15,436.7
2021-09-14,436.75,437.75,428.7,432.1
2021-09-15,431.55,442.25,429.15,440.65
2021-09-16,440.2,441.2,425.6,428.15
2021-09-17,428.15,435.9,423.1,424.6
2021-09-20,423.95,424.6,409.4,411.45
2021-09-21,412.45,417.9,401.6,412.6
2021-09-22,411.25,427.75,410.7,425.2
2021-09-23,422.5,428.8,419.45,423.1
2021-09-24,423,430.2,420.3,428.55
2021-09-27,429.25,431.75,425.5,428.95
2021-09-28,427.85,430.15,423.1,424.65
2021-09-29,424.85,425.75,416.65,419.9
2021-09-30,417.75,420.8,405.45,408.9
2021-10-01,410.65,421,405.85,418.85
2021-10-04,421.45,430.3,417.75,423.85
2021-10-05,423.9,424.2,415.1,419.25
2021-10-06,418.2,421.85,411.4,414.75
2021-10-07,417.55,426,416.25,424.35
2021-10-08,424.95,430.1,422.25,427.55
2021-10-11,427.95,438.5,425.55,436.65
2021-10-12,433.9,439.55,428.65,432.55
2021-10-13,432.25,452.8,430.5,451.6
2021-10-14,449.05,463.65,448.3,463.15
2021-10-15,461.85,478.1,460.35,472.95
2021-10-18,473.05,482.3,468.55,472.55
2021-10-19,471.6,481.5,466.85,470.3
2021-10-20,468.75,474.9,459.35,473.45
2021-10-21,473.35,475.75,453.7,455.85
2021-10-22,456.25,461.9,446.1,449.8
2021-10-25,451.4,456.85,450.15,452.8
2021-10-26,453,455.45,447.2,448.6
2021-10-27,449.55,451,436.3,438.95
2021-10-28,438.85,446.35,435.25,443.85
2021-10-29,443.45,445.3,433.4,436.8
2021-11-01,437.75,440.3,432.85,439.35
2021-11-02,439,443.3,433.3,436.6
2021-11-03,437,445.05,428,432.1
2021-11-04,435.2,440.4,427.8,432.05
2021-11-05,432.6,437.35,428.2,434.3
2021-11-08,436,441.45,433,439.9
2021-11-09,439.9,444.75,433.75,437.3
2021-11-10,437.4,441.4,428.5,432.3
2021-11-11,430.45,443.2,430.05,439.95
2021-11-12,440.3,445.9,437.4,444.95
2021-11-15,445.5,448.9,439.1,440
2021-11-16,441.15,444.25,432.3,435.15
2021-11-17,434.4,436.05,419.15,426.6
2021-11-18,420.7,432.35,420.65,430.45
2021-11-19,430.35,441.9,429.15,440.75
2021-11-22,440.35,442.3,435.2,439.65
2021-11-23,439.2,445.2,437.05,442.35
2021-11-24,441.7,449.1,439.15,445.9
2021-11-26,447,450.05,427.5,428.35
2021-11-29,430.3,438.15,428.75,434.1
2021-11-30,435.55,436.75,425.05,428
2021-12-01,430.55,435.15,420.65,424.75
2021-12-02,423.3,431.45,423.05,429.9
2021-12-03,429.1,433.8,424.55,426.7
2021-12-06,427.7,434.85,425.35,433.75
2021-12-07,433.75,439.25,430.25,433.95
2021-12-08,433.95,439.75,432.05,439.35
2021-12-09,437.75,439.8,429.75,433.3
2021-12-10,431.55,435.95,427.35,428.65
2021-12-13,429.55,433.3,427.7,428.4
2021-12-14,429.25,430.6,425.05,425.75
2021-12-15,426.6,427.75,411.95,418.25
2021-12-16,424.35,432.15,422.1,430.45
2021-12-17,430.15,433.1,427.3,429.5
2021-12-20,428.8,431,423.2,429.35
2021-12-21,430.15,435.85,429.45,434.6
2021-12-22,434.9,439.45,432.7,439.15
2021-12-23,438.95,441.2,434.3,439.25
2021-12-27,438.85,449.15,434.5,447.2
2021-12-28,446.65,449.85,442.35,443.3
2021-12-29,443.4,444.8,438.2,441.3
2021-12-30,441.7,443.55,437.95,439.25
2021-12-31,438.95,447.4,438.2,446.35
2022-01-03,445.85,448.05,433.5,442.15
2022-01-04,442.45,447.85,437.8,447.5
2022-01-05,447.25,447.3,437.2,441.35
2022-01-06,439.2,440.8,431.35,435.45
2022-01-07,435.4,441.75,434.35,441
2022-01-10,440.15,443.1,433.05,435.2
2022-01-11,437.2,443.85,436.6,442.9
2022-01-12,443.15,460.1,442,457.65
2022-01-13,455.7,457.7,450.45,454.6
2022-01-14,451.15,454.75,441.25,442.05
2022-01-18,443.1,444.9,437.6,438.25
2022-01-19,440.35,448.85,439.2,447
2022-01-20,444.9,458.6,444.4,458.25
2022-01-21,452.95,458.05,448.4,452.4
2022-01-24,452.2,453.8,438.65,441.25
2022-01-25,445.6,447.8,438.55,445
2022-01-26,445.65,453.45,441.9,451.5
2022-01-27,445.7,449.1,439.9,442.35
2022-01-28,441.85,445,429.85,431
2022-01-31,432.75,435.5,428.2,432.45
2022-02-01,433,444.55,431.1,443.4
2022-02-02,443.35,450.9,443,449.6
2022-02-03,447.85,450.2,442.3,447.1
2022-02-04,448.1,451.45,441.25,448.75
2022-02-07,449.95,451.95,442.9,446.25
2022-02-08,448.2,448.4,439.5,446.1
2022-02-09,447.4,464.3,441.85,460.25
2022-02-10,463.35,470.85,458.55,465.95
2022-02-11,461.5,462.9,443.15,450.6
2022-02-14,445.3,451.95,444.4,450.75
2022-02-15,449.35,455.2,447.25,453.15
2022-02-16,453,458.95,451.8,453.65
2022-02-17,453.65,455.05,446.55,452.3
2022-02-18,450,457.2,449.6,451.95
2022-02-22,451,454.45,446.75,451.05
2022-02-23,451,454.55,444.95,448.4
2022-02-24,446.25,458.5,444.2,445.6
2022-02-25,450,452.05,444.85,447.2
2022-02-28,449.25,453.2,445,445.45
2022-03-01,450.6,460.2,449.2,459.65
2022-03-02,457.1,470.5,455.25,466.55
2022-03-03,467.1,479.85,466.15,478.15
2022-03-04,478.25,494.9,475.1,493.75
2022-03-07,492,503.95,466.8,473.1
2022-03-08,474.5,496.7,460.3,471
2022-03-09,471.05,478.85,455.3,457.25
2022-03-10,459.65,467.85,457.4,465.25
2022-03-11,463.35,472.4,459.45,462.55
2022-03-14,459.8,461.55,449.6,452.3
2022-03-15,451.55,454.3,446.85,451.3
2022-03-16,450.1,464.05,449.85,460.05
2022-03-17,462.1,471.7,461.05,470.2
2022-03-18,470.2,476,467.3,473.95
2022-03-21,472.7,473.2,465.6,471.05
2022-03-22,470.4,476.9,468,470
2022-03-23,471,478.55,468.9,477.65
2022-03-24,477.6,481.75,470.85,474.25
2022-03-25,472.75,477.3,468.6,469.85
2022-03-28,469.6,473.9,464.2,472.55
2022-03-29,472.45,475.75,469.9,473.1
2022-03-30,474.9,482.8,472.6,475.05
2022-03-31,474.8,476.9,470.5,475.1
2022-04-01,472.55,475.15,466.9,468.85
2022-04-04,470.55,480.9,468.8,478.15
2022-04-05,478.25,486,476,479.5
2022-04-06,476.6,478.85,469.7,473.8
2022-04-07,470.5,472.95,467.25,469.95
2022-04-08,471.85,476.55,470.2,472.5
2022-04-11,472.7,473.95,462.4,463.4
2022-04-12,462.95,472.6,462.5,470.95
2022-04-13,469.35,475.6,467.45,471.2
2022-04-14,470,474.1,466.6,472.35
2022-04-18,474.5,484.25,468.8,480.2
2022-04-19,480,480.95,468.05,471.8
2022-04-20,469.8,470.9,461.95,465.2
2022-04-21,466.4,471.8,462.75,470.4
2022-04-22,467.9,470.65,457,458.15
2022-04-25,460.2,462.2,443,447.2
2022-04-26,449.95,454.45,440.8,446.4
2022-04-27,441.55,451.45,441.55,447.5
2022-04-28,446.45,449.35,438.65,443.35
2022-04-29,444.4,451.2,437.15,440.85
2022-05-02,439.3,440.4,420.4,426.8
2022-05-03,428.55,436,426.35,428.3
2022-05-04,429.9,438.35,425.1,433.8
2022-05-05,436.7,444,427.65,429.15
2022-05-06,429.05,431.9,423.1,426.7
2022-05-09,423.8,424.5,412.4,419.35
2022-05-10,419.6,425.8,412.85,415.45
2022-05-11,415.5,425,414.85,420.9
2022-05-12,421.15,422.3,403.7,410.05
2022-05-13,408.6,418.5,405.5,417.5
2022-05-16,417.95,422,413.35,419.15
2022-05-17,420.3,428.35,420.3,423.9
2022-05-18,422.95,424.8,413.15,417.85
2022-05-19,415.5,429.8,414.45,428.3
2022-05-20,427.75,432.75,425.05,427.5
2022-05-23,429.45,435.5,427.2,434.55
2022-05-24,434.1,434.15,425.65,430.5
2022-05-25,431.4,432.25,422.3,425.45
2022-05-26,426.85,428,420.35,425.9
2022-05-27,427.3,432.7,425.5,430.65
2022-05-31,432,436.65,427.4,429.6
2022-06-01,428.55,435,425.9,432.85
2022-06-02,432.8,456.9,430.75,455.25
2022-06-03,455.5,457.7,445.8,447.2
2022-06-06,446.7,447.2,440.6,443.5
2022-06-07,443.25,446.15,437.05,443.55
2022-06-08,444.35,445.75,439.65,445.45
2022-06-09,444.5,445.15,435.55,438.1
2022-06-10,436.8,438.3,427.45,429.45
2022-06-13,427.75,427.8,417,421.15
2022-06-14,420.05,425.1,411.6,415.65
2022-06-15,414.4,420.4,411.7,416.35
2022-06-16,417.3,421.9,404.1,410.8
2022-06-17,410.25,411.6,399,401.35
2022-06-21,399.75,408.3,394.55,403.9
2022-06-22,402.4,402.8,388.05,394.4
2022-06-23,393.25,394.65,372.3,373.9
2022-06-24,374.1,379.8,364,374.05
2022-06-27,374.75,381.85,374.1,376.6
2022-06-28,376.05,385,374.1,378
2022-06-29,375.8,381.9,370.8,378.05
2022-06-30,377.2,379.5,367.25,371
2022-07-01,367.8,370.25,355.35,360.4
2022-07-05,361.5,362.35,340,341.5
2022-07-06,342.65,345.95,327.3,340.8
2022-07-07,344.1,358,339.65,357.2
2022-07-08,354.3,357.15,344.4,352.2
2022-07-11,350.5,352.05,338.65,343.05
2022-07-12,342.55,345.7,324.65,328.8
2022-07-13,326.1,334.3,321.65,332.25
2022-07-14,331.05,333,317.45,321.15
2022-07-15,322.85,327.75,313.15,323.4
2022-07-18,324.65,337.1,321.7,334.6
2022-07-19,331.55,332.8,325.3,329.1
2022-07-20,329.45,337.55,329.15,332.5
2022-07-21,331.35,332.4,325.05,329.85
2022-07-22,330.5,339.9,329.55,334.95
2022-07-25,332.3,340.5,331.35,335.45
2022-07-26,336.75,346.55,334.9,338.45
2022-07-27,339.25,347.8,336.8,343
2022-07-28,347.05,352.65,345.15,347.45
2022-07-29,349.35,359.45,346.05,357.35
2022-08-01,357.5,359.7,351.2,354.25
2022-08-02,353.5,355.95,344.85,351.85
2022-08-03,347.2,353.05,344.65,346.7
2022-08-04,347.7,352.05,341.6,348.15
2022-08-05,347.35,358.5,347.35,355.2
2022-08-08,354.8,362.25,353.15,358.65
2022-08-09,358.7,363.05,356.1,358.55
2022-08-10,358.55,365.75,354.95,364.95
2022-08-11,363.55,370.85,363.4,370.65
2022-08-12,369.15,371.3,364.25,366.85
2022-08-15,367.6,367.85,354.6,361.75
2022-08-16,360.5,364.35,358.25,362.45
2022-08-17,362.45,365.15,356.6,358.35
2022-08-18,358.95,366.65,354.2,363.15
2022-08-19,364.8,367.95,360.8,366.45
2022-08-22,366.8,368.8,360.4,365.15
2022-08-23,365.2,373.15,362.55,369.55
2022-08-24,368.5,369.8,362.3,364.4
2022-08-25,364.25,370.9,363.2,369.9
2022-08-26,369.65,378.3,368.1,369.7
2022-08-29,370,370.1,356.3,361.05
2022-08-30,360,363.55,353.5,355.1
2022-08-31,355.7,359.9,344.45,351.85
2022-09-01,351.55,351.65,340.35,340.65
2022-09-02,341.1,345.5,338.15,341.35
2022-09-06,339.95,350,336.1,346.2
2022-09-07,346,346.7,340.3,343.05
2022-09-08,344.6,355.7,344.2,352.7
2022-09-09,355.2,362.85,353.65,356.8
2022-09-12,355.6,362.25,353.2,361.05
2022-09-13,361.9,369.25,352.2,355.55
2022-09-14,353.15,355.75,350.15,351.95
2022-09-15,351.75,355.25,346.65,349
2022-09-16,347.8,354.4,342.85,351.65
2022-09-19,355.25,355.8,347.45,351.25
2022-09-20,352.7,354.75,348.3,350.3
2022-09-21,349.95,351.6,340.25,346.7
2022-09-22,344,352.2,342.05,347.1
2022-09-23,346.4,347.25,332.7,334.3
2022-09-26,335.05,336.45,327.4,329.45
2022-09-27,329.55,335.3,326.8,328.35
2022-09-28,329.4,339.2,324.3,335.85
2022-09-29,338.1,343.35,330.55,341.8
2022-09-30,342.7,347.45,338.85,341.25
2022-10-03,339.65,342.4,335.2,341
2022-10-04,341.65,353.15,340.2,349
2022-10-05,349.4,355.55,344.65,350.05
2022-10-06,354.15,359.3,343.1,344.6
2022-10-07,343.95,344.8,337.3,338.65
2022-10-10,338.4,347.7,337.1,343.05
2022-10-11,343.65,347.45,338.35,346.2
2022-10-12,342.45,346.5,339.8,342.5
2022-10-13,342.85,347.7,335.4,344.05
2022-10-14,346.35,350.1,340.05,342.35
2022-10-17,341.25,346.75,339.05,341.55
2022-10-18,341.3,343.55,333.9,336.2
2022-10-19,336.6,337.55,330.7,331.8
2022-10-20,332.55,343.7,330.3,341.05
2022-10-21,339.8,348.25,334.55,347.45
2022-10-24,348.5,350.45,342.25,343.05
2022-10-25,343.15,344.1,336.25,339.7
2022-10-26,340.55,355.45,338.25,354.5
2022-10-27,353.9,355.65,349.1,351.95
2022-10-28,352.65,353,341.6,342.9
2022-10-31,343,344.35,336.15,337.5
2022-11-01,338,350.15,337.8,347.25
2022-11-02,347.15,351.6,343.3,346.85
2022-11-03,343.95,346.45,337.95,342.7
2022-11-04,342.55,370.85,341.8,368.65
2022-11-07,364.5,366.05,357.8,360.35
2022-11-08,360.05,369.95,356.25,368.25
2022-11-09,366.15,374.8,362.7,370
2022-11-10,367.8,379.25,362.85,375.8
2022-11-11,377.8,394.45,376.15,391.35
2022-11-14,393.25,396,381.65,383.35
2022-11-15,383.8,388.9,379.15,382
2022-11-16,381.9,382.35,374.9,377.35
2022-11-17,376.1,377.25,366.5,368.8
2022-11-18,368.95,370.75,362.75,363.2
2022-11-21,364.35,364.8,354.75,357.15
2022-11-22,358.15,366.9,357.4,361.45
2022-11-23,361.95,365.65,359.1,361.8
2022-11-25,364.3,368.85,361.1,362.75
2022-11-28,360,362.6,354.7,361.55
2022-11-29,360.15,368.45,359.55,363.95
2022-11-30,364.4,379.25,363.4,373.8
2022-12-01,378.2,382.25,373.5,381.75
2022-12-02,379.75,386.5,374.45,385.05
2022-12-05,385.3,389.45,377.3,379.5
2022-12-06,379.15,386.35,378.45,381.8
2022-12-07,382.1,387.4,377.5,386.05
2022-12-08,384.35,391.25,383.3,388.35
2022-12-09,388.15,392.45,384.6,387.85
2022-12-12,385.95,385.95,378.6,380.05
2022-12-13,380.8,392.9,380.35,384.2
2022-12-14,384.55,389.2,382.3,387.8
2022-12-15,386.35,386.75,375.7,376.3
2022-12-16,377.6,380.5,373.3,376.15
2022-12-19,376.95,382.45,374.95,378.3
2022-12-20,376.1,383.05,372.3,379.9
2022-12-21,380.7,382.85,378.9,381
2022-12-22,381.8,384.9,374.95,375.7
2022-12-23,376.45,381.7,376.1,380.9
2022-12-27,384,394.15,383.2,384.05
2022-12-28,384.9,387.3,382.1,384.25
2022-12-29,383.5,385.2,380.75,382.4
2022-12-30,382.85,385.15,379.55,381.05
2023-01-03,383.55,387.15,375.85,376.65
2023-01-04,377.1,380.7,370.85,374.05
2023-01-05,374.05,384.2,372.15,382.1
2023-01-06,382.55,393,379.85,391.1
2023-01-09,392.35,404.45,392.35,402.65
2023-01-10,401.2,408.35,398.75,407.75
2023-01-11,408,418.5,406.55,416.6
2023-01-12,417.55,421.15,412.95,419.65
2023-01-13,417.3,422.25,412.85,421.6
2023-01-17,421.05,424.45,411.05,422.3
2023-01-18,423.35,435.5,420.5,423.45
2023-01-19,422.65,426.85,416.8,423.15
2023-01-20,424.5,427.95,420.65,425.15
2023-01-23,427.95,430.25,422.6,425.65
2023-01-24,425.9,428.25,421.55,424.85
2023-01-25,426.45,427.35,421.1,424.45
2023-01-26,426.45,429,423.25,426.75
2023-01-27,428.2,428.7,417.2,422.25
2023-01-30,423,424.9,416.8,420.2
2023-01-31,418.45,423.15,411.85,422.6
2023-02-01,422.35,422.5,410.25,411.1
2023-02-02,418.15,419.95,407.8,409.1
2023-02-03,409.1,413.6,403.05,405.65
2023-02-06,404.15,407.4,399.3,403.5
2023-02-07,403.8,408.65,400.25,408.05
2023-02-08,407,411.65,401.6,403.55
2023-02-09,404.75,412.05,403.95,409.7
2023-02-10,407.45,408.25,400.5,401.65
2023-02-13,401.85,406.85,399.35,405.75
2023-02-14,405.9,411.1,402.55,407.5
2023-02-15,408.75,409.1,397.85,401.05
2023-02-16,402.45,414.65,401.85,413.55
2023-02-17,411.95,413.35,405.9,410.85
2023-02-21,412.6,423.7,410.15,422.55
2023-02-22,421.4,422.4,414.85,419.05
2023-02-23,417.9,418.85,403.9,405.9
2023-02-24,405.55,407.65,394.65,395.2
2023-02-27,396,402.4,393.7,401.1
2023-02-28,401,409.45,399.15,408.95
2023-03-01,407.45,417.45,406.5,416
2023-03-02,416.85,417.4,404.7,407.6
2023-03-03,407.45,411.75,406.05,406.7
2023-03-06,406.5,409.3,400.85,408.85
2023-03-07,407.5,409.5,396.3,397.5
2023-03-08,396.75,407.25,396.1,402.7
2023-03-09,402.7,405.5,399.55,403.9
2023-03-10,400.7,406.35,396.7,403.05
2023-03-13,400.75,407.75,392.15,405.35
2023-03-14,404.2,405.25,398.2,400.3
2023-03-15,400.5,402.75,384,384.3
2023-03-16,388.35,390.3,382.2,386.45
2023-03-17,387.65,395.25,387,389.25
2023-03-20,390.85,397,385.5,395.15
2023-03-21,395.55,403.45,392.85,399.4
2023-03-22,400.15,410.75,397.15,404.45
2023-03-23,404.3,412.65,402.25,412.35
2023-03-24,410.15,414.85,405.05,407.5
2023-03-27,407.5,410.2,402.35,407.85
2023-03-28,409.7,411.3,405.9,408.55
2023-03-29,407.65,413.35,404.95,408.65
2023-03-30,408.15,413.45,405.85,409.15
2023-03-31,411.2,411.75,402.15,409.45
2023-04-03,409.1,409.75,403.45,404.55
2023-04-04,405.3,407.15,394.45,397.1
2023-04-05,397.4,399.6,392.6,398.65
2023-04-06,398.25,403.15,397.1,401.55
2023-04-10,401.8,403.95,396.3,397.65
2023-04-11,398.7,405.4,397.8,401.95
2023-04-12,402.95,408.8,398.4,408.1
2023-04-13,407,414.3,405.35,412.4
2023-04-14,412.85,419.55,409.5,410.65
2023-04-17,411.2,413.3,405.8,406.6
2023-04-18,407.5,410.5,405.85,409.15
2023-04-19,409,409.35,402.55,407.7
2023-04-20,407.25,407.8,400.85,402.55
2023-04-21,402,403.2,397.35,398
2023-04-24,399,400.55,396,396.45
2023-04-25,397.35,398.5,385.15,386.5
2023-04-26,386.6,390.95,385,386.15
2023-04-27,385.7,390,381.65,388.4
2023-04-28,389.1,391.85,385.7,389.05
2023-05-01,389.5,400.5,387.05,393.4
2023-05-02,393.55,395.3,385.7,386.25
2023-05-03,386.85,387.2,383,384.5
2023-05-04,385.5,390.75,382.6,386.3
2023-05-05,386.1,390.6,382.5,388.3
2023-05-08,389.25,395.95,387.65,392.95
2023-05-09,392.4,392.4,388.1,390.15
2023-05-10,390.35,391.85,382.85,384.1
2023-05-11,385.2,385.55,368.4,371
2023-05-12,370.1,375.15,367.7,372.85
2023-05-15,372.35,377.9,370.05,375.1
2023-05-16,374.3,375.45,365.7,366.7
2023-05-17,366.2,377.4,365.25,375.45
2023-05-18,374.6,376.45,368.05,368.95
2023-05-19,369.75,376.75,367.65,373.2
2023-05-22,372.75,373.75,366.75,368.5
2023-05-23,368.05,370.5,362.2,365.45
2023-05-24,364.05,364.75,354.5,356.15
2023-05-25,356.55,361.8,354.6,358.8
2023-05-26,359.25,368.45,358.3,368.2
2023-05-30,368.2,371.1,362.7,366.3
2023-05-31,366.2,367.15,362.2,363.7
2023-06-01,366.7,373.15,364.5,371.1
2023-06-02,371.25,378.9,369.25,372.75
2023-06-05,372.8,378.45,368.6,376.8
2023-06-06,376.25,378,371.8,376.85
2023-06-07,376.65,381.15,374.1,375.6
2023-06-08,375.35,379.7,373.45,379.5
2023-06-09,378.75,383.35,376.95,378.9
2023-06-12,377.15,377.8,373.5,375.2
2023-06-13,375.3,386.4,374.5,383.1
2023-06-14,382.85,387.4,379.8,387
2023-06-15,385.9,390.4,381.15,390.1
2023-06-16,389.05,392.7,387.8,388.9
2023-06-20,388.5,389.9,383.7,388.35
2023-06-21,388.25,392.6,384.45,391.35
2023-06-22,390.65,396.7,387.65,389
2023-06-23,389.05,389.1,378.6,380.35
2023-06-26,382.05,384.95,378.5,380.45
2023-06-27,380.05,384.65,377.75,378.85
2023-06-28,379,380,371.8,374.25
2023-06-29,372.9,375.2,368.3,369.9
2023-06-30,369.95,377.05,369.45,375.95
2023-07-03,376.55,380.75,375.95,379.4
2023-07-05,379.35,380.95,373.25,376.85
2023-07-06,376.15,377.6,372.25,373.45
2023-07-07,374.25,378.75,372.55,378.2
2023-07-10,378.2,379.9,374.25,378.45
2023-07-11,378.9,382.25,375.2,376.6
2023-07-12,377.25,386.05,376.65,385.3
2023-07-13,385.4,395.3,384.2,394
2023-07-14,395.3,395.4,390.35,393.3
2023-07-17,392.7,392.7,381.15,384.4
2023-07-18,384.3,385.45,380.3,382.95
2023-07-19,383.3,383.85,378.1,381.4
2023-07-20,381.55,388.85,381.1,383.45
2023-07-21,382.8,387.4,380.9,381.8
2023-07-24,381.85,386.05,378.2,385.55
2023-07-25,384.85,394.15,384.45,391.55
2023-07-26,392.65,392.65,387.65,390.2
2023-07-27,390.5,394.35,383.8,387.55
2023-07-28,384.8,393.4,384.4,392.65
2023-07-31,393,401.7,390.8,400.8
2023-08-01,401.55,402.4,390.4,390.85
2023-08-02,391,392.1,383.4,384.35
2023-08-03,384.45,390.4,382.05,389.95
2023-08-04,389.95,392.8,382.55,386.75
2023-08-07,385.2,387.7,382.5,383.5
2023-08-08,384.2,384.2,372.65,376.65
2023-08-09,377.95,382.7,376.35,378.35
2023-08-10,378.75,383.15,374.65,376.5
2023-08-11,375.5,376.75,369.5,371.9
2023-08-14,371.85,374.2,368.7,372.55
2023-08-15,372.7,374.9,365.6,366.75
2023-08-16,366,369.4,364.2,365.75
2023-08-17,364.75,371.95,362.7,369.15
2023-08-18,368.8,372.15,366.45,370.6
2023-08-21,371.6,373.05,368.45,371.85
2023-08-22,372.1,377.75,371.6,375.7
2023-08-23,375.8,381.55,375.7,380.85
2023-08-24,381.05,381.25,376.45,377.1
2023-08-25,376.95,380.3,373.8,376.2
2023-08-28,379.5,382.9,378,379.2
2023-08-29,380.25,384.45,378.7,383.9
2023-08-30,383.95,385.05,381.2,384.4
2023-08-31,383.85,384.65,379.85,382.2
2023-09-01,383.3,390.85,382.9,385.2
2023-09-05,385.5,387.25,379.4,384.85
2023-09-06,383.75,384.75,378.1,378.60
2023-09-07,379.05,379.3,373.9,376.2
2023-09-08,376.05,376.55,371.15,371.65
2023-09-11,371.7,381.2,371.25,380.7
2023-09-12,380.3,381.35,377.45,379.2
2023-09-13,379.1,381.95,377.05,379.3
2023-09-14,378.5,384.25,377.8,382.15
2023-09-15,381.55,385.15,378.75,380.1
2023-09-18,379.75,382.3,376.55,377.9
2023-09-19,378,378.1,372.8,374.7
2023-09-20,375.2,378.95,373.85,377.6
2023-09-21,374.1,374.7,363.4,369.6
2023-09-22,369.1,374.1,368.55,369.6
2023-09-25,369.55,370.55,364.9,367
2023-09-26,367.3,368.35,362.75,364.9
2023-09-27,364.65,365.35,362.4,363.65
2023-09-28,364.65,371.5,362.55,370.8
2023-09-29,371.25,378.6,371.15,373.75
2023-10-02,375.4,376.15,362.75,364.15
2023-10-03,364.8,364.8,358.15,362.1
2023-10-04,361.85,362.2,354.9,358.9
2023-10-05,358.3,360.3,354.9,355.2
2023-10-06,356.6,364.5,355.15,362.75
2023-10-09,362.75,367.3,361.35,364.6
2023-10-10,365.6,367.45,359.1,363.4
2023-10-11,363.1,366.4,359.85,361.2
2023-10-12,361.15,364.85,356.95,359.1
2023-10-13,358.7,361.65,355.7,357.1
2023-10-16,357.05,360.55,356.35,358.2
2023-10-17,358.15,359.3,353.15,357.85
2023-10-18,359,363.05,357.5,358.7
2023-10-19,358.4,361.2,356.65,360.1
2023-10-20,358.5,359,354.65,356.3
2023-10-23,355.9,359.45,351.95,358.65
2023-10-24,358.15,363.95,356.25,362.4
2023-10-25,363.15,364.9,358.2,359.1
2023-10-26,358.9,361.95,357.2,358.45
2023-10-27,359.35,365.95,358.1,364.6
2023-10-30,364.25,371,364,365.85
2023-10-31,365.5,367.45,363.15,364.9
2023-11-01,365.3,368.9,363.35,364.9
2023-11-02,366.05,369.25,365.65,367.25
2023-11-03,368.8,370.5,365.3,368.15
2023-11-06,367.5,372.55,366.65,371.9
2023-11-07,371.2,371.35,364.6,367.9
2023-11-08,368.7,370.35,363.25,363.8
2023-11-09,363.85,366.2,361.35,364.05
2023-11-10,363.25,364.45,358.2,358.7
2023-11-13,359.6,367.2,358,366.6
2023-11-14,367.2,371.9,364.9,368.35
2023-11-15,367.7,372.5,366.8,371.85
2023-11-16,371.4,374.25,368.35,370.25
2023-11-17,369.55,374.4,367.9,373.85
2023-11-20,373.2,381.65,372.55,381.4
2023-11-21,380.8,383.25,379.25,381.25
2023-11-22,380.55,380.8,373.55,376.3
2023-11-24,376.85,379.8,375.2,378.9
2023-11-27,382.95,384.15,379.45,380
2023-11-28,380.2,385.55,378.6,383.95
2023-11-29,385,386.45,381.35,382.55
2023-11-30,383.5,385.65,381.25,385.05
2023-12-01,385.5,393.3,384.25,393.15
2023-12-04,392.15,392.65,382.45,383.55
2023-12-05,382.7,384.1,377,378.4
2023-12-06,378.6,382.65,372.9,373.45
2023-12-07,373.15,380.05,373.05,379.75
2023-12-08,379.8,386.4,378.8,383.05
2023-12-11,383.05,383.6,377.55,378.05
2023-12-12,378.5,381.25,376.65,378.75
2023-12-13,379.25,383.95,375.3,378.75
2023-12-14,383.5,390.95,382.7,389.25
2023-12-15,387.4,391.65,384.85,389.05
2023-12-18,388.3,389.15,384.5,385.2
2023-12-19,384.8,393.05,384.1,389.8
2023-12-20,390.75,394.5,387.9,390.6
2023-12-21,388.45,393.15,387.95,391.75
2023-12-22,392.5,393.95,389.2,390.5
2023-12-26,390.5,394.35,389.7,390.2
2023-12-27,390.4,397.4,389.95,395.95
2023-12-28,395.6,396.7,391.3,392.45
2023-12-29,391.65,393.55,387.8,389.05
2024-01-02,389.55,391.2,386.1,388.05
2024-01-03,387.15,387.9,383.1,386.15
2024-01-04,387.45,388.45,381.75,384.4
2024-01-05,384.95,386.6,380.1,380.6
2024-01-08,380.75,383.3,378.95,381
2024-01-09,382.35,384.05,375.7,375.85
2024-01-10,376.3,379.3,375.4,378.1
2024-01-11,378.7,382.4,376.85,377.65
2024-01-12,379.1,381.9,373.5,374.05
2024-01-16,374.5,379,374.4,376.65
2024-01-17,377,377.05,372.25,373.3
2024-01-18,374.4,375.9,371.45,374.5
2024-01-19,375.65,379.2,374.3,378.65
2024-01-22,378.95,379.15,374.4,376.35
2024-01-23,374.85,380.85,374.75,379.35
2024-01-24,380.6,388.8,379.5,388.6
2024-01-25,387.35,389.35,385.85,386.9
2024-01-26,386.8,388.65,384.5,385.2
2024-01-29,385.3,389,382.75,387.9
2024-01-30,388.5,391.7,386.05,391.1
2024-01-31,391.35,394.7,388.35,390.6
2024-02-01,389.65,389.75,384.5,385.35
2024-02-02,385.45,386.25,381.65,382.15
2024-02-05,381.9,383.3,376.35,377.15
2024-02-06,377.45,379.75,376.6,378.1
2024-02-07,378.4,379.5,373.15,373.55
2024-02-08,373.55,376.3,367.9,370.2
2024-02-09,370.8,371.3,365.5,368.15
2024-02-12,368.95,372.6,366.7,372.4
2024-02-13,372.15,375.45,370.3,371.1
2024-02-14,370.9,372.55,368.95,370
2024-02-15,370.45,376.15,370,375.8
2024-02-16,375.95,384.4,375.5,383.85
2024-02-20,381.95,387.25,380,386.75
2024-02-21,385.75,390.85,385.15,387.5
2024-02-22,388.05,390.25,386.6,389.7
2024-02-23,389.55,390.15,384.3,388
2024-02-26,388.8,388.8,383.4,383.45
2024-02-27,383.6,386.55,383.4,385.05
2024-02-28,385.4,385.45,382.15,384.05
2024-02-29,383.9,386.85,383.4,384.7
2024-03-01,384.7,387.3,381.8,386.15
2024-03-04,385.75,388.8,384.35,385.7
2024-03-05,385.75,387.35,383.8,384.7
2024-03-06,384.35,389.7,383.7,387.5
2024-03-07,387.25,394.2,386.95,392.6
2024-03-08,392.55,394.65,388.15,389.15
2024-03-11,389.35,393.2,387.85,392.85
2024-03-12,393.15,395.2,390.2,393.2
2024-03-13,393.75,406.9,391.9,406
2024-03-14,406,408.1,401.75,404.55
2024-03-15,405.15,413.7,404.5,412.45
2024-03-18,412.1,416.4,410.2,413
2024-03-19,413.55,413.65,405.75,407.45
2024-03-20,406.8,409.55,402.7,405.15
2024-03-21,409,412.8,404.1,405.85
2024-03-22,406.55,406.65,399.65,400.75
2024-03-25,399.9,404.7,399.05,401.6
2024-03-26,401.15,402.8,398.1,400.85
2024-03-27,400.5,401.65,396.75,400
2024-03-28,401.2,403.95,398.4,400.7
2024-04-01,403.1,407.8,402.5,404.85
2024-04-02,405.65,409.65,404.2,407.05
2024-04-03,408.2,421.7,406.9,419.4
2024-04-04,421.25,425.65,420.1,424.9
2024-04-05,422,424.4,416.65,423.6
2024-04-08,423.6,430.45,417.25,427.6
2024-04-09,429.4,433.35,425.25,428.55
2024-04-10,430,433.5,424.1,428.2
2024-04-11,427.75,429.95,422.85,425.3
2024-04-12,426.05,436.2,424.95,425.85
2024-04-15,435.25,439.65,427.05,437.9
2024-04-16,437.85,437.9,427.7,430.35
2024-04-17,429.55,438,428.4,433.95
2024-04-18,434.25,444.85,432.15,443.65
2024-04-19,443,451.35,439.65,449.75
2024-04-22,448.8,455.05,445.85,447.6
2024-04-23,448.3,449.1,438.6,443.45
2024-04-24,442.6,449.1,441.55,445.75
2024-04-25,445.7,455.6,443.6,451.75
2024-04-26,454.3,459.85,453.15,456.4
2024-04-29,458.15,468.1,456.6,467.65
2024-04-30,467.9,469.45,454,456.45
2024-05-01,454.1,459.75,451.25,454.6
2024-05-02,456.9,458.2,446.6,448.45
2024-05-03,450.2,456.9,448.3,455.7
2024-05-06,457.55,463.85,453.55,461.5
2024-05-07,460.95,464.5,456.7,460.55
2024-05-08,459.15,459.8,450.5,454.25
2024-05-09,454.15,460.35,451.85,458.5
2024-05-10,460.15,474.55,459.7,466.25
2024-05-13,465.3,477.6,461.6,476.6
2024-05-14,477,502.6,476.65,489.5
2024-05-15,490,512.8,481.4,492.45
2024-05-16,492.25,502,484.15,487.7
2024-05-17,488.25,508.95,484.85,505
2024-05-20,508,519.9,500.4,507.9
2024-05-21,510.75,517.95,501.25,510.6
2024-05-22,510.4,513.3,479.15,484.85
2024-05-23,480.25,486.25,474.35,479.25
2024-05-24,477.6,482.3,474.65,475.35
2024-05-28,476,490.3,475.1,485.5
2024-05-29,487.5,489.35,475,479.1
2024-05-30,478.1,478.4,462.05,465.85
2024-05-31,466.1,467.35,457.1,460.2
2024-06-03,462.5,469.2,459.55,466.75
2024-06-04,468.4,469.6,452.7,453.7
2024-06-05,454.9,463.55,451.85,460.6
2024-06-06,462.65,468.75,461.5,467.8
2024-06-07,467.2,468.5,444.65,448.35
2024-06-10,444.75,455.7,443.1,454.35
2024-06-11,455.85,456.5,444.25,451
2024-06-12,451.7,461.25,450.3,456.7
2024-06-13,453.35,456.5,446.1,448.15
2024-06-14,448.7,450.95,444.15,449.5
2024-06-17,449.65,450,440,444.75
2024-06-18,445.95,449.9,437.5,449.05
2024-06-20,449.1,458.9,447.5,456.2
2024-06-21,456.45,456.45,442.8,444.2
2024-06-24,441.65,445.25,439.7,442.5
2024-06-25,442,445.6,435.7,437.1
2024-06-26,437.1,439.95,434.25,436.7
2024-06-27,437.35,439.35,432.9,434.85
2024-06-28,433.55,442.8,433.15,439.15
2024-07-01,437.6,443.8,435.25,441.8
2024-07-02,441.65,447.2,439.1,441.9
2024-07-03,442.75,456.25,441.35,453.35
2024-07-05,452.6,469.95,451.3,465.2
2024-07-08,467.1,467.1,458.85,461.8
2024-07-09,460.65,465.15,455.1,457.75
2024-07-10,458.3,465.7,454.75,460.85
2024-07-11,459.4,462.55,450.25,450.65
2024-07-12,452.75,460.15,447.6,459.3
2024-07-15,458.15,460.25,450.15,452.65
2024-07-16,451.2,452.5,442.85,444.95
2024-07-17,445.7,448.35,440.1,440.85
2024-07-18,441.5,442.8,425.25,427.95
2024-07-19,426.2,429.1,422.8,423.65
2024-07-22,423.6,426.15,416.2,419.75
2024-07-23,419.45,421.4,413.55,416.05
2024-07-24,416.6,417.8,407.6,410.9
2024-07-25,408.2,415.6,403.6,412.55
2024-07-26,411.65,415.6,410,412.4
2024-07-29,411.15,415,406.1,408.45
2024-07-30,409.4,410,403,408.4
2024-07-31,409.5,420.95,408.65,417.65
2024-08-01,419.45,422.35,405.5,408.25
2024-08-02,406.75,413.45,405.5,410.3
2024-08-05,412.2,415,393.05,399.9
2024-08-06,400.4,406,396,402.7
2024-08-07,400.8,401.6,392.1,395.2
2024-08-08,393.15,398.4,392.35,395.9
2024-08-09,398.35,404.9,397.4,399.3
2024-08-12,398.3,409.3,397.1,406.85
2024-08-13,406.8,407.25,401.05,405.15
2024-08-14,406.1,409.6,403.35,404
2024-08-15,404.2,416.35,402.85,415.1
2024-08-16,414.25,416.35,409.5,414.35
2024-08-19,415,420.05,414.15,418.05
2024-08-20,419.65,420.7,413.85,415.85
2024-08-21,415.4,421.5,413.5,419
2024-08-22,420.4,421.75,412.7,414.8
2024-08-23,413.75,422.5,413.6,420.1
2024-08-26,425.2,429.3,424.05,428.1
2024-08-27,426.7,431.85,424.85,430.35
2024-08-28,430.1,430.3,420.55,421.8
2024-08-29,421.3,425,417.65,422.25
2024-08-30,420.85,427.8,420,421.15
2024-09-03,421.75,422.8,405.6,409.2
2024-09-04,409,411.55,404.25,407.9
2024-09-05,408.7,416.95,404.2,413.75
2024-09-06,413.9,417.65,406.2,407.35
2024-09-09,406.5,416,406,414.45
2024-09-10,414.05,415.95,408.1,409.8
2024-09-11,409.95,417.05,409.3,414.2
2024-09-12,416.6,423.75,415.65,419.55
2024-09-13,420.95,425,418.6,423.6
2024-09-16,422.5,431.7,419.5,427.35
2024-09-17,426.6,430.45,425.3,427.3
2024-09-18,427.95,434.35,423.8,429.9
2024-09-19,427.35,438.2,424.15,434.7
2024-09-20,434.7,438.7,431.85,434.3
2024-09-23,433.25,436.5,427.4,434.75
2024-09-24,434.55,453.15,434,449.15
2024-09-25,452.7,455.35,445.25,448.95
2024-09-26,448.55,465.25,447.5,463.9
2024-09-27,464.75,465.9,457.65,459.95
2024-09-30,464.9,479,449.7,455.3
2024-10-01,455.25,462.5,453.25,458.9
2024-10-02,457.35,466.7,455.65,464.9
2024-10-03,466.45,466.65,451.9,455.3
2024-10-04,454.95,460.65,453.6,457.4
2024-10-07,457.3,460.9,451.5,456.65
2024-10-08,455.95,458.1,442.35,445.65
2024-10-09,447.4,450.45,437.35,439.95
2024-10-10,441.4,445.4,438.1,442.75
2024-10-11,444.75,449.9,441.8,449.35
2024-10-14,445.2,447.1,438.5,440.6
2024-10-15,440.35,441.15,432.95,433.75
2024-10-16,434.15,439.5,432.95,436.75
2024-10-17,437.05,441.35,429.15,432.5
2024-10-18,433.35,441.3,432.6,438.45
2024-10-21,438.95,445.7,434.75,435.95
2024-10-22,435.9,440.7,434.3,438.05
2024-10-23,438.75,439.6,431,433.65
2024-10-24,433.35,439.95,432.25,435.15
2024-10-25,436.4,438.9,432.5,437.05
2024-10-28,436.95,438.45,433.3,436.25
2024-10-29,436.8,443,433.05,436.05
2024-10-30,436.5,438.35,432.45,435.15
2024-10-31,435.8,438,432.6,434
2024-11-01,436.15,441,434.3,437.15
2024-11-04,435.5,444.85,434.7,443.15
2024-11-05,443.2,449.3,442.05,447.5
2024-11-06,446.7,446.7,422.6,424.6
2024-11-07,423.9,444.65,423.6,443.15
2024-11-08,443.9,443.9,429.25,430.6
2024-11-11,431.25,433.2,422.25,422.85
2024-11-12,424.65,425.95,413.2,413.65
2024-11-13,414.5,416.6,406.55,408.3
2024-11-14,407.15,409.85,400.15,408.75
2024-11-15,407.85,417.2,405.95,406.45
2024-11-18,406.65,413.55,405.05,412
2024-11-19,412.4,417.45,408.85,414.2
2024-11-20,416.6,417.9,413.65,415.55
2024-11-21,415.3,416.65,409.7,412.5
2024-11-22,410.9,411.95,406.1,408.6
2024-11-25,414,418.4,413.65,415.9
2024-11-26,416.55,417.85,410.35,411.85
2024-11-27,413.1,417.4,412.05,413.9
2024-11-29,414,416.7,411.95,414
2024-12-02,414.3,414.75,408.15,413.05
2024-12-03,413.9,426.1,411.2,420.2
2024-12-04,419.7,421.55,417,420.15
2024-12-05,419.7,423.35,417.55,419.25
2024-12-06,419.95,425.3,418.15,419.65
2024-12-09,420.05,429.6,418,427.55
2024-12-10,426,427.9,423.1,427.2
2024-12-11,427.35,432.45,423.15,426.35
2024-12-12,426.25,433.5,421.75,424.45
2024-12-13,424.15,424.35,418.45,419.7
2024-12-16,419.65,421.9,417,419.1
2024-12-17,419.45,419.8,413.3,414.65
2024-12-18,414.7,416.95,408.55,415.7
2024-12-19,409.2,411.8,407,407.7
2024-12-20,408.45,411.2,407,410.05
2024-12-23,409.85,412.85,407.55,408.5
2024-12-24,409.45,412.35,408.5,411
2024-12-26,411.5,414.55,407.25,412.75
2024-12-27,413.65,415.1,410.8,412.2
2024-12-30,412.6,414.85,408.15,409.3
2024-12-31,409,409.8,400.75,402.65
2025-01-02,403.1,405.8,400.5,402.6
2025-01-03,403.5,408.25,400.9,407.35
2025-01-06,407.65,420.05,405.85,416.15
2025-01-07,415.2,421.3,414.05,419.55
2025-01-08,417.65,427.3,416.7,425.85
2025-01-09,426.9,434.95,425.7,430.95
2025-01-10,431.35,436,428.2,430.4
2025-01-13,428.4,434.35,427.35,432.55
2025-01-14,432.65,436.6,431.05,434.25
2025-01-15,434.9,440.45,431.75,438.9
2025-01-16,439.75,444.7,438.5,444.1
2025-01-17,443.5,447,434.45,436.85
2025-01-21,435.65,438.15,427,434.1
2025-01-22,433.95,434.1,428.15,430.1
2025-01-23,429.25,433.55,423.55,432.85
2025-01-24,432.8,438.9,430.85,432.1
2025-01-27,431.3,431.3,422.25,423.15
2025-01-28,424.3,427.95,423.55,424.65
2025-01-29,425.05,431.15,420.5,428.3
2025-01-30,428.7,434.55,426.1,430.75
2025-01-31,430.75,431.9,425.7,427.9
2025-02-03,425.85,433.75,418.35,430.55
2025-02-04,433.2,437.2,430.65,435.35
2025-02-05,435.9,445.65,434.3,444.4
2025-02-06,443.7,450.95,441.1,446.1
2025-02-07,445.8,460.8,445.7,458.9
2025-02-10,459.8,471.5,457.05,470.7
2025-02-11,469.35,470,454.1,460.1
2025-02-12,459.75,471.25,457.55,470.45
2025-02-13,469.5,479.05,468.35,477.8
2025-02-14,478.3,483.65,463.65,466.45
2025-02-18,464.65,466.95,454.25,459.1
2025-02-19,458.9,461,455.15,456.25
2025-02-20,457.3,463.7,454.6,461.2
2025-02-21,461,461.5,453.3,456
2025-02-24,459.05,462.7,454.95,456.35
2025-02-25,455.9,470.65,451.6,452.75
2025-02-26,470.75,474.95,456.35,458.65
2025-02-27,458.35,466.85,454.9,461.85
2025-02-28,459.55,459.7,451.15,454.8
2025-03-03,457.65,465.35,453.65,460.7
2025-03-04,458.8,463.25,451.85,455.65
2025-03-05,458,482.5,454.65,479.4
2025-03-06,480.4,485.15,473.5,480.75
2025-03-07,477.55,479.55,468.05,471
2025-03-10,471.4,473.4,463,466.65
2025-03-11,464.8,480.45,462.6,476.6
2025-03-12,479.35,490.35,477.5,484.95
2025-03-13,484.1,493.45,479.65,492.55
2025-03-14,492.8,495.75,487.1,489.6
2025-03-17,488.45,498.4,487.5,495.9
2025-03-18,497.9,502.5,495.6,501.65
2025-03-19,500.45,512.45,499.65,510
2025-03-20,512.4,514.85,505.6,511.2
2025-03-21,511.05,513.75,502.7,511.35
2025-03-24,509.65,518.45,507.5,509.25
2025-03-25,508.6,522.85,507.65,521.05
2025-03-26,522.75,537.4,522.2,524.3
2025-03-27,524.05,527.15,508.9,511.95
2025-03-28,511.95,516.75,506.2,513
2025-03-31,513,514.6,498.5,503.4
2025-04-01,505.5,511.55,500.45,503.5
2025-04-02,502.95,514.5,498.5,504.05
2025-04-03,500,500,480.8,482.85
2025-04-04,481.4,482.45,437.2,440.2
2025-04-07,435,446.5,403,418.6
2025-04-08,431.35,436.5,409.25,414.4
2025-04-09,410.75,447.15,403.8,419.25
2025-04-10,446.65,446.7,431,433.65
2025-04-11,437.85,456.5,432.7,452.3
2025-04-14,459,468.7,452.05,462.55
2025-04-15,465.3,466.45,453.5,462.6
2025-04-16,461.3,469.85,454.35,468.55
2025-04-17,467.7,475.1,456.05,473.9
2025-04-21,471.6,480.6,468.5,472.85
2025-04-22,472.05,489.25,471.9,487.8
2025-04-23,486,493.2,482.1,484.35
2025-04-24,483.25,488.6,480.95,485.6
2025-04-25,488.2,489.05,473.6,484
2025-04-28,489.8,492.2,482.55,488.95
2025-04-29,489.7,496.35,484.35,487.25
2025-04-30,486.25,486.55,452.4,460.9
2025-05-01,461.55,468.3,459.75,462.8
2025-05-02,463.9,474.35,461.8,467.3
2025-05-05,470.4,476.55,466.3,469.9
2025-05-06,470.5,479.3,467.2,477.8
2025-05-07,475.95,480.7,461.25,465.95
2025-05-08,461.85,467.75,454.25,460.4
2025-05-09,460.35,474,447.75,465.3
2025-05-12,469,472.95,458.95,462.1
2025-05-13,463.05,473.15,460.5,472.3
2025-05-14,471.1,473.7,462.8,465.05
2025-05-15,464.35,470.75,457.15,468.35
2025-05-16,468.2,469.8,456.9,459.35
2025-05-19,460.85,467.85,456.1,467.05
2025-05-20,466.35,468.15,458.55,465.4
2025-05-21,467.65,471.2,464.85,467.2
2025-05-22,466.25,474.35,456.9,467.95
2025-05-23,467.85,489,462.9,483.65
2025-05-27,487.05,488.7,472.95,474
2025-05-28,474.5,477,466.5,467.45
2025-05-29,467.9,474.55,465.15,467.55
2025-05-30,467.45,472.7,464.6,467.75
2025-06-02,472,494.95,472,485.85
2025-06-03,484.85,486.95,471.85,483.4
2025-06-04,486.3,491.6,483.9,488.65
2025-06-05,489.85,506.15,488,493.3
2025-06-06,491.1,494.95,482.3,484.8
2025-06-09,483.85,493.95,482.45,492.5
2025-06-10,490.3,492.6,485.1,490
2025-06-11,489.05,491.35,477.6,481.45
2025-06-12,480.65,484.95,476.5,483.55
2025-06-13,484.25,485.7,470.9,481.45
2025-06-16,476.45,486.8,472.8,483.6
2025-06-17,482.1,484.05,477.7,480.9
2025-06-18,478.45,487.1,478.45,485.3
2025-06-20,485.1,487.35,474.3,483.35
2025-06-23,477,491.9,477,484.95
2025-06-24,488.75,495,484.25,487.25
2025-06-25,489.75,492.95,487.25,491.75
2025-06-26,493.15,509.95,491.5,506.6
2025-06-27,505.35,508.7,497.65,506.85
2025-06-30,512.45,513.85,506.25,508.25
2025-07-01,510.9,519.25,507.55,509.95
2025-07-02,509.85,521.2,507.7,519.75
2025-07-03,519.95,520.45,512.05,514.15
2025-07-07,506.45,509.25,498.25,502.6
2025-07-08,501.2,589.55,497.25,568.55
2025-07-09,548,573.05,542.5,548.65
2025-07-10,554.1,568.55,552.55,559.1
2025-07-11,562.9,566.25,547.35,560.45
2025-07-14,558.3,560.3,545.5,555.05
2025-07-15,552.5,561.25,549.25,557.75
2025-07-16,551.55,556.65,546.8,552.6
2025-07-17,551.75,552.95,547.4,551.25
2025-07-18,549.8,561.5,549.55,560.45
2025-07-21,559.1,566.85,556.35,563.75
2025-07-22,564.1,577.15,557.5,572.15
2025-07-23,576.5,593,572.2,581.95
2025-07-24,584.45,595.85,578.1,580.15
2025-07-25,582.7,583.8,574.4,578.5
2025-07-28,579.65,584.6,542.65,561.55
2025-07-29,562.4,567.55,555.5,562.55
2025-07-30,566,583,450.3,558.6
2025-07-31,463.95,465.2,433.25,435.45
2025-08-01,443.3,445.1,436.4,443.55
2025-08-04,445.05,448,440.05,443.75
2025-08-05,445.85,447.1,437.25,438.6
2025-08-06,438.1,443.55,438,441.3
2025-08-07,441.25,444.9,439.05,439.85
2025-08-08,441.4,449.15,440.15,447.15
2025-08-11,448.35,448.5,442.75,444
2025-08-12,445.05,453.9,444.35,452.55
2025-08-13,451.65,455,448.4,449.75
2025-08-14,449.75,451.45,444.95,447.95
2025-08-15,449.7,451.8,446.6,449.25
2025-08-18,448.8,450.5,445,447.1
2025-08-19,447.75,449.3,442.05,442.25
2025-08-20,443,444.75,441.4,444
2025-08-21,443.15,445.55,440.7,444.35
2025-08-22,445.2,448.05,442.75,445.9
2025-08-25,452.95,457.1,452.35,454.85
2025-08-26,453.35,455.85,450.35,453.3
2025-08-27,454.7,454.85,444.95,449.55
2025-08-28,450,455.5,448.45,453.9
2025-08-29,454.45,459.4,453.65,459.05
2025-09-02,459.2,464.9,454.1,464.1
2025-09-03,464.55,467.5,460.2,463
2025-09-04,461.45,462.05,455.2,455.85
2025-09-05,456.6,462,453.65,455.1
2025-09-08,454.3,457.9,452.55,455.95
2025-09-09,456.5,459,454.6,456.95
2025-09-10,457.45,462.6,456.35,461.8
2025-09-11,460.5,468.4,459.7,465.8
2025-09-12,467.25,469.95,464.3,465.2
2025-09-15,465.25,472.6,463.85,471.75
2025-09-16,471.95,472.2,468.05,469.4
2025-09-17,469.9,470.4,458.3,463.2
2025-09-18,461.5,463.1,457.65,460.05
2025-09-19,460,464.25,458.9,462.75
2025-09-22,463.05,465.3,459.9,463.2
2025-09-23,465.05,465.45,461.5,464.4
2025-09-24,464.15,484.45,459.2,481.35
2025-09-25,482.5,493.95,474.7,475.8
2025-09-26,478.8,480,471.4,477.15
2025-09-29,476,492.05,475.05,489.2
2025-09-30,490.55,491.3,482,485.65
2025-10-01,487.9,490.4,481.6,488.25
2025-10-02,489.2,498.95,485,494.95
2025-10-03,495.4,512.05,493.8,510.9
2025-10-06,508.9,512.4,501.45,503.8
2025-10-07,504.2,514.65,503.2,509.75
2025-10-08,509.4,515.6,506.5,509.45
2025-10-09,508.05,526.1,504,512.3
2025-10-10,514.05,517.85,482.2,489.4
2025-10-13,492.3,518,492.25,514.4
2025-10-14,513.25,517.8,493.15,502.3
2025-10-15,501.05,508.25,494.5,501.45
2025-10-16,497.65,501.65,493.05,499.9
2025-10-17,498.75,502.45,488.35,496.95
2025-10-20,498.85,507.6,497.1,503.6
2025-10-21,505,507.2,491.45,496.6
2025-10-22,495.6,501.6,491.55,499.55
2025-10-23,499.25,511.85,497.85,511.05
2025-10-24,508.8,515.15,506.75,512.25
2025-10-27,517.25,524.7,511.45,517.15
2025-10-28,516.3,518.45,508.3,517.1
2025-10-29,517.1,527.9,514.9,526.35
2025-10-30,520.35,523.35,504.25,510.4
2025-10-31,511.1,512.85,504.8,508.9
2025-11-03,510,512.95,501.85,506.9
2025-11-04,505.45,506.6,490.75,494.85
2025-11-05,492.8,500.7,488.8,498.6
2025-11-06,499.3,503.75,495.25,496.75
2025-11-07,497.35,500.8,495.15,495.7
2025-11-10,497,512,496.7,510.6
2025-11-11,509.55,510.45,505.2,506.6
2025-11-12,506.35,515.05,502.5,510.55
2025-11-13,509.25,516.3,503.65,510.2
2025-11-14,506.15,509.2,500.2,506.3
2025-11-17,505.35,505.8,496.1,501.2
2025-11-18,499.25,500.7,494.75,497.4
2025-11-19,496.8,503.95,495.3,501.85
2025-11-20,502.85,505.45,494.55,496.85
2025-11-21,495.35,502.3,491.5,501.5
2025-11-24,508.95,510.1,504.65,505.3
2025-11-25,508.65,519.2,507.85,509.05
2025-11-26,510.95,521,510.1,519.4
2025-11-28,518.55,530.95,513.3,527.2
2025-12-01,528.25,536.35,526.45,530.3
2025-12-02,527,531.6,522.35,524.3
2025-12-03,524.65,543.7,524.15,538.9
2025-12-04,539.35,542.55,531,537.35
2025-12-05,536.05,549,534.55,546.2
2025-12-08,545.65,549.5,539.5,544.45
2025-12-09,543,544.05,531.35,532
2025-12-10,533.25,542.3,532.3,535.35
2025-12-11,540.2,551.6,536,550.15
2025-12-12,548.85,553.05,528,535.9
2025-12-15,534.9,552.05,534.4,541.2
2025-12-16,541.1,541.3,531.75,535.9
2025-12-17,536.15,546.55,536.1,543.55
2025-12-18,542.75,546.9,538.05,543.75
2025-12-19,542.75,556.55,540.55,551
2025-12-22,548.75,555.3,548,550.95
2025-12-23,550.1,562.1,548.4,555.2
2025-12-24,556.3,566.45,553.1,557.5
2025-12-26,568,588.8,566.95,583.95
2025-12-29,585.95,592.35,555.75,556.65
2025-12-30,557.45,579.55,553.5,578.15
2025-12-31,575.35,577.85,563.75,568.2
2026-01-02,569.7,575.9,566.8,569.15
2026-01-05,571,600.75,569.93,598.9
2026-01-06,598.9,611.25,594.55,606.25
2026-01-07,606.2,606.95,584.1,586.05
2026-01-08,585.45,592.85,569.55,579.65
2026-01-09,580.75,593.9,573.85,590.25
2026-01-12,589.85,606.9,589.7,603.15
2026-01-13,600.85,609.35,594.75,601.6
2026-01-14,600.5,615.4,600.4,605.55
2026-01-15,609.9,610.95,590.8,599.15
2026-01-16,599.3,602.45,577.15,583.1
2026-01-20,586,593.7,574.4,581.25
2026-01-21,583.35,589.6,573.35,576.8
2026-01-22,581,581.85,569.6,577.9
2026-01-23,580.55,596.7,578.65,594.75
2026-01-26,595,603.35,588.85,602.05
2026-01-27,590.55,595.7,580.95,586.15
2026-01-28,596.45,600.75,589.5,592.5
2026-01-29,599.7,658.3,595.5,620.35
2026-01-30,628.45,638.7,576,592.4
2026-02-02,590.5,590.5,556.4,582.55
2026-02-03,583.95,611.5,583,608.65
2026-02-04,610,611.55,583.2,585
2026-02-05,593.6,596.4,568.5,582.1
2026-02-06,573.2,589.1,559.55,588.2
2026-02-09,590,598.1,584.35,596.25
2026-02-10,595.85,596.15,588.25,591.35
2026-02-11,590.85,608.8,589.3,596.55
2026-02-12,598.6,602.3,575.45,578.55
2026-02-13,576.95,584.9,567.75,580.3
2026-02-16,577.5,580,573.7,576.4
2026-02-17,578.55,580.2,562.7,564.25
2026-02-18,567.6,581.2,566.6,580.3
2026-02-19,578,581.3,567.95,573.85
2026-02-20,576.3,587.7,573.05,583.9
2026-02-23,593,596.4,581.15,584.1
2026-02-24,585.7,599.75,584.6,599.15
2026-02-25,595.55,606.75,595.5,604.5
2026-02-26,604.75,606.05,596.4,600.5
2026-02-27,602.9,614.1,599.75,605.95
2026-03-02,601.5,609.55,592.75,594.8
2026-03-03,596.15,601.25,574.7,582.6
2026-03-04,584.3,596.65,581.2,590.75
2026-03-05,590.95,595.35,577.5,580.45
2026-03-06,582.9,588.15,577.9,580.7
2026-03-09,583,590.55,563.95,584.85
2026-03-10,590.65,596.2,586.25,595.2
2026-03-11,592.55,594.3,583.45,589.15
2026-03-12,591.9,591.9,580.8,586.8
2026-03-13,582.65,585.65,565.9,575.7
2026-03-16,568,586,565.6,583.15
2026-03-17,584.5,585.4,573.7,576.7
2026-03-18,577.7,577.85,546,559.4
2026-03-19,548.85,555.5,529.7,546.9
2026-03-20,552.5,556.5,527.1,537.45
2026-03-23,531.2,558.5,524.6,547.25
2026-03-24,548.5,557,535.6,545.5
2026-03-25,555.85,559.65,550.05,556.1
2026-03-26,552.45,554.1,544.5,547.7
2026-03-27,548.5,556.85,545.5,549.45
2026-03-30,545.75,554.15,540.5,550.2
2026-03-31,549.1,565.4,546.42,564.65
2026-04-01,564.8,566.3,558.45,564.65
2026-04-02,562.6,572.7,551.3,558.35
2026-04-03,558.35,558.35,558.35,558.35
2026-04-06,566.25,569.7,557.4,560.1
2026-04-07,561.1,564.1,553.85,556.3
2026-04-08,560.25,578.6,560.25,577.7
2026-04-09,574.6,577.8,569.15,576.45
2026-04-10,575.55,593.6,573.75,588.6
2026-04-13,581.75,602.45,576.4,599.05
2026-04-14,600.35,609.55,599.65,608.35
2026-04-15,608.2,614.8,606.3,608.5
2026-04-16,607.55,613.2,602.8,607.65
2026-04-17,603.7,612.7,601.8,611.45
2026-04-20,603.1,609.8,597.25,604.6
2026-04-21,605,607.3,596.75,601.05
2026-04-22,601.6,615.15,600.8,612.85
2026-04-23,613.75,614.85,601.05,608.15
2026-04-24,602.8,604.7,598.35,602.7
2026-04-27,609.25,613.7,605,607.9
2026-04-28,608.1,609.95,593.15,597.4
2026-04-29,597.95,602.4,590.4,593.3
2026-04-30,592.85,603,592.45,598.05
2026-05-01,593.35,593.6,591.2,593.2
2026-05-04,599.1,600.35,582,584.65
2026-05-05,586.05,602,585.65,599.3
2026-05-06,598.95,621.7,598.3,618.65
2026-05-07,618.95,624.45,612.35,617.6
2026-05-08,611.88,632.15,611.85,629.65
2026-05-11,627.85,650.9,625,646.05
2026-05-12,649.2,665.9,644.05,653.1
2026-05-13,663.05,671.6,658.1,667.9
2026-05-14,661.95,665.3,654.65,661.15
2026-05-15,658,658.7,626.8,629.5
2026-05-18,628.7,633.7,620.65,631.55
2026-05-19,633.65,635,616.1,620.65
2026-05-20,618.75,635.3,614.75,633.05
2026-05-21,632.85,637.75,624.1,629.4
2026-05-22,634.37,640.8,632.65,637.9
2026-05-25,644.88,648.8,638.48,645.95
2026-05-26,641.8,648.8,636.35,639.7
2026-05-27,641.25,647.65,631.1,634
2026-05-28,633.65,643.2,624.15,642.6
2026-05-29,642.5,644,637.1,638.9
2026-06-01,639,658.5,638,655.25
2026-06-02,656.45,669.8,652.75,667.65
2026-06-03,668.2,668.4,647.25,650.75
2026-06-04,648.2,656.25,642.05,653.5
2026-06-05,653.65,653.7,624.65,628.45
2026-06-08,630.75,639.65,623.35,635
2026-06-09,633.95,646.55,628.35,632.2
2026-06-10,634.5,635.6,618.95,626.7
2026-06-11,618.3,640.65,617.15,627.5
2026-06-12,638.8,649.6,635.85,644.5
2026-06-15,651,656.2,647.1,649.6
2026-06-16,648.6,653.75,642.5,650.35
2026-06-17,648.2,655.25,632.55,649.35
2026-06-18,637.25,644.75,635.1,638.55
2026-06-19,637.85,638.25,627,633.7
2026-06-22,636.85,640.35,627,636.55
2026-06-23,636.1,636.45,611,614.8
2026-06-24,612.55,616.5,592.4,594.85
2026-06-25,598.55,609.1,595.1,607.4
2026-06-26,606.7,618.05,596.1,614.4
2026-06-29,618.6,624.05,613.35,616.35
2026-06-30,617.5,632.2,610.95,625.4
2026-07-01,625.2,625.75,608.6,617.95
2026-07-02,616.4,622.7,611.5,616.9
2026-07-03,617.45,626.65,617.05,622.4
2026-07-06,617.35,626.65,617,623.2
2026-07-07,624.95,628.3,616.5,622.6
2026-07-08,618.25,622.05,606.25,610.75
2026-07-09,611.5,629.6,610.2,626.55
2026-07-10,624.5,632.55,623.55,628.2
2026-07-13,627.05,635.6,619.7,628.1
2026-07-14,626.8,644.35,626.2,637.8
2026-07-15,636.5,641.75,633.2,634.1
2026-07-16,638.65,641.95,627.6,634.2
2026-07-17,628.5,629.78,619.43,627
2026-07-20,621.75,636.15,621.4,634.1
2026-07-21,633.9,656.7,632.85,655.25
2026-07-22,652.55,656.3,646.7,649.35
2026-07-23,648.65,653.55,631.1,634.35
2026-07-24,633.6,637.65,630.9,635.75
2026-07-27,636.2,641.2,634,637.9
2026-07-28,639.5,639.55,629.4,635.95
2026-07-29,633.55,643.25,628.2,631.15
2026-07-30,634.95,650.85,634,647.45
2026-07-31,650.15,654.53,643.03,651
2026-08-03,655.3,657.75,645.05,654.05
2026-08-04,653.95,668.85,653.45,664.35
2026-08-05,662.85,676.5,661.15,672.75
2026-08-06,674.8,686.65,667.15,670.9
2026-08-07,672.05,676.55,657,659.1
2026-08-10,660,665.45,658.3,661.6
2026-08-11,663.3,670.05,660.9,663.4
2026-08-12,663.2,671.4,660.2,661.55
2026-08-13,660.5,663.85,649.55,660.8
2026-08-14,658.75,662.43,655.45,661
2026-08-17,661.55,674.15,657.85,661.6
2026-08-18,660.8,661.75,637,649.25
2026-08-19,645.85,651.1,640.6,649.6
2026-08-20,651.1,651.7,640.25,646.9
2026-08-21,647.95,661.85,647.9,658.7
2026-08-24,659.5,664.55,654.15,660.5
