date,open,high,low,close
1999-01-04,214.5,215.75,214,214.75
1999-01-05,215.5,218,215.25,217.25
1999-01-06,218.5,224,218.5,223.75
1999-01-07,222.75,223.25,219.5,219.75
1999-01-08,220.5,224.5,220.5,221.75
1999-01-11,222.75,223,219.5,219.75
1999-01-12,218.5,219,216.25,217.25
1999-01-13,215.25,215.75,214.25,215.25
1999-01-14,215.75,216.25,215,215.5
1999-01-15,216,217.25,215.25,215.5
1999-01-19,214.25,214.25,211,213.75
1999-01-20,214,216,214,215
1999-01-21,217,218,213.75,216
1999-01-22,216.5,217,215.75,216.25
1999-01-25,213.5,215.75,212.25,215.5
1999-01-26,215.75,217,215.5,215.75
1999-01-27,215.25,216.25,214.75,215.5
1999-01-28,215.25,219,214.75,216
1999-01-29,216,217.5,214,214.5
1999-02-01,214,216,213.5,215.75
1999-02-02,216.25,218.25,216.25,217.5
1999-02-03,220,223,215.25,215.75
1999-02-04,216.25,217.5,215.75,217.25
1999-02-05,217.5,218.75,217,218.5
1999-02-08,217.75,219,217.25,218
1999-02-09,216.75,218,216.25,216.75
1999-02-10,216,220.75,215.5,220.25
1999-02-11,220.5,220.75,215.5,216
1999-02-12,216.5,217,214.25,215
1999-02-16,214.5,216.25,213.5,214
1999-02-17,213.25,214.25,212,213.5
1999-02-18,214.75,215.5,213,215
1999-02-19,215.25,215.75,213.75,215
1999-02-22,220.25,220.5,217.5,219.75
1999-02-23,220.5,221,219.5,220
1999-02-24,219,219.25,213.25,213.5
1999-02-25,213,214.75,212.5,213
1999-02-26,212.5,213.25,210,210.25
1999-03-01,211.25,215.25,210.75,211.25
1999-03-02,212.25,216.5,212.25,215.75
1999-03-03,214.5,216.5,214,214.75
1999-03-04,215.25,218.75,215,217
1999-03-05,215.5,217,215,216
1999-03-08,217.5,222,217.25,220.75
1999-03-09,221.5,225.5,219.25,221.25
1999-03-10,221.5,224.25,221,223.5
1999-03-11,224,225,222.75,224.5
1999-03-12,224.5,224.75,222,222.75
1999-03-15,220.5,221.5,219.25,220
1999-03-16,221,224,219.75,223.75
1999-03-17,223,226.75,223,225.75
1999-03-18,226.25,228,224,224.25
1999-03-19,224.5,229.5,224.5,229
1999-03-22,228.75,232.75,228.25,232.25
1999-03-23,230,230.5,228.25,228.5
1999-03-24,230.5,230.75,227,228
1999-03-25,226.75,231.75,226.25,229.75
1999-03-26,229.25,233,229,232.25
1999-03-29,230,232.25,229.25,232
1999-03-30,230.5,234.25,230.25,232
1999-03-31,230.5,230.5,225,225.5
1999-04-01,226,226,221.25,222
1999-04-05,221,221.5,218.25,218.75
1999-04-06,218.75,220.75,215.5,216.25
1999-04-07,216.25,218.25,215.5,217.75
1999-04-08,217.25,217.75,215.75,216.5
1999-04-09,216.25,218,215.5,217.75
1999-04-12,218.25,218.75,214,214.25
1999-04-13,219.75,221.75,219.75,221.25
1999-04-14,222.5,225.75,222.25,223.25
1999-04-15,224,226,223,225.75
1999-04-16,225.5,226.5,223.25,223.5
1999-04-19,223.5,227.75,223.5,226.25
1999-04-20,227.25,230,227.25,229.75
1999-04-21,229.5,229.75,228.5,229.5
1999-04-22,229,231,225,225.25
1999-04-23,226.5,227.25,224.5,225.75
1999-04-26,225,225,221,221.5
1999-04-27,222.75,223.25,219.5,219.75
1999-04-28,221,222.25,217.5,219.5
1999-04-29,221,221.5,218,218.75
1999-04-30,219,220.25,218.25,218.75
1999-05-03,220,220.75,217,220.5
1999-05-05,221.5,222.5,220.75,221.75
1999-05-06,221,221.75,219.5,219.75
1999-05-07,220.25,220.25,217.25,218.5
1999-05-10,219.75,222,218.5,221.75
1999-05-11,221.25,223,220.5,222.25
1999-05-12,222.5,226.25,221.75,223.25
1999-05-13,224,226.25,223.5,224
1999-05-14,225,226,220.75,221.75
1999-05-17,223.25,225,222.5,223.75
1999-05-18,222,222.75,219.75,221.25
1999-05-19,221.75,222.25,219.5,219.75
1999-05-20,220.25,220.5,218.75,219.25
1999-05-21,219,219.25,218.25,218.5
1999-05-24,217.75,217.75,211.5,211.75
1999-05-25,212.75,215,212.25,214.75
1999-05-26,214,216.25,213.75,214.75
1999-05-27,215.25,216.75,214.25,216.5
1999-05-28,219,220.5,218.5,219.5
1999-06-01,215,216.5,214,216.25
1999-06-02,217.25,217.25,214.75,216.75
1999-06-03,218.25,224,218,223.25
1999-06-04,221.5,223,219.75,220.75
1999-06-07,223.25,226.5,222.25,222.5
1999-06-08,220,224,219.5,223
1999-06-09,221.75,223,220,220.75
1999-06-10,220.5,221.25,219.5,220.25
1999-06-11,220.5,220.5,216.25,217.25
1999-06-14,215,218.75,214.5,218.25
1999-06-15,216.75,217.25,214,214.25
1999-06-16,214.5,218,214.5,217.5
1999-06-17,219.75,220,216.25,217.25
1999-06-18,233,233.5,230.75,231.75
1999-06-21,230,230.5,228.25,230
1999-06-22,230.75,231,227,227.25
1999-06-23,227.5,229.25,226.25,228
1999-06-24,224.5,224.5,222,224
1999-06-25,224.5,225,222.5,223.5
1999-06-28,222,225,222,222.75
1999-06-29,227,227.75,224.5,224.75
1999-06-30,224.75,227.5,224,226.25
1999-07-01,223.5,223.5,217.75,218.25
1999-07-02,218,218.25,211.75,212.5
1999-07-06,203,205,200.5,204.75
1999-07-07,204.25,205,201.25,204.25
1999-07-08,205,206.25,199,199.5
1999-07-09,198.5,199.5,196,196.5
1999-07-12,196.75,199.75,194.25,196.75
1999-07-13,195.5,197,195,196.5
1999-07-14,199,202.5,197.75,201
1999-07-15,205,206.25,203.25,205.25
1999-07-16,201.5,202,198,198.75
1999-07-19,203,205,202,203.25
1999-07-20,203,208.75,202.75,207
1999-07-21,212,218.5,210,215
1999-07-22,217,222,213.5,215.25
1999-07-23,225,226.5,222,224.5
1999-07-26,216.5,218.75,214.5,216.5
1999-07-27,212,212.5,207.5,208.5
1999-07-28,209.75,212.75,206.25,207
1999-07-29,206.75,211.5,206.25,211.25
1999-07-30,210.25,214.75,210,214.5
1999-08-02,224.5,226.5,224,226.5
1999-08-03,237,238.5,230.5,230.75
1999-08-04,229,237,229,236.5
1999-08-05,236,236,231.5,235
1999-08-06,232.75,236.5,231.25,235.5
1999-08-09,235,238,232,236
1999-08-10,239.5,243.5,237,240.75
1999-08-11,239,239,234.75,235.25
1999-08-12,223.25,225,223.25,223.25
1999-08-13,220.5,223,220,222.75
1999-08-16,226,227.75,225,227.25
1999-08-17,232,233,229,229.5
1999-08-18,226.75,230,225.75,228
1999-08-19,229.5,230.75,224.5,226.25
1999-08-20,226,226.25,222.25,222.5
1999-08-23,219.75,220.75,218,220
1999-08-24,220,220.5,216.25,216.5
1999-08-25,215.5,220,215.25,219.75
1999-08-26,218.5,218.5,215.5,215.75
1999-08-27,216,217.5,215,215.25
1999-08-30,216,219,214.75,216.75
1999-08-31,218.25,220.75,218.25,219.25
1999-09-01,220.25,222,219.25,221
1999-09-02,220.5,222.75,220.25,222
1999-09-03,223,223.5,222,222.5
1999-09-07,226.5,226.5,224.5,225.25
1999-09-08,222.5,223,220.75,221
1999-09-09,220.25,221.25,218.75,219
1999-09-10,218,218,215.75,217.75
1999-09-13,218,218,215.5,216
1999-09-14,216,216.25,214.25,214.75
1999-09-15,214,214.25,212,212.25
1999-09-16,212.75,213,210.25,212.75
1999-09-17,213.5,213.5,210,210.25
1999-09-20,209.75,211,209.25,210.25
1999-09-21,211,211.5,209,210.75
1999-09-22,211.25,211.75,210,210.25
1999-09-23,210,210,208,208.25
1999-09-24,208.25,212.75,207.75,208.75
1999-09-27,210,212.5,208.75,212
1999-09-28,212.5,215.75,212.25,213.75
1999-09-29,215,215,212.75,213.75
1999-09-30,210,210.5,208,208.25
1999-10-01,207.5,207.5,204.75,205
1999-10-04,203.75,204.5,203,204.25
1999-10-05,203.75,205,203.25,203.5
1999-10-06,203.5,205,203.5,204.75
1999-10-07,204.25,204.75,202.25,203.25
1999-10-08,203,203.5,198.25,198.5
1999-10-11,198.5,199,197.5,198.75
1999-10-12,198.75,202.75,198.75,201.25
1999-10-13,200,201.75,200,200.5
1999-10-14,200.5,201.75,200,201
1999-10-15,201,201,199,199.25
1999-10-18,199.25,204,198.25,202.25
1999-10-19,202.25,202.75,200.75,201
1999-10-20,201.25,203.75,200.25,200.5
1999-10-21,200.25,201,199.5,200
1999-10-22,199.5,200,199.25,199.5
1999-10-25,200,202.25,199,201.75
1999-10-26,201.5,206,201.25,201.75
1999-10-27,200.5,201.5,200,200.5
1999-10-28,201.5,202,199.25,199.5
1999-10-29,199.75,200.5,199,199.5
1999-11-01,200,200.75,198,198.25
1999-11-02,199,200.25,198.5,199
1999-11-03,198.5,203,198.25,201.5
1999-11-04,202,202.75,201.5,201.75
1999-11-05,202.5,203,200.5,201
1999-11-08,201.75,203.75,201.25,202
1999-11-09,202,202.25,200.5,200.75
1999-11-10,199,199,195,195.25
1999-11-11,195.75,196.5,194.25,195.25
1999-11-12,195,195.5,193.75,194.25
1999-11-15,194.75,196.5,194.5,196
1999-11-16,197,198.5,196,196.25
1999-11-17,206.5,207.5,205,205.25
1999-11-18,205,205.75,203,203.5
1999-11-19,202.25,203.75,202,203.5
1999-11-22,203.5,205.5,202.75,205.25
1999-11-23,204.25,206.5,203,205.75
1999-11-24,206,206.25,204.75,205
1999-11-29,203,204.75,200.75,201
1999-11-30,201.75,202.5,200,200.75
1999-12-01,201.75,204,200.75,202.75
1999-12-02,202.5,203.75,201.75,202.5
1999-12-03,201.25,203,201,201.5
1999-12-06,200.5,205.5,200.25,204.5
1999-12-07,203.75,204.5,203,203.25
1999-12-08,201.5,201.75,199.5,200
1999-12-09,200,200.75,197,197.25
1999-12-10,197,199,196.5,198.25
1999-12-13,195.5,196.25,195.25,195.75
1999-12-14,197.25,199.5,195.5,199
1999-12-15,199,199.75,197.5,199
1999-12-16,199.25,202,199.25,200
1999-12-17,200,202.5,200,201.5
1999-12-20,203.5,204.25,202,203.25
1999-12-21,202.75,203.25,202,202.25
1999-12-22,202,203.75,202,203.5
1999-12-23,204,204.75,203,204.25
1999-12-27,206,206.75,202.75,204
1999-12-28,203.75,205,202.25,204.75
1999-12-29,204,204.5,203.5,203.75
1999-12-30,204,205,203.5,204.5
2000-01-03,205.75,205.75,200.5,200.75
2000-01-04,201.5,203.5,200.75,203
2000-01-06,203,205.75,203,203.75
2000-01-07,203.25,207.75,202.75,207
2000-01-10,205.75,209.25,204.75,208.5
2000-01-11,208,209.25,206.25,207.25
2000-01-12,213.25,216.75,212,215.5
2000-01-13,215.5,221.5,214.5,220.75
2000-01-14,220,221.75,218.5,219
2000-01-18,216.5,220.5,215.75,220
2000-01-19,220.25,221,218.75,220.75
2000-01-20,221,221.5,218.75,220.75
2000-01-21,221,223,220,222.75
2000-01-24,224.5,227.5,223.75,227.25
2000-01-25,227,228.25,226,227.5
2000-01-26,226,226,222.75,223
2000-01-27,222,226.5,221.25,225.75
2000-01-28,225.5,226.75,222.75,223.5
2000-01-31,221,221,218.5,220
2000-02-01,220.75,222.25,219.5,222
2000-02-02,222,223,220.5,220.75
2000-02-03,220.25,220.25,217.25,218
2000-02-04,215.75,220.25,214.25,219.75
2000-02-07,220.5,222,220,221.5
2000-02-08,219.75,222.5,219.25,221.25
2000-02-09,219.5,222.75,219.5,222.5
2000-02-10,223.25,226,222.5,225.5
2000-02-11,225,225.75,221.25,221.75
2000-02-14,222.75,224.25,222,222.25
2000-02-15,220.25,223.75,219.75,222.25
2000-02-16,222.75,223.75,221.25,223
2000-02-17,231,231.25,229.5,229.75
2000-02-18,229,229.75,228.5,228.75
2000-02-22,229.25,229.5,227.5,228
2000-02-23,226.5,226.5,222.75,223.25
2000-02-24,222.75,225,222,224.75
2000-02-25,225,225,221.25,221.5
2000-02-28,220.5,222.75,220,220.75
2000-02-29,220.5,224.5,220,224
2000-03-01,223.25,224.75,222.75,223
2000-03-02,222.75,224.5,222,224
2000-03-03,224.5,226.25,224.25,225.5
2000-03-06,225.25,229,224.5,228.75
2000-03-07,228.75,229,225,225.25
2000-03-08,224.5,228,224.25,226.25
2000-03-09,227.5,229.25,227,227.25
2000-03-10,227.5,228,225.5,226.75
2000-03-13,228.25,231.75,228,230.75
2000-03-14,231.5,238.25,231.5,238
2000-03-15,236.75,238,235.75,236
2000-03-16,235.25,239.75,234.25,235.25
2000-03-17,239.5,241.75,238.25,240.75
2000-03-20,234.25,237.25,233.5,235.75
2000-03-21,235.5,236.5,231.25,232
2000-03-22,233,234.75,231.75,234.5
2000-03-23,232.75,232.75,229.5,230.25
2000-03-24,231.75,233.75,230.5,232
2000-03-27,234,234.75,229.75,232.5
2000-03-28,231,231,224.75,225
2000-03-29,226,227.5,224,227
2000-03-30,229.75,233.5,229.25,233.25
2000-03-31,235,238.5,234.25,236
2000-04-03,238.5,239,233.75,234.25
2000-04-04,233.75,234.25,230,232
2000-04-05,231.5,234,229.75,232
2000-04-06,229,229.75,226.75,227
2000-04-07,234.75,238,233.75,237.75
2000-04-10,234.75,236,234.5,235.5
2000-04-11,233.75,235.75,231.5,231.75
2000-04-12,232,234.75,232,234
2000-04-13,235.5,237,233.75,236.25
2000-04-14,238.25,238.75,234.5,235
2000-04-17,233.5,235.75,232,232.5
2000-04-18,232.5,234.75,232,233.5
2000-04-19,234,237.5,233.75,236.75
2000-04-20,233.5,236.5,233.5,235.75
2000-04-24,236,237.5,233.75,236.75
2000-04-25,238.25,239.75,237.25,239.5
2000-04-26,240.25,241,236.25,236.5
2000-04-27,235.5,236,233.5,234.25
2000-04-28,234.25,235,231.5,232
2000-05-01,237,244,236.5,244
2000-05-02,244.5,249,244.5,246.25
2000-05-03,248.5,258.25,244.25,250.75
2000-05-04,249.5,251.5,248.5,250.25
2000-05-05,249,249.5,246,248.25
2000-05-08,244,246.25,240.25,241
2000-05-09,238.75,240.25,237.75,238.75
2000-05-10,241,246,240.75,244.25
2000-05-11,245,246,242,244.75
2000-05-12,241,246.5,240.75,245.75
2000-05-15,240.75,241,234,238.75
2000-05-16,238.25,240.25,235.25,235.5
2000-05-17,232,237.25,232,235.5
2000-05-18,241,242,237,238
2000-05-19,238.5,241,237.5,240
2000-05-22,238.5,243.5,237.75,241
2000-05-23,240,241.25,238,238.25
2000-05-24,237,237,234,235
2000-05-25,234.25,236,229,230.5
2000-05-26,230.75,234,230.5,233.5
2000-05-30,225.5,226.5,222.5,224.25
2000-05-31,225.5,226,223.25,225.5
2000-06-01,227.5,228.5,224.75,225.5
2000-06-02,226.25,229.5,226.25,229
2000-06-05,227,228,224.25,225.5
2000-06-06,224.25,226,222.75,225.75
2000-06-07,222.5,222.75,219,219.75
2000-06-08,219.5,220,217.25,219
2000-06-09,218.5,221,218.5,219.25
2000-06-12,210,212.5,208,208.25
2000-06-13,209,210,207.5,207.75
2000-06-14,205,205.5,200.25,203.25
2000-06-15,205.25,207.25,204,205.75
2000-06-16,229.5,230,227.25,227.5
2000-06-19,225.25,225.5,223.5,225.25
2000-06-20,223.75,223.75,220.75,222.5
2000-06-21,222.25,225.5,221.75,223.75
2000-06-22,226,226.25,223,223.25
2000-06-23,221.25,222,219,219.25
2000-06-26,214.5,216.25,213.75,214.75
2000-06-27,216.5,218.25,216.5,217.25
2000-06-28,214.75,216,212.75,213
2000-06-29,216.25,217,215,216
2000-06-30,206,210.5,205,207.5
2000-07-03,204.25,204.5,199.25,202.75
2000-07-05,201,204.75,201,204
2000-07-06,201.75,202.75,199.25,200
2000-07-07,204,206.25,201.5,202.5
2000-07-10,197.5,199,196,198.75
2000-07-11,199.5,199.75,196.5,196.75
2000-07-12,193.25,198,192.75,197.5
2000-07-13,198.75,199.25,196.25,197.75
2000-07-14,196.5,196.5,193,194.25
2000-07-17,192.5,192.75,190,191.25
2000-07-18,193,195,192.25,192.5
2000-07-19,190.75,195,190.5,193.5
2000-07-20,193.5,199,193.25,198
2000-07-21,197.5,200,197,199.75
2000-07-24,201,201.25,195.5,196.25
2000-07-25,194.5,195.25,193,193.25
2000-07-26,193.75,194,191.25,192.25
2000-07-27,194.5,194.75,192.5,192.5
2000-07-28,193,194.5,191.75,192
2000-07-31,189,194,189,192.25
2000-08-01,193,193.5,191,192
2000-08-02,193.25,194.25,192.5,192.75
2000-08-03,190.75,194.5,190.5,192
2000-08-04,191,192.75,190.5,190.75
2000-08-07,191.5,191.75,189.5,190
2000-08-08,190.5,192,189.75,191.75
2000-08-09,190.5,191.25,189.75,190.75
2000-08-10,192,192.25,189,189.5
2000-08-11,186,188.25,185.5,187.25
2000-08-14,187.25,188.75,186.75,188
2000-08-15,187.5,188.5,187.25,188
2000-08-16,188.25,191.75,188,191
2000-08-17,190.25,193,190.25,191
2000-08-18,190,191,189.5,189.75
2000-08-21,189,189.25,188,188.75
2000-08-22,188.5,190,187.75,188
2000-08-23,187.25,188,186.5,187.5
2000-08-24,187.25,188.75,186.75,188.25
2000-08-25,189,190.5,188.25,188.75
2000-08-28,194,195,190,191.75
2000-08-29,194.25,197.5,193.5,196.5
2000-08-30,197,197,193.5,193.75
2000-08-31,194.75,196.75,193.5,196.5
2000-09-01,195.75,195.75,194,194.25
2000-09-05,197,199.75,196,198
2000-09-06,196,196.5,193.5,193.75
2000-09-07,193,194,192.25,193.25
2000-09-08,194.25,196.5,194.25,195.5
2000-09-11,194.25,196.25,194,196
2000-09-12,193,194.25,191.5,194
2000-09-13,195.25,195.25,191.25,191.5
2000-09-14,191,191.25,189.5,189.75
2000-09-15,189.25,189.5,187.5,187.75
2000-09-18,187.25,190.5,186.75,189.5
2000-09-19,188,189.25,187,187.25
2000-09-20,187.5,190,187.5,188
2000-09-21,187.75,191,187.25,190.25
2000-09-22,190.5,195,190.25,194
2000-09-25,193.25,194.75,192.25,193.25
2000-09-26,194.25,196.25,193.75,194.5
2000-09-27,194,195,192.5,194.5
2000-09-28,196,197,195.5,196.25
2000-09-29,198.75,199,197.25,197.75
2000-10-02,197.5,200.75,196.75,199.25
2000-10-03,199.75,203.75,199,203.5
2000-10-04,203.5,206.25,202.5,204.25
2000-10-05,202.25,204.5,202,203.5
2000-10-06,202.5,206,202.25,203.25
2000-10-09,202.5,202.75,201,201.5
2000-10-10,200.75,204,200.75,203.5
2000-10-11,203.25,205.5,202.75,204.5
2000-10-12,210,211,207.75,208
2000-10-13,208,209.25,207,208
2000-10-16,208,208.25,206.25,206.75
2000-10-17,207.25,208.25,206.5,207.5
2000-10-18,206,207.25,205.75,206.25
2000-10-19,206.75,208,206.5,206.75
2000-10-20,206.5,207.5,205,205.25
2000-10-23,204.25,204.75,203,203.25
2000-10-24,203,204.5,202.5,204
2000-10-25,203.5,204,203,203.25
2000-10-26,203,203.5,202,202.25
2000-10-27,201.75,203.25,200.5,200.75
2000-10-30,200.75,201.5,200.25,200.5
2000-10-31,199.5,207.25,199.25,206
2000-11-01,205.25,209.5,205,206
2000-11-02,211.5,213,210.5,212
2000-11-03,212.5,214,211.75,213.25
2000-11-06,213.75,216,213.25,213.5
2000-11-07,213.25,215,212.25,214.75
2000-11-08,215.25,216.5,214.5,216
2000-11-09,214.75,215.25,212.25,213.75
2000-11-10,212.75,213.5,210.75,212
2000-11-13,211,212,210.5,211.25
2000-11-14,211.75,211.75,208.5,208.75
2000-11-15,220.5,221.25,219.5,219.75
2000-11-16,219,221.75,218.25,221
2000-11-17,223,224.5,222.5,223.5
2000-11-20,224.5,225.5,223,223.25
2000-11-21,221.75,230.25,221.75,223.25
2000-11-22,223.25,223.5,222.25,222.5
2000-11-24,223.25,224.5,222.75,223.25
2000-11-27,224.25,224.5,222.5,222.75
2000-11-28,222.25,222.25,219.5,220.25
2000-11-29,219.5,220,217.25,217.5
2000-11-30,216.5,221.25,216.25,220.5
2000-12-01,220,222.25,218,221.5
2000-12-04,220.5,221.5,219.5,220.25
2000-12-05,219.25,220.25,217.75,220
2000-12-06,219.5,220,218.5,218.75
2000-12-07,218.75,220,214.25,214.75
2000-12-08,214.5,219.5,214.25,218.75
2000-12-11,216.5,217.5,216.25,217
2000-12-12,216.75,216.75,215.75,216.25
2000-12-13,216,218,215.5,217.5
2000-12-14,219,220.5,218.25,218.5
2000-12-15,219.5,220.25,218,218.25
2000-12-18,220.25,223.5,220.25,223.25
2000-12-19,223,226,222,225.75
2000-12-20,225.5,227,224.25,225
2000-12-21,224.25,226.5,223.75,226.25
2000-12-22,227,227.5,226.25,226.75
2000-12-26,226.5,227.25,226,226.75
2000-12-27,226,226,224.5,224.75
2000-12-28,229.75,232,229.25,230.25
2000-12-29,229.5,232,229,231.75
2001-01-02,232,232,226.75,227.25
2001-01-03,226.75,230.75,226.5,230
2001-01-04,230,230.25,228.25,230
2001-01-08,225,226,224,225.75
2001-01-09,225.5,228.5,225.25,227.5
2001-01-10,228.5,230,227.25,229.5
2001-01-11,222.5,225,222,222.5
2001-01-12,222,222.25,218.25,219.25
2001-01-16,217.25,218.5,216,216.25
2001-01-17,215.75,218,215.75,217.5
2001-01-18,218.5,220,217.75,218
2001-01-19,218.5,218.5,214.75,215
2001-01-22,214,215.5,212.75,215.25
2001-01-23,215.75,216,213.75,214
2001-01-24,214,216.75,213.25,215.5
2001-01-25,215.75,215.75,213.25,213.5
2001-01-26,212.75,213,209.25,209.5
2001-01-29,207,209.25,206.5,208.25
2001-01-30,208.75,210.75,208.5,209.25
2001-01-31,208.5,210,207.5,209
2001-02-01,209.25,212.25,209,211
2001-02-02,210.75,213.5,210.5,213
2001-02-05,213,213,211,212
2001-02-06,211,214.5,210,213.5
2001-02-07,213.75,214.75,212,212.25
2001-02-08,209.5,211.5,209.25,210
2001-02-09,210.25,211,209.5,210.25
2001-02-12,210,211.75,210,210.25
2001-02-13,210,210.5,209.25,209.75
2001-02-14,210.5,213,210.5,212.75
2001-02-15,213,214.75,211.75,212
2001-02-16,212.75,213,210.25,212
2001-02-20,221.25,221.75,220,220.25
2001-02-21,220,220.5,218,218.25
2001-02-22,217.5,220.75,217.5,217.75
2001-02-23,217,218,216.5,217
2001-02-26,217.25,218.25,216.75,217
2001-02-27,217.5,218.75,217.5,218.5
2001-02-28,220,223.5,219.75,222.5
2001-03-01,223.5,225,221,224
2001-03-02,225.5,225.75,222.5,222.75
2001-03-05,223,225.25,222.25,222.5
2001-03-06,222.5,223.75,222,223.25
2001-03-07,223.75,224.25,223.75,224.25
2001-03-08,219.25,222.75,219.25,220.25
2001-03-09,220.5,221.25,219.5,219.75
2001-03-12,219.75,222.25,219,221.25
2001-03-13,222.25,222.5,220,220.5
2001-03-14,220,220.25,217.5,217.75
2001-03-15,216.75,217.5,210.5,210.75
2001-03-16,211.5,212.5,207,207.5
2001-03-19,209,209.5,207.5,209
2001-03-20,209.25,212,209,211.5
2001-03-21,211,211,205.75,210.25
2001-03-22,208,208.5,205,205.25
2001-03-23,205.5,207.5,205.5,207
2001-03-26,208.5,210.5,208.5,209.75
2001-03-27,210,211.25,208.75,211
2001-03-28,209.75,210,208.5,209.25
2001-03-29,208.5,209.5,207,207.25
2001-03-30,211,214.25,202.5,203.25
2001-04-02,205.5,208.5,205.5,208.25
2001-04-03,209.75,210.75,206.5,209.25
2001-04-04,209.75,212.25,209.25,211.75
2001-04-05,213,214,209.25,212.25
2001-04-06,212.5,213.25,210,210.25
2001-04-09,211.75,213,210.5,210.75
2001-04-10,212,212,208.75,209
2001-04-11,217.25,219,217,218.75
2001-04-12,218.5,222.25,217.25,222.25
2001-04-16,222.75,222.75,219.25,220.25
2001-04-17,219.75,219.75,217,217.25
2001-04-18,216.5,217.5,215.75,216.75
2001-04-19,216,216,211,211.75
2001-04-20,212,212.5,209,209.25
2001-04-23,208.75,208.75,204,204.25
2001-04-24,204.75,205.25,201.5,202.25
2001-04-25,202.5,206,202.5,203.5
2001-04-26,204.75,208,204.75,207.75
2001-04-27,206,206.5,204,204.25
2001-04-30,202.75,208,201.5,207.5
2001-05-01,208,210.75,205.75,207.5
2001-05-02,208.5,211.5,208.25,210.5
2001-05-03,209.75,210.5,207.5,207.75
2001-05-04,208,210.25,207.75,210
2001-05-07,209,210.75,206.5,208
2001-05-08,207,207.5,203.5,205
2001-05-09,206,206,204.5,205
2001-05-10,202.25,203,198,198.25
2001-05-11,198,198.5,196.75,197
2001-05-14,198.25,203.5,198.25,201.75
2001-05-15,201.25,203,199.75,201.75
2001-05-16,200,202.25,199,201.5
2001-05-17,201.25,201.75,199.75,201
2001-05-18,201,201.5,199.25,199.75
2001-05-21,198,198.25,193.5,194
2001-05-22,194.5,194.5,191,191.25
2001-05-23,192.75,193.5,191.25,192.25
2001-05-24,194.25,194.5,193.25,193.75
2001-05-25,193.25,194.25,191,191.25
2001-05-29,190,190.5,187.75,189.25
2001-05-30,190.25,190.75,189.25,190
2001-05-31,190.75,193.25,190.5,192.75
2001-06-01,195.5,199.5,195,198.75
2001-06-04,197.5,198,195.25,195.75
2001-06-05,198.25,199.25,195.25,195.5
2001-06-06,194.75,199,194.25,198.5
2001-06-07,199.5,201.5,198.25,198.5
2001-06-08,197,198.25,196.5,197.25
2001-06-11,199.5,201,196.5,198.75
2001-06-12,198.75,199.75,196.25,197.25
2001-06-13,197.25,198.75,196,196.5
2001-06-14,196,197,194.5,194.75
2001-06-15,213,213,207.75,209.25
2001-06-18,210,210,205.75,209
2001-06-19,210.25,212,208.25,211.25
2001-06-20,210.5,212,208.5,208.75
2001-06-21,208,208.5,205.75,206.25
2001-06-22,206.5,208,205.25,205.5
2001-06-25,204,204.25,202.25,203
2001-06-26,203.25,204,202.75,203.75
2001-06-27,204.75,207.25,204.75,206.5
2001-06-28,207.75,209,206.75,208.25
2001-06-29,213,213.25,207.25,208.25
2001-07-02,206.25,211.25,205.25,210.75
2001-07-03,210.25,215,210,213.75
2001-07-05,213,219.75,213,217.25
2001-07-06,219,219.5,217.25,218.5
2001-07-09,218,223.5,217,223.25
2001-07-10,227.25,229.75,225.75,228.5
2001-07-11,234,241,234,236.5
2001-07-12,241,247,240,246
2001-07-13,242,243,235,236.5
2001-07-16,230,232,224,228.5
2001-07-17,241,242.5,235.5,236.5
2001-07-18,228,233,227,228.5
2001-07-19,228,228.5,225,228.25
2001-07-20,223.5,224,219.25,220.5
2001-07-23,217,221,215.25,220.75
2001-07-24,224,227.75,222.5,226.5
2001-07-25,228.5,231.5,226.75,231.25
2001-07-26,234,235.5,226.75,229.5
2001-07-27,231,232.5,229.5,231.75
2001-07-30,230.5,231,226,228
2001-07-31,225.5,230.5,224.25,230.25
2001-08-01,227.5,230.5,226,226.75
2001-08-02,229.25,230,224.25,225
2001-08-03,224.5,225,220.75,222
2001-08-06,221.5,225,220.25,224.25
2001-08-07,228.5,228.75,225.75,227.75
2001-08-08,228.5,230.75,228,229.5
2001-08-09,229.75,233,229.5,231.5
2001-08-10,236.5,237.75,234,234.25
2001-08-13,235,237.5,233.75,237
2001-08-14,234.25,234.75,233.25,234
2001-08-15,234.5,234.75,230,231.75
2001-08-16,233,233,228.25,229.5
2001-08-17,229,229.5,226.75,228.25
2001-08-20,224,226.25,223.25,225
2001-08-21,227.5,228.75,226,227.75
2001-08-22,227.75,229.5,227,228
2001-08-23,226.5,233,224.75,231.75
2001-08-24,229.5,232.5,227.5,228.25
2001-08-27,226.5,231.5,226.25,231
2001-08-28,233.5,234,228.5,229
2001-08-29,228.75,231.5,228.75,231.25
2001-08-30,230,232.25,229,230
2001-08-31,230.5,232.75,229.5,232.25
2001-09-04,231.25,232,229.75,231.25
2001-09-05,230,231.25,227.75,229.75
2001-09-06,227.25,227.75,226,226.25
2001-09-07,226.5,227.5,225.5,225.75
2001-09-10,224.75,227,224,226.5
2001-09-13,224.25,230.5,224.25,229.5
2001-09-14,225.5,226.5,224,224.25
2001-09-17,221.5,224.5,221,221.75
2001-09-18,220.5,222.75,218.25,218.5
2001-09-19,218,218.5,213.75,216
2001-09-20,215.75,220,215,218.75
2001-09-21,218,218.75,215.5,217.25
2001-09-24,218,218.25,215.5,215.75
2001-09-25,216.25,218,214.75,215.5
2001-09-26,215,217.25,214.5,216.75
2001-09-27,216.75,216.75,215,216
2001-09-28,214.75,216.25,214,214.5
2001-10-01,213,213.5,210.25,210.5
2001-10-02,210.5,211.5,208.75,209.25
2001-10-03,208.5,211,208.25,210.75
2001-10-04,211.25,213.5,211,211.5
2001-10-05,210,214.5,210,214.25
2001-10-08,214,216.75,213,215.5
2001-10-09,215,216,212.5,213
2001-10-10,212.75,214.75,212.25,214.25
2001-10-11,214,215,213,213.25
2001-10-12,207.75,209.25,207.5,208.5
2001-10-15,208.25,208.75,205.5,206
2001-10-16,206.25,207.25,205.75,206.75
2001-10-17,206.75,208.25,204.75,207.75
2001-10-18,208.5,209,205,205.25
2001-10-19,204.75,207,204.5,205.5
2001-10-22,204.75,205,204,204.25
2001-10-23,204.25,205.5,203.75,204.25
2001-10-24,204.5,206.75,204,206.5
2001-10-25,206,207.5,205.5,206.5
2001-10-26,206.5,206.75,204.75,205.5
2001-10-29,204.25,205,202,203.5
2001-10-30,203.5,206.5,203,206
2001-10-31,205,206.75,204.5,205.5
2001-11-01,204,204.75,202.5,204
2001-11-02,203.25,204,202,202.25
2001-11-05,201.5,203.25,201.5,202.75
2001-11-06,202.25,204.75,202.25,202.5
2001-11-07,203,203.75,202.25,202.5
2001-11-08,203.25,203.5,201.75,202.75
2001-11-09,202.5,208,201.75,206
2001-11-12,205.5,207,205,206
2001-11-13,205.75,206.75,204.75,205
2001-11-14,205.5,207.75,205,206.5
2001-11-15,207.5,207.75,205.25,206
2001-11-16,205.25,207.5,205,207.25
2001-11-19,221,221.5,219.5,221
2001-11-20,221.5,221.75,220.25,220.5
2001-11-21,221,221.25,220.25,220.5
2001-11-23,221,221.5,220,220.25
2001-11-26,220.25,220.25,215,215.5
2001-11-27,215.25,216,214.5,215.75
2001-11-28,215.5,216,210.25,210.5
2001-11-29,210.25,213,210.25,211.75
2001-11-30,219,222,217,220.5
2001-12-03,221.25,221.75,219,221
2001-12-04,220.5,223,219.5,221.25
2001-12-05,220.5,220.5,218.25,219.25
2001-12-06,220,220,216.25,216.5
2001-12-07,215.75,222,215.25,219
2001-12-10,219.5,220.25,218.75,219.5
2001-12-11,220,220.5,218,219.5
2001-12-12,218.75,218.75,215.5,216
2001-12-13,216,216.75,213.75,216.5
2001-12-14,216.5,218,216.25,216.75
2001-12-17,216.5,216.75,214.5,215.5
2001-12-18,215.75,216.75,213.25,214
2001-12-19,213.25,214,212.75,214
2001-12-20,214,214,211.75,212.25
2001-12-21,211.5,213.25,210.5,211.5
2001-12-26,211.25,211.5,208.25,208.75
2001-12-27,209,209.75,208,209.5
2001-12-28,210.5,210.75,209,209.75
2001-12-31,209,209.5,208.25,209
2002-01-02,208.5,210.25,207.75,208.5
2002-01-03,208.75,210.75,208,210.5
2002-01-04,210.5,211.25,209.5,210.5
2002-01-07,211,213,210.75,211.5
2002-01-08,211.25,212,210.5,211.5
2002-01-09,211.5,212.75,208.75,210
2002-01-10,209,209.25,207.75,208.75
2002-01-11,213,214,211.5,212.75
2002-01-14,214.5,215.25,210.75,211
2002-01-15,210,214,210,212.75
2002-01-16,213,215,212,214.75
2002-01-17,216,216.25,213,213.5
2002-01-18,212.5,213.75,211.5,211.75
2002-01-22,211,211,209.5,209.75
2002-01-23,209.25,209.25,206.75,208.75
2002-01-24,208.5,210.25,208.25,209.5
2002-01-25,210,211,208.75,209
2002-01-28,207,209,206.5,207.5
2002-01-29,207.25,208,206,206.25
2002-01-30,206,206.75,205.25,206
2002-01-31,205.5,207.5,205.5,206
2002-02-01,205.5,206,204.25,204.5
2002-02-04,204.5,206.5,204.25,206
2002-02-05,206.25,207,205.75,206.25
2002-02-06,206.5,206.75,203.75,204.25
2002-02-07,204.25,205,203.75,204.5
2002-02-08,204.5,205.5,204.25,204.75
2002-02-11,204.5,205.75,204.25,205.25
2002-02-12,205.5,206,205,205.75
2002-02-13,206,209.25,205.75,208.75
2002-02-14,209.75,209.75,208.5,208.75
2002-02-15,206.5,207.25,204.75,205
2002-02-19,206.25,206.5,205,205.75
2002-02-20,206.5,207,205.25,206.75
2002-02-21,206.75,207.75,205.75,206.75
2002-02-22,214.5,214.5,211.5,211.75
2002-02-25,211.25,211.25,207.5,208.25
2002-02-26,207.5,209,205.25,205.5
2002-02-27,206,207.25,205.75,207
2002-02-28,206.5,209.25,206,207.5
2002-03-01,207.5,209,206.25,208.5
2002-03-04,209.25,210,207.5,207.75
2002-03-05,208.5,209.75,208,209.5
2002-03-06,209.25,209.25,206.75,208.25
2002-03-07,210,210.25,207.5,207.75
2002-03-08,206.75,210,206.25,208.25
2002-03-11,207.5,210,206.75,209.5
2002-03-12,210.25,212.25,209.5,210.5
2002-03-13,209.5,210.5,206.5,207.25
2002-03-14,208.75,209.5,207.5,207.75
2002-03-15,206.75,208.5,205.5,205.75
2002-03-18,205,207.5,204.5,206.25
2002-03-19,205.5,206.75,204.5,206.5
2002-03-20,206.75,207.25,205.25,205.75
2002-03-21,205.75,207.5,205.25,205.5
2002-03-22,205.5,206.5,204.5,204.75
2002-03-25,204.75,205,203.5,203.75
2002-03-26,205.5,206,204,204.5
2002-03-27,205.25,206.5,204.75,206.25
2002-03-28,207,207,201.75,202.5
2002-04-01,202.25,204.25,202,203.5
2002-04-02,204,204.75,203.5,203.75
2002-04-03,204,204,201,201.25
2002-04-04,201.5,202.75,200.5,201.5
2002-04-05,202,202.5,200.25,200.5
2002-04-08,200.25,202.5,200,201.5
2002-04-09,202,202.75,201,201.25
2002-04-10,200.75,203.25,199.5,199.75
2002-04-11,199.75,200,198.5,199.25
2002-04-12,198.25,198.25,193.25,197.75
2002-04-15,198,198.75,195.5,196
2002-04-16,202.5,204.25,202.25,204
2002-04-17,204.5,206.5,203.25,205.75
2002-04-18,205.5,206.75,203.75,204
2002-04-19,204.25,204.75,202.25,202.5
2002-04-22,203.25,206,203.25,204.25
2002-04-23,203.75,205.25,203.5,204.5
2002-04-24,205.25,205.5,203,203.5
2002-04-25,204,204.75,202.5,203
2002-04-26,204,204.75,202.75,203
2002-04-29,204,204.25,200,200.25
2002-04-30,201.25,201.5,200,200.5
2002-05-01,201,203.75,200.5,203
2002-05-02,203,204,200.25,200.5
2002-05-03,201.25,201.25,199.75,201
2002-05-06,199.25,201,198,200.5
2002-05-07,202.5,206.25,202,204.75
2002-05-08,205.5,205.75,203.75,204.5
2002-05-09,205.75,207,204.75,205.5
2002-05-10,207.5,208.75,204,206
2002-05-13,210,215.25,210,215
2002-05-14,215,216.25,213.25,215.5
2002-05-15,215.5,216.75,214.5,216.25
2002-05-16,216,216,212.75,213.25
2002-05-17,212,212,208.5,209
2002-05-20,208.75,211.75,208,211.5
2002-05-21,213,213.25,209.25,210.75
2002-05-22,210.75,211.25,207.25,207.5
2002-05-23,207.75,208.5,204.75,207.75
2002-05-24,206.75,207.25,204.75,205
2002-05-28,204.5,208.5,204.25,207.5
2002-05-29,208,212.5,208,211.5
2002-05-30,211.5,213,209.25,212.5
2002-05-31,211.75,214.5,211.75,214
2002-06-03,211,211,209.25,209.5
2002-06-04,209.75,212.5,209.75,210.5
2002-06-05,210.25,211,208.75,210.25
2002-06-06,210,212.25,208.75,209
2002-06-07,208,208.25,206.5,206.75
2002-06-10,204.5,206.75,204.25,206.75
2002-06-11,206,206,204,204.25
2002-06-12,206.75,209,205.5,206.75
2002-06-13,206.75,213,206.75,211.75
2002-06-14,211.75,211.75,208.5,209.25
2002-06-17,208.25,209.25,207.25,208
2002-06-18,208.25,208.25,205.75,206.75
2002-06-19,223,225.5,222.5,224.25
2002-06-20,226.5,227.75,226,226.25
2002-06-21,227.25,227.75,226.25,226.75
2002-06-24,233,239.5,232.5,235.5
2002-06-25,237.25,239,235.75,238.5
2002-06-26,238,241.25,237.5,239.75
2002-06-27,240.75,245,238.5,244.5
2002-06-28,248,248,242.5,243.5
2002-07-01,249,252.5,248,251.25
2002-07-02,252.5,252.5,243.5,246
2002-07-03,242,243.25,239.5,241.75
2002-07-05,241,247,240.5,246.5
2002-07-08,242,242.75,238.5,239.5
2002-07-09,245,246.5,242.25,242.5
2002-07-10,237,239.25,236,238.5
2002-07-11,237,237.5,232.25,233.75
2002-07-12,231.5,233.25,229.75,232.75
2002-07-15,237,239.25,236.5,237.25
2002-07-16,242,245,241.5,244.5
2002-07-17,241.5,243.75,239.5,241.5
2002-07-18,241,243.5,239.5,242.5
2002-07-19,240.25,245,239.5,244.75
2002-07-22,251,257.5,250,256
2002-07-23,252,255.5,250.5,251.25
2002-07-24,252,260,252,259.25
2002-07-25,256.5,256.5,250.5,254.25
2002-07-26,255,255.75,251.5,252.75
2002-07-29,241.5,244,239.5,240.25
2002-07-30,241.5,246.5,241,245.75
2002-07-31,253,257.75,253,256.5
2002-08-01,262,265.5,254,258.75
2002-08-02,262,264.75,259.5,263
2002-08-05,256,264.75,255,263.75
2002-08-06,263,264.5,261.5,262
2002-08-07,259,261.75,259,260
2002-08-08,259,259.25,256.25,257.25
2002-08-09,258,262,256,261.5
2002-08-12,278,279,272,272.25
2002-08-13,274.5,280.5,272.5,279.5
2002-08-14,279.5,287.5,279.5,284.75
2002-08-15,287,288.5,281,284
2002-08-16,281.5,282.75,279.25,282.5
2002-08-19,278,279.5,275.5,277.5
2002-08-20,274.5,275,270.5,270.75
2002-08-21,272.75,273.5,268.5,272.5
2002-08-22,270.75,272,267.75,271.5
2002-08-23,271.5,275.5,271.25,273.5
2002-08-26,275,276.25,273,274.75
2002-08-27,273.75,274.25,271.75,272.25
2002-08-28,272.25,272.75,270,270.25
2002-08-29,268.5,269,266.25,266.75
2002-08-30,267,268.75,265.75,268
2002-09-03,273,275.5,271.5,274.25
2002-09-04,275,279.75,274.25,278.5
2002-09-05,278,280.5,276.25,277.25
2002-09-06,282,283.5,280.75,283.25
2002-09-09,288.5,296,288,289.25
2002-09-10,291,291,285,287.5
2002-09-11,286,293,285.75,292.5
2002-09-12,289.5,291,282.25,283.25
2002-09-13,280,280,276,276.25
2002-09-16,275,278.25,272,278
2002-09-17,276.5,278,272.5,276.5
2002-09-18,276.5,277,271.75,272.5
2002-09-19,271,271,266.5,266.75
2002-09-20,265,265.75,260,260.75
2002-09-23,259.75,259.75,253.75,254.25
2002-09-24,255.5,260,254.75,259.5
2002-09-25,260.25,262,256.75,258.5
2002-09-26,259.5,261,258.5,260.5
2002-09-27,261,261,257.5,258.75
2002-09-30,259.25,259.5,249.5,251.5
2002-10-01,250,256.5,250,255.75
2002-10-02,257,258.5,255.75,257
2002-10-03,255.5,255.5,252.25,254.5
2002-10-04,256,260.25,255,257.75
2002-10-07,257.5,261.75,256.5,260
2002-10-08,258.25,260.25,257.25,257.5
2002-10-09,256.5,257.75,255.5,256
2002-10-10,255,255.75,251.25,251.5
2002-10-11,251,251.25,246.5,246.75
2002-10-14,245,247,243.25,245.5
2002-10-15,247,254.5,247,254
2002-10-16,257,257.5,251,253.25
2002-10-17,251.25,259.5,250.5,255.5
2002-10-18,255.25,256.25,253.75,254.25
2002-10-21,255,257.5,254,254.25
2002-10-22,252,252.75,250.5,251.5
2002-10-23,252.25,252.5,250,250.25
2002-10-24,249.75,251.75,247.75,250.25
2002-10-25,250,250.5,248.5,250.25
2002-10-28,249.25,250.75,247.25,247.5
2002-10-29,246.25,250.25,245.75,249
2002-10-30,248.75,250.5,245.75,246
2002-10-31,246.25,249,246,247.5
2002-11-01,246.5,249.5,246,247.5
2002-11-04,246.75,247.5,244,244.25
2002-11-05,243.5,244.75,241.75,242
2002-11-06,242,245.25,240.5,243
2002-11-07,242.75,243,240.75,241
2002-11-08,240.5,240.5,235.5,235.75
2002-11-11,235.75,236.75,234,235.75
2002-11-12,238,240.5,237.75,238.25
2002-11-13,241.75,246,241,244.25
2002-11-14,245,247,244.25,245.25
2002-11-15,246,246.5,242.75,243.75
2002-11-18,243.5,245.25,242,244.5
2002-11-19,244.5,247.25,244,246.5
2002-11-20,246.25,249,246,248.5
2002-11-21,248,249.25,246.5,246.75
2002-11-22,246.5,248.75,246,247.75
2002-11-25,247,247.5,243.5,244.75
2002-11-26,245,246.5,244.5,244.75
2002-11-27,245.5,246,244,244.25
2002-11-29,242,243.25,240,240.25
2002-12-02,243,244.25,241,241.25
2002-12-03,240,240.75,238.5,238.75
2002-12-04,237.75,240.5,237,239.25
2002-12-05,239,239.25,235,236
2002-12-06,236.5,238.25,235,237.25
2002-12-09,236.5,238,235.75,236.75
2002-12-10,237,239,236.5,238.25
2002-12-11,238.75,241,238.75,240.5
2002-12-12,240,240.75,236.75,239.25
2002-12-13,239.75,241,239.5,240
2002-12-16,241,241.75,238.25,238.75
2002-12-17,238.5,239.5,237.5,238.25
2002-12-18,238.5,240.25,237.75,240
2002-12-19,240.5,241,238.75,239.75
2002-12-20,239.5,240,238.5,239.25
2002-12-23,239,243,238.75,242.75
2002-12-26,242,243.5,241.75,242.75
2002-12-27,243,243,239.25,239.75
2002-12-30,239,239,235.5,235.75
2002-12-31,235.25,236.25,235,235.75
2003-01-02,235,238.75,234.75,237
2003-01-03,235.25,236.5,234.75,236
2003-01-06,236.75,237.25,234.75,235.75
2003-01-07,236,240.25,236,240
2003-01-08,244,246,242.25,245.25
2003-01-09,244.25,244.5,242.75,243.5
2003-01-10,237.75,238,234.5,234.75
2003-01-13,234.25,234.5,228.75,230.5
2003-01-14,231.5,232.5,229.75,231.25
2003-01-15,230,232.5,229.75,231.25
2003-01-16,231,231.75,228.75,230.75
2003-01-17,229.5,233,228.5,232.5
2003-01-21,231.5,234.5,231.25,233.75
2003-01-22,234.5,236.5,234.25,234.75
2003-01-23,234.5,237.25,234.25,235.5
2003-01-24,235.25,237.5,234.5,235.5
2003-01-27,236.75,237.75,234.75,235
2003-01-28,235.25,238.75,234.75,238.5
2003-01-29,237.75,238,235.25,235.5
2003-01-30,234.75,237.25,233.75,237
2003-01-31,237,239.5,236.75,238.25
2003-02-03,236.25,237.5,235,236.75
2003-02-04,236.75,239,236.5,237.75
2003-02-05,238,238.25,235.75,236.75
2003-02-06,236,240.25,235.5,239
2003-02-07,239.5,240.5,238.25,239.75
2003-02-10,241.75,242.5,241.25,241.5
2003-02-11,241,242,239.75,241.5
2003-02-12,242,242.5,237.75,239.25
2003-02-13,239.5,240.75,239.25,239.75
2003-02-14,239.25,240.75,238.75,240.25
2003-02-18,239.25,239.5,238,238.25
2003-02-19,237.5,237.75,235,235.25
2003-02-20,234.25,235.75,233.75,235.5
2003-02-21,235.25,235.5,231.5,231.75
2003-02-24,233.25,233.5,232,232.75
2003-02-25,232.25,235,232,233.75
2003-02-26,233,234.5,232.75,233.75
2003-02-27,233.75,234.25,232,232.25
2003-02-28,231,234.5,231,231.75
2003-03-03,234,234.25,233,233.5
2003-03-04,234,236.75,231.25,236.5
2003-03-05,236,238,235.25,237.25
2003-03-06,239,240.5,238,240.25
2003-03-07,240.5,241.25,239.25,240
2003-03-10,238.5,238.75,236,237
2003-03-11,235.25,235.75,234.25,235
2003-03-12,233.75,236,233.75,235.5
2003-03-13,235.75,236.75,234.25,235.5
2003-03-14,234.75,235,232.75,233
2003-03-17,232.25,232.75,229.5,229.75
2003-03-18,230,230.75,228.75,229.75
2003-03-19,230.5,232,229.25,231.5
2003-03-20,232.75,234,232.75,233.75
2003-03-21,233,233.75,230.25,231.5
2003-03-24,230,230.5,228.75,229
2003-03-25,227.5,229.5,227.25,228.25
2003-03-26,228.25,229.5,227.75,228
2003-03-27,228.75,229.25,228,228.75
2003-03-28,228,230.25,227.5,227.75
2003-03-31,234.5,237.75,234,236.5
2003-04-01,237.75,239.75,237,239.5
2003-04-02,241,241.5,238.75,240.25
2003-04-03,238.75,239.5,236.75,238.75
2003-04-04,238.75,240.5,238.5,239.75
2003-04-07,242,245,242,244.5
2003-04-08,245,246.5,243,244.5
2003-04-09,243.75,244.25,243.25,243.75
2003-04-10,243.25,243.5,239.5,240.25
2003-04-11,239.25,241.75,239,240.25
2003-04-14,240.5,240.75,238,239.75
2003-04-15,240,242.75,239.75,242.5
2003-04-16,242.75,243,239.5,239.75
2003-04-17,240,242.5,239,241.5
2003-04-21,239.75,240,238.5,239.25
2003-04-22,239.75,240.5,238.75,239
2003-04-23,238.75,239.25,237.5,238.75
2003-04-24,238.25,238.75,236.25,236.5
2003-04-25,234.5,235,233.75,234
2003-04-28,232,233.25,231,231.25
2003-04-29,230.5,232,229.5,231.25
2003-04-30,231.5,233.25,230.5,231.25
2003-05-01,230.25,233.25,230.25,231.5
2003-05-02,231.5,233,230.75,232.5
2003-05-05,234.5,238,234,237.25
2003-05-06,235.75,237.75,235,237.5
2003-05-07,239.5,243,238.75,242.5
2003-05-08,243,244.5,241.5,242.5
2003-05-09,243,253,242,252
2003-05-12,250,259,249.5,252.25
2003-05-13,252.25,253,250.5,252.75
2003-05-14,256,256,247,251.25
2003-05-15,252.5,256,251.25,255.75
2003-05-16,256,257.5,253.75,254.25
2003-05-19,251,252,246.5,246.75
2003-05-20,248,250,244.75,246.75
2003-05-21,246.5,248.5,244.5,245.5
2003-05-22,244.5,247,243,243.75
2003-05-23,243,244.25,242.25,243.75
2003-05-27,239.5,243.5,238.25,242
2003-05-28,242.5,243.5,240.5,241.25
2003-05-29,241.5,245.5,240.75,245
2003-05-30,245,246.25,243.25,244.25
2003-06-02,242.25,243.5,241,241.5
2003-06-03,240,241,239.5,240
2003-06-04,239.5,240.25,237.25,237.5
2003-06-05,236.5,239,235,235.75
2003-06-06,236.25,239,236.25,238.75
2003-06-09,236.5,238,235.25,236.25
2003-06-10,236,239.75,235.5,239.25
2003-06-11,237,245,237,244
2003-06-12,244,248.25,243.75,247
2003-06-13,247,248,240.75,241.75
2003-06-16,241.25,241.5,238.75,240.5
2003-06-17,238.75,242.25,238.25,242
2003-06-18,242.25,244.75,240.75,244.25
2003-06-19,245.5,246.75,242.75,244.5
2003-06-20,242.5,243.5,241.5,242.75
2003-06-23,241,241.5,238.75,239.5
2003-06-24,234.75,237,233.5,234.5
2003-06-25,235,235.75,234.25,234.75
2003-06-26,233.5,234,227.25,228
2003-06-27,229,230,228.25,229.75
2003-06-30,227.5,227.5,223.5,223.75
2003-07-01,221.5,225.75,221,225.25
2003-07-02,224.5,225.5,223,223.25
2003-07-03,223,223.5,221.25,222.25
2003-07-07,218,219.75,218,219.5
2003-07-08,221,223.75,220.5,223.25
2003-07-09,224,224.75,219.5,220.75
2003-07-10,217.25,217.25,214.5,215
2003-07-11,214.75,216,213,213.25
2003-07-14,212.75,213,211.5,212
2003-07-15,215,216,212,212.25
2003-07-16,212,213,211.5,211.75
2003-07-17,212.25,212.75,211.25,211.75
2003-07-18,211.5,211.75,210.75,211
2003-07-21,211.5,214.5,210,213.75
2003-07-22,213.5,215.5,212.5,213.5
2003-07-23,213.75,214,211.25,211.5
2003-07-24,211,214.75,210.5,211.5
2003-07-25,210.5,213,209.5,212.25
2003-07-28,213.5,216,213.5,215.25
2003-07-29,217.25,218,215,215.25
2003-07-30,214.25,215.25,213.25,213.75
2003-07-31,213.75,214.5,211.25,212
2003-08-01,213,217,213,214
2003-08-04,215,218,214.5,217.25
2003-08-05,217,217.5,215,217
2003-08-06,217,219.5,216.25,219
2003-08-07,219,221.5,218.75,220.25
2003-08-08,221.25,221.75,220.25,221.5
2003-08-11,221,223,217.5,218.25
2003-08-12,228.5,232.5,226.75,229.75
2003-08-13,230.25,231,228.5,229.5
2003-08-14,230.25,231.75,227.75,229.5
2003-08-15,228.75,229.5,227.5,229.5
2003-08-18,236,240,235.5,238.25
2003-08-19,237.5,237.5,232.25,232.5
2003-08-20,235.5,236.5,234.25,236.25
2003-08-21,238.75,239.25,230.5,232.5
2003-08-22,233.5,237,232.25,235.25
2003-08-25,235,236.5,234.5,235.5
2003-08-26,241,243,234.75,235.75
2003-08-27,236.5,237.25,233.25,237
2003-08-28,238,239.25,236,238.75
2003-08-29,238.25,242,236.5,241.75
2003-09-02,237.25,240.25,237,240
2003-09-03,242,244.75,240.5,244.25
2003-09-04,244.25,247.25,243.25,247
2003-09-05,246.75,246.75,242.5,243
2003-09-08,243.5,244.5,239.5,240.25
2003-09-09,242,243,240.75,242.75
2003-09-10,241.75,242.75,241.25,242.25
2003-09-11,242,242,232.5,233
2003-09-12,230.75,231.75,227.5,228
2003-09-15,228,228.25,225.75,227
2003-09-16,228.25,228.25,224,224.25
2003-09-17,224.5,225.5,223.5,223.75
2003-09-18,224.5,225,223.5,223.75
2003-09-19,223.25,227,222.5,226
2003-09-22,227,228,226.25,227.75
2003-09-23,226.75,227,223.5,223.75
2003-09-24,222.75,225.25,221.5,224.25
2003-09-25,225.5,228.5,225,226.25
2003-09-26,226,227.5,225.25,226.25
2003-09-29,227.25,228.25,223.75,226
2003-09-30,224,225,220,220.25
2003-10-01,219,221,218.75,220.25
2003-10-02,222,222.5,220,220.25
2003-10-03,220.25,224.5,220,223
2003-10-06,221.5,222.75,220.5,221.25
2003-10-07,221.25,224.75,220.75,223.5
2003-10-08,223,223.5,221,221.5
2003-10-09,221.25,222.25,221,221.75
2003-10-10,218.25,219,215.5,216.25
2003-10-13,215.75,218.25,215.5,217.5
2003-10-14,217.75,219.5,215.5,218.5
2003-10-15,217.25,217.5,215.75,216.5
2003-10-16,217,217.25,214.25,214.75
2003-10-17,216,217,214,214.25
2003-10-20,214.5,214.75,213.25,213.75
2003-10-21,213.5,217.5,213.5,215.75
2003-10-22,217.25,221.75,217.25,220.25
2003-10-23,225.25,238.5,225,235
2003-10-24,235,237.5,232.25,235
2003-10-27,241.5,242.75,235,235.25
2003-10-28,236,241,232.75,240.25
2003-10-29,244.5,250,239.5,248.25
2003-10-30,251,251,246,247.75
2003-10-31,246.5,247.75,243,247.25
2003-11-03,246,246,239.5,240
2003-11-04,239.25,239.25,231.5,232.25
2003-11-05,231,238,230.25,236.75
2003-11-06,238,239,234,234.25
2003-11-07,232.25,237.75,231.5,235.25
2003-11-10,234.25,235.25,232.25,232.75
2003-11-11,233,234.25,231,232.5
2003-11-12,234.75,241.5,234.25,240.25
2003-11-13,242.5,244.25,239,240.75
2003-11-14,247,248,245.5,246.5
2003-11-17,247.5,247.5,242.75,244.5
2003-11-18,243,245,240.5,241.75
2003-11-19,241,241.5,237.25,237.5
2003-11-20,237.25,241.5,236.75,241
2003-11-21,241.25,242,238.5,241
2003-11-24,240.5,241.5,238.75,239.5
2003-11-25,239.5,245,237.75,244.5
2003-11-26,245.5,248,245,247.25
2003-11-28,249,249.75,248.75,248.75
2003-12-01,250.75,251,248,249.25
2003-12-02,249,249.5,247.25,248.25
2003-12-03,249,253,248.5,252.25
2003-12-04,252,253.75,248.5,249
2003-12-05,247.5,249,245.75,248.5
2003-12-08,247,250.25,246.75,248
2003-12-09,249.5,250,246.75,249.75
2003-12-10,250,250,248.5,249.75
2003-12-11,249.75,253,245.75,251
2003-12-12,251,253,249.75,252.5
2003-12-15,253.75,254.5,248.5,253.5
2003-12-16,253,254,249.75,252
2003-12-17,251.5,252.25,250,251.5
2003-12-18,251,251,248.25,249.5
2003-12-19,251.5,251.75,246.5,249.25
2003-12-22,248,248,246,246.25
2003-12-23,245,245.5,243.5,243.75
2003-12-24,229,238.5,229,235.75
2003-12-26,234,240.5,234,239.75
2003-12-29,241,244,239.5,242.75
2003-12-30,241,243.75,240.5,242.5
2003-12-31,243.5,246.5,243.25,246
2004-01-02,248,257,248,253.25
2004-01-05,253,256,251,253
2004-01-06,255,255,251,251.5
2004-01-07,250.25,250.75,248.75,250
2004-01-08,249.25,253.5,248.5,251.75
2004-01-09,252,252.75,250.25,251
2004-01-12,268,268,262,265.5
2004-01-13,268,270.25,264.5,268.5
2004-01-14,267.5,269.5,265.75,268.75
2004-01-15,270,271.5,266.5,268.75
2004-01-16,268.75,273.5,266.5,272.5
2004-01-20,273,278.75,272,275.25
2004-01-21,273.5,278.25,272.5,277.25
2004-01-22,277.25,278,275,276
2004-01-23,276.5,278.75,273.75,277
2004-01-26,278,281.5,278,281.25
2004-01-27,279.25,280.5,275.25,276.25
2004-01-28,272.5,274.25,269.75,270.75
2004-01-29,271.25,272.5,268.25,270
2004-01-30,271.5,277,270.75,276.25
2004-02-02,273.5,274,269,271.25
2004-02-03,272.25,275.75,271.25,273
2004-02-04,273.25,274.75,269.25,270.25
2004-02-05,269.25,276.5,268.75,275.25
2004-02-06,277,279.5,276.5,279
2004-02-09,275,284.5,274.75,284.25
2004-02-10,286.25,286.75,279.5,280
2004-02-11,280,285,278.75,284.25
2004-02-12,285,285.25,279.5,281.25
2004-02-13,288,289.25,284.5,288.75
2004-02-17,291,293,289,290.5
2004-02-18,291,291,286,286.25
2004-02-19,285.25,291.5,285,291.25
2004-02-20,294,294.5,288.75,291
2004-02-23,295,297,292.25,294
2004-02-24,293.5,298,291.75,297.75
2004-02-25,299.25,299.5,295.5,298.5
2004-02-26,297,303,296,302
2004-02-27,301,304.75,300.75,303
2004-03-01,304.5,304.5,300.5,302.75
2004-03-02,303.5,306.25,295,295.75
2004-03-03,294.75,299,294.5,297.75
2004-03-04,299,299,294.5,297
2004-03-05,297.5,299,295,297.25
2004-03-08,294.5,294.5,291,292.5
2004-03-09,294.25,301.75,293.75,301.5
2004-03-10,300.5,303.25,297.5,298.25
2004-03-11,299.5,302.75,298,299
2004-03-12,299.25,302,298.75,301.25
2004-03-15,304.5,308,303.75,307.5
2004-03-16,307,308.75,304.25,305.25
2004-03-17,303.75,309.25,303.25,308.25
2004-03-18,310.25,313.5,309.75,312
2004-03-19,311,314.75,309.75,312
2004-03-22,315.75,319,315.5,318.5
2004-03-23,315.5,317.75,315,315.75
2004-03-24,318,318.5,307.5,309.5
2004-03-25,309.25,311.75,305.5,306.75
2004-03-26,307.75,308.75,303.25,305.5
2004-03-29,306,306.5,301.75,305
2004-03-30,306.5,312.75,306.25,312.25
2004-03-31,317,321.75,312.25,320
2004-04-01,323.5,331.25,321.5,325.75
2004-04-02,327.5,331.25,325.5,330.5
2004-04-05,331,335.25,326.5,329.5
2004-04-06,328,329.5,325,326.75
2004-04-07,337,338.5,333.5,336.5
2004-04-08,341.5,341.5,335,336.5
2004-04-12,327.75,331,326.25,326.5
2004-04-13,322.5,325,312,314
2004-04-14,311.5,321,311.5,319.5
2004-04-15,321,321,299.5,304.5
2004-04-16,305,314.5,305,311
2004-04-19,309.5,313,308,310.25
2004-04-20,308.25,310,306.25,307.5
2004-04-21,303.5,305.75,297.5,302
2004-04-22,303.25,305.5,302.5,304.5
2004-04-23,305,307.5,301.75,305.5
2004-04-26,303,304,298,303
2004-04-27,304,315.75,304,312
2004-04-28,309.5,311,306,310
2004-04-29,309.25,315.25,308.25,313.5
2004-04-30,315.25,322.75,315.25,317.25
2004-05-03,320,321.75,316.5,319.75
2004-05-04,317,322.25,317,320
2004-05-05,318.5,318.75,313,315.25
2004-05-06,312,312,303,303.75
2004-05-07,299.5,306.5,298,304.75
2004-05-10,295.5,296.5,290.5,292
2004-05-11,292,294,289.5,293.5
2004-05-12,294,297.5,286,290.75
2004-05-13,290.5,291.75,286,289.5
2004-05-14,286,287.5,283.25,285
2004-05-17,281.5,288.5,280.25,288
2004-05-18,284.5,287.25,281.25,283.25
2004-05-19,285,290,284.5,289.75
2004-05-20,286.5,288.5,279.5,282.5
2004-05-21,282,284,278,281
2004-05-24,284,289.5,283.25,289.25
2004-05-25,294.5,297,293.5,296.5
2004-05-26,298,298,292.5,293.5
2004-05-27,296,298,289.5,291.25
2004-05-28,290,299.75,290,297.25
2004-06-01,317.25,317.25,313,317.25
2004-06-02,320.5,322,316.5,319.25
2004-06-03,314.5,314.5,309,310
2004-06-04,311,314,308.5,310.75
2004-06-07,298,305,297,303.5
2004-06-08,301.75,302.75,298.5,299.25
2004-06-09,298,303,297.75,302.5
2004-06-10,298,298,289.5,290.75
2004-06-14,290,296.5,290,294.5
2004-06-15,289.5,290.5,284,284.25
2004-06-16,287.5,289,284,286.25
2004-06-17,288,288.5,280.25,283.25
2004-06-18,280.25,286,279.5,280
2004-06-21,276,283.75,276,282.25
2004-06-22,281,281.75,276.5,277.25
2004-06-23,276,284.75,276,284.25
2004-06-24,283.5,285.5,280.5,282.5
2004-06-25,282.25,286,282.25,285.5
2004-06-28,280,281.5,277.5,279
2004-06-29,282,282.25,276.25,277.5
2004-06-30,271,271,264.75,267
2004-07-01,265.5,268.25,262.5,267.25
2004-07-02,264.25,265.25,262.25,263
2004-07-06,258,261.5,256.75,258.5
2004-07-07,258,261.75,257.5,258.5
2004-07-08,255.25,256.75,252.75,253.75
2004-07-09,253,253.75,251.75,252.25
2004-07-12,250,254.75,249,254.25
2004-07-13,253.5,254.25,251.25,251.75
2004-07-14,251,256,251,254
2004-07-15,252,253,249.75,250.25
2004-07-16,247,249.25,247,247.5
2004-07-19,245.5,246.25,243.5,245
2004-07-20,245.25,246,240.75,242
2004-07-21,239.25,239.75,233.75,234.5
2004-07-22,233.25,234.25,227.5,227.75
2004-07-23,231,233.5,230.5,232
2004-07-26,228,231.75,226.25,231.75
2004-07-27,231.5,232.25,229,230.75
2004-07-28,229.5,230.75,225.5,226.75
2004-07-29,228.5,231.5,226.5,227
2004-07-30,226,230.5,225,225.5
2004-08-02,226.5,228.75,225,227.75
2004-08-03,227.25,229,225.75,228.75
2004-08-04,228.75,232.25,227.25,231.25
2004-08-05,233,235.25,230,234.75
2004-08-06,237,237,234,236.75
2004-08-09,237.75,239,236,238
2004-08-10,235,238,234.25,235.75
2004-08-11,236.5,236.75,231.25,232
2004-08-12,229.25,230.25,226,229
2004-08-13,227.5,229.25,226.25,228.25
2004-08-16,226,233.25,225.25,233
2004-08-17,235.25,241.5,234.75,239.75
2004-08-18,238,239.25,235.25,236.25
2004-08-19,237,240.75,236.25,240.25
2004-08-20,238.5,242,237.25,241.75
2004-08-23,240.5,245.25,240,244.25
2004-08-24,243.75,243.75,240.5,242
2004-08-25,242.25,244.75,235.5,237
2004-08-26,236.75,236.75,233.5,234
2004-08-27,234.5,234.75,228.5,229
2004-08-30,231.5,239,231.5,235.25
2004-08-31,236,238,233.25,237.75
2004-09-01,241,245,237.75,242.75
2004-09-02,239.25,239.5,235.5,236.25
2004-09-03,231,233.5,230.5,231
2004-09-07,225,228.75,225,226.5
2004-09-08,226.5,228,225.25,226.75
2004-09-09,226,227.25,226,226.5
2004-09-10,223.5,224.25,220.75,222.25
2004-09-13,220.75,221.25,218.75,220.5
2004-09-14,219.5,221,217.75,218
2004-09-15,218,220,217.25,218.5
2004-09-16,219.5,219.75,216,216.25
2004-09-17,217.5,217.5,215,215.25
2004-09-20,215,215,212.5,212.75
2004-09-21,212.25,214,212.25,212.75
2004-09-22,212.75,213.25,210,210.25
2004-09-23,210.25,210.5,207,207.75
2004-09-24,207.5,207.5,205,205.25
2004-09-27,206,211,204.75,207.75
2004-09-28,207,209.75,206.5,208.5
2004-09-29,209.5,210.25,206.75,207.25
2004-09-30,205.75,206.75,204,205.5
2004-10-01,206.5,207.25,205.5,206
2004-10-04,204,204.5,202.5,202.75
2004-10-05,203.75,206,202.5,204.5
2004-10-06,203.25,209,203.25,207.25
2004-10-07,208.5,209.5,205.75,206
2004-10-08,205,206,204.25,204.5
2004-10-11,204.5,206.25,204.25,204.75
2004-10-12,199,204.5,197,202.5
2004-10-13,202.5,205.75,202.25,205.25
2004-10-14,207.25,207.25,203,204.25
2004-10-15,204.5,207.5,204.25,206.75
2004-10-18,205.5,206.5,203.75,204
2004-10-19,203.75,208,202.75,207
2004-10-20,207.5,209.5,205.5,206
2004-10-21,206.75,208.75,204,204.25
2004-10-22,203,204,201.5,201.75
2004-10-25,201.75,205.25,200.75,204.25
2004-10-26,203.75,206.5,202.5,205.5
2004-10-27,205,206.5,204.25,204.75
2004-10-28,205.25,206,204,205
2004-10-29,206.5,207.5,201.5,202.5
2004-11-01,202.5,202.5,199.25,200
2004-11-02,200.75,201.5,199.25,199.75
2004-11-03,199.25,201,198.75,199
2004-11-04,199,199.25,197.25,197.5
2004-11-05,197.25,200.75,197.25,199.5
2004-11-08,198,199.25,197.5,198
2004-11-09,197.75,199,197.75,198
2004-11-10,199.25,204,198,198.25
2004-11-11,198.25,198.5,196.75,197.25
2004-11-12,195.5,201,192,200
2004-11-15,202.5,205,202,202.5
2004-11-16,203,204,201.5,203
2004-11-17,207,208.75,204.75,205.75
2004-11-18,215,215.75,214.25,215
2004-11-19,214.25,214.25,210,210.25
2004-11-22,210.5,210.75,208,208.25
2004-11-23,208.25,209,207.75,208.25
2004-11-24,208.25,209,208,208.25
2004-11-26,209.25,209.25,206.75,207
2004-11-29,205.5,207.5,203.75,204.75
2004-11-30,205,205.5,203.5,203.75
2004-12-01,204.5,205.75,203,203.25
2004-12-02,203,204.5,202.5,204
2004-12-03,205.75,207.5,204.75,207.25
2004-12-06,209.5,209.5,208.25,209
2004-12-07,208.75,208.75,202,203.25
2004-12-08,201.75,205,201.75,204
2004-12-09,204,204,202.5,203
2004-12-10,203,204.5,201,201.25
2004-12-13,203.5,205.5,203,204.75
2004-12-14,204,206.25,203.75,206
2004-12-15,206.75,207.75,204.5,205
2004-12-16,204.75,205,202.5,203.5
2004-12-17,202.75,204.75,202,204.5
2004-12-20,206.5,208,205.5,206.5
2004-12-21,206,206.25,205,205.75
2004-12-22,205.5,206,204,205.5
2004-12-23,206.25,207.25,205.5,207
2004-12-27,208,208.75,206,207.5
2004-12-28,206.5,207.25,205.75,207
2004-12-29,206.5,207,203,203.25
2004-12-30,203.75,205.25,202,204.75
2005-01-03,203,203,201,201.75
2005-01-04,200.5,201.75,200.5,201
2005-01-05,201.75,202.75,201.25,201.5
2005-01-06,202.5,209.5,202.5,208.75
2005-01-07,209.25,209.75,205.75,206.75
2005-01-10,205.75,207,204.75,206.75
2005-01-11,207.75,207.75,206,206.75
2005-01-12,202.5,203,200,200.5
2005-01-13,199.5,200,198.25,200
2005-01-14,198.5,199.25,197,197.25
2005-01-18,195.75,197.25,195.5,196
2005-01-19,196.5,197.5,196.5,196.75
2005-01-20,197.5,198.25,196,197.75
2005-01-21,198,198.25,196.25,197
2005-01-24,199,199.75,197.25,197.75
2005-01-25,197.25,199.75,197,199
2005-01-26,199.5,200.75,198.5,198.75
2005-01-27,197.5,197.75,195.25,195.75
2005-01-28,199.75,199.75,195.25,195.75
2005-01-31,195.5,197.5,195.25,197
2005-02-01,197.75,198.25,196.75,197
2005-02-02,196,196.25,195,195.25
2005-02-03,195.25,195.25,194.25,195
2005-02-04,195,195,194.5,195
2005-02-07,195,197.25,194.75,196.25
2005-02-08,196.5,196.75,194.5,194.75
2005-02-09,194.5,195.75,194.5,195
2005-02-10,196.5,199.75,196.5,198.25
2005-02-11,199,199,196.5,198.25
2005-02-14,201.5,201.75,198.5,200.5
2005-02-15,207.25,208.25,206.5,207.5
2005-02-16,205,205.75,204,204.25
2005-02-17,206.25,207.5,205.5,207
2005-02-18,206.75,208.75,206.5,207.75
2005-02-22,211.5,217,210.25,215.25
2005-02-23,214,214.25,212.5,213.75
2005-02-24,213.25,214.75,212.25,213.5
2005-02-25,216,223,214.75,221.5
2005-02-28,224.75,225,219.5,222.75
2005-03-01,221.5,221.75,219,219.25
2005-03-02,224,224,217.75,219
2005-03-03,217.5,218.25,216,218
2005-03-04,218.25,219.25,216.75,217
2005-03-07,217.25,217.5,212.75,213.25
2005-03-08,212.5,215.25,211.75,214.25
2005-03-09,215,216.5,213.25,216.25
2005-03-10,215.5,220.5,214.5,220
2005-03-11,220,225,219.75,224.75
2005-03-14,223,223.5,220.25,221
2005-03-15,225,231,223.25,228.5
2005-03-16,227.25,229.75,225.25,225.5
2005-03-17,223.25,224.5,221.5,223.5
2005-03-18,222,222,219.25,219.75
2005-03-21,217.5,217.5,213,214.5
2005-03-22,214,216.25,213.75,214
2005-03-23,209.5,211.75,209.25,210.75
2005-03-24,209.75,210.75,209.25,210.5
2005-03-28,209.75,213.25,209.25,212.75
2005-03-29,212.25,214.5,211.5,213
2005-03-30,214,214.5,212.25,212.5
2005-03-31,214.25,218.25,211.5,213
2005-04-01,213,213.75,209,212.75
2005-04-04,210,211.75,209.5,209.75
2005-04-05,207.5,208,205.25,205.5
2005-04-06,206.25,208.25,206,207.25
2005-04-07,207,207.25,205.25,205.5
2005-04-08,205,205.5,203,204
2005-04-11,203.75,206,203,205.75
2005-04-12,214.5,215.5,213.25,215.25
2005-04-13,214,214.5,211.75,214.25
2005-04-14,214.25,217.25,214,215.75
2005-04-15,216,216,213.5,214.25
2005-04-18,213.25,214.5,211.75,212.5
2005-04-19,213.25,218.25,213,217.75
2005-04-20,218.25,219.5,217.25,219
2005-04-21,217.75,220,217.25,219.5
2005-04-22,219,219.5,217,217.5
2005-04-25,221,223.75,220.25,222.25
2005-04-26,222.25,222.5,220.25,221.75
2005-04-27,222.25,222.25,216.25,217
2005-04-28,217.5,217.5,212.5,213
2005-04-29,212.75,215,212.5,213.5
2005-05-02,209,210.5,208.5,209
2005-05-03,208.25,208.75,204.5,205
2005-05-04,205.5,207.75,205.5,206
2005-05-05,207.25,208.5,205,208
2005-05-06,206.25,209,206,208.25
2005-05-09,209.5,210,206.5,207.75
2005-05-10,208,209.75,207.5,208.25
2005-05-11,207,207.25,205.75,206.5
2005-05-12,205,205.5,203,204.25
2005-05-13,203.25,204.25,203,203.5
2005-05-16,206,207.5,205.75,207
2005-05-17,206.25,207.75,205.5,207.5
2005-05-18,207.75,212.5,207.75,210.75
2005-05-19,210,211.5,209.25,209.5
2005-05-20,212,214.25,211.25,213.25
2005-05-23,219,225,219,224.5
2005-05-24,224,224.5,220.25,221.25
2005-05-25,224.5,227.5,218.5,222.75
2005-05-26,222.5,225.5,220.5,225
2005-05-27,222.5,224,220.5,221.25
2005-05-31,227.5,227.5,219.75,222
2005-06-01,222,225.5,221.25,224.5
2005-06-02,222,222,216,217
2005-06-03,217.5,219,216.75,218.25
2005-06-06,225,225.5,220.5,220.75
2005-06-07,223.5,223.5,219,220.25
2005-06-08,217.75,219,214.75,216
2005-06-09,213.5,216.75,213,215.5
2005-06-10,217.5,217.75,209,210
2005-06-13,211,217,211,215
2005-06-14,214,219.5,213.25,219
2005-06-15,232.5,236,231.25,233.75
2005-06-16,236,236.25,232,234.75
2005-06-17,237.75,238.75,235.75,238.5
2005-06-20,244,246,241.5,245.25
2005-06-21,241.5,244.5,241,242
2005-06-22,246,246.5,237.75,238.75
2005-06-23,238,240,235.25,235.75
2005-06-24,239.5,242.75,239,242
2005-06-27,236.5,237,225,231.25
2005-06-28,229,231,226,227.75
2005-06-29,231,231,224.75,226
2005-06-30,223,224.25,219,222.25
2005-07-01,224,226,222.5,225.5
2005-07-05,230.75,244,230.25,240
2005-07-06,240.5,242.75,238.5,239.75
2005-07-07,234,244.5,234,241.75
2005-07-08,237,238.5,233,234.75
2005-07-11,233,237.5,231.5,235.25
2005-07-12,236,237,231,235.5
2005-07-13,236.5,247,235.5,244.75
2005-07-14,249.5,254.5,247.75,250.5
2005-07-15,255,258.25,250.5,257.75
2005-07-18,267,273,260.5,270
2005-07-19,267.5,267.5,254.5,259
2005-07-20,253.5,255,247.5,252.25
2005-07-21,246,247,243,244.75
2005-07-22,247,248,243,244.75
2005-07-25,242,243.5,238.5,241.25
2005-07-26,245,249.25,243.5,245.25
2005-07-27,246,248.25,244.5,247.75
2005-07-28,251,252.75,250.25,252.5
2005-07-29,252,252.5,248,248.25
2005-08-01,247,251,243.25,244.25
2005-08-02,246.5,247.5,242.25,245.5
2005-08-03,245.5,246.25,237.25,240
2005-08-04,238.5,239.5,237,237.5
2005-08-05,235,236.25,232.75,234.5
2005-08-08,235,239.5,234.75,235.75
2005-08-09,231.5,234.5,230.5,232.75
2005-08-10,232.5,237,232.25,236.5
2005-08-11,236.5,238.75,236,238.25
2005-08-12,231,236,230,231
2005-08-15,226.5,227.25,223,223.25
2005-08-16,224,225.75,222,222.25
2005-08-17,221.5,226.75,221.25,226.5
2005-08-18,227,228,224.5,224.75
2005-08-19,223.5,226,222,223.5
2005-08-22,225.5,226.75,224.5,226
2005-08-23,227,228.5,223.5,224
2005-08-24,223.25,224.5,221.75,222.25
2005-08-25,222.5,223.5,218.75,219.75
2005-08-26,219.75,220,217,217.75
2005-08-29,220.75,222,219.25,219.5
2005-08-30,218.75,221.75,218,218.5
2005-08-31,220,220.5,215,216.5
2005-09-01,217.5,222.5,216.75,222.25
2005-09-02,220,220.5,216.75,217.25
2005-09-06,218.5,222.25,218.25,221.25
2005-09-07,219.75,220,216.5,217.5
2005-09-08,216.5,218.25,215.75,216.25
2005-09-09,216.75,216.75,215.75,216
2005-09-12,210,211.75,206,211.5
2005-09-13,210.5,210.5,208.5,210
2005-09-14,209.5,209.75,207,207.75
2005-09-15,206.5,208,205.75,206.5
2005-09-16,206.5,208,205.5,206.25
2005-09-19,204.75,206.25,204.5,205.25
2005-09-20,205.5,206.25,204.5,205.5
2005-09-21,205.75,206,203.75,205.25
2005-09-22,205,208.75,205,206.75
2005-09-23,207.5,208.5,205.5,205.75
2005-09-26,205.25,205.25,203,203
2005-09-27,202.5,203.25,201.75,202
2005-09-28,201.75,204,201.5,202
2005-09-29,203.5,204.75,202.5,203.5
2005-09-30,202.75,205.75,202.75,204.5
2005-10-03,205.25,208.25,203.75,208
2005-10-04,206,206,203.5,204.75
2005-10-05,204.5,205,203.25,203.75
2005-10-06,204.25,204.25,202.5,203
2005-10-07,203.25,203.25,201,201.5
2005-10-10,201.25,201.5,200.5,200.75
2005-10-11,202.75,203,201,201
2005-10-12,201.5,206.25,201.5,204.25
2005-10-13,204,204,201.5,202
2005-10-14,201.75,202.5,199.75,202.5
2005-10-17,201.75,203.25,200,202.5
2005-10-18,202.25,202.25,200.5,200.5
2005-10-19,200.75,201,200,200.75
2005-10-20,200.25,201.75,200,201.75
2005-10-21,200.25,200.5,199.75,200.25
2005-10-24,200,200.25,198,198
2005-10-25,197.75,199.25,197.5,198
2005-10-26,197.75,198,196.75,196.75
2005-10-27,197,197,196.25,196.25
2005-10-28,196.5,196.5,195.75,196
2005-10-31,195.5,195.75,194.75,194.75
2005-11-01,195.25,197.25,195,195.5
2005-11-02,194.75,195.5,194.5,194.5
2005-11-03,195.75,196.25,195,195
2005-11-04,195.25,195.5,194,194
2005-11-07,193.75,194,193,193.25
2005-11-08,193.5,194.5,193.25,194.25
2005-11-09,193.75,194.75,193.25,194
2005-11-10,194.25,194.25,192.25,192.25
2005-11-11,192.5,194.75,192,194.25
2005-11-14,195.5,198.25,194.75,195.75
2005-11-15,196.25,197.25,194.25,194.5
2005-11-16,194.75,194.75,191,191.25
2005-11-17,190.75,191.5,190.5,190.75
2005-11-18,190.5,191,189.5,189.75
2005-11-21,190.5,191,190,190.25
2005-11-22,191,191.25,190,190.25
2005-11-23,190,190.5,189.25,189.25
2005-11-25,203.75,204.25,202.5,202.75
2005-11-28,200.25,201,199.75,200
2005-11-29,199.5,200.25,198.75,198.75
2005-11-30,199.5,200.25,199.25,200.25
2005-12-01,201.5,202.5,199.25,202.5
2005-12-02,202.75,203.25,201.25,201.75
2005-12-05,202,206.75,201.75,205.75
2005-12-06,205,205,201.75,202.5
2005-12-07,202,202.25,198.75,199.25
2005-12-08,200.25,201,198.75,200.5
2005-12-09,201.75,202.5,198,202.5
2005-12-12,204.75,207.75,204.25,206.25
2005-12-13,206.5,207.25,202.75,207.25
2005-12-14,207.5,208.25,205,205.5
2005-12-15,204.5,204.75,203,203
2005-12-16,204.25,207.25,204.25,206.25
2005-12-19,207,208.25,205,207.25
2005-12-20,207.75,210.5,206.75,208.25
2005-12-21,207,208.75,206.25,208.75
2005-12-22,209.5,211.5,209,211.5
2005-12-23,211.25,212.75,210.75,212.25
2005-12-27,212.75,214.25,211,214.25
2005-12-28,214,215.5,213.25,214.75
2005-12-29,214,214,208.75,209.5
2005-12-30,209.25,215,207.75,214
2006-01-03,216.25,219.25,214.75,218.5
2006-01-04,218,218,214.75,216.5
2006-01-05,216.25,216.25,211.5,214
2006-01-06,214.75,215,212,212.75
2006-01-09,210.25,210.5,208.25,209.5
2006-01-10,209.75,212,209.25,212
2006-01-11,211.75,213.25,211,213
2006-01-12,211.25,211.5,208.25,211.25
2006-01-13,211,212.5,210.75,212
2006-01-17,211,211,206.75,207.25
2006-01-18,205.25,205.25,203.5,204.5
2006-01-19,204.75,205.25,203.25,203.5
2006-01-20,204,204.25,202.25,203.5
2006-01-23,205.25,207,204,207
2006-01-24,206.75,212,206.25,211.75
2006-01-25,213,216.5,213,214.75
2006-01-26,213.75,215.5,212.5,215.5
2006-01-27,216.75,219,215.25,217.5
2006-01-30,220,220.5,215.5,216
2006-01-31,216.5,217.75,214.75,217.5
2006-02-01,215,216,213.75,214.25
2006-02-02,214.75,219.5,214,219
2006-02-03,220,224.25,219.5,223.75
2006-02-06,224.75,225.5,220.25,220.75
2006-02-07,221.75,222.25,216.5,216.5
2006-02-08,215,223,215,220
2006-02-09,221,225,220,224
2006-02-10,221.25,223,218.75,219.5
2006-02-13,218.5,220,217,219.5
2006-02-14,218.25,219,215.75,217
2006-02-15,216.75,220.75,215.75,220.75
2006-02-16,221.5,222.75,219.75,222
2006-02-17,222.25,225.5,222,225
2006-02-21,224.5,225,223,224.75
2006-02-22,224.5,224.5,219.75,220.25
2006-02-23,219.75,222.5,218,221.75
2006-02-24,224.5,228,224.25,227.75
2006-02-27,236,237.75,235,237.25
2006-02-28,236.5,238.25,236.5,237
2006-03-01,236.75,236.75,232.75,233.25
2006-03-02,232.25,238.25,231.5,237.75
2006-03-03,237.25,238.5,236.25,237.75
2006-03-06,233.5,234.25,230.25,230.25
2006-03-07,230.75,232.25,228.75,229
2006-03-08,227.75,228.75,226.5,226.5
2006-03-09,227.75,231,227.75,231
2006-03-10,229,234.25,228.75,233
2006-03-13,229.5,230,226.5,227.25
2006-03-14,226.5,230.5,224.25,230.5
2006-03-15,230,231.5,226,227.5
2006-03-16,227.25,228,222.5,222.5
2006-03-17,222.75,223.5,219.25,220
2006-03-20,218.75,220.25,215.5,216.25
2006-03-21,216.5,222.5,216.25,222
2006-03-22,222.5,223.75,219.75,221
2006-03-23,220.25,220.5,217.25,217.5
2006-03-24,218.75,219.75,216.75,217.75
2006-03-27,218.75,221.5,218.25,219.75
2006-03-28,220.75,221.5,219,220
2006-03-29,221.5,223.5,221.5,222
2006-03-30,223,226.25,223,225
2006-03-31,226.5,240.5,226.5,236.25
2006-04-03,236.75,236.75,233.75,235
2006-04-04,234.25,234.25,232,233
2006-04-05,233.25,235.25,232.75,234.75
2006-04-06,236,240.25,236,240.25
2006-04-07,238,242.25,236.5,241.5
2006-04-10,241.75,241.75,238,239.75
2006-04-11,238.5,241,237.5,240.5
2006-04-12,240,240.25,235.25,235.5
2006-04-13,234,236.25,233.5,234.5
2006-04-17,239.25,239.25,234,234.75
2006-04-18,237.25,238.75,236,238
2006-04-19,239.5,240.25,237,237
2006-04-20,237.25,237.25,232.75,234
2006-04-21,233.5,236.75,232.75,235.5
2006-04-24,238,238,231.25,231.25
2006-04-25,230.75,232.25,228.5,229.75
2006-04-26,230,242,229,242
2006-04-27,239.75,242,239,241.5
2006-04-28,244.75,249,243,247.5
2006-05-01,248.75,250,246.25,247
2006-05-02,245.25,246.25,242,242.5
2006-05-03,243.75,243.75,239.25,241.25
2006-05-04,240.5,242.5,237.75,238.25
2006-05-05,241,244,240,240.5
2006-05-08,235.4,238.2,235.4,236.6
2006-05-09,238.4,240,237.4,238.4
2006-05-10,240,243,239.2,240.4
2006-05-11,242.6,247.4,242.2,247
2006-05-12,261,262,256,258
2006-05-15,259,260.4,255.6,260.2
2006-05-16,259,260,257,259
2006-05-17,260.25,263.5,257.5,263
2006-05-18,263,263.5,259.5,260.25
2006-05-19,257.5,257.5,252.5,252.75
2006-05-22,248.5,255,248.5,254.5
2006-05-23,254.75,256,250.5,253
2006-05-24,251.75,251.75,248,249.5
2006-05-25,249.25,253.75,248.75,253.25
2006-05-26,255,257.5,253.75,254
2006-05-30,257.25,257.75,253.25,254.5
2006-05-31,250.25,254,250.25,251.25
2006-06-01,247.5,255.75,247.5,254.5
2006-06-02,254.25,260,254.25,259.5
2006-06-05,257,257.75,252,253
2006-06-06,251,251,247.5,247.75
2006-06-07,248,251.75,244.5,251
2006-06-08,248.25,248.5,245,245.5
2006-06-09,245.75,247.5,240.25,242
2006-06-12,248,251.25,247.25,247.5
2006-06-13,243.75,247,242.25,243.25
2006-06-14,243.75,244.5,236.75,237
2006-06-15,236.25,238.75,232,233
2006-06-16,235,236.5,233.75,235.5
2006-06-19,231.25,232,229.5,229.75
2006-06-20,229.25,230.5,228,229.75
2006-06-21,230.25,233.5,229.75,232.75
2006-06-22,232.5,233.5,229.75,230.5
2006-06-23,229.5,230.25,227.75,228.25
2006-06-26,224,224.5,221,223
2006-06-27,222.5,225.75,222,225.25
2006-06-28,227,228.5,225.5,226
2006-06-29,228,230,227.25,228.5
2006-06-30,232,236,232,235.5
2006-07-03,238.5,244,237.5,243.25
2006-07-05,243,243,238.25,239.5
2006-07-06,251.5,256.75,251.5,255
2006-07-07,250,252,248,251
2006-07-10,255.25,261.25,255.25,257.25
2006-07-11,264,265,260,264
2006-07-12,266,268.75,259.25,268.25
2006-07-13,263.25,265.25,260,260.25
2006-07-14,260,263.5,258.5,260.75
2006-07-17,258.25,259.25,251.5,251.75
2006-07-18,251.75,252,244.25,246.5
2006-07-19,242,246.75,238.75,244.75
2006-07-20,245,248.25,241,242.5
2006-07-21,238,239,235.25,237.25
2006-07-24,238.5,240.5,237.75,239
2006-07-25,243,244.25,239.25,239.5
2006-07-26,239.5,239.5,235.75,236
2006-07-27,236.5,238.5,235.75,237.75
2006-07-28,239,239.25,236.5,237.25
2006-07-31,240.5,240.5,237,239
2006-08-01,238.5,242,237.25,240.5
2006-08-02,243,248.5,242,247.25
2006-08-03,245.75,247.25,244.25,245
2006-08-04,248.5,248.5,243.75,245
2006-08-07,242,242,238.75,239.75
2006-08-08,237.25,238.25,235,235.75
2006-08-09,237,240,236.75,239.75
2006-08-10,239.25,240.5,238.5,238.75
2006-08-11,233,233,224.5,224.75
2006-08-14,222,222.5,218,222
2006-08-15,221.5,222.75,218.5,222
2006-08-16,224.5,225.25,221.25,221.5
2006-08-17,221.75,222.75,217.75,219
2006-08-18,217.5,220,217.25,219.75
2006-08-21,219.5,221.25,219.5,221
2006-08-22,221.25,221.25,218.5,219.5
2006-08-23,219.25,225,219.25,223.5
2006-08-24,224.5,227.75,224,227.5
2006-08-25,226.25,228.25,223.5,225
2006-08-28,226,227,224,224.5
2006-08-29,223.5,225.25,222.5,222.75
2006-08-30,222,229,222,228.5
2006-08-31,228.75,232.25,227,232
2006-09-01,231,231.75,229.5,230
2006-09-05,233.5,234,228.25,228.75
2006-09-06,243.5,244,240.5,240.75
2006-09-07,239.75,246.25,238.25,245.75
2006-09-08,245,248.25,244.5,246
2006-09-11,243.75,244.5,239.75,243.5
2006-09-12,239.75,241,237.25,237.75
2006-09-13,237.25,240.5,237,237.75
2006-09-14,240,240.25,236.75,237.25
2006-09-15,237.25,242.5,236,241.75
2006-09-18,244,248.75,244,247.75
2006-09-19,247,249.5,244.75,246.5
2006-09-20,247.75,249.5,246.5,249
2006-09-21,251,257.75,250.75,257.25
2006-09-22,255,257.75,254.75,255.25
2006-09-25,252.75,255.75,252.5,254.75
2006-09-26,256,260,256,259
2006-09-27,259.75,260.25,253.5,253.75
2006-09-28,254,264.75,254,264.25
2006-09-29,265.5,267.75,261.5,262.5
2006-10-02,269.5,269.5,265.25,267.75
2006-10-03,265,265,261.75,264
2006-10-04,265.25,276,261.75,274.25
2006-10-05,275,276.25,269.5,271.75
2006-10-06,272.75,275.75,270.25,271
2006-10-09,276,291,276,289.5
2006-10-10,288.5,288.5,275,275.5
2006-10-11,277,289.5,277,284
2006-10-12,304,304,297.5,298.25
2006-10-13,301,317,301,314.5
2006-10-16,315.5,317.75,309.5,316.75
2006-10-17,324.5,324.5,316.5,321
2006-10-18,317.5,318.5,313.5,315.5
2006-10-19,320.75,321.5,314.25,316
2006-10-20,317.5,317.5,311.5,312.75
2006-10-23,308,320.25,307.25,318.25
2006-10-24,318,326.75,316.25,324.25
2006-10-25,327.5,333.75,325,327
2006-10-26,324.5,328.5,321.75,327
2006-10-27,331.5,334,327.5,332.5
2006-10-30,330.5,332.5,327.25,329.5
2006-10-31,325,326.75,320,320.75
2006-11-01,322.25,334,320.75,333.5
2006-11-02,346,353.5,343.5,344.75
2006-11-03,340.5,348,340.5,342.25
2006-11-06,344.75,345.5,339.25,343.5
2006-11-07,342.75,352.5,341.25,351
2006-11-08,358,367,355.75,357.75
2006-11-09,360,360,349.5,350
2006-11-10,348.5,348.5,342.25,343.25
2006-11-13,349,349.75,341.5,342.5
2006-11-14,342,361.5,341.5,357.75
2006-11-15,359.75,365.75,355.5,358.25
2006-11-16,360.25,365,350,351.5
2006-11-17,353,356,346,355.25
2006-11-20,367,372,358,360
2006-11-21,360,362,357.5,361.25
2006-11-22,364.5,365.5,357.5,362.75
2006-11-24,364.5,370,362,369.25
2006-11-27,373.5,374.75,366.5,371.5
2006-11-28,368,369.5,364.5,368.75
2006-11-29,364,371,361.5,370.25
2006-11-30,375.5,378,365.5,377
2006-12-01,376,376,371.5,374
2006-12-04,369.5,369.5,359.5,362.75
2006-12-05,373.5,379,371.25,378
2006-12-06,373.5,373.5,365,366
2006-12-07,366.5,373.75,365,372.5
2006-12-08,370.5,375,368,368.5
2006-12-11,370.5,374.5,363.5,370.75
2006-12-12,373,376,371,372.75
2006-12-13,369.75,371,365.5,368.25
2006-12-14,367,374,366.25,371.75
2006-12-15,370,372,366.5,369
2006-12-18,365,366,362,365.75
2006-12-19,365.5,373.25,365.5,373
2006-12-20,375.5,375.75,370.5,372.75
2006-12-21,375.25,376.75,373.75,376.25
2006-12-22,378.25,382.75,376.5,382.25
2006-12-26,383.75,387.25,383.25,386.75
2006-12-27,386,386,382.25,385.5
2006-12-28,389.25,390,385.25,387.5
2006-12-29,389.25,389.25,386.25,388.25
2007-01-03,380,380.5,368.75,368.75
2007-01-04,364,371,359.5,361
2007-01-05,361.5,367,358.25,367
2007-01-08,362.25,364.75,360,361.25
2007-01-09,355.75,358,352.75,352.75
2007-01-10,353.5,361.75,351.5,359.75
2007-01-11,369,378.75,366.25,378.75
2007-01-12,375,395,375,395
2007-01-16,415,415,401.5,403
2007-01-17,407.25,418.75,403.75,407.5
2007-01-18,416.25,416.25,404.25,411
2007-01-19,407,412.5,404.5,405.5
2007-01-22,402.75,407.25,399.75,406
2007-01-23,408.25,409,403.75,407.75
2007-01-24,399.75,401.25,396.25,399.5
2007-01-25,403.25,406,397.5,405.75
2007-01-26,405.5,406.25,400.75,404.25
2007-01-29,403,403,394.75,398.5
2007-01-30,395.5,404,394.75,403
2007-01-31,402.5,407.75,401.75,403
2007-02-01,405.25,406.75,395.5,396.25
2007-02-02,396.5,404,393.75,400.75
2007-02-05,402.75,402.75,396.5,400.5
2007-02-06,401.75,401.75,395,395.25
2007-02-07,396.75,398,390,391
2007-02-08,392.25,399.5,391.25,398.75
2007-02-09,401.75,408,396.75,404.75
2007-02-12,405.75,406.25,401.5,402.75
2007-02-13,404,410,403.25,409.5
2007-02-14,412,412,403.75,407.25
2007-02-15,411,411.25,403.5,406.25
2007-02-16,405.75,416.25,404.5,415.25
2007-02-20,416,416.5,412.75,414.5
2007-02-21,413.5,426.75,412.5,424.75
2007-02-22,426.5,433.5,424.75,433
2007-02-23,431,432.75,426.75,427.75
2007-02-26,433.75,434.5,423.75,423.75
2007-02-27,429.5,430.5,418.75,423.25
2007-02-28,426,434.75,423.25,434.5
2007-03-01,429.75,429.75,415.5,426.5
2007-03-02,419,428,417,419.25
2007-03-05,411.75,425,411.75,425
2007-03-06,427.25,427.25,419.75,419.75
2007-03-07,418,426,417.5,422.25
2007-03-08,423.75,427.5,419.75,420.25
2007-03-09,419,421,415,415.75
2007-03-12,413.2,416.4,406,407.75
2007-03-13,407.25,410.75,400.5,405.75
2007-03-14,400.5,403,394.75,403
2007-03-15,404.75,405.25,396,396
2007-03-16,393.25,403.5,391.25,398.5
2007-03-19,399,399.5,392,396.25
2007-03-20,396,404.25,393.75,403.75
2007-03-21,405.5,410,402.75,408
2007-03-22,407,408.75,404.75,407.5
2007-03-23,408.75,410.5,401.25,402.75
2007-03-26,398.5,398.5,383.75,390
2007-03-27,387.75,392.5,387.75,391
2007-03-28,394,394,383,387.25
2007-03-29,388,396.25,383.75,393.25
2007-04-02,353.75,356.75,353,353
2007-04-03,357.25,357.5,341.75,345
2007-04-04,351.75,361.5,351.75,358.25
2007-04-05,359.25,365.75,358.75,364.75
2007-04-09,378,379.5,359.25,362.25
2007-04-10,358.75,372,358,367.25
2007-04-11,366.5,366.5,357.5,358.5
2007-04-12,355.25,359.75,347.75,357
2007-04-13,361.5,368,360.5,367.25
2007-04-16,361.5,367.25,359,362.75
2007-04-17,365.75,368,351.5,351.5
2007-04-18,352.5,365,350.25,362.75
2007-04-19,366.25,371,361,369.5
2007-04-20,365,366.25,357.5,358.5
2007-04-23,354.5,354.5,348,350.25
2007-04-24,350.75,360.25,350.75,359.5
2007-04-25,364.75,379,364.5,370
2007-04-26,386.5,386.5,368.5,374.5
2007-04-27,368.5,373.25,366,371.5
2007-04-30,362.75,370.75,361.75,366
2007-05-01,365.25,376.5,363,376
2007-05-02,378,382,374.5,380.25
2007-05-03,385.75,395,385.75,387.75
2007-05-04,388.25,391,384.25,389.25
2007-05-07,390.5,390.5,376,377.75
2007-05-08,362.5,366,361.75,362
2007-05-09,364.75,366.25,359.25,364.75
2007-05-10,365,365,352.75,352.75
2007-05-11,359.25,368.5,357,368.5
2007-05-14,365,370,361.5,361.5
2007-05-15,361.75,372.5,354.75,369.5
2007-05-16,370,375.75,367.5,374.75
2007-05-17,373.75,377,370,372
2007-05-18,377.75,378,368.75,368.75
2007-05-21,375,380.5,372.25,380
2007-05-22,376.25,379,366.25,368
2007-05-23,372,372,365.75,367.25
2007-05-24,369.5,376.75,369.25,374.75
2007-05-25,377.75,378,369.5,374
2007-05-29,370.25,370.25,361.75,364
2007-05-30,366,382,365.25,380.25
2007-05-31,384.25,394,383.25,388.5
2007-06-01,385.75,391.75,384.25,385.25
2007-06-04,386.25,387.75,382,382.75
2007-06-05,386.25,388.5,376.25,378
2007-06-06,377.25,379,370,373.25
2007-06-07,373,384.5,370.75,384
2007-06-08,378,385,375,380.75
2007-06-11,393,399,389.5,396
2007-06-12,394.25,395.5,386.25,392
2007-06-13,390.25,404.75,390,403.5
2007-06-14,408.25,412,401.5,409
2007-06-15,416.25,421.75,415,417.25
2007-06-18,423.75,423.75,412.75,413.5
2007-06-19,407.25,409,394.5,394.5
2007-06-20,389.5,399.25,389.5,392
2007-06-21,390.75,391.75,381.25,384
2007-06-22,377,377,364.75,365.5
2007-06-25,359.5,364.5,356,356.25
2007-06-26,359.25,362.25,354.75,355.75
2007-06-27,356,356,339.5,344
2007-06-28,353.5,354.75,347.5,347.75
2007-06-29,343.5,352.5,332.25,340.5
2007-07-02,339.25,342.25,334,338
2007-07-03,335.25,335.25,325,326.5
2007-07-05,327,335,327,330.5
2007-07-06,335.5,341.25,334.5,340
2007-07-09,335,339.75,332.75,337.5
2007-07-10,340.5,346.25,338.75,344
2007-07-11,343.25,345.25,340,341.75
2007-07-12,344.5,350.25,338.75,349.25
2007-07-13,348.5,355.25,345.5,353.5
2007-07-16,333.25,335.25,333.25,333.25
2007-07-17,329.25,331.75,316.5,322.5
2007-07-18,321,326.5,321,325.5
2007-07-19,321.25,322,315,319.5
2007-07-20,325,325.5,314,316.25
2007-07-23,316.75,316.75,307.25,308.5
2007-07-24,312.5,314.5,308.25,311.4
2007-07-25,309.75,314.5,309.25,310.5
2007-07-26,316.5,324.5,312.5,316.25
2007-07-27,316,320.75,314.25,320.25
2007-07-30,321.75,323.25,312,323.25
2007-07-31,322.75,325,320.25,324.25
2007-08-01,324.75,326.25,315.75,317.25
2007-08-02,325.5,326.5,321,322.75
2007-08-03,325.25,327.5,320.75,325
2007-08-06,315.5,325.25,315,323.5
2007-08-07,323.25,333.75,323,333.75
2007-08-08,335.75,341,335.75,339
2007-08-09,339.5,339.5,330,330
2007-08-10,331.5,335.25,323.25,331.25
2007-08-13,335.75,335.75,329,329.25
2007-08-14,329.5,333.5,323,326
2007-08-15,326.25,332,322.75,326.75
2007-08-16,320.5,321.5,308,320.25
2007-08-17,323.4,327.5,319.25,327.5
2007-08-20,326,331,324.25,330.75
2007-08-21,331,338.75,331,337
2007-08-22,342,346.5,339.5,345.5
2007-08-23,351,353,342.75,343.75
2007-08-24,343,343.5,339.5,340.25
2007-08-27,333.5,335.25,330.75,334.25
2007-08-28,334,334.5,324.5,325.75
2007-08-29,325,327.75,320.25,321
2007-08-30,338,346.25,336.75,337.5
2007-08-31,338.25,343.75,338.25,339.5
2007-09-04,343,355.5,343,352.25
2007-09-05,354.25,355.25,343.75,344.5
2007-09-06,338.75,339.5,336,337.75
2007-09-07,337,349.2,335.4,347.4
2007-09-10,347.5,347.5,341,344.75
2007-09-11,341.75,343.5,337.25,339
2007-09-12,338.25,357.25,337.25,355.5
2007-09-13,353.75,357,342.25,345.5
2007-09-14,349,354.2,345.2,349
2007-09-17,349.75,352.75,348,350.5
2007-09-18,352,354,344.2,352
2007-09-19,347.2,358.6,347.2,358.2
2007-09-20,365.25,373,365.25,367.5
2007-09-21,371.25,375.25,370,375.25
2007-09-24,377.25,377.25,369.5,371.5
2007-09-25,371.25,373.75,369.75,369.75
2007-09-26,370,374.25,369.5,374.25
2007-09-27,379.5,387.75,379,385
2007-09-28,383.25,383.25,368.5,371.75
2007-10-01,372,374,366.75,367.5
2007-10-02,357.25,357.25,347.25,347.25
2007-10-03,342.75,349.25,340.75,343.25
2007-10-04,345,346.25,339.5,341
2007-10-05,339.5,342,338.25,341
2007-10-08,337.75,338.5,333.75,338.5
2007-10-09,338.75,346.75,338.25,341
2007-10-10,345.75,346.75,343.25,345.75
2007-10-11,346.25,346.25,340,342.75
2007-10-12,351.25,355.25,346.5,349.5
2007-10-15,354,361,352.25,361
2007-10-16,358,360,353.5,358.25
2007-10-17,356.5,358.5,354.5,356.25
2007-10-18,362.5,366,361,366
2007-10-19,367.25,369.5,362.75,368.25
2007-10-22,368.75,368.75,357.5,362.75
2007-10-23,365.75,366.25,358,359
2007-10-24,357,359.75,354.5,355
2007-10-25,359,365.5,358,365.25
2007-10-26,369.25,372.75,369,371.25
2007-10-29,376,378,373.75,374.75
2007-10-30,369.75,371.75,367.5,369
2007-10-31,369.5,378,369.5,374.25
2007-11-01,373.75,373.75,365,367
2007-11-02,370,379.25,369.25,375.75
2007-11-05,372.25,376,371,373
2007-11-06,379.5,385.5,379,384.75
2007-11-07,384.25,388.75,381,383
2007-11-08,382.75,388.5,382.75,388
2007-11-09,387,387.5,379.5,385.25
2007-11-12,377.75,380.5,376.5,377.5
2007-11-13,379.75,379.75,372.75,372.75
2007-11-14,376,383.25,376,381.5
2007-11-15,377.75,379.5,373.25,373.25
2007-11-16,376,379.75,376,378
2007-11-19,382,382,375,376.25
2007-11-20,377.5,384.5,377.5,379.25
2007-11-21,377.75,380.75,376,380.25
2007-11-23,382.75,388.25,382.75,387.5
2007-11-26,389.5,389.75,381,384.25
2007-11-27,382.6,383.4,380.25,382.25
2007-11-28,379.5,386.25,379,385.75
2007-11-29,404.75,405.75,398.25,399.25
2007-11-30,396.25,403.5,394.25,401.5
2007-12-03,399,408,398.75,402
2007-12-04,405.75,411.75,405.75,409.5
2007-12-05,410,411.25,406.75,409.75
2007-12-06,407.5,411.5,407.5,410.75
2007-12-07,411.25,416,410.25,416
2007-12-10,416.25,418,414,416
2007-12-11,416.75,423.25,414.25,422.75
2007-12-12,422.5,432.25,422.5,431.75
2007-12-13,431,437.25,427.75,434
2007-12-14,433.5,438.25,432,436.5
2007-12-17,438.75,438.75,430,437.5
2007-12-18,433.5,434.5,430,430.25
2007-12-19,433.5,435,431,433.25
2007-12-20,433.75,436.25,430.25,436.25
2007-12-21,437.25,445.75,437.25,441.5
2007-12-24,441,443,439.75,442.75
2007-12-26,446,453.25,446,450.5
2007-12-27,450.75,453.5,449,453.5
2007-12-28,454.25,455.25,450.25,451
2007-12-31,449.5,455.25,447.75,454.25
2008-01-02,458.5,467.75,458.25,460.75
2008-01-03,467,467,459.5,464.25
2008-01-04,460,467.25,458.75,465.5
2008-01-07,465,466.5,460.5,464.75
2008-01-08,469.5,478.5,469.5,476.75
2008-01-09,478.25,480,474.75,475.25
2008-01-10,474.5,476.5,469.75,473.75
2008-01-11,493.5,493.5,493.5,493.5
2008-01-14,511.5,513.5,506.75,510.75
2008-01-15,506.25,516.5,504.5,507.5
2008-01-16,501.5,502.75,496,501
2008-01-17,507.75,512.25,499,501
2008-01-18,496.75,501,493.5,496.25
2008-01-22,490,497,480,487.75
2008-01-23,485.5,485.5,467.5,467.5
2008-01-24,472.75,487.75,472.75,487.75
2008-01-25,497,502.75,492.25,496.75
2008-01-28,493,501.5,489,500.75
2008-01-29,501.75,505,495.5,499.25
2008-01-30,497.75,500,493,496.5
2008-01-31,493.75,503.5,490.5,500.25
2008-02-01,503.5,507.25,498.25,499.75
2008-02-04,504,509.25,501.75,509
2008-02-05,505.25,509.5,503.5,508.5
2008-02-06,512.75,527,499,500.5
2008-02-07,502,502,489.75,498
2008-02-08,508,517.5,501.75,507.5
2008-02-11,498,502.75,491,502.75
2008-02-12,500.5,503.25,493.5,495.5
2008-02-13,493,497,491.25,494.5
2008-02-14,500.5,510.75,500.5,510
2008-02-15,513.5,515.25,509,514
2008-02-19,513,523,513,518.75
2008-02-20,518,522.5,512,522.5
2008-02-21,524,524,515.5,523
2008-02-22,521.25,522.75,517.5,520.5
2008-02-25,524.5,540.25,524.5,531.5
2008-02-26,522.5,532,515.75,529.5
2008-02-27,528.75,528.75,518.75,523.75
2008-02-28,538,555.25,534.25,555
2008-02-29,553.5,558.25,550.75,554
2008-03-03,565.75,571.75,562.75,565.25
2008-03-04,564.75,567.25,545,554.5
2008-03-05,561.25,572.25,554.75,567.5
2008-03-06,567.75,569.4,556.25,564.25
2008-03-07,553,555.75,545.75,545.75
2008-03-10,532,565,525.75,565
2008-03-11,568,577.75,558.5,569.75
2008-03-12,564,570.5,563.75,565.5
2008-03-13,568.5,577.5,565.75,569.5
2008-03-14,566.5,572,548,557
2008-03-17,549,549,537.75,537.75
2008-03-18,535.25,547.75,535.25,544.5
2008-03-19,529.5,533.25,525.75,525.75
2008-03-20,505.75,519.5,505.75,505.75
2008-03-24,513.5,524,513.5,523.75
2008-03-25,533.5,543.25,533.5,543.25
2008-03-26,555.25,558.5,544.5,550.25
2008-03-27,547.5,556,545,553.75
2008-03-28,553.5,560.75,545.75,558.75
2008-03-31,582.75,585.5,556,568
2008-04-01,566.75,586.25,560.25,582.5
2008-04-02,585.5,597.25,585.5,594.5
2008-04-03,594.75,601,589,598.25
2008-04-04,597.5,599.75,594.25,596.25
2008-04-07,598,598.75,586,587.25
2008-04-08,588.25,592.75,587.5,591
2008-04-09,599.25,614,591.25,602.5
2008-04-10,607.5,608.5,591.5,592.25
2008-04-11,592.75,592.75,582,582.5
2008-04-14,588.25,591.75,585.5,590.25
2008-04-15,590.5,608,590.5,605
2008-04-16,605.5,607,598.75,601.75
2008-04-17,601.5,607.75,597.25,602.75
2008-04-18,590.25,601.25,589.25,598.5
2008-04-21,587,587,568,577.25
2008-04-22,584.5,599.25,584.5,593.5
2008-04-23,587,595.25,584.5,586.25
2008-04-24,586,588,571,574.5
2008-04-25,580.5,591,574.5,574.5
2008-04-28,575.75,599.25,575.75,599
2008-04-29,617.75,619.25,600,602.75
2008-04-30,605.75,614.25,602,611.5
2008-05-01,608,616.25,602,616
2008-05-02,613.25,622.5,610,612
2008-05-05,612.25,614.75,587.25,593
2008-05-06,601,620.5,600.25,604.75
2008-05-07,608.5,616.5,606.5,610.75
2008-05-08,616,632.5,615.25,628.5
2008-05-09,635.5,635.5,622.5,627.5
2008-05-12,622.5,622.5,612.5,613.5
2008-05-13,603.5,605.5,594.5,605.5
2008-05-14,597.5,600.5,594.5,594.5
2008-05-15,593.75,598.25,584,598.25
2008-05-16,604,605.75,586.5,589.5
2008-05-19,584.5,591.75,582.5,586
2008-05-20,593.25,601,587.5,588.75
2008-05-21,591,607.5,589.5,607
2008-05-22,602.25,604.5,593.75,594.5
2008-05-23,598,600.25,592,598.75
2008-05-27,594.25,598.75,592,596.5
2008-05-28,587.5,595,583.75,591
2008-05-29,585.75,593.25,571.5,581.75
2008-05-30,579.5,601.5,579.5,598.25
2008-06-02,596.75,616.25,596.75,614.75
2008-06-03,609.5,617,600.25,607
2008-06-04,608.75,613.75,603.25,613.75
2008-06-05,622.25,641.75,621.5,641.75
2008-06-06,649.75,661.75,645,647.75
2008-06-09,664.75,665.75,655,656
2008-06-10,664.25,672,654.5,671.5
2008-06-11,684.5,701.75,684.25,701.75
2008-06-12,699.75,723.5,695.75,707.75
2008-06-13,704.25,735.75,700.25,728.25
2008-06-16,753.25,755.5,724,731.5
2008-06-17,731,742,724.5,741.75
2008-06-18,741,749,731.5,742.5
2008-06-19,727,737,716.25,731.5
2008-06-20,731.25,736.25,716.25,718.25
2008-06-23,709.25,724.5,704,722
2008-06-24,725.25,726.75,707.5,709.5
2008-06-25,719,729.5,710.5,729.5
2008-06-26,743,758.5,741.5,752.5
2008-06-27,755.75,758,745.75,752.5
2008-06-30,770.25,774.5,755.5,755.5
2008-07-01,742.75,752.75,734.5,749.5
2008-07-02,746.5,780.5,746.5,780.5
2008-07-03,767,781,760.75,772.5
2008-07-07,773,773,773,773
2008-07-08,714,727.5,700.5,720
2008-07-09,713,714.75,703.5,712
2008-07-10,705.75,709.25,699.75,701.5
2008-07-11,711,712.5,693.25,708.25
2008-07-14,681.5,691.75,678.75,679.75
2008-07-15,686.25,686.75,660.5,665.5
2008-07-16,661,677.5,656.25,676.5
2008-07-17,670.5,677.5,646.75,646.75
2008-07-18,646.5,653,626,626.5
2008-07-21,621.75,622.5,602,606
2008-07-22,601.75,603,588.75,588.75
2008-07-23,566.25,605.75,561.75,588
2008-07-24,595,597.5,579.5,590.25
2008-07-25,588.5,602.75,587.5,596.75
2008-07-28,602.75,602.75,593.5,599
2008-07-29,589.5,614.75,589.25,612
2008-07-30,608.5,620,606.75,618.25
2008-07-31,616.5,618,604.25,605.75
2008-08-01,606.5,606.5,581,584.5
2008-08-04,575.75,576,553.5,553.5
2008-08-05,543,563.75,537.5,542.25
2008-08-06,546.75,547,521,525.5
2008-08-07,534,542.75,531.25,542
2008-08-08,522.5,524.75,512.75,516.5
2008-08-11,517.75,522.75,514.75,515.5
2008-08-12,507.25,530.25,503.5,529.75
2008-08-13,530.75,557,530.75,557
2008-08-14,560.5,577,548.25,576.25
2008-08-15,554.25,559.5,545.75,548.5
2008-08-18,562.25,577.25,558.5,571.25
2008-08-19,560.5,590.5,560.5,584
2008-08-20,592.75,594.5,585.25,594
2008-08-21,607.25,623.5,607.25,615
2008-08-22,608,610.5,600.25,604.25
2008-08-25,620.5,622,597.25,597.25
2008-08-26,598.25,598.25,588.25,592.75
2008-08-27,599.5,601,584.5,595.5
2008-08-28,586.75,589.5,580,587
2008-08-29,584.25,597.75,580.5,580.5
2008-09-02,556.25,569.5,554.75,568
2008-09-03,562.25,562.25,549,560.5
2008-09-04,555.5,570.25,555.25,563.5
2008-09-05,548.5,550.75,541.25,547.5
2008-09-08,549.75,553.25,542.75,546
2008-09-09,532.75,548,530,541
2008-09-10,543,543,534,534.5
2008-09-11,531.75,536.75,530,530.5
2008-09-12,553.25,561.75,546.75,561.75
2008-09-15,547.75,571.75,547.5,567.5
2008-09-16,550.75,554,530.5,530.5
2008-09-17,536,558,525.75,551
2008-09-18,555.5,555.5,522.5,523.5
2008-09-19,537,546.5,531.75,542.5
2008-09-22,555.75,562.5,552,556
2008-09-23,551.75,559.5,549.5,558.75
2008-09-24,570,572,554.5,562.25
2008-09-25,555.75,563.25,554.75,556.5
2008-09-26,552.25,552.25,538,542.75
2008-09-29,542.75,542.75,511.5,511.5
2008-09-30,510,510,484.75,489.25
2008-10-01,491.25,495,481,481
2008-10-02,477.25,477.25,452.5,453.25
2008-10-03,457,466.75,452.5,453.75
2008-10-06,422.75,429.5,422.5,422.5
2008-10-07,426.5,428,411.5,418
2008-10-08,416.5,428.25,405.75,427.5
2008-10-09,433,440.75,429,436.75
2008-10-10,408.75,408.75,406.75,406.75
2008-10-13,415.5,421.5,408.25,408.75
2008-10-14,418.5,421,409.25,409.5
2008-10-15,399.75,404.75,383.5,386.25
2008-10-16,382.25,390,370,385.5
2008-10-17,387.75,407.25,387.5,399
2008-10-20,411.25,418.25,404.75,416.5
2008-10-21,410.75,416.25,405.5,410
2008-10-22,389,390,380.5,383.75
2008-10-23,382.75,400,382.75,389.5
2008-10-24,371,390.5,371,371.75
2008-10-27,372,385.25,367.25,384
2008-10-28,404,404,384.5,388.5
2008-10-29,403.25,419.25,400,419
2008-10-30,414.5,414.75,400.75,408
2008-10-31,399.25,404,394,396.5
2008-11-03,397.75,416.5,397,400.5
2008-11-04,411.5,420,411,411.25
2008-11-05,414,414,388.75,389.5
2008-11-06,379,383,373.25,376.5
2008-11-07,380.75,386,373.5,374.25
2008-11-10,383,383.75,371.5,383.75
2008-11-11,370.75,374.5,358.75,373
2008-11-12,366.5,387.5,362,368
2008-11-13,371.25,377,361.5,376.25
2008-11-14,374,380.5,369.5,380.5
2008-11-17,381,387.75,379,384.5
2008-11-18,382,384.75,377.75,379.25
2008-11-19,382.75,383.25,373.75,377.75
2008-11-20,363.5,368.25,359.5,361
2008-11-21,358,358.5,336.5,337.5
2008-11-24,345.25,360,345.25,353.5
2008-11-25,350,352.5,346,352
2008-11-26,354.25,356,349,352.5
2008-11-28,367,368.6,362.4,365.6
2008-12-01,356.4,357.4,345.4,348.4
2008-12-02,352.4,353.4,346,348.4
2008-12-03,346,354.2,345,347.2
2008-12-04,346,346.4,333.2,333.2
2008-12-05,324.4,324.4,306,310.4
2008-12-08,324,333,324,329.4
2008-12-09,327,336.2,325.4,327.6
2008-12-10,342,344.2,333,341.4
2008-12-11,341,357.4,339,352
2008-12-12,341.4,379.4,340.4,372
2008-12-15,387.4,391,373.4,374.4
2008-12-16,375,399,375,394
2008-12-17,401,402,382,391.4
2008-12-18,387,391,380.4,387
2008-12-19,384,384,375.4,380.4
2008-12-22,381,382.6,377.6,381.4
2008-12-23,382.2,395,380.4,394.4
2008-12-24,392.2,398,392,398
2008-12-26,400,414.4,399,411.4
2008-12-29,420,421,391,392
2008-12-30,396.4,397.4,386,396.4
2008-12-31,391,408,390,406
2009-01-02,404,415,400,410.4
2009-01-05,406,415,404,412.4
2009-01-06,414,428.2,413,427
2009-01-07,421,421,413.2,415.4
2009-01-08,408.4,419,405.6,406.6
2009-01-09,411,418,407.6,410.4
2009-01-12,389.4,389.4,380.6,380.6
2009-01-13,372.4,379.2,362,362.4
2009-01-14,363,369.2,358.6,365.4
2009-01-15,364,368.4,360,365
2009-01-16,373.4,392.4,373,389
2009-01-20,398,402,376.4,383
2009-01-21,382,391.2,378,388
2009-01-22,389,389,378.6,387.4
2009-01-23,384,400.4,384,390.2
2009-01-26,400,402,392,393.4
2009-01-27,385,387.6,377,377.6
2009-01-28,374,386,373,383.4
2009-01-29,379.6,383,378.4,382.4
2009-01-30,380,385.2,378.4,378.4
2009-02-02,373,373,363.4,370
2009-02-03,365.4,366,356,361.6
2009-02-04,365,369,356,358.4
2009-02-05,361,372,358.4,371.6
2009-02-06,375.4,380.4,371.4,377
2009-02-09,378,383,376.4,376.4
2009-02-10,379,379.4,368.4,376
2009-02-11,373,376,368.2,369
2009-02-12,369.4,377.2,366,366
2009-02-13,365.4,369,363,363.2
2009-02-17,358,358,346.4,350
2009-02-18,356,361,355.2,358
2009-02-19,362,364.4,360.4,362.4
2009-02-20,358.4,360.4,350.4,360.4
2009-02-23,365.4,366.4,358.4,361.2
2009-02-24,358,363.2,354.4,363.2
2009-02-25,363.4,377.4,359.4,372.6
2009-02-26,374,380.2,365.6,370
2009-02-27,363.4,367.4,357.4,358.2
2009-03-02,351,352.2,344.6,350.2
2009-03-03,351.4,354,347,350.2
2009-03-04,356,364.4,356,363.2
2009-03-05,358,361,355.4,358.4
2009-03-06,362.6,365.4,360,361
2009-03-09,368,369.6,365,365.4
2009-03-10,374.4,381.4,374.4,375.4
2009-03-11,376,380.6,362,364.4
2009-03-12,368,386.4,368,383
2009-03-13,387,389,383,388.2
2009-03-16,389,397,387.4,392
2009-03-17,393,395,389,389.2
2009-03-18,389,391,385,388
2009-03-19,400.2,402,393.4,396.2
2009-03-20,397.4,398,395,396.4
2009-03-23,402,403,393,393
2009-03-24,393.4,397.4,392,394.6
2009-03-25,390,390.4,384.4,385.2
2009-03-26,389.4,392,387.6,391.4
2009-03-27,386,388,385.4,387.6
2009-03-30,380.4,387,379.6,386
2009-03-31,394,405.4,381.4,405.4
2009-04-01,400,402,393,395.6
2009-04-02,403.4,407.2,399.4,401
2009-04-03,400.4,405,397.6,403.4
2009-04-06,403,406.4,401,404.6
2009-04-07,402,403.4,395.6,396
2009-04-08,393,402.2,392.4,396.2
2009-04-09,404.4,404.4,389.4,391.4
2009-04-13,384,389.2,383,387.2
2009-04-14,398,407,398,403.4
2009-04-15,401.4,402,393.2,393.6
2009-04-16,394.4,395.4,390,395.4
2009-04-17,396,396,385.2,386.2
2009-04-20,376,380.2,370,379.2
2009-04-21,379,387.6,379,383.6
2009-04-22,387,387,379,382.6
2009-04-23,386,390.4,385,389.6
2009-04-24,390.4,395,383.2,385.4
2009-04-27,376,383.6,375,380.2
2009-04-28,380,386,379.4,383.4
2009-04-29,388.4,402,387,401
2009-04-30,404.4,405.4,396.2,403.6
2009-05-01,404,415.4,404,415.4
2009-05-04,409,412.2,400.4,406.4
2009-05-05,407,407,397,404
2009-05-06,405.4,409,403,407
2009-05-07,410.4,420,408.4,411.6
2009-05-08,416,421.4,416,420.6
2009-05-11,418,421.6,417.6,420.6
2009-05-12,428,431.2,427,427.2
2009-05-13,432,432,421.4,424.2
2009-05-14,425,429,424,428.2
2009-05-15,427.4,430,416,416.4
2009-05-18,411.4,426,411.4,420.4
2009-05-19,424,428.6,422,426.2
2009-05-20,430.2,434.6,423,426
2009-05-21,422,427.6,417.4,423.4
2009-05-22,429.4,433.6,426.4,430
2009-05-26,429,432.4,421.6,428
2009-05-27,430,432.2,424.4,426
2009-05-28,424.4,435,423,429
2009-05-29,434,437,431.4,437
2009-06-01,442.6,446,440,445.4
2009-06-02,442.6,450,441.6,450
2009-06-03,446,446,431.4,432.2
2009-06-04,437.4,449,436.4,447.4
2009-06-05,441,446.4,440.4,444.4
2009-06-08,439.4,441,433.4,434.4
2009-06-09,440,445.4,440,443.4
2009-06-10,446,449.4,435,435
2009-06-11,440.4,447.2,438.6,440
2009-06-12,436.4,436.4,421,426.4
2009-06-15,416,416,405.4,405.4
2009-06-16,431.4,432.4,424.2,425
2009-06-17,424,429.6,419.2,429.4
2009-06-18,427.4,428,422.4,423.6
2009-06-19,425.4,427.6,418.4,420.2
2009-06-22,408,408.4,400.6,405.4
2009-06-23,405.4,409.6,401,407.4
2009-06-24,409.4,411,401.4,407.2
2009-06-25,404.2,408.2,400.4,400.6
2009-06-26,403,406.2,399,403.4
2009-06-29,402.4,403,396,397.6
2009-06-30,375,375,367.2,367.2
2009-07-01,371,373.4,362,367.4
2009-07-02,361.6,364,357,357
2009-07-06,347,349.6,343.6,344.6
2009-07-07,344.4,350.2,335,335
2009-07-08,335.4,340.2,332,334.2
2009-07-09,338.4,341,335.6,340.2
2009-07-10,337.4,338,328.4,337.4
2009-07-13,333,339.6,329.4,339.4
2009-07-14,343,346,339.4,345.4
2009-07-15,348.4,349.2,336,336.6
2009-07-16,332,334.6,324.6,326.2
2009-07-17,329.4,332,324.6,331.4
2009-07-20,333.4,334,328.4,334
2009-07-21,330.4,332.4,320.4,321.4
2009-07-22,320.4,320.6,314.6,319.4
2009-07-23,330,339.4,326.6,339.2
2009-07-24,338.4,338.4,325.4,328
2009-07-27,325.2,334.4,325,333.6
2009-07-28,332.4,336,329.6,329.6
2009-07-29,326,328.2,322.6,328.2
2009-07-30,337.4,344,335.4,342.4
2009-07-31,343.4,350,339.4,348.2
2009-08-03,361,375.2,360.4,369.4
2009-08-04,366.4,372,364,366.2
2009-08-05,365.6,367.4,349,356.4
2009-08-06,349.2,351.2,339,340.4
2009-08-07,339,340,326.2,326.4
2009-08-10,327.4,336.2,327.4,331
2009-08-11,331.6,333.2,328.4,330.4
2009-08-12,325.4,339,322,336
2009-08-13,341,342.4,331.2,332
2009-08-14,326.4,329.2,325.6,327.6
2009-08-17,318.2,322.4,311.6,322.2
2009-08-18,320.2,323,318.4,322.4
2009-08-19,321,329,319.4,327.6
2009-08-20,327.4,328.2,322.6,325
2009-08-21,330,332,322,324.6
2009-08-24,330.4,335.4,329.4,335
2009-08-25,333,337.4,322.6,325.4
2009-08-26,326,329.2,323.6,326
2009-08-27,327.6,330.2,321,329.2
2009-08-28,330.2,332,324.4,329.6
2009-08-31,321,330.4,320,328.4
2009-09-01,325.4,326.2,316.6,318.6
2009-09-02,317.4,319.4,315.4,319
2009-09-03,319.4,319.4,311.4,315
2009-09-04,312.2,312.4,306,306.2
2009-09-08,306.4,310.4,305.2,307.2
2009-09-09,306.2,312,306,309.4
2009-09-10,309.4,318.4,309.4,315.4
2009-09-11,317.4,320.2,309,320
2009-09-14,317,320,315.4,317.4
2009-09-15,322.4,347.6,322.4,346.4
2009-09-16,342,342,325,335.6
2009-09-17,330.4,331.4,323,328.4
2009-09-18,324,327.2,317,317
2009-09-21,312,316.4,310.4,316
2009-09-22,320,326,316.6,325.2
2009-09-23,320.4,335,319.2,331
2009-09-24,323.2,337.6,323,336.4
2009-09-25,337.2,340.4,328.6,333.4
2009-09-28,336.4,339.4,332.2,339
2009-09-29,343.6,346.2,336.4,342
2009-09-30,338.4,344.2,335.4,343
2009-10-01,341,346,337.4,339.4
2009-10-02,337.6,340.2,331.6,334
2009-10-05,330.6,350,330.4,341.6
2009-10-06,355.4,369.6,355.4,359
2009-10-07,363.4,364,354.2,359.6
2009-10-08,362,370,362,363
2009-10-09,366,373,359,364
2009-10-12,373,383.4,371.4,381
2009-10-13,379,386.2,375,381.2
2009-10-14,385,388.4,377.6,381.6
2009-10-15,377,378,369,373.4
2009-10-16,372,375,368.6,372
2009-10-19,377,387.4,375.4,385.6
2009-10-20,383,387.4,379.4,384.4
2009-10-21,387,403.4,387,397
2009-10-22,395.4,404.6,395.2,404.6
2009-10-23,410,413,397,397.2
2009-10-26,399.6,400,376.6,378
2009-10-27,374.4,378.4,369.4,371
2009-10-28,366.2,372,365.2,369.4
2009-10-29,374.2,381.6,372.4,380.4
2009-10-30,372.4,374,364,367.2
2009-11-02,371,383.4,366.6,381
2009-11-03,375.6,396.2,375.4,389.6
2009-11-04,394.6,398.6,383.4,385.4
2009-11-05,382,386,376.2,376.2
2009-11-06,372.4,372.4,366,366.6
2009-11-09,372.4,388,369.2,383.4
2009-11-10,382,397,380.4,394
2009-11-11,398,402.4,392,392.4
2009-11-12,385.4,398,385,390.6
2009-11-13,389.4,394,385.6,389.6
2009-11-16,398,403,396.2,402
2009-11-17,397.6,404,397,401.6
2009-11-18,405,409,397.6,399
2009-11-19,406,416,406,411
2009-11-20,407.4,410.2,406.2,406.6
2009-11-23,415,418.4,401.4,401.4
2009-11-24,398.6,399.4,390.6,392.4
2009-11-25,399,409.4,397.2,408
2009-11-27,400,414.6,399,413.4
2009-11-30,412.2,420.2,407.2,416
2009-12-01,418,421,412,412
2009-12-02,411.4,412.4,404.4,406.2
2009-12-03,405.6,407.2,400.4,401.4
2009-12-04,399.4,400,388,388
2009-12-07,385,388.25,381.5,383
2009-12-08,384.25,385.25,381.75,385.25
2009-12-09,387,387.5,378,382.75
2009-12-10,380.5,394.75,380.25,391.75
2009-12-11,392,405,389.5,403.5
2009-12-14,401,408.75,401,408.25
2009-12-15,405.25,408.75,404,405.5
2009-12-16,410.75,412.5,402.25,409.25
2009-12-17,402.75,403.5,392.25,394.25
2009-12-18,398.75,398.75,390,396.5
2009-12-21,396.75,405.5,395.25,398.5
2009-12-22,398.75,400.5,392.5,397
2009-12-23,399.75,404,399.25,403
2009-12-24,406.25,407.5,404,407
2009-12-28,414.5,417.25,412.25,414.25
2009-12-29,414.5,416.75,412.25,416
2009-12-30,413.75,415.5,405,412.25
2009-12-31,414.5,416.25,412.5,413
2010-01-04,422.25,424.75,412.25,416
2010-01-05,416.75,418.25,414.25,417.5
2010-01-06,419.5,420.5,415,420.5
2010-01-07,415.25,422.75,414.25,416.5
2010-01-08,418.75,422.25,414,419.25
2010-01-11,422.25,422.25,417,417
2010-01-12,398.5,398.5,391,391
2010-01-13,369.75,383,367.25,381.75
2010-01-14,376.25,381.5,376,377.5
2010-01-15,375.75,375.75,368.5,370.5
2010-01-19,367.75,373.25,367,368
2010-01-20,363.25,368,361.25,367.75
2010-01-21,366.5,370.75,363,370.5
2010-01-22,367,369.5,362.75,364
2010-01-25,365.75,368,364.25,367.25
2010-01-26,362.25,367.5,359.25,360.25
2010-01-27,359.75,360.5,357.25,357.75
2010-01-28,358,361.75,356.75,360.75
2010-01-29,361.25,361.25,354.25,354.5
2010-02-01,355,359.5,354.75,357
2010-02-02,360.5,366,360.5,363.75
2010-02-03,361.75,362.25,351.75,352
2010-02-04,350.75,354.5,348,353.5
2010-02-05,352.25,354.25,346.5,350.5
2010-02-08,354.75,360.75,353.5,355.5
2010-02-09,361,361.75,355,357.25
2010-02-10,355.25,364,354.25,361
2010-02-11,362.5,362.75,358.5,362.25
2010-02-12,358,361.5,356.5,361
2010-02-16,377.25,378.75,376.75,377.75
2010-02-17,374.75,376,370.25,371.25
2010-02-18,371,371,366,367.25
2010-02-19,367,370.75,365.5,370.5
2010-02-22,373.5,386.5,372,382.25
2010-02-23,378,382.75,377.25,377.5
2010-02-24,380.75,385.5,379.75,385.25
2010-02-25,381,382.75,379,381.75
2010-02-26,387.5,389.75,387,388.75
2010-03-01,388,390,379.5,380.5
2010-03-02,381.25,383.25,375.25,379.75
2010-03-03,382.5,387.75,381.25,385.75
2010-03-04,382.25,382.5,379.5,381.75
2010-03-05,385.75,386.5,374,375.25
2010-03-08,375.75,377.25,371.75,373.75
2010-03-09,370.5,370.75,367.5,367.75
2010-03-10,363,369.5,361.5,364.75
2010-03-11,361.75,364.5,360.25,364
2010-03-12,365.5,365.5,361,363.25
2010-03-15,361.5,364.5,361,362
2010-03-16,363.75,367.75,363.5,365.75
2010-03-17,366.5,373.25,364.25,372.75
2010-03-18,368.75,375.25,368.5,374.75
2010-03-19,372,374.5,370.5,372
2010-03-22,370.5,373.5,369.5,369.5
2010-03-23,369.25,369.5,361.5,362.75
2010-03-24,359.25,365.25,358,364.5
2010-03-25,363.25,363.75,353,354
2010-03-26,355.25,356.75,354.25,355.75
2010-03-29,356.75,358.5,353.75,355.5
2010-03-30,356.5,357.5,350.75,353.5
2010-03-31,348.75,348.75,343.25,344.5
2010-04-01,344.25,346.25,342.5,343.5
2010-04-05,344.5,346,343,345
2010-04-06,345.25,348.5,344.5,345.25
2010-04-07,344,357.5,342.75,355.75
2010-04-08,351.5,352,345.25,347.25
2010-04-09,350,350.25,343,345.25
2010-04-12,359.25,360.5,356,358
2010-04-13,356.25,363,355.25,363
2010-04-14,365,372.5,364,367.5
2010-04-15,365.5,372.75,365.5,372.25
2010-04-16,369.5,373.5,367.75,370.5
2010-04-19,367,367,356,356.25
2010-04-20,359.75,365,357.25,364.75
2010-04-21,364.5,371.75,364.5,368.25
2010-04-22,366.5,371,364.5,370.25
2010-04-23,368.25,368.5,359,359.75
2010-04-26,366.2,366.4,358,359
2010-04-27,355.25,357.25,350.5,352.75
2010-04-28,358.25,366.5,358.25,363.5
2010-04-29,367.5,376.5,367.5,367.5
2010-04-30,368.25,374.5,367.75,374.5
2010-05-03,374.25,374.5,367.75,369
2010-05-04,365.75,368.5,361.5,368.5
2010-05-05,362.75,371.75,361.5,371.75
2010-05-06,370.75,378.75,367,368.25
2010-05-07,371.25,373.75,366.5,370
2010-05-10,374,375.25,368.25,368.75
2010-05-11,373.4,376.4,371.5,376
2010-05-12,382.25,383.75,373.75,376
2010-05-13,377.25,377.75,371,371
2010-05-14,366.5,366.5,361,362.5
2010-05-17,359.75,360.25,354.5,356
2010-05-18,360.25,361.5,356.25,360.25
2010-05-19,359.5,362.25,352.5,358.25
2010-05-20,354.5,361.75,353.5,361.75
2010-05-21,360,371,360,368.5
2010-05-24,367.5,372,367.25,369.25
2010-05-25,364.5,367.25,361.5,363
2010-05-26,367.75,370.75,367.5,369.5
2010-05-27,371.5,372.25,370,371
2010-05-28,369.25,371.5,357.5,359
2010-06-01,356,358.25,353,353
2010-06-02,354,356.25,346.75,347
2010-06-03,347.25,350,343.5,349.25
2010-06-04,346.5,346.5,338.75,340
2010-06-07,335.25,337.5,334.5,334.75
2010-06-08,334.5,339,334.5,336.25
2010-06-09,336.5,340,336.5,336.75
2010-06-10,335,346.75,335,342.75
2010-06-11,343.5,348.5,343.5,347.75
2010-06-14,369,374,369,372.75
2010-06-15,372.5,374.75,370.5,373.75
2010-06-16,373.5,380.25,373,376.75
2010-06-17,377.25,379.5,374.5,377
2010-06-18,375.75,383.25,375.75,378.5
2010-06-21,384.5,385.5,369.75,372.75
2010-06-22,373.25,373.25,367,371
2010-06-23,369.5,369.5,365,365.4
2010-06-24,365.25,367.25,360.5,364.5
2010-06-25,363.75,364.5,358.5,358.5
2010-06-28,355.75,356,350.25,350.75
2010-06-29,349,349,342.25,342.75
2010-06-30,347.25,372.75,347.25,372.25
2010-07-01,374.5,385.25,370,382
2010-07-02,381.75,385.5,380.5,384
2010-07-06,388.5,390.25,378.25,379
2010-07-07,380,388.75,379.5,388.75
2010-07-08,389,396,389,394.5
2010-07-09,395.5,396.75,391.5,394.75
2010-07-12,393.75,394,389.25,390.75
2010-07-13,387.5,393.75,385.25,385.5
2010-07-14,387.25,397,387.25,394.75
2010-07-15,398.75,408.75,398.75,403.25
2010-07-16,404,407.25,399.25,405.5
2010-07-19,398.75,398.75,388.25,393.25
2010-07-20,386.5,389.25,385.25,386.5
2010-07-21,390.5,393.75,388.75,391.5
2010-07-22,395.75,399.25,387,387
2010-07-23,390,390.75,382.25,383.25
2010-07-26,381.25,381.25,375,376.75
2010-07-27,381.25,381.25,375.25,376.25
2010-07-28,380.75,392.75,380.75,389.5
2010-07-29,395.25,398,389,392.75
2010-07-30,395.25,405.5,395.25,405.5
2010-08-02,413.75,416.75,402.25,403.5
2010-08-03,400.5,407.25,398.25,402
2010-08-04,408.5,415.25,406,414
2010-08-05,432.5,437.5,414.75,414.75
2010-08-06,414.25,418.75,406.25,416.75
2010-08-09,418.25,424.5,415.25,417
2010-08-10,411.25,415.75,407.5,407.5
2010-08-11,407.75,414.25,405,408.75
2010-08-12,415,428.25,411.5,422.75
2010-08-13,424.25,427.75,423,425.25
2010-08-16,427,431.75,420.25,421.5
2010-08-17,422.5,429.75,420.5,429.75
2010-08-18,426.25,433,422.75,432.25
2010-08-19,433.75,436.25,425,427.5
2010-08-20,424.25,436,424,435.5
2010-08-23,436.25,436.25,429.5,431.25
2010-08-24,423.25,423.75,414.25,417.75
2010-08-25,419.75,422.75,414.5,419.25
2010-08-26,423.75,433.75,423.75,430.75
2010-08-27,435.25,439.25,433,435
2010-08-30,441.25,444,440.25,441
2010-08-31,437.5,443.5,437.5,440.25
2010-09-01,444.5,446,440.5,445.25
2010-09-02,444.75,446.5,442,446.25
2010-09-03,445,465.25,445,464.25
2010-09-07,457.75,465.5,457.75,463.5
2010-09-08,464.5,467,460.75,461.5
2010-09-09,463,470.25,460.25,470.25
2010-09-10,474.5,478.25,466.5,477.5
2010-09-13,480.75,484.75,480.5,483.75
2010-09-14,479.75,494.25,479.25,493.5
2010-09-15,495.75,496.5,491,493.5
2010-09-16,490,496.25,488.5,495.5
2010-09-17,505.25,516,501.25,511.5
2010-09-20,521.75,521.75,507,507.5
2010-09-21,505.75,516,502.75,502.75
2010-09-22,508,509.75,499.25,504.5
2010-09-23,495,502.25,494.5,496.75
2010-09-24,504.5,522.25,504.5,520.25
2010-09-27,519.5,519.5,510.25,510.25
2010-09-28,507.75,512,498.5,499.25
2010-09-29,486,504.5,485.5,504.25
2010-09-30,505.5,505.5,477.5,494.5
2010-10-01,487.5,487.5,464.5,464.5
2010-10-04,455.25,472.5,455.25,470
2010-10-05,476.25,492,476.25,489
2010-10-06,490.75,492.25,486.25,486.5
2010-10-07,492.75,501.25,490.75,496.75
2010-10-08,495.5,527.25,495.5,527.25
2010-10-11,568.5,570.75,554,554.25
2010-10-12,556.25,583,554.5,577
2010-10-13,584,584,564.75,567
2010-10-14,573.5,578.25,564.75,566.25
2010-10-15,564,569.25,561,561.25
2010-10-18,560,561.75,552,556.25
2010-10-19,547.5,554.75,541.75,545.25
2010-10-20,555.75,574.75,555.5,571.5
2010-10-21,572,572.75,560.75,563
2010-10-22,565.5,569.5,558.5,558.75
2010-10-25,572,572.75,563.25,565.5
2010-10-26,562.5,576,562.25,570
2010-10-27,562.75,577.75,560.75,575.5
2010-10-28,582.5,584,575,577.75
2010-10-29,572.5,581.75,572.25,581.25
2010-11-01,586,587.25,575.5,577
2010-11-02,581.75,581.75,571.5,575
2010-11-03,576.5,581,567.5,578.25
2010-11-04,590.25,594.5,588.25,588.5
2010-11-05,584.25,590.25,584,585.5
2010-11-08,599.5,604.75,597.25,598.5
2010-11-09,608.25,614.25,584.5,586
2010-11-10,582.5,585.5,578,580
2010-11-11,582.25,584.5,570.5,576.5
2010-11-12,565.25,568.5,546.5,546.75
2010-11-15,556.25,578.5,556.25,567.5
2010-11-16,558.25,558.25,537.75,539.5
2010-11-17,537.75,547.5,536.5,537.5
2010-11-18,554.5,558.5,550,554.25
2010-11-19,546.5,552.75,531.25,534.25
2010-11-22,536,536.25,525,529.5
2010-11-23,523.5,544.5,519.25,541.75
2010-11-24,549.5,552.75,546.5,552.25
2010-11-26,550.25,554,550.25,551
2010-11-29,552.5,554.75,549.25,551.5
2010-11-30,549.75,551.5,542.5,543
2010-12-01,554,565.75,552.75,564.25
2010-12-02,564.5,566.75,554.25,554.5
2010-12-03,562.25,572.25,559.5,571
2010-12-06,566,568,561.75,566.5
2010-12-07,573.75,574.25,556,560.5
2010-12-08,555,573.75,555,573.75
2010-12-09,570.25,577.5,569.5,573
2010-12-10,569.5,573.75,566.25,573.75
2010-12-13,579.75,587.75,578.25,587.5
2010-12-14,584.25,587.75,582.5,585.75
2010-12-15,587.5,593.25,579,582.75
2010-12-16,584,588.75,581,585.75
2010-12-17,586.75,597.75,586.75,594.5
2010-12-20,599.75,602.75,596.5,598
2010-12-21,599.25,602.75,597,600.75
2010-12-22,604.5,608.25,602.75,607.5
2010-12-23,605.75,613.25,605.75,612
2010-12-27,611.75,617.75,611.5,613
2010-12-28,617.5,623,617.5,622.25
2010-12-29,619.25,625.25,619,622
2010-12-30,620.25,621.25,611.5,616.25
2010-12-31,620.5,628.75,620,628.75
2011-01-03,632.5,633.75,620,620
2011-01-04,616,616.25,603.75,608
2011-01-05,601,619.25,600.75,618
2011-01-06,614.25,617.75,600.25,601.5
2011-01-07,600.5,604,595,597
2011-01-10,600.75,614,599.75,609.25
2011-01-11,612.5,615.5,606.25,607.25
2011-01-12,630,637,627.75,633
2011-01-13,637.75,649.25,637.5,644.75
2011-01-14,639.25,649.5,636.5,649.5
2011-01-18,654,662.5,652.5,658.25
2011-01-19,665.5,665.5,637.5,641.5
2011-01-20,629.75,654.5,629.75,654.5
2011-01-21,654.75,667,653.25,657
2011-01-24,656.5,658.75,650.75,655.5
2011-01-25,644.5,646.25,639.5,644.5
2011-01-26,649.5,661.75,647.25,658.25
2011-01-27,654.25,656.25,647.5,651.5
2011-01-28,654.75,657.75,642.5,644
2011-01-31,651.5,659.5,649.75,657.25
2011-02-01,663.75,666.75,661.75,666.25
2011-02-02,671.75,674.25,663.5,667.25
2011-02-03,666.75,673.25,659.25,662.25
2011-02-04,664.25,679,659.75,678.5
2011-02-07,681.25,681.5,669.75,674.5
2011-02-08,673.75,675,668.5,673
2011-02-09,692.5,700.75,686.75,696.75
2011-02-10,696.75,704.25,696,698.75
2011-02-11,698,706.75,696.25,706.25
2011-02-14,706,707.25,695.25,696.75
2011-02-15,693.5,693.75,680.5,692.75
2011-02-16,689,692,682.75,692
2011-02-17,700.5,712.5,700.5,711.5
2011-02-18,718,725.5,712.75,719.5
2011-02-22,704.75,706.5,690.25,690.25
2011-02-23,680,703.75,676.75,703.75
2011-02-24,701,702.75,690.5,694
2011-02-25,706,726.5,704.75,721.25
2011-02-28,717.75,731.5,716.75,730.25
2011-03-01,732.5,736,725.25,735.75
2011-03-02,739.25,739.75,707.75,719.75
2011-03-03,729,736.75,726.75,735.5
2011-03-04,740.5,741.25,723.25,728
2011-03-07,727.5,728,710.25,717
2011-03-08,708,714,700.25,704.5
2011-03-09,710,710,691.25,700.75
2011-03-10,686.75,698,682,682.25
2011-03-11,664.25,674,658,665.5
2011-03-14,656,674.25,655.25,667.25
2011-03-15,642.25,649.25,636,636
2011-03-16,645.5,647.75,608.25,617.5
2011-03-17,642,646.5,639.5,646.5
2011-03-18,680.25,691.5,669.75,684.75
2011-03-21,684.5,688.75,676,686.5
2011-03-22,675.5,686.75,674.75,685.5
2011-03-23,685.75,686.5,678.25,680.25
2011-03-24,681.25,703,676.5,703
2011-03-25,713.75,716.25,688.5,690
2011-03-28,688.5,690,668.5,670.25
2011-03-29,671.5,676,661.5,671.75
2011-03-30,668.5,673.5,661.5,661.75
2011-03-31,693.25,693.25,693.25,693.25
2011-04-01,734.5,738.25,729,732.5
2011-04-04,747.5,764.5,747,759.5
2011-04-05,754.75,770.5,754.75,765.25
2011-04-06,763,764,757.5,762.5
2011-04-07,771,771,753.25,760.25
2011-04-08,755.25,769,754.25,768
2011-04-11,769,778.5,766.25,777.25
2011-04-12,764,764.5,746.75,753.5
2011-04-13,759,767.75,747,755.5
2011-04-14,747.5,755,742,754.75
2011-04-15,746.25,749.5,739.75,741.25
2011-04-18,734.75,753.25,734.75,752
2011-04-19,763.25,764.75,755.5,758.25
2011-04-20,770,775.75,737,739
2011-04-21,741.75,749,736.75,745.5
2011-04-25,760.5,771,753.75,766.5
2011-04-26,767,777.25,761.75,771.5
2011-04-27,763,772,757.25,759.5
2011-04-28,752,756.5,729.25,729.25
2011-04-29,734.25,761.25,730.75,758
2011-05-02,752.75,761.5,732.5,732.75
2011-05-03,726.5,737.75,722,724
2011-05-04,717.75,734.75,716.5,728.5
2011-05-05,712.5,717.5,701.25,709.25
2011-05-06,712.75,719.5,680.75,686
2011-05-09,694.5,710.75,694.25,709
2011-05-10,716.5,723.75,705.5,707
2011-05-11,677.5,685.5,677.25,677.25
2011-05-12,669.25,692.25,666.75,679.25
2011-05-13,687.75,689.75,676.75,682.5
2011-05-16,698.5,708,694.75,698
2011-05-17,704,720.75,697.5,720.75
2011-05-18,739.5,750.25,737.75,750.25
2011-05-19,757.5,757.5,742.75,750
2011-05-20,746.75,765,746.75,760.5
2011-05-23,765.5,766.75,750.25,752.25
2011-05-24,753.25,755.75,727.75,733.25
2011-05-25,736.25,746.75,736.25,742.5
2011-05-26,748.5,758.25,744.5,748.5
2011-05-27,743.25,759,741,758.5
2011-05-31,760.5,763.5,743,748.25
2011-06-01,744.5,760,744.5,759
2011-06-02,762.5,770,762.5,766.5
2011-06-03,762.25,764,751.25,752
2011-06-06,744.5,746,731.75,731.75
2011-06-07,731.25,737.5,730,737
2011-06-08,743.5,766.5,741,762.75
2011-06-09,786,790,774.75,784.25
2011-06-10,780,799.75,780,785.75
2011-06-13,784.75,785.75,777.25,781.75
2011-06-14,772.5,772.5,752.5,754.5
2011-06-15,751.5,752.5,725.5,725.75
2011-06-16,724,726.4,698.6,700.2
2011-06-17,711.4,714.4,691.2,702
2011-06-20,697.5,707.75,696.5,701.5
2011-06-21,716.5,719,702.25,708.25
2011-06-22,705.25,707.5,677.5,677.5
2011-06-23,656.75,683.75,639.25,682.5
2011-06-24,692.25,692.25,669,669
2011-06-27,668.25,669,650,662
2011-06-28,656.75,671,651.75,668.75
2011-06-29,695,697,666.75,678.5
2011-06-30,648,648,648,648
2011-07-01,606.5,622.5,603,606.25
2011-07-05,615.38,628.88,614.38,628.88
2011-07-06,626.5,629.12,618.88,619.12
2011-07-07,618,633.25,616.25,626.12
2011-07-08,627.5,646.12,626.88,642.62
2011-07-11,643.88,644.88,631.88,643
2011-07-12,642.88,669,624,665.25
2011-07-13,665.12,694.5,661.88,690.62
2011-07-14,686.12,694.38,674,694.38
2011-07-15,690.62,710.88,687.12,703.62
2011-07-18,701.62,703.12,683.38,696.88
2011-07-19,703.38,723.25,697.25,699.75
2011-07-20,698.38,708.62,686.12,687.38
2011-07-21,686.5,690.5,671,679.75
2011-07-22,679.12,690.12,673.25,690.12
2011-07-25,678.38,683.38,671.88,677.75
2011-07-26,681.62,690.38,675.75,690.38
2011-07-27,689.38,692.88,677.38,692
2011-07-28,690,690.5,680.12,684.62
2011-07-29,683.88,684.38,662.38,666.88
2011-08-01,668.5,683.88,665.38,681.75
2011-08-02,680.12,711.5,676.88,711.5
2011-08-03,710.75,714.25,700.62,703.88
2011-08-04,705.75,705.75,681.88,694.62
2011-08-05,688.12,699.5,679.38,693.25
2011-08-08,680.75,690.62,670.62,675.12
2011-08-09,672.75,687.12,658.62,680.25
2011-08-10,682.75,689.25,676.38,678
2011-08-11,676.88,708.12,676.12,702.5
2011-08-12,702.25,707.5,697.88,701.5
2011-08-15,703.75,711.62,702.88,707.38
2011-08-16,706.75,714.38,700,713.88
2011-08-17,713,720.12,708.38,711.88
2011-08-18,710.62,710.88,695.38,700.38
2011-08-19,699.12,714.12,692.75,710.5
2011-08-22,710.5,722,710.5,720.62
2011-08-23,723.62,730.88,720.12,730.62
2011-08-24,729.62,736.88,727.75,729.88
2011-08-25,730.38,735.75,725.12,731.62
2011-08-26,731.25,754.5,729.25,753.75
2011-08-29,751.88,765.64,751.75,754.26
2011-08-30,770.38,777.12,760.38,774.12
2011-08-31,774.38,775.12,767.12,769.38
2011-09-01,766.38,767.38,737.62,738.12
2011-09-02,743.38,764.12,739.62,759.88
2011-09-06,749.88,758.88,743.88,755.12
2011-09-07,755.88,764.38,743.88,748.38
2011-09-08,749.38,751.38,732.38,734.38
2011-09-09,734.62,740.12,730.38,736.62
2011-09-12,737.12,747.38,726.38,744.12
2011-09-13,746.62,749,717.12,726.62
2011-09-14,724.12,728.38,716.62,723.12
2011-09-15,724.88,724.88,702.12,702.12
2011-09-16,701.62,707.12,693.38,695.62
2011-09-19,691.62,693.88,676.62,693.12
2011-09-20,696.88,703.12,690.38,690.38
2011-09-21,690.12,697.38,685.38,685.38
2011-09-22,681.62,681.62,647.75,648.88
2011-09-23,652.88,658.62,638.12,640.62
2011-09-26,645.38,653.12,630.12,648.62
2011-09-27,653.38,666.12,646.12,650.62
2011-09-28,650.25,650.25,629.62,629.62
2011-09-29,630.62,638.12,623.12,633.88
2011-09-30,634.75,635.88,592.38,592.38
2011-10-03,589.38,598.38,572.38,594.12
2011-10-04,592.88,593.62,577.38,585.12
2011-10-05,592.38,607.38,591.62,607.38
2011-10-06,606.12,616.88,604.12,605.38
2011-10-07,607.38,607.38,596.38,602.88
2011-10-10,599.38,618.38,598.62,604.88
2011-10-11,606.38,645.12,599.88,645.12
2011-10-12,646.38,654.88,629.25,644.63
2011-10-13,644.62,644.62,622.38,636.88
2011-10-14,638.25,648.25,632.38,639.88
2011-10-17,641.88,646.88,635.62,638.75
2011-10-18,639.38,646.62,630.38,644.88
2011-10-19,645.12,650.88,637.62,638.5
2011-10-20,638.12,650.88,632.12,649.38
2011-10-21,649.62,665.12,648.62,649.25
2011-10-24,647.12,661.38,647.12,649.88
2011-10-25,649.5,658.38,647.25,651.88
2011-10-26,649.38,655.25,633.12,638.12
2011-10-27,638.25,656.62,637.88,654
2011-10-28,651.12,656.62,645.38,655.62
2011-10-31,654.38,655.62,638.12,649.88
2011-11-01,646.12,656.88,632.12,656.12
2011-11-02,653.12,659.38,640.62,643.12
2011-11-03,644.12,658.12,640.88,654.12
2011-11-04,653.12,657.38,644.62,654.88
2011-11-07,653.88,656.38,648.12,653
2011-11-08,653.12,663.88,652.12,662.88
2011-11-09,660.38,665.88,647.12,655.62
2011-11-10,654.38,662.12,645.38,647.12
2011-11-11,646.38,650.62,636.62,639.62
2011-11-14,638.12,644.63,630.38,633.38
2011-11-15,633.88,645.38,631.5,645.12
2011-11-16,644.38,647.88,636.88,641.75
2011-11-17,641.25,641.62,610.62,615.12
2011-11-18,614.62,617.12,601.62,611.12
2011-11-21,610.12,611.12,593.38,598.88
2011-11-22,598.12,601.5,594.38,598.88
2011-11-23,600.12,601.12,584.38,588.38
2011-11-25,587.88,594.25,582.38,582.38
2011-11-28,588.75,602.88,588.75,597.62
2011-11-29,598.5,612.38,595.12,605.88
2011-11-30,604.62,615.88,595.12,606.88
2011-12-01,608.62,612.38,597.62,602.62
2011-12-02,602.25,604.88,593.88,595.38
2011-12-05,597.38,602.38,589.62,592.88
2011-12-06,591.12,596.88,580.12,596.88
2011-12-07,596.75,599.88,588.38,593.38
2011-12-08,591.62,601.88,585.25,600.75
2011-12-09,599.88,603.25,585.62,593.38
2011-12-12,593.88,596.88,585.12,594.38
2011-12-13,594.12,601.12,591.62,594.62
2011-12-14,593.38,597.88,580.12,580.12
2011-12-15,580.88,583.88,576.38,578.38
2011-12-16,578.62,587.38,577.62,582.88
2011-12-19,586.88,603.62,584.38,600.88
2011-12-20,599.88,608.12,596.5,607.62
2011-12-21,605.88,618.62,601.12,616.62
2011-12-22,615.38,624.88,611.62,616.62
2011-12-23,616.12,621.62,614.38,620.12
2011-12-27,620.13,636.38,620.12,633.62
2011-12-28,631.88,646.12,630.38,641.38
2011-12-29,639.88,645.38,635.38,639.38
2011-12-30,637.12,647.88,635.38,647.12
2012-01-03,661.12,663.88,653.12,659.62
2012-01-04,657.88,661.62,654.12,659.12
2012-01-05,658.12,659.62,640.38,642.62
2012-01-06,642.12,649.38,640.38,643.62
2012-01-09,642.88,662.5,642.88,654.12
2012-01-10,651.62,657.38,648.12,652.88
2012-01-11,651.38,655.62,646.12,653.38
2012-01-12,651.38,659.38,611.38,611.38
2012-01-13,608.38,614.62,598.62,599.38
2012-01-17,601.75,611.62,601.38,605.88
2012-01-18,605.38,606.38,592.88,593.12
2012-01-19,594.12,606.88,594.12,606.88
2012-01-20,606.62,613.62,601.38,613.62
2012-01-23,613.75,620.88,612.12,620.62
2012-01-24,619.38,635.88,614.62,630.62
2012-01-25,629.5,637.62,625.88,635.62
2012-01-26,634.38,645.62,633.38,635.38
2012-01-27,633.38,642.12,631.12,642.12
2012-01-30,639.38,642.62,627.62,632.12
2012-01-31,632.62,641.88,631.12,639.88
2012-02-01,638.88,649.62,638.25,642.12
2012-02-02,641.88,646.62,634.38,643.12
2012-02-03,642.38,646.38,638.12,643.38
2012-02-06,641.5,648.38,639.38,644.12
2012-02-07,643.12,644.88,639.38,642.38
2012-02-08,642.12,648.62,632.38,642.88
2012-02-09,641.62,651.88,632.88,636.12
2012-02-10,636.38,638.62,628.38,630.25
2012-02-13,635.12,643.12,632.88,639.62
2012-02-14,638.88,640.38,631.62,632.38
2012-02-15,633.62,638.38,625.38,626.88
2012-02-16,627.12,636.88,621.88,636.38
2012-02-17,635.62,646.62,635.38,641.88
2012-02-21,643.38,644.62,625.38,629.38
2012-02-22,629.88,639.38,625.88,639.12
2012-02-23,639.13,643.38,633.38,638.88
2012-02-24,638.13,641.38,634.62,640.38
2012-02-27,643.38,648.88,636.62,648.62
2012-02-28,646.25,657.62,646.12,657.12
2012-02-29,656.12,661.38,653.38,657.62
2012-03-01,657.63,657.88,650.62,653.38
2012-03-02,653.62,655.38,647.12,653.88
2012-03-05,654.12,665.12,652.38,660.88
2012-03-06,658.62,659.62,649.62,651.62
2012-03-07,653.75,655.88,637.62,637.62
2012-03-08,637.88,644.62,631.88,633.62
2012-03-09,633.63,651.88,631.88,642.75
2012-03-12,644,661.12,641.88,659.88
2012-03-13,657.62,666.62,656.12,661.12
2012-03-14,660.5,664.88,654.38,660.12
2012-03-15,659.38,672.62,658.12,666.75
2012-03-16,667.88,673.62,665.88,673.38
2012-03-19,673.12,675.62,662.12,662.62
2012-03-20,663.12,663.12,643.62,647.88
2012-03-21,647.12,650.62,641.62,642.62
2012-03-22,643.75,647.38,636.88,645.38
2012-03-23,648.25,651.75,642.38,646.38
2012-03-26,646.38,655.88,637.38,638.12
2012-03-27,638.38,644.38,630.62,630.62
2012-03-28,631.25,634.62,619.12,621.12
2012-03-29,620.12,623.25,603.12,603.38
2012-03-30,605.25,644.12,604.12,644.12
2012-04-02,649.12,659.38,646.62,656.62
2012-04-03,653.88,665.62,652.12,663.25
2012-04-04,661.12,663.88,651.12,657.88
2012-04-05,657.12,663.12,654.88,657.88
2012-04-09,657.88,664,648.88,649.25
2012-04-10,649.12,653.62,634.62,636.88
2012-04-11,636.38,639.62,631.12,636.25
2012-04-12,637.38,644.38,636.38,639
2012-04-13,639.88,641.63,624.38,627.63
2012-04-16,627.63,628.63,621.13,621.38
2012-04-17,622.75,627.88,616.13,616.38
2012-04-18,617.13,618.13,599.63,601.38
2012-04-19,604,622.88,604,620.63
2012-04-20,621.5,628.13,610.13,610.88
2012-04-23,602.88,612.38,600.13,609.63
2012-04-24,612.63,621.63,605.38,606.63
2012-04-25,606.88,616.88,600.88,603.38
2012-04-26,603.63,607.88,599.13,607.63
2012-04-27,608.13,629.38,606.13,626.63
2012-04-30,625.5,634.38,620.88,634.25
2012-05-01,632.38,634.13,625.38,626.13
2012-05-02,627.13,628.88,610.38,610.38
2012-05-03,612.13,616.63,607.88,612.63
2012-05-04,613.88,625.88,604.13,619
2012-05-07,619,621.13,612.63,620.13
2012-05-08,620.63,631.63,618.75,621.38
2012-05-09,622.13,622.88,605.88,606.13
2012-05-10,607.88,612.13,585.63,588.38
2012-05-11,589.13,592.13,572.38,582
2012-05-14,581.88,586.63,576.38,581.88
2012-05-15,582.38,597.63,581.63,597.63
2012-05-16,596.63,620.38,590.88,619.38
2012-05-17,618.88,626.25,616.38,623.25
2012-05-18,623.13,638.13,619.38,633.38
2012-05-21,640,644.38,629.13,631.63
2012-05-22,629.63,634.63,595.63,598.63
2012-05-23,604.88,610.38,592.38,603.88
2012-05-24,607.13,608.88,576.88,578.75
2012-05-25,585.75,589.25,573.38,580.38
2012-05-29,579.13,583.63,557.38,560.13
2012-05-30,566.88,567.13,557.13,560.38
2012-05-31,561.88,563.88,554.13,555.38
2012-06-01,560.25,579.38,551.38,552.25
2012-06-04,559.88,568.88,557.63,567.5
2012-06-05,567.25,575.13,560.88,567.63
2012-06-06,571.75,585.88,571,584.13
2012-06-07,587.63,601.13,584.75,594.75
2012-06-08,590.75,605.38,585.38,599.88
2012-06-11,598.88,602.38,588.88,591.38
2012-06-12,593.88,594.63,578.38,582.38
2012-06-13,581.63,601.63,579.5,592.75
2012-06-14,595.25,607.88,591.88,602.13
2012-06-15,597.13,602.88,579.63,580.88
2012-06-18,583,607.13,576.38,601.88
2012-06-19,603,616.63,602.25,612.38
2012-06-20,610,616.88,609.13,612.38
2012-06-21,607.88,611.38,586.62,588.88
2012-06-22,588.75,600.25,588.62,591.12
2012-06-25,571.88,591.38,570.12,591.38
2012-06-26,598.62,619.88,593,619.88
2012-06-27,616.38,648.88,612.12,629.12
2012-06-28,627.62,642.62,620.38,625.5
2012-06-29,625.75,647.38,620.75,627.5
2012-07-02,646.88,657.5,641,652.88
2012-07-03,668.62,674.88,657.38,674.12
2012-07-05,691.25,714.12,688,709.38
2012-07-06,707.62,707.62,689.62,694.88
2012-07-09,709.63,735.62,709.63,731.5
2012-07-10,732.75,732.75,713.38,718
2012-07-11,718.38,748.5,685.75,704.62
2012-07-12,710.62,738.38,704.62,729.38
2012-07-13,730.5,747.88,726.62,742.38
2012-07-16,754.25,779.88,753.25,779.12
2012-07-17,791.25,796.62,767.12,781.75
2012-07-18,779.62,796.38,763.62,796
2012-07-19,794.38,816.5,790.38,812.75
2012-07-20,806.38,828.62,799.62,818.75
2012-07-23,823.75,823.75,795.38,814.12
2012-07-24,813,815.38,773.88,789.62
2012-07-25,791.38,805.38,781.88,793.88
2012-07-26,791.62,799.25,776.25,782.25
2012-07-27,780,800.88,777.12,800.12
2012-07-30,801.88,822.88,799.88,820.12
2012-07-31,817.38,824.88,806.12,806.88
2012-08-01,807.38,817.88,782.5,801.75
2012-08-02,805.38,808.25,784.62,793.62
2012-08-03,792,816.88,787.12,810.5
2012-08-06,802.12,807.62,793.25,801.88
2012-08-07,800.25,807,792.88,795.88
2012-08-08,795.25,811.38,787.88,810.25
2012-08-09,810.38,825.38,810.38,817.12
2012-08-10,817.62,842.38,799.62,800.75
2012-08-13,799.12,804.5,776.88,782.5
2012-08-14,786.38,790.25,777.88,780.62
2012-08-15,780.75,796.12,778.12,793.88
2012-08-16,793.5,800.88,789.5,797.88
2012-08-17,795.88,804.38,793.88,799.12
2012-08-20,799.5,817.38,799.38,815.88
2012-08-21,814.25,832.38,813.5,830.75
2012-08-22,830.38,833.88,823,830.38
2012-08-23,829.75,833.62,805.12,808.25
2012-08-24,808.38,816.88,800.38,803.12
2012-08-27,813.75,817.88,800.5,800.5
2012-08-28,802.12,804.62,794.62,796.12
2012-08-29,795.38,814.38,793.38,813.88
2012-08-30,813.62,817.38,808.12,808.12
2012-08-31,808,809.62,793.38,799.75
2012-09-04,801.62,814.88,797.38,804.62
2012-09-05,803.88,806.38,789.62,792.12
2012-09-06,792.88,801.88,788.12,797.88
2012-09-07,797.62,804.38,792.38,797.75
2012-09-10,798.5,806.38,782.12,783.12
2012-09-11,783.38,788.38,775.62,777.88
2012-09-12,778.12,781.88,760.38,769.88
2012-09-13,769.62,774.88,764.38,773.88
2012-09-14,773.62,789.38,772.62,782.62
2012-09-17,780.38,780.38,747.38,748.12
2012-09-18,748.88,753.88,739.12,740.62
2012-09-19,740.5,758.38,740.12,756.88
2012-09-20,755.38,757.38,739.38,746.38
2012-09-21,746,754.25,745.62,749.62
2012-09-24,747.38,751.12,736.88,743.25
2012-09-25,743.38,749.12,739.12,744.62
2012-09-26,743.62,744.62,722.62,725.38
2012-09-27,725.62,726.62,711.88,716.88
2012-09-28,717.25,756.38,705.12,756.38
2012-10-01,761.38,767.88,751.88,757.25
2012-10-02,755.75,759.88,746.12,758.62
2012-10-03,757.38,763.38,747.12,756.5
2012-10-04,756.38,767.62,753.5,755.38
2012-10-05,756.12,758.12,746.62,747.62
2012-10-08,745.88,747.88,740.12,741.88
2012-10-09,741.75,748.12,740.38,741.5
2012-10-10,741.75,743.38,732.62,736.88
2012-10-11,736.38,775.88,733.88,773.62
2012-10-12,771.88,771.88,749.62,752.38
2012-10-15,748.88,748.88,732.88,736.62
2012-10-16,737.38,745.12,735.38,738.38
2012-10-17,737.88,746.12,736.38,744.88
2012-10-18,745.12,761.88,744.62,760.88
2012-10-19,761.38,768.88,758.25,761.38
2012-10-22,759.38,766.88,759,760.88
2012-10-23,760.38,762.38,749.62,755.62
2012-10-24,755.88,763.12,751.88,754.12
2012-10-25,753.62,757.38,741.38,741.62
2012-10-26,742.12,744.62,737.38,738.12
2012-10-29,735.88,745.88,732.75,737.12
2012-10-30,737.25,743.62,736.12,742.88
2012-10-31,742.75,757.62,742.12,755.5
2012-11-01,755.62,763.12,748.12,748.38
2012-11-02,748.25,751.38,736.62,740.12
2012-11-05,737.75,744.88,733.38,735.88
2012-11-06,736.12,741.38,736.12,740.88
2012-11-07,740.62,750.62,734.12,743.88
2012-11-08,743.75,747.88,740.62,741.12
2012-11-09,740.88,754.88,734.12,739.38
2012-11-12,736.38,743.38,712.88,717.62
2012-11-13,717.12,725.62,710.62,722.38
2012-11-14,723.62,729.12,720.38,725.62
2012-11-15,725.38,727.62,720.38,720.88
2012-11-16,721,729.62,711.12,726.12
2012-11-19,727.12,740.88,726.25,739.88
2012-11-20,738.38,747.12,735.62,742.62
2012-11-21,742.75,746.88,738.12,740.62
2012-11-23,746.62,748.62,743.38,745.38
2012-11-26,748.88,756.88,746.25,750.88
2012-11-27,751.12,764.12,750.38,764.12
2012-11-28,762.88,767.38,758.88,762.75
2012-11-29,763.38,766.88,756.38,758.62
2012-11-30,758.38,758.38,748.12,753.62
2012-12-03,757.88,763.62,749.62,755.12
2012-12-04,754.38,756.75,746.88,752.38
2012-12-05,751.88,759.12,750.38,758.38
2012-12-06,756.88,758.88,748.12,751.88
2012-12-07,751.38,752.62,735.12,736.38
2012-12-10,735.13,736.13,725.38,729.62
2012-12-11,729.88,734.62,723.88,728.38
2012-12-12,728.5,731.38,719.38,725.12
2012-12-13,725.38,727.88,715.38,720.62
2012-12-14,719.75,731.38,717.88,730.5
2012-12-17,732.75,734.62,721.38,724.62
2012-12-18,723.38,725.62,715.62,720.62
2012-12-19,721.75,722.88,702.12,703.12
2012-12-20,704.12,704.88,687.62,696.12
2012-12-21,697.25,704.62,696.88,702.88
2012-12-24,703.12,707,700.75,704.88
2012-12-26,705.12,705.88,692.38,693.12
2012-12-27,692.75,695.38,689.38,691.88
2012-12-28,692.12,696.38,688.88,693.88
2012-12-31,694.13,699.38,689.38,699.25
2013-01-02,707.12,707.12,687.88,689.38
2013-01-03,691.38,694.62,685.12,692.25
2013-01-04,687.62,692.12,679.88,680.38
2013-01-07,680.62,689.88,678.12,685.75
2013-01-08,685.62,694.38,683.88,687.88
2013-01-09,688.5,695.88,686.62,695.25
2013-01-10,696.12,699.88,695.38,698.38
2013-01-11,698.62,723.38,686.62,709.25
2013-01-14,714.88,726.12,714.5,723.88
2013-01-15,723.75,734.12,722.12,731.38
2013-01-16,730,734.88,724.88,733.12
2013-01-17,731.62,733.62,722.38,724.62
2013-01-18,723.75,729.38,723.12,727.38
2013-01-22,730.38,734.38,726.88,728
2013-01-23,727.62,730.38,719.62,721.38
2013-01-24,719.62,724.62,714.62,723.12
2013-01-25,725,727.62,717.62,720.12
2013-01-28,722.5,729.38,719.12,729.12
2013-01-29,728.38,732.38,727.62,729.25
2013-01-30,729,740.62,725.62,740.62
2013-01-31,739.38,744.38,734.38,741.88
2013-02-01,740.38,746.12,735.62,735.62
2013-02-04,738.38,741.62,730.88,734.12
2013-02-05,733.88,734.88,724.12,729.62
2013-02-06,729.5,729.5,720.62,720.88
2013-02-07,721.12,722.12,710.12,710.62
2013-02-08,710.5,720.62,706.88,709.88
2013-02-11,707.88,713.62,701.12,701.62
2013-02-12,701.88,703.12,691.62,696.5
2013-02-13,697.12,700.88,687.38,694.75
2013-02-14,695.88,699.12,690.12,695.38
2013-02-15,695.12,703.12,694.12,697.88
2013-02-19,701,703.12,691.12,695.38
2013-02-20,696.38,701.38,693.38,700.62
2013-02-21,699.62,701.12,690.12,690.38
2013-02-22,692.12,697.38,690.12,690.62
2013-02-25,684.25,687.88,680.88,685.12
2013-02-26,685.5,695.38,682.38,694.38
2013-02-27,694.25,698.62,691.38,694.75
2013-02-28,694.62,705.88,693.88,704.88
2013-03-01,703.38,709.62,699.38,708.75
2013-03-04,707.88,712.62,695.62,703.5
2013-03-05,703.12,711.12,703,709.38
2013-03-06,708.88,709.62,688.12,688.12
2013-03-07,688.62,692.88,682.12,691.38
2013-03-08,690.75,703.88,689.88,703.38
2013-03-11,705.38,716.12,703.12,709.38
2013-03-12,709.62,717.62,708.88,713.38
2013-03-13,713.62,717.5,701.38,710.88
2013-03-14,710.62,716.88,708.38,715.5
2013-03-15,715.38,719.62,713.12,717.88
2013-03-18,714.25,720.12,710.12,718.62
2013-03-19,718.88,728.62,718.62,727.62
2013-03-20,727.88,732.88,724.62,730.62
2013-03-21,730.25,734.12,726.62,730.12
2013-03-22,729.88,732.12,720.12,726.12
2013-03-25,728.38,733.88,721.62,731.12
2013-03-26,731,732.88,725.88,728.88
2013-03-27,728.62,737.62,727.88,733.38
2013-03-28,733.25,736.12,695.12,695.12
2013-04-01,675.62,676.38,636.62,645.75
2013-04-02,646.12,653.62,634.12,640.38
2013-04-03,641.75,646.88,635.88,642
2013-04-04,643.5,643.88,627.38,630.12
2013-04-05,629.88,635.62,626.62,628.88
2013-04-08,628.5,635.38,628.13,633.75
2013-04-09,634.5,645.62,634.5,643.88
2013-04-10,644.12,663.88,636.12,649.12
2013-04-11,648.88,661.12,647.12,650.62
2013-04-12,651.38,659.62,651.13,658.62
2013-04-15,659.88,659.88,644.62,645.62
2013-04-16,645.38,663.62,641.12,663.38
2013-04-17,662.5,665.12,656.75,659
2013-04-18,658.62,664.38,644.12,644.38
2013-04-19,645.12,652.38,643,651.88
2013-04-22,648.25,649.38,640.62,646
2013-04-23,647.38,647.62,638.38,638.38
2013-04-24,639,644.75,636.12,638.88
2013-04-25,640.12,646.75,639.38,645.38
2013-04-26,644.12,644.75,638.62,643.88
2013-04-29,625.62,659.88,625.62,659.88
2013-04-30,660.12,668.75,647.88,648.88
2013-05-01,647.12,652.38,639.62,646.5
2013-05-02,646.12,662.38,645.12,662
2013-05-03,660.5,666.88,657.88,661.62
2013-05-06,650.5,651.25,633.62,636.5
2013-05-07,640.12,645.62,633.88,639.62
2013-05-08,639.88,642.88,627.12,633.38
2013-05-09,632.88,652.12,629,647.38
2013-05-10,647.25,648.38,625.12,636.75
2013-05-13,633.62,658.62,633.62,656.5
2013-05-14,654.62,657.62,646.62,652.88
2013-05-15,651.88,659.62,645.12,650.62
2013-05-16,650.38,651.88,640.38,642
2013-05-17,641.75,655.88,638.88,653.12
2013-05-20,651.88,660.38,642.88,649.88
2013-05-21,644.75,646.88,632.62,638.62
2013-05-22,640.38,659.12,637.62,658.62
2013-05-23,657.62,669.62,653.12,662.12
2013-05-24,660.38,664.38,655.62,656.12
2013-05-28,658.75,669.38,655.38,665.88
2013-05-29,666.12,667.88,651.62,665.38
2013-05-30,663.38,667.12,649.88,655.12
2013-05-31,654.38,665.62,652.38,663.88
2013-06-03,661.12,668.88,644.12,656.12
2013-06-04,654.88,664.12,648.12,661.12
2013-06-05,661.38,666.62,658.38,661.5
2013-06-06,660,664,655.62,663.62
2013-06-07,662.38,673.88,659.62,666.12
2013-06-10,662.75,664.38,648.62,649.5
2013-06-11,651.12,661.12,647.88,655.88
2013-06-12,658.88,661.88,647.75,651.88
2013-06-13,652.12,652.88,641.12,645
2013-06-14,645.5,657.62,645,654
2013-06-17,653.62,671.88,651.62,670.12
2013-06-18,668.38,677.12,662.88,672.5
2013-06-19,671.5,683.12,665.5,680.12
2013-06-20,678,679.5,667.62,672.88
2013-06-21,672.12,673.38,660.38,661.12
2013-06-24,592,592,578.12,579.62
2013-06-25,579.12,583.62,572.88,578.25
2013-06-26,577.38,580.88,573.62,575.12
2013-06-27,574.12,575.25,570.12,572.38
2013-06-28,571.62,573.38,542,547
2013-07-01,544.12,545.25,531.12,532.88
2013-07-02,531.75,535.12,527.38,533.5
2013-07-03,534.38,539.25,527.62,533.12
2013-07-05,534.75,535.5,525.62,526.62
2013-07-08,525.62,535.88,525.12,534.12
2013-07-09,534.88,554.12,534.88,552.5
2013-07-10,551.5,557.88,548.12,554.38
2013-07-11,553.62,563.38,545.75,559.12
2013-07-12,559.88,560.62,543.62,544.12
2013-07-15,542.5,543.62,535.12,536.75
2013-07-16,541.38,549.62,539.12,545.5
2013-07-17,545.75,548.88,537.88,538.5
2013-07-18,535.25,541.88,532.38,540
2013-07-19,539.88,545.38,537.12,543.12
2013-07-22,544.38,544.38,536.5,541
2013-07-23,538.88,538.88,521.88,523.38
2013-07-24,522.75,524.12,507.88,508.13
2013-07-25,508.75,510.62,492.88,495.5
2013-07-26,495.63,499.62,491.38,491.62
2013-07-29,491.5,497.38,488.38,489.25
2013-07-30,489.75,497,489.62,496.25
2013-07-31,495.12,499.38,493,499.25
2013-08-01,498.75,499.75,486.62,487.62
2013-08-02,487.88,489.38,475.62,476
2013-08-05,474.12,474.88,465.88,469.5
2013-08-06,468.12,474.88,465.62,472.88
2013-08-07,471.88,476.12,467.38,468.5
2013-08-08,468.75,475.38,468.63,473.5
2013-08-09,473.12,476.62,464.5,464.75
2013-08-12,465.12,479.62,457.25,472.5
2013-08-13,471.38,476.5,454.62,455.75
2013-08-14,455.12,465.62,455.12,464.75
2013-08-15,466.88,484.88,464.38,482.25
2013-08-16,481.25,483.75,468.63,473.88
2013-08-19,483,493.63,478.5,493.25
2013-08-20,492.88,494.12,482.62,483.62
2013-08-21,483.88,499.25,482.12,498
2013-08-22,497.12,498.75,486.5,487.88
2013-08-23,489.25,499.88,489.25,494.25
2013-08-26,479.38,508.13,479.38,501.38
2013-08-27,499.88,503.88,485.88,486.25
2013-08-28,486.12,491.88,479.38,480.12
2013-08-29,481.62,483.62,477.38,480.88
2013-08-30,480.38,483.75,476.38,482.88
2013-09-03,490.38,493.38,470.38,475.5
2013-09-04,474.88,474.88,466.5,469.12
2013-09-05,468.88,469.12,457.12,461.38
2013-09-06,460.88,468.63,460.38,468.25
2013-09-09,468.63,470.88,461.88,463.62
2013-09-10,462.62,469.38,460.88,468.88
2013-09-11,468.38,473.12,466.38,473.12
2013-09-12,472.12,472.62,456.38,466.88
2013-09-13,464.88,465.62,458.13,458.88
2013-09-16,456.88,461.88,454.12,457.12
2013-09-17,456.88,467.88,453.38,453.88
2013-09-18,454.12,456.88,452.12,456.88
2013-09-19,457.62,463.12,455.62,460.25
2013-09-20,459.38,459.88,450.62,451.38
2013-09-23,450.38,454.88,448.38,453.12
2013-09-24,452.12,456.88,448.12,448.62
2013-09-25,448.88,456.62,448.38,454.38
2013-09-26,454.12,457.62,451.25,457.38
2013-09-27,456.38,458.62,453.12,453.62
2013-09-30,452.88,461.88,441.12,441.88
2013-10-01,441.38,444.62,435.38,439.5
2013-10-02,438.62,440.88,435.12,439.12
2013-10-03,438.88,443.38,438.38,439.12
2013-10-04,439.62,443.63,438.88,443.38
2013-10-07,443.12,449.38,441.62,449.38
2013-10-08,448.88,449.62,439.88,441.38
2013-10-09,441.12,446.88,440.62,443.88
2013-10-10,443.63,446.38,436.62,439.12
2013-10-11,436.38,436.88,432.62,433.25
2013-10-14,432.88,437.25,432.12,437.12
2013-10-15,436.62,443.88,436.12,443.88
2013-10-16,442.88,445.88,439.12,441.62
2013-10-17,442.38,446.38,441.38,443.38
2013-10-18,442.88,447.62,441.12,441.25
2013-10-21,440.62,444.38,438.38,444.38
2013-10-22,443.63,444.38,437.88,437.88
2013-10-23,437.63,446.12,437.63,442.88
2013-10-24,442.12,444.38,438.62,440.38
2013-10-25,440.62,441.88,439.62,440.12
2013-10-28,439.12,439.88,430.38,430.38
2013-10-29,430.12,433.88,428.38,432.62
2013-10-30,431.5,434.88,429.62,429.88
2013-10-31,430.12,436.12,427.12,428.12
2013-11-01,427.88,429.62,425.88,426.88
2013-11-04,426.38,428.62,425.38,426.12
2013-11-05,425.62,426.88,424.12,425.62
2013-11-06,424.38,425.88,420.88,420.88
2013-11-07,420.75,424.12,420.12,420.88
2013-11-08,419.62,429.38,415.62,426.12
2013-11-11,427.88,437.12,427.88,434.88
2013-11-12,434.62,437.88,430.62,432.12
2013-11-13,432.38,434.38,428.88,430.12
2013-11-14,429.88,431.13,425.62,425.88
2013-11-15,426.38,429.88,421.62,421.88
2013-11-18,421.62,422.38,411.88,411.88
2013-11-19,411.62,418.38,410.88,418.12
2013-11-20,417.62,418.88,415.12,416.62
2013-11-21,416.88,423.88,416.88,422.62
2013-11-22,422.12,426.62,420.63,423.38
2013-11-25,429.2,432.88,429.12,431.25
2013-11-26,431.13,431.13,422.38,424
2013-11-27,424.12,429.62,423.62,426.62
2013-11-29,426.12,426.88,421.88,425
2013-12-02,421.38,424.88,418.62,424.88
2013-12-03,424.38,432.12,423.12,431.38
2013-12-04,430.88,439.12,426.62,436.62
2013-12-05,435.62,437.38,431.13,433.5
2013-12-06,433.25,436.62,430.12,434.62
2013-12-09,433.88,438.38,432.62,438.12
2013-12-10,437.38,440.25,430.88,436.38
2013-12-11,435.88,439.62,434.38,439.62
2013-12-12,438.62,438.88,428.12,434.38
2013-12-13,434.25,434.88,425.12,425.12
2013-12-16,426.38,426.38,420.63,423.12
2013-12-17,422.88,428.88,422.12,427.12
2013-12-18,425.62,429.62,423.12,425.12
2013-12-19,424.88,430.88,424.38,430.88
2013-12-20,429.88,434.12,427.62,433.88
2013-12-23,433.13,435.88,431.88,433.88
2013-12-24,433.38,435.62,431.88,435.12
2013-12-26,431.25,431.25,426.12,426.88
2013-12-27,426.38,428.88,426.12,427.38
2013-12-30,426.25,426.62,423.12,423.38
2013-12-31,423.12,423.38,421.38,421.38
2014-01-02,422.12,427.12,418.62,421.38
2014-01-03,421.12,423.88,417.12,423.62
2014-01-06,424.62,427.88,424.12,427.88
2014-01-07,426.88,429.88,425.38,425.88
2014-01-08,425.38,427.62,415.38,415.62
2014-01-09,415.88,416.62,408.12,412.12
2014-01-10,411.38,432.88,406.62,431.88
2014-01-13,433.38,435.38,430.62,434.38
2014-01-14,433.88,433.88,427.62,432.12
2014-01-15,431.13,431.38,425.62,425.88
2014-01-16,425.62,429.88,425.12,427
2014-01-17,426.88,427.88,422.38,424.62
2014-01-21,423.62,425.62,421.12,425.12
2014-01-22,424.88,428.62,424.88,425.88
2014-01-23,426.12,430.88,425.88,428.88
2014-01-24,428.62,430.12,425.62,429.12
2014-01-27,428.62,432.62,427.12,431.88
2014-01-28,431.13,433.62,430.88,431.62
2014-01-29,431.38,431.62,427.12,427.5
2014-01-30,427.88,434.38,427.62,433.38
2014-01-31,432.38,434.38,431.38,434.25
2014-02-03,433.62,438.62,433.62,435.88
2014-02-04,435.62,441.88,434.62,441.88
2014-02-05,441.12,443.88,439.12,443.12
2014-02-06,442.88,447.12,441.62,442.88
2014-02-07,442.62,444.88,440.62,444.12
2014-02-10,442.88,448.88,440.12,443.63
2014-02-11,442.62,443.88,437.38,441.62
2014-02-12,440.88,445.38,439.38,439.75
2014-02-13,439.62,441.88,439.12,440.12
2014-02-14,440.62,445.63,438.62,445.63
2014-02-18,444.88,449.88,444.62,449.88
2014-02-19,448.62,454.38,448.38,454.38
2014-02-20,453.38,456.13,451.38,456.13
2014-02-21,455.62,456.38,450.38,452.25
2014-02-24,459,459,452.12,458.13
2014-02-25,456.88,461.62,454.12,461.38
2014-02-26,460.38,464.62,459.38,459.38
2014-02-27,459.62,463.38,453.88,455.62
2014-02-28,454.12,464.62,453.88,462.62
2014-03-03,467.38,482.62,464.12,472
2014-03-04,469.5,484.88,465.38,484.88
2014-03-05,482.38,487.38,479.62,481.62
2014-03-06,480.62,492.38,478.62,491
2014-03-07,490.38,502.38,485.12,487.12
2014-03-10,486,487.38,475.88,477.62
2014-03-11,476.62,484.88,473.62,484.25
2014-03-12,482.5,488.62,476.62,488.62
2014-03-13,487.25,493.25,482.38,484.62
2014-03-14,483.88,488.88,478.62,484.88
2014-03-17,485.5,487.38,476.62,478.25
2014-03-18,478.62,486.88,477.25,486.62
2014-03-19,485.62,491.5,482.38,487.62
2014-03-20,486.88,487.12,478.12,478.12
2014-03-21,478.62,480.88,476.12,478.88
2014-03-24,479.12,490.88,478.62,490.62
2014-03-25,489.12,489.88,485.12,487.12
2014-03-26,486.12,487.62,482.62,484.88
2014-03-27,483.88,492.62,482.12,492.25
2014-03-28,491.25,495.88,489.38,492.88
2014-03-31,490.62,503.62,475.88,501.62
2014-04-01,501.88,512.12,501.62,507.5
2014-04-02,506.62,507.38,491.38,496.12
2014-04-03,496.88,500.88,494.38,500.12
2014-04-04,498.88,501.88,493.38,501.12
2014-04-07,500.38,502.38,494.62,498.62
2014-04-08,498.38,507.38,496.38,506.88
2014-04-09,506.25,518.38,500.88,501.38
2014-04-10,501.75,502.88,494.12,501.38
2014-04-11,499.62,504.62,497.88,497.88
2014-04-14,498.75,506.88,497.62,502.88
2014-04-15,502.62,506.62,497.62,503.88
2014-04-16,502.62,504.88,495.38,497.88
2014-04-17,498.12,501.12,493.12,494.62
2014-04-21,493.38,493.63,485.62,488.62
2014-04-22,489.38,499.88,487.38,495.88
2014-04-23,496.12,504.12,494.75,503.62
2014-04-24,502.62,507.38,499.62,501.62
2014-04-25,501.25,510.62,500.88,505.5
2014-04-28,512.6,518.12,511.38,513.38
2014-04-29,514.38,521.88,514.38,521.88
2014-04-30,520.62,521.38,514.62,519.12
2014-05-01,518,520.88,504.75,507.62
2014-05-02,507.25,509.62,497.88,499.38
2014-05-05,499.62,509.38,497.62,507.38
2014-05-06,507.62,518.88,502.12,517.62
2014-05-07,516.12,518.88,510.5,514.38
2014-05-08,513.62,516.88,508.13,516.62
2014-05-09,515.5,522.38,506.13,507.5
2014-05-12,505.38,506.13,498.62,499.12
2014-05-13,498.62,503.12,497.88,502.12
2014-05-14,502.38,504.12,495.38,495.38
2014-05-15,495.63,497.12,481.88,484.38
2014-05-16,484.12,486.88,480.38,484.12
2014-05-19,481.88,482.38,476.62,477.12
2014-05-20,477.38,480.88,473.12,473.5
2014-05-21,473.38,475.88,472.62,473.62
2014-05-22,474.75,482.38,472.62,476.88
2014-05-23,477.62,480.12,475.62,476.88
2014-05-27,474.12,474.62,469.38,469.75
2014-05-28,468.75,472.75,466.62,472.75
2014-05-29,472.62,472.88,467.38,470.38
2014-05-30,469.88,473.38,465.25,465.38
2014-06-02,463.62,469.88,460.38,465.12
2014-06-03,462.88,464.88,456.13,457.38
2014-06-04,458.62,460.38,454.38,457.12
2014-06-05,456.75,457.88,448.88,449.12
2014-06-06,448.88,459.38,447.12,458.38
2014-06-09,456.62,456.62,445.63,451.62
2014-06-10,450.5,454.88,445.12,445.12
2014-06-11,445.38,449.62,439.38,441.38
2014-06-12,440.38,444.88,439.62,444.88
2014-06-13,444.12,449.62,444.12,447.38
2014-06-16,444.62,449.62,440.38,441.12
2014-06-17,440.88,441.38,435.62,439.38
2014-06-18,438.62,443.63,438.62,440.88
2014-06-19,441.38,450.62,441.38,450.38
2014-06-20,449.38,453.38,446.38,453.38
2014-06-23,447.38,452.88,438.62,438.62
2014-06-24,438.88,439.38,433.38,436.62
2014-06-25,436.38,436.62,433.88,436.12
2014-06-26,436,441.88,435.12,438.38
2014-06-27,438.62,442.38,436.38,441.88
2014-06-30,440.25,440.25,417.12,417.12
2014-07-01,417.88,418.38,410.38,416.12
2014-07-02,416,416.62,410.25,412.75
2014-07-03,412.5,413.88,409.12,409.62
2014-07-07,409,409.25,397.12,401.62
2014-07-08,400.88,402.38,396.88,398.62
2014-07-09,397.88,397.88,388.62,390.88
2014-07-10,390.38,394,385.38,385.88
2014-07-11,385.75,388.38,376.12,377.12
2014-07-14,377.38,382.88,374.12,381.62
2014-07-15,380.88,380.88,371.12,374.25
2014-07-16,374.12,385.38,373.88,378.12
2014-07-17,377.88,387.38,374.62,379.38
2014-07-18,378.88,381.12,370.88,370.88
2014-07-21,368.75,368.75,362.88,364.12
2014-07-22,363.62,366.88,360.12,360.12
2014-07-23,360.25,363.38,357.62,362.25
2014-07-24,361.88,368.62,356.62,361.25
2014-07-25,360.88,363.38,357.12,363.12
2014-07-28,363.5,369.12,363.38,367.88
2014-07-29,367.38,368.38,358.62,361.88
2014-07-30,361.38,364.12,357.88,361.88
2014-07-31,360.62,361.38,356.88,357.38
2014-08-01,356.88,358.62,351.88,351.88
2014-08-04,351.62,361.12,351.62,359.12
2014-08-05,357.88,358,353.12,356.12
2014-08-06,356,363.88,355.62,363.12
2014-08-07,361.88,362.62,355.88,359.12
2014-08-08,358.75,359.38,351.62,352.5
2014-08-11,350.88,357.62,350.62,356.88
2014-08-12,355.62,361.75,348.25,358.12
2014-08-13,358.38,360.88,354.62,358.38
2014-08-14,357.62,362.62,355.12,362.38
2014-08-15,361.12,367.88,360.5,365.38
2014-08-18,365.5,369.88,360.12,360.12
2014-08-19,359.62,363.12,356.5,362.38
2014-08-20,361.88,361.88,356.38,359.75
2014-08-21,358.62,365.88,358.12,362.12
2014-08-22,361.62,366.88,361.62,365.62
2014-08-25,369.75,370.12,365.62,367.62
2014-08-26,366.62,368.12,361.88,364.62
2014-08-27,363.75,365.38,362.12,365.12
2014-08-28,364.38,369.88,363.62,369.12
2014-08-29,367.88,368.88,362.62,365.88
2014-09-02,363.38,367.38,362.38,363.62
2014-09-03,362.62,362.62,351.38,351.38
2014-09-04,352.12,353.12,343.88,346.62
2014-09-05,346.88,357.38,346.88,356.62
2014-09-08,354.88,357.88,346.38,348.38
2014-09-09,348.12,348.12,343.38,344.12
2014-09-10,343.88,347.12,343.12,345.62
2014-09-11,345.38,345.38,335.88,341.62
2014-09-12,341.38,343.88,337.38,338.38
2014-09-15,336.62,343.38,335.88,343.12
2014-09-16,342.5,350.38,338.88,343.88
2014-09-17,343.12,344.12,339.38,341.38
2014-09-18,341.12,341.62,338.12,338.62
2014-09-19,337.88,338.12,331.62,331.62
2014-09-22,331.12,331.38,326.88,330.38
2014-09-23,329.62,330.88,325.38,325.38
2014-09-24,325.25,329.88,324.88,329.38
2014-09-25,329.62,330.88,325.38,326.38
2014-09-26,326.12,326.88,322.88,323.12
2014-09-29,322.38,326.38,322.12,325.88
2014-09-30,325.62,326.38,319.62,320.12
2014-10-01,319.88,323.38,318.12,321.38
2014-10-02,320.38,323.12,319.38,322.62
2014-10-03,322.88,325.62,321.12,323.88
2014-10-06,323.38,332.62,323.38,332.38
2014-10-07,331.88,342.12,330.62,341.12
2014-10-08,339.88,343.38,337.62,343.38
2014-10-09,342.12,347.88,340.88,344.38
2014-10-10,343.62,348.38,332.62,334.88
2014-10-13,333.12,347.12,330.62,346.88
2014-10-14,345.62,357.38,343.62,357.12
2014-10-15,356.12,358.12,346.62,347.62
2014-10-16,347.88,352.88,345.12,352.62
2014-10-17,352.38,355.62,346.62,347.62
2014-10-20,345.62,348.88,342.12,347.88
2014-10-21,347.38,358.62,347.12,356.12
2014-10-22,355.62,360.88,352.62,352.88
2014-10-23,352.12,360.12,351.12,360.12
2014-10-24,359.12,364.75,352.38,352.38
2014-10-27,351.62,363.38,348.62,363.12
2014-10-28,362.62,371.38,361.38,364.62
2014-10-29,364.12,375.62,362.62,375.62
2014-10-30,374.88,380.88,371.62,373.5
2014-10-31,372.88,377.62,368.12,376.25
2014-11-03,374.62,375.12,370.88,373.88
2014-11-04,371.88,371.88,364.38,364.38
2014-11-05,363.75,371.38,359.12,370.12
2014-11-06,369.88,374.38,366.62,370.38
2014-11-07,370.12,371.62,364.38,367.38
2014-11-10,365.88,377.38,364.88,369.38
2014-11-11,368.38,374.38,365.62,374.12
2014-11-12,373.38,384.88,372.88,378.38
2014-11-13,377.38,388.88,377.38,385.62
2014-11-14,385.12,386.88,380.62,381.88
2014-11-17,381.38,384.12,374.38,377.62
2014-11-18,377.12,378.62,371.38,372.12
2014-11-19,371.88,371.88,362.88,363.12
2014-11-20,362.88,374.62,362.62,373.12
2014-11-21,372.62,381.25,370.88,370.88
2014-11-24,385.2,385.62,378.38,380.38
2014-11-25,379.75,387.88,379.12,387.88
2014-11-26,386.88,391.62,386.62,391.62
2014-11-28,389.88,393.38,382.88,389.38
2014-12-01,386.12,391.38,383.12,390.12
2014-12-02,389.38,391.12,381.12,381.38
2014-12-03,381.88,382.38,377.38,381.88
2014-12-04,381.62,390.38,380.38,389.38
2014-12-05,388.62,395.88,386.12,395.88
2014-12-08,394.38,399.62,389.62,390.12
2014-12-09,389.62,395.88,387.38,394.88
2014-12-10,394.38,398.12,389.38,393.62
2014-12-11,393.88,400.62,392.38,397.88
2014-12-12,397.38,409.88,397.38,406.38
2014-12-15,407.5,412.38,405.12,408.88
2014-12-16,407.62,411.25,404.12,405.88
2014-12-17,405.62,409.88,404.12,408.38
2014-12-18,407.88,413.88,407.12,411.38
2014-12-19,410.62,411.12,405.12,410.88
2014-12-22,409.62,414.12,408.62,411.12
2014-12-23,411.38,415.62,410.62,413.62
2014-12-24,413.12,414.75,405.88,408.38
2014-12-26,411.62,414.88,406.12,414.62
2014-12-29,414.38,416.88,410.88,412.62
2014-12-30,411.88,412.62,406.12,406.12
2014-12-31,405.88,406.12,396.38,397.25
2015-01-02,395.62,398.12,391.62,396.12
2015-01-05,395.12,406.38,394.88,406.12
2015-01-06,405.12,409.38,402.38,404.88
2015-01-07,404.62,407.12,396.12,396.12
2015-01-08,396.38,398.62,392.88,394.62
2015-01-09,394.12,401.38,393.12,400.12
2015-01-12,399.12,405.88,391.62,401.88
2015-01-13,401.62,406.38,384.62,385.38
2015-01-14,385.88,386.12,376.38,382.38
2015-01-15,382.12,387.62,376.12,379.88
2015-01-16,380.62,387.62,379.62,386.38
2015-01-20,385.12,390.62,382.38,390.38
2015-01-21,390.12,392.38,386.38,387.38
2015-01-22,388.38,390.38,382.62,384.12
2015-01-23,383.88,388.38,382.12,386.62
2015-01-26,385.75,388.12,382.62,383.62
2015-01-27,383.88,385.88,380.12,381.12
2015-01-28,380.88,381.38,373.12,374.12
2015-01-29,373.38,373.62,368.12,373.12
2015-01-30,372.62,372.62,365.88,370.62
2015-02-02,369.5,378.38,367.62,369.88
2015-02-03,370.38,388.38,370.38,385.38
2015-02-04,385.12,388.12,379.62,383.62
2015-02-05,382.5,387.38,381.62,384.88
2015-02-06,385.12,389.12,380.12,385.62
2015-02-09,385.12,391.62,383.62,391.62
2015-02-10,390.75,391.38,384.62,388.12
2015-02-11,387.88,389.38,384.25,385.62
2015-02-12,385.38,387.62,381.38,382.88
2015-02-13,383,388.38,382.38,387.88
2015-02-17,387.12,390.88,385.12,389.88
2015-02-18,388.88,390.38,383.12,383.38
2015-02-19,383.88,391.12,382.38,389.88
2015-02-20,388.88,389.38,383.62,385.38
2015-02-23,393.35,393.88,385.62,387
2015-02-24,386.88,395.12,385.38,385.62
2015-02-25,385.38,387.38,379.62,384.38
2015-02-26,384.12,390.38,383.12,388.38
2015-02-27,387.5,396.12,385.62,391.62
2015-03-02,391.88,394.62,386.62,388.12
2015-03-03,388.62,391.62,384.62,390.62
2015-03-04,390.75,391.88,386.38,389.38
2015-03-05,388.88,392.88,387.88,390.12
2015-03-06,389.38,389.62,383.38,385.62
2015-03-09,386,391.38,386,388.38
2015-03-10,388.12,391.12,383.38,388.12
2015-03-11,386.75,393.62,386.75,390.62
2015-03-12,390.12,391.88,386.62,389.38
2015-03-13,388.12,389.62,380.38,380.38
2015-03-16,380.12,382.12,375.62,379.12
2015-03-17,378.88,379.62,370.12,371.38
2015-03-18,371.62,375.12,367.12,374.88
2015-03-19,377.88,380.38,370.62,374.12
2015-03-20,373.88,387.12,372.88,385.12
2015-03-23,385.88,391.62,385.12,389.88
2015-03-24,389.12,393.62,388.62,393.62
2015-03-25,393.12,395.62,391.62,394.38
2015-03-26,394.12,396.88,389.38,391.12
2015-03-27,390.88,393.38,389.38,391.38
2015-03-30,391.12,394.88,390.12,394.38
2015-03-31,394,398.38,375.75,376.38
2015-04-01,377.38,381.88,374.12,381.62
2015-04-02,381.38,388.38,378.62,386.62
2015-04-06,389.25,389.88,383.62,384.88
2015-04-07,385.12,387.25,382.12,383.12
2015-04-08,383.38,385,376.88,379.5
2015-04-09,379.12,379.88,375.12,378.38
2015-04-10,378.12,379.38,374.38,377.25
2015-04-13,374.88,375.88,370.38,370.38
2015-04-14,370.88,374.62,370.12,372.88
2015-04-15,373.12,378.88,370.62,375.75
2015-04-16,375.62,377.62,373.12,376.38
2015-04-17,376.12,380.62,375.12,379.62
2015-04-20,379.75,381.5,375.88,377.88
2015-04-21,376.62,376.88,371.38,373.38
2015-04-22,372.62,374.12,369.38,373.12
2015-04-23,372.12,377.88,370.62,370.88
2015-04-24,370.62,371.12,363.88,364.62
2015-04-27,368.9,369.62,364.62,364.88
2015-04-28,364.38,367.12,362.62,364.62
2015-04-29,364.38,367.88,363.38,367.88
2015-04-30,367.62,369.88,364.12,366.12
2015-05-01,366.38,366.38,360.88,363.12
2015-05-04,362.38,363.38,360.12,361.12
2015-05-05,360.12,362.88,355.88,362.88
2015-05-06,363.12,369.38,362.88,366.38
2015-05-07,366.62,366.62,360.62,361.12
2015-05-08,360.88,364.12,359.62,364.12
2015-05-11,363.12,364.38,359.12,360.38
2015-05-12,359.38,365.62,357.62,360.62
2015-05-13,360.38,363.62,357.38,362.12
2015-05-14,361.88,368.38,361.38,368.12
2015-05-15,367.88,371.38,362.38,364.88
2015-05-18,365.38,371.12,364.12,368.12
2015-05-19,367.25,368.38,360.38,362.38
2015-05-20,362.25,362.38,358.62,359.62
2015-05-21,359.88,366.38,359.88,364.62
2015-05-22,363.88,367.62,359.88,360.38
2015-05-26,361.12,362.38,354.12,354.62
2015-05-27,355,356.38,348.88,349.12
2015-05-28,349.62,354.88,348.38,353.12
2015-05-29,353,356.88,350.12,351.62
2015-06-01,350.62,354.12,348.62,352.88
2015-06-02,352.12,359.38,352.12,358.88
2015-06-03,359.12,363.88,357.12,358.88
2015-06-04,358.38,364.38,356.62,363.12
2015-06-05,362.75,367.12,359.88,360.88
2015-06-08,361.12,366.12,360.62,365.38
2015-06-09,364.88,368.38,362.62,365.12
2015-06-10,364.25,366.12,357.12,357.12
2015-06-11,357.62,359.88,354.62,356.62
2015-06-12,356.12,356.62,352.5,353.12
2015-06-15,352.88,352.88,346.88,348.38
2015-06-16,348.62,354.12,347.62,353.62
2015-06-17,353.88,361.12,353.88,359.38
2015-06-18,358.62,360.88,356.12,358.12
2015-06-19,357.38,357.62,351.88,353.38
2015-06-22,351.62,360.38,350.62,360.38
2015-06-23,361.38,368.38,360.88,367.62
2015-06-24,366.75,370.75,363.12,366.12
2015-06-25,365.62,376.88,363.62,376.88
2015-06-26,375.88,389.88,375.75,384.62
2015-06-29,391.12,399.38,390.88,392.12
2015-06-30,391.62,422.25,390.62,422.25
2015-07-01,421.25,426.38,411.88,423.62
2015-07-02,421.75,430.62,418.62,428.5
2015-07-06,425.88,427.88,416.88,427
2015-07-07,420.63,424.12,415.38,423.62
2015-07-08,422.88,428.88,418.62,424
2015-07-09,424.25,432.88,424.25,427.62
2015-07-10,428,439,425.12,434.38
2015-07-13,434.88,441.88,431.13,440.88
2015-07-14,440,443.12,427.38,427.88
2015-07-15,426.88,431.62,421.62,430.12
2015-07-16,430.38,438.62,428.38,428.38
2015-07-17,428.12,429.62,418.62,419.88
2015-07-20,415.75,415.88,404.62,405.88
2015-07-21,405.62,410.38,402.88,406.75
2015-07-22,405.5,406.88,399.88,403.12
2015-07-23,403.38,405.12,398.62,402.88
2015-07-24,402.5,402.62,392.12,392.12
2015-07-27,388.25,388.25,372.62,373.12
2015-07-28,373.88,375.88,370.12,375.38
2015-07-29,376.88,376.88,367.12,367.12
2015-07-30,368.12,374.62,365.88,374.62
2015-07-31,374.12,377.38,369.38,371.88
2015-08-03,370,370.38,365.38,367.75
2015-08-04,367.62,372.88,366.88,369.12
2015-08-05,368.88,373.62,367.62,372.88
2015-08-06,372.38,374.88,369.38,369.62
2015-08-07,369.88,374.88,366.62,373.38
2015-08-10,374.38,391.12,373.88,390
2015-08-11,388.12,388.12,376.12,377.38
2015-08-12,377.75,382.75,346.88,358.62
2015-08-13,358,364.38,355.38,363.88
2015-08-14,364,365.62,360.12,364.38
2015-08-17,362.75,367.62,361.38,363.38
2015-08-18,363.12,368,361.88,365.88
2015-08-19,366.38,371.88,366.12,367.25
2015-08-20,367.12,371.62,367.12,370.88
2015-08-21,370.38,372.38,364.12,365.12
2015-08-24,364.88,370.25,354.12,370.12
2015-08-25,368.38,374.88,363.88,366.12
2015-08-26,365.5,369,361.62,362.12
2015-08-27,362.38,367.38,360.38,363.25
2015-08-28,362.75,368.62,362.38,362.62
2015-08-31,373.88,377,370.62,375.12
2015-09-01,374.12,374.5,367.62,368.62
2015-09-02,369.38,371.5,364.38,367.38
2015-09-03,367.62,368,361.38,361.38
2015-09-04,361.62,364.75,360.62,362.88
2015-09-08,365.62,368.5,364.25,368.38
2015-09-09,367.38,372.5,366.12,368.88
2015-09-10,368.62,374.75,366.88,374.38
2015-09-11,374.12,387.38,369.12,386.62
2015-09-14,387.88,393.88,386.62,393.62
2015-09-15,392.88,394.88,388.88,390.38
2015-09-16,389.88,391,383.12,386.12
2015-09-17,385.38,385.5,379.62,380.12
2015-09-18,379.88,382.5,376.62,376.88
2015-09-21,376.38,385.5,375.12,384.62
2015-09-22,384.12,384.5,377.38,380.38
2015-09-23,379.75,384.5,379.12,383.12
2015-09-24,382.88,384,379.5,381.62
2015-09-25,381.38,389.12,381.38,389.12
2015-09-28,388.62,392.5,384,387.12
2015-09-29,387.38,389.5,385.12,389.12
2015-09-30,388.88,394.25,384,387.62
2015-10-01,387.5,393,385.12,389.12
2015-10-02,387.75,391.5,384.25,388.88
2015-10-05,389.12,393.62,388.88,393.62
2015-10-06,392.62,399,391.88,398.12
2015-10-07,397.62,399.75,393.88,395.38
2015-10-08,394.62,395.75,390.62,391.5
2015-10-09,390.88,394.25,381.88,381.88
2015-10-12,381.62,385.25,380.38,380.62
2015-10-13,381,384.75,379.25,384.38
2015-10-14,384.25,386.75,378.75,379.12
2015-10-15,378.75,379.75,375.12,375.88
2015-10-16,375.38,377.75,372.62,377.12
2015-10-19,376,376.75,372.62,372.62
2015-10-20,372.75,377.75,372.12,376.88
2015-10-21,377.12,381,375.62,380.88
2015-10-22,380.12,383.5,377.75,378.12
2015-10-23,377.62,379.88,375.12,379.88
2015-10-26,380.12,385.75,378.38,384.62
2015-10-27,383.88,387.5,379.62,379.62
2015-10-28,379.88,380.75,375.88,375.88
2015-10-29,376,380.5,375.62,379.88
2015-10-30,379.62,383.62,379,382.12
2015-11-02,381.38,381.75,376.12,376.38
2015-11-03,376.5,382.12,375.88,380.12
2015-11-04,379.75,383.5,376.62,380.38
2015-11-05,379.5,379.75,374.12,374.12
2015-11-06,374.75,375.25,370.25,372.38
2015-11-09,372.12,375.5,366.62,367.12
2015-11-10,367.38,367.75,356.25,359.12
2015-11-11,360.38,363.5,359.62,362.38
2015-11-12,361.88,363.25,359.38,361.62
2015-11-13,361.75,362.25,358.12,358.12
2015-11-16,358.38,360.75,357.38,359.88
2015-11-17,360.12,362.38,358.38,362.12
2015-11-18,361.88,364.25,358.75,361.88
2015-11-19,361.75,365.5,360.38,364.38
2015-11-20,363.5,366.5,362.12,363.38
2015-11-23,369.5,373.12,366.62,372.88
2015-11-24,372.38,372.62,369.12,369.62
2015-11-25,369.88,372.88,369.88,372.12
2015-11-27,372.38,372.38,367.12,367.38
2015-11-30,367.12,373.62,366.38,372.38
2015-12-01,372.5,375.38,371.12,374.12
2015-12-02,373.38,373.62,370.12,370.12
2015-12-03,369.62,377.88,367.88,376.12
2015-12-04,376.62,381.62,376.38,381.12
2015-12-07,380.62,381.88,372.88,373.12
2015-12-08,373.38,375.12,372.62,373.12
2015-12-09,373.62,379.12,370.62,374.12
2015-12-10,373.88,379.62,372.38,379.38
2015-12-11,378.62,380.12,374.62,376.12
2015-12-14,374.88,379.62,374.38,379.12
2015-12-15,378.38,379.38,375.88,377.62
2015-12-16,376.88,377.62,369.38,370.62
2015-12-17,370.38,374.88,362.88,374.12
2015-12-18,374.38,379.38,372.88,374.88
2015-12-21,374.12,376.88,369.88,372.38
2015-12-22,371.88,374.38,366.13,366.13
2015-12-23,366.38,367.63,364.63,365.13
2015-12-24,365.25,365.88,363.63,364.63
2015-12-28,363.88,365.38,360.63,361.13
2015-12-29,361.38,362.88,357.38,362.88
2015-12-30,362.63,363.88,358.13,358.88
2015-12-31,358.63,359.88,357.63,358.13
2016-01-04,359.13,359.88,350.88,352.13
2016-01-05,352.88,355.88,351.88,353.38
2016-01-06,353.63,354.63,350.38,353.13
2016-01-07,353.38,354.13,348.88,352.88
2016-01-08,353.13,357.63,352.63,357.13
2016-01-11,356.88,356.88,349.63,351.88
2016-01-12,352,363.13,349.63,355.63
2016-01-13,356.13,360.63,355.63,358.13
2016-01-14,357.63,360.13,355.63,357.88
2016-01-15,357.63,363.38,356.13,363.13
2016-01-19,364.5,369.13,364.5,367.63
2016-01-20,367.13,369.13,365.63,369.13
2016-01-21,368.63,371.75,365.63,366.38
2016-01-22,366.75,371,366.63,370.13
2016-01-25,370.25,372.25,368.13,369.63
2016-01-26,369.25,372,367.13,368.88
2016-01-27,369.13,371,367.63,369.13
2016-01-28,369,370,365.13,365.13
2016-01-29,365.5,372.38,365.13,371.88
2016-02-01,371.13,371.63,367.88,371.63
2016-02-02,371.5,373.75,369.13,372.63
2016-02-03,372.13,373.25,370.38,370.88
2016-02-04,371.13,373.5,368.13,368.63
2016-02-05,369.13,369.5,365.63,365.63
2016-02-08,365.88,367,361.63,362.38
2016-02-09,362.5,362.75,359.38,361.13
2016-02-10,360.88,361.63,359.38,360.38
2016-02-11,360.25,363,358.63,361.13
2016-02-12,360.88,361.88,358.5,359.13
2016-02-16,360.13,363.38,359.13,362.63
2016-02-17,362.88,367.38,362.25,367.13
2016-02-18,366.88,367.88,365.38,365.88
2016-02-19,365.12,367.5,364.88,366.38
2016-02-22,371.25,373.5,371,372.25
2016-02-23,371.25,371.5,366.25,366.5
2016-02-24,366.38,367.62,363.88,364.38
2016-02-25,364.62,366.38,360.12,360.62
2016-02-26,360.88,361.38,357.62,359.62
2016-02-29,360.12,361.62,356.88,357.12
2016-03-01,356.88,358.62,355.88,355.88
2016-03-02,356.12,357.38,355.12,356.12
2016-03-03,355.88,357.5,354.62,356.38
2016-03-04,356.62,360.38,356.62,358.38
2016-03-07,360.88,362.12,358.62,358.88
2016-03-08,359.12,362.38,356.12,360.38
2016-03-09,359.62,361.12,357.38,359.38
2016-03-10,358.88,363.38,357.88,362.38
2016-03-11,362.62,365.12,362.12,364.88
2016-03-14,366.12,369.12,365.62,368.62
2016-03-15,367.62,369.12,366.38,368.38
2016-03-16,367.88,368.38,366.12,368.12
2016-03-17,368.62,371.88,366.38,368.38
2016-03-18,367.62,369.12,366.12,366.88
2016-03-21,366.38,369.88,365.88,369.38
2016-03-22,369.12,371.62,368.88,369.88
2016-03-23,369.62,369.88,366.12,368.62
2016-03-24,368.88,370.25,367.38,369.75
2016-03-28,369.5,372,368,370.5
2016-03-29,370.75,373,368.75,373
2016-03-30,372.5,374,367.25,367.25
2016-03-31,367,367.25,347.88,352.25
2016-04-01,352,354,347.5,353.75
2016-04-04,353.5,355,351,354.25
2016-04-05,354.62,357,353.75,356.75
2016-04-06,357,359,355.5,358.25
2016-04-07,358,362,358,361.5
2016-04-08,361.25,362.75,359.25,362.5
2016-04-11,361.75,361.75,356.25,356.75
2016-04-12,357,365.5,357,362.5
2016-04-13,363.5,374.75,363.25,373.75
2016-04-14,373,374.5,370,373.75
2016-04-15,373.25,380.5,372.38,379.5
2016-04-18,376,384,376,380.25
2016-04-19,380.5,386,380.25,384.25
2016-04-20,384.5,394,383.5,394
2016-04-21,393.75,402,384.5,385
2016-04-22,383.5,384,372.25,372.5
2016-04-25,375,389.5,372.25,381
2016-04-26,382.88,387.5,378.75,387
2016-04-27,387.25,387.75,382,384.75
2016-04-28,383.75,395.25,382.75,391
2016-04-29,390.5,395.25,388.5,391.5
2016-05-02,390.5,392,385.5,391.25
2016-05-03,391.75,395,377.25,380.25
2016-05-04,379,382,376.38,377
2016-05-05,376.25,379.5,371.5,374
2016-05-06,374.12,379,373.75,377.75
2016-05-09,379,381,368.75,369.25
2016-05-10,368.75,386,368.25,381.25
2016-05-11,380.75,383.5,375.5,377.25
2016-05-12,379.12,388.75,378,388.75
2016-05-13,388.25,391.25,385.5,390.75
2016-05-16,389.75,394,386.5,394
2016-05-17,392.62,398,392,397.25
2016-05-18,397.5,400.5,394.5,400
2016-05-19,397.25,397.75,385.75,390.25
2016-05-20,390.38,396.75,389.5,394.5
2016-05-23,395,399.25,391.25,398
2016-05-24,397.75,403.25,394.75,398.5
2016-05-25,396.75,405,396,404.5
2016-05-26,404.25,409,400.25,408.5
2016-05-27,407.5,413,406.75,413
2016-05-31,412.75,413,405,405
2016-06-01,403.5,413.5,401.62,413.5
2016-06-02,413.75,419.5,412.88,416
2016-06-03,413.38,418.5,410.75,418
2016-06-06,420.75,427.5,419.75,427.25
2016-06-07,426.25,428,422.75,427.75
2016-06-08,427.25,439.25,426.5,431.75
2016-06-09,429,430,423.5,426.25
2016-06-10,425,436.25,420.25,422.5
2016-06-13,433.25,438,428.25,429.75
2016-06-14,428.5,436.5,423.75,436.5
2016-06-15,434.25,438.75,429,429
2016-06-16,427.88,430,420.75,425
2016-06-17,423.62,438,423.62,438
2016-06-20,432.75,432.88,421.5,421.5
2016-06-21,420.5,422.25,396.5,396.5
2016-06-22,396,401,393.75,393.75
2016-06-23,391.38,392.75,384.25,387
2016-06-24,388.25,390,373.5,382.5
2016-06-27,389.5,396.75,387.75,388.88
2016-06-28,388.75,401.75,386.75,389.25
2016-06-29,390.75,390.75,377.75,378
2016-06-30,379.5,382.12,360.5,366.5
2016-07-01,368.5,368.75,359.5,360.75
2016-07-05,355.25,355.25,341.5,350.25
2016-07-06,349.88,352.38,339.25,343
2016-07-07,343.75,353.75,340.75,341.5
2016-07-08,343.5,355.25,342.5,355.25
2016-07-11,358.88,360.5,344.25,347.62
2016-07-12,348.25,354.75,342.75,352.75
2016-07-13,355.25,367.5,352.25,362.25
2016-07-14,363.25,373,356,357.5
2016-07-15,357.12,361.12,343.62,353.25
2016-07-18,353.38,357.25,348.5,357
2016-07-19,355,356.25,342,342.25
2016-07-20,343,346.75,335.25,337
2016-07-21,337.5,341.75,333,333.75
2016-07-22,334.62,336.25,327,336.25
2016-07-25,335.25,338.25,330.5,334.25
2016-07-26,332,336.5,331.25,332.75
2016-07-27,332.38,338,331.88,335.25
2016-07-28,336.25,338.62,329.25,330.75
2016-07-29,331.5,334.25,329,333.62
2016-08-01,331.62,333.75,326.25,326.25
2016-08-02,324.75,327.5,319.5,324.25
2016-08-03,324.5,328.75,322.5,325.38
2016-08-04,324.75,326.75,321.25,321.25
2016-08-05,321.12,325,320.25,324.25
2016-08-08,326,328,322.75,325.25
2016-08-09,326.12,326.75,322.5,322.5
2016-08-10,322,325.75,321.5,322.75
2016-08-11,323.25,323.75,320.75,321.25
2016-08-12,320.75,322,312.5,321.25
2016-08-15,321.88,329,321.75,327.25
2016-08-16,327.38,329,324.5,328
2016-08-17,327.25,330.75,327.12,330.25
2016-08-18,329.75,331.88,326.75,331.25
2016-08-19,332.88,334.75,330.25,334.5
2016-08-22,333.62,334.75,330.75,333.25
2016-08-23,333,333,326.75,328.25
2016-08-24,328,330.75,325.75,327.25
2016-08-25,327.5,328.62,322.5,323.5
2016-08-26,324,325.25,316.75,317
2016-08-29,325,327.25,320.25,320.5
2016-08-30,321,322,315.75,315.75
2016-08-31,316.25,319.38,315,315.25
2016-09-01,315.62,325,315.5,324.25
2016-09-02,324.5,329.75,324.5,328.5
2016-09-06,327.5,329.5,323.5,328.5
2016-09-07,327.5,333,326.5,332.75
2016-09-08,334.12,338.75,332.75,338.5
2016-09-09,338,342,334.75,341.5
2016-09-12,340.25,343.25,336,339.5
2016-09-13,338.62,341.5,329.75,329.75
2016-09-14,330.5,332,326.75,332
2016-09-15,332.25,334.75,327.75,329.75
2016-09-16,329.5,338,327.75,337.75
2016-09-19,338,339.75,332.5,337
2016-09-20,336.25,342.25,335.25,340.75
2016-09-21,339.25,341,338,340.5
2016-09-22,339.75,341.5,335.25,336.5
2016-09-23,336.75,338.5,334,336.75
2016-09-26,335,336.5,328.75,328.75
2016-09-27,329.5,332.5,327.5,332.25
2016-09-28,332,332.5,329,329.5
2016-09-29,329.75,333.5,328.5,329.5
2016-09-30,328.75,337.5,325.25,336.75
2016-10-03,336.5,347.75,335.38,347
2016-10-04,345.25,349,343.75,348
2016-10-05,347.5,349.25,345.5,348.25
2016-10-06,347.5,347.75,338.75,340.25
2016-10-07,341,344.75,339.75,339.75
2016-10-10,340,344.25,340,343.5
2016-10-11,342.75,347,341.25,346
2016-10-12,344.62,348.5,337,337.5
2016-10-13,338.5,349.75,337.5,349.75
2016-10-14,349.38,358.75,349,355.25
2016-10-17,353.62,357.75,350.5,354
2016-10-18,354.75,357.5,351.75,354
2016-10-19,353.75,358,351.25,357.75
2016-10-20,358,359.25,349.5,350.5
2016-10-21,351.5,354,350.75,352.5
2016-10-24,350.88,354.5,346.5,348.75
2016-10-25,348,352.25,347.5,349.5
2016-10-26,350,355.75,349.75,354.5
2016-10-27,353.75,358.5,352.5,357.5
2016-10-28,357.75,358.25,354.62,355
2016-10-31,355.25,358,352.75,354.25
2016-11-01,354.5,354.75,347.5,348.5
2016-11-02,348.62,350.5,344.5,346.5
2016-11-03,346.75,348.75,345.25,348
2016-11-04,347.25,349.75,345.75,348.75
2016-11-07,348.5,349.5,345.25,346.12
2016-11-08,346,356.5,345.5,354.5
2016-11-09,352.75,355,341,341
2016-11-10,342,346.5,340.5,343.75
2016-11-11,344,345,339.25,340.25
2016-11-14,340.75,341.25,336,337.25
2016-11-15,337,342,336,341.25
2016-11-16,342.5,343.5,338.75,338.75
2016-11-17,339.25,343.5,338.5,342.25
2016-11-18,341.75,346.75,340.75,345.25
2016-11-21,346.25,350,345,349.5
2016-11-22,349.75,351.75,347,350.75
2016-11-23,349.75,351,346.75,351
2016-11-25,349.75,350.5,348.75,349.25
2016-11-28,358.38,362.25,356,358.75
2016-11-29,357.75,357.75,349.25,349.25
2016-11-30,349.5,353,349.25,349.25
2016-12-01,349.5,349.75,342,342.5
2016-12-02,343.75,346.25,343.25,346.25
2016-12-05,347.75,359.5,347.5,358.75
2016-12-06,359,364,357.75,360.25
2016-12-07,360,360.5,356.25,358.25
2016-12-08,357.25,360,350.5,353
2016-12-09,354,359.5,351.5,359.5
2016-12-12,359,360.5,356.25,360.25
2016-12-13,360,364.75,359.5,361
2016-12-14,360.75,362,358.5,361.75
2016-12-15,361.5,363,356.75,356.75
2016-12-16,356,359,353.75,356
2016-12-19,355.75,356.75,351.75,353.25
2016-12-20,353.5,353.75,349.5,350.25
2016-12-21,350.5,351.12,347,347.25
2016-12-22,347.75,347.75,346.25,347.25
2016-12-23,347.75,348,346,347.12
2016-12-27,347.5,356,347.5,355
2016-12-28,354.25,354.75,347.5,348.25
2016-12-29,348.75,351,347.75,350
2016-12-30,349.75,353,348.25,352.5
2017-01-03,353.5,358.5,352,355.25
2017-01-04,355.5,360,355.25,359.5
2017-01-05,359.75,362.75,358.75,361.25
2017-01-06,361.38,362.5,357,358.5
2017-01-09,358.25,360.75,355.5,360
2017-01-10,359,359.25,357.5,358.75
2017-01-11,357,358.25,352.25,358
2017-01-12,356.75,360,353.25,358.5
2017-01-13,357.25,359.5,355.5,358.5
2017-01-17,359.75,366.25,358.75,365.5
2017-01-18,364.25,367.75,363,364.75
2017-01-19,364.5,367.5,363,366
2017-01-20,365.75,370,365.75,370
2017-01-23,369.5,369.75,367.75,369.25
2017-01-24,369.5,371,362.5,363.5
2017-01-25,362.5,366.25,361.25,365.25
2017-01-26,366,366.75,362.25,363.5
2017-01-27,362.5,364.25,360.75,363.25
2017-01-30,361.25,361.75,356,358.25
2017-01-31,359.5,361.25,358,360
2017-02-01,359.5,367.75,358.25,367.75
2017-02-02,367,369.75,366.5,367.75
2017-02-03,366.5,367.75,364.25,365.75
2017-02-06,364.25,368.75,362.75,363.75
2017-02-07,364.25,368.25,362.75,368.25
2017-02-08,368.5,371,366.75,371
2017-02-09,369.25,372.75,367.75,369.75
2017-02-10,368.75,375.25,368.75,375
2017-02-13,373.5,376.75,372,375
2017-02-14,374.75,375.25,373.25,374.5
2017-02-15,374,379,372,378.75
2017-02-16,377.75,380,373.75,373.75
2017-02-17,373.25,373.25,368.25,368.25
2017-02-21,369,370.75,366.75,369.5
2017-02-22,370.75,372.75,369.5,371.25
2017-02-23,370.75,371.75,365.5,365.75
2017-02-24,365.88,366.75,362.75,364.25
2017-02-27,370.75,372.75,367.5,368.25
2017-02-28,368.75,386.25,368.75,374.25
2017-03-01,373.38,382,372.5,382
2017-03-02,381.5,382.25,376.75,379.5
2017-03-03,378.5,381.5,377.75,381
2017-03-06,380.75,383,376.75,378
2017-03-07,379,379.75,373.5,376
2017-03-08,376.25,376.75,372,372.5
2017-03-09,372.75,374,366.25,367
2017-03-10,367.25,367.75,362.75,364.25
2017-03-13,364.5,365.25,360.75,361.38
2017-03-14,361.75,364.5,360.25,362.75
2017-03-15,362.25,364.75,362,363.75
2017-03-16,364.25,367,364,366.25
2017-03-17,366.5,367.75,364.75,367.5
2017-03-20,369.75,370.75,363.25,363.75
2017-03-21,363.5,364.25,359.5,361.25
2017-03-22,361,361.75,359,359.25
2017-03-23,358.62,359.75,356.75,356.75
2017-03-24,357,358,355.5,356.25
2017-03-27,357,358.25,354.5,355.88
2017-03-28,356.25,358.75,356,357.75
2017-03-29,357.25,360.62,356.75,358.75
2017-03-30,358.25,358.75,357,357.75
2017-03-31,358,366.5,355.5,362.75
2017-04-03,366.5,371.75,366.25,369.25
2017-04-04,367.25,369.75,363.25,363.5
2017-04-05,363.25,365.75,361.75,365.25
2017-04-06,364.5,365.25,360.25,361
2017-04-07,360.75,361.75,357.5,359.75
2017-04-10,360,367,359.25,366.75
2017-04-11,366.25,369,362.5,367
2017-04-12,366.75,371.5,366.5,369.25
2017-04-13,368.75,373,368.75,371
2017-04-17,371.75,372,365.75,366.5
2017-04-18,367,368,361,361.75
2017-04-19,361.25,365.25,360.75,361.5
2017-04-20,362,364,358.25,358.25
2017-04-21,357.75,358.75,354.75,357.38
2017-04-24,363.75,366.75,362.75,365.38
2017-04-25,365.25,374.75,363,372.5
2017-04-26,372.75,374.5,366.25,366.75
2017-04-27,366.5,371.25,366.25,370
2017-04-28,367.75,369,363.75,366.75
2017-05-01,372.25,379,369.75,377.75
2017-05-02,377.25,378.25,370.5,372.5
2017-05-03,371.75,375.75,370.25,374.62
2017-05-04,375,376,366.25,366.75
2017-05-05,368,373.75,367,371.5
2017-05-08,370.5,371.25,365.25,366.25
2017-05-09,366,369.5,366,366.5
2017-05-10,367,373.75,366.25,373.75
2017-05-11,373,373.75,369,369.5
2017-05-12,369,371.5,368.25,370.75
2017-05-15,371,371.75,368.25,368.25
2017-05-16,367.5,368.75,365.25,367.75
2017-05-17,366.75,372.25,366.5,371.25
2017-05-18,371,371,364.75,366.25
2017-05-19,366.75,373,366.5,372.25
2017-05-22,373.12,377.5,372,375.25
2017-05-23,374.75,375.5,369.25,369.75
2017-05-24,370.75,371.75,369,371.25
2017-05-25,371.75,373,369,369.25
2017-05-26,369.75,374.75,369,374.5
2017-05-30,373.75,373.75,366.5,367.25
2017-05-31,370.25,376.5,369.25,372
2017-06-01,371.75,373.75,367.75,370.75
2017-06-02,369.75,374.75,369.75,373
2017-06-05,373.75,375.75,372.25,373
2017-06-06,372.25,379.75,371.5,377.75
2017-06-07,379.12,387,378.75,385
2017-06-08,385.75,391.75,385.25,386.25
2017-06-09,383.25,389.5,381,387.75
2017-06-12,385,387.25,376.5,377.5
2017-06-13,379.25,383.75,378,381.25
2017-06-14,381,385,377,377.5
2017-06-15,375.5,382,370.25,379.75
2017-06-16,378.5,384.25,378.25,384
2017-06-19,376.88,381.5,375.5,375.75
2017-06-20,376.25,377.5,369.5,370
2017-06-21,369.75,373.5,368.5,369
2017-06-22,368.75,369.25,363.25,363.25
2017-06-23,362.75,364.75,356.75,357.75
2017-06-26,365.5,369.5,365.5,367.5
2017-06-27,369,372.5,368,368.5
2017-06-28,369,369,366.25,366.5
2017-06-29,366.75,372,366,369.25
2017-06-30,371.25,379,369.75,379
2017-07-03,386,394,383.5,385.38
2017-07-05,391.5,393.88,385.5,392
2017-07-06,389.62,391.5,382.25,390
2017-07-07,389,394,388.5,392.88
2017-07-10,398.62,402.5,398,402
2017-07-11,404,404.75,394.75,401.5
2017-07-12,400,400.75,384.5,385.5
2017-07-13,385,385.25,368.5,369.75
2017-07-14,370.25,378.5,370,376.25
2017-07-17,375.75,378.75,370.5,375
2017-07-18,380.75,388.75,375.25,377
2017-07-19,376.5,389,374.25,382.5
2017-07-20,382.5,393.25,380.5,391
2017-07-21,390.5,391,378.5,379.75
2017-07-24,375.5,377.5,371,377.25
2017-07-25,382,383.75,368.5,368.75
2017-07-26,368.5,373.25,366,372.75
2017-07-27,374,377.25,373,374.25
2017-07-28,373.75,377,373,374.25
2017-07-31,371,372.25,367.5,370.75
2017-08-01,369.25,371.5,362,362.5
2017-08-02,364.5,367.25,363.75,365
2017-08-03,365,367.25,361.25,363.5
2017-08-04,363.5,368,363.25,366.5
2017-08-07,368.75,372.5,368.25,372.25
2017-08-08,372.5,374.25,368.25,369.75
2017-08-09,369,372.5,368.75,372.25
2017-08-10,371.75,375.5,356.5,357.25
2017-08-11,358.75,361.5,357.25,360.75
2017-08-14,358.75,363,356,362.75
2017-08-15,361,361,354,355.25
2017-08-16,355,356.75,349.25,352.5
2017-08-17,352.5,353.75,349.5,350.5
2017-08-18,350,352.5,349.75,352
2017-08-21,350.5,350.75,346.5,349
2017-08-22,349,351,346,346
2017-08-23,346.25,348.75,341.5,342
2017-08-24,341.5,342.75,340.25,342
2017-08-25,342,342.75,338,338.75
2017-08-28,353.25,355,350.5,351
2017-08-29,350.75,351,347,348.75
2017-08-30,348.25,349.25,345,345.5
2017-08-31,345,358.5,344.25,357.75
2017-09-01,357,360.75,353.25,355.25
2017-09-05,354.75,360.5,354.75,358.5
2017-09-06,357.5,362,356,361
2017-09-07,360,360.25,354.75,355.25
2017-09-08,355.25,358.75,355,356.75
2017-09-11,356.5,359.25,354.75,357.5
2017-09-12,357,357.25,345.5,351.5
2017-09-13,351,356.75,350.25,351.5
2017-09-14,353,356.25,352.5,354.25
2017-09-15,353.5,355.5,352.5,354.75
2017-09-18,353.25,355.5,350.5,351.5
2017-09-19,351,353.25,346.5,348.25
2017-09-20,348,351.5,347.25,350
2017-09-21,349.5,351.25,348.5,350.25
2017-09-22,349.75,356.25,349.5,353.5
2017-09-25,352.75,355,351.25,353.75
2017-09-26,352.75,355.5,351.5,352.25
2017-09-27,352,354.5,348.5,354
2017-09-28,353.25,353.75,350.5,352.5
2017-09-29,352.25,358,350,355.25
2017-10-02,354.75,356.25,351,351.5
2017-10-03,351.5,351.5,348.75,349.5
2017-10-04,349.25,349.5,346,348.25
2017-10-05,348.25,351.25,347.5,349.5
2017-10-06,349.25,351,348.5,350
2017-10-09,350.5,351.75,348,349.5
2017-10-10,349,351.25,348.25,349.25
2017-10-11,348.75,349,345.5,346
2017-10-12,346,354,342.5,349
2017-10-13,348.5,353.5,348.25,352.75
2017-10-16,352.75,353.25,349.75,350.5
2017-10-17,350.25,351.75,348.5,350
2017-10-18,350.25,350.5,347.75,348.5
2017-10-19,348.75,351.5,348.5,349
2017-10-20,349,350,344.25,344.5
2017-10-23,344.25,351.75,343,351.25
2017-10-24,351,353,349.5,352.75
2017-10-25,352.5,355.25,350.5,351
2017-10-26,350.75,352,349.5,350.5
2017-10-27,350.25,350.25,347.5,348.75
2017-10-30,348.5,349.75,347.25,348.75
2017-10-31,348,348.75,345.5,345.75
2017-11-01,345.75,349.25,345.25,348.25
2017-11-02,347.75,352,347.5,350.5
2017-11-03,350.25,351,347.5,348.25
2017-11-06,348.5,350.25,347.75,348
2017-11-07,347.75,348.25,346.25,347.75
2017-11-08,347.5,349,345.75,348.25
2017-11-09,347.5,349.75,340.75,341.5
2017-11-10,341.75,344,341,343.5
2017-11-13,343.5,344,341.5,342.25
2017-11-14,342,342.25,337.25,337.5
2017-11-15,337.25,339,337,338.25
2017-11-16,338.25,339,336.25,336.5
2017-11-17,336.5,343.5,336.5,343
2017-11-20,342.5,345.25,341.5,345
2017-11-21,355,356.75,353.75,356.25
2017-11-22,355.5,358.12,355.1,356.4
2017-11-24,356,357.75,352.5,355
2017-11-27,354.75,355.25,351.25,351.75
2017-11-28,352,352.5,349.25,349.75
2017-11-29,349.5,354,349.25,353.5
2017-11-30,353.5,357,352,355.75
2017-12-01,355.5,359.5,354.75,358.75
2017-12-04,359,360.5,352.5,353.5
2017-12-05,353.5,357,352.75,353.75
2017-12-06,353,356,351,352.75
2017-12-07,352.25,353.5,350.5,351.5
2017-12-08,351.5,354,351.25,352.75
2017-12-11,352,352.25,348.25,349
2017-12-12,349.25,353,347.5,347.75
2017-12-13,348,350,347.75,349
2017-12-14,349,350.75,348,348.5
2017-12-15,348.75,350.75,346.5,347.5
2017-12-18,347.25,348.75,346.5,347
2017-12-19,346.75,348.75,346.5,347.5
2017-12-20,347.5,349.75,347.25,349.25
2017-12-21,349,351.75,348.5,351.25
2017-12-22,350.75,352.5,350.5,352
2017-12-26,352,353.25,351,352.75
2017-12-27,352,354.25,351.75,353.75
2017-12-28,353,353.5,350,352
2017-12-29,351.25,351.5,350.25,350.75
2018-01-02,351.25,354,350.5,353.25
2018-01-03,353,354.75,352.25,353
2018-01-04,353,353.5,350.25,351
2018-01-05,350.75,352.25,350.25,351.25
2018-01-08,350.75,351.5,346.75,347.25
2018-01-09,347.5,350,347.25,349
2018-01-10,348.75,350,348,349
2018-01-11,349,350.5,348,348.75
2018-01-12,348.75,350,345.5,346.25
2018-01-16,347.25,349.25,346,348.25
2018-01-17,348.5,353.25,348.25,353
2018-01-18,352.5,354,350.5,351.5
2018-01-19,351.5,354,351.25,352.5
2018-01-22,353.5,354.5,351.25,352
2018-01-23,351.75,352,349.5,351.25
2018-01-24,351.25,357,349.75,356.5
2018-01-25,356,358,354.5,355.25
2018-01-26,355,357,354.5,356.5
2018-01-29,356.75,359.25,356.75,358.75
2018-01-30,359.5,362.25,359,361.5
2018-01-31,361.5,362,359.5,361.5
2018-02-01,360.75,362,358.5,361.75
2018-02-02,361,362.5,359.5,361.5
2018-02-05,359.5,360.75,357.25,358.75
2018-02-06,358.75,364,356.25,363.5
2018-02-07,363.75,365.75,362.5,365.25
2018-02-08,365,367.75,364.5,365.75
2018-02-09,364.75,365.5,361.5,362
2018-02-12,365,367,364.25,367
2018-02-13,366.5,368.5,366,366.75
2018-02-14,366.5,368.5,364.75,367.25
2018-02-15,367,368.75,365.5,367.75
2018-02-16,368,368.5,366.5,367.5
2018-02-20,369,370,365.25,365.5
2018-02-21,365.75,368.5,364.25,365.75
2018-02-22,365.5,367,364.25,366.75
2018-02-23,366.25,367.75,365.25,366.25
2018-02-26,374.75,378.75,374.75,377.25
2018-02-27,377,379.5,376.5,379.25
2018-02-28,379,384.75,378.25,382
2018-03-01,381.5,386.5,379.5,386.25
2018-03-02,385.75,388,383.5,385.25
2018-03-05,385,387.5,384,387.25
2018-03-06,386.5,388.5,385.5,388.25
2018-03-07,387.75,389,386.75,387.25
2018-03-08,386.25,393.75,385.75,393.5
2018-03-09,392.75,393.25,389.75,390.5
2018-03-12,389.5,391.25,387,390.75
2018-03-13,390,395.25,389.75,391.75
2018-03-14,391,393.25,388,388.75
2018-03-15,388.25,390.75,385.5,386.75
2018-03-16,386.25,387.5,382.5,382.75
2018-03-19,382,382,374.75,375
2018-03-20,375.25,377,373.25,374.5
2018-03-21,375,375.75,373.75,375
2018-03-22,375.5,377.5,374,376
2018-03-23,376.25,378.25,369.25,377.25
2018-03-26,378.5,380.75,373.5,374
2018-03-27,374,376,372.25,374
2018-03-28,374.25,375,372,373.5
2018-03-29,373.75,389.25,373.75,387.75
2018-04-02,389.25,392.5,387,387.25
2018-04-03,387,392,386.75,388.5
2018-04-04,388,389,372,381
2018-04-05,382,389.5,380.75,389.5
2018-04-06,382,390,382,388.5
2018-04-09,389.75,392.5,388.75,390.75
2018-04-10,390,392.25,388.5,389.25
2018-04-11,389.25,390.5,385.75,387
2018-04-12,386.5,389.25,385,388.75
2018-04-13,388.5,389.25,385,386.25
2018-04-16,385,386.25,382,382.5
2018-04-17,383,384.5,379.75,380.25
2018-04-18,380.75,383.5,380,383
2018-04-19,382.75,383.5,380.75,382
2018-04-20,381.25,381.75,376.25,376.5
2018-04-23,376.5,379.25,376.25,378.5
2018-04-24,378.5,381.5,377,381.25
2018-04-25,381,387.25,380.5,386.5
2018-04-26,386,387,384,386
2018-04-27,385.25,390.5,385.25,389.5
2018-04-30,399.25,404,399,400.75
2018-05-01,401,406,399.75,405.75
2018-05-02,405,406.25,403.75,405
2018-05-03,404.75,408.25,403.25,408
2018-05-04,407.75,408.25,405.5,406.25
2018-05-07,405,405.75,400.25,400.75
2018-05-08,400.5,404,399.25,403.25
2018-05-09,403.75,404.75,402,402.75
2018-05-10,403,407,400,402
2018-05-11,401.25,401.75,395.75,396.5
2018-05-14,396.25,397.5,394.25,396.5
2018-05-15,396.25,402.5,396,402.25
2018-05-16,401.75,404.75,398,399.25
2018-05-17,399,402,395,395.25
2018-05-18,395.25,403.5,395,402.5
2018-05-21,405.5,407.5,401.25,402.75
2018-05-22,402.25,407,401,404.75
2018-05-23,404.5,409,403,408.5
2018-05-24,408.25,412.25,403.75,404.25
2018-05-25,404,406.75,403.25,406
2018-05-29,408.75,410,397.5,400
2018-05-30,398.25,398.5,390.75,393.5
2018-05-31,393.5,398.5,393.25,394
2018-06-01,393.75,397,390.75,391.5
2018-06-04,389.75,389.75,380.5,380.75
2018-06-05,380.75,385.25,380,383.75
2018-06-06,384.25,386.5,378,378.25
2018-06-07,379,382,374.25,376.25
2018-06-08,376.25,379,373.5,377.75
2018-06-11,376.5,379,366.75,367.25
2018-06-12,368,379.5,367.25,377.5
2018-06-13,377.5,379.75,373.25,376
2018-06-14,374,374.75,362.5,363
2018-06-15,364.5,368.25,355.25,361.25
2018-06-18,359.5,362,354,356
2018-06-19,355.75,357.75,338.75,353.75
2018-06-20,354,357,347.5,354.25
2018-06-21,354.25,359,349.25,357
2018-06-22,358,359.75,355,357.25
2018-06-25,367.75,368.5,358.25,359.5
2018-06-26,359.25,363.75,356.75,361.25
2018-06-27,361.25,365.25,360.5,361.75
2018-06-28,360.5,361.75,354,354.25
2018-06-29,355.25,365,354.75,359.5
2018-07-02,360.75,362.25,346.75,347
2018-07-03,349,354.5,348,352
2018-07-05,354,357.75,350.25,352.25
2018-07-06,350.5,361.25,349.5,360.25
2018-07-09,359.25,359.25,350.5,354
2018-07-10,352.5,354,344.25,347.75
2018-07-11,345.25,347.5,339.75,340
2018-07-12,342,349.75,337.25,345.75
2018-07-13,345.5,346.5,339,341.25
2018-07-16,340,345.75,338.75,341.75
2018-07-17,345,348.75,344.25,346.25
2018-07-18,346.25,349,346,347.25
2018-07-19,347,352,345,351.25
2018-07-20,351.25,355.75,349.75,355.25
2018-07-23,356,358.5,354.5,357.25
2018-07-24,355.25,356.5,351.5,352
2018-07-25,352.25,360,352,359.25
2018-07-26,361,365.75,360.25,361.5
2018-07-27,361,363.75,359.5,362
2018-07-30,364,369.25,363.5,367.25
2018-07-31,367,374.25,366.25,372.25
2018-08-01,372,373,364,365
2018-08-02,365,372.75,364.75,366.75
2018-08-03,366.75,371.25,364.75,369.75
2018-08-06,370,371.75,368.25,371
2018-08-07,371,373.25,368.75,370.75
2018-08-08,370.5,373.75,370,371.25
2018-08-09,371,372.75,366.5,369.25
2018-08-10,368.5,369.75,357,357.75
2018-08-13,357.5,358,352.25,356.5
2018-08-14,356.5,363,356.5,362.25
2018-08-15,362.25,363.5,359,361.5
2018-08-16,361.5,367.5,360.5,365.25
2018-08-17,365,367.75,361.75,364.25
2018-08-20,365.25,366,359.5,362
2018-08-21,362.75,363.75,358.5,359.75
2018-08-22,359.25,359.25,352.25,352.5
2018-08-23,353,355,346.25,346.75
2018-08-24,346.5,350,346.25,348.5
2018-08-27,363,363.25,357.5,361.5
2018-08-28,360.5,362.5,356,356.25
2018-08-29,356.25,359,355.25,356.5
2018-08-30,356.5,359,356,356.5
2018-08-31,356,366,356,365
2018-09-04,365.5,368.75,361,368.25
2018-09-05,368.5,369.75,364,365.25
2018-09-06,365.5,367.75,363.5,366.25
2018-09-07,366.25,368.5,363.5,367
2018-09-10,366.75,368,364.25,367.25
2018-09-11,367.25,369,365.5,366.75
2018-09-12,366.25,366.25,350.75,352.5
2018-09-13,354.5,355.75,348.75,350.5
2018-09-14,350.75,352.5,349.5,351.75
2018-09-17,351,351.75,347.75,348
2018-09-18,348,348.75,342.5,343.25
2018-09-19,343,346.75,343,345.75
2018-09-20,345.25,356.25,344.75,352.5
2018-09-21,352.5,357.75,352.25,357.25
2018-09-24,357.25,362,355.75,360.5
2018-09-25,360.25,364.25,357.5,363.75
2018-09-26,363.5,364.75,361.25,363
2018-09-27,363,365.75,361.25,364.75
2018-09-28,364.5,366.75,354.5,356.25
2018-10-01,356.75,366.5,356.5,365.75
2018-10-02,365,369,363.25,367.5
2018-10-03,367.75,369,364.5,364.75
2018-10-04,364.75,368.5,364.75,367.5
2018-10-05,367.5,369.5,363,368.25
2018-10-08,368.5,369.5,364.25,366.5
2018-10-09,366.5,368,363.75,364.5
2018-10-10,364.5,365.25,362,362.75
2018-10-11,362,373,360.25,369.25
2018-10-12,369,374,368.5,373.75
2018-10-15,373,378.5,371.75,378.25
2018-10-16,377.25,377.5,373.5,375.25
2018-10-17,375,376.25,373.25,374.25
2018-10-18,373,373.25,369.5,370.75
2018-10-19,370.5,371,366,367
2018-10-22,365.5,370.5,365.5,369.5
2018-10-23,369.25,372.5,368,370.25
2018-10-24,369.5,369.75,367.75,368.25
2018-10-25,367.75,368.25,360.5,361
2018-10-26,361.75,369.75,361.75,367.75
2018-10-29,368,371.5,365.5,366.75
2018-10-30,366.75,368,364.25,364.75
2018-10-31,364.75,365.25,362.5,363.25
2018-11-01,363.25,371,363,366.75
2018-11-02,366.25,373,365.25,371.25
2018-11-05,371,374.25,369.5,374
2018-11-06,373.75,374.5,372,373.25
2018-11-07,372.25,373.25,371,372.25
2018-11-08,372,379,366,373.5
2018-11-09,372.75,374,368.25,369.75
2018-11-12,369,372.5,368,371.25
2018-11-13,369.5,370.75,365.5,366.5
2018-11-14,366,368,365.75,367
2018-11-15,366.75,371.75,366.5,367.5
2018-11-16,367.25,368.75,363.25,364.75
2018-11-19,364.75,366.25,361.25,362.25
2018-11-20,362.75,363.5,361.25,361.25
2018-11-21,361.25,363.25,360,361.75
2018-11-23,361,361.75,358.75,359
2018-11-26,371,372,367.25,368
2018-11-27,368,370.5,367.5,368.5
2018-11-28,368.5,373.75,368,373.25
2018-11-29,373,375.75,371.75,373.25
2018-11-30,373,378,372.75,377.75
2018-12-03,383.5,385.25,380.75,382
2018-12-04,381,384.75,380,384.75
2018-12-05,383.75,386.75,382.75,384.25
2018-12-06,384.25,384.75,380,382.75
2018-12-07,382.5,385.75,382.25,385.5
2018-12-10,384.5,386,383.25,384
2018-12-11,383.25,386,381.25,384.75
2018-12-12,384.75,387.75,384.25,385.25
2018-12-13,384.5,386.25,382.75,384.25
2018-12-14,383.75,387.5,383,384.75
2018-12-17,384.25,386,383.25,384
2018-12-18,383.75,386.5,383.25,385.5
2018-12-19,385,385.25,381.5,381.75
2018-12-20,381.75,382.75,375,375.25
2018-12-21,375.5,379.5,374.75,378.5
2018-12-24,378.25,379,375.25,377.75
2018-12-26,378.25,379.25,372.5,373.25
2018-12-27,373.25,376.5,373.25,374.5
2018-12-28,374.5,377.5,374.5,375.5
2018-12-31,375.5,377,372.75,375
2019-01-02,375.25,377.75,374,375.75
2019-01-03,375.5,380.5,374.75,379.75
2019-01-04,380,383.5,379.75,383
2019-01-07,382.25,384,381.75,382.25
2019-01-08,382.5,384.5,379,380
2019-01-09,380.5,383.5,380.5,382
2019-01-10,381.5,382.75,376,376.25
2019-01-11,377,379.25,376.75,378.25
2019-01-14,378.5,381,377,378.5
2019-01-15,379.5,381,371,371.25
2019-01-16,372.75,375,372.5,374
2019-01-17,374,381.5,373.75,380
2019-01-18,379.75,383,377.75,381.75
2019-01-22,380.75,382.25,376.75,379
2019-01-23,379.5,381.75,378,378.75
2019-01-24,378.75,379.75,375.75,377
2019-01-25,377,380.5,376,380.25
2019-01-28,379.5,381,378,379.75
2019-01-29,379.75,380.75,376,377.25
2019-01-30,377.75,381.5,377.5,381.25
2019-01-31,381,381.5,375.75,376.5
2019-02-01,376.5,380.75,376.5,378.25
2019-02-04,377.75,379.75,376.5,379.25
2019-02-05,379.5,381.25,377,380.75
2019-02-06,380.5,380.75,379,380
2019-02-07,379.75,380.25,376.25,376.5
2019-02-08,376.5,381.75,374,374.25
2019-02-11,374.5,375,371.75,372.75
2019-02-12,373.5,378.75,373,378.25
2019-02-13,377.5,379,376.25,378.75
2019-02-14,378.75,379,374,374.75
2019-02-15,374.75,376.5,373,374.75
2019-02-19,374.25,376.25,369,369.75
2019-02-20,371.5,373.5,368.5,370.75
2019-02-21,371,378.5,370.5,375.5
2019-02-22,374.75,377.75,374.5,375.25
2019-02-25,387.5,387.75,379.25,380
2019-02-26,380,380.5,375,376
2019-02-27,375.5,378,372.75,373.75
2019-02-28,373.5,374.5,370,370.75
2019-03-01,370.75,373.5,366,373
2019-03-04,373.5,377.75,373.5,374.75
2019-03-05,375.75,377.25,373.75,375.75
2019-03-06,376,376.5,370.5,372.5
2019-03-07,371.75,372,364.5,365.25
2019-03-08,365.25,367.5,362.25,364.25
2019-03-11,366,367.25,361.5,362
2019-03-12,362,367.5,361,365.75
2019-03-13,365.5,370,363.25,366.5
2019-03-14,366.75,372.25,366.25,370.25
2019-03-15,369.25,373.75,369,373.25
2019-03-18,374,375.5,370.25,371.5
2019-03-19,372,373.75,367.75,371.25
2019-03-20,371.5,372.5,368.75,371.5
2019-03-21,371,377.5,370.5,376.25
2019-03-22,375.75,380.75,375.5,378.25
2019-03-25,378.75,380.75,376.75,379.75
2019-03-26,379.25,380.5,375.5,377.25
2019-03-27,376.75,377,372,373.75
2019-03-28,373.75,374.75,372,374
2019-03-29,373.75,375,356,356.5
2019-04-01,356.5,363,356.5,361.75
2019-04-02,362.25,363.5,359.25,361.5
2019-04-03,361.25,364.75,360.5,362.75
2019-04-04,362.75,366.25,362.75,365.25
2019-04-05,364.5,364.75,360.5,362.5
2019-04-08,362.25,363.5,359.5,360
2019-04-09,359.75,362.25,355.25,360
2019-04-10,360.25,362.75,360,361.75
2019-04-11,361.25,363,358.5,360
2019-04-12,360.25,361.5,358.5,361
2019-04-15,361.25,364.25,361,362.75
2019-04-16,362.5,362.5,357.25,359
2019-04-17,358.25,360,356.75,358.25
2019-04-18,358,359.25,357,358.5
2019-04-22,359,359,354.25,354.75
2019-04-23,354.75,355,350.25,351.25
2019-04-24,351,352.5,345.5,346.75
2019-04-25,346,351,342.25,347.5
2019-04-26,347.25,353.5,347,351.25
2019-04-29,363,366,361.25,361.75
2019-04-30,361.25,363.25,358.5,362.5
2019-05-01,362.5,369,362.5,368.5
2019-05-02,369.25,371,366.5,370.5
2019-05-03,370.25,371.75,366,370.75
2019-05-06,359.5,365,355.5,364.25
2019-05-07,365.25,368.25,363,366.5
2019-05-08,367,368.25,361.5,364.25
2019-05-09,362.5,363,352.5,353.25
2019-05-10,354,355.5,345.5,351.75
2019-05-13,351,357.25,343,356.5
2019-05-14,360.5,370.75,360.25,368.75
2019-05-15,369,380,368,369.5
2019-05-16,368.75,380.75,368.75,379
2019-05-17,380,384.75,380,383.25
2019-05-20,386,391.5,385.75,389
2019-05-21,393.25,399,391.25,394.25
2019-05-22,393.25,396.5,386.25,394.5
2019-05-23,394,399,387,389.75
2019-05-24,390.5,404.75,389.75,404.25
2019-05-28,408,421,407.5,420.25
2019-05-29,429.25,438,412.25,418.75
2019-05-30,436.25,436.75,413.25,436.25
2019-05-31,435,437.5,423.25,427
2019-06-03,426.25,430.75,418.25,424.25
2019-06-04,435,436,421.25,425.25
2019-06-05,424.25,424.75,412.25,414.75
2019-06-06,414.5,421.5,407,420.5
2019-06-07,421,423.5,415,415.75
2019-06-10,413,416.5,409,415.75
2019-06-11,415,430.25,408.25,427.75
2019-06-12,427.75,434.5,424,430
2019-06-13,429.75,442.75,429.5,442
2019-06-14,442,457.25,441.75,453
2019-06-17,458.25,464.25,450.5,454.75
2019-06-18,455.5,458,442.75,449.75
2019-06-19,449.75,451.75,438.25,441
2019-06-20,441.5,450.75,436.5,450
2019-06-21,452,454,441.75,442.25
2019-06-24,447.5,453.5,446,451.75
2019-06-25,455.75,458.25,452,453
2019-06-26,452,452.5,446.5,449.5
2019-06-27,449.25,451.5,445.25,445.75
2019-06-28,445.5,460,420.75,424.75
2019-07-01,429,429.5,413.5,415.5
2019-07-02,416,421,413.25,419
2019-07-03,420.25,437,419.75,436.75
2019-07-05,436.5,439.75,430,438.75
2019-07-08,443.5,445.25,433.5,439.5
2019-07-09,439.25,439.5,429,432.5
2019-07-10,432,436.5,427,435
2019-07-11,434.25,444.75,426.5,444.25
2019-07-12,444,455.75,441.75,454.25
2019-07-15,459.25,460,439.75,441
2019-07-16,437.75,440.75,429,435.25
2019-07-17,435.25,441.5,431.5,436
2019-07-18,435,436,423.25,424.5
2019-07-19,425.5,434,423.75,430.75
2019-07-22,430.75,432.25,421,422.25
2019-07-23,423.75,426.5,418.25,425.5
2019-07-24,425,430.5,421.5,424
2019-07-25,424,425.75,418,418.5
2019-07-26,418.25,419.5,413,414.5
2019-07-29,413.25,419.5,412,417
2019-07-30,417,417,410.25,411.25
2019-07-31,410.75,413.75,400,400.25
2019-08-01,401.75,403,387.25,392.75
2019-08-02,394.75,400,393.5,399.5
2019-08-05,400,406.75,391,405.25
2019-08-06,405.75,408,400.75,404
2019-08-07,404.75,407.5,400.5,406.5
2019-08-08,407.25,412,405.5,411
2019-08-09,410.75,417,407.25,410.25
2019-08-12,409.75,410,385.25,385.25
2019-08-13,379,379,365.5,366
2019-08-14,366.25,370.5,358.5,359
2019-08-15,360.25,363.75,358.25,360.75
2019-08-16,361.5,371.25,361.25,371
2019-08-19,367.25,368.25,363.25,365
2019-08-20,366.5,370.25,359.25,359.5
2019-08-21,360,364,357,362.5
2019-08-22,363,366.5,359,363.25
2019-08-23,362.75,363,357.5,359.75
2019-08-26,366.75,371.25,366.25,368.25
2019-08-27,368.25,369.25,365.75,366.25
2019-08-28,366,373.75,364.25,371
2019-08-29,371.5,377,370,371.25
2019-08-30,370.75,374.5,368.75,369.75
2019-09-03,369.5,370,360.5,361
2019-09-04,361,363,356.5,358.5
2019-09-05,358.5,362.75,358.25,358.75
2019-09-06,359.5,360.25,353,355.5
2019-09-09,354.75,357.75,352.25,354.25
2019-09-10,356,362.5,355.75,361.5
2019-09-11,362.75,363.5,356.75,360
2019-09-12,360.75,367.5,353.25,367.25
2019-09-13,367.5,372.25,365.5,368.75
2019-09-16,372,374.75,367.5,374
2019-09-17,374,374.25,366,368
2019-09-18,367.75,372,365.75,371.25
2019-09-19,371.5,373.75,369.5,372.75
2019-09-20,372.75,374.5,369.5,370.75
2019-09-23,371.25,374.5,371,373.25
2019-09-24,372,376,370.25,374.75
2019-09-25,375.25,377.5,372.25,374.25
2019-09-26,373.5,375.75,368.25,372.5
2019-09-27,371.25,373,369.75,371.5
2019-09-30,372,388.25,371.5,388
2019-10-01,386.75,392.75,385.25,392.5
2019-10-02,390.5,391.75,385.5,387.75
2019-10-03,387,390.75,385.5,388.75
2019-10-04,388,389,383.75,384.75
2019-10-07,387.5,387.75,385,387
2019-10-08,387.5,396.5,386,395.75
2019-10-09,395.5,397.25,393,394.25
2019-10-10,392.75,395,378.25,380.25
2019-10-11,380.75,398.75,380.5,397.75
2019-10-14,401.25,402.5,393.25,397.75
2019-10-15,397,398.5,392.5,393.25
2019-10-16,392,392.75,387.5,391.75
2019-10-17,391.75,397.25,391.5,394.75
2019-10-18,394,395.75,389.75,391
2019-10-21,390,393.75,386.5,387.25
2019-10-22,387,392.5,385,388
2019-10-23,387.75,389.5,384,387.75
2019-10-24,388.5,390.75,385.25,386.75
2019-10-25,387,390,385.75,386.75
2019-10-28,386,386.5,383.25,384
2019-10-29,383.5,387.5,382,386.25
2019-10-30,385.75,391.25,385.25,390.75
2019-10-31,390.25,391,384.75,390
2019-11-01,389.25,391.75,386.25,389.25
2019-11-04,386.75,387.75,383,383.25
2019-11-05,383.25,384.75,380.5,381.75
2019-11-06,382.25,385,377.5,378.75
2019-11-07,379.25,380,373.75,375.25
2019-11-08,375.25,383.75,372.5,377.25
2019-11-11,376,377,372.5,373.25
2019-11-12,373.5,378,372.75,377.75
2019-11-13,377,377.75,375,375.25
2019-11-14,375.25,377.5,374.5,375.75
2019-11-15,375.5,376.5,370.75,371.25
2019-11-18,371,371.75,367.5,367.75
2019-11-19,367.75,373,367.75,370
2019-11-20,369.75,370.5,365.75,366.75
2019-11-21,366.75,369.75,366.25,368.5
2019-11-22,368,370.25,367.5,368.75
2019-11-25,378.5,382.75,378,380.75
2019-11-26,379.75,380.75,377.75,378.25
2019-11-27,378,379.75,373,373.25
2019-11-29,375.25,382,374.25,381.25
2019-12-02,381.5,384.75,379.25,382
2019-12-03,382,384.75,380.25,381.25
2019-12-04,380.75,383,377.25,378.5
2019-12-05,378,379.5,376.25,376.75
2019-12-06,376.5,379.5,375,376.75
2019-12-09,375.75,378.25,375.25,375.75
2019-12-10,376,378,375,377
2019-12-11,376.5,377,371,371.25
2019-12-12,371.5,380.25,371.25,377.75
2019-12-13,381.5,385.5,377.5,381
2019-12-16,383.5,389.5,383.25,388
2019-12-17,387.5,390.5,386.25,390
2019-12-18,389.25,390,385.75,387
2019-12-19,387,389,385,386.5
2019-12-20,386.5,389.5,386,387.75
2019-12-23,388,390.25,387.25,388.75
2019-12-24,388.5,389,387,387.5
2019-12-26,388,389,386.5,388.5
2019-12-27,388,391,388,390
2019-12-30,389.25,392,386.75,388.25
2019-12-31,388.25,389.75,386.25,387.75
2020-01-02,387.75,392,387.25,391.5
2020-01-03,391.5,392,385.5,386.5
2020-01-06,386.25,387.75,382.75,384.75
2020-01-07,385,385.75,383.5,384.5
2020-01-08,384,385.5,382.25,384.25
2020-01-09,383.75,387,382.25,383.25
2020-01-10,383.25,386.75,376.5,385.75
2020-01-13,386.5,389.5,385.5,389.5
2020-01-14,389.25,390.5,388.25,389
2020-01-15,388.75,390.25,386.5,387.5
2020-01-16,387.25,387.75,375.25,375.5
2020-01-17,377,389.5,376.75,389.25
2020-01-21,389,389.25,384.25,387.5
2020-01-22,387.5,391,386.75,388.75
2020-01-23,388.5,394,387.5,393.75
2020-01-24,393.25,393.25,386.5,387.25
2020-01-27,384.25,384.75,377.25,380.5
2020-01-28,382.5,387,378.5,386.5
2020-01-29,385.5,388.25,382.75,384.25
2020-01-30,384.5,384.75,378.5,379.5
2020-01-31,381.5,382.75,378.75,381.25
2020-02-03,380.5,382,376.5,378.75
2020-02-04,378.25,383.5,378.25,382.25
2020-02-05,381.5,383.25,379.5,380.75
2020-02-06,380.25,381.75,376,379.25
2020-02-07,380.25,385,380,383.5
2020-02-10,383.25,383.5,379,381.75
2020-02-11,381,382,378,379.75
2020-02-12,379.75,383.75,378.25,383
2020-02-13,382.25,382.75,379,379.5
2020-02-14,379.5,381.5,376.25,377.75
2020-02-18,378.5,383.25,378,383
2020-02-19,382.25,382.75,378.5,380.5
2020-02-20,380.75,381.25,378,378.5
2020-02-21,378.25,380.5,376.25,377
2020-02-24,380,380,373.5,376.25
2020-02-25,377,378.75,375,376.5
2020-02-26,376,378,372.5,374.5
2020-02-27,373.75,374,366.25,368
2020-02-28,368,369.75,365.75,368.25
2020-03-02,368.25,376.25,367.25,375.5
2020-03-03,376.5,384.5,376,381.25
2020-03-04,380.75,386.75,379,385
2020-03-05,384,384.5,379.5,381.75
2020-03-06,381,382.75,375,376
2020-03-09,370.25,375.25,366.75,372.75
2020-03-10,374.75,379.75,374,377.5
2020-03-11,377.25,377.25,372.25,374.5
2020-03-12,373,373,365,365.75
2020-03-13,365.25,371.75,363.5,365.75
2020-03-16,362.5,367.75,354,354.75
2020-03-17,355.25,356.75,342.75,344
2020-03-18,344,345.25,332,335.25
2020-03-19,336.5,354.75,336.5,345.5
2020-03-20,346.5,356.75,342.25,343.75
2020-03-23,340.25,345.5,338.25,343.5
2020-03-24,343.5,350.5,338,347.25
2020-03-25,347.5,352.75,345.75,348.5
2020-03-26,348.25,349.25,343.75,348.75
2020-03-27,348.5,350,342.5,346
2020-03-30,343,346.75,340,341.25
2020-03-31,341.75,344.75,333.5,340.75
2020-04-01,341.25,342.75,333.5,334.75
2020-04-02,335,343.25,333,333.5
2020-04-03,334.5,338.5,328,330.75
2020-04-06,329.75,331.75,325.5,327.75
2020-04-07,328,335.5,328,331.5
2020-04-08,332,334,328.25,330
2020-04-09,330.75,333.5,328,331.75
2020-04-13,332.25,334,326.5,331.5
2020-04-14,331.25,332,325.75,326
2020-04-15,326,326.75,317.5,319.25
2020-04-16,318.75,323,317.75,319.75
2020-04-17,319.75,325.5,319.5,322.25
2020-04-20,322.5,323.25,313.5,314.25
2020-04-21,314.25,316.25,301,309.25
2020-04-22,310,320.25,308.25,317.5
2020-04-23,317,323.5,315,319.25
2020-04-24,319.25,320.75,312,315.75
2020-04-27,322,323,312,313.25
2020-04-28,313.25,316.5,310.5,312
2020-04-29,311.75,318,309.25,314.5
2020-04-30,315,322.25,312.5,320
2020-05-01,319.5,320.25,315.5,318.5
2020-05-04,317,317.25,312.25,315.5
2020-05-05,315.25,318.5,314,317
2020-05-06,318,318.25,313.25,314.25
2020-05-07,314,320.5,314,318
2020-05-08,318,323,317.25,319.25
2020-05-11,320.75,322.75,317.25,318.5
2020-05-12,318.25,324,314.5,322.25
2020-05-13,322,322,317.75,318.25
2020-05-14,318.25,319.25,315.5,317.5
2020-05-15,317.75,320.5,316.75,319.25
2020-05-18,320,322,318,320.75
2020-05-19,320.75,325.5,320.5,321.25
2020-05-20,321.25,321.5,317.25,319.5
2020-05-21,319,320.25,316.25,317.75
2020-05-22,317.75,319,316,318
2020-05-26,316.75,323,316.5,319
2020-05-27,320,321.75,319.25,320.5
2020-05-28,320.25,330.75,319.5,327.5
2020-05-29,327.5,329.5,323.25,325.75
2020-06-01,325.5,327.75,319.25,323.25
2020-06-02,323.5,325.25,322,324.25
2020-06-03,324.25,324.5,321.25,324
2020-06-04,324.25,329.5,324,329
2020-06-05,328.75,332.5,328.25,331.25
2020-06-08,333.5,334.75,331,333.75
2020-06-09,332.25,334,326.75,327.5
2020-06-10,327.25,328,324.25,326.25
2020-06-11,326,331,325.25,329.75
2020-06-12,329.5,333,328.25,330
2020-06-15,329.25,330,325.5,329.25
2020-06-16,331.75,334.5,328,329
2020-06-17,328,331.25,325,330.25
2020-06-18,329.75,333.75,328.75,331
2020-06-19,329.75,333.75,327.5,332.5
2020-06-22,332,332.25,328,328.25
2020-06-23,327.5,327.5,321.25,325
2020-06-24,324.5,329,323.75,324.25
2020-06-25,323.5,324.25,315,317.25
2020-06-26,317,319.75,313.5,317
2020-06-29,316.75,326.5,316,326.25
2020-06-30,325.25,342,323.75,338.5
2020-07-01,338.5,351.25,337.5,348.25
2020-07-02,347.5,350.25,342.25,342.5
2020-07-06,348.25,349,345.25,346.5
2020-07-07,347.5,347.75,341.25,345
2020-07-08,343.5,348.5,341,348.25
2020-07-09,349,356.5,348.25,351.25
2020-07-10,350.25,352,340,340.5
2020-07-13,334.5,334.5,326.75,328.75
2020-07-14,329.25,332,325.75,326
2020-07-15,326,328.75,322.75,326.25
2020-07-16,326,333.25,326,330.25
2020-07-17,330.25,334.75,330.25,333
2020-07-20,333,333.5,326,328.25
2020-07-21,327.75,327.75,322,322.75
2020-07-22,323,328,322.25,327.5
2020-07-23,327.25,329.5,325,328
2020-07-24,328,329.75,325.5,326.25
2020-07-27,325.25,327.5,323.25,325
2020-07-28,323,323.5,320,320
2020-07-29,320,321.5,315.25,315.5
2020-07-30,315.5,319.25,315.25,315.75
2020-07-31,315.75,317.5,314.5,316
2020-08-03,315,318.25,315,317.5
2020-08-04,316.5,316.75,308.25,308.25
2020-08-05,309,311.25,309,311
2020-08-06,310.5,312.75,309.5,311.25
2020-08-07,311,311.75,307.25,307.75
2020-08-10,307.5,311.75,307.5,310.5
2020-08-11,311.25,315,310.25,311.5
2020-08-12,311.25,315,308,314.5
2020-08-13,315,327.5,314.75,325.25
2020-08-14,324.5,325.25,321.5,324.5
2020-08-17,327,331,326.5,331
2020-08-18,330,332,325.75,327
2020-08-19,326,327.25,323.5,325
2020-08-20,324.25,325.75,320.75,324.5
2020-08-21,324.75,327.75,324.25,327
2020-08-24,328,332.5,327.5,331.75
2020-08-25,335,341.5,334.75,340.75
2020-08-26,340.25,341.25,337.25,340.5
2020-08-27,340,344.75,339,344.25
2020-08-28,343.25,347.75,340.75,346
2020-08-31,348.75,353,346,348.5
2020-09-01,347.75,350,342.75,349.5
2020-09-02,349.25,350.5,345.25,349.75
2020-09-03,349.75,350,343.75,344.5
2020-09-04,344,349,343.5,347.25
2020-09-08,348,353,346,351
2020-09-09,360.75,361.25,358,360.25
2020-09-10,360,366.75,359.5,365
2020-09-11,365,369.5,363.75,368.5
2020-09-14,368.5,371,367.25,369.5
2020-09-15,369,369.5,365.25,366
2020-09-16,365.5,372,361.75,371.75
2020-09-17,371.5,377.25,368,375.25
2020-09-18,374.25,379.25,373.25,378.5
2020-09-21,377.5,378.25,368.25,369.75
2020-09-22,369.75,373.25,365.75,369.25
2020-09-23,368.25,370.25,365.75,368.5
2020-09-24,368,368.25,363,363.5
2020-09-25,363.25,367.5,363,365.25
2020-09-28,364.25,369.75,360.5,366.75
2020-09-29,366.75,367.75,361,364.75
2020-09-30,364.25,382.75,362,379
2020-10-01,379,385.5,378,382.75
2020-10-02,381.5,383.25,377.25,379.75
2020-10-05,378.75,382.5,377.75,379.5
2020-10-06,378.5,389.25,378.5,385
2020-10-07,384.5,392,384,388.75
2020-10-08,389,394.5,386.5,387
2020-10-09,387,398.25,386.5,395
2020-10-12,395.5,399.25,387.25,389
2020-10-13,389,392.75,388,391.25
2020-10-14,391,397.5,388,396.5
2020-10-15,396,404.25,393.5,403.75
2020-10-16,403.25,409,401.75,402
2020-10-19,401.75,406.75,400.75,405.25
2020-10-20,404.25,409.75,403.5,408.75
2020-10-21,408.25,415.25,407.75,413.75
2020-10-22,413.75,419,410.75,416.25
2020-10-23,415,420,414,419.25
2020-10-26,419.25,419.75,412.75,417.75
2020-10-27,416.75,422.25,415.5,416
2020-10-28,415,415.25,400.5,401.5
2020-10-29,401,404.25,393,398.5
2020-10-30,397.25,400,394.25,398.5
2020-11-02,396,397.75,393,397.5
2020-11-03,396.25,403.25,395.25,401
2020-11-04,400,406,396.5,405.25
2020-11-05,405,417.25,404,409.25
2020-11-06,409,412,405.75,406.75
2020-11-09,405.75,410,401.75,407.5
2020-11-10,407,427.25,406.25,423
2020-11-11,422.5,428,416.25,417.25
2020-11-12,417.25,418.5,406.25,408.25
2020-11-13,407.5,413.25,403.75,410.5
2020-11-16,409,416.75,409,416.25
2020-11-17,417.5,422,417.25,420.25
2020-11-18,419,428.5,418.5,425.75
2020-11-19,424.5,425.5,418.75,422.5
2020-11-20,422.25,428,421.5,423.25
2020-11-23,427.5,429.75,423.5,426.5
2020-11-24,425.75,426.5,416.5,425.75
2020-11-25,426,427.5,420,420
2020-11-27,420.25,426.25,418.5,425.5
2020-11-30,427.5,430.5,418.25,419.75
2020-12-01,420,423,414,414.75
2020-12-02,414.5,419.75,409,419
2020-12-03,424,427.5,422,426.5
2020-12-04,426,426.75,419.25,420.5
2020-12-07,419.5,425.25,415.25,424
2020-12-08,422.5,424.5,418.5,419.75
2020-12-09,420,424.5,419.75,423.75
2020-12-10,423.75,427.5,420.5,421.25
2020-12-11,422,424.5,418,423.5
2020-12-14,423.5,428.5,421.25,424
2020-12-15,424,425.25,420.5,424.75
2020-12-16,425.25,429.25,423.75,427.25
2020-12-17,426.25,433,424.25,432.5
2020-12-18,432.25,438.5,432,437.5
2020-12-21,438,440.75,430.25,440
2020-12-22,440,444.25,437.25,443.5
2020-12-23,442.75,449.75,441.5,447.25
2020-12-24,446.75,451.5,446.5,451
2020-12-28,452,457.5,448,456.5
2020-12-29,455.75,467.25,453.5,466
2020-12-30,466,476,462,474.5
2020-12-31,474,485.75,473,484
2021-01-04,487.25,497.75,479.5,483.75
2021-01-05,484.5,496,482.5,491.75
2021-01-06,492.5,502.75,491.5,495
2021-01-07,495,496,487.25,494
2021-01-08,494,499.5,492.5,496.25
2021-01-11,496.5,500.5,490.25,492.25
2021-01-12,491.5,517.25,489.25,517.25
2021-01-13,524,541.5,522.25,524.5
2021-01-14,523,536.5,519,534.25
2021-01-15,534,536.5,527.75,531.5
2021-01-19,531.5,534.25,523.25,526
2021-01-20,525,526.5,512.75,522
2021-01-21,521,531.5,519.25,524.25
2021-01-22,522.5,522.75,499.25,500.5
2021-01-25,500,515.5,492.5,511.5
2021-01-26,513,534.25,508,532.25
2021-01-27,532.5,543.75,529.5,534
2021-01-28,533.25,550.5,529,534.5
2021-01-29,534.5,553.75,533.25,547
2021-02-01,549,555.75,539,549.25
2021-02-02,549.75,552.5,540.25,543
2021-02-03,543.25,552.5,536.5,552
2021-02-04,552,558,547,550
2021-02-05,548.5,552.25,545.5,548.5
2021-02-08,548.75,565.75,548.75,563.75
2021-02-09,565,574.25,545,556.25
2021-02-10,556,556.25,531.75,534.5
2021-02-11,532.25,546.5,524.75,541
2021-02-12,541,546.25,536.75,538.75
2021-02-16,547,552.75,538.5,552.25
2021-02-17,552,554.75,547.5,553
2021-02-18,552.75,554.5,548,550.25
2021-02-19,549.25,555.5,540.75,542.75
2021-02-22,543.5,551,543.25,550.5
2021-02-23,550.5,559.25,549.75,552.5
2021-02-24,552.25,558,551,557
2021-02-25,556.75,558,541,549.75
2021-02-26,548.75,549,540,547.5
2021-03-01,552.75,554.25,537,538.25
2021-03-02,537.75,548.5,531.5,545
2021-03-03,544,544.25,532.75,535.25
2021-03-04,535,541,529.25,532.5
2021-03-05,531,547.5,530,545.5
2021-03-08,549.5,556.25,537,547
2021-03-09,547,547.5,536.5,545.75
2021-03-10,545.25,545.75,531.25,534
2021-03-11,533,541.75,531.25,538.5
2021-03-12,537.5,540.5,531,539
2021-03-15,537,550.75,532.75,549.5
2021-03-16,549.5,555.5,546.75,554.25
2021-03-17,554,558.5,552,558
2021-03-18,556.75,558,545.25,546.5
2021-03-19,546.25,559,545.5,557.75
2021-03-22,558,558.75,546.75,549
2021-03-23,551.25,556,547.75,551.25
2021-03-24,551,553.75,548.25,553.25
2021-03-25,552.25,552.5,541.5,546.5
2021-03-26,546.5,554,544,552.5
2021-03-29,551.75,552,542.25,546.75
2021-03-30,546.25,547.5,533.75,539.25
2021-03-31,538.25,564.25,536.25,564.25
2021-04-01,575,585,556.5,559.75
2021-04-05,561.25,564.5,549.75,553.25
2021-04-06,553.75,561.5,552.25,554.25
2021-04-07,555.75,562.25,553.75,560.5
2021-04-08,560.75,583,559.25,579.75
2021-04-09,579,595,575.5,577.25
2021-04-12,577.75,586,567.25,569
2021-04-13,569,584.5,565.5,580
2021-04-14,579.75,597.75,578.75,594
2021-04-15,594.25,601.5,587.75,590
2021-04-16,590.5,594.75,583.25,585.5
2021-04-19,588.75,596.75,588.25,592
2021-04-20,593,611.75,592.75,606.5
2021-04-21,609.5,628.5,604.5,625.5
2021-04-22,624.25,650.5,623.5,650.5
2021-04-23,653,658.5,638.25,655.5
2021-04-26,637.75,657.5,637.5,657.5
2021-04-27,660.25,684,646,654.5
2021-04-28,654.5,670.75,629.5,644
2021-04-29,640.5,653.5,635.5,648.25
2021-04-30,648,673.25,645.25,673.25
2021-05-03,685,698,674,679.5
2021-05-04,681.25,704,676,696.75
2021-05-05,698,712,691.25,708.5
2021-05-06,709.5,722.5,705.5,718.75
2021-05-07,719,735.25,715.5,732.25
2021-05-10,726.5,730.75,708.5,711.75
2021-05-11,711,732.5,703.25,722.25
2021-05-12,723.75,731.25,703.5,714.75
2021-05-13,712.75,714,674.75,674.75
2021-05-14,670,687,641.75,643.75
2021-05-17,642.25,656.75,633,652.5
2021-05-18,653.5,669.5,652.5,658.25
2021-05-19,660.5,663,637,658.25
2021-05-20,662.25,671.25,656.5,664.5
2021-05-21,664.75,666.75,653.5,659.5
2021-05-24,652.25,658.5,645.5,657.25
2021-05-25,660,661.75,617.25,620.25
2021-05-26,621,629,602.75,624.5
2021-05-27,626,664.5,621.25,664.5
2021-05-28,666.25,672.75,651.25,656.75
2021-06-01,666,696.75,660.75,688.75
2021-06-02,683.25,694.25,666,675
2021-06-03,675.5,685,652.75,662
2021-06-04,663.5,685.75,660.75,682.75
2021-06-07,695,706.25,674.5,679.25
2021-06-08,682,698,677.5,680
2021-06-09,682.5,695.5,669.5,690.75
2021-06-10,691,717.5,687.75,699
2021-06-11,699.5,703,673,684.5
2021-06-14,675.75,676.25,653,659.25
2021-06-15,662.75,668.5,646.75,667.5
2021-06-16,670,687.75,663.75,673
2021-06-17,672.75,674.25,633,633
2021-06-18,631,663.5,629.5,655.25
2021-06-21,640.25,665,636,659.25
2021-06-22,662.75,668,653.75,659.75
2021-06-23,660.5,666.25,659.25,664.25
2021-06-24,664,664,650.75,653.25
2021-06-25,653.25,659.5,634,636.5
2021-06-28,519,548.25,517.5,547.25
2021-06-29,548.25,559,541.5,548.5
2021-06-30,546.5,588.5,528.25,588.5
2021-07-01,594.75,611.25,584,589
2021-07-02,587.75,597.5,573.5,579.75
2021-07-06,552.25,552.25,539.75,539.75
2021-07-07,535.75,545.25,519,531
2021-07-08,533.5,538.25,520.25,523.75
2021-07-09,523.5,524.25,507,517
2021-07-12,515.75,534,514.25,533
2021-07-13,531.75,547,527.5,540.75
2021-07-14,540.5,562.75,536.75,558.75
2021-07-15,558.75,561.5,551,556.25
2021-07-16,556,565.5,548.75,552
2021-07-19,565.5,567.5,544.5,552.25
2021-07-20,554,570.75,553.25,565.75
2021-07-21,566,573,562.75,568.5
2021-07-22,568,568,550.75,561.25
2021-07-23,561,565,540.5,543
2021-07-26,545,547.5,532.25,546.75
2021-07-27,551.5,560.75,542.25,546.25
2021-07-28,551,552.5,542.75,549
2021-07-29,549,557.75,546.25,556.5
2021-07-30,555,556,543.5,545.25
2021-08-02,545,559.75,540.75,559.25
2021-08-03,557,565.25,547.25,551.75
2021-08-04,552,556.75,541.25,546.75
2021-08-05,547,558,545.75,553
2021-08-06,552.75,559.75,547.25,556.5
2021-08-09,555.25,558,549,553.75
2021-08-10,552,554.75,547.5,553.25
2021-08-11,552.5,561.75,552,559.25
2021-08-12,557.5,594.25,551.5,573.25
2021-08-13,572.5,582,566.25,573
2021-08-16,573,576,564.75,568.75
2021-08-17,571.75,573.75,561.5,563.5
2021-08-18,564,568.5,561.25,565
2021-08-19,563,563.5,546.5,550.75
2021-08-20,551.25,554.25,532.5,537
2021-08-23,534.5,542.75,529.5,535.5
2021-08-24,537,547,536,545.25
2021-08-25,545,555.75,541,551.75
2021-08-26,550,554,547.5,550.75
2021-08-27,550.75,554.5,544.25,553.75
2021-08-30,553,558,536.75,542.75
2021-08-31,542.75,545.5,525.25,534.25
2021-09-01,534.75,536.25,518.25,522.75
2021-09-02,522.75,528.25,516.75,525.5
2021-09-03,524.75,528,520,524
2021-09-07,524,526.25,510.25,510.75
2021-09-08,510.75,516.75,507.75,510.25
2021-09-09,510.25,513,504.25,510
2021-09-10,510,524,497.5,517.5
2021-09-13,517.5,519.75,507.5,513.25
2021-09-14,514,521.5,513,520.25
2021-09-15,520.75,534.5,520.5,533.5
2021-09-16,533.5,537.5,528,529.5
2021-09-17,529,530.5,521.75,527.25
2021-09-20,527,527,515.25,521.75
2021-09-21,522,522.75,512.75,517
2021-09-22,517,526.25,516,525.5
2021-09-23,524.5,531,520.25,529.25
2021-09-24,528.5,528.75,524,526.75
2021-09-27,524.75,540,524,539.5
2021-09-28,538.75,541.75,532,532.5
2021-09-29,533.5,541,533.5,539
2021-09-30,539,548.5,527.25,536.75
2021-10-01,536.75,545.25,532,541.5
2021-10-04,540,547.5,536,540.75
2021-10-05,540,543,535.25,537.5
2021-10-06,537,544.75,531.5,532.25
2021-10-07,532.75,535.25,527.5,534
2021-10-08,533.25,538.75,530,530.5
2021-10-11,530,534,528.75,533
2021-10-12,532.75,533,519.25,522.5
2021-10-13,523,525.25,506.75,512.25
2021-10-14,512.25,518.25,511,516.75
2021-10-15,516.25,528.5,514.25,525.75
2021-10-18,525.75,533.75,523,532.75
2021-10-19,532,537,529.5,530.25
2021-10-20,530,540,528.5,539.25
2021-10-21,539,540,530.75,532.25
2021-10-22,533,540,532,538
2021-10-25,537,542,535,538
2021-10-26,538,547.25,533,543.5
2021-10-27,542.5,563.25,539.5,557.25
2021-10-28,556.5,568.75,554,562.75
2021-10-29,562.5,569.25,558.75,568.25
2021-11-01,568,582,565.25,579
2021-11-02,578.25,586,572,573
2021-11-03,572,573.25,563,564
2021-11-04,563.75,569.75,556.5,559.25
2021-11-05,560,562.75,552.25,553
2021-11-08,552,554.75,549.5,551.5
2021-11-09,551,564,547.75,554.75
2021-11-10,555.5,571.75,555,569.25
2021-11-11,567.75,579,566,569.5
2021-11-12,569.25,582,566.75,577.25
2021-11-15,576.25,578.75,569.75,576.5
2021-11-16,576,577.5,570,571
2021-11-17,570.75,584,570,575.25
2021-11-18,575,583,572,573
2021-11-19,573,576,568,570.75
2021-11-22,570.5,579,569.75,576.75
2021-11-23,576.25,581,572.5,580.5
2021-11-24,580.25,589,575.5,579.75
2021-11-26,571.5,588,566.75,586.75
2021-11-29,592,594,579,582.25
2021-11-30,582.5,583.25,562.5,567.5
2021-12-01,568.75,576.25,567.25,571.5
2021-12-02,571,581.5,569.5,576.75
2021-12-03,576.75,586.75,575.25,584
2021-12-06,585,585.5,575.75,583.5
2021-12-07,584,588.75,578.5,586
2021-12-08,585.5,589.5,583.25,587.25
2021-12-09,587,593.25,582.5,591.75
2021-12-10,590.75,594,587,590
2021-12-13,590,590.25,582.25,585
2021-12-14,585,594,581.5,590.25
2021-12-15,590,596.5,582,585.75
2021-12-16,587.5,592,584.5,591.25
2021-12-17,591,598.75,589.25,593.25
2021-12-20,595,595.75,587,591
2021-12-21,591,599,589.5,598.25
2021-12-22,597.5,606.75,597,602.5
2021-12-23,601.5,607,600.5,605.75
2021-12-27,608.25,615.5,607,614.75
2021-12-28,614.25,617.75,603.75,604.75
2021-12-29,604,610.75,599.5,605.5
2021-12-30,605.5,606,592.75,596
2021-12-31,595.75,599.25,592.5,593.25
2022-01-03,599,603.5,584.75,589.25
2022-01-04,591.75,611.25,591.5,609.5
2022-01-05,608.5,609.75,601.25,602.25
2022-01-06,601.25,605.75,596,603.75
2022-01-07,605.25,608.25,599,606.75
2022-01-10,605.25,608,596.25,599.75
2022-01-11,599.75,604.75,598,601
2022-01-12,601,604,591,599
2022-01-13,599,599.75,585.25,587.5
2022-01-14,587.5,598.25,585.25,596.25
2022-01-18,592.75,600.75,588.25,599.5
2022-01-19,600,614.5,600,610.5
2022-01-20,609,614.25,606.25,611
2022-01-21,607.5,618.5,604.25,616.25
2022-01-24,617.5,621.5,609.25,621
2022-01-25,620,631,618.5,620
2022-01-26,619,627.75,615,627
2022-01-27,625,627.75,621.25,625.25
2022-01-28,623.25,637.25,623,636
2022-01-31,635.75,642.5,622.5,626
2022-02-01,626,639.5,624.5,634.75
2022-02-02,634.5,640.75,616.75,622.5
2022-02-03,622.5,624.25,610.25,616.75
2022-02-04,618.5,623.25,613.25,620.5
2022-02-07,628.75,636.75,624.75,635.25
2022-02-08,636.5,636.75,627.25,632.25
2022-02-09,632.25,647.75,630.5,646.75
2022-02-10,646,662.75,638.75,641.75
2022-02-11,641,657.75,637.75,651
2022-02-14,651.25,656.75,642.5,655.75
2022-02-15,655,655.5,635.5,638
2022-02-16,637.75,647.75,636.25,647
2022-02-17,645.5,652,642.75,650
2022-02-18,648.5,658,647,654.25
2022-02-22,657.75,676.75,657.75,674.75
2022-02-23,674,685,669.25,683.75
2022-02-24,683.5,718.75,682,695
2022-02-25,696.75,707,657,659.5
2022-02-28,685,690.75,673.5,690.75
2022-03-01,694.25,725.75,692.75,725.75
2022-03-02,730,747.75,711.5,725
2022-03-03,725,760,722,747.75
2022-03-04,755,782.75,733.75,754.25
2022-03-07,774.25,780.25,736.25,750.75
2022-03-08,750,760.75,728.75,753
2022-03-09,753.25,759.5,731,733
2022-03-10,732.75,765.5,729,755.75
2022-03-11,753.5,764.5,744,762.5
2022-03-14,762,767.5,740,748.25
2022-03-15,745.25,759,736,758
2022-03-16,756.75,757,726.75,730
2022-03-17,730,757.5,728.5,754.5
2022-03-18,753.75,755,736.5,741.75
2022-03-21,746.5,765,743,756.25
2022-03-22,756.75,761,744,753
2022-03-23,752.25,770.5,749,757.75
2022-03-24,757,762.5,745,748.25
2022-03-25,748.5,755.25,742.5,754
2022-03-28,749,750.25,740.5,748.5
2022-03-29,746.25,747.5,713.5,726.25
2022-03-30,727,748.75,726.75,738
2022-03-31,739.25,770,732.5,748.75
2022-04-01,748.5,751.5,730.25,735
2022-04-04,737,752.25,734.75,750.5
2022-04-05,750.75,768,749.25,759.75
2022-04-06,759.75,761.5,750.25,756.5
2022-04-07,755.75,759.25,748.5,757.75
2022-04-08,757,773,752.75,768.75
2022-04-11,767,778,762,764.5
2022-04-12,765.5,779,765,776.25
2022-04-13,775,786.25,767.25,783.5
2022-04-14,783.5,793,781,790.25
2022-04-18,791,816.75,790.25,813.25
2022-04-19,813.25,819.75,799.75,804
2022-04-20,803.5,816.5,796.75,815.75
2022-04-21,814,814.25,797.5,799.25
2022-04-22,798.75,807.5,783.5,793
2022-04-25,793.75,799.25,781,798
2022-04-26,799.25,809.75,793.25,801.5
2022-04-27,801.5,818.5,795.5,812.25
2022-04-28,812.5,819.75,808.5,813.5
2022-04-29,813,824.5,809.5,813.5
2022-05-02,805,808.5,790.5,803.5
2022-05-03,809,813.75,792,793
2022-05-04,793,803.75,789.5,794.25
2022-05-05,794.25,802,791,797.5
2022-05-06,796.25,796.75,776.5,784.75
2022-05-09,781.25,785,769,772
2022-05-10,773.5,778.75,769.25,775.25
2022-05-11,776.5,790.5,775.5,788.5
2022-05-12,788.5,800.75,782.75,791.5
2022-05-13,790.5,797,777.5,781.25
2022-05-16,795,810.25,792.75,809.5
2022-05-17,808,809.25,797.25,800.75
2022-05-18,800.75,802.25,778,781.5
2022-05-19,782,789.75,773.25,783.25
2022-05-20,781.25,782,774.5,778.75
2022-05-23,780.25,788,774.5,786.25
2022-05-24,785,787,762,771.75
2022-05-25,770,773,755,772.25
2022-05-26,762.75,772.5,757.5,765
2022-05-27,765,780.5,761,777.25
2022-05-31,777,777.25,747.25,753.5
2022-06-01,753.75,756.25,720.5,731.25
2022-06-02,731.25,739.25,726.25,730.25
2022-06-03,730.25,736,725.75,727
2022-06-06,732.25,744.25,731.5,742.5
2022-06-07,739,765,735,757
2022-06-08,757,774,756,764.5
2022-06-09,764.5,782.75,758,773
2022-06-10,772.25,781,765.75,773.25
2022-06-13,781,782.25,758.5,769.25
2022-06-14,765.75,771,759,768.25
2022-06-15,767,779.75,762,774
2022-06-16,774,792,773,788.25
2022-06-17,787.5,800,782.25,784.5
2022-06-21,777.5,778.25,752.25,760.75
2022-06-22,762,770.5,754.5,768
2022-06-23,767.25,767.25,734.5,746.75
2022-06-24,745,762.25,735,750.25
2022-06-27,740,746.25,731,744.25
2022-06-28,747.5,762.75,744.25,759.5
2022-06-29,758.25,780,755.5,770.25
2022-06-30,770,775.25,742.25,743.75
2022-07-01,748,760,743.75,754.5
2022-07-05,616,616.25,582.5,592.25
2022-07-06,595.25,601.5,582,599.75
2022-07-07,601.5,623.5,601.25,609
2022-07-08,610.5,635.75,609,633.25
2022-07-11,655,667,634.25,637
2022-07-12,637,641.75,591.25,594
2022-07-13,594,612.75,584.75,600
2022-07-14,602.25,613,595.5,605
2022-07-15,606.75,612,596,604.25
2022-07-18,610.75,623.5,601.5,612.25
2022-07-19,610.5,611,585.75,596.75
2022-07-20,595.5,600.5,589,592.25
2022-07-21,592.75,593.5,572.75,575.75
2022-07-22,575,582.75,561.5,564.25
2022-07-25,574.25,580.75,566.25,580
2022-07-26,587.75,599.75,586.25,597
2022-07-27,597,604.25,591.75,600.25
2022-07-28,603.75,618,601.25,615
2022-07-29,615,632,611.5,616.25
2022-08-01,619.75,621.5,594.25,607
2022-08-02,604,605.25,589.25,591.25
2022-08-03,587,597,583,591.5
2022-08-04,591.5,607,585.75,602.25
2022-08-05,602,614,597,610.25
2022-08-08,603,616,601.75,608.5
2022-08-09,614.5,626,613.5,615.5
2022-08-10,615,632.5,613,621.25
2022-08-11,621,630.75,618.75,629.25
2022-08-12,629.25,640.5,616,639.75
2022-08-15,630.5,635.25,616.5,626.75
2022-08-16,624,628.25,608,611
2022-08-17,611,618.5,608,615
2022-08-18,615,624,608.25,619.75
2022-08-19,619,627.75,616,626
2022-08-22,622.75,635.25,618,633.5
2022-08-23,637,666.75,635.75,660
2022-08-24,659.75,675.5,655.75,665.75
2022-08-25,665,674.25,656.75,657.5
2022-08-26,657,671,654.75,668.75
2022-08-29,670.25,683.75,666.25,683
2022-08-30,681.25,682.75,671,677.25
2022-08-31,677.5,680.5,661,670.5
2022-09-01,670,672.75,654,658
2022-09-02,658,669.5,656.5,665.75
2022-09-06,665.75,676.5,661.5,676
2022-09-07,675,688,669,671
2022-09-08,671,675.25,659,668.5
2022-09-09,669,685.75,669,685
2022-09-12,681.5,699.5,675.75,696
2022-09-13,695.5,698.25,688.25,692.75
2022-09-14,690.75,692.75,681.5,682.25
2022-09-15,681.75,690,676.25,677.5
2022-09-16,676.25,680.5,667.5,677.25
2022-09-19,675.75,680,668.25,678.25
2022-09-20,677.75,693.5,677.5,692
2022-09-21,692,698.5,679.25,685.5
2022-09-22,683.5,691,681.5,688.25
2022-09-23,687,688,669.5,676.75
2022-09-26,673.25,679,665.5,666.25
2022-09-27,666.25,678,666.25,667.5
2022-09-28,668.25,673.25,661.5,670.5
2022-09-29,670.5,676.75,666,669.5
2022-09-30,669.5,696.25,669.25,677.5
2022-10-03,680,687.5,672.5,680.75
2022-10-04,680.75,691.5,676.5,683
2022-10-05,683,687.5,675.75,684
2022-10-06,683.75,685.75,672,675.5
2022-10-07,675.5,684.5,671.5,683.25
2022-10-10,683.75,706.5,683.5,698.25
2022-10-11,697,702,690.75,693
2022-10-12,693.25,700,680,693
2022-10-13,692.25,699.5,684,697.75
2022-10-14,697,699.5,688.5,689.75
2022-10-17,689,692.25,681.25,683.5
2022-10-18,683,683.75,674.5,681
2022-10-19,681,684.5,674,678.25
2022-10-20,678,687,676.75,684
2022-10-21,683.5,688,677.75,684.25
2022-10-24,682.25,686.5,677.25,681.5
2022-10-25,681.5,687.5,677.75,686.25
2022-10-26,684.25,689.75,683.25,685
2022-10-27,685,689.25,679.25,682.25
2022-10-28,681.25,683.75,676.25,680.75
2022-10-31,696.5,700,684.25,691.5
2022-11-01,689,698.5,687.25,697.75
2022-11-02,696.5,697.25,680,687.5
2022-11-03,686,686.5,678.5,679.25
2022-11-04,679.25,685.25,678.5,681
2022-11-07,679,680.75,675.25,675.75
2022-11-08,675.75,677,666.25,667.5
2022-11-09,667,671.75,658,664.5
2022-11-10,664.5,667.25,652.75,653.25
2022-11-11,653.75,661,653.5,658
2022-11-14,657,662,652.25,657.25
2022-11-15,657,675,651.25,666.75
2022-11-16,665.25,666,657.5,665.25
2022-11-17,665,668.25,654.75,667.5
2022-11-18,667.5,672.75,665.25,667.75
2022-11-21,666.5,666.75,657.25,659.5
2022-11-22,659.5,663,656.25,656.75
2022-11-23,657.75,663.75,655.75,663.25
2022-11-25,661.25,669.75,661,668
2022-11-28,668.25,672.5,664,671.25
2022-11-29,669.75,674,668,669.5
2022-11-30,669,672.5,664.25,667
2022-12-01,666.75,669,659.25,660.5
2022-12-02,660.25,660.5,645.75,646.25
2022-12-05,646.5,649,637.75,640.5
2022-12-06,640.5,645.5,635.75,637.25
2022-12-07,637.5,645.75,635,641.25
2022-12-08,643.5,645.25,638.25,642.5
2022-12-09,642.5,649.75,642,644
2022-12-12,644.5,655.25,644.5,654
2022-12-13,654,660,652.25,653.5
2022-12-14,653,653.5,646.75,650.5
2022-12-15,650.25,654.25,647.75,653.5
2022-12-16,653.5,655.75,650,653
2022-12-19,650.5,650.75,644,647.25
2022-12-20,647.75,654.25,646.75,652
2022-12-21,651.5,663,651,662.25
2022-12-22,662,664.75,658.75,660.5
2022-12-23,659.5,667.75,659.25,666.25
2022-12-27,669,675.75,667.25,674.75
2022-12-28,673.25,683.5,672.75,682.75
2022-12-29,681.75,682.25,677.25,679.5
2022-12-30,679.5,685,676.5,678.5
2023-01-03,677.25,681.25,668,670.5
2023-01-04,670.75,671.75,652.5,653.75
2023-01-05,654.5,657.75,648.5,652.75
2023-01-06,653.75,659.5,651.75,654
2023-01-09,655.5,657,650.75,652.75
2023-01-10,651.75,664,648.25,655
2023-01-11,654.5,659,652.75,656
2023-01-12,656,673.5,649.25,671
2023-01-13,670.75,676.75,669.75,675
2023-01-17,671.5,687,668.75,685.25
2023-01-18,684.25,688.75,678,681.25
2023-01-19,680,685.25,676,677.25
2023-01-20,675.5,678,672.5,676.25
2023-01-23,674,674.75,661.25,666.25
2023-01-24,667,677.5,666.25,677
2023-01-25,676.75,681,673.75,674.75
2023-01-26,674,685.5,673,682.5
2023-01-27,681.75,686,678.25,683
2023-01-30,685,687.25,678.5,683.75
2023-01-31,683.5,688.5,678,679.75
2023-02-01,679.25,682,672.75,681
2023-02-02,681,686,674.25,675.25
2023-02-03,674.25,680,671.5,677.5
2023-02-06,677.25,679.25,672.25,679
2023-02-07,677,678.5,673.5,674
2023-02-08,673.75,679.5,672.75,678.5
2023-02-09,678.25,681,670.25,670.75
2023-02-10,670.75,682.75,669.25,680.5
2023-02-13,680,686.5,676.75,685
2023-02-14,684,688.25,681.75,682.25
2023-02-15,682,682.5,675.5,676.25
2023-02-16,676.5,677.25,673.25,676
2023-02-17,676,679,675,677.75
2023-02-21,678.5,683,675.5,680.5
2023-02-22,680,681.5,673.75,674
2023-02-23,674.5,676.25,658.5,660.25
2023-02-24,660.5,662.5,649.75,650
2023-02-27,650.25,652.25,643,643.5
2023-02-28,643.25,646.75,630,630.25
2023-03-01,631,637.75,622.25,635.75
2023-03-02,637,641.5,630.75,633.75
2023-03-03,634,642.75,632.25,639.75
2023-03-06,639,640.25,634,637
2023-03-07,637.5,638.75,633.25,634.25
2023-03-08,635,637.5,624.5,625.5
2023-03-09,625.5,629.75,610.25,611.5
2023-03-10,612.5,619,606.75,617.25
2023-03-13,619,620.25,608.5,613.5
2023-03-14,612.75,621.75,609.25,620.75
2023-03-15,623.75,629,619.25,626.5
2023-03-16,626,635,624.75,632.75
2023-03-17,633.25,638.75,630.25,634.25
2023-03-20,633,634,625,633
2023-03-21,632.75,638.25,628.75,630
2023-03-22,631.25,636,623.25,633.5
2023-03-23,633,644,627.25,631.75
2023-03-24,631,645,627.5,643
2023-03-27,643,648.75,637,648.25
2023-03-28,646.75,651.25,644.5,647.25
2023-03-29,646.25,655.5,645.75,650.5
2023-03-30,649.75,654.75,648,649.5
2023-03-31,648.75,664.5,647.25,660.5
2023-04-03,659.5,668.5,656,657.75
2023-04-04,657,657.5,648.5,653.75
2023-04-05,653.75,660,646.5,652.75
2023-04-06,652.25,652.5,641.75,643.5
2023-04-10,644.5,655,640.25,654
2023-04-11,653.5,657.75,646.75,651
2023-04-12,651,658.5,648.75,656
2023-04-13,656,661.75,651.5,652.25
2023-04-14,653.75,668,651,666.25
2023-04-17,666,677,662.25,676.5
2023-04-18,676,682.5,669.75,677.5
2023-04-19,675.75,680,671,672.25
2023-04-20,672,674,661.5,663.75
2023-04-21,664.25,665.5,656.5,663.25
2023-04-24,615.5,618,604.25,607.5
2023-04-25,609,610.5,601,607.75
2023-04-26,608.25,612,600.75,601
2023-04-27,601.75,602.5,580.5,581.5
2023-04-28,581.25,587.75,572,585
2023-05-01,584.5,587.5,577.5,584.5
2023-05-02,584.5,590.5,578.25,580
2023-05-03,579,590.75,569.25,588.5
2023-05-04,588.5,592,579,589
2023-05-05,588.75,599.25,588.5,596.5
2023-05-08,596.5,600,593.75,596.5
2023-05-09,595,595,581,584.75
2023-05-10,585.25,596,579,594
2023-05-11,591,592.75,580.75,582.25
2023-05-12,581,593.75,572.75,586.25
2023-05-15,581.5,598.75,581.5,592.5
2023-05-16,592,593,578.25,581.25
2023-05-17,581.75,582.75,554.25,561.5
2023-05-18,561.25,561.75,547,555.25
2023-05-19,555,571.75,551.5,554.5
2023-05-22,554.75,575.5,553.25,571
2023-05-23,570.25,580.75,564,577.5
2023-05-24,577,589.75,574,587.25
2023-05-25,587.5,593,583.5,590.75
2023-05-26,590.25,606.75,588.25,604
2023-05-30,603.75,605,591.5,594
2023-05-31,594.25,594.75,577.5,594
2023-06-01,594,606,591.75,592.5
2023-06-02,592.5,610.5,581.25,609
2023-06-05,609,614,595,597.5
2023-06-06,599.75,610.75,599.75,608
2023-06-07,605,612.5,601.75,604.25
2023-06-08,600,613.25,595.25,610.25
2023-06-09,608.25,609,597.5,604.25
2023-06-12,609,623.75,608.75,617.25
2023-06-13,617,625,610.75,612.5
2023-06-14,610.25,618.75,601.5,607.75
2023-06-15,608,626.5,607.25,623.25
2023-06-16,623,641,622.25,640.25
2023-06-20,600,609,588.5,597.5
2023-06-21,609,629.75,604.5,628.75
2023-06-22,624.75,626.5,613.25,620.75
2023-06-23,616.5,616.75,583.5,588
2023-06-26,594,600.75,575.5,588.25
2023-06-27,593.75,594.5,555,561
2023-06-28,562,562.5,534,536.75
2023-06-29,539,543.25,526.25,528.5
2023-06-30,532,537.5,493,494.75
2023-07-03,492.25,505,488.75,493.5
2023-07-05,504,504,485.5,493.5
2023-07-06,495.75,508.25,492.5,506.5
2023-07-07,507,509.5,493.5,494.5
2023-07-10,497,503.25,494.5,499.5
2023-07-11,496,506.5,493.75,501.5
2023-07-12,500.5,505.5,481.75,483.75
2023-07-13,484.25,501.25,481,500.5
2023-07-14,500,515.75,497.25,513.75
2023-07-17,519.25,526.5,503.25,506
2023-07-18,504,540.75,502,534.5
2023-07-19,532.75,563.75,531.5,553
2023-07-20,553.25,563.25,542.25,546.25
2023-07-21,545.5,546.25,531.25,536.25
2023-07-24,543,572.25,540.25,568.25
2023-07-25,567.75,572,553.75,565.25
2023-07-26,565,565,544.75,548.25
2023-07-27,548,555,541.5,542.25
2023-07-28,542.25,547.5,525.5,530.25
2023-07-31,524.5,524.5,508,513
2023-08-01,513.25,517.25,505.5,507.25
2023-08-02,507.25,523.25,497.5,500.5
2023-08-03,499,502.75,493,493.5
2023-08-04,495.75,506.5,493,497.25
2023-08-07,497.75,501,489.25,495.75
2023-08-08,495.75,501.25,490.5,498.75
2023-08-09,499,502.75,493,494.25
2023-08-10,495,498,493.25,496.25
2023-08-11,496,507.5,483,487.25
2023-08-14,489.5,492.25,481,487.75
2023-08-15,485,485.5,473.75,475.5
2023-08-16,474.75,484.5,473.5,481.5
2023-08-17,482,487.75,476.75,485.75
2023-08-18,486,495,484.75,493
2023-08-21,500.5,506.25,481.25,482.5
2023-08-22,482.25,485.5,474.25,479.5
2023-08-23,480,492.25,478.5,490.5
2023-08-24,490.5,494.5,483.5,488.25
2023-08-25,487.25,493,485.75,488
2023-08-28,494.5,497.5,489.25,496.25
2023-08-29,494.25,499.5,485.5,486.75
2023-08-30,486.75,491.75,479.5,480.75
2023-08-31,481,486.5,476.75,478.25
2023-09-01,478,485.25,477.5,481.5
2023-09-05,482.25,488.75,478.5,486
2023-09-06,488,490.25,483.25,485.75
2023-09-07,485,488.5,483.25,486.25
2023-09-08,486,488.75,482,483.75
2023-09-11,483,486.75,480.75,485.75
2023-09-12,485,486.75,473.5,476.5
2023-09-13,476.5,482.75,474.5,482.25
2023-09-14,482,484.75,478.25,480.5
2023-09-15,480,483.5,475,476.25
2023-09-18,475.25,478.75,469,471.5
2023-09-19,471.25,477,467.75,476.25
2023-09-20,476,483,474.5,482.25
2023-09-21,481,482.5,474,475.25
2023-09-22,475,478.5,474.25,477.25
2023-09-25,475.25,482.5,473.75,481.25
2023-09-26,481,483.5,476.5,479.75
2023-09-27,479.75,486.75,479,483.25
2023-09-28,483.75,489.25,481,488.5
2023-09-29,487.5,490,475.5,476.75
2023-10-02,477,489.75,476,488.75
2023-10-03,488,489.25,484.25,487.5
2023-10-04,487.5,489.75,482.5,486
2023-10-05,486,498.5,482.5,497.5
2023-10-06,496,499,491.5,492
2023-10-09,492,497,487.25,488.25
2023-10-10,488,488.25,484.25,485.5
2023-10-11,485.5,488.5,483.5,488
2023-10-12,487.75,498.75,482.25,496
2023-10-13,495,498.75,490.5,493.25
2023-10-16,493.5,496.75,489.5,490
2023-10-17,490,492.75,487.75,489
2023-10-18,488.5,494,488.5,492
2023-10-19,492,505.5,490.25,505
2023-10-20,504,509.5,495,495.5
2023-10-23,494.25,497,490.25,490.25
2023-10-24,490.75,491.5,482.75,484
2023-10-25,483.5,486,476.75,480
2023-10-26,480,484.25,477.5,479.25
2023-10-27,479.25,484,478.25,480.75
2023-10-30,480,484.25,477.5,478.25
2023-10-31,478.25,483,477.5,478.75
2023-11-01,478.75,480,472.5,475
2023-11-02,475,477,469.5,470
2023-11-03,470,481.25,468,477.25
2023-11-06,477.25,480.75,476.75,477.25
2023-11-07,477,477.5,468,468.5
2023-11-08,469,480.5,468.5,476
2023-11-09,475,476,466.5,468
2023-11-10,468,469,461.75,464
2023-11-13,463.25,477.75,461,477.25
2023-11-14,477,480,473,478.25
2023-11-15,477.75,480.5,467.25,470.75
2023-11-16,471,476.25,465.25,474.75
2023-11-17,474.5,475,466.75,467
2023-11-20,467,470.25,464.5,469.5
2023-11-21,469.25,475,468,470
2023-11-22,468.75,473.75,467.75,468.75
2023-11-24,468,470.5,462.5,463.25
2023-11-27,483.25,485,473,475.25
2023-11-28,475.25,476.75,471,473.5
2023-11-29,473.5,477.25,470.5,475.75
2023-11-30,475.25,484.5,475,482.75
2023-12-01,482,489.5,478.75,484.75
2023-12-04,483.75,488.5,481.25,485.5
2023-12-05,485,490.75,483.5,490.5
2023-12-06,489.75,493.75,483.5,484.25
2023-12-07,484,489.25,483,488
2023-12-08,487.5,492,484,485.5
2023-12-11,486.5,487.5,479.75,481.5
2023-12-12,482,488,481.75,485.25
2023-12-13,484,485,477.5,479.5
2023-12-14,481,484.25,479,479.25
2023-12-15,479.25,484,477.75,483
2023-12-18,482.5,482.75,475.5,477
2023-12-19,477.25,478.25,471.5,472.75
2023-12-20,472.75,475.5,468.25,469.75
2023-12-21,470,474,469.25,472.5
2023-12-22,472.5,474,471.5,473
2023-12-26,473,481,471.5,480.25
2023-12-27,479.75,480.25,474.5,476.5
2023-12-28,476,478.75,474,474.25
2023-12-29,473.75,475,470.5,471.25
2024-01-02,470.5,470.75,462.5,463.75
2024-01-03,464.75,466,461.75,465.25
2024-01-04,465,469,463.5,466.5
2024-01-05,466.5,467.75,460,460.75
2024-01-08,461,462.5,452,455
2024-01-09,454.75,460.5,451.75,459.25
2024-01-10,459,461.75,454.5,459.5
2024-01-11,459,461.5,455.75,457.75
2024-01-12,457,460,441,447
2024-01-16,447.75,451.25,442,443.5
2024-01-17,443.5,448.25,440,442.25
2024-01-18,442,445,436.75,444
2024-01-19,443.5,449.5,443,445.5
2024-01-22,445.5,448,444,445.75
2024-01-23,445.75,450.5,444,446.5
2024-01-24,446.5,452.75,446.25,452.25
2024-01-25,451.5,453.25,447.5,451.75
2024-01-26,451,451.75,445.5,446.25
2024-01-29,446.25,447.5,437.5,440.25
2024-01-30,439.75,448.25,436.5,447.75
2024-01-31,447.25,448.75,443.25,448.25
2024-02-01,448,448,443.5,447.25
2024-02-02,446.5,448.75,442,442.75
2024-02-05,442.75,445,439.5,442.75
2024-02-06,442.75,445.5,438.25,438.75
2024-02-07,438.5,439.25,432.75,434.25
2024-02-08,434.5,437,429.75,433.25
2024-02-09,433,437,428.25,429
2024-02-12,430.25,432.75,427.75,430.5
2024-02-13,430.25,434.75,428.75,430.75
2024-02-14,430.75,431,422.25,424.25
2024-02-15,424,425,417.25,417.75
2024-02-16,417.5,421.5,415,416.5
2024-02-20,416.25,421.5,414.75,418.75
2024-02-21,418.5,419.5,410,411
2024-02-22,410,415.5,404.25,406
2024-02-23,406,409.25,398.5,399.75
2024-02-26,413.5,422.5,408.75,421.5
2024-02-27,421,426.5,421,423.5
2024-02-28,423.75,430.5,421.75,428.5
2024-02-29,429.25,432,423.75,429.5
2024-03-01,429.25,431,422,424.75
2024-03-04,424,433.5,424,430
2024-03-05,430,431,425,426.25
2024-03-06,426.25,429.5,423.25,428.75
2024-03-07,428.75,438.75,428.25,438
2024-03-08,437.25,440,431.5,439.75
2024-03-11,438.5,443,433.25,441.75
2024-03-12,441,445,438,441.75
2024-03-13,441.75,444.5,438.25,441.25
2024-03-14,441,442.25,433,433.75
2024-03-15,433.75,440,431.75,436.75
2024-03-18,437,440.5,434,436
2024-03-19,436.5,440,435,439.5
2024-03-20,439,439.5,435.5,439
2024-03-21,439,445.75,437.5,440.75
2024-03-22,440.25,441.5,436,439.25
2024-03-25,439,441.25,437,437.75
2024-03-26,437.25,440.75,432,432.5
2024-03-27,432,432.25,426.25,426.75
2024-03-28,426.75,448,426,442
2024-04-01,441.75,442,432.25,435.5
2024-04-02,435.75,436.75,424.5,426.5
2024-04-03,428.25,433,425.75,431.75
2024-04-04,432.25,436,429.75,435.25
2024-04-05,435,438.5,432.25,434.25
2024-04-08,433.75,437.5,431.5,435.5
2024-04-09,435,435.75,429.75,431.25
2024-04-10,431,435.75,430.75,434.25
2024-04-11,434,437.5,427.5,428.75
2024-04-12,428.25,437.5,427,435.5
2024-04-15,434.5,435,430.25,431.5
2024-04-16,431.25,432.25,428.5,431
2024-04-17,431,433,429.5,430.25
2024-04-18,429.5,431,426.25,426.75
2024-04-19,427.25,434,426.75,433.5
2024-04-22,432.25,441,431,439.75
2024-04-23,439.25,443.75,438.5,443
2024-04-24,442.75,444.5,437.25,437.75
2024-04-25,437.75,442,436,441
2024-04-26,441,442.75,439,440
2024-04-29,450,451.25,445.5,449.25
2024-04-30,449,450,444.5,446.75
2024-05-01,446.75,451.5,443.75,450.75
2024-05-02,450,460.5,449.75,459.75
2024-05-03,459.5,468,457.25,460.25
2024-05-06,459,470,454.25,469
2024-05-07,468.5,472,466,467
2024-05-08,467,467,457.5,458.5
2024-05-09,458.5,462,454.25,456.5
2024-05-10,457,470,456.75,469.75
2024-05-13,468,475.5,465.5,472.5
2024-05-14,471.75,475.5,466.5,467.5
2024-05-15,467.75,473.25,461.5,462.5
2024-05-16,462.25,465.25,456,457
2024-05-17,457.25,460.5,451,452.5
2024-05-20,452.75,463.5,452.25,460.5
2024-05-21,460,461.25,455,458
2024-05-22,458.5,463.25,458,461.25
2024-05-23,461.25,467.25,458.5,464
2024-05-24,464.5,466.75,460.75,464.75
2024-05-28,467,471,460,462.5
2024-05-29,462.5,463,454.25,455.25
2024-05-30,455.25,457,447.5,448.75
2024-05-31,449,453.75,445.5,446.25
2024-06-03,445.75,449,439,443.5
2024-06-04,442.5,448.25,440,442.5
2024-06-05,442.5,444.25,438.25,439.25
2024-06-06,439.25,453.25,438.75,452
2024-06-07,452,454.25,444.25,448.75
2024-06-10,448.75,452.75,447.75,451.75
2024-06-11,450.75,456.25,449,449.5
2024-06-12,449,455,448.5,454.25
2024-06-13,453.5,460.5,453.5,458.5
2024-06-14,458,459.5,448,450
2024-06-17,448,450,443.25,443.75
2024-06-18,444.25,452,443.75,450
2024-06-20,448.25,449.5,439.25,439.75
2024-06-21,440,442.5,434.25,435
2024-06-24,441,442,430.5,439.5
2024-06-25,439.5,440.5,429.25,431.75
2024-06-26,431.5,436,424.25,425.5
2024-06-27,425.5,427.5,422.25,422.5
2024-06-28,422.5,429,399.5,407.5
2024-07-01,407.5,410,401,407
2024-07-02,408,413.75,405.75,408
2024-07-03,407.75,409.75,404,405.5
2024-07-05,405.5,412.25,405,410.5
2024-07-08,409.5,410,391.25,393.25
2024-07-09,393.5,398.75,391.75,394
2024-07-10,393.75,398,390.75,395.75
2024-07-11,395.25,403,394.75,400.25
2024-07-12,400,404.75,391,402
2024-07-15,416,416,403.25,404.25
2024-07-16,403.25,411,403.25,408.75
2024-07-17,408.75,413.25,408.25,411.75
2024-07-18,412,413,404.25,405
2024-07-19,405,410.75,404,404.75
2024-07-22,405.25,415.5,405.25,415
2024-07-23,413.75,422.5,411.75,417.25
2024-07-24,416.5,423.75,414.5,418
2024-07-25,417.25,423.5,416.25,420.75
2024-07-26,421,421.75,409.25,410
2024-07-29,407.5,413,405.5,412.25
2024-07-30,412,412.75,404,405
2024-07-31,404.5,406.5,397.75,399.75
2024-08-01,399.75,400.75,395,398.5
2024-08-02,399.25,404.75,398.5,403.25
2024-08-05,402.25,407.75,396,407
2024-08-06,407,409,402,405.25
2024-08-07,404.25,404.75,399,400.75
2024-08-08,401,403.75,396.25,397
2024-08-09,396.75,399,393.5,395
2024-08-12,394.75,403,390.25,401.5
2024-08-13,401,403,395.25,397.25
2024-08-14,397,401.75,395.5,400.75
2024-08-15,400.75,403.75,396.25,397
2024-08-16,396,397.5,390,392.5
2024-08-19,392,400.75,391.75,400.25
2024-08-20,400,401,397.75,398
2024-08-21,397.75,400.5,396.5,398.25
2024-08-22,398.5,399,393,393.5
2024-08-23,393.25,396.25,390.75,391
2024-08-26,390.75,391,385,386.5
2024-08-27,385.75,394.5,385,392.75
2024-08-28,392.25,394,388.75,390.75
2024-08-29,390,396.25,389.25,396
2024-08-30,395,401.75,394.5,401
2024-09-03,400.5,410,398.5,409.25
2024-09-04,408.75,413.5,407.5,412.75
2024-09-05,412.75,413.25,406.75,410.75
2024-09-06,410,416,405.5,406.25
2024-09-09,405.5,408,403.25,407.25
2024-09-10,407,407.5,403.25,404.25
2024-09-11,404,407.5,401.25,404.75
2024-09-12,404.75,409.75,397,406
2024-09-13,406.25,414,406.25,413.25
2024-09-16,413,413,408.5,410.75
2024-09-17,410,413,408.5,412.5
2024-09-18,412,415,411,412.75
2024-09-19,412.25,413,405.25,405.75
2024-09-20,406,407.25,401.5,401.75
2024-09-23,401.5,414.25,401.25,413.5
2024-09-24,413,418.25,410,411.75
2024-09-25,411.75,415.5,408.5,415.25
2024-09-26,414.75,419.25,412.5,413.25
2024-09-27,413,419.75,410.75,418
2024-09-30,416.5,427.75,415.5,424.75
2024-10-01,423.5,432.5,421.75,429
2024-10-02,428.5,434.25,428.5,432.5
2024-10-03,431.5,433.25,427.5,428.25
2024-10-04,427.5,427.5,423,424.75
2024-10-07,424,427,421.25,426
2024-10-08,426,428,419.25,420.75
2024-10-09,420.25,423.5,420,421
2024-10-10,421,424,418,418.5
2024-10-11,418.5,422.75,415.25,415.75
2024-10-14,415,415.25,407.5,408.25
2024-10-15,408,408,400.5,401.25
2024-10-16,401.25,406.75,401,404.75
2024-10-17,404.5,407.5,399,406.75
2024-10-18,406.75,409.5,403.75,404.75
2024-10-21,403.75,411.75,403,409.5
2024-10-22,409,417,408.25,416.5
2024-10-23,416,420,414,419
2024-10-24,418.75,424,418.25,421.5
2024-10-25,420.5,421,414.5,415.25
2024-10-28,413.25,414.75,410,410.75
2024-10-29,410,414.75,410,413.75
2024-10-30,413.25,414.25,411,411.5
2024-10-31,411.5,412.75,409.25,410.75
2024-11-01,410.75,415.75,410.5,414.5
2024-11-04,414,420,413,416.5
2024-11-05,416.25,419.75,415.25,418.5
2024-11-06,418,426.75,414.25,426.25
2024-11-07,425.75,428.5,422.25,427.5
2024-11-08,427.5,434.75,426.75,431
2024-11-11,430,432,426.5,430
2024-11-12,429.75,433.5,426.75,428.5
2024-11-13,428.5,429.75,424.25,426.5
2024-11-14,426,428,418.25,419
2024-11-15,418.75,425,417,424
2024-11-18,423.75,429.5,422.25,429.25
2024-11-19,428.75,431.5,426.5,427.25
2024-11-20,427,432,424.75,430.25
2024-11-21,430,432,426.25,426.75
2024-11-22,426.75,429.5,425,425.5
2024-11-25,434.75,435.75,431.75,433
2024-11-26,432.5,434,425.5,428
2024-11-27,427.75,431,427.5,428
2024-11-29,428,433.75,427.25,433
2024-12-02,433,435,429.75,432.5
2024-12-03,433,436,431,432.25
2024-12-04,432,433.5,429.5,430
2024-12-05,429.5,436,428.25,435
2024-12-06,435,440.5,434.5,440
2024-12-09,439.25,442,437.5,441.75
2024-12-10,441,450,440.75,449
2024-12-11,448,451.25,447.75,448.25
2024-12-12,447.75,448,442.5,443.5
2024-12-13,443.5,444.25,440,442
2024-12-16,441.25,445.75,441.25,445
2024-12-17,445,446.75,441.25,443.5
2024-12-18,443.75,446.5,437,437.25
2024-12-19,437,441,435.75,440.75
2024-12-20,439.75,447.5,439.5,446.25
2024-12-23,446,448.25,445.25,447.75
2024-12-24,447.25,448.75,446.75,448.5
2024-12-26,448.5,454.25,448.5,453.75
2024-12-27,453.25,455,452.25,454
2024-12-30,453.75,458.5,449.75,452.25
2024-12-31,452.25,459,452,458.5
2025-01-02,457.25,459.75,456.25,459.5
2025-01-03,459.5,459.75,449.25,450.75
2025-01-06,451.5,460.25,451.5,457.75
2025-01-07,456,458.5,453,458
2025-01-08,457.75,459.25,453.5,454
2025-01-09,454,457.25,453.5,456
2025-01-10,456,472.5,455.75,470.5
2025-01-13,469.75,477,469.25,476.5
2025-01-14,475.5,479.75,473.5,474.5
2025-01-15,474.25,479.5,474,478.75
2025-01-16,478.75,479,473.25,474.5
2025-01-17,474,485,474,484.25
2025-01-21,484.25,490.5,482.5,490
2025-01-22,489.5,492.25,482.5,484.25
2025-01-23,484.25,494.5,480.5,489.75
2025-01-24,487,489.5,483.5,486.5
2025-01-27,484.5,484.75,477.75,482
2025-01-28,482.25,489.25,481,485.25
2025-01-29,485,497.5,485,497
2025-01-30,496.25,497,490,490.25
2025-01-31,488.25,488.75,479.25,482
2025-02-03,476.75,491,472.5,488.75
2025-02-04,488,497.25,487.25,494.5
2025-02-05,494,498.5,489.75,493.25
2025-02-06,493.25,496.5,486,495.25
2025-02-07,495.5,496.5,485.5,487.5
2025-02-10,485.75,492.75,482.25,491.5
2025-02-11,491.75,497,483.25,484
2025-02-12,483.75,492.25,481.5,490.25
2025-02-13,489.75,494.25,485.25,493.5
2025-02-14,493,499.75,492.5,496.25
2025-02-18,496.25,504.25,493.25,502
2025-02-19,502,504.5,496.25,497.5
2025-02-20,497.75,503.25,497.5,498
2025-02-21,498,499.5,490,491.25
2025-02-24,504.5,505.25,495.25,497
2025-02-25,497.5,498.5,488.5,494.25
2025-02-26,495,500,492.25,493.5
2025-02-27,493.5,496.25,480,481
2025-02-28,481.25,483.75,469,469.5
2025-03-03,469.75,472.75,454.5,456.25
2025-03-04,456,459.25,442.5,451.5
2025-03-05,454.5,460.5,448.5,455.75
2025-03-06,457,473.5,452.75,464
2025-03-07,464.75,471,460.75,469.25
2025-03-10,469.5,474.75,466.5,472
2025-03-11,472,477.5,469,470.25
2025-03-12,469.25,472,456.25,460.75
2025-03-13,461.5,470,459.5,465.25
2025-03-14,463.25,463.5,456.5,458.5
2025-03-17,460,465.5,457.25,461
2025-03-18,461,462.5,455.25,458.75
2025-03-19,458.25,463,455.75,462
2025-03-20,462,470.25,462,469
2025-03-21,467.25,469.75,461.25,464.25
2025-03-24,465,466.25,459.5,464.5
2025-03-25,464.5,464.75,457,457.75
2025-03-26,458.75,461,450.75,451.25
2025-03-27,451.75,452.75,447.25,450
2025-03-28,450.25,454,442,453.25
2025-03-31,453,459.25,444,457.25
2025-04-01,457.75,465,454,461.75
2025-04-02,460.25,460.75,454,457.75
2025-04-03,450,462.25,447.5,457.5
2025-04-04,457.75,462.5,449.25,460.25
2025-04-07,456,467.5,454.25,464.5
2025-04-08,464.5,469.75,462.75,469
2025-04-09,468,475.5,465.75,474
2025-04-10,473.25,484,473,483
2025-04-11,482,490.75,481.75,490.25
2025-04-14,489,490.25,484.25,485
2025-04-15,485,488.75,479,481.25
2025-04-16,481.25,487,479.25,484.25
2025-04-17,483.25,486.5,481.5,482.25
2025-04-21,483.25,487.25,481.25,481.75
2025-04-22,481.75,483,475,475.75
2025-04-23,476.25,477,470.25,472
2025-04-24,472.25,478.5,472.25,477.25
2025-04-25,477,480.75,476.75,478.75
2025-04-28,483.75,485.75,476.25,483.25
2025-04-29,482.75,485.25,469.75,470.25
2025-04-30,470.75,478.5,468.5,475.5
2025-05-01,475,480,470,472.25
2025-05-02,472.25,477,468.25,469
2025-05-05,469,470.75,453.25,454.25
2025-05-06,454.75,457.25,452.5,455.5
2025-05-07,457,463.5,448.5,449.25
2025-05-08,450,452,442.25,447.5
2025-05-09,449,455,447,449.75
2025-05-12,453,458.75,445.75,448
2025-05-13,448,448,436.5,442.5
2025-05-14,443,447.75,438.5,445.5
2025-05-15,444.75,450.5,443.5,448.5
2025-05-16,449,451.5,442.75,443.5
2025-05-19,443.5,449.75,443,447.5
2025-05-20,446.75,455.5,444.75,454.5
2025-05-21,454.5,462,453.5,461
2025-05-22,459.25,464.75,456.5,463
2025-05-23,462.75,464.5,455,459.5
2025-05-27,459,463,456,459.5
2025-05-28,459.5,463,450,451
2025-05-29,452.25,453,443.5,447
2025-05-30,447,449.5,443,444
2025-06-02,444,451,437.75,438.25
2025-06-03,438.25,442.5,434.25,438.5
2025-06-04,438.5,446,437.5,438.75
2025-06-05,438.5,442.75,433.25,439.5
2025-06-06,438.25,445,435,442.5
2025-06-09,442.25,445.75,432.75,433.5
2025-06-10,433.5,439.5,429.25,438.75
2025-06-11,439,444.75,436,437
2025-06-12,436.5,441.75,435.25,438.5
2025-06-13,438.25,445.25,435,444.5
2025-06-16,444,446.5,431.25,434.75
2025-06-17,434.75,437.5,429.5,431.5
2025-06-18,431.5,434.5,430,433.5
2025-06-20,433,435,428.25,428.75
2025-06-23,430,430.75,417.25,419.25
2025-06-24,419,422.5,415,416.25
2025-06-25,415.5,417.5,408,410.25
2025-06-26,410,414.5,408,409.5
2025-06-27,409.5,419.25,409.25,417.5
2025-06-30,411,413.75,405.5,409.25
2025-07-01,408.25,408.75,400.25,406
2025-07-02,405.75,418.75,402,418
2025-07-03,417.25,426.25,417.25,420.25
2025-07-07,429.5,429.75,419.75,420.75
2025-07-08,420.75,420.75,413.25,414.25
2025-07-09,414,416.5,411.75,415.5
2025-07-10,415,417,412.5,416.5
2025-07-11,416,418,411.5,412.25
2025-07-14,410.5,418.75,407.5,418
2025-07-15,417.75,424,413,419.75
2025-07-16,419,425.75,418.75,424
2025-07-17,423.5,425.75,419.5,421
2025-07-18,421.5,430.25,421.5,427.75
2025-07-21,425,427.75,420,422.25
2025-07-22,423.25,424.75,416.75,418
2025-07-23,418,420.25,415.75,417.5
2025-07-24,417.5,423,417.5,420.75
2025-07-25,420.5,422,417.75,419
2025-07-28,419,419.75,412.75,414
2025-07-29,412.5,415,409.25,411
2025-07-30,411,414.5,410,412.25
2025-07-31,412,414.25,408.75,413.75
2025-08-01,413.25,416,410,410.75
2025-08-04,411,412.75,406.75,407
2025-08-05,406,406.75,401.5,402
2025-08-06,402,402,396.75,401.25
2025-08-07,401.5,408,401.25,407
2025-08-08,406.75,411,404.25,405.5
2025-08-11,405,409.25,403,407.75
2025-08-12,407.75,407.75,392,394.5
2025-08-13,394,398.5,393.5,397.25
2025-08-14,397,399,392.5,397.25
2025-08-15,397.75,405.75,397,405.25
2025-08-18,404.5,408,401.25,406.5
2025-08-19,406,406,401.5,403.25
2025-08-20,403.5,406,401.25,404
2025-08-21,403.5,413.75,403.25,411.75
2025-08-22,411.75,413.5,409.75,411.5
2025-08-25,413,416.5,411.25,412.25
2025-08-26,412,414.5,408.5,409.5
2025-08-27,409.25,410,405.25,406
2025-08-28,406,411,403.5,410
2025-08-29,410,420.5,409.75,420.25
2025-09-02,418,423.5,414,423
2025-09-03,423,424.25,416.25,418
2025-09-04,418,421,414.25,419.75
2025-09-05,420,424.75,417.25,418
2025-09-08,417,422.25,415,421.75
2025-09-09,420.75,422.5,419,419.75
2025-09-10,419.25,420,416.75,417
2025-09-11,417,421.25,416.5,419.75
2025-09-12,419.75,430.25,417,430
2025-09-15,426.25,428.5,422,423.25
2025-09-16,423,431.25,423,429.5
2025-09-17,428.75,431.25,425.5,426.75
2025-09-18,426.5,428,423.5,423.75
2025-09-19,424,429.75,422.25,424
2025-09-22,424,424.75,418.25,421.75
2025-09-23,421.75,426.5,418.75,426.25
2025-09-24,425,427.5,423.5,424.25
2025-09-25,423.75,428.25,423.5,425.75
2025-09-26,425.25,425.75,421.25,422
2025-09-29,421,422.75,418.75,421.5
2025-09-30,421.25,421.5,414,415.5
2025-10-01,415.75,419.5,410.5,416.5
2025-10-02,417.25,422.5,414.75,421.75
2025-10-03,420.75,423,418.5,419
2025-10-06,419,422.5,417.25,421.75
2025-10-07,421.5,424.5,419,419.75
2025-10-08,419.25,422.75,418.5,422
2025-10-09,422,423.25,418,418.25
2025-10-10,418.25,419.25,412.25,413
2025-10-13,413,415,410.5,410.75
2025-10-14,410.75,413.5,409.25,413
2025-10-15,412.75,418.5,411.25,416.75
2025-10-16,416.75,423.5,416.25,421.75
2025-10-17,421.25,424.75,421,422.5
2025-10-20,422.5,424,419.5,423.25
2025-10-21,423.25,424.5,418.5,419.75
2025-10-22,419.75,424,418.5,423
2025-10-23,423,428.5,421,428
2025-10-24,427.25,427.5,423,423.25
2025-10-27,427,431.75,426,428.75
2025-10-28,428,436.25,427.25,432
2025-10-29,431.25,435,430,434
2025-10-30,434,437,427.75,430.25
2025-10-31,429.25,432.25,426.5,431.5
2025-11-03,431,435,427.75,434.25
2025-11-04,434,434.5,429.25,431.5
2025-11-05,430.5,436,428.75,435.25
2025-11-06,434.5,434.75,428.25,428.75
2025-11-07,428.5,430.5,426.75,427.25
2025-11-10,426.75,431.25,426.25,429.75
2025-11-11,429,432.75,428.5,432
2025-11-12,431.5,436,431,435.25
2025-11-13,434.75,442.75,434,441.5
2025-11-14,441.5,442.75,429.5,430.25
2025-11-17,429.75,437.25,428.5,434.75
2025-11-18,434.75,438.5,433.25,436.75
2025-11-19,435.5,436.25,428.25,429.75
2025-11-20,429.75,431.25,425.75,426.5
2025-11-21,426.25,427.75,424,425.5
2025-11-24,437.75,439.25,434.5,436.75
2025-11-25,436.5,439.25,436.5,438.25
2025-11-26,437.75,446.75,437.5,445.25
2025-11-28,445.25,448.5,443.5,447.75
2025-12-01,447.25,449,444,445
2025-12-02,445,452.25,442.25,450
2025-12-03,449.25,450,442.75,443.5
2025-12-04,443,448,441.75,447.25
2025-12-05,446.25,448,444,444.75
2025-12-08,444.75,447.25,442.5,443.75
2025-12-09,443.75,449,443.5,448
2025-12-10,447.5,448.75,443.5,444.25
2025-12-11,444,448,443.5,446.5
2025-12-12,446.5,447.25,440,440.75
2025-12-15,440.25,441.25,436.75,439.75
2025-12-16,439.75,440,435.5,436.5
2025-12-17,436,441.5,436,440.5
2025-12-18,440.5,446,440.5,444.5
2025-12-19,444,444.75,442.5,443.75
2025-12-22,443.25,447.75,443,447
2025-12-23,446.5,449,446.25,447.5
2025-12-24,447,451.25,446.75,451
2025-12-26,451,453,448.75,450
2025-12-29,450,451,442,442.25
2025-12-30,442,443,439.75,440.5
2025-12-31,440.5,442.5,439,440.25
2026-01-02,440.75,440.75,437,437.5
2026-01-05,436.7,445.4,436.37,444
2026-01-06,444,447,443.5,444
2026-01-07,443.75,447.25,443.75,446.75
2026-01-08,446,448,445.5,446
2026-01-09,445.25,447.5,443.75,445.75
2026-01-12,445,448.75,420,421.5
2026-01-13,421.75,422.75,417.25,419.75
2026-01-14,420,425,419.5,422
2026-01-15,422.5,425,420,420.25
2026-01-16,420.25,427.25,420,424.75
2026-01-20,423.5,425.5,422,423.75
2026-01-21,423.75,427.75,421.25,421.75
2026-01-22,422.5,424.25,421,424
2026-01-23,423.75,431.25,422.5,430.5
2026-01-26,430,431.5,427.25,428.25
2026-01-27,428.25,429.75,426,426.5
2026-01-28,427,433.25,426.75,430
2026-01-29,430,434,428,430.75
2026-01-30,430.75,431.75,425.25,428.25
2026-02-02,428.25,428.25,424,425.75
2026-02-03,425.75,429.25,425.5,428.5
2026-02-04,428.5,432.75,425.25,429.5
2026-02-05,429,435.75,427,435
2026-02-06,434.5,436,428.75,430.25
2026-02-09,428.75,430,427.25,428.75
2026-02-10,428,431,427.75,428.75
2026-02-11,428.75,429.5,425.25,427.5
2026-02-12,428,431.5,427,431.25
2026-02-13,431,432.75,429.5,431.75
2026-02-16,431.25,431.25,431,431
2026-02-17,431,431.25,426,426.25
2026-02-18,426.25,428.5,425.25,427
2026-02-19,426.75,427.75,424,425.75
2026-02-20,425.75,428.62,424.1,427.5
2026-02-23,439,445,437.75,440.25
2026-02-24,440,441,437.25,438.5
2026-02-25,438.5,442.75,438,442
2026-02-26,441,445.75,440.25,443.5
2026-02-27,443,450,442,448.5
2026-03-02,451,452.5,443.5,445.75
2026-03-03,445.75,451.75,444.25,446.5
2026-03-04,446,447,440.25,443.75
2026-03-05,442.5,454.5,442.5,453.5
2026-03-06,452.75,462,452.25,460.5
2026-03-09,464,476,453,453.75
2026-03-10,450,454,445.5,452.25
2026-03-11,453.25,462,451.5,460.25
2026-03-12,462.5,469.5,461,462.5
2026-03-13,462.25,467.5,458.5,467.25
2026-03-16,464.75,466,452,454
2026-03-17,453.75,459,449.25,454
2026-03-18,454.75,464.5,451.5,463.25
2026-03-19,463.25,470,463.25,469.75
2026-03-20,469,469.25,464,465.5
2026-03-23,465.25,473.75,456.5,459.5
2026-03-24,460,465.75,459,462.5
2026-03-25,461.25,468.5,458,467.25
2026-03-26,466.75,468.75,462,467
2026-03-27,466,470.5,460.75,462
2026-03-30,462.75,465.75,455,455.75
2026-03-31,455.75,461.9,451.37,457.75
2026-04-01,457.5,460,448.5,454.25
2026-04-02,454,460.5,451.25,452.25
2026-04-03,452.25,452.25,452.25,452.25
2026-04-06,453,454.5,448.25,454
2026-04-07,454,455,448.25,449
2026-04-08,447,448.25,442.25,447.25
2026-04-09,447.25,450.25,442.25,444
2026-04-10,444.75,446.25,438,441
2026-04-13,446,446,440,440.25
2026-04-14,440.5,446,440.25,443
2026-04-15,443,452,442.75,451.25
2026-04-16,451,452.75,447.5,448.5
2026-04-17,448.25,451,443.25,448.75
2026-04-20,458,462.25,455.5,460.25
2026-04-21,460.25,463.5,458.75,462
2026-04-22,461.75,466,461,462.75
2026-04-23,462,465.25,461,463.75
2026-04-24,464,466.25,462,463.5
2026-04-27,463,469.75,462.5,469.25
2026-04-28,469,476,468.75,475.5
2026-04-29,474.75,479,474,477.75
2026-04-30,477,480,471.25,474.75
2026-05-01,473.75,483.5,472.75,480.25
2026-05-04,479,486.25,477.25,485.75
2026-05-05,485,487.5,477.25,480
2026-05-06,478.25,479.5,467.5,468.5
2026-05-07,468.25,469.75,461,467.5
2026-05-08,466.75,473,465.25,471.25
2026-05-11,471,476.25,470.75,475.25
2026-05-12,475,481.75,472.75,480
2026-05-13,478.25,484.5,477.5,480.75
2026-05-14,479.25,483.5,465.25,467.5
2026-05-15,468.25,473.75,455,455.75
2026-05-18,469,478,464,477
2026-05-19,476.75,481.75,472,475.25
2026-05-20,475.75,477,462.75,465.75
2026-05-21,465,469.25,460,462.25
2026-05-22,462.5,467.75,461,463.25
2026-05-25,463.5,464,463.5,463.5
2026-05-26,458.25,463,456.5,457.5
2026-05-27,458.5,459.75,451.75,452.5
2026-05-28,452.25,458.25,451.5,455.75
2026-05-29,457.75,459,445,446.75
2026-06-01,446,449.25,440,444
2026-06-02,444.75,445.75,439,440.5
2026-06-03,440.75,442,430.25,431.5
2026-06-04,431,431.5,421.5,424.5
2026-06-05,424,424.5,416,417.5
2026-06-08,420.5,421,412.5,418.75
2026-06-09,419,425.5,417.5,419.5
2026-06-10,419.75,425.75,418.25,419
2026-06-11,419.75,420,410.5,411.75
2026-06-12,411.75,417,408.5,412.75
2026-06-15,411.75,416.75,406.25,415.5
2026-06-16,415,421,412.5,413.75
2026-06-17,414.25,421.75,412.25,421
2026-06-18,419.75,422,415,417.5
2026-06-19,417.5,417.5,417.5,417.5
2026-06-22,417.5,418,411.25,411.5
2026-06-23,411.5,414.5,407,409.75
2026-06-24,410,412.5,405.75,407
2026-06-25,406,416,403.75,414.75
2026-06-26,414.25,417.5,411.25,412.75
2026-06-29,441,441,427.25,430
2026-06-30,430,442.5,425.75,436
2026-07-01,436.25,444,435.5,442.25
2026-07-02,443,446,440.5,441.5
2026-07-03,441.5,441.5,441.5,441.5
2026-07-06,444.5,458.75,444.5,457.75
2026-07-07,456.75,464.75,455,464.25
2026-07-08,463.25,465.75,454.5,456.25
2026-07-09,454.75,455.5,449,452
2026-07-10,451,462,447.5,461
2026-07-13,467,469.5,462.25,463.25
2026-07-14,462,462.25,456.75,460.5
2026-07-15,459.75,471,458.75,469.5
2026-07-16,468.5,474.25,463,464
2026-07-17,463.25,468.25,458.75,467.5
2026-07-20,472,476,470,473
2026-07-21,470,476.5,469,475.25
2026-07-22,475,486.5,474.75,484.75
2026-07-23,483,490.25,483,487.5
2026-07-24,486.25,492,479.25,487.5
2026-07-27,482,485,471.25,474
2026-07-28,474.75,484.25,473.5,480.5
2026-07-29,481.5,483.5,470.75,471.75
2026-07-30,471,475.5,468,468.5
2026-07-31,468.5,470,461,464
2026-08-03,461,473.5,458.25,472.5
2026-08-04,474,475.25,464,465.5
2026-08-05,465.25,466.25,458.5,460
2026-08-06,460.5,463,457.25,462
2026-08-07,461.75,467.25,461.25,462
2026-08-10,463.5,465.5,459.75,461.75
2026-08-11,461.75,464.25,457.5,460.5
2026-08-12,460.25,481.5,459.5,480.75
2026-08-13,480.5,481,470.5,472
2026-08-14,472,484,471.6,483.75
2026-08-17,483.25,491.5,482,489.5
2026-08-18,489,493,487,488
2026-08-19,487.25,498.5,486.25,498
2026-08-20,498,506.25,497.25,503.5
2026-08-21,502,509,499,508.5
2026-08-24,510.25,524.25,510.25,515.5
