date,close
2000-07-28,1432
2000-07-31,1439
2000-08-01,1447.5
2000-08-02,1452.5
2000-08-03,1461.5
2000-08-04,1471.75
2000-08-07,1486.25
2000-08-08,1491.75
2000-08-09,1481
2000-08-10,1474.25
2000-08-11,1478.5
2000-08-14,1498
2000-08-15,1494.75
2000-08-16,1491.5
2000-08-17,1503.5
2000-08-18,1500.75
2000-08-21,1506.75
2000-08-22,1507.5
2000-08-23,1510.25
2000-08-24,1517
2000-08-25,1513.5
2000-08-28,1518.75
2000-08-29,1518.25
2000-08-30,1503.5
2000-08-31,1521.25
2000-09-01,1523.25
2000-09-05,1512.25
2000-09-06,1494
2000-09-07,1506.5
2000-09-08,1496.5
2000-09-11,1491.75
2000-09-12,1482
2000-09-13,1485.5
2000-09-14,1502.75
2000-09-15,1483.5
2000-09-18,1481.2
2000-09-19,1478.5
2000-09-20,1469
2000-09-21,1469.5
2000-09-22,1468.5
2000-09-25,1461
2000-09-26,1443
2000-09-27,1447
2000-09-28,1476
2000-09-29,1453.75
2000-10-02,1456.5
2000-10-03,1441.5
2000-10-04,1450.25
2000-10-05,1456
2000-10-06,1426.75
2000-10-09,1416.5
2000-10-10,1391
2000-10-11,1378.75
2000-10-12,1344.5
2000-10-13,1385.5
2000-10-16,1391.5
2000-10-17,1359.75
2000-10-18,1352.75
2000-10-19,1401
2000-10-20,1411
2000-10-23,1417.25
2000-10-24,1403
2000-10-25,1374
2000-10-26,1371.25
2000-10-27,1401
2000-10-30,1411.25
2000-10-31,1440.25
2000-11-01,1432
2000-11-02,1435
2000-11-03,1436.25
2000-11-06,1446.5
2000-11-07,1444
2000-11-08,1413.25
2000-11-09,1403.25
2000-11-10,1372.5
2000-11-13,1358.75
2000-11-14,1394.5
2000-11-15,1397.5
2000-11-16,1379.25
2000-11-17,1370.5
2000-11-20,1347
2000-11-21,1355.75
2000-11-22,1323
2000-11-24,1346.5
2000-11-27,1358.75
2000-11-28,1338.5
2000-11-29,1335.25
2000-11-30,1321.5
2000-12-01,1320.5
2000-12-04,1330.5
2000-12-05,1374.25
2000-12-06,1354
2000-12-07,1336.75
2000-12-08,1337.75
2000-12-11,1382.5
2000-12-12,1379
2000-12-13,1357.5
2000-12-14,1338.5
2000-12-15,1326
2000-12-18,1346.5
2000-12-19,1318
2000-12-20,1279.5
2000-12-21,1288
2000-12-22,1326.75
2000-12-26,1337
2000-12-27,1350.5
2000-12-28,1353.25
2000-12-29,1335
2001-01-02,1316.5
2001-01-03,1359.25
2001-01-04,1348.25
2001-01-05,1304.5
2001-01-08,1309.5
2001-01-09,1309.5
2001-01-10,1327
2001-01-11,1334.5
2001-01-12,1330.25
2001-01-16,1335.5
2001-01-17,1341.75
2001-01-18,1356
2001-01-19,1348.5
2001-01-22,1358.5
2001-01-23,1381.75
2001-01-24,1370.25
2001-01-25,1364.5
2001-01-26,1363.25
2001-01-29,1370
2001-01-30,1382
2001-01-31,1373
2001-02-01,1382.5
2001-02-02,1353.25
2001-02-05,1362
2001-02-06,1356.25
2001-02-07,1349.5
2001-02-08,1335
2001-02-09,1321.5
2001-02-12,1333.5
2001-02-13,1326
2001-02-14,1319.75
2001-02-15,1333
2001-02-16,1305.5
2001-02-20,1285.25
2001-02-21,1256.5
2001-02-22,1257.5
2001-02-23,1247.5
2001-02-26,1273.5
2001-02-27,1264
2001-02-28,1242
2001-03-01,1243.5
2001-03-02,1235.25
2001-03-05,1243.75
2001-03-06,1257
2001-03-07,1265.25
2001-03-08,1265.5
2001-03-09,1231
2001-03-12,1191.5
2001-03-13,1197.25
2001-03-14,1169.25
2001-03-15,1173.25
2001-03-16,1161.75
2001-03-19,1180.5
2001-03-20,1152.5
2001-03-21,1132
2001-03-22,1119.5
2001-03-23,1153.5
2001-03-26,1167
2001-03-27,1190
2001-03-28,1159.5
2001-03-29,1161.5
2001-03-30,1169.25
2001-04-02,1150.25
2001-04-03,1108.5
2001-04-04,1112.5
2001-04-05,1155
2001-04-06,1140.25
2001-04-09,1150.25
2001-04-10,1172
2001-04-11,1173.25
2001-04-12,1192.25
2001-04-16,1182
2001-04-17,1195.5
2001-04-18,1246.25
2001-04-19,1258.75
2001-04-20,1250.75
2001-04-23,1226
2001-04-24,1216.5
2001-04-25,1232
2001-04-26,1240.5
2001-04-27,1258.5
2001-04-30,1254.25
2001-05-01,1272.25
2001-05-02,1271
2001-05-03,1254.25
2001-05-04,1273.25
2001-05-07,1263.5
2001-05-08,1263.5
2001-05-09,1257.75
2001-05-10,1261.5
2001-05-11,1251.75
2001-05-14,1252
2001-05-15,1257.5
2001-05-16,1288.5
2001-05-17,1291.5
2001-05-18,1295.5
2001-05-21,1314.5
2001-05-22,1312.75
2001-05-23,1290.5
2001-05-25,1279
2001-05-29,1268.5
2001-05-30,1250
2001-05-31,1257.5
2001-06-01,1265
2001-06-04,1269.25
2001-06-05,1284.5
2001-06-06,1274
2001-06-07,1276.5
2001-06-08,1266.5
2001-06-11,1256
2001-06-12,1254.5
2001-06-13,1243.25
2001-06-14,1214
2001-06-15,1226
2001-06-18,1219.75
2001-06-19,1224
2001-06-20,1229.25
2001-06-21,1243
2001-06-22,1235
2001-06-25,1223.5
2001-06-26,1220.5
2001-06-27,1219
2001-06-28,1227
2001-06-29,1231.75
2001-07-02,1246
2001-07-03,1245.5
2001-07-05,1222.25
2001-07-11,1185.25
2001-07-17,1220.5
2001-07-18,1212.25
2001-07-19,1223
2001-07-20,1215
2001-07-23,1192
2001-07-24,1178.25
2001-07-25,1191.5
2001-07-26,1205.5
2001-07-27,1209.75
2001-07-30,1209.75
2001-07-31,1215.25
2001-08-01,1221.5
2001-08-02,1226
2001-08-03,1220
2001-08-06,1203
2001-08-07,1207.75
2001-08-08,1185.5
2001-08-09,1187.75
2001-08-10,1191.25
2001-08-13,1192.5
2001-08-14,1192.25
2001-08-15,1180.75
2001-08-16,1184.75
2001-08-17,1165.5
2001-08-20,1175.75
2001-08-21,1156.25
2001-08-22,1167.25
2001-08-23,1163.5
2001-08-27,1180.5
2001-08-28,1163.5
2001-08-29,1152.5
2001-08-30,1129.25
2001-08-31,1135
2001-09-04,1131
2001-09-05,1133.5
2001-09-06,1103.5
2001-09-07,1083.25
2001-09-10,1095.75
2001-09-17,1039
2001-09-18,1035.5
2001-09-19,1013.5
2001-09-20,981.5
2001-09-21,973
2001-09-24,1007.75
2001-09-25,1018.25
2001-09-26,1014.5
2001-09-27,1022.5
2001-09-28,1043.75
2001-10-01,1043.25
2001-10-02,1055.5
2001-10-03,1074.5
2001-10-04,1074.5
2001-10-05,1071.75
2001-10-08,1065.25
2001-10-09,1059.5
2001-10-10,1083.25
2001-10-11,1099.75
2001-10-12,1094
2001-10-15,1092.5
2001-10-16,1099.5
2001-10-17,1076
2001-10-18,1073
2001-10-19,1072.5
2001-10-22,1093.5
2001-10-23,1088.25
2001-10-24,1085
2001-10-25,1102.75
2001-10-26,1102
2001-10-29,1073
2001-10-30,1059.25
2001-10-31,1060.75
2001-11-01,1082
2001-11-02,1089.5
2001-11-05,1103.75
2001-11-06,1121
2001-11-07,1119.5
2001-11-08,1123.5
2001-11-09,1123.5
2001-11-12,1116.75
2001-11-13,1141.75
2001-11-14,1143.5
2001-11-15,1145.25
2001-11-16,1140
2001-11-19,1154
2001-11-20,1144.25
2001-11-21,1137
2001-11-23,1153
2001-11-26,1155.25
2001-11-27,1150.5
2001-11-28,1129.25
2001-11-29,1144.5
2001-11-30,1140
2001-12-03,1129.5
2001-12-04,1147.75
2001-12-05,1168.75
2001-12-06,1168.5
2001-12-07,1160.5
2001-12-10,1139.25
2001-12-11,1136.5
2001-12-12,1138
2001-12-13,1115.75
2001-12-14,1125.25
2001-12-17,1136.75
2001-12-18,1144.25
2001-12-19,1151.75
2001-12-20,1141
2001-12-21,1148.5
2001-12-24,1147.25
2001-12-26,1153
2001-12-27,1159.5
2001-12-28,1159.25
2001-12-31,1149.25
2002-01-02,1154
2002-01-03,1166.5
2002-01-04,1175.25
2002-01-07,1166.75
2002-01-08,1163.25
2002-01-09,1154.5
2002-01-10,1159
2002-01-11,1147.75
2002-01-14,1140.25
2002-01-15,1149
2002-01-16,1126
2002-01-17,1134.25
2002-01-18,1129
2002-01-22,1121.5
2002-01-23,1129
2002-01-24,1133.25
2002-01-25,1133.25
2002-01-28,1135.5
2002-01-29,1100.5
2002-01-30,1115.5
2002-01-31,1130.5
2002-02-01,1123.5
2002-02-04,1095.25
2002-02-05,1089
2002-02-06,1083.25
2002-02-07,1077
2002-02-08,1096.5
2002-02-11,1110.25
2002-02-12,1107.5
2002-02-13,1118.75
2002-02-14,1116.75
2002-02-15,1104.75
2002-02-19,1083.75
2002-02-20,1101
2002-02-21,1079
2002-02-22,1091.75
2002-02-25,1109.5
2002-02-26,1108
2002-02-27,1111.5
2002-02-28,1107
2002-03-01,1132.5
2002-03-04,1151.75
2002-03-05,1149
2002-03-06,1162.5
2002-03-07,1159.25
2002-03-08,1163.75
2002-03-11,1166.25
2002-03-12,1166.75
2002-03-13,1154.5
2002-03-14,1153
2002-03-15,1166.75
2002-03-18,1167.25
2002-03-19,1174.25
2002-03-20,1152.25
2002-03-21,1152.75
2002-03-22,1149.5
2002-03-25,1135.75
2002-03-26,1142
2002-03-27,1145
2002-03-28,1149.25
2002-04-01,1144.5
2002-04-02,1138
2002-04-03,1130.25
2002-04-04,1125.75
2002-04-05,1125.5
2002-04-08,1127.5
2002-04-09,1120.5
2002-04-10,1132
2002-04-11,1104
2002-04-12,1112
2002-04-15,1104.25
2002-04-16,1129.75
2002-04-17,1128
2002-04-18,1123
2002-04-19,1126.75
2002-04-22,1108.25
2002-04-23,1103.25
2002-04-24,1091.75
2002-04-25,1092.5
2002-04-26,1072
2002-04-29,1065
2002-04-30,1077.25
2002-05-01,1088.5
2002-05-02,1084.5
2002-05-03,1073
2002-05-06,1051.75
2002-05-07,1047.5
2002-05-08,1086.5
2002-05-09,1074
2002-05-10,1054
2002-05-13,1075.5
2002-05-14,1098.5
2002-05-15,1094.5
2002-05-16,1099
2002-05-17,1105.25
2002-05-20,1093.5
2002-05-21,1083
2002-05-22,1085
2002-05-23,1097
2002-05-24,1082.5
2002-05-28,1076.5
2002-05-29,1067.75
2002-05-30,1065.75
2002-05-31,1067.5
2002-06-03,1038.75
2002-06-04,1041.5
2002-06-05,1050.5
2002-06-06,1029.5
2002-06-07,1028.25
2002-06-10,1032
2002-06-11,1014.25
2002-06-12,1020.25
2002-06-13,1010.75
2002-06-14,1009
2002-06-17,1035.5
2002-06-18,1044.25
2002-06-19,1019.5
2002-06-20,1007
2002-06-21,992
2002-06-24,997
2002-06-25,974.5
2002-06-26,974.75
2002-06-27,992
2002-06-28,990
2002-07-01,969.5
2002-07-02,947.5
2002-07-03,953.25
2002-07-05,991
2002-07-08,978.25
2002-07-09,954
2002-07-10,919
2002-07-11,927
2002-07-12,917.25
2002-07-15,920.5
2002-07-16,903.25
2002-07-17,905
2002-07-18,875.5
2002-07-19,844
2002-07-22,819.75
2002-07-23,796.75
2002-07-24,844
2002-07-25,836.75
2002-07-26,853.75
2002-07-29,893.75
2002-07-30,905.5
2002-07-31,911.5
2002-08-01,884
2002-08-02,865
2002-08-05,834
2002-08-06,861
2002-08-07,876
2002-08-08,905.75
2002-08-09,907.75
2002-08-12,902.5
2002-08-13,885.25
2002-08-14,918
2002-08-15,930.5
2002-08-16,928
2002-08-19,949
2002-08-20,939.75
2002-08-21,952.25
2002-08-22,961
2002-08-23,941
2002-08-26,947.5
2002-08-27,936.5
2002-08-28,916.5
2002-08-29,916
2002-08-30,916
2002-09-03,877.75
2002-09-04,889.75
2002-09-05,883.25
2002-09-06,894.5
2002-09-09,900.5
2002-09-10,911
2002-09-11,906
2002-09-12,889.25
2002-09-13,891
2002-09-16,893
2002-09-17,872.5
2002-09-18,863.75
2002-09-19,841.75
2002-09-20,842.25
2002-09-23,834.5
2002-09-24,820.75
2002-09-25,841.25
2002-09-26,854.5
2002-09-27,825.25
2002-09-30,815
2002-10-01,854
2002-10-02,830.5
2002-10-03,820.5
2002-10-04,805.75
2002-10-07,788.5
2002-10-08,801
2002-10-09,777.75
2002-10-10,802.5
2002-10-11,838.5
2002-10-14,841.5
2002-10-15,882.75
2002-10-16,862.25
2002-10-17,879
2002-10-18,883.25
2002-10-21,898.75
2002-10-22,891.5
2002-10-23,898.25
2002-10-24,880.5
2002-10-25,898.75
2002-10-28,891.75
2002-10-29,881.5
2002-10-30,889.75
2002-10-31,885.5
2002-11-01,898.5
2002-11-04,907.5
2002-11-05,914
2002-11-06,925.75
2002-11-07,902.5
2002-11-08,891.5
2002-11-11,877.75
2002-11-12,884.75
2002-11-13,885.75
2002-11-14,902.5
2002-11-15,909
2002-11-18,900
2002-11-19,898
2002-11-20,918.75
2002-11-21,935.5
2002-11-22,928.75
2002-11-25,929.75
2002-11-26,911.5
2002-11-27,938
2002-11-29,936
2002-12-02,935.25
2002-12-03,923.75
2002-12-04,919
2002-12-05,908.5
2002-12-06,913.75
2002-12-09,889.5
2002-12-10,902
2002-12-11,902.25
2002-12-13,887.5
2002-12-16,910.25
2002-12-17,902.75
2002-12-18,892.25
2002-12-19,886
2002-12-20,896.75
2002-12-23,897
2002-12-24,891.5
2002-12-26,890.75
2002-12-27,871.75
2002-12-30,877.5
2002-12-31,879
2003-01-02,907.5
2003-01-03,910
2003-01-06,926.5
2003-01-07,923.75
2003-01-08,910
2003-01-09,924.75
2003-01-10,926.5
2003-01-13,926.5
2003-01-14,929.25
2003-01-15,921
2003-01-16,916.5
2003-01-17,903
2003-01-21,888.5
2003-01-22,877.5
2003-01-23,883
2003-01-24,860.25
2003-01-27,847.25
2003-01-28,854.5
2003-01-29,860.75
2003-01-30,840
2003-01-31,854.75
2003-02-03,858.5
2003-02-04,849.25
2003-02-05,844.5
2003-02-06,840.5
2003-02-07,830.5
2003-02-10,836
2003-02-11,829.75
2003-02-12,816.75
2003-02-13,819
2003-02-14,837
2003-02-18,851.5
2003-02-19,846.75
2003-02-20,838.75
2003-02-21,847.25
2003-02-24,832.5
2003-02-25,839.75
2003-02-26,827.75
2003-02-28,841
2003-03-03,835.5
2003-03-04,822.25
2003-03-05,829.5
2003-03-06,821.75
2003-03-07,828.5
2003-03-10,807.75
2003-03-11,800.25
2003-03-12,805.75
2003-03-13,833.25
2003-03-14,834.25
2003-03-17,862
2003-03-18,867.25
2003-03-19,873.5
2003-03-20,875.75
2003-03-21,887.16
2003-03-24,863.5
2003-03-25,872.25
2003-03-26,868
2003-03-27,867.5
2003-03-28,863
2003-03-31,847
2003-04-01,856.75
2003-04-02,877.25
2003-04-03,873.25
2003-04-04,878.5
2003-04-07,877
2003-04-08,878.25
2003-04-09,866.75
2003-04-10,871.75
2003-04-11,868.25
2003-04-14,886
2003-04-15,893.75
2003-04-16,878.75
2003-04-17,891.25
2003-04-21,893
2003-04-22,909.5
2003-04-23,917.5
2003-04-24,909.75
2003-04-25,898.5
2003-04-28,913.5
2003-04-29,916
2003-04-30,916
2003-05-01,915
2003-05-02,927.5
2003-05-05,926.25
2003-05-06,934.75
2003-05-07,929.5
2003-05-08,920.5
2003-05-09,932.25
2003-05-12,944.25
2003-05-13,942.75
2003-05-14,940.25
2003-05-15,946.25
2003-05-16,944.25
2003-05-19,922.75
2003-05-20,919.25
2003-05-21,922
2003-05-22,930.75
2003-05-23,932.25
2003-05-27,949.5
2003-05-28,952
2003-05-29,949.25
2003-05-30,963.25
2003-06-02,968.25
2003-06-03,972.25
2003-06-04,986.25
2003-06-05,994.75
2003-06-06,987.75
2003-06-09,976.75
2003-06-10,986.75
2003-06-11,997.25
2003-06-12,1000.5
2003-06-13,989.75
2003-06-16,1009.25
2003-06-17,1010.75
2003-06-18,1008.25
2003-06-19,995.25
2003-06-20,1001.56
2003-06-23,981
2003-06-24,981.5
2003-06-25,972
2003-06-26,983.5
2003-06-27,973.25
2003-06-30,973.25
2003-07-01,981.25
2003-07-02,993
2003-07-03,982.5
2003-07-07,1002.5
2003-07-08,1007.5
2003-07-09,1001
2003-07-10,988.75
2003-07-11,997.25
2003-07-14,1002.5
2003-07-15,1001
2003-07-16,995
2003-07-17,980.75
2003-07-18,990.5
2003-07-21,978
2003-07-22,986.75
2003-07-23,987.5
2003-07-24,980.25
2003-07-25,996.75
2003-07-28,994
2003-07-29,989
2003-07-30,986.5
2003-07-31,989.25
2003-08-01,979.5
2003-08-04,980.25
2003-08-05,959.5
2003-08-06,965
2003-08-07,974.5
2003-08-08,978
2003-08-11,981.25
2003-08-12,990
2003-08-13,984.75
2003-08-14,987.75
2003-08-15,990.5
2003-08-18,998.75
2003-08-19,1003
2003-08-20,999
2003-08-21,1002
2003-08-22,992.5
2003-08-25,993.75
2003-08-26,995.5
2003-08-27,995.75
2003-08-28,1001.25
2003-08-29,1007.75
2003-09-02,1022
2003-09-03,1027
2003-09-04,1028.25
2003-09-05,1022.25
2003-09-08,1030.5
2003-09-09,1024
2003-09-10,1013.5
2003-09-11,1016.75
2003-09-12,1018
2003-09-15,1014.5
2003-09-16,1029.5
2003-09-17,1025.25
2003-09-18,1039.25
2003-09-19,1033
2003-09-22,1021.25
2003-09-23,1025.5
2003-09-24,1007.25
2003-09-25,997.75
2003-09-26,994.5
2003-09-29,1004.25
2003-09-30,994
2003-10-01,1016.5
2003-10-02,1019.5
2003-10-03,1032
2003-10-06,1033.5
2003-10-07,1037.25
2003-10-08,1035
2003-10-09,1038.5
2003-10-10,1040.5
2003-10-13,1044.5
2003-10-14,1047.5
2003-10-15,1044.5
2003-10-16,1049.25
2003-10-17,1037.75
2003-10-20,1045.25
2003-10-21,1043.5
2003-10-22,1030.5
2003-10-23,1028.5
2003-10-24,1030
2003-10-27,1030.75
2003-10-28,1044.75
2003-10-29,1046.25
2003-10-30,1048.5
2003-10-31,1049.5
2003-11-03,1054.25
2003-11-04,1052.25
2003-11-05,1053.5
2003-11-06,1058.5
2003-11-07,1050.5
2003-11-10,1046.25
2003-11-11,1045.75
2003-11-12,1057
2003-11-13,1058
2003-11-14,1049
2003-11-17,1043.5
2003-11-18,1032.75
2003-11-19,1041
2003-11-20,1032
2003-11-21,1035.25
2003-11-24,1049.5
2003-11-25,1053.25
2003-11-26,1056.75
2003-11-28,1057.75
2003-12-01,1069
2003-12-02,1067
2003-12-03,1065
2003-12-04,1069.5
2003-12-05,1062.25
2003-12-08,1069
2003-12-09,1060.5
2003-12-10,1060.75
2003-12-11,1072.25
2003-12-12,1074
2003-12-15,1068.75
2003-12-16,1073.5
2003-12-17,1076.25
2003-12-18,1088.5
2003-12-19,1085.5
2003-12-22,1092.75
2003-12-23,1093.5
2003-12-24,1093
2003-12-26,1093.5
2003-12-29,1107.75
2003-12-30,1107.75
2003-12-31,1110.5
2004-01-02,1109
2004-01-05,1120
2004-01-06,1122
2004-01-07,1125.5
2004-01-08,1129.5
2004-01-09,1120
2004-01-12,1128.25
2004-01-13,1121.25
2004-01-14,1131.25
2004-01-15,1133.25
2004-01-16,1138
2004-01-20,1137.5
2004-01-21,1146
2004-01-22,1141.6
2004-01-23,1140.25
2004-01-26,1154.25
2004-01-27,1142.5
2004-01-28,1129.25
2004-01-29,1130.25
2004-01-30,1130
2004-02-02,1134.5
2004-02-03,1133
2004-02-04,1124
2004-02-05,1126.5
2004-02-06,1139
2004-02-09,1140
2004-02-10,1143.25
2004-02-11,1155.25
2004-02-12,1151
2004-02-13,1145.75
2004-02-17,1156.5
2004-02-18,1151.25
2004-02-19,1147.25
2004-02-20,1143.75
2004-02-23,1140
2004-02-24,1138.5
2004-02-25,1143
2004-02-26,1143.25
2004-02-27,1144.5
2004-03-01,1155.5
2004-03-02,1149
2004-03-03,1150.75
2004-03-04,1154.25
2004-03-05,1157.75
2004-03-08,1144
2004-03-09,1139.5
2004-03-10,1120.25
2004-03-11,1105.5
2004-03-12,1119.25
2004-03-15,1106.25
2004-03-16,1110.25
2004-03-17,1122.5
2004-03-18,1122.75
2004-03-19,1107.25
2004-03-22,1093.25
2004-03-23,1091.25
2004-03-24,1091.5
2004-03-25,1106
2004-03-26,1106
2004-03-29,1121.75
2004-03-30,1126
2004-03-31,1127.75
2004-04-01,1133.5
2004-04-02,1142.5
2004-04-05,1148.25
2004-04-06,1144.75
2004-04-07,1142.25
2004-04-08,1139.5
2004-04-12,1144
2004-04-13,1128.25
2004-04-14,1129.75
2004-04-15,1125
2004-04-16,1134
2004-04-19,1133.75
2004-04-20,1114.5
2004-04-21,1122.5
2004-04-22,1136.75
2004-04-23,1139.5
2004-04-26,1138
2004-04-27,1138
2004-04-28,1123.5
2004-04-29,1114
2004-04-30,1106
2004-05-03,1116
2004-05-04,1115.5
2004-05-05,1122
2004-05-06,1113
2004-05-07,1095.5
2004-05-10,1083.5
2004-05-11,1092.25
2004-05-12,1098.75
2004-05-13,1093.75
2004-05-14,1094.75
2004-05-17,1085.5
2004-05-18,1090.25
2004-05-19,1086.75
2004-05-20,1090.5
2004-05-21,1092.5
2004-05-24,1094.5
2004-05-25,1112.5
2004-05-26,1116
2004-05-27,1122.75
2004-05-28,1120.25
2004-06-01,1121.25
2004-06-02,1125.5
2004-06-03,1115
2004-06-04,1123.25
2004-06-07,1140.25
2004-06-08,1142
2004-06-09,1131.5
2004-06-10,1136.5
2004-06-11,1136.5
2004-06-14,1125.5
2004-06-15,1134
2004-06-16,1133
2004-06-17,1131.5
2004-06-18,1134
2004-06-21,1129.25
2004-06-22,1135
2004-06-23,1144
2004-06-24,1141.25
2004-06-25,1135.25
2004-06-28,1131.75
2004-06-29,1135.75
2004-06-30,1140.5
2004-07-01,1126.25
2004-07-02,1125.75
2004-07-06,1115
2004-07-07,1118
2004-07-08,1110.75
2004-07-09,1112.75
2004-07-12,1113.5
2004-07-13,1114.25
2004-07-14,1111.25
2004-07-15,1103.5
2004-07-16,1102.75
2004-07-19,1098.75
2004-07-20,1112
2004-07-21,1090.5
2004-07-22,1093.75
2004-07-23,1085.5
2004-07-26,1083
2004-07-27,1092.5
2004-07-28,1095.5
2004-07-29,1100.25
2004-07-30,1101
2004-08-02,1105.5
2004-08-03,1097.25
2004-08-04,1097
2004-08-05,1078.5
2004-08-06,1063.5
2004-08-09,1064.25
2004-08-10,1076.25
2004-08-11,1075.75
2004-08-12,1063.75
2004-08-13,1066.25
2004-08-16,1077.5
2004-08-17,1083
2004-08-18,1094.5
2004-08-19,1091.25
2004-08-20,1098.75
2004-08-23,1096.25
2004-08-24,1097.5
2004-08-25,1103.75
2004-08-26,1104.5
2004-08-27,1108.25
2004-08-30,1099
2004-08-31,1104
2004-09-01,1106.75
2004-09-02,1119.5
2004-09-03,1114.5
2004-09-07,1122.25
2004-09-08,1118.75
2004-09-09,1117.5
2004-09-10,1123.25
2004-09-13,1127.75
2004-09-14,1129.5
2004-09-15,1120.25
2004-09-16,1124.5
2004-09-17,1129
2004-09-20,1122.25
2004-09-21,1127.25
2004-09-22,1113
2004-09-23,1107.25
2004-09-24,1111.5
2004-09-27,1105.25
2004-09-28,1109.75
2004-09-29,1115.25
2004-09-30,1115
2004-10-01,1133.25
2004-10-04,1135.5
2004-10-05,1136.5
2004-10-06,1142.75
2004-10-07,1131.5
2004-10-08,1122
2004-10-11,1126
2004-10-12,1125.75
2004-10-13,1112.25
2004-10-14,1103
2004-10-15,1108.25
2004-10-18,1113
2004-10-19,1103.5
2004-10-20,1101.75
2004-10-21,1107.75
2004-10-22,1096
2004-10-25,1095.25
2004-10-26,1111.5
2004-10-27,1124.75
2004-10-28,1127.5
2004-10-29,1130.25
2004-11-01,1130.75
2004-11-02,1130.5
2004-11-03,1145
2004-11-04,1160.5
2004-11-05,1167.75
2004-11-08,1166.5
2004-11-09,1164.25
2004-11-10,1164.75
2004-11-11,1173.75
2004-11-12,1182.75
2004-11-15,1186
2004-11-16,1177.5
2004-11-17,1184.25
2004-11-18,1185
2004-11-19,1172.25
2004-11-22,1178
2004-11-23,1179.25
2004-11-24,1182
2004-11-26,1180.75
2004-11-29,1176
2004-11-30,1174
2004-12-01,1189.75
2004-12-02,1190.5
2004-12-03,1189.25
2004-12-06,1189.25
2004-12-07,1177.75
2004-12-08,1184
2004-12-09,1188.5
2004-12-10,1189.75
2004-12-13,1200.25
2004-12-14,1204
2004-12-15,1204.75
2004-12-16,1206.5
2004-12-17,1198.25
2004-12-20,1198.75
2004-12-21,1208
2004-12-22,1211
2004-12-23,1211.75
2004-12-27,1208.5
2004-12-28,1215.5
2004-12-29,1217
2004-12-30,1214.75
2004-12-31,1213.75
2005-01-03,1206.25
2005-01-04,1191
2005-01-05,1183.25
2005-01-06,1188.25
2005-01-07,1186.25
2005-01-10,1191.75
2005-01-11,1184
2005-01-12,1187.5
2005-01-13,1178
2005-01-14,1183.75
2005-01-17,1186
2005-01-18,1195.75
2005-01-19,1183.5
2005-01-20,1176.5
2005-01-21,1168.5
2005-01-24,1166.25
2005-01-25,1169.75
2005-01-26,1173.25
2005-01-27,1174.75
2005-01-28,1174.75
2005-01-31,1181.75
2005-02-01,1189.25
2005-02-02,1193.25
2005-02-03,1189.5
2005-02-04,1202
2005-02-07,1200.75
2005-02-08,1202.25
2005-02-09,1193
2005-02-10,1196.5
2005-02-11,1207
2005-02-14,1206.25
2005-02-15,1210.75
2005-02-16,1210.5
2005-02-17,1201
2005-02-18,1202.25
2005-02-21,1200.75
2005-02-22,1184.75
2005-02-23,1192.75
2005-02-24,1200.75
2005-02-25,1212
2005-02-28,1204
2005-03-01,1210
2005-03-02,1209.5
2005-03-03,1210
2005-03-04,1224.25
2005-03-07,1225.25
2005-03-08,1220.5
2005-03-09,1207
2005-03-10,1209.5
2005-03-11,1201
2005-03-14,1212.25
2005-03-15,1198.5
2005-03-16,1192
2005-03-17,1194
2005-03-18,1190.75
2005-03-21,1186.25
2005-03-22,1174.25
2005-03-23,1174.5
2005-03-24,1175.5
2005-03-28,1178
2005-03-29,1169.25
2005-03-30,1185.25
2005-03-31,1183.75
2005-04-01,1177.25
2005-04-04,1179.75
2005-04-05,1185.25
2005-04-06,1189.25
2005-04-07,1195.25
2005-04-08,1183.5
2005-04-11,1183.75
2005-04-12,1190
2005-04-13,1176
2005-04-14,1160.5
2005-04-15,1143.5
2005-04-18,1146.75
2005-04-19,1155.75
2005-04-20,1139.75
2005-04-21,1161.5
2005-04-22,1157.25
2005-04-25,1164
2005-04-26,1153.75
2005-04-27,1157.25
2005-04-28,1143
2005-04-29,1158.5
2005-05-02,1163.5
2005-05-03,1166
2005-05-04,1175.25
2005-05-05,1175
2005-05-06,1171.25
2005-05-09,1178.25
2005-05-10,1166.25
2005-05-11,1172.5
2005-05-12,1159.25
2005-05-13,1156.75
2005-05-16,1167
2005-05-17,1175.25
2005-05-18,1186.75
2005-05-19,1191.25
2005-05-20,1190.25
2005-05-23,1196.25
2005-05-24,1193.75
2005-05-25,1192.5
2005-05-26,1198
2005-05-27,1200.25
2005-05-31,1192.25
2005-06-01,1201.25
2005-06-02,1205.25
2005-06-03,1198.5
2005-06-06,1198
2005-06-07,1199
2005-06-08,1196
2005-06-09,1201
2005-06-10,1199
2005-06-13,1207.5
2005-06-14,1210
2005-06-15,1211.75
2005-06-16,1215.75
2005-06-17,1220.5
2005-06-20,1220
2005-06-21,1221
2005-06-22,1221
2005-06-23,1204
2005-06-24,1195.75
2005-06-27,1196.25
2005-06-28,1206.75
2005-06-29,1203
2005-06-30,1195.5
2005-07-01,1200
2005-07-05,1209
2005-07-06,1198.5
2005-07-07,1202.75
2005-07-08,1216.5
2005-07-11,1223.5
2005-07-12,1225.5
2005-07-13,1228
2005-07-14,1231.75
2005-07-15,1231.25
2005-07-18,1226.5
2005-07-19,1233.25
2005-07-20,1236.5
2005-07-21,1230
2005-07-22,1237
2005-07-25,1234
2005-07-26,1235
2005-07-27,1239.75
2005-07-28,1247
2005-07-29,1236.75
2005-08-01,1237.5
2005-08-02,1245
2005-08-03,1247.75
2005-08-04,1238
2005-08-05,1229.75
2005-08-08,1227.25
2005-08-09,1234.25
2005-08-10,1233.75
2005-08-11,1238.5
2005-08-12,1231
2005-08-15,1237.5
2005-08-16,1221.5
2005-08-17,1221.5
2005-08-18,1221
2005-08-19,1223.75
2005-08-22,1224
2005-08-23,1221.5
2005-08-24,1210
2005-08-25,1213.5
2005-08-26,1206
2005-08-29,1214.5
2005-08-30,1208.5
2005-08-31,1221.5
2005-09-01,1221.75
2005-09-02,1219.75
2005-09-06,1234.25
2005-09-07,1235.5
2005-09-08,1232
2005-09-09,1248.5
2005-09-12,1246.5
2005-09-13,1239
2005-09-14,1234.5
2005-09-15,1233.5
2005-09-16,1242.25
2005-09-19,1238
2005-09-20,1227.5
2005-09-21,1216
2005-09-22,1219.75
2005-09-23,1220.5
2005-09-26,1221.5
2005-09-27,1221.75
2005-09-28,1222.75
2005-09-29,1231.75
2005-09-30,1234.25
2005-10-03,1231.75
2005-10-04,1216.75
2005-10-05,1200.75
2005-10-06,1197
2005-10-07,1200
2005-10-10,1190
2005-10-11,1188.5
2005-10-12,1178.5
2005-10-13,1178
2005-10-14,1190
2005-10-17,1194.25
2005-10-18,1181.5
2005-10-19,1200.5
2005-10-20,1179.5
2005-10-21,1183.75
2005-10-24,1202.5
2005-10-25,1199
2005-10-26,1196
2005-10-27,1182.5
2005-10-28,1199.75
2005-10-31,1209.75
2005-11-01,1206.25
2005-11-02,1218
2005-11-03,1223.75
2005-11-04,1222
2005-11-07,1222.75
2005-11-08,1222.75
2005-11-09,1223.75
2005-11-10,1233.75
2005-11-11,1238
2005-11-14,1237.25
2005-11-15,1232.5
2005-11-16,1234.75
2005-11-17,1245.25
2005-11-18,1250.25
2005-11-21,1257
2005-11-22,1262
2005-11-23,1268.5
2005-11-25,1270
2005-11-28,1261
2005-11-29,1259.25
2005-11-30,1251
2005-12-01,1264.5
2005-12-02,1266
2005-12-05,1263.5
2005-12-06,1265.5
2005-12-07,1258
2005-12-08,1256.75
2005-12-09,1259.25
2005-12-12,1269.25
2005-12-13,1277
2005-12-14,1282
2005-12-15,1277.75
2005-12-16,1274.25
2005-12-19,1267.5
2005-12-20,1268
2005-12-21,1270
2005-12-22,1275.5
2005-12-23,1276.5
2005-12-27,1264
2005-12-28,1265.25
2005-12-29,1260
2005-12-30,1254.75
2006-01-03,1274.75
2006-01-04,1280.5
2006-01-05,1281.25
2006-01-06,1291.75
2006-01-09,1295
2006-01-10,1296
2006-01-11,1299.75
2006-01-12,1293.5
2006-01-13,1292.75
2006-01-17,1289.5
2006-01-18,1283.75
2006-01-19,1288.25
2006-01-20,1264.75
2006-01-23,1269.25
2006-01-24,1270.5
2006-01-25,1271
2006-01-26,1277.75
2006-01-27,1289.25
2006-01-30,1288.5
2006-01-31,1283.5
2006-02-01,1287.25
2006-02-02,1272
2006-02-03,1265.5
2006-02-06,1268.75
2006-02-07,1257.5
2006-02-08,1268.25
2006-02-09,1265.75
2006-02-10,1268.25
2006-02-13,1265.75
2006-02-14,1278.25
2006-02-15,1282.25
2006-02-16,1291.75
2006-02-17,1289
2006-02-21,1285.25
2006-02-22,1292.25
2006-02-23,1290.25
2006-02-24,1293
2006-02-27,1294
2006-02-28,1282.5
2006-03-01,1292
2006-03-02,1291.5
2006-03-03,1286.5
2006-03-06,1279.5
2006-03-07,1277.5
2006-03-08,1279.5
2006-03-09,1272
2006-03-10,1283
2006-03-13,1285.5
2006-03-14,1308.75
2006-03-15,1314.25
2006-03-16,1316.75
2006-03-17,1317.5
2006-03-20,1315.5
2006-03-21,1307.5
2006-03-22,1314.5
2006-03-23,1311.75
2006-03-24,1312.75
2006-03-27,1311
2006-03-28,1302.5
2006-03-29,1310
2006-03-30,1307.75
2006-03-31,1307.5
2006-04-03,1305.75
2006-04-04,1314.75
2006-04-05,1319
2006-04-06,1317.5
2006-04-07,1304
2006-04-10,1305.5
2006-04-11,1294
2006-04-12,1295.5
2006-04-13,1294.25
2006-04-17,1293
2006-04-18,1313.5
2006-04-19,1315.25
2006-04-20,1317
2006-04-21,1317
2006-04-24,1314.5
2006-04-25,1309.5
2006-04-26,1309
2006-04-27,1315
2006-04-28,1316
2006-05-01,1308.25
2006-05-02,1318
2006-05-03,1312.25
2006-05-04,1317
2006-05-05,1329
2006-05-08,1327.25
2006-05-09,1329.25
2006-05-10,1327.75
2006-05-11,1311.75
2006-05-12,1294.25
2006-05-15,1297.25
2006-05-16,1295
2006-05-17,1269
2006-05-18,1263
2006-05-19,1270.75
2006-05-22,1262
2006-05-23,1252.5
2006-05-24,1261
2006-05-25,1276
2006-05-26,1282.75
2006-05-30,1260
2006-05-31,1272
2006-06-01,1285.75
2006-06-02,1288.25
2006-06-05,1269.5
2006-06-06,1265.75
2006-06-07,1256
2006-06-08,1255.5
2006-06-09,1251
2006-06-12,1247
2006-06-13,1232.5
2006-06-14,1241.25
2006-06-15,1267.75
2006-06-16,1260
2006-06-19,1248.5
2006-06-20,1252.5
2006-06-21,1261.75
2006-06-22,1256
2006-06-23,1255.5
2006-06-26,1260.25
2006-06-27,1249.75
2006-06-28,1257.75
2006-06-29,1282.5
2006-06-30,1279.5
2006-07-03,1288.25
2006-07-05,1279.75
2006-07-06,1282.75
2006-07-07,1275
2006-07-10,1277
2006-07-11,1282.25
2006-07-12,1268.25
2006-07-13,1247.5
2006-07-14,1242.25
2006-07-17,1240.5
2006-07-18,1245.75
2006-07-19,1262.5
2006-07-20,1254.25
2006-07-21,1244.75
2006-07-24,1267.5
2006-07-25,1271.5
2006-07-26,1273.25
2006-07-27,1272.25
2006-07-28,1284.25
2006-07-31,1281.75
2006-08-01,1276.75
2006-08-02,1284.25
2006-08-03,1287.25
2006-08-04,1286
2006-08-07,1282.25
2006-08-08,1276.75
2006-08-09,1271.5
2006-08-10,1275.5
2006-08-11,1272.25
2006-08-14,1273.25
2006-08-15,1287.75
2006-08-16,1299
2006-08-17,1301
2006-08-18,1307
2006-08-21,1302.25
2006-08-22,1302
2006-08-23,1297.75
2006-08-24,1296
2006-08-25,1297.5
2006-08-28,1303.75
2006-08-29,1305
2006-08-30,1305
2006-08-31,1305.5
2006-09-01,1312.5
2006-09-05,1314.5
2006-09-06,1302.75
2006-09-07,1296.25
2006-09-08,1299.25
2006-09-11,1300.5
2006-09-12,1313.75
2006-09-13,1329
2006-09-14,1329.5
2006-09-15,1332.25
2006-09-18,1334.25
2006-09-19,1330.5
2006-09-20,1336.5
2006-09-21,1330.25
2006-09-22,1326
2006-09-25,1335.75
2006-09-26,1346.75
2006-09-27,1347.75
2006-09-28,1347.25
2006-09-29,1345.5
2006-10-02,1340.5
2006-10-03,1343.25
2006-10-04,1358.25
2006-10-05,1360.75
2006-10-06,1358.75
2006-10-09,1359.25
2006-10-10,1360.75
2006-10-11,1359
2006-10-12,1370.75
2006-10-13,1373.5
2006-10-16,1376
2006-10-17,1371.75
2006-10-18,1372.5
2006-10-19,1374.25
2006-10-20,1375
2006-10-23,1380.75
2006-10-24,1384.75
2006-10-25,1389.25
2006-10-26,1393
2006-10-27,1384.75
2006-10-30,1383.25
2006-10-31,1383.25
2006-11-01,1373
2006-11-02,1371.25
2006-11-03,1368.5
2006-11-06,1383.75
2006-11-07,1389
2006-11-08,1391.5
2006-11-09,1384
2006-11-10,1384.75
2006-11-13,1388
2006-11-14,1397.75
2006-11-15,1401.5
2006-11-16,1405
2006-11-17,1404.75
2006-11-20,1405.25
2006-11-21,1406.25
2006-11-22,1408.5
2006-11-24,1403
2006-11-27,1383.5
2006-11-28,1388.5
2006-11-29,1402.25
2006-11-30,1403
2006-12-01,1400.5
2006-12-04,1410.75
2006-12-05,1416.75
2006-12-06,1414.75
2006-12-07,1408.75
2006-12-08,1410
2006-12-11,1426.75
2006-12-12,1425
2006-12-13,1426.5
2006-12-14,1438.5
2006-12-15,1438.25
2006-12-18,1434.75
2006-12-19,1436.25
2006-12-20,1435.25
2006-12-21,1429.75
2006-12-22,1420.25
2006-12-26,1428.75
2006-12-27,1437
2006-12-28,1433.75
2006-12-29,1428.5
2007-01-03,1424.75
2007-01-04,1427.5
2007-01-05,1416.5
2007-01-08,1422.5
2007-01-09,1420.5
2007-01-10,1424.5
2007-01-11,1431
2007-01-12,1440.75
2007-01-16,1438.75
2007-01-17,1438.75
2007-01-18,1433.25
2007-01-19,1436.75
2007-01-22,1431
2007-01-23,1435.5
2007-01-24,1446.25
2007-01-25,1429.25
2007-01-26,1427.5
2007-01-29,1426.25
2007-01-30,1434
2007-01-31,1443
2007-02-01,1450.75
2007-02-02,1453
2007-02-05,1453.75
2007-02-06,1453.25
2007-02-07,1455.75
2007-02-08,1454
2007-02-09,1443
2007-02-12,1438
2007-02-13,1449.5
2007-02-14,1458.5
2007-02-15,1459.5
2007-02-16,1459
2007-02-20,1461.75
2007-02-21,1460.5
2007-02-22,1459.25
2007-02-23,1453.75
2007-02-26,1452.5
2007-02-27,1395.25
2007-02-28,1409
2007-03-01,1405
2007-03-02,1385.75
2007-03-05,1372.25
2007-03-06,1395.5
2007-03-07,1393.25
2007-03-08,1404.75
2007-03-09,1405
2007-03-12,1419.5
2007-03-13,1392.75
2007-03-14,1401.75
2007-03-15,1403.5
2007-03-16,1399
2007-03-19,1415.75
2007-03-20,1423.5
2007-03-21,1445
2007-03-22,1445
2007-03-23,1447
2007-03-26,1445.25
2007-03-27,1440.5
2007-03-28,1429.5
2007-03-29,1431.5
2007-03-30,1431.25
2007-04-02,1433.25
2007-04-03,1447.25
2007-04-04,1448.5
2007-04-05,1452.75
2007-04-09,1454.5
2007-04-10,1456
2007-04-11,1448.5
2007-04-12,1455.5
2007-04-13,1461.25
2007-04-16,1475.5
2007-04-17,1479
2007-04-18,1480.25
2007-04-19,1480.25
2007-04-20,1493
2007-04-23,1488.25
2007-04-24,1488.5
2007-04-25,1500.75
2007-04-26,1502.75
2007-04-27,1502
2007-04-30,1488.75
2007-05-01,1492
2007-05-02,1501
2007-05-03,1508.25
2007-05-04,1514.25
2007-05-07,1514.25
2007-05-08,1512.25
2007-05-09,1515.5
2007-05-10,1499.25
2007-05-11,1512.25
2007-05-14,1508.75
2007-05-15,1508.5
2007-05-16,1518
2007-05-17,1515.25
2007-05-18,1528
2007-05-21,1528
2007-05-22,1525.25
2007-05-23,1525.5
2007-05-24,1511.5
2007-05-25,1517.25
2007-05-29,1522.5
2007-05-30,1534
2007-05-31,1533
2007-06-01,1539.5
2007-06-04,1540.25
2007-06-05,1533.75
2007-06-06,1516.5
2007-06-07,1489.25
2007-06-08,1508
2007-06-11,1525.25
2007-06-12,1507.5
2007-06-13,1530.25
2007-06-14,1539.5
2007-06-15,1547.75
2007-06-18,1546
2007-06-19,1549
2007-06-20,1527
2007-06-21,1535.75
2007-06-22,1520.5
2007-06-25,1513.5
2007-06-26,1497.75
2007-06-27,1519
2007-06-28,1517.25
2007-06-29,1515.5
2007-07-02,1531
2007-07-03,1536.25
2007-07-05,1534.5
2007-07-06,1542.5
2007-07-09,1542.5
2007-07-10,1520
2007-07-11,1531
2007-07-12,1555.75
2007-07-13,1560
2007-07-16,1559.75
2007-07-17,1558.75
2007-07-18,1554.75
2007-07-19,1559.75
2007-07-20,1545
2007-07-23,1549
2007-07-24,1522.5
2007-07-25,1524.75
2007-07-26,1488
2007-07-27,1458
2007-07-30,1480.75
2007-07-31,1462
2007-08-01,1470
2007-08-02,1481.75
2007-08-03,1443
2007-08-06,1467.75
2007-08-07,1482.5
2007-08-08,1504
2007-08-09,1458
2007-08-10,1451
2007-08-13,1455
2007-08-14,1434.25
2007-08-15,1414.5
2007-08-16,1424.5
2007-08-17,1450
2007-08-20,1449
2007-08-21,1450.25
2007-08-22,1468.75
2007-08-23,1466.5
2007-08-24,1483.5
2007-08-27,1469.75
2007-08-28,1438.25
2007-08-29,1465.5
2007-08-30,1461.5
2007-08-31,1476.75
2007-09-04,1489.5
2007-09-05,1476.5
2007-09-06,1479.5
2007-09-07,1459.75
2007-09-10,1455.25
2007-09-11,1472.75
2007-09-12,1476.25
2007-09-13,1485
2007-09-14,1485
2007-09-17,1489.75
2007-09-18,1533
2007-09-19,1541.5
2007-09-20,1531.75
2007-09-21,1534.5
2007-09-24,1531.75
2007-09-25,1529
2007-09-26,1536.25
2007-09-27,1544.5
2007-09-28,1539.5
2007-10-01,1556.5
2007-10-02,1554.5
2007-10-03,1547.5
2007-10-04,1552.25
2007-10-05,1570.75
2007-10-08,1562.75
2007-10-09,1576.25
2007-10-10,1573.25
2007-10-11,1565.25
2007-10-12,1574.5
2007-10-15,1560.25
2007-10-16,1547.5
2007-10-17,1552.5
2007-10-18,1546.75
2007-10-19,1505.75
2007-10-22,1513.5
2007-10-23,1525.5
2007-10-24,1522
2007-10-25,1525
2007-10-26,1542.5
2007-10-29,1547
2007-10-30,1536
2007-10-31,1555
2007-11-01,1515.75
2007-11-02,1517.5
2007-11-05,1505.5
2007-11-06,1525
2007-11-07,1482.75
2007-11-08,1475.5
2007-11-09,1455
2007-11-12,1440.25
2007-11-13,1483.25
2007-11-14,1478
2007-11-15,1458
2007-11-16,1460.25
2007-11-19,1437.5
2007-11-20,1446
2007-11-21,1417.75
2007-11-23,1442
2007-11-26,1409.25
2007-11-27,1426.5
2007-11-28,1470.5
2007-11-29,1471.5
2007-11-30,1483.75
2007-12-03,1475.5
2007-12-04,1463.25
2007-12-05,1487
2007-12-06,1507.5
2007-12-07,1507.25
2007-12-10,1518.75
2007-12-11,1478
2007-12-12,1490.25
2007-12-13,1488
2007-12-14,1468
2007-12-17,1455.5
2007-12-18,1466.5
2007-12-19,1465
2007-12-20,1473.75
2007-12-21,1495.5
2007-12-24,1506.5
2007-12-26,1509.75
2007-12-27,1489.75
2007-12-28,1485.5
2007-12-31,1477.25
2008-01-02,1458.5
2008-01-03,1458.75
2008-01-04,1423
2008-01-07,1421.5
2008-01-08,1397
2008-01-09,1411.5
2008-01-10,1421
2008-01-11,1407.75
2008-01-14,1420.25
2008-01-15,1388
2008-01-16,1376
2008-01-17,1339.75
2008-01-18,1325.25
2008-01-21,1265.5
2008-01-22,1309.25
2008-01-23,1341.5
2008-01-24,1352.25
2008-01-25,1334
2008-01-28,1354.5
2008-01-29,1362
2008-01-30,1350.5
2008-01-31,1379.5
2008-02-01,1397
2008-02-04,1378.75
2008-02-05,1343.25
2008-02-06,1330
2008-02-07,1340.25
2008-02-08,1330.25
2008-02-11,1338.25
2008-02-12,1351
2008-02-13,1363.75
2008-02-14,1351
2008-02-15,1351.25
2008-02-19,1355.5
2008-02-20,1359
2008-02-21,1347
2008-02-22,1355.5
2008-02-25,1371.5
2008-02-26,1382.75
2008-02-27,1380.5
2008-02-28,1365.75
2008-02-29,1331.25
2008-03-03,1332
2008-03-04,1327
2008-03-05,1335.5
2008-03-06,1308
2008-03-07,1292.75
2008-03-10,1275.5
2008-03-11,1324
2008-03-12,1309.5
2008-03-13,1313.25
2008-03-14,1291.5
2008-03-17,1279.5
2008-03-18,1334
2008-03-19,1299.5
2008-03-20,1324.75
2008-03-24,1351.5
2008-03-25,1351.5
2008-03-26,1335.5
2008-03-27,1329.75
2008-03-28,1319
2008-03-31,1324
2008-04-01,1370.5
2008-04-02,1371
2008-04-03,1373.5
2008-04-04,1372
2008-04-07,1372.25
2008-04-08,1371
2008-04-09,1360.25
2008-04-10,1362.75
2008-04-11,1335.5
2008-04-14,1331.25
2008-04-15,1336
2008-04-16,1371
2008-04-17,1372.25
2008-04-18,1388
2008-04-21,1388.25
2008-04-22,1380.75
2008-04-23,1378.5
2008-04-24,1386
2008-04-25,1397
2008-04-28,1397.5
2008-04-29,1391.25
2008-04-30,1386
2008-05-01,1411.5
2008-05-02,1415.75
2008-05-05,1408.25
2008-05-06,1420.75
2008-05-07,1395.25
2008-05-08,1392
2008-05-09,1389
2008-05-12,1404.75
2008-05-13,1404.75
2008-05-14,1407.75
2008-05-15,1424.5
2008-05-16,1425.75
2008-05-19,1429.75
2008-05-20,1415.75
2008-05-21,1393
2008-05-22,1393.25
2008-05-23,1373.5
2008-05-27,1385
2008-05-28,1389
2008-05-29,1398.75
2008-05-30,1400.5
2008-06-02,1385.5
2008-06-03,1378.5
2008-06-04,1377.5
2008-06-05,1405
2008-06-06,1359.5
2008-06-09,1361.75
2008-06-10,1355.25
2008-06-11,1334.5
2008-06-12,1341.75
2008-06-13,1357.5
2008-06-16,1359.5
2008-06-17,1352.25
2008-06-18,1337.75
2008-06-19,1341.25
2008-06-20,1319
2008-06-23,1317
2008-06-24,1316
2008-06-25,1317.25
2008-06-26,1285.75
2008-06-27,1280
2008-06-30,1282.75
2008-07-01,1286.25
2008-07-02,1263.25
2008-07-03,1267.5
2008-07-07,1253.25
2008-07-08,1275
2008-07-09,1245.5
2008-07-10,1255.75
2008-07-11,1239.75
2008-07-14,1228.25
2008-07-15,1211.5
2008-07-16,1241
2008-07-17,1245.25
2008-07-18,1260.5
2008-07-21,1263.25
2008-07-22,1273.5
2008-07-23,1282.25
2008-07-24,1253.75
2008-07-25,1253.75
2008-07-28,1234.5
2008-07-29,1261.75
2008-07-30,1284.5
2008-07-31,1267
2008-08-01,1260.25
2008-08-04,1248.75
2008-08-05,1283.25
2008-08-06,1283.75
2008-08-07,1268.75
2008-08-08,1292.25
2008-08-11,1304
2008-08-12,1292.75
2008-08-13,1285
2008-08-14,1293.75
2008-08-15,1299.75
2008-08-18,1282
2008-08-19,1268.5
2008-08-20,1273.75
2008-08-21,1275.5
2008-08-22,1292.25
2008-08-25,1267.25
2008-08-26,1271.75
2008-08-27,1280.5
2008-08-28,1298
2008-08-29,1282.5
2008-09-02,1275.5
2008-09-03,1275.75
2008-09-04,1232.25
2008-09-05,1241
2008-09-08,1265.75
2008-09-09,1227.25
2008-09-10,1233.75
2008-09-11,1252.5
2008-09-12,1257.25
2008-09-15,1193.5
2008-09-16,1209.25
2008-09-17,1163
2008-09-18,1207
2008-09-19,1246
2008-09-22,1214.75
2008-09-23,1208
2008-09-24,1189.75
2008-09-25,1210.25
2008-09-26,1214.5
2008-09-29,1115.5
2008-09-30,1164.5
2008-10-01,1170.25
2008-10-02,1121.5
2008-10-03,1108.25
2008-10-06,1051.75
2008-10-07,1007
2008-10-08,976
2008-10-09,912.75
2008-10-10,891
2008-10-13,1015.5
2008-10-14,1002.5
2008-10-15,890.75
2008-10-16,944.5
2008-10-17,933.5
2008-10-20,989.25
2008-10-21,967.5
2008-10-22,908.5
2008-10-23,915.25
2008-10-24,866
2008-10-27,829.75
2008-10-28,932
2008-10-29,934.25
2008-10-30,956.25
2008-10-31,967.25
2008-11-03,970
2008-11-04,1001.75
2008-11-05,944.5
2008-11-06,905
2008-11-07,936.25
2008-11-10,917.25
2008-11-11,895
2008-11-12,844.5
2008-11-13,906.75
2008-11-14,861.5
2008-11-17,848.25
2008-11-18,861.75
2008-11-19,812
2008-11-20,751.5
2008-11-21,792
2008-11-24,849.25
2008-11-25,848
2008-11-26,882.5
2008-11-28,895.25
2008-12-01,816.75
2008-12-02,847
2008-12-03,865.75
2008-12-04,847.25
2008-12-05,872.5
2008-12-08,898.75
2008-12-09,890.75
2008-12-10,894.5
2008-12-11,875
2008-12-12,886
2008-12-15,872.5
2008-12-16,913.25
2008-12-17,904.5
2008-12-18,890.5
2008-12-19,882.5
2008-12-22,868.75
2008-12-23,858.5
2008-12-24,865
2008-12-26,869
2008-12-29,870.5
2008-12-30,888.25
2008-12-31,900
2009-01-02,925.5
2009-01-05,927.25
2009-01-06,927.75
2009-01-07,906
2009-01-08,906.5
2009-01-09,885.5
2009-01-12,871.5
2009-01-13,868.5
2009-01-14,833.75
2009-01-15,840.5
2009-01-16,848.5
2009-01-20,805.75
2009-01-21,840.5
2009-01-22,824
2009-01-23,823.5
2009-01-26,834.25
2009-01-27,850.25
2009-01-28,871
2009-01-29,844.25
2009-01-30,822.5
2009-02-02,821.25
2009-02-03,833.75
2009-02-04,825.25
2009-02-05,840.25
2009-02-06,867.75
2009-02-09,860.75
2009-02-10,828.75
2009-02-11,832
2009-02-12,835.5
2009-02-13,820
2009-02-17,786.5
2009-02-18,778.25
2009-02-19,778.5
2009-02-20,769.5
2009-02-23,746.25
2009-02-24,770.5
2009-02-25,764.25
2009-02-26,751.25
2009-02-27,734.25
2009-03-02,705.5
2009-03-03,686.75
2009-03-04,710
2009-03-05,686.5
2009-03-06,687.75
2009-03-09,675
2009-03-10,717.75
2009-03-11,721
2009-03-12,748.75
2009-03-13,757.75
2009-03-16,754
2009-03-17,775.25
2009-03-18,791.5
2009-03-19,780
2009-03-20,764
2009-03-23,816.75
2009-03-24,804
2009-03-25,812
2009-03-26,826.75
2009-03-27,816
2009-03-30,785
2009-03-31,786.75
2009-04-01,810
2009-04-02,836.75
2009-04-03,840.5
2009-04-06,832.75
2009-04-07,814.5
2009-04-08,824.75
2009-04-09,852.5
2009-04-13,853
2009-04-14,835.5
2009-04-15,849.25
2009-04-16,857.75
2009-04-17,866.75
2009-04-20,833.75
2009-04-21,845.25
2009-04-22,838.5
2009-04-23,850.25
2009-04-24,866.5
2009-04-27,852.25
2009-04-28,850
2009-04-29,869.75
2009-04-30,864.25
2009-05-01,876
2009-05-04,903
2009-05-05,903.25
2009-05-06,915.75
2009-05-07,910.5
2009-05-08,924.75
2009-05-11,906
2009-05-12,909.5
2009-05-13,884.5
2009-05-14,889.25
2009-05-15,883
2009-05-18,907.5
2009-05-19,903
2009-05-20,900.25
2009-05-21,889.75
2009-05-22,885
2009-05-26,909.25
2009-05-27,892.25
2009-05-28,905
2009-05-29,918
2009-06-01,939
2009-06-02,941.5
2009-06-03,930.5
2009-06-04,941.25
2009-06-05,940.5
2009-06-08,939.25
2009-06-09,939.5
2009-06-10,940.25
2009-06-11,941.5
2009-06-12,944.75
2009-06-15,923.25
2009-06-16,907.75
2009-06-17,905.25
2009-06-18,914
2009-06-19,915.75
2009-06-22,889.25
2009-06-23,889.75
2009-06-24,896.75
2009-06-25,915.75
2009-06-26,914
2009-06-29,921.5
2009-06-30,915.5
2009-07-01,919.75
2009-07-02,891.5
2009-07-06,895.5
2009-07-07,878
2009-07-08,875.75
2009-07-09,878.75
2009-07-10,874.25
2009-07-13,895.75
2009-07-14,901.5
2009-07-15,927.25
2009-07-16,933.5
2009-07-17,937
2009-07-20,946.75
2009-07-21,954
2009-07-22,949.5
2009-07-23,964.75
2009-07-24,977.75
2009-07-27,979.75
2009-07-28,975
2009-07-29,976
2009-07-30,981.25
2009-07-31,984.5
2009-08-03,1000.75
2009-08-04,1005.25
2009-08-05,997.25
2009-08-06,994.25
2009-08-07,1006.5
2009-08-10,1007
2009-08-11,992.75
2009-08-12,1004.25
2009-08-13,1013.5
2009-08-14,1005.75
2009-08-17,977
2009-08-18,988
2009-08-19,996.5
2009-08-20,1003.75
2009-08-21,1025.25
2009-08-24,1023.75
2009-08-25,1025.75
2009-08-26,1027
2009-08-27,1029.75
2009-08-28,1027.5
2009-08-31,1020.5
2009-09-01,997
2009-09-02,994
2009-09-03,1001.75
2009-09-04,1014
2009-09-08,1023
2009-09-09,1031.5
2009-09-10,1041.75
2009-09-11,1041.5
2009-09-14,1046.75
2009-09-15,1046
2009-09-16,1063.5
2009-09-17,1062.5
2009-09-18,1061
2009-09-21,1060
2009-09-22,1066.5
2009-09-23,1057.5
2009-09-24,1044.5
2009-09-25,1041
2009-09-28,1059.25
2009-09-29,1054.75
2009-09-30,1052.25
2009-10-01,1026.5
2009-10-02,1021.75
2009-10-05,1036.5
2009-10-06,1048.75
2009-10-07,1056.75
2009-10-08,1063.75
2009-10-09,1068
2009-10-12,1071.5
2009-10-13,1077.75
2009-10-14,1087.5
2009-10-15,1090.5
2009-10-16,1082
2009-10-19,1094.75
2009-10-20,1087.75
2009-10-21,1077
2009-10-22,1091.25
2009-10-23,1077
2009-10-26,1066.5
2009-10-27,1060.5
2009-10-28,1038.5
2009-10-29,1061.5
2009-10-30,1033
2009-11-02,1041
2009-11-03,1041.75
2009-11-04,1046.25
2009-11-05,1063.75
2009-11-06,1066.25
2009-11-09,1091.5
2009-11-10,1093.75
2009-11-11,1096.25
2009-11-12,1087.25
2009-11-13,1091.5
2009-11-16,1106.25
2009-11-17,1107.25
2009-11-18,1109.5
2009-11-19,1092.5
2009-11-20,1090
2009-11-23,1103
2009-11-24,1103.25
2009-11-25,1109.25
2009-11-26,1084.75
2009-11-27,1089.5
2009-11-30,1092.75
2009-12-01,1107.75
2009-12-02,1108
2009-12-03,1097.25
2009-12-04,1108
2009-12-07,1106.25
2009-12-08,1089.75
2009-12-09,1096.75
2009-12-10,1103.5
2009-12-11,1108
2009-12-14,1112.25
2009-12-15,1108.5
2009-12-16,1105.5
2009-12-17,1094
2009-12-18,1097.5
2009-12-21,1107.5
2009-12-22,1113.5
2009-12-23,1115.2
2009-12-24,1121.8
2009-12-28,1122.5
2009-12-29,1121.3
2009-12-30,1121.5
2009-12-31,1110.75
2010-01-04,1128.3
2010-01-05,1132
2010-01-06,1132.5
2010-01-07,1137.3
2010-01-08,1141.3
2010-01-11,1142.3
2010-01-12,1133.8
2010-01-13,1141
2010-01-14,1145
2010-01-15,1131.7
2010-01-18,1136.5
2010-01-19,1145.5
2010-01-20,1133.8
2010-01-21,1110
2010-01-22,1091
2010-01-25,1092.5
2010-01-26,1086.8
2010-01-27,1095.5
2010-01-28,1078.3
2010-01-29,1068.5
2010-02-01,1086
2010-02-02,1096.9
2010-02-03,1096
2010-02-04,1061.5
2010-02-05,1059.5
2010-02-08,1055.5
2010-02-09,1066.3
2010-02-10,1063
2010-02-11,1076
2010-02-12,1078.8
2010-02-15,1075.3
2010-02-16,1093
2010-02-17,1099.3
2010-02-18,1105.5
2010-02-19,1105.8
2010-02-22,1107.3
2010-02-23,1097
2010-02-24,1103
2010-02-25,1102
2010-02-26,1104.8
2010-03-01,1114.3
2010-03-02,1117
2010-03-03,1118.5
2010-03-04,1122
2010-03-05,1136.2
2010-03-08,1136.8
2010-03-09,1140
2010-03-10,1145.3
2010-03-11,1150.5
2010-03-12,1151
2010-03-15,1150.9
2010-03-16,1159.3
2010-03-17,1165.8
2010-03-18,1161
2010-03-19,1155.8
2010-03-22,1162.3
2010-03-23,1169.5
2010-03-24,1163.8
2010-03-25,1159.3
2010-03-26,1163
2010-03-29,1168.3
2010-03-30,1168.8
2010-03-31,1167.3
2010-04-01,1173.5
2010-04-02,1177.8
2010-04-05,1183
2010-04-06,1185.8
2010-04-07,1178.3
2010-04-08,1183.3
2010-04-09,1192.5
2010-04-12,1192.3
2010-04-13,1192.5
2010-04-14,1206.3
2010-04-15,1208
2010-04-16,1189.5
2010-04-19,1195.8
2010-04-20,1205
2010-04-21,1199.3
2010-04-22,1201.8
2010-04-23,1212.4
2010-04-26,1207.3
2010-04-27,1180.5
2010-04-28,1189.8
2010-04-29,1205.3
2010-04-30,1185.5
2010-05-03,1198
2010-05-04,1171.8
2010-05-05,1163.5
2010-05-06,1122.3
2010-05-07,1107.3
2010-05-10,1156
2010-05-11,1151.5
2010-05-12,1169.5
2010-05-13,1156.3
2010-05-14,1134.8
2010-05-17,1134.3
2010-05-18,1117.8
2010-05-19,1109.5
2010-05-20,1069.3
2010-05-21,1084.2
2010-05-24,1070
2010-05-25,1072.3
2010-05-26,1060.8
2010-05-27,1100.3
2010-05-28,1088.5
2010-05-31,1090.3
2010-06-01,1069
2010-06-02,1096.5
2010-06-03,1103.8
2010-06-04,1065.5
2010-06-07,1047.3
2010-06-08,1058.8
2010-06-09,1054.8
2010-06-10,1083.4
2010-06-11,1089
2010-06-14,1090.2
2010-06-15,1113.3
2010-06-16,1113.7
2010-06-17,1111.3
2010-06-18,1109.8
2010-06-21,1110.3
2010-06-22,1089.5
2010-06-23,1086.8
2010-06-24,1069.8
2010-06-25,1074.5
2010-06-28,1070.3
2010-06-29,1034.8
2010-06-30,1024
2010-07-01,1021.5
2010-07-02,1013.5
2010-07-05,1012
2010-07-06,1023.8
2010-07-07,1059
2010-07-08,1066.5
2010-07-09,1071.5
2010-07-12,1076
2010-07-13,1089.3
2010-07-14,1090.5
2010-07-15,1089.8
2010-07-16,1062.8
2010-07-19,1063.8
2010-07-20,1080.3
2010-07-21,1063.3
2010-07-22,1088.3
2010-07-23,1100.5
2010-07-26,1109.3
2010-07-27,1110.8
2010-07-28,1101.9
2010-07-29,1096.3
2010-07-30,1099.8
2010-08-02,1121.3
2010-08-03,1117.8
2010-08-04,1124.3
2010-08-05,1123.5
2010-08-06,1119.5
2010-08-09,1125.3
2010-08-10,1119
2010-08-11,1084.5
2010-08-12,1079
2010-08-13,1075.8
2010-08-16,1076.8
2010-08-17,1088.5
2010-08-18,1085.8
2010-08-19,1070.5
2010-08-20,1070.3
2010-08-23,1065
2010-08-24,1049.3
2010-08-25,1055
2010-08-26,1044
2010-08-27,1063.5
2010-08-30,1044.5
2010-08-31,1052.3
2010-09-01,1081.8
2010-09-02,1089.8
2010-09-03,1103
2010-09-06,1104.1
2010-09-07,1091.1
2010-09-08,1098.8
2010-09-09,1102.3
2010-09-10,1109.3
2010-09-13,1120.9
2010-09-14,1120.4
2010-09-15,1125.8
2010-09-16,1122.1
2010-09-17,1119.3
2010-09-20,1136.1
2010-09-21,1134.6
2010-09-22,1129.3
2010-09-23,1120.3
2010-09-24,1142.6
2010-09-27,1137.6
2010-09-28,1141.3
2010-09-29,1140.6
2010-09-30,1134.8
2010-10-01,1142.1
2010-10-04,1134.3
2010-10-05,1154.6
2010-10-06,1155.6
2010-10-07,1156.3
2010-10-08,1160.3
2010-10-11,1162.1
2010-10-12,1164.3
2010-10-13,1174.3
2010-10-14,1173.1
2010-10-15,1174.8
2010-10-18,1178.3
2010-10-19,1163.6
2010-10-20,1174.8
2010-10-21,1175.3
2010-10-22,1181.1
2010-10-25,1183.1
2010-10-26,1182.8
2010-10-27,1178.7
2010-10-28,1178.8
2010-10-29,1180.1
2010-11-01,1182.1
2010-11-02,1193.1
2010-11-03,1196.6
2010-11-04,1216.8
2010-11-05,1222
2010-11-08,1219.6
2010-11-09,1210.3
2010-11-10,1213.8
2010-11-11,1210.3
2010-11-12,1194.3
2010-11-15,1195.6
2010-11-16,1174.6
2010-11-17,1177.6
2010-11-18,1197.6
2010-11-19,1197.8
2010-11-22,1196.8
2010-11-23,1177.6
2010-11-24,1196.1
2010-11-25,1200
2010-11-26,1183.25
2010-11-29,1186.3
2010-11-30,1176.6
2010-12-01,1204.4
2010-12-02,1222.8
2010-12-03,1223.3
2010-12-06,1221.8
2010-12-07,1222.3
2010-12-08,1228.3
2010-12-09,1232.6
2010-12-10,1240.6
2010-12-13,1240.6
2010-12-14,1241.3
2010-12-15,1236.6
2010-12-16,1242.8
2010-12-17,1237.8
2010-12-20,1240.8
2010-12-21,1250.3
2010-12-22,1254.6
2010-12-23,1252.3
2010-12-27,1253.3
2010-12-28,1254.1
2010-12-29,1255.3
2010-12-30,1254.1
2010-12-31,1257.3
2011-01-03,1265.25
2011-01-04,1265.5
2011-01-05,1272
2011-01-06,1270
2011-01-07,1267.25
2011-01-10,1265.5
2011-01-11,1270
2011-01-12,1283.5
2011-01-13,1280.75
2011-01-14,1290
2011-01-17,1285.25
2011-01-18,1295
2011-01-19,1279.25
2011-01-20,1275.75
2011-01-21,1280.25
2011-01-24,1288.75
2011-01-25,1287.25
2011-01-26,1293.5
2011-01-27,1295.75
2011-01-28,1270.5
2011-01-31,1282.75
2011-02-01,1302.25
2011-02-02,1300
2011-02-03,1303.25
2011-02-04,1307.5
2011-02-07,1315.75
2011-02-08,1321.75
2011-02-09,1319
2011-02-10,1318.75
2011-02-11,1327.5
2011-02-14,1327.75
2011-02-15,1326.25
2011-02-16,1333
2011-02-17,1337.75
2011-02-18,1343
2011-02-21,1330
2011-02-22,1314
2011-02-23,1305.25
2011-02-24,1302.25
2011-02-25,1318.75
2011-02-28,1326.5
2011-03-01,1301
2011-03-02,1306
2011-03-03,1329.75
2011-03-04,1320
2011-03-07,1308.75
2011-03-08,1320.25
2011-03-09,1315
2011-03-10,1294.25
2011-03-11,1306.5
2011-03-14,1296.25
2011-03-15,1275
2011-03-16,1250.25
2011-03-17,1268
2011-03-18,1274.25
2011-03-21,1292
2011-03-22,1288.5
2011-03-23,1290.25
2011-03-24,1305.75
2011-03-25,1310.75
2011-03-28,1302.25
2011-03-29,1316.25
2011-03-30,1323.75
2011-03-31,1321.75
2011-04-01,1327.5
2011-04-04,1329.25
2011-04-05,1327
2011-04-06,1329
2011-04-07,1328.5
2011-04-08,1324.25
2011-04-11,1320
2011-04-12,1308
2011-04-13,1309
2011-04-14,1310.75
2011-04-15,1319
2011-04-18,1301
2011-04-19,1308.5
2011-04-20,1328.5
2011-04-21,1330.75
2011-04-25,1331
2011-04-26,1340.75
2011-04-27,1352
2011-04-28,1355.25
2011-04-29,1363.5
2011-05-02,1357.75
2011-05-03,1352
2011-05-04,1343
2011-05-05,1335
2011-05-06,1335
2011-05-09,1342.5
2011-05-10,1353.75
2011-05-11,1338.75
2011-05-12,1347.75
2011-05-13,1334
2011-05-16,1325.25
2011-05-17,1325.25
2011-05-18,1338.5
2011-05-19,1341.75
2011-05-20,1328.5
2011-05-23,1314.75
2011-05-24,1313.25
2011-05-25,1316.5
2011-05-26,1326.75
2011-05-27,1330
2011-05-30,1330.5
2011-05-31,1344.5
2011-06-01,1313.25
2011-06-02,1312.25
2011-06-03,1295.75
2011-06-06,1285.25
2011-06-07,1284.75
2011-06-08,1277.25
2011-06-09,1287.5
2011-06-10,1269.75
2011-06-13,1271.75
2011-06-14,1284
2011-06-15,1260.75
2011-06-16,1263.5
2011-06-17,1266
2011-06-20,1273.25
2011-06-21,1287.25
2011-06-22,1279.5
2011-06-23,1277.5
2011-06-24,1263.75
2011-06-27,1276.75
2011-06-28,1294.5
2011-06-29,1304.5
2011-06-30,1314.75
2011-07-01,1335.25
2011-07-04,1333.75
2011-07-05,1335.15
2011-07-06,1338.15
2011-07-07,1351.65
2011-07-08,1342.15
2011-07-11,1316.15
2011-07-12,1309.95
2011-07-13,1303.55
2011-07-14,1307.65
2011-07-15,1314.45
2011-07-18,1301.15
2011-07-19,1323.15
2011-07-20,1316.65
2011-07-21,1343.95
2011-07-22,1340.95
2011-07-25,1332.65
2011-07-26,1325.95
2011-07-27,1299.45
2011-07-28,1294.15
2011-07-29,1292.05
2011-08-01,1278.15
2011-08-02,1245.55
2011-08-03,1255.15
2011-08-04,1196.65
2011-08-05,1197.25
2011-08-08,1110.45
2011-08-09,1178.45
2011-08-10,1122.65
2011-08-11,1166.65
2011-08-12,1177.05
2011-08-15,1197.65
2011-08-16,1190.65
2011-08-17,1187.05
2011-08-18,1143.95
2011-08-19,1124.15
2011-08-22,1123.45
2011-08-23,1160.15
2011-08-24,1171.25
2011-08-25,1156.15
2011-08-26,1175.45
2011-08-29,1207.45
2011-08-30,1202.65
2011-08-31,1217.95
2011-09-01,1201.65
2011-09-02,1169.95
2011-09-05,1145.45
2011-09-06,1166.95
2011-09-07,1200.25
2011-09-08,1185.55
2011-09-09,1158.15
2011-09-12,1161.35
2011-09-13,1165.05
2011-09-14,1179.45
2011-09-15,1207.75
2011-09-16,1211.75
2011-09-19,1197.15
2011-09-20,1197.65
2011-09-21,1157.45
2011-09-22,1128.45
2011-09-23,1130.65
2011-09-26,1157.95
2011-09-27,1169.65
2011-09-28,1146.75
2011-09-29,1158.55
2011-09-30,1122.25
2011-10-03,1085.25
2011-10-04,1115.45
2011-10-05,1135.75
2011-10-06,1158.15
2011-10-07,1155.75
2011-10-10,1189.15
2011-10-11,1187.15
2011-10-12,1198.95
2011-10-13,1199.15
2011-10-14,1219.45
2011-10-17,1189.55
2011-10-18,1216.55
2011-10-19,1208.55
2011-10-20,1209.15
2011-10-21,1235.05
2011-10-24,1247.95
2011-10-25,1225.65
2011-10-26,1243.15
2011-10-27,1282.65
2011-10-28,1282.25
2011-10-31,1243.45
2011-11-01,1220.65
2011-11-02,1231.45
2011-11-03,1255.45
2011-11-04,1251.25
2011-11-07,1262.45
2011-11-08,1273.45
2011-11-09,1226.45
2011-11-10,1238.95
2011-11-11,1261.55
2011-11-14,1251.15
2011-11-15,1254.15
2011-11-16,1229.65
2011-11-17,1215.15
2011-11-18,1213.45
2011-11-21,1187.65
2011-11-22,1183.05
2011-11-23,1159.95
2011-11-24,1159.05
2011-11-25,1153.45
2011-11-28,1191.65
2011-11-29,1191.05
2011-11-30,1245.25
2011-12-01,1243.45
2011-12-02,1243.75
2011-12-05,1254.15
2011-12-06,1255.95
2011-12-07,1265.95
2011-12-08,1231.95
2011-12-09,1259.15
2011-12-12,1228.65
2011-12-13,1220.15
2011-12-14,1206.15
2011-12-15,1212.15
2011-12-16,1210.15
2011-12-19,1199.95
2011-12-20,1235.95
2011-12-21,1236.45
2011-12-22,1251.45
2011-12-23,1259.55
2011-12-27,1259.45
2011-12-28,1245.45
2011-12-29,1256.45
2011-12-30,1253.15
2012-01-03,1273.65
2012-01-04,1273.15
2012-01-05,1271.95
2012-01-06,1274.45
2012-01-09,1275.55
2012-01-10,1285.05
2012-01-11,1288.45
2012-01-12,1291.95
2012-01-13,1289.65
2012-01-16,1291.65
2012-01-17,1290.65
2012-01-18,1303.15
2012-01-19,1309.65
2012-01-20,1311.25
2012-01-23,1310.15
2012-01-24,1315.15
2012-01-25,1320.95
2012-01-26,1316.45
2012-01-27,1312.75
2012-01-30,1309.45
2012-01-31,1307.15
2012-02-01,1321.45
2012-02-02,1322.45
2012-02-03,1339.45
2012-02-06,1340.15
2012-02-07,1343.65
2012-02-08,1344.45
2012-02-09,1347.15
2012-02-10,1340.25
2012-02-13,1349.15
2012-02-14,1347.45
2012-02-15,1339.95
2012-02-16,1355.25
2012-02-17,1359.75
2012-02-20,1366.75
2012-02-21,1360.65
2012-02-22,1355.15
2012-02-23,1364.25
2012-02-24,1363.05
2012-02-27,1366.95
2012-02-28,1371.15
2012-02-29,1359.45
2012-03-01,1375.65
2012-03-02,1368.75
2012-03-05,1362.95
2012-03-06,1342.15
2012-03-07,1351.65
2012-03-08,1366.15
2012-03-09,1372.25
2012-03-12,1367.15
2012-03-13,1391.25
2012-03-14,1386.15
2012-03-15,1394.95
2012-03-16,1398.75
2012-03-19,1403.95
2012-03-20,1399.95
2012-03-21,1397.95
2012-03-22,1389.25
2012-03-23,1394.25
2012-03-26,1415.45
2012-03-27,1405.15
2012-03-28,1400.45
2012-03-29,1397.95
2012-03-30,1403.95
2012-04-02,1411.15
2012-04-03,1407.65
2012-04-04,1391.45
2012-04-05,1391.15
2012-04-06,1375.45
2012-04-09,1375.45
2012-04-10,1360.15
2012-04-11,1365.15
2012-04-12,1383.95
2012-04-13,1364.75
2012-04-16,1364.15
2012-04-17,1383.15
2012-04-18,1379.95
2012-04-19,1373.15
2012-04-20,1375.45
2012-04-23,1364.65
2012-04-24,1374.65
2012-04-25,1387.65
2012-04-26,1391.45
2012-04-27,1398.45
2012-04-30,1395.65
2012-05-01,1400.95
2012-05-02,1397.15
2012-05-03,1386.15
2012-05-04,1362.25
2012-05-07,1365.95
2012-05-08,1360.15
2012-05-09,1347.45
2012-05-10,1346.25
2012-05-11,1349.95
2012-05-14,1334.45
2012-05-15,1330.45
2012-05-16,1321.95
2012-05-17,1304.45
2012-05-18,1290.65
2012-05-21,1314.65
2012-05-22,1313.65
2012-05-23,1315.95
2012-05-24,1322.95
2012-05-25,1315.15
2012-05-28,1321.65
2012-05-29,1331.65
2012-05-30,1307.75
2012-05-31,1306.15
2012-06-01,1274.05
2012-06-04,1272.65
2012-06-05,1284.65
2012-06-06,1315.95
2012-06-07,1316.15
2012-06-08,1329.45
2012-06-11,1300.55
2012-06-12,1318.35
2012-06-13,1307.95
2012-06-14,1326.15
2012-06-15,1338.45
2012-06-18,1341.15
2012-06-19,1349.15
2012-06-20,1351.65
2012-06-21,1321.65
2012-06-22,1325.65
2012-06-25,1306.65
2012-06-26,1315.15
2012-06-27,1325.15
2012-06-28,1320.55
2012-06-29,1358.45
2012-07-02,1358.65
2012-07-03,1368.65
2012-07-04,1367.65
2012-07-05,1362.15
2012-07-06,1352.45
2012-07-09,1346.95
2012-07-10,1335.15
2012-07-11,1339.45
2012-07-12,1330.15
2012-07-13,1352.95
2012-07-16,1346.65
2012-07-17,1357.95
2012-07-18,1371.15
2012-07-19,1371.45
2012-07-20,1358.25
2012-07-23,1339.25
2012-07-24,1323.95
2012-07-25,1335.15
2012-07-26,1356.15
2012-07-27,1382.65
2012-07-30,1380.45
2012-07-31,1372.95
2012-08-01,1370.15
2012-08-02,1361.65
2012-08-03,1389.55
2012-08-06,1389.15
2012-08-07,1395.95
2012-08-08,1397.15
2012-08-09,1399.15
2012-08-10,1402.15
2012-08-13,1402.95
2012-08-14,1400.65
2012-08-15,1403.95
2012-08-16,1413.95
2012-08-17,1415.45
2012-08-20,1415.65
2012-08-21,1412.15
2012-08-22,1412.15
2012-08-23,1401.15
2012-08-24,1410.65
2012-08-27,1408.65
2012-08-28,1408.95
2012-08-29,1407.15
2012-08-30,1396.45
2012-08-31,1405.05
2012-09-03,1408.75
2012-09-04,1404.05
2012-09-05,1404.45
2012-09-06,1432.65
2012-09-07,1438.25
2012-09-10,1425.65
2012-09-11,1429.95
2012-09-12,1438.65
2012-09-13,1457.95
2012-09-14,1466.45
2012-09-17,1453.65
2012-09-18,1454.25
2012-09-19,1452.55
2012-09-20,1455.15
2012-09-21,1451.65
2012-09-24,1453.15
2012-09-25,1438.45
2012-09-26,1429.65
2012-09-27,1441.45
2012-09-28,1434.45
2012-10-01,1437.15
2012-10-02,1440.65
2012-10-03,1446.65
2012-10-04,1455.95
2012-10-05,1455.75
2012-10-08,1449.65
2012-10-09,1437.05
2012-10-10,1422.45
2012-10-11,1430.65
2012-10-12,1421.55
2012-10-15,1435.65
2012-10-16,1451.15
2012-10-17,1456.95
2012-10-18,1451.45
2012-10-19,1424.25
2012-10-22,1431.95
2012-10-23,1408.55
2012-10-24,1406.95
2012-10-25,1405.75
2012-10-26,1407.95
2012-10-29,1397.65
2012-10-30,1410.95
2012-10-31,1402.45
2012-11-01,1423.45
2012-11-02,1405.45
2012-11-05,1410.45
2012-11-06,1424.95
2012-11-07,1392.55
2012-11-08,1376.25
2012-11-09,1375.55
2012-11-12,1378.45
2012-11-13,1374.65
2012-11-14,1353.15
2012-11-15,1350.65
2012-11-16,1360.45
2012-11-19,1381.15
2012-11-20,1386.15
2012-11-21,1389.15
2012-11-22,1391.75
2012-11-23,1405.25
2012-11-26,1404.95
2012-11-27,1397.65
2012-11-28,1406.65
2012-11-29,1412.15
2012-11-30,1414.65
2012-12-03,1405.55
2012-12-04,1403.15
2012-12-05,1406.65
2012-12-06,1412.95
2012-12-07,1416.95
2012-12-10,1417.45
2012-12-11,1432.15
2012-12-12,1426.15
2012-12-13,1417.45
2012-12-14,1416.15
2012-12-17,1427.35
2012-12-18,1439.85
2012-12-19,1427.35
2012-12-20,1440.95
2012-12-21,1427.95
2012-12-24,1419.25
2012-12-26,1413.15
2012-12-27,1413.65
2012-12-28,1384.95
2012-12-31,1423.15
2013-01-02,1456.45
2013-01-03,1454.45
2013-01-04,1459.45
2013-01-07,1456.95
2013-01-08,1451.65
2013-01-09,1456.65
2013-01-10,1469.95
2013-01-11,1466.95
2013-01-14,1464.95
2013-01-15,1467.15
2013-01-16,1464.95
2013-01-17,1475.95
2013-01-18,1479.15
2013-01-21,1483.25
2013-01-22,1491.15
2013-01-23,1485.15
2013-01-24,1488.15
2013-01-25,1495.95
2013-01-28,1495.95
2013-01-29,1505.45
2013-01-30,1493.95
2013-01-31,1496.15
2013-02-01,1507.95
2013-02-04,1492.65
2013-02-05,1507.65
2013-02-06,1506.55
2013-02-07,1504.95
2013-02-08,1513.95
2013-02-11,1512.95
2013-02-12,1517.95
2013-02-13,1516.45
2013-02-14,1518.95
2013-02-15,1517.15
2013-02-18,1518.15
2013-02-19,1528.95
2013-02-20,1507.15
2013-02-21,1501.95
2013-02-22,1513.45
2013-02-25,1484.65
2013-02-26,1493.45
2013-02-27,1516.45
2013-02-28,1512.15
2013-03-01,1515.95
2013-03-04,1527.45
2013-03-05,1539.45
2013-03-06,1539.95
2013-03-07,1544.25
2013-03-08,1549.65
2013-03-11,1550.15
2013-03-12,1546.95
2013-03-13,1550.15
2013-03-14,1555.65
2013-03-15,1553.65
2013-03-18,1547.45
2013-03-19,1537.65
2013-03-20,1549.95
2013-03-21,1537.95
2013-03-22,1552.45
2013-03-25,1548.65
2013-03-26,1558.65
2013-03-27,1556.45
2013-03-28,1563.95
2013-04-01,1556.45
2013-04-02,1565.95
2013-04-03,1548.95
2013-04-04,1554.65
2013-04-05,1547.15
2013-04-08,1561.15
2013-04-09,1563.65
2013-04-10,1583.95
2013-04-11,1588.25
2013-04-12,1582.45
2013-04-15,1542.65
2013-04-16,1569.65
2013-04-17,1544.95
2013-04-18,1537.15
2013-04-19,1548.45
2013-04-22,1557.65
2013-04-23,1575.65
2013-04-24,1573.65
2013-04-25,1581.45
2013-04-26,1577.15
2013-04-29,1589.15
2013-04-30,1593.95
2013-05-01,1578.65
2013-05-02,1592.45
2013-05-03,1609.45
2013-05-06,1612.95
2013-05-07,1621.15
2013-05-08,1628.45
2013-05-09,1626.15
2013-05-10,1629.45
2013-05-13,1631.15
2013-05-14,1648.45
2013-05-15,1655.15
2013-05-16,1649.45
2013-05-17,1663.95
2013-05-20,1664.15
2013-05-21,1665.95
2013-05-22,1657.65
2013-05-23,1650.95
2013-05-24,1649.95
2013-05-27,1652.45
2013-05-28,1655.95
2013-05-29,1646.65
2013-05-30,1653.95
2013-05-31,1627.45
2013-06-03,1635.65
2013-06-04,1630.15
2013-06-05,1608.15
2013-06-06,1622.45
2013-06-07,1639.95
2013-06-10,1641.95
2013-06-11,1627.65
2013-06-12,1609.95
2013-06-13,1637.45
2013-06-14,1624.15
2013-06-17,1635.45
2013-06-18,1647.05
2013-06-19,1620.95
2013-06-20,1583.65
2013-06-21,1583.45
2013-06-24,1565.95
2013-06-25,1580.65
2013-06-26,1597.15
2013-06-27,1606.65
2013-06-28,1597.15
2013-07-01,1606.65
2013-07-02,1607.15
2013-07-03,1610.15
2013-07-04,1623.65
2013-07-05,1629.15
2013-07-08,1637.15
2013-07-09,1646.95
2013-07-10,1656.15
2013-07-11,1669.45
2013-07-12,1670.65
2013-07-15,1677.65
2013-07-16,1671.45
2013-07-17,1676.65
2013-07-18,1680.15
2013-07-19,1689.95
2013-07-22,1690.65
2013-07-23,1689.75
2013-07-24,1684.15
2013-07-25,1686.15
2013-07-26,1686.95
2013-07-29,1682.65
2013-07-30,1684.45
2013-07-31,1685.45
2013-08-01,1702.45
2013-08-02,1703.45
2013-08-05,1701.65
2013-08-06,1692.65
2013-08-07,1688.95
2013-08-08,1694.45
2013-08-09,1685.65
2013-08-12,1688.45
2013-08-13,1690.65
2013-08-14,1681.15
2013-08-15,1654.65
2013-08-16,1650.65
2013-08-19,1643.95
2013-08-20,1650.95
2013-08-21,1634.75
2013-08-22,1655.65
2013-08-23,1661.45
2013-08-26,1654.65
2013-08-27,1628.45
2013-08-28,1630.45
2013-08-29,1638.15
2013-08-30,1632.15
2013-09-02,1647.65
2013-09-03,1637.65
2013-09-04,1654.95
2013-09-05,1652.15
2013-09-06,1654.15
2013-09-09,1671.15
2013-09-10,1682.65
2013-09-11,1690.15
2013-09-12,1685.45
2013-09-13,1689.95
2013-09-16,1689.15
2013-09-17,1699.15
2013-09-18,1718.95
2013-09-19,1716.95
2013-09-20,1704.45
2013-09-23,1692.95
2013-09-24,1692.15
2013-09-25,1686.45
2013-09-26,1694.45
2013-09-27,1685.45
2013-09-30,1678.65
2013-10-01,1691.65
2013-10-02,1682.95
2013-10-03,1667.65
2013-10-04,1682.95
2013-10-07,1667.45
2013-10-08,1646.15
2013-10-09,1648.15
2013-10-10,1683.15
2013-10-11,1699.65
2013-10-14,1706.15
2013-10-15,1694.65
2013-10-16,1712.65
2013-10-17,1728.45
2013-10-18,1737.65
2013-10-21,1737.95
2013-10-22,1749.65
2013-10-23,1742.65
2013-10-24,1748.65
2013-10-25,1753.95
2013-10-28,1756.95
2013-10-29,1767.15
2013-10-30,1753.65
2013-10-31,1754.95
2013-11-01,1754.45
2013-11-04,1762.95
2013-11-05,1756.95
2013-11-06,1764.15
2013-11-07,1744.65
2013-11-08,1765.45
2013-11-11,1767.95
2013-11-12,1764.65
2013-11-13,1779.65
2013-11-14,1787.95
2013-11-15,1793.65
2013-11-18,1789.45
2013-11-19,1784.95
2013-11-20,1779.95
2013-11-21,1793.65
2013-11-22,1801.45
2013-11-25,1801.65
2013-11-26,1802.15
2013-11-27,1804.15
2013-11-28,1808.65
2013-11-29,1804.15
2013-12-02,1799.95
2013-12-03,1791.65
2013-12-04,1792.15
2013-12-05,1783.65
2013-12-06,1805.45
2013-12-09,1809.45
2013-12-10,1803.45
2013-12-11,1780.45
2013-12-12,1773.45
2013-12-13,1774.95
2013-12-16,1778.85
2013-12-17,1771.85
2013-12-18,1804.15
2013-12-19,1802.45
2013-12-20,1816.65
2013-12-23,1823.15
2013-12-24,1829.15
2013-12-26,1836.65
2013-12-27,1836.65
2013-12-30,1835.45
2013-12-31,1842.95
2014-01-02,1826.65
2014-01-03,1823.65
2014-01-06,1819.95
2014-01-07,1830.45
2014-01-08,1832.15
2014-01-09,1833.45
2014-01-10,1838.45
2014-01-13,1815.15
2014-01-14,1832.95
2014-01-15,1841.45
2014-01-16,1837.45
2014-01-17,1833.95
2014-01-20,1834.35
2014-01-21,1837.45
2014-01-22,1838.65
2014-01-23,1823.65
2014-01-24,1780.65
2014-01-27,1772.15
2014-01-28,1794.65
2014-01-29,1770.45
2014-01-30,1783.95
2014-01-31,1776.65
2014-02-03,1736.65
2014-02-04,1743.45
2014-02-05,1744.65
2014-02-06,1768.45
2014-02-07,1792.95
2014-02-10,1795.65
2014-02-11,1813.15
2014-02-12,1816.65
2014-02-13,1824.15
2014-02-14,1834.95
2014-02-17,1837.05
2014-02-18,1837.45
2014-02-19,1826.45
2014-02-20,1835.95
2014-02-21,1833.95
2014-02-24,1844.65
2014-02-25,1847.65
2014-02-26,1844.45
2014-02-27,1854.95
2014-02-28,1860.15
2014-03-03,1843.95
2014-03-04,1871.65
2014-03-05,1873.95
2014-03-06,1876.95
2014-03-07,1877.45
2014-03-10,1875.95
2014-03-11,1864.95
2014-03-12,1867.95
2014-03-13,1848.15
2014-03-14,1839.65
2014-03-17,1852.45
2014-03-18,1862.95
2014-03-19,1851.95
2014-03-20,1864.45
2014-03-21,1858.65
2014-03-24,1850.95
2014-03-25,1861.15
2014-03-26,1842.95
2014-03-27,1843.65
2014-03-28,1850.15
2014-03-31,1864.15
2014-04-01,1878.15
2014-04-02,1882.95
2014-04-03,1884.45
2014-04-04,1861.65
2014-04-07,1839.65
2014-04-08,1844.95
2014-04-09,1865.95
2014-04-10,1829.15
2014-04-11,1811.45
2014-04-14,1824.95
2014-04-15,1843.15
2014-04-16,1852.65
2014-04-17,1857.65
2014-04-21,1864.45
2014-04-22,1873.65
2014-04-23,1880.15
2014-04-24,1873.15
2014-04-25,1860.15
2014-04-28,1866.15
2014-04-29,1870.65
2014-04-30,1879.45
2014-05-01,1879.15
2014-05-02,1873.65
2014-05-05,1878.15
2014-05-06,1864.15
2014-05-07,1874.45
2014-05-08,1870.15
2014-05-09,1874.65
2014-05-12,1893.65
2014-05-13,1894.95
2014-05-14,1886.15
2014-05-15,1867.15
2014-05-16,1875.15
2014-05-19,1881.65
2014-05-20,1868.65
2014-05-21,1883.45
2014-05-22,1890.15
2014-05-23,1897.45
2014-05-26,1903.95
2014-05-27,1909.65
2014-05-28,1909.45
2014-05-29,1917.65
2014-05-30,1919.15
2014-06-02,1921.95
2014-06-03,1923.45
2014-06-04,1925.75
2014-06-05,1938.65
2014-06-06,1949.45
2014-06-09,1949.65
2014-06-10,1951.25
2014-06-11,1944.45
2014-06-12,1931.15
2014-06-13,1935.95
2014-06-16,1929.15
2014-06-17,1933.95
2014-06-18,1948.55
2014-06-19,1949.45
2014-06-20,1953.95
2014-06-23,1951.65
2014-06-24,1942.15
2014-06-25,1948.65
2014-06-26,1948.45
2014-06-27,1951.45
2014-06-30,1954.95
2014-07-01,1966.15
2014-07-02,1968.45
2014-07-03,1977.65
2014-07-04,1975.65
2014-07-07,1970.95
2014-07-08,1960.45
2014-07-09,1967.95
2014-07-10,1957.45
2014-07-11,1962.65
2014-07-14,1971.15
2014-07-15,1968.65
2014-07-16,1971.65
2014-07-17,1948.95
2014-07-18,1971.45
2014-07-21,1965.65
2014-07-22,1974.15
2014-07-23,1981.15
2014-07-24,1979.45
2014-07-25,1971.15
2014-07-28,1972.45
2014-07-29,1964.45
2014-07-30,1965.15
2014-07-31,1925.45
2014-08-01,1918.45
2014-08-04,1931.15
2014-08-05,1914.45
2014-08-06,1914.95
2014-08-07,1905.45
2014-08-08,1923.95
2014-08-11,1933.45
2014-08-12,1932.45
2014-08-13,1945.95
2014-08-14,1954.65
2014-08-15,1952.45
2014-08-18,1968.65
2014-08-19,1977.65
2014-08-20,1983.45
2014-08-21,1989.95
2014-08-22,1987.95
2014-08-25,1994.95
2014-08-26,1998.65
2014-08-27,1996.95
2014-08-28,1999.45
2014-08-29,1998.65
2014-09-01,2000.95
2014-09-02,2000.65
2014-09-03,1998.95
2014-09-04,1999.45
2014-09-05,2006.95
2014-09-08,2000.65
2014-09-09,1989.65
2014-09-10,1995.15
2014-09-11,1999.15
2014-09-12,1984.45
2014-09-15,1976.95
2014-09-16,1991.65
2014-09-17,1995.65
2014-09-18,2006.15
2014-09-19,2001.45
2014-09-22,1983.45
2014-09-23,1969.65
2014-09-24,1990.65
2014-09-25,1961.95
2014-09-26,1975.95
2014-09-29,1968.65
2014-09-30,1960.95
2014-10-01,1940.95
2014-10-02,1938.45
2014-10-03,1960.15
2014-10-06,1953.65
2014-10-07,1924.95
2014-10-08,1961.95
2014-10-09,1916.95
2014-10-10,1894.45
2014-10-13,1866.15
2014-10-14,1877.65
2014-10-15,1846.45
2014-10-16,1852.95
2014-10-17,1881.65
2014-10-20,1903.95
2014-10-21,1938.95
2014-10-22,1924.65
2014-10-23,1946.45
2014-10-24,1960.45
2014-10-27,1957.15
2014-10-28,1974.95
2014-10-29,1972.95
2014-10-30,1989.15
2014-10-31,2009.45
2014-11-03,2011.15
2014-11-04,2006.15
2014-11-05,2018.95
2014-11-06,2028.45
2014-11-07,2026.15
2014-11-10,2034.15
2014-11-11,2036.45
2014-11-12,2034.65
2014-11-13,2033.15
2014-11-14,2038.65
2014-11-17,2039.15
2014-11-18,2048.65
2014-11-19,2046.65
2014-11-20,2052.15
2014-11-21,2061.65
2014-11-24,2067.45
2014-11-25,2068.45
2014-11-26,2073.95
2014-11-27,2074.15
2014-11-28,2066.65
2014-12-01,2050.95
2014-12-02,2066.65
2014-12-03,2072.95
2014-12-04,2071.95
2014-12-05,2076.45
2014-12-08,2060.45
2014-12-09,2057.65
2014-12-10,2025.95
2014-12-11,2029.65
2014-12-12,1998.65
2014-12-15,1983.25
2014-12-16,1966.65
2014-12-17,2007.95
2014-12-18,2061.25
2014-12-19,2065.45
2014-12-22,2072.65
2014-12-23,2078.65
2014-12-24,2078.55
2014-12-26,2085.15
2014-12-29,2087.45
2014-12-30,2076.15
2014-12-31,2051.65
2015-01-02,2047.45
2015-01-05,2017.95
2015-01-06,1995.45
2015-01-07,2020.45
2015-01-08,2054.15
2015-01-09,2034.95
2015-01-12,2023.65
2015-01-13,2017.45
2015-01-14,2010.45
2015-01-15,1979.65
2015-01-16,2012.95
2015-01-19,2008.65
2015-01-20,2016.45
2015-01-21,2027.15
2015-01-22,2056.95
2015-01-23,2043.45
2015-01-26,2054.65
2015-01-27,2036.65
2015-01-28,1992.65
2015-01-29,2019.15
2015-01-30,1989.15
2015-02-02,2015.15
2015-02-03,2040.75
2015-02-04,2023.95
2015-02-05,2055.95
2015-02-06,2054.95
2015-02-09,2043.65
2015-02-10,2062.45
2015-02-11,2073.45
2015-02-12,2082.65
2015-02-13,2094.45
2015-02-16,2086.65
2015-02-17,2096.45
2015-02-18,2095.45
2015-02-19,2095.65
2015-02-20,2107.65
2015-02-23,2106.45
2015-02-24,2113.65
2015-02-25,2110.65
2015-02-26,2109.65
2015-02-27,2105.15
2015-03-02,2114.45
2015-03-03,2104.65
2015-03-04,2096.45
2015-03-05,2099.65
2015-03-06,2071.65
2015-03-09,2076.65
2015-03-10,2044.15
2015-03-11,2040.45
2015-03-12,2065.45
2015-03-13,2051.95
2015-03-16,2065.95
2015-03-17,2066.15
2015-03-18,2092.95
2015-03-19,2077.95
2015-03-20,2098.95
2015-03-23,2095.65
2015-03-24,2085.45
2015-03-25,2055.45
2015-03-26,2049.65
2015-03-27,2051.95
2015-03-30,2074.45
2015-03-31,2057.95
2015-04-01,2054.95
2015-04-02,2060.15
2015-04-03,2039.95
2015-04-06,2071.65
2015-04-07,2068.15
2015-04-08,2077.95
2015-04-09,2086.15
2015-04-10,2095.65
2015-04-13,2087.95
2015-04-14,2091.65
2015-04-15,2101.65
2015-04-16,2101.15
2015-04-17,2075.95
2015-04-20,2089.45
2015-04-21,2091.95
2015-04-22,2098.95
2015-04-23,2108.45
2015-04-24,2112.45
2015-04-27,2103.95
2015-04-28,2111.45
2015-04-29,2097.95
2015-04-30,2082.95
2015-05-01,2101.65
2015-05-04,2109.65
2015-05-05,2085.65
2015-05-06,2074.95
2015-05-07,2084.95
2015-05-08,2108.45
2015-05-11,2096.95
2015-05-12,2096.45
2015-05-13,2095.65
2015-05-14,2117.45
2015-05-15,2120.15
2015-05-18,2126.65
2015-05-19,2123.95
2015-05-20,2120.65
2015-05-21,2128.65
2015-05-22,2124.65
2015-05-25,2122.45
2015-05-26,2105.95
2015-05-27,2120.15
2015-05-28,2122.45
2015-05-29,2107.45
2015-06-01,2111.45
2015-06-02,2106.65
2015-06-03,2116.45
2015-06-04,2098.95
2015-06-05,2091.95
2015-06-08,2079.55
2015-06-09,2080.45
2015-06-10,2106.45
2015-06-11,2110.45
2015-06-12,2093.45
2015-06-15,2074.65
2015-06-16,2089.45
2015-06-17,2088.65
2015-06-18,2114.65
2015-06-19,2100.45
2015-06-22,2114.65
2015-06-23,2117.65
2015-06-24,2100.95
2015-06-25,2094.45
2015-06-26,2096.15
2015-06-29,2052.55
2015-06-30,2055.15
2015-07-01,2071.65
2015-07-02,2068.75
2015-07-03,2066.05
2015-07-06,2068.45
2015-07-07,2073.95
2015-07-08,2039.65
2015-07-09,2041.15
2015-07-10,2069.95
2015-07-13,2094.65
2015-07-14,2102.65
2015-07-15,2105.15
2015-07-16,2117.15
2015-07-17,2119.15
2015-07-20,2122.45
2015-07-21,2107.15
2015-07-22,2109.95
2015-07-23,2101.45
2015-07-24,2078.95
2015-07-27,2064.95
2015-07-28,2088.65
2015-07-29,2100.95
2015-07-30,2102.45
2015-07-31,2100.45
2015-08-03,2090.95
2015-08-04,2082.95
2015-08-05,2094.65
2015-08-06,2079.65
2015-08-07,2073.15
2015-08-10,2100.95
2015-08-11,2080.65
2015-08-12,2082.65
2015-08-13,2079.45
2015-08-14,2089.95
2015-08-17,2098.65
2015-08-18,2093.45
2015-08-19,2073.45
2015-08-20,2025.45
2015-08-21,1969.45
2015-08-24,1870.65
2015-08-25,1874.15
2015-08-26,1939.95
2015-08-27,1989.15
2015-08-28,1985.95
2015-08-31,1965.65
2015-09-01,1912.65
2015-09-02,1947.95
2015-09-03,1946.95
2015-09-04,1919.95
2015-09-07,1930.95
2015-09-08,1966.15
2015-09-09,1943.95
2015-09-10,1951.75
2015-09-11,1961.75
2015-09-14,1945.15
2015-09-15,1970.75
2015-09-16,1987
2015-09-17,1978
2015-09-18,1947.75
2015-09-21,1964
2015-09-22,1930
2015-09-23,1931.75
2015-09-24,1920
2015-09-25,1915.75
2015-09-28,1874.75
2015-09-29,1874.5
2015-09-30,1902.75
2015-10-01,1918.25
2015-10-02,1943
2015-10-05,1974.75
2015-10-06,1964.25
2015-10-07,1988.5
2015-10-08,2005.75
2015-10-09,2006.75
2015-10-12,2012.5
2015-10-13,1992.5
2015-10-14,1985.5
2015-10-15,2018.75
2015-10-16,2026.25
2015-10-19,2027.25
2015-10-20,2019.75
2015-10-21,2010.5
2015-10-22,2055.75
2015-10-23,2065
2015-10-26,2063.5
2015-10-27,2060.5
2015-10-28,2080.75
2015-10-29,2083.12
2015-10-30,2074
2015-11-02,2093.25
2015-11-03,2102.5
2015-11-04,2095.75
2015-11-05,2095.5
2015-11-06,2093.5
2015-11-09,2072
2015-11-10,2077.25
2015-11-11,2068.75
2015-11-12,2040.75
2015-11-13,2012.25
2015-11-16,2048.75
2015-11-17,2050
2015-11-18,2078.75
2015-11-19,2079.25
2015-11-20,2088.5
2015-11-23,2083.5
2015-11-24,2084
2015-11-25,2088.75
2015-11-26,2095
2015-11-27,2089.25
2015-11-30,2085.5
2015-12-01,2099.75
2015-12-02,2083.5
2015-12-03,2054
2015-12-04,2088.75
2015-12-07,2081
2015-12-08,2060.75
2015-12-09,2045.5
2015-12-10,2051
2015-12-11,2009.75
2015-12-14,2011.88
2015-12-15,2038
2015-12-16,2060.75
2015-12-17,2023.75
2015-12-18,1994.75
2015-12-21,2018.5
2015-12-22,2034
2015-12-23,2053.25
2015-12-24,2051
2015-12-28,2050.25
2015-12-29,2073.5
2015-12-30,2056
2015-12-31,2036
2016-01-04,2009.5
2016-01-05,2010.75
2016-01-06,1987.5
2016-01-07,1934
2016-01-08,1912
2016-01-11,1913.25
2016-01-12,1923.25
2016-01-13,1883.25
2016-01-14,1913
2016-01-15,1876.75
2016-01-18,1871.25
2016-01-19,1872.5
2016-01-20,1852.25
2016-01-21,1861.25
2016-01-22,1899.25
2016-01-25,1871.75
2016-01-26,1888.5
2016-01-27,1878.25
2016-01-28,1881.75
2016-01-29,1931
2016-02-01,1928.75
2016-02-02,1896
2016-02-03,1908.63
2016-02-04,1905.75
2016-02-05,1874.25
2016-02-08,1851.5
2016-02-09,1846.75
2016-02-10,1843
2016-02-11,1826.5
2016-02-12,1859.5
2016-02-15,1884.25
2016-02-16,1889.25
2016-02-17,1927.75
2016-02-18,1918.25
2016-02-19,1914.25
2016-02-22,1934
2016-02-23,1914
2016-02-24,1933.5
2016-02-25,1949.25
2016-02-26,1942.25
2016-02-29,1928.5
2016-03-01,1977.5
2016-03-02,1982
2016-03-03,1992
2016-03-04,1994.5
2016-03-07,2000
2016-03-08,1982.5
2016-03-09,1989.75
2016-03-10,1990.75
2016-03-11,2020.5
2016-03-14,2009.65
2016-03-15,2007.15
2016-03-16,2017.5
2016-03-17,2032.5
2016-03-18,2039.25
2016-03-21,2042.5
2016-03-22,2041
2016-03-23,2028
2016-03-24,2030
2016-03-28,2028.25
2016-03-29,2049
2016-03-30,2056.25
2016-03-31,2052.5
2016-04-01,2064.5
2016-04-04,2056.5
2016-04-05,2042
2016-04-06,2059.5
2016-04-07,2035
2016-04-08,2041.75
2016-04-11,2033
2016-04-12,2055.5
2016-04-13,2075.75
2016-04-14,2077
2016-04-15,2075.25
2016-04-18,2086.25
2016-04-19,2094.25
2016-04-20,2098
2016-04-21,2082.25
2016-04-22,2086.5
2016-04-25,2084.25
2016-04-26,2084.75
2016-04-27,2093
2016-04-28,2074.5
2016-04-29,2060.75
2016-05-02,2075.75
2016-05-03,2058
2016-05-04,2046.5
2016-05-05,2043.5
2016-05-06,2053.75
2016-05-09,2054.5
2016-05-10,2077.25
2016-05-11,2059.75
2016-05-12,2060.25
2016-05-13,2043.5
2016-05-16,2062
2016-05-17,2044.75
2016-05-18,2043.25
2016-05-19,2039
2016-05-20,2050.25
2016-05-23,2045
2016-05-24,2075.25
2016-05-25,2088.5
2016-05-26,2090.75
2016-05-27,2098.5
2016-05-30,2101.5
2016-05-31,2094.75
2016-06-01,2097.25
2016-06-02,2104
2016-06-03,2097.5
2016-06-06,2109.25
2016-06-07,2110.25
2016-06-08,2117.75
2016-06-09,2114.25
2016-06-10,2095.75
2016-06-13,2067
2016-06-14,2064.5
2016-06-15,2062.25
2016-06-16,2069.5
2016-06-17,2061
2016-06-20,2083.25
2016-06-21,2079.5
2016-06-22,2077.25
2016-06-23,2111.75
2016-06-24,2018.25
2016-06-27,1982.25
2016-06-28,2028.5
2016-06-29,2073.25
2016-06-30,2086.75
2016-07-01,2096
2016-07-04,2100
2016-07-05,2084.5
2016-07-06,2092.88
2016-07-07,2092.25
2016-07-08,2121
2016-07-11,2131.25
2016-07-12,2145.75
2016-07-13,2145.75
2016-07-14,2157.5
2016-07-15,2145.75
2016-07-18,2160
2016-07-19,2159.25
2016-07-20,2168.75
2016-07-21,2159
2016-07-22,2167.38
2016-07-25,2163.25
2016-07-26,2165.75
2016-07-27,2163
2016-07-28,2166
2016-07-29,2170.5
2016-08-01,2165.5
2016-08-02,2152.75
2016-08-03,2157.25
2016-08-04,2160.25
2016-08-05,2177.25
2016-08-08,2176.5
2016-08-09,2178
2016-08-10,2172.5
2016-08-11,2181.62
2016-08-12,2180.75
2016-08-15,2186
2016-08-16,2178.25
2016-08-17,2181
2016-08-18,2183.25
2016-08-19,2182.25
2016-08-22,2181.25
2016-08-23,2185.75
2016-08-24,2175
2016-08-25,2174.5
2016-08-26,2167.25
2016-08-29,2180.25
2016-08-30,2176
2016-08-31,2168.75
2016-09-01,2166.25
2016-09-02,2179
2016-09-05,2178.75
2016-09-06,2185.75
2016-09-07,2184.5
2016-09-08,2178
2016-09-09,2120.5
2016-09-12,2151.25
2016-09-13,2125.75
2016-09-14,2115.75
2016-09-15,2136.75
2016-09-16,2132.75
2016-09-19,2133.75
2016-09-20,2129.75
2016-09-21,2156
2016-09-22,2168.75
2016-09-23,2157.5
2016-09-26,2139.75
2016-09-27,2152
2016-09-28,2162.75
2016-09-29,2147.5
2016-09-30,2157.25
2016-10-03,2154.25
2016-10-04,2144
2016-10-05,2153.88
2016-10-06,2155.5
2016-10-07,2146
2016-10-10,2159.75
2016-10-11,2133.75
2016-10-12,2128.25
2016-10-13,2125.75
2016-10-14,2126.5
2016-10-17,2121.75
2016-10-18,2131.75
2016-10-19,2138
2016-10-20,2137
2016-10-21,2136
2016-10-24,2145.5
2016-10-25,2136.5
2016-10-26,2134
2016-10-27,2127.75
2016-10-28,2123.25
2016-10-31,2122.75
2016-11-01,2102
2016-11-02,2089
2016-11-03,2084.75
2016-11-04,2081.75
2016-11-07,2130.25
2016-11-08,2135.5
2016-11-09,2160.5
2016-11-10,2164.5
2016-11-11,2160
2016-11-14,2161.25
2016-11-15,2178.75
2016-11-16,2172.5
2016-11-17,2185
2016-11-18,2180.25
2016-11-21,2193.75
2016-11-22,2201.5
2016-11-23,2200.75
2016-11-24,2206.25
2016-11-25,2211.25
2016-11-28,2199.75
2016-11-29,2203.25
2016-11-30,2198.5
2016-12-01,2191.25
2016-12-02,2190.75
2016-12-05,2205.25
2016-12-06,2211.5
2016-12-07,2236.5
2016-12-08,2247.75
2016-12-09,2261.25
2016-12-12,2250.63
2016-12-13,2268.25
2016-12-14,2251.88
2016-12-15,2259.75
2016-12-16,2255.25
2016-12-19,2260.5
2016-12-20,2266.75
2016-12-21,2258.5
2016-12-22,2257.75
2016-12-23,2258.75
2016-12-27,2260.75
2016-12-28,2245
2016-12-29,2246
2016-12-30,2233.25
2017-01-03,2252.25
2017-01-04,2264
2017-01-05,2264.5
2017-01-06,2271
2017-01-09,2264.25
2017-01-10,2264
2017-01-11,2270.75
2017-01-12,2264.5
2017-01-13,2270.5
2017-01-16,2266
2017-01-17,2262.25
2017-01-18,2265
2017-01-19,2261.25
2017-01-20,2266.5
2017-01-23,2261.25
2017-01-24,2275.5
2017-01-25,2293.75
2017-01-26,2294.25
2017-01-27,2289.5
2017-01-30,2276
2017-01-31,2277.25
2017-02-01,2274.75
2017-02-02,2274.25
2017-02-03,2291.5
2017-02-06,2286.5
2017-02-07,2285.75
2017-02-08,2290.25
2017-02-09,2304
2017-02-10,2312.75
2017-02-13,2326.5
2017-02-14,2335.75
2017-02-15,2350.5
2017-02-16,2345.5
2017-02-17,2348.5
2017-02-20,2352.5
2017-02-21,2360
2017-02-22,2362
2017-02-23,2362.75
2017-02-24,2364.25
2017-02-27,2365.5
2017-02-28,2364.75
2017-03-01,2392.25
2017-03-02,2380.75
2017-03-03,2380.5
2017-03-06,2370.5
2017-03-07,2366.25
2017-03-08,2363.25
2017-03-09,2367.75
2017-03-10,2371.25
2017-03-13,2371
2017-03-14,2364
2017-03-15,2380.5
2017-03-16,2379
2017-03-17,2375
2017-03-20,2369.25
2017-03-21,2338.75
2017-03-22,2346.5
2017-03-23,2342.75
2017-03-24,2342.25
2017-03-27,2339.75
2017-03-28,2352
2017-03-29,2356.75
2017-03-30,2365.25
2017-03-31,2357.5
2017-04-03,2354.5
2017-04-04,2358.25
2017-04-05,2345.25
2017-04-06,2355
2017-04-07,2352.75
2017-04-10,2353.75
2017-04-11,2351.5
2017-04-12,2339.25
2017-04-13,2327.25
2017-04-17,2345
2017-04-18,2338
2017-04-19,2332.5
2017-04-20,2352
2017-04-21,2345
2017-04-24,2370.25
2017-04-25,2383.5
2017-04-26,2381.5
2017-04-27,2387.25
2017-04-28,2380.5
2017-05-01,2386.75
2017-05-02,2384.5
2017-05-03,2382.25
2017-05-04,2386.25
2017-05-05,2398.75
2017-05-08,2394.75
2017-05-09,2392.75
2017-05-10,2394.5
2017-05-11,2390.25
2017-05-12,2389
2017-05-15,2400
2017-05-16,2397.5
2017-05-17,2356.5
2017-05-18,2363.5
2017-05-19,2382.25
2017-05-22,2393.5
2017-05-23,2397.25
2017-05-24,2403.25
2017-05-25,2413.25
2017-05-26,2414.5
2017-05-29,2414.5
2017-05-30,2411.25
2017-05-31,2414
2017-06-01,2429.25
2017-06-02,2437.25
2017-06-05,2435
2017-06-06,2429.75
2017-06-07,2432
2017-06-08,2434.25
2017-06-09,2430.5
2017-06-12,2427
2017-06-13,2438
2017-06-14,2434.25
2017-06-15,2431.75
2017-06-16,2434.25
2017-06-19,2447.5
2017-06-20,2436.5
2017-06-21,2432.25
2017-06-22,2431.75
2017-06-23,2432.25
2017-06-26,2435.75
2017-06-27,2417.75
2017-06-28,2442.25
2017-06-29,2421
2017-06-30,2421.5
2017-07-03,2423.88
2017-07-04,2425.25
2017-07-05,2428.25
2017-07-06,2408.25
2017-07-07,2422.75
2017-07-10,2424
2017-07-11,2425
2017-07-12,2440
2017-07-13,2445.5
2017-07-14,2456
2017-07-17,2458.5
2017-07-18,2457.75
2017-07-19,2471.5
2017-07-20,2471.25
2017-07-21,2469.5
2017-07-24,2468.5
2017-07-25,2474
2017-07-26,2473.25
2017-07-27,2472
2017-07-28,2470.25
2017-07-31,2468
2017-08-01,2472.25
2017-08-02,2473.5
2017-08-03,2471.75
2017-08-04,2472
2017-08-07,2477.5
2017-08-08,2472.75
2017-08-09,2473
2017-08-10,2437.5
2017-08-11,2440
2017-08-14,2463.5
2017-08-15,2463.75
2017-08-16,2467.5
2017-08-17,2429.5
2017-08-18,2426.75
2017-08-21,2428
2017-08-22,2452.75
2017-08-23,2441.5
2017-08-24,2440.75
2017-08-25,2442.5
2017-08-28,2443.75
2017-08-29,2447
2017-08-30,2455.75
2017-08-31,2470
2017-09-01,2474.25
2017-09-05,2459.75
2017-09-06,2465.5
2017-09-07,2466.5
2017-09-08,2462.5
2017-09-11,2485.75
2017-09-12,2494.25
2017-09-13,2494.75
2017-09-14,2494.25
2017-09-15,2497.25
2017-09-18,2502.75
2017-09-19,2504.75
2017-09-20,2505.25
2017-09-21,2501
2017-09-22,2499.5
2017-09-25,2497
2017-09-26,2495.5
2017-09-27,2504.5
2017-09-28,2507.75
2017-09-29,2516
2017-10-02,2526.25
2017-10-03,2532.75
2017-10-04,2536.25
2017-10-05,2550
2017-10-06,2545
2017-10-09,2543.75
2017-10-10,2548.5
2017-10-11,2553
2017-10-12,2549.5
2017-10-13,2552.75
2017-10-16,2556.25
2017-10-17,2557
2017-10-18,2560
2017-10-19,2560.5
2017-10-20,2574
2017-10-23,2563.5
2017-10-24,2567.25
2017-10-25,2558.5
2017-10-26,2561.5
2017-10-27,2578.5
2017-10-30,2568.25
2017-10-31,2572.75
2017-11-01,2574.75
2017-11-02,2576.75
2017-11-03,2582.75
2017-11-06,2588.75
2017-11-07,2586.75
2017-11-08,2591
2017-11-09,2584
2017-11-10,2579.5
2017-11-13,2582
2017-11-14,2578
2017-11-15,2565
2017-11-16,2585
2017-11-17,2576.25
2017-11-20,2582
2017-11-21,2596.25
2017-11-22,2593.5
2017-11-24,2601
2017-11-27,2601.75
2017-11-28,2626
2017-11-29,2625
2017-11-30,2648
2017-12-01,2644
2017-12-04,2638.25
2017-12-05,2628.25
2017-12-06,2629.25
2017-12-07,2639.5
2017-12-08,2651
2017-12-11,2664.5
2017-12-12,2667.75
2017-12-13,2669
2017-12-14,2656
2017-12-15,2682
2017-12-18,2694.5
2017-12-19,2684
2017-12-20,2681.5
2017-12-21,2687.75
2017-12-22,2686
2017-12-26,2687
2017-12-27,2685.5
2017-12-28,2685.75
2017-12-29,2676
2018-01-02,2693
2018-01-03,2711
2018-01-04,2723.75
2018-01-05,2742.5
2018-01-08,2746.75
2018-01-09,2752.25
2018-01-10,2750.5
2018-01-11,2769.5
2018-01-12,2788.75
2018-01-16,2782.5
2018-01-17,2803.75
2018-01-18,2796.25
2018-01-19,2811
2018-01-22,2835.25
2018-01-23,2839.5
2018-01-24,2841
2018-01-25,2841.25
2018-01-26,2874.5
2018-01-29,2853.5
2018-01-30,2824.5
2018-01-31,2825.75
2018-02-01,2822.5
2018-02-02,2756.75
2018-02-05,2607.75
2018-02-06,2694.25
2018-02-07,2668.25
2018-02-08,2593.5
2018-02-09,2619
2018-02-12,2655.25
2018-02-13,2661.75
2018-02-14,2697
2018-02-15,2734
2018-02-16,2735
2018-02-20,2714
2018-02-21,2698.75
2018-02-22,2711.5
2018-02-23,2748.75
2018-02-26,2784.5
2018-02-27,2747.5
2018-02-28,2714.5
2018-03-01,2678.25
2018-03-02,2690.25
2018-03-05,2718.5
2018-03-06,2724
2018-03-07,2723.25
2018-03-08,2739.25
2018-03-09,2784
2018-03-12,2789
2018-03-13,2772.75
2018-03-14,2754
2018-03-15,2755.5
2018-03-16,2756
2018-03-19,2722.75
2018-03-20,2723.5
2018-03-21,2718.25
2018-03-22,2643.25
2018-03-23,2597.75
2018-03-26,2659.5
2018-03-27,2615.75
2018-03-28,2607.5
2018-03-29,2643
2018-04-02,2575
2018-04-03,2613.25
2018-04-04,2647
2018-04-05,2661.75
2018-04-06,2605.75
2018-04-09,2619
2018-04-10,2655
2018-04-11,2641
2018-04-12,2664
2018-04-13,2657.25
2018-04-16,2681.75
2018-04-17,2706.5
2018-04-18,2709.75
2018-04-19,2693
2018-04-20,2671.5
2018-04-23,2671.25
2018-04-24,2635.25
2018-04-25,2644.5
2018-04-26,2674.5
2018-04-27,2671.5
2018-04-30,2647
2018-05-01,2652.25
2018-05-02,2627.5
2018-05-03,2631.75
2018-05-04,2663
2018-05-07,2670
2018-05-08,2670.25
2018-05-09,2696
2018-05-10,2718.75
2018-05-11,2729.5
2018-05-14,2731
2018-05-15,2709
2018-05-16,2723
2018-05-17,2718.75
2018-05-18,2713
2018-05-21,2733
2018-05-22,2726
2018-05-23,2730.75
2018-05-24,2727.5
2018-05-25,2718.25
2018-05-29,2692.25
2018-05-30,2724.5
2018-05-31,2705.5
2018-06-01,2733.75
2018-06-04,2745.5
2018-06-05,2751.5
2018-06-06,2772.25
2018-06-07,2772.25
2018-06-08,2778.75
2018-06-11,2786.75
2018-06-12,2788.25
2018-06-13,2779
2018-06-14,2788.5
2018-06-15,2784.5
2018-06-18,2779.75
2018-06-19,2766.25
2018-06-20,2772
2018-06-21,2752.5
2018-06-22,2759.5
2018-06-25,2722.25
2018-06-26,2728.5
2018-06-27,2705
2018-06-28,2719.5
2018-06-29,2721.5
2018-07-02,2727.25
2018-07-03,2713.25
2018-07-05,2738.5
2018-07-06,2763
2018-07-09,2787.5
2018-07-10,2796.75
2018-07-11,2774
2018-07-12,2798.5
2018-07-13,2803.25
2018-07-16,2796.5
2018-07-17,2811.25
2018-07-18,2816
2018-07-19,2805.25
2018-07-20,2800.75
2018-07-23,2812
2018-07-24,2821
2018-07-25,2841.25
2018-07-26,2842.5
2018-07-27,2817.5
2018-07-30,2803.25
2018-07-31,2817
2018-08-01,2810.75
2018-08-02,2828.5
2018-08-03,2839.5
2018-08-06,2850
2018-08-07,2859.75
2018-08-08,2855.25
2018-08-09,2853.75
2018-08-10,2836.75
2018-08-13,2825.5
2018-08-14,2841
2018-08-15,2821.25
2018-08-16,2844.75
2018-08-17,2852.25
2018-08-20,2858.5
2018-08-21,2861.75
2018-08-22,2861.25
2018-08-23,2858
2018-08-24,2876.75
2018-08-27,2898.5
2018-08-28,2899.25
2018-08-29,2914.75
2018-08-30,2902
2018-08-31,2902
2018-09-04,2898.25
2018-09-05,2888.25
2018-09-06,2879
2018-09-07,2874.75
2018-09-10,2880.25
2018-09-11,2889.75
2018-09-12,2888.5
2018-09-13,2905.25
2018-09-14,2906.25
2018-09-17,2896
2018-09-18,2911.75
2018-09-19,2915
2018-09-20,2939.5
2018-09-21,2933.75
2018-09-24,2925.5
2018-09-25,2921.25
2018-09-26,2911.5
2018-09-27,2920
2018-09-28,2919
2018-10-01,2930
2018-10-02,2928.5
2018-10-03,2931.5
2018-10-04,2907.75
2018-10-05,2894
2018-10-08,2893.75
2018-10-09,2888.25
2018-10-10,2781
2018-10-11,2745.5
2018-10-12,2768.5
2018-10-15,2749
2018-10-16,2817.75
2018-10-17,2816.25
2018-10-18,2772.25
2018-10-19,2767.5
2018-10-22,2756.5
2018-10-23,2746.25
2018-10-24,2664.25
2018-10-25,2688.25
2018-10-26,2669.5
2018-10-29,2643.5
2018-10-30,2685.25
2018-10-31,2711
2018-11-01,2738
2018-11-02,2724.25
2018-11-05,2739.5
2018-11-06,2759
2018-11-07,2816.5
2018-11-08,2808.75
2018-11-09,2779
2018-11-12,2727.75
2018-11-13,2727.5
2018-11-14,2698.5
2018-11-15,2734.5
2018-11-16,2743
2018-11-19,2696.25
2018-11-20,2640
2018-11-21,2649
2018-11-23,2629.5
2018-11-26,2670
2018-11-27,2683.5
2018-11-28,2741.5
2018-11-29,2744.25
2018-11-30,2758.25
2018-12-03,2790.75
2018-12-04,2701.75
2018-12-06,2691
2018-12-07,2636
2018-12-10,2643
2018-12-11,2641.25
2018-12-12,2652.5
2018-12-13,2645.5
2018-12-14,2602
2018-12-17,2555.75
2018-12-18,2538
2018-12-19,2504.5
2018-12-20,2486.25
2018-12-21,2413.5
2018-12-24,2341.75
2018-12-26,2471
2018-12-27,2495
2018-12-28,2486
2018-12-31,2505.25
2019-01-02,2511
2019-01-03,2447.75
2019-01-04,2531.25
2019-01-07,2550.5
2019-01-08,2572.5
2019-01-09,2582.5
2019-01-10,2594
2019-01-11,2595
2019-01-14,2580.5
2019-01-15,2605.5
2019-01-16,2613.25
2019-01-17,2635.25
2019-01-18,2671.5
2019-01-22,2632
2019-01-23,2638.25
2019-01-24,2634
2019-01-25,2663.5
2019-01-28,2642
2019-01-29,2640.25
2019-01-30,2682.5
2019-01-31,2704.5
2019-02-01,2704.25
2019-02-04,2721.25
2019-02-05,2731
2019-02-06,2729.5
2019-02-07,2704
2019-02-08,2706.25
2019-02-11,2708.25
2019-02-12,2744.75
2019-02-13,2749.5
2019-02-14,2743.5
2019-02-15,2777
2019-02-19,2778.75
2019-02-20,2787
2019-02-21,2774.25
2019-02-22,2791.25
2019-02-25,2797
2019-02-26,2791.5
2019-02-27,2795
2019-02-28,2784.75
2019-03-01,2805
2019-03-04,2791.5
2019-03-05,2791.5
2019-03-06,2771.5
2019-03-07,2750
2019-03-08,2747
2019-03-11,2789
2019-03-12,2797.25
2019-03-13,2819.5
2019-03-14,2812.25
2019-03-15,2829.75
2019-03-18,2840.5
2019-03-19,2836.5
2019-03-20,2827
2019-03-21,2862.5
2019-03-22,2810.75
2019-03-25,2807
2019-03-26,2823
2019-03-27,2810.5
2019-03-28,2821
2019-03-29,2837.75
2019-04-01,2870.5
2019-04-02,2867
2019-04-03,2879.75
2019-04-04,2882.75
2019-04-05,2896
2019-04-08,2898.25
2019-04-09,2882.5
2019-04-10,2894.5
2019-04-11,2891.75
2019-04-12,2912.5
2019-04-15,2909.5
2019-04-16,2911.5
2019-04-17,2900.5
2019-04-18,2910
2019-04-22,2912.5
2019-04-23,2938
2019-04-24,2930.75
2019-04-25,2926.25
2019-04-26,2941.5
2019-04-29,2943
2019-04-30,2948.5
2019-05-01,2923
2019-05-02,2917.5
2019-05-03,2947.5
2019-05-06,2932.5
2019-05-07,2890.75
2019-05-08,2887.25
2019-05-09,2872.75
2019-05-10,2887
2019-05-13,2807
2019-05-14,2839.25
2019-05-15,2855
2019-05-16,2878.5
2019-05-17,2862
2019-05-20,2844
2019-05-21,2866
2019-05-22,2857.5
2019-05-23,2819.5
2019-05-24,2831.75
2019-05-28,2805
2019-05-29,2780
2019-05-30,2790.5
2019-05-31,2752.5
2019-06-03,2749.5
2019-06-04,2805
2019-06-05,2827.75
2019-06-06,2845.75
2019-06-07,2875
2019-06-10,2889.25
2019-06-11,2887
2019-06-12,2881
2019-06-13,2894.5
2019-06-14,2890.5
2019-06-17,2896.25
2019-06-18,2926.25
2019-06-19,2933.5
2019-06-20,2960
2019-06-21,2950.5
2019-06-24,2952
2019-06-25,2922
2019-06-26,2918
2019-06-27,2931
2019-06-28,2944.25
2019-07-01,2967.75
2019-07-02,2979.5
2019-07-03,3000.25
2019-07-05,2990.5
2019-07-08,2978.5
2019-07-09,2982
2019-07-10,2997.5
2019-07-11,3004
2019-07-12,3015.5
2019-07-15,3017.25
2019-07-16,3007
2019-07-17,2985
2019-07-18,2997.5
2019-07-19,2977
2019-07-22,2989
2019-07-23,3008
2019-07-24,3021.5
2019-07-25,3006.5
2019-07-26,3024.5
2019-07-29,3021.75
2019-07-30,3012.25
2019-07-31,2982.25
2019-08-01,2952
2019-08-02,2932.5
2019-08-05,2830
2019-08-06,2876
2019-08-07,2880.5
2019-08-08,2940
2019-08-09,2919.75
2019-08-12,2880.25
2019-08-13,2932
2019-08-14,2840.75
2019-08-15,2848.5
2019-08-16,2891.5
2019-08-19,2923.75
2019-08-20,2898.25
2019-08-21,2929.25
2019-08-22,2922.25
2019-08-23,2855.5
2019-08-26,2883.25
2019-08-27,2865.5
2019-08-28,2889.75
2019-08-29,2926.75
2019-08-30,2924.75
2019-09-03,2906
2019-09-04,2938.5
2019-09-05,2972
2019-09-06,2980.75
2019-09-09,2978.25
2019-09-10,2978.5
2019-09-11,3002
2019-09-12,3011.75
2019-09-13,3006.5
2019-09-16,3001.5
2019-09-17,3008
2019-09-18,3008.5
2019-09-19,3008
2019-09-20,2989.5
2019-09-23,2997
2019-09-24,2970.25
2019-09-25,2986.25
2019-09-26,2980.5
2019-09-27,2963.75
2019-09-30,2978.5
2019-10-01,2937.75
2019-10-02,2880.5
2019-10-03,2911.75
2019-10-04,2951
2019-10-07,2937.5
2019-10-08,2892.5
2019-10-09,2919
2019-10-10,2941
2019-10-11,2970.75
2019-10-14,2965.5
2019-10-15,2997.75
2019-10-16,2991.5
2019-10-17,2998
2019-10-18,2988.25
2019-10-21,3006.5
2019-10-22,2994.5
2019-10-23,3005.75
2019-10-24,3004.25
2019-10-25,3020.25
2019-10-28,3036.25
2019-10-29,3035.75
2019-10-30,3047.75
2019-10-31,3035.75
2019-11-01,3063.25
2019-11-04,3075.75
2019-11-05,3072
2019-11-06,3075.5
2019-11-07,3086
2019-11-08,3090.5
2019-11-11,3087.5
2019-11-12,3092
2019-11-13,3095.5
2019-11-14,3097
2019-11-15,3118.25
2019-11-18,3121.75
2019-11-19,3118.5
2019-11-20,3109
2019-11-21,3104
2019-11-22,3111.5
2019-11-25,3132.75
2019-11-26,3143.75
2019-11-27,3153.75
2019-11-29,3143.75
2019-12-02,3114.25
2019-12-03,3091
2019-12-04,3111
2019-12-05,3117.75
2019-12-06,3146
2019-12-09,3134.5
2019-12-10,3136
2019-12-11,3143
2019-12-12,3168
2019-12-13,3172
2019-12-16,3198.5
2019-12-17,3195.5
2019-12-18,3199.25
2019-12-19,3211.75
2019-12-20,3225.75
2019-12-23,3227.25
2019-12-24,3225.75
2019-12-26,3244.5
2019-12-27,3237.5
2019-12-30,3223.5
2019-12-31,3231
2020-01-02,3259
2020-01-03,3235.5
2020-01-06,3243.5
2020-01-07,3235.25
2020-01-08,3260.25
2020-01-09,3276
2020-01-10,3264.75
2020-01-13,3289.75
2020-01-14,3288
2020-01-15,3293.75
2020-01-16,3316.5
2020-01-17,3325
2020-01-21,3319.5
2020-01-22,3319.75
2020-01-23,3326
2020-01-24,3293.5
2020-01-27,3239.5
2020-01-28,3278.25
2020-01-29,3272.5
2020-01-30,3289.75
2020-01-31,3224
2020-02-03,3245.5
2020-02-04,3299.5
2020-02-05,3335
2020-02-06,3345.25
2020-02-07,3325.5
2020-02-10,3353
2020-02-11,3357.5
2020-02-12,3380.5
2020-02-13,3377.5
2020-02-14,3381
2020-02-18,3369.25
2020-02-19,3387.25
2020-02-20,3369.25
2020-02-21,3339.25
2020-02-24,3226.25
2020-02-25,3132.5
2020-02-26,3110.25
2020-02-27,2957
2020-02-28,2951
2020-03-02,3065
2020-03-03,2997
2020-03-04,3114.75
2020-03-05,3015.5
2020-03-06,2964
2020-03-09,2747.75
2020-03-10,2865.75
2020-03-11,2740.25
2020-03-12,2469
2020-03-13,2696
2020-03-16,2405.25
2020-03-17,2485.5
2020-03-18,2401.5
2020-03-19,2389
2020-03-20,2288.5
2020-03-23,2220.5
2020-03-24,2438
2020-03-25,2467
2020-03-26,2608
2020-03-27,2524
2020-03-30,2611.25
2020-03-31,2569.75
2020-04-01,2448
2020-04-02,2516.5
2020-04-03,2482.75
2020-04-06,2644.5
2020-04-07,2642
2020-04-08,2735
2020-04-09,2779.75
2020-04-13,2759.25
2020-04-14,2843
2020-04-15,2775
2020-04-16,2787.5
2020-04-17,2870
2020-04-20,2806.5
2020-04-21,2732
2020-04-22,2788.5
2020-04-23,2780.75
2020-04-24,2829.5
2020-04-27,2869
2020-04-28,2867.25
2020-04-29,2941
2020-04-30,2902.5
2020-05-01,2821.75
2020-05-04,2825.25
2020-05-05,2858.25
2020-05-06,2833.5
2020-05-07,2880
2020-05-08,2928.5
2020-05-11,2922.75
2020-05-12,2852.5
2020-05-13,2813
2020-05-14,2847
2020-05-15,2846.5
2020-05-18,2948
2020-05-19,2918.75
2020-05-20,2968.5
2020-05-21,2937
2020-05-22,2953
2020-05-26,2994.5
2020-05-27,3035.5
2020-05-28,3038
2020-05-29,3042
2020-06-01,3054
2020-06-02,3077
2020-06-03,3117.75
2020-06-04,3110.5
2020-06-05,3186.75
2020-06-08,3227.5
2020-06-09,3205.5
2020-06-10,3186
2020-06-11,3010.25
2020-06-12,3034.75
2020-06-15,3062
2020-06-16,3118.25
2020-06-17,3107
2020-06-18,3098
2020-06-19,3059.5
2020-06-22,3110.75
2020-06-23,3118.5
2020-06-24,3049
2020-06-25,3070.75
2020-06-26,3007
2020-06-29,3047.75
2020-06-30,3090.25
2020-07-01,3103
2020-07-02,3129
2020-07-06,3172
2020-07-07,3136.5
2020-07-08,3163.5
2020-07-09,3141
2020-07-10,3178.5
2020-07-13,3148.25
2020-07-14,3183.5
2020-07-15,3219.5
2020-07-16,3194.5
2020-07-17,3214
2020-07-20,3245.25
2020-07-21,3251.25
2020-07-22,3265.5
2020-07-23,3227.5
2020-07-24,3204
2020-07-27,3232.25
2020-07-28,3213
2020-07-29,3252.5
2020-07-30,3248.75
2020-07-31,3263.5
2020-08-03,3288.5
2020-08-04,3300
2020-08-05,3316
2020-08-06,3344.25
2020-08-07,3344.75
2020-08-10,3352.75
2020-08-11,3330
2020-08-12,3370
2020-08-13,3367.75
2020-08-14,3361.5
2020-08-17,3379.75
2020-08-18,3387
2020-08-19,3372.75
2020-08-20,3380.75
2020-08-21,3392.5
2020-08-24,3427.5
2020-08-25,3443
2020-08-26,3480.25
2020-08-27,3485.25
2020-08-28,3504.5
2020-08-31,3499
2020-09-01,3527
2020-09-02,3579.25
2020-09-03,3461.5
2020-09-04,3417.5
2020-09-08,3335.5
2020-09-09,3400.25
2020-09-10,3340.5
2020-09-11,3333.75
2020-09-14,3372.25
2020-09-15,3395
2020-09-16,3379.5
2020-09-17,3351
2020-09-18,3316.25
2020-09-21,3275
2020-09-22,3299.25
2020-09-23,3231.25
2020-09-24,3238
2020-09-25,3287.25
2020-09-28,3346
2020-09-29,3333.75
2020-09-30,3352
2020-10-01,3367.75
2020-10-02,3339.25
2020-10-05,3393
2020-10-06,3353.25
2020-10-07,3406.75
2020-10-08,3437.5
2020-10-09,3473.25
2020-10-12,3532.75
2020-10-13,3504.75
2020-10-14,3481
2020-10-15,3475.5
2020-10-16,3462.25
2020-10-19,3422.75
2020-10-20,3432.25
2020-10-21,3432.5
2020-10-22,3449.25
2020-10-23,3451.75
2020-10-26,3393.5
2020-10-27,3383
2020-10-28,3263.5
2020-10-29,3302.25
2020-10-30,3264.75
2020-11-02,3300.5
2020-11-03,3361.5
2020-11-04,3435
2020-11-05,3504.75
2020-11-06,3500.75
2020-11-09,3544
2020-11-10,3541
2020-11-11,3568
2020-11-12,3532.5
2020-11-13,3582
2020-11-16,3623
2020-11-17,3606.75
2020-11-18,3565
2020-11-19,3580
2020-11-20,3554.25
2020-11-23,3576
2020-11-24,3632.75
2020-11-25,3627.25
2020-11-27,3636.5
2020-11-30,3623.25
2020-12-01,3660.5
2020-12-02,3667.25
2020-12-03,3664.5
2020-12-04,3698
2020-12-07,3690.75
2020-12-08,3702
2020-12-09,3672.5
2020-12-10,3668.5
2020-12-11,3661.25
2020-12-14,3640
2020-12-15,3687
2020-12-16,3693.75
2020-12-17,3712.75
2020-12-18,3706.25
2020-12-21,3685.75
2020-12-22,3677.25
2020-12-23,3681.5
2020-12-24,3695
2020-12-28,3727.5
2020-12-29,3720
2020-12-30,3724.25
2020-12-31,3748.75
2021-01-04,3692.25
2021-01-05,3718.25
2021-01-06,3740.5
2021-01-07,3795.5
2021-01-08,3817.5
2021-01-11,3792
2021-01-12,3794.5
2021-01-13,3803.75
2021-01-14,3791.25
2021-01-15,3762.25
2021-01-19,3790.5
2021-01-20,3845
2021-01-21,3846
2021-01-22,3834.25
2021-01-25,3848.5
2021-01-26,3842.5
2021-01-27,3744.25
2021-01-28,3779.25
2021-01-29,3705.25
2021-02-01,3765.75
2021-02-02,3818.25
2021-02-03,3823.5
2021-02-04,3864.5
2021-02-05,3880.25
2021-02-08,3908
2021-02-09,3905.5
2021-02-10,3903
2021-02-11,3912
2021-02-12,3931
2021-02-16,3927.75
2021-02-17,3928
2021-02-18,3909.5
2021-02-19,3903
2021-02-22,3873.5
2021-02-23,3878
2021-02-24,3922.5
2021-02-25,3828
2021-02-26,3809.25
2021-03-01,3898.75
2021-03-02,3867.5
2021-03-03,3816.75
2021-03-04,3765.5
2021-03-05,3839
2021-03-08,3819.25
2021-03-09,3873.25
2021-03-10,3896.5
2021-03-11,3936.75
2021-03-12,3942.25
2021-03-15,3958.25
2021-03-16,3952.5
2021-03-17,3963.5
2021-03-18,3906
2021-03-19,3899.75
2021-03-22,3930
2021-03-23,3899.75
2021-03-24,3880.75
2021-03-25,3900.5
2021-03-26,3964.75
2021-03-29,3959
2021-03-30,3947.75
2021-03-31,3967.5
2021-04-01,4010
2021-04-05,4067.75
2021-04-06,4064
2021-04-07,4070
2021-04-08,4089
2021-04-09,4119.5
2021-04-12,4120.25
2021-04-13,4132.75
2021-04-14,4118
2021-04-15,4162.5
2021-04-16,4176.25
2021-04-19,4155.5
2021-04-20,4126.5
2021-04-21,4164.75
2021-04-22,4127.75
2021-04-23,4171.5
2021-04-26,4179.5
2021-04-27,4179
2021-04-28,4176.25
2021-04-29,4203.5
2021-04-30,4174.5
2021-05-03,4185.75
2021-05-04,4158.25
2021-05-05,4160
2021-05-06,4194.25
2021-05-07,4225.25
2021-05-10,4183.5
2021-05-11,4146.25
2021-05-12,4058.75
2021-05-13,4107
2021-05-14,4169
2021-05-17,4157.75
2021-05-18,4123
2021-05-19,4111.5
2021-05-20,4154.25
2021-05-21,4151.75
2021-05-24,4193.75
2021-05-25,4185.5
2021-05-26,4193
2021-05-27,4199
2021-05-28,4202.5
2021-06-01,4198.5
2021-06-02,4206.25
2021-06-03,4191.25
2021-06-04,4228.25
2021-06-07,4225.5
2021-06-08,4225.75
2021-06-09,4218.5
2021-06-10,4238
2021-06-11,4245.75
2021-06-14,4245.75
2021-06-15,4236.5
2021-06-16,4213
2021-06-17,4212.25
2021-06-18,4153.5
2021-06-21,4213.75
2021-06-22,4236.25
2021-06-23,4231.5
2021-06-24,4256
2021-06-25,4271.25
2021-06-28,4280.5
2021-06-29,4282
2021-06-30,4288.5
2021-07-01,4310.75
2021-07-02,4342.75
2021-07-06,4334
2021-07-07,4349.75
2021-07-08,4313
2021-07-09,4360
2021-07-12,4376.5
2021-07-13,4361.25
2021-07-14,4367.75
2021-07-15,4352
2021-07-16,4318.5
2021-07-19,4251.25
2021-07-20,4315.5
2021-07-21,4350.5
2021-07-22,4359.5
2021-07-23,4403
2021-07-26,4414.25
2021-07-27,4394.5
2021-07-28,4393.75
2021-07-29,4411.75
2021-07-30,4389.5
2021-08-02,4379.75
2021-08-03,4415
2021-08-04,4394.75
2021-08-05,4421.5
2021-08-06,4429.5
2021-08-09,4425.75
2021-08-10,4430
2021-08-11,4440.5
2021-08-12,4454.5
2021-08-13,4462.5
2021-08-16,4474
2021-08-17,4443.5
2021-08-18,4394.5
2021-08-19,4401.5
2021-08-20,4437
2021-08-23,4475.5
2021-08-24,4482.5
2021-08-25,4493
2021-08-26,4466.5
2021-08-27,4505.5
2021-08-30,4525.25
2021-08-31,4520.5
2021-09-01,4521.25
2021-09-02,4535.25
2021-09-03,4534.5
2021-09-07,4519.25
2021-09-08,4512.5
2021-09-09,4492.25
2021-09-10,4458.25
2021-09-13,4469
2021-09-14,4444.5
2021-09-15,4472
2021-09-16,4464.25
2021-09-17,4421.75
2021-09-20,4348.25
2021-09-21,4343.25
2021-09-22,4384
2021-09-23,4438
2021-09-24,4445.75
2021-09-27,4433
2021-09-28,4343.5
2021-09-29,4349.75
2021-09-30,4297.75
2021-10-01,4343.75
2021-10-04,4291.25
2021-10-05,4334
2021-10-06,4354
2021-10-07,4390
2021-10-08,4382.25
2021-10-11,4351
2021-10-12,4340.75
2021-10-13,4355
2021-10-14,4429
2021-10-15,4462.5
2021-10-18,4477.5
2021-10-19,4511.25
2021-10-20,4528
2021-10-21,4541.75
2021-10-22,4536.5
2021-10-25,4558
2021-10-26,4565.25
2021-10-27,4544.5
2021-10-28,4587.5
2021-10-29,4597
2021-11-01,4605.75
2021-11-02,4623.5
2021-11-03,4652.25
2021-11-04,4673.25
2021-11-05,4690.25
2021-11-08,4694
2021-11-09,4678.25
2021-11-10,4642
2021-11-11,4643
2021-11-12,4678.25
2021-11-15,4679
2021-11-16,4696
2021-11-17,4686.25
2021-11-18,4701.5
2021-11-19,4694.5
2021-11-22,4679.75
2021-11-23,4688.5
2021-11-24,4699
2021-11-26,4595.75
2021-11-29,4651
2021-11-30,4566.25
2021-12-01,4508.5
2021-12-02,4575.75
2021-12-03,4537.5
2021-12-06,4590
2021-12-07,4685
2021-12-08,4699
2021-12-09,4667
2021-12-10,4711
2021-12-13,4668.75
2021-12-14,4637
2021-12-15,4709.5
2021-12-16,4668.75
2021-12-17,4610
2021-12-20,4558.5
2021-12-21,4640.75
2021-12-22,4686
2021-12-23,4715.75
2021-12-27,4782.25
2021-12-28,4778.5
2021-12-29,4784.5
2021-12-30,4772.25
2021-12-31,4758.5
2022-01-03,4786
2022-01-04,4784.25
2022-01-05,4692.5
2022-01-06,4687.5
2022-01-07,4667.75
2022-01-10,4662.25
2022-01-11,4705
2022-01-12,4716.25
2022-01-13,4652
2022-01-14,4654.75
2022-01-18,4571.25
2022-01-19,4524.25
2022-01-20,4474.75
2022-01-21,4390
2022-01-24,4403.75
2022-01-25,4349
2022-01-26,4341.5
2022-01-27,4317.75
2022-01-28,4423.25
2022-01-31,4504.25
2022-02-01,4535
2022-02-02,4577.25
2022-02-03,4469
2022-02-04,4492.5
2022-02-07,4475.75
2022-02-08,4512.5
2022-02-09,4577.75
2022-02-10,4497.5
2022-02-11,4409.5
2022-02-14,4394
2022-02-15,4464.5
2022-02-16,4470
2022-02-17,4374.5
2022-02-18,4343.5
2022-02-22,4300
2022-02-23,4222
2022-02-24,4284
2022-02-25,4380
2022-02-28,4368
2022-03-01,4303.75
2022-03-02,4381.75
2022-03-03,4359.25
2022-03-04,4327.25
2022-03-07,4198.5
2022-03-08,4168.75
2022-03-09,4275.25
2022-03-10,4257.25
2022-03-11,4201.5
2022-03-14,4172
2022-03-15,4262
2022-03-16,4358
2022-03-17,4410.25
2022-03-18,4453.5
2022-03-21,4452.25
2022-03-22,4505
2022-03-23,4447.5
2022-03-24,4512.5
2022-03-25,4536.5
2022-03-28,4568
2022-03-29,4625.5
2022-03-30,4596
2022-03-31,4530.75
2022-04-01,4539.25
2022-04-04,4577.75
2022-04-05,4520.25
2022-04-06,4475.75
2022-04-07,4496.25
2022-04-08,4483.5
2022-04-11,4409
2022-04-12,4393
2022-04-13,4442.25
2022-04-14,4387.5
2022-04-18,4386.75
2022-04-19,4459.25
2022-04-20,4455.5
2022-04-21,4390.5
2022-04-22,4267.25
2022-04-25,4292.75
2022-04-26,4170.5
2022-04-27,4180.25
2022-04-28,4283.5
2022-04-29,4127.5
2022-05-02,4151
2022-05-03,4169.25
2022-05-04,4295.25
2022-05-05,4143.25
2022-05-06,4119.5
2022-05-09,3987.5
2022-05-10,3996.75
2022-05-11,3930.25
2022-05-12,3927.25
2022-05-13,4019.75
2022-05-16,4004.75
2022-05-17,4084.75
2022-05-18,3922.75
2022-05-19,3897.75
2022-05-20,3899.5
2022-05-23,3971.75
2022-05-24,3940.5
2022-05-25,3976.75
2022-05-26,4055.75
2022-05-27,4155.75
2022-05-31,4131.25
2022-06-01,4099
2022-06-02,4175.25
2022-06-03,4107
2022-06-06,4120.5
2022-06-07,4158.75
2022-06-08,4114
2022-06-09,4016.25
2022-06-10,3899
2022-06-13,3750.5
2022-06-14,3736.75
2022-06-15,3793.5
2022-06-16,3671.25
2022-06-17,3675.75
2022-06-21,3767.75
2022-06-22,3762.75
2022-06-23,3799.75
2022-06-24,3916.25
2022-06-27,3903.75
2022-06-28,3825.5
2022-06-29,3821.25
2022-06-30,3789.5
2022-07-01,3827.25
2022-07-05,3834
2022-07-06,3848.25
2022-07-07,3905
2022-07-08,3901.25
2022-07-11,3856.75
2022-07-12,3823.75
2022-07-13,3804.5
2022-07-14,3793.25
2022-07-15,3865
2022-07-18,3833.75
2022-07-19,3937.5
2022-07-20,3962.5
2022-07-21,4001.25
2022-07-22,3965
2022-07-25,3970
2022-07-26,3923.25
2022-07-27,4024.5
2022-07-28,4073.5
2022-07-29,4133.5
2022-08-01,4120.5
2022-08-02,4093.75
2022-08-03,4156.25
2022-08-04,4152.25
2022-08-05,4146.75
2022-08-08,4141.75
2022-08-09,4124.5
2022-08-10,4210
2022-08-11,4209.75
2022-08-12,4281
2022-08-15,4298.25
2022-08-16,4307.75
2022-08-17,4276.75
2022-08-18,4286.5
2022-08-19,4231.5
2022-08-22,4141.25
2022-08-23,4130.5
2022-08-24,4142.75
2022-08-25,4201
2022-08-26,4059.5
2022-08-29,4031.25
2022-08-30,3987.5
2022-08-31,3956.5
2022-09-01,3968.75
2022-09-02,3924.5
2022-09-06,3910.5
2022-09-07,3980
2022-09-08,4005.5
2022-09-09,4067.25
2022-09-12,4130
2022-09-13,3950.25
2022-09-14,3965.5
2022-09-15,3919.25
2022-09-16,3890
2022-09-19,3917.25
2022-09-20,3872.75
2022-09-21,3806.25
2022-09-22,3772
2022-09-23,3709
2022-09-26,3670
2022-09-27,3661
2022-09-28,3732
2022-09-29,3654.25
2022-09-30,3601.5
2022-10-03,3690.25
2022-10-04,3803.25
2022-10-05,3794
2022-10-06,3756.75
2022-10-07,3653.25
2022-10-10,3625.25
2022-10-11,3599.25
2022-10-12,3588.5
2022-10-13,3681.75
2022-10-14,3597.5
2022-10-17,3689.25
2022-10-18,3732.75
2022-10-19,3707.25
2022-10-20,3675.25
2022-10-21,3764
2022-10-24,3809.25
2022-10-25,3870.25
2022-10-26,3841
2022-10-27,3819.5
2022-10-28,3911.25
2022-10-31,3883
2022-11-01,3866
2022-11-02,3768.75
2022-11-03,3727.75
2022-11-04,3779.5
2022-11-07,3815.25
2022-11-08,3835.25
2022-11-09,3755.5
2022-11-10,3961
2022-11-11,4000.25
2022-11-14,3966
2022-11-15,3999.5
2022-11-16,3968.5
2022-11-17,3955.25
2022-11-18,3974
2022-11-21,3958
2022-11-22,4010.25
2022-11-23,4033
2022-11-25,4032.5
2022-11-28,3970.25
2022-11-29,3962
2022-11-30,4081.25
2022-12-01,4081.75
2022-12-02,4075.5
2022-12-05,4003.25
2022-12-06,3945
2022-12-07,3936.75
2022-12-08,3965.75
2022-12-09,3936.25
2022-12-12,4025
2022-12-13,4055.25
2022-12-14,4030.75
2022-12-15,3927.25
2022-12-16,3879
2022-12-19,3845.5
2022-12-20,3849.25
2022-12-21,3905.75
2022-12-22,3849.25
2022-12-23,3869.75
2022-12-27,3855
2022-12-28,3807.5
2022-12-29,3871.75
2022-12-30,3861
2023-01-03,3846
2023-01-04,3874.5
2023-01-05,3829
2023-01-06,3915.5
2023-01-09,3913.75
2023-01-10,3940.75
2023-01-11,3990
2023-01-12,4003.5
2023-01-13,4018.25
2023-01-17,4009.5
2023-01-18,3945.75
2023-01-19,3915.5
2023-01-20,3988.5
2023-01-23,4036.5
2023-01-24,4032.75
2023-01-25,4032
2023-01-26,4075.5
2023-01-27,4084.25
2023-01-30,4032.5
2023-01-31,4090
2023-02-01,4132.25
2023-02-02,4191.5
2023-02-03,4147.75
2023-02-06,4123.5
2023-02-07,4175.75
2023-02-08,4130.5
2023-02-09,4091.75
2023-02-10,4099.75
2023-02-13,4147.25
2023-02-14,4145.5
2023-02-15,4158.25
2023-02-16,4099.75
2023-02-17,4087.5
2023-02-21,4005.75
2023-02-22,3999
2023-02-23,4018.75
2023-02-24,3975.75
2023-02-27,3988
2023-02-28,3975.5
2023-03-01,3956.5
2023-03-02,3984.75
2023-03-03,4049.75
2023-03-06,4052.5
2023-03-07,3989.75
2023-03-08,3995
2023-03-09,3920
2023-03-10,3862.75
2023-03-13,3888.75
2023-03-14,3954.25
2023-03-15,3925
2023-03-16,3994.5
2023-03-17,3947
2023-03-20,3983
2023-03-21,4035.75
2023-03-22,3970.5
2023-03-23,3978
2023-03-24,4001.25
2023-03-27,4007.25
2023-03-28,4001.5
2023-03-29,4057.5
2023-03-30,4080
2023-03-31,4137.75
2023-04-03,4153.75
2023-04-04,4129
2023-04-05,4117.25
2023-04-06,4132
2023-04-10,4136.25
2023-04-11,4136.5
2023-04-12,4119
2023-04-13,4172.75
2023-04-14,4163.75
2023-04-17,4176.75
2023-04-18,4180
2023-04-19,4178.5
2023-04-20,4152.5
2023-04-21,4156.75
2023-04-24,4159.5
2023-04-25,4093.25
2023-04-26,4076
2023-04-27,4153.75
2023-04-28,4188.5
2023-05-01,4185.75
2023-05-02,4136.75
2023-05-03,4107.5
2023-05-04,4075.75
2023-05-05,4150.25
2023-05-08,4152.75
2023-05-09,4134
2023-05-10,4152
2023-05-11,4143.75
2023-05-12,4138
2023-05-15,4150
2023-05-16,4123
2023-05-17,4171.5
2023-05-18,4212
2023-05-19,4204.75
2023-05-22,4205
2023-05-23,4158.75
2023-05-24,4126
2023-05-25,4159.75
2023-05-26,4213.25
2023-05-30,4215
2023-05-31,4190.5
2023-06-01,4228
2023-06-02,4288
2023-06-05,4281
2023-06-06,4289.75
2023-06-07,4274.25
2023-06-08,4298.25
2023-06-09,4304.75
2023-06-12,4342.75
2023-06-13,4371.75
2023-06-14,4418.5
2023-06-15,4471.25
2023-06-16,4453.75
2023-06-20,4434.75
2023-06-21,4409.25
2023-06-22,4423.75
2023-06-23,4389
2023-06-26,4370.25
2023-06-27,4418.75
2023-06-28,4417.5
2023-06-29,4435.75
2023-06-30,4488.25
2023-07-03,4492.25
2023-07-05,4483.75
2023-07-06,4447
2023-07-07,4434
2023-07-10,4444.25
2023-07-11,4473.5
2023-07-12,4507.5
2023-07-13,4543.5
2023-07-14,4536.75
2023-07-17,4553.75
2023-07-18,4587.75
2023-07-19,4597
2023-07-20,4565.5
2023-07-21,4564.75
2023-07-24,4583.5
2023-07-25,4596
2023-07-26,4595.25
2023-07-27,4564.25
2023-07-28,4606.5
2023-07-31,4614.5
2023-08-01,4601.25
2023-08-02,4537.25
2023-08-03,4521.75
2023-08-04,4498
2023-08-07,4537.75
2023-08-08,4518.5
2023-08-09,4485.75
2023-08-10,4485.75
2023-08-11,4480.75
2023-08-14,4506
2023-08-15,4454
2023-08-16,4420
2023-08-17,4384.5
2023-08-18,4382.75
2023-08-21,4412.5
2023-08-22,4399.25
2023-08-23,4447
2023-08-24,4386
2023-08-25,4414.25
2023-08-28,4442.25
2023-08-29,4506.75
2023-08-30,4524.25
2023-08-31,4516
2023-09-01,4521.5
2023-09-05,4502.5
2023-09-06,4471.5
2023-09-07,4456.25
2023-09-08,4461.75
2023-09-11,4539.5
2023-09-12,4513.75
2023-09-13,4517.5
2023-09-14,4555
2023-09-15,4498
2023-09-18,4501.5
2023-09-19,4490
2023-09-20,4447
2023-09-21,4372
2023-09-22,4361
2023-09-25,4378.75
2023-09-26,4314.75
2023-09-27,4313.5
2023-09-28,4337.5
2023-09-29,4325.5
2023-10-02,4324.25
2023-10-03,4264.75
2023-10-04,4297.75
2023-10-05,4290.75
2023-10-06,4341.5
2023-10-09,4368.75
2023-10-10,4391.5
2023-10-11,4409.75
2023-10-12,4380.5
2023-10-13,4357.25
2023-10-16,4401
2023-10-17,4401.75
2023-10-18,4342.25
2023-10-19,4303
2023-10-20,4248.5
2023-10-23,4241.75
2023-10-24,4271.25
2023-10-25,4209.75
2023-10-26,4156.5
2023-10-27,4137.75
2023-10-30,4185.75
2023-10-31,4212.25
2023-11-01,4256
2023-11-02,4335.75
2023-11-03,4376
2023-11-06,4384.25
2023-11-07,4396
2023-11-08,4399.5
2023-11-09,4362.25
2023-11-10,4430.5
2023-11-13,4425.25
2023-11-14,4511
2023-11-15,4519.25
2023-11-16,4523.25
2023-11-17,4527.5
2023-11-20,4562.25
2023-11-21,4551.25
2023-11-22,4567.25
2023-11-24,4568.25
2023-11-27,4561
2023-11-28,4563
2023-11-29,4559.25
2023-11-30,4576.75
2023-12-01,4600.75
2023-12-04,4576.5
2023-12-05,4575
2023-12-06,4556
2023-12-07,4589.5
2023-12-08,4607.5
2023-12-11,4678.5
2023-12-12,4697.25
2023-12-13,4760.75
2023-12-14,4774
2023-12-15,4768
2023-12-18,4793
2023-12-19,4820.25
2023-12-20,4749.75
2023-12-21,4796.75
2023-12-22,4805.25
2023-12-26,4825
2023-12-27,4833.5
2023-12-28,4832.25
2023-12-29,4820
2024-01-02,4787.25
2024-01-03,4746.5
2024-01-04,4729.5
2024-01-05,4734.75
2024-01-08,4801.25
2024-01-09,4792.75
2024-01-10,4820.25
2024-01-11,4815.5
2024-01-12,4816.5
2024-01-16,4798.5
2024-01-17,4771.25
2024-01-18,4811.25
2024-01-19,4869.5
2024-01-22,4881
2024-01-23,4895
2024-01-24,4898
2024-01-25,4923.25
2024-01-26,4916.25
2024-01-29,4954.5
2024-01-30,4951
2024-01-31,4870.5
2024-02-01,4928.5
2024-02-02,4980.25
2024-02-05,4962
2024-02-06,4974.75
2024-02-07,5015.25
2024-02-08,5017.75
2024-02-09,5044
2024-02-12,5041.25
2024-02-13,4971.25
2024-02-14,5018
2024-02-15,5046.5
2024-02-16,5019.75
2024-02-20,4991.5
2024-02-21,4996.25
2024-02-22,5097.75
2024-02-23,5101.5
2024-02-26,5080.25
2024-02-27,5090
2024-02-28,5081
2024-02-29,5103.75
2024-03-01,5146
2024-03-04,5138.25
2024-03-05,5085.75
2024-03-06,5111.75
2024-03-07,5161.75
2024-03-08,5129
2024-03-11,5185.75
2024-03-12,5241.25
2024-03-13,5232.5
2024-03-14,5218
2024-03-15,5182.75
2024-03-18,5214.75
2024-03-19,5241.75
2024-03-20,5286.75
2024-03-21,5302.5
2024-03-22,5293.25
2024-03-25,5278.25
2024-03-26,5265.25
2024-03-27,5308.25
2024-03-28,5308.5
