date,open,high,low,close
1999-01-04,289.4,289.6,287.3,288.3
1999-01-05,287.9,288.5,287,287.8
1999-01-06,288.4,288.9,287.6,288.5
1999-01-07,290.9,292.8,290.4,292.4
1999-01-08,292.2,293.3,291.2,292
1999-01-11,292.2,294.3,291.6,293.6
1999-01-12,292.4,292.5,288,289.3
1999-01-13,288.8,289.1,285,287
1999-01-14,286.5,287.6,285.8,287.4
1999-01-15,286.6,287.6,286.4,287.4
1999-01-19,287.8,287.9,286,286.8
1999-01-20,286.4,287.7,286.1,287.5
1999-01-21,287.8,289,287.3,288
1999-01-22,287.5,287.8,286.2,286.7
1999-01-25,286.8,288.7,286.7,288
1999-01-26,287.6,287.8,285.9,286.3
1999-01-27,287.8,288.2,284.3,285.3
1999-01-28,284.8,287.5,284.4,286.6
1999-01-29,287.7,289.3,287.1,288.2
1999-02-01,289.5,291.3,288.7,290.9
1999-02-02,291.2,292.6,290.5,290.7
1999-02-03,290.5,290.7,288,289.3
1999-02-04,289.3,292,289.2,291.2
1999-02-05,291.6,292.3,290.3,290.5
1999-02-08,290.7,291.8,290.4,291.3
1999-02-09,289.3,290,288.5,289.2
1999-02-10,289.7,290.4,288.6,288.7
1999-02-11,289.1,289.8,288.9,289.3
1999-02-12,289.7,292,289.6,291.2
1999-02-16,289.5,289.5,285,287.4
1999-02-17,286.9,287.9,286.1,286.3
1999-02-18,287.1,287.7,286.7,287.4
1999-02-19,288.3,290.2,287.1,289.5
1999-02-22,288.4,289,287.6,288.5
1999-02-23,288.2,288.9,288.2,288.7
1999-02-24,287.7,289.8,287.5,289.2
1999-02-25,288.2,289.5,287.6,289.2
1999-02-26,288.4,289.2,286.5,288.3
1999-03-01,288,288.4,286.5,287.7
1999-03-02,287.5,290.5,287.4,288
1999-03-03,288.2,288.4,287.2,288.3
1999-03-04,287.5,290,287.4,289.5
1999-03-05,289.7,289.9,288.5,289.5
1999-03-08,290.4,293,290.3,292.7
1999-03-09,294.9,295.5,293,293.4
1999-03-10,293.3,294.4,292.9,294.2
1999-03-11,295.1,296.2,294.7,295.5
1999-03-12,294.1,294.4,292.1,293.4
1999-03-15,291.6,291.8,287,287.6
1999-03-16,287.5,287.7,282,283.9
1999-03-17,284.3,285.7,283.8,284.1
1999-03-18,284.4,284.7,282.1,283.5
1999-03-19,284.1,284.6,283.4,284.5
1999-03-22,284.8,285,284.3,284.8
1999-03-23,285,285.4,282.6,284.7
1999-03-24,284.1,284.1,284.1,284.1
1999-03-25,285.6,286,284.2,285.2
1999-03-26,282.2,282.9,280.8,281.7
1999-03-29,282.1,283.1,282,282.3
1999-03-30,281.7,282.1,281.1,281.3
1999-03-31,280.7,282.8,280.6,281.9
1999-04-01,282.5,282.9,281.8,282
1999-04-05,281.9,282,279.1,280.3
1999-04-06,280.5,282.8,280.2,281.8
1999-04-07,282.2,282.6,281.6,282.3
1999-04-08,282.6,283.5,281.6,282.7
1999-04-09,283.1,284.1,281.3,283.4
1999-04-12,285.2,286.2,284.4,284.5
1999-04-13,284.5,286,284.2,285.6
1999-04-14,285.6,286.1,282.4,283.2
1999-04-15,283.6,285.9,283.5,285.3
1999-04-16,286.4,286.6,285.2,285.6
1999-04-19,286.3,286.5,285.1,286.3
1999-04-20,286.4,287,285.6,285.9
1999-04-21,285.5,286,284.6,285.5
1999-04-22,285,285.3,284.3,285.2
1999-04-23,284.8,285.6,284.3,284.9
1999-04-26,284.7,284.8,281.7,282.6
1999-04-27,283,283.9,281.6,283.5
1999-04-28,284.1,284.9,283.5,284.1
1999-04-29,284.9,287.9,284.2,287.3
1999-04-30,287.7,289,286.8,287.8
1999-05-03,287.5,287.8,287,287.6
1999-05-05,286.5,289.2,286.5,288.5
1999-05-06,288.9,291.2,288.9,290.7
1999-05-07,281,284,280.3,283.7
1999-05-10,282.3,282.5,276.5,278.4
1999-05-11,279.2,280.4,278.1,278.8
1999-05-12,278.4,279.6,277,277.8
1999-05-13,278.5,279.2,277.6,278.1
1999-05-14,276.1,277.6,275.8,276.2
1999-05-17,276.6,277.1,274.6,274.8
1999-05-18,275.1,275.7,273.9,274.2
1999-05-19,272.4,273.8,272.4,273.5
1999-05-20,274.6,275.5,274.2,274.7
1999-05-21,274.5,274.7,272.5,273.3
1999-05-24,272.7,273.2,271.7,272.9
1999-05-25,272.9,273.5,269.6,270.8
1999-05-26,271.1,272,270.5,270.9
1999-05-27,269.7,272.6,269.7,272.2
1999-05-28,271.6,272.2,270.4,272
1999-06-01,267,269.5,267,269.5
1999-06-02,268.8,269.7,267,267.1
1999-06-03,267.3,268.6,266.3,267.6
1999-06-04,268.2,268.5,265.8,267.2
1999-06-07,268.2,268.8,266.6,267.2
1999-06-08,265.1,265.6,262.8,263.8
1999-06-09,264.3,264.6,259.2,261.1
1999-06-10,260,262.4,259.9,260.1
1999-06-11,260.5,262.7,260.5,262.3
1999-06-14,261.2,263,261.1,262
1999-06-15,261.6,262.3,260.6,261
1999-06-16,260.1,260.5,259.7,259.9
1999-06-17,260.1,260.4,259.7,260
1999-06-18,260.1,261.3,259.4,260.9
1999-06-21,260.7,261.3,260.2,260.3
1999-06-22,260.8,261,259.2,259.9
1999-06-23,260.2,262,260,261.8
1999-06-24,262.3,262.8,261.5,262.4
1999-06-25,262.6,262.7,260,260.8
1999-06-28,261.8,262.6,261.3,262
1999-06-29,262.5,263.5,261.9,262
1999-06-30,262.3,263.8,261.6,263.6
1999-07-01,263.9,264.7,263.2,264.4
1999-07-02,264.2,264.7,263.9,264.6
1999-07-06,261.2,261.4,256.5,257.8
1999-07-07,257,259.6,256.9,258
1999-07-08,257.8,258.7,257.4,257.7
1999-07-09,259.5,259.9,257.1,258.1
1999-07-12,257.6,258.1,256,256.5
1999-07-13,255.5,257.3,255.2,256.7
1999-07-14,256.3,256.7,254.4,255
1999-07-15,254.7,255.3,253.7,254.8
1999-07-16,256.4,257.3,254,254.5
1999-07-19,254.7,255,253.7,253.9
1999-07-20,253.7,254.5,253.2,254.1
1999-07-21,253.8,257,253.3,256.3
1999-07-22,255.7,258,254.3,256.7
1999-07-23,256,256.7,255.3,255.4
1999-07-26,256.2,257.1,256,256.9
1999-07-27,257.1,257.9,256.4,256.6
1999-07-28,257.2,257.7,256.3,256.8
1999-07-29,257.4,260,256.4,259.7
1999-07-30,259.6,259.7,257.9,258.8
1999-08-02,258.4,258.8,256.6,257.8
1999-08-03,258.5,259.6,258.1,258.5
1999-08-04,260.5,260.8,257,258.6
1999-08-05,258.7,259.2,257.5,258
1999-08-06,258.3,258.8,257,258.6
1999-08-09,258.5,260.1,258.4,259.3
1999-08-10,259.2,260,258.7,259.8
1999-08-11,261.8,262.8,260.1,261.5
1999-08-12,263.2,263.5,262,263
1999-08-13,263.4,263.9,263,263.2
1999-08-16,262.1,262.8,260.8,262.7
1999-08-17,262.2,264.3,262.1,264
1999-08-18,264.3,264.5,261.4,262.2
1999-08-19,261.2,261.4,259.8,261.2
1999-08-20,260.6,261,259.5,259.6
1999-08-23,259.4,259.6,256,256.2
1999-08-24,255.8,256.2,254.6,254.7
1999-08-25,254.7,255,253.8,254.2
1999-08-26,254.1,255.8,254.1,254.6
1999-08-27,255.5,256.3,255.2,255.5
1999-08-30,255.3,256,255.2,255.8
1999-08-31,256.3,258.2,256.2,257.3
1999-09-01,256.8,257.1,255,255.6
1999-09-02,255.6,257,255.4,256.7
1999-09-03,257.1,257.4,254.8,255.5
1999-09-07,256.2,257.9,256.2,257.3
1999-09-08,257.3,257.8,256.7,257.7
1999-09-09,258.4,258.8,257.8,258.6
1999-09-10,257.6,258,257.2,257.9
1999-09-13,258.2,258.5,257.2,257.8
1999-09-14,257.6,258.3,257,258.2
1999-09-15,258.3,258.4,256.9,257.3
1999-09-16,256.2,257.6,256.2,257.4
1999-09-17,255.9,256.4,255,255.9
1999-09-20,255.9,256.5,255.5,255.8
1999-09-21,257.4,261.9,257.2,261.8
1999-09-22,264.3,266.4,263.5,265.5
1999-09-23,264.4,267.8,263.4,267.3
1999-09-24,268,272.4,268,269.8
1999-09-27,285.3,287.1,278.2,283.8
1999-09-28,295,329,295,310
1999-09-29,316,316.5,297.5,302
1999-09-30,299,304,298.5,299.5
1999-10-01,306,310,302,305.3
1999-10-04,314.5,319,312,318
1999-10-05,336,338,322,326
1999-10-06,316,327.7,316,326
1999-10-07,323.5,326,321,324.3
1999-10-08,319.5,326.5,318,321.7
1999-10-11,319,321.4,318.2,320.3
1999-10-12,319,322.3,318.2,318.2
1999-10-13,323.5,325.3,320.8,321.8
1999-10-14,324.2,324.5,312,314.2
1999-10-15,315.7,318.5,314.2,316.4
1999-10-18,316.8,316.8,311.1,311.8
1999-10-19,310.3,311.8,306.2,309.5
1999-10-20,310,310.5,305.8,307.3
1999-10-21,305.8,307.7,302.2,305.5
1999-10-22,304.3,305.5,302.1,303.3
1999-10-25,303,303.9,299,300.5
1999-10-26,298,299,289.6,290.4
1999-10-27,291.7,295,291.4,294.3
1999-10-28,298.7,301.5,296.8,300.4
1999-10-29,299.5,302.8,298.2,300.2
1999-11-01,293.6,294.8,288,291.5
1999-11-02,292.6,293.1,289.7,292.4
1999-11-03,292.3,294.5,291.7,293.3
1999-11-04,292.2,293.8,291.7,293.7
1999-11-05,293,293.3,288.5,291
1999-11-08,289.3,291.3,288.1,291.1
1999-11-09,292,293.3,291.5,293.1
1999-11-10,292.8,299.8,292.3,299.1
1999-11-11,297.5,298.3,294.3,294.9
1999-11-12,293.4,294.9,291.9,292.1
1999-11-15,292.8,293.2,290.1,292.5
1999-11-16,292.7,296,292.7,295.3
1999-11-17,296.5,297,294.5,295.7
1999-11-18,294.2,295.3,294,295.1
1999-11-19,294.5,296.4,293.8,295.7
1999-11-22,295,296.6,295,295.6
1999-11-23,297.9,299.2,297.1,298.7
1999-11-24,301,302.7,299.5,301.8
1999-11-29,294.5,295.9,292.4,293.5
1999-11-30,293.8,294.9,292.9,293
1999-12-01,292,292.9,290.8,291.9
1999-12-02,289.6,290.5,286,287.1
1999-12-03,283.5,285.7,281.9,282.1
1999-12-06,279.3,279.7,276.5,278.2
1999-12-07,281.3,285.9,281.3,285.4
1999-12-08,283.4,286.7,282.9,284.1
1999-12-09,280.9,281.9,280.2,280.3
1999-12-10,280.8,283.7,280.4,281
1999-12-13,281.8,282.2,280.5,282.1
1999-12-14,281.9,283.2,281,282
1999-12-15,282.1,285.8,281.5,284.6
1999-12-16,282,284.5,282,283.8
1999-12-17,285,287.5,284.6,285.5
1999-12-20,285.6,286.4,285.4,286
1999-12-21,286.1,289.3,284.1,288.9
1999-12-22,288,288.9,287.3,288.7
1999-12-23,288.2,289.4,287.1,288.5
1999-12-27,289.3,290.1,289.1,289.8
1999-12-28,289.8,292.5,289.8,291.5
1999-12-29,291.7,293.6,291.6,292.4
1999-12-30,292.2,292.7,289.3,289.6
2000-01-04,283,284.1,280,283.7
2000-01-06,281.1,282.8,280.2,282.4
2000-01-07,284.1,284.5,282,282.9
2000-01-10,282.6,283.9,282.4,282.7
2000-01-11,282.2,285.3,281.9,284.4
2000-01-12,283,284.1,282.5,283.7
2000-01-13,283.1,285.9,283,285.1
2000-01-14,284.9,285.3,284,284.9
2000-01-18,287.5,289.8,285.9,289.6
2000-01-19,289.5,290.6,287.5,290.3
2000-01-20,288.8,290.1,288.7,289.3
2000-01-21,287.8,290.3,287.4,289.7
2000-01-24,287.6,288.3,286.9,288.1
2000-01-25,290.5,291,286.6,286.6
2000-01-26,285.8,287.5,285.3,286.5
2000-01-27,289.3,290,288.4,289.9
2000-01-28,289.2,290.7,283,286
2000-01-31,286.6,287.4,285.6,286.2
2000-02-01,286.1,286.4,285,285.4
2000-02-02,286.5,289.2,286.5,287.7
2000-02-03,288.1,290.9,287.4,289.9
2000-02-04,291.2,318.5,291,313
2000-02-07,322.5,323,302,304.5
2000-02-08,302.5,303,298.5,301.7
2000-02-09,310,314,307.6,308.6
2000-02-10,314,319,311.5,318.7
2000-02-11,317.8,318.2,311,313.6
2000-02-14,311.5,313.6,308.3,311
2000-02-15,309.2,309.3,303.8,304.1
2000-02-16,301.7,306,301.7,305
2000-02-17,310.5,312.5,300,303.8
2000-02-18,304.5,307.8,303.3,307.3
2000-02-22,306.3,307.8,304.2,307.7
2000-02-23,307,307,302.3,302.4
2000-02-24,301.5,303.4,300.2,300.9
2000-02-25,298.3,299,293.5,294.6
2000-02-28,293.8,295.3,293.5,294.2
2000-02-29,295.4,296.5,293.7,294.2
2000-03-01,295.7,295.8,292.8,293.3
2000-03-02,290.7,293.3,289.4,289.7
2000-03-03,289.7,291.3,289.2,290.3
2000-03-06,290.4,291.2,289.2,289.4
2000-03-07,289.7,295.4,289.6,293.7
2000-03-08,294.4,294.4,289.8,290.4
2000-03-09,290.5,293,290,292.7
2000-03-10,292.3,292.5,289.4,290
2000-03-13,290.7,292.9,290.6,291.5
2000-03-14,292,292.2,289.2,289.7
2000-03-15,290,291,289.3,289.6
2000-03-16,289.3,289.4,286.3,287
2000-03-17,286.7,286.8,283.6,285
2000-03-20,285.5,286.9,285.3,286.5
2000-03-21,284.7,292,284.2,290.4
2000-03-22,289.5,290.2,288.1,288.3
2000-03-23,286.3,286.3,283.8,285.4
2000-03-24,285.4,286.1,284.6,285.1
2000-03-27,284,284.8,280.2,280.5
2000-03-28,283,284.5,282,282.2
2000-03-29,282.2,283.2,277.8,278.7
2000-03-30,279.3,279.5,277.9,279.1
2000-03-31,278.2,283,277.5,281.4
2000-04-03,280.7,281.5,279.7,280.4
2000-04-04,279.5,291.5,278.4,286.6
2000-04-05,285.8,286.2,283.2,283.8
2000-04-06,281.5,283.8,281.3,282.7
2000-04-07,282.7,283.6,281.9,282.5
2000-04-10,284.9,284.9,283.9,284
2000-04-11,283.9,286,283.3,283.7
2000-04-12,282.6,285.7,281.7,283.5
2000-04-13,283.8,284.4,282,283.2
2000-04-14,283,288.5,282.6,284.6
2000-04-17,285,286,282.8,284.2
2000-04-18,283.6,284.7,282.4,283
2000-04-19,283.4,283.9,282.2,282.5
2000-04-20,282.7,282.7,280.8,281.5
2000-04-24,282,282.9,280.9,281.2
2000-04-25,281.4,282,279.5,279.8
2000-04-26,279,279.2,276.4,277.1
2000-04-27,277.7,279.1,276.8,278.4
2000-04-28,277,277.2,274.2,274.7
2000-05-01,274.8,276.1,273.6,274.8
2000-05-02,276.6,277.9,275.9,277
2000-05-03,278,279.4,276.6,279.1
2000-05-04,278.9,284,278.6,281.2
2000-05-05,281.8,283.8,278.5,280.1
2000-05-08,278.9,279.7,277.3,277.6
2000-05-09,277.5,278.9,276.7,278.2
2000-05-10,279,279.7,278.3,278.7
2000-05-11,278,278.3,276.1,276.5
2000-05-12,277.3,277.9,276.5,276.9
2000-05-15,276.3,276.6,274.8,276.4
2000-05-16,276.6,278,276,276.2
2000-05-17,274.3,275.1,272.7,273.8
2000-05-18,273.1,274.8,272.7,273.7
2000-05-19,274.2,274.9,273.3,274.6
2000-05-22,274.7,277.5,274.3,276.2
2000-05-23,276.4,276.5,273.8,274.7
2000-05-24,274.1,274.6,273.2,273.8
2000-05-25,273.6,275,269.5,270.7
2000-05-26,273.4,275.9,273.3,275
2000-05-30,276.6,277,275.1,275.5
2000-05-31,275.4,275.7,274.5,274.8
2000-06-01,275.3,276,274.9,275.4
2000-06-02,276,285.9,276,284.2
2000-06-05,286.5,287.6,285.6,286.9
2000-06-06,286.8,294.5,286.8,291.8
2000-06-07,288.7,290.4,286.9,290
2000-06-08,288.1,289.8,286.3,286.8
2000-06-09,287.5,289.3,286.1,286.4
2000-06-12,286,289.2,286,289.1
2000-06-13,296.3,296.5,286.8,288.1
2000-06-14,288.9,294.5,288.3,294.2
2000-06-15,291.8,292.5,289,292.1
2000-06-16,293.5,294.4,290.6,291.2
2000-06-19,290.5,290.8,287.5,288
2000-06-20,288.8,289.7,287,288.1
2000-06-21,289,289.6,287.5,288.1
2000-06-22,288.1,291.1,286.5,287.2
2000-06-23,287.3,288,284,284.8
2000-06-26,284.6,286.5,284.4,285.5
2000-06-27,285.8,287.6,284.8,287.5
2000-06-28,288.3,294.8,287.8,294.3
2000-06-29,293,294,289.4,290.7
2000-06-30,291,291.7,289.1,291.5
2000-07-05,288.9,289.2,285.1,285.3
2000-07-06,286.3,287,283.4,284.6
2000-07-07,285.1,285.7,282.6,284.6
2000-07-10,285.5,286.4,284.7,284.9
2000-07-11,284.9,285.2,283,283.3
2000-07-12,281.2,282.5,280.6,281.4
2000-07-13,282.2,282.8,280.7,280.9
2000-07-14,281.6,282,280.6,281.9
2000-07-17,283.5,284.7,282.6,284.2
2000-07-18,283.7,284.2,282.6,283.1
2000-07-19,281.7,282.1,278,279.6
2000-07-20,278.7,281.5,278.3,280.4
2000-07-21,281.2,281.7,279.2,280.6
2000-07-24,280.4,280.4,279.2,279.3
2000-07-25,279.2,281.7,278.8,279.5
2000-07-26,286,286.5,285.5,285.9
2000-07-27,286,286.5,284.1,285.1
2000-07-28,285,285.2,283.7,284.2
2000-07-31,283.2,283.5,282.4,283.2
2000-08-01,283.4,284.4,283.2,283.2
2000-08-02,282.7,285,282.5,282.8
2000-08-03,281.1,281.9,278.4,279.5
2000-08-04,278,280.5,277.8,278.6
2000-08-07,279,279.6,278.4,279.1
2000-08-08,279.5,279.6,277.2,278.7
2000-08-09,277.8,278.5,276.5,277.3
2000-08-10,277.2,278.5,276.9,277.6
2000-08-11,278.4,280.5,277.7,280.3
2000-08-14,280.2,281,279.1,279.6
2000-08-15,279.6,280,279.1,279.6
2000-08-16,280.5,282.8,280.1,282.3
2000-08-17,282.4,283.9,281.6,282.6
2000-08-18,282.1,282.2,280.3,281.7
2000-08-21,280.3,280.5,279.2,280
2000-08-22,278.3,279.1,277.9,278.3
2000-08-23,276.5,278.7,275.3,275.7
2000-08-24,276.2,277.8,276,277.5
2000-08-25,278,279.3,277.5,278.6
2000-08-28,278.7,278.8,277.7,278.5
2000-08-29,278.1,279.5,276.7,277.5
2000-08-30,277.2,278.4,277,278.2
2000-08-31,279.4,282.7,278.7,282.1
2000-09-01,281.3,281.5,280.7,280.9
2000-09-05,280.8,281,278.9,279.7
2000-09-06,279.3,279.3,277.5,277.9
2000-09-07,276.3,278.2,276.3,277.7
2000-09-08,278,278.4,275.1,276.8
2000-09-11,276.6,277.3,275.9,276.8
2000-09-12,276.5,279.5,276.4,276.6
2000-09-13,276.8,277.4,275.9,276.5
2000-09-14,277,278.1,275.5,276
2000-09-15,276.4,276.4,274.3,275.8
2000-09-18,275.6,278,274.7,274.9
2000-09-19,275.6,276.3,274.6,275.4
2000-09-20,274.5,275.7,272.3,272.5
2000-09-21,272.8,274.2,272.3,273.5
2000-09-22,277.9,279.2,274.6,275.1
2000-09-25,276.3,277.4,275.5,277.3
2000-09-26,277.2,278.7,276.8,277.3
2000-09-27,277.7,282.5,277.3,281.6
2000-09-28,280.8,281.3,278.2,278.9
2000-09-29,276.6,277.8,275.5,276.9
2000-10-02,277.1,277.4,275.6,276.3
2000-10-03,275.7,276,274.5,274.8
2000-10-04,274.5,274.8,272.8,273.2
2000-10-05,274.4,274.7,272.3,273.4
2000-10-06,273.4,273.6,271.6,272.1
2000-10-09,272.3,273.2,272,272.9
2000-10-10,273.2,275.8,272.7,275.1
2000-10-11,276,277.5,272.8,273
2000-10-12,273.3,279.3,273.3,278.8
2000-10-13,277.7,278,273.8,274.8
2000-10-16,274.4,274.7,273.4,273.9
2000-10-17,272.1,273.7,271.4,273.4
2000-10-18,273.6,276.1,271.8,272.6
2000-10-19,272.7,273,272.1,272.3
2000-10-20,273.1,273.5,272.1,273.3
2000-10-23,273.4,274,271.8,272
2000-10-24,272.2,272.8,271.6,272.1
2000-10-25,270.5,270.6,267.7,267.9
2000-10-26,268.3,268.5,265.8,266.6
2000-10-27,265.2,266.8,263.5,265.9
2000-10-30,267.1,267.3,265.7,265.8
2000-10-31,265.5,267.1,265.2,266.4
2000-11-01,267.2,267.8,264.6,265.4
2000-11-02,267.3,268.2,265.8,265.9
2000-11-03,267.1,267.4,265.1,266.1
2000-11-06,266.8,267.4,265.6,266
2000-11-07,267.5,268,265.1,265.4
2000-11-08,265.8,266.2,264.8,266.1
2000-11-09,265.4,267.6,265,266.9
2000-11-10,266.2,266.3,265.1,265.5
2000-11-13,265.5,266.8,265,265.3
2000-11-14,265.7,266.2,264.9,265.4
2000-11-15,265.6,266.6,265.3,265.6
2000-11-16,266.6,269.2,265.3,266.3
2000-11-17,267.2,267.3,265.6,266.2
2000-11-20,266.7,267.4,266.3,266.8
2000-11-21,267,267.6,265.9,266.1
2000-11-22,266.7,266.9,266.2,266.7
2000-11-27,266.4,271,266.3,270.3
2000-11-28,273,274,271.8,272.6
2000-11-29,272.7,272.9,269.5,269.6
2000-11-30,270.5,273.5,270.2,273.3
2000-12-01,274.5,274.5,271.6,271.9
2000-12-04,273.9,275,273,273.8
2000-12-05,273.4,273.9,272.6,273.3
2000-12-06,273.8,277.5,273.4,277.3
2000-12-07,277.2,277.8,275.4,276.1
2000-12-08,275.8,276,274.7,275.1
2000-12-11,274.7,274.7,272.3,273.1
2000-12-12,273.4,273.9,272.5,273.2
2000-12-13,272.1,273,270.3,271.2
2000-12-14,271.7,272.4,270.6,271.5
2000-12-15,272.1,273,271.7,272.9
2000-12-18,272.5,272.6,271.7,272
2000-12-19,271.4,272.3,271.2,272
2000-12-20,273,275.7,272.5,274.7
2000-12-21,275.1,276.7,274.2,275.7
2000-12-22,275.8,276.4,275,275.5
2000-12-26,275.7,276.5,275.6,275.9
2000-12-27,276.2,277.5,275.9,276.9
2000-12-28,276.3,276.6,272.6,273.7
2000-12-29,273.9,274.2,272.3,273.6
2001-01-02,273.8,273.8,269,270
2001-01-03,269.5,270.7,267.6,269.3
2001-01-04,269.8,269.8,267.8,268.4
2001-01-05,268.8,269.7,267.5,269
2001-01-08,270.1,270.1,268.6,269
2001-01-09,268.2,268.8,267.7,268.5
2001-01-10,267.2,267.6,265.5,265.6
2001-01-11,265.5,265.5,263.9,264.8
2001-01-12,264.2,265.3,264,264.6
2001-01-16,265.3,266.1,263.4,263.9
2001-01-17,264,264.5,263,263.8
2001-01-18,265,265.6,264.2,264.8
2001-01-19,266.1,266.3,264.5,264.9
2001-01-22,266.5,268.6,265.5,267
2001-01-23,267.9,267.9,265.5,266.7
2001-01-24,264.4,265.1,263.9,264.6
2001-01-25,267.1,267.9,266.7,267.2
2001-01-26,265.9,266.5,264.4,265.2
2001-01-29,265.3,266.2,264.6,265.2
2001-01-30,266,269,265.6,268
2001-01-31,267.8,268.3,266.2,268
2001-02-01,269.5,270.8,268.6,270.7
2001-02-02,269.7,270.1,268.5,269.3
2001-02-05,267.7,268.1,267.1,267.4
2001-02-06,266.1,266.4,263.8,265.4
2001-02-07,265.2,266.1,264.4,264.9
2001-02-08,264.7,265.4,262.1,262.2
2001-02-09,262.5,263,260.7,262
2001-02-12,262.5,263.4,262.3,262.7
2001-02-13,262.8,263.2,261.5,262.2
2001-02-14,262.2,262.3,261.1,261.2
2001-02-15,259.7,260.4,256.3,256.9
2001-02-16,256.2,260.5,256,259.8
2001-02-20,259.2,259.4,257.3,257.6
2001-02-21,258.2,260.3,257.4,259.4
2001-02-22,258.8,261.7,258.4,259.8
2001-02-23,260.8,262.7,260.3,262.1
2001-02-26,263.7,267,262.6,266.8
2001-02-27,269,269.7,267.4,268.4
2001-02-28,266.3,268.4,266.2,267.8
2001-03-01,268,268.6,265.5,266.2
2001-03-02,264.6,265.2,262.7,263.1
2001-03-05,262.8,263.6,262.5,263.5
2001-03-06,262.6,262.7,260.2,260.9
2001-03-07,262.4,262.7,260.1,262.4
2001-03-08,263,266.5,262.3,266.1
2001-03-09,268.2,271.7,267.4,271.5
2001-03-12,270,272.9,269,272.3
2001-03-13,269,269.9,267.3,267.5
2001-03-14,266.2,266.7,262.6,262.9
2001-03-15,262.3,263.3,259.5,260.3
2001-03-16,261.1,261.2,258,258.4
2001-03-19,260,261.4,259.3,260.1
2001-03-20,261.5,262.5,260.3,260.8
2001-03-21,261.2,262.9,260.4,262.2
2001-03-22,261.8,261.9,260.5,261.4
2001-03-23,262.6,263.5,261.3,261.7
2001-03-26,261.6,262.7,261.3,262.1
2001-03-27,264.5,264.5,262.6,263
2001-03-28,262.8,263,261,261.5
2001-03-29,261.6,262,259.8,260.4
2001-03-30,260.5,260.5,258.5,259.2
2001-04-02,258.8,258.8,255.8,256.6
2001-04-03,258.6,259.4,257.2,257.9
2001-04-04,260,261.5,258.6,259.4
2001-04-05,258.7,259.4,258.4,259.1
2001-04-06,258.7,261.1,258.4,260.9
2001-04-09,261,261,259,259.2
2001-04-10,258.5,259,257.2,258.2
2001-04-11,258.1,260.6,257.6,259.6
2001-04-12,260.3,261.7,259.9,260.5
2001-04-16,260.6,265,260.5,264.1
2001-04-17,262.2,262.5,260.8,261.8
2001-04-18,260.1,263.2,259.2,262
2001-04-19,262.2,266.1,262,266
2001-04-20,265,266,264.2,265.4
2001-04-23,263.7,264.4,263.1,264.3
2001-04-24,265,265.7,263.5,264.7
2001-04-25,264.9,265,262.2,262.6
2001-04-26,263.2,264.9,262.9,264.5
2001-04-27,267,267.5,264.1,264.3
2001-04-30,263.8,264.5,263.5,264.4
2001-05-01,264.6,265,264.1,264.8
2001-05-02,265.2,266,264.3,265.8
2001-05-03,265.7,268,265.6,266.7
2001-05-04,267.1,267.9,266.2,266.5
2001-05-07,266.1,267,265.9,266.5
2001-05-08,265.6,266,265.3,265.5
2001-05-09,267.3,271,267.1,270.4
2001-05-10,270.6,270.9,268.5,269.5
2001-05-11,270.1,270.2,268.2,268.3
2001-05-14,268,269.1,267.8,268.7
2001-05-15,268.3,268.6,266.6,268.5
2001-05-16,270.3,272.8,269.9,272.4
2001-05-17,273.3,274.9,272.7,274
2001-05-18,273.2,288.5,272.6,287.8
2001-05-21,292.6,293.5,283.1,285.8
2001-05-22,283.8,285.7,282.2,285.5
2001-05-23,285,285.1,282.8,284
2001-05-24,285.2,288.5,276,279.4
2001-05-25,281,281.5,276.5,279.1
2001-05-29,276.8,278.1,274.5,275.1
2001-05-30,274,274.2,266,267.4
2001-05-31,267.4,269.6,266.7,266.9
2001-06-01,267.4,268.7,266.2,268
2001-06-04,267.7,268.3,266.2,266.5
2001-06-05,267.3,267.5,266,267.1
2001-06-06,267.7,267.8,266.3,267
2001-06-07,266.8,267.5,266.6,267.3
2001-06-08,267.9,275.5,267.8,274.5
2001-06-11,273.1,273.2,267.5,268.9
2001-06-12,269.5,273.4,269.3,272.6
2001-06-13,273.5,274.5,270.2,273.1
2001-06-14,272.7,277.9,271.5,276.4
2001-06-15,275.2,275.8,270.8,272.3
2001-06-18,272.3,275.1,271.9,273.4
2001-06-19,274.2,275.8,273.4,274.4
2001-06-20,272.9,273.9,271.8,273.4
2001-06-21,273.6,273.9,272.1,273.6
2001-06-22,274,276.7,272.5,273.3
2001-06-25,274.5,275.9,273.4,274.7
2001-06-26,275,279.8,274,277
2001-06-27,276.3,276.6,272.2,272.8
2001-06-28,271.2,271.9,268.4,270
2001-06-29,271.3,272.7,270.7,271.3
2001-07-02,270,270.5,268.5,270.1
2001-07-03,269.7,269.9,268.1,268.3
2001-07-05,267.6,267.6,265.3,265.8
2001-07-06,265.2,267.7,264.8,266.6
2001-07-09,267.1,267.4,265.9,267
2001-07-10,267.7,268.1,266.6,266.7
2001-07-11,267.6,270.2,267.3,268.8
2001-07-12,268.2,268.2,266,267.1
2001-07-13,267.2,267.9,266.3,267.6
2001-07-16,268.5,269.6,267,267.4
2001-07-17,267.3,268.7,267.2,268.6
2001-07-18,269,271.5,268.4,270.8
2001-07-19,271.4,271.5,268,269.7
2001-07-20,270.3,271.1,269,270.2
2001-07-23,269.5,269.7,268.8,269.1
2001-07-24,268.7,270.3,268.6,270
2001-07-25,269.1,269.5,267.3,267.8
2001-07-26,270,270.5,268.1,269
2001-07-27,268.7,270.4,268,270.2
2001-07-30,269.4,269.5,267.3,267.6
2001-07-31,267.9,269.5,267.7,269.2
2001-08-01,269.5,271,269,270.3
2001-08-02,270,270.6,269.2,270.3
2001-08-03,270.2,271.4,268.9,270.8
2001-08-06,270.1,270.3,269.3,269.9
2001-08-07,269.1,270.3,268.4,269.9
2001-08-08,269,271.2,268.7,270.7
2001-08-09,272.2,276.6,272,276.2
2001-08-10,277.2,279.8,275.8,276.8
2001-08-13,278.6,280.2,276.9,278.6
2001-08-14,277.3,279.4,276.1,279.1
2001-08-15,280,280.5,277.2,278.4
2001-08-16,278.3,279.4,277.5,277.9
2001-08-17,279.3,283.8,279.1,282
2001-08-20,280.3,280.4,278.4,278.6
2001-08-21,278.7,279.4,276.2,277.4
2001-08-22,280,280.3,277,277.3
2001-08-23,277.3,278.4,276.8,277.7
2001-08-24,276.8,277,274.3,274.9
2001-08-27,275,275,273.5,274.9
2001-08-28,273.9,274.6,272.6,274.4
2001-08-29,275.3,276.4,274.7,275.8
2001-08-30,275.6,277.7,274.3,277.5
2001-08-31,277.6,277.6,274.5,276.5
2001-09-04,274.8,275.2,273.3,273.7
2001-09-05,274.3,274.8,273.2,274.1
2001-09-06,274.3,275.6,273.5,275
2001-09-07,275,276.6,274.4,275.1
2001-09-10,275.4,275.5,272.7,273.7
2001-09-11,273.5,290,273.1,280
2001-09-17,291,293,287.5,291.5
2001-09-18,290.8,292,287.6,289.7
2001-09-19,291,294,289.5,292.3
2001-09-20,291.5,292,289,289.8
2001-09-21,295.8,296,290.3,292.9
2001-09-24,289,291.1,288.5,290.9
2001-09-25,289.4,292,288.8,291.8
2001-09-26,293.2,295.2,292.3,294.8
2001-09-27,291.4,294.4,290.6,293.2
2001-09-28,293.4,295.5,293.3,294
2001-10-01,292.8,293.9,291.9,293.2
2001-10-02,293,293.2,290.3,290.9
2001-10-03,291.3,292.8,290.9,291.6
2001-10-04,292,293.3,291.1,291.6
2001-10-05,293,293.5,291.8,292.5
2001-10-08,294.5,294.8,292.1,293.4
2001-10-09,291.8,292.1,289.3,289.7
2001-10-10,289.1,289.8,285.1,286.7
2001-10-11,283.5,283.8,281.3,282.6
2001-10-12,284.2,286.5,282.6,285.7
2001-10-15,284.3,284.5,282.5,282.7
2001-10-16,282.5,283.6,282,282.9
2001-10-17,282.7,284.8,282.4,284
2001-10-18,283.5,283.5,279.2,279.8
2001-10-19,279.3,281.4,278.8,280.7
2001-10-22,278.5,278.5,275.8,276.1
2001-10-23,276.5,277.4,276.2,276.5
2001-10-24,276.9,277.1,276.1,276.3
2001-10-25,276.6,278.4,276.3,278.2
2001-10-26,278.4,279,277.5,278.3
2001-10-29,279.5,280.3,278.8,279.7
2001-10-30,281.3,281.7,280.6,281.2
2001-10-31,281.2,281.4,279.1,280.5
2001-11-01,280.8,282.3,280.2,280.7
2001-11-02,281.2,281.5,280.4,280.8
2001-11-05,278.8,279.9,278.5,279.5
2001-11-06,279.7,280.7,279,280.2
2001-11-07,281.2,281.4,280.2,281.3
2001-11-08,280.9,281.1,276.8,277.1
2001-11-09,277.6,278.2,277.2,277.7
2001-11-12,278.2,282.5,277.8,278.6
2001-11-13,277.4,278.2,276.2,278
2001-11-14,279,279.1,277.6,278
2001-11-15,276.4,277,274.7,275.3
2001-11-16,274.4,275.2,273.8,274.9
2001-11-19,274,274,272.3,272.9
2001-11-20,273.5,274,272.8,273.2
2001-11-21,272.5,273.4,271.9,273.1
2001-11-26,272.8,272.8,272.2,272.5
2001-11-27,272.7,273.6,272.4,273.4
2001-11-28,275.4,275.9,274.7,275.1
2001-11-29,275.8,276.4,274.5,274.7
2001-11-30,275.7,276.6,274.8,274.9
2001-12-03,276,278.7,275.5,277.9
2001-12-04,277,277.4,276.1,276.3
2001-12-05,275.9,276.2,274.1,274.6
2001-12-06,274.5,275.4,274,275
2001-12-07,275.5,275.5,274.1,274.7
2001-12-10,273.5,273.7,271.7,273
2001-12-11,272.8,273.4,272.1,272.9
2001-12-12,274,274.8,273.6,274.5
2001-12-13,274.7,275,274.3,274.6
2001-12-14,275.4,279.2,275.2,278.6
2001-12-17,278.2,278.6,277.5,278.3
2001-12-18,279.4,281.4,278.9,280.9
2001-12-19,279.2,279.8,277.8,278.8
2001-12-20,276.6,277,275.8,276.5
2001-12-21,278.5,278.8,277.3,278.3
2001-12-26,278.7,279.9,278.3,279.6
2001-12-27,278.2,279.1,277.4,277.7
2001-12-28,277.2,277.6,276.3,276.8
2001-12-31,277,279.5,276.5,279
2002-01-02,278.5,279.8,278.4,279.2
2002-01-03,279.2,280.4,277.2,278.5
2002-01-04,278.8,279.8,277.6,279.2
2002-01-07,280.1,280.5,278,278.9
2002-01-08,279,279.5,278.5,279.2
2002-01-09,279.5,285,279,283.7
2002-01-10,288.5,288.7,285.6,287.4
2002-01-11,287.3,288.4,285.7,287.7
2002-01-14,286.8,287.2,285.5,285.7
2002-01-15,284.3,285.3,283,284.7
2002-01-16,284.8,288.2,283.5,287.6
2002-01-17,285.3,286.3,284.1,284.7
2002-01-18,283.8,284.3,282.8,283.4
2002-01-22,283.1,283.9,281.2,281.8
2002-01-23,281.2,281.2,278.2,278.9
2002-01-24,279.3,279.7,277.5,278.4
2002-01-25,278.8,279.6,278.3,279.1
2002-01-28,278.7,279.2,278,278.5
2002-01-29,278.6,282.7,278.4,282.4
2002-01-30,282.5,283.7,281.4,282.9
2002-01-31,282.9,283.7,281.8,282.9
2002-02-01,283.3,287.9,283.2,286.8
2002-02-04,287.1,290.5,286.8,290.1
2002-02-05,291.7,299.8,291,299.1
2002-02-06,303.3,307.5,297,298.3
2002-02-07,301,301.5,299,300.6
2002-02-08,304.3,307.3,302.7,304.4
2002-02-11,300.6,300.8,298.5,300.8
2002-02-12,298.8,301.5,297.8,301.3
2002-02-13,298.4,300.6,296,300
2002-02-14,300,301.1,299,299.4
2002-02-15,301.8,302.5,298.5,298.9
2002-02-19,297.5,299.1,293,293.6
2002-02-20,294,294.3,291.1,292.6
2002-02-21,291.3,294.5,290.5,293.5
2002-02-22,294.3,295,292,293.5
2002-02-25,292.5,293.3,291.1,292.9
2002-02-26,293.6,298.5,293,298.2
2002-02-27,299,299,296.1,296.6
2002-02-28,296.5,298.5,296.3,297.1
2002-03-01,296.5,300,295.5,298.4
2002-03-04,298.8,299,297,297.1
2002-03-05,297,299.4,294.2,294.4
2002-03-06,294.5,294.9,292.6,293.9
2002-03-07,292,292.8,289.5,290.5
2002-03-08,289.8,290.5,288.7,290.3
2002-03-11,292,292.4,291.2,291.3
2002-03-12,292.8,295,292.7,293.8
2002-03-13,293.9,294.4,293.1,293.8
2002-03-14,293,293.2,290.7,291.2
2002-03-15,291.3,291.4,289.3,290.1
2002-03-18,291,293,291,292.3
2002-03-19,292.9,294,292.6,293
2002-03-20,293,293,291.6,292.4
2002-03-21,292.5,293.6,292,293.1
2002-03-22,293.8,297.8,293.7,297.6
2002-03-25,297.3,298.6,297,297.7
2002-03-26,298.5,298.7,297,298
2002-03-27,299,304.4,298.5,303.3
2002-03-28,304.3,304.7,301.5,303.7
2002-04-01,303.5,304.3,301.9,304.2
2002-04-02,304.1,307.8,303.6,307
2002-04-03,306,306,302.1,303.5
2002-04-04,302.5,303.4,300,302
2002-04-05,302,303.2,299,301
2002-04-08,300.5,302.3,300.1,301.3
2002-04-09,300.7,300.7,299.2,299.5
2002-04-10,299.1,302.9,298.1,302.5
2002-04-11,302.9,303.3,302,302.8
2002-04-12,301.7,303.2,301.1,302.9
2002-04-15,303.3,303.7,300.4,300.7
2002-04-16,299.7,300.6,298.3,299.5
2002-04-17,301.7,303.4,301.2,302.8
2002-04-18,303.7,307,303.3,305.2
2002-04-19,303.3,303.5,301.9,303
2002-04-22,304.2,305.2,303.5,303.6
2002-04-23,303.2,305.2,302.7,304.6
2002-04-24,305.2,306.2,304.6,304.8
2002-04-25,309,309.8,307.1,308.6
2002-04-26,308.6,312.5,306.7,312.1
2002-04-29,311.4,312.9,310,311.5
2002-04-30,309.3,310,307.5,309.2
2002-05-01,309,311.6,307.5,309.4
2002-05-02,308.1,309.1,307.1,308.6
2002-05-03,309.4,313.8,309.2,312.5
2002-05-06,311.7,312.3,310.9,311.5
2002-05-07,312,314.5,309.3,311.9
2002-05-08,309.9,313.5,308.3,308.5
2002-05-09,308.7,310.6,308.7,309.8
2002-05-10,310.7,312.2,310.4,311.3
2002-05-13,311.3,311.6,309.5,310.9
2002-05-14,309.5,309.9,307.1,307.6
2002-05-15,307.5,309.3,306.5,309
2002-05-16,309,310.8,308.8,310.1
2002-05-17,310,312.4,309.4,310.9
2002-05-20,312,316.7,311.1,316
2002-05-21,314.8,317.3,314,316.1
2002-05-22,318.8,319.2,316.5,318.3
2002-05-23,316.4,323.3,315.6,322.8
2002-05-24,320.6,322,319.3,320.7
2002-05-28,323.5,327.3,321.5,325.5
2002-05-29,328.2,328.7,324.6,326.8
2002-05-30,325.8,327.9,324.7,326.7
2002-05-31,328.7,328.9,325.4,327.5
2002-06-03,327.1,329.5,325.9,327.7
2002-06-04,329.6,330.7,328.5,328.8
2002-06-05,325,325.8,321.1,322.1
2002-06-06,323.4,326.6,321.8,325.8
2002-06-07,326.8,328.8,324.3,325.4
2002-06-10,323.2,325.1,318.5,319.5
2002-06-11,318.8,320.9,316.6,320.5
2002-06-12,320,322.7,319.6,321.1
2002-06-13,318.5,320.5,317.6,318.5
2002-06-14,321.3,324,318.5,319.8
2002-06-17,318.5,319.5,317.7,318.1
2002-06-18,319.5,320.2,318.8,319.7
2002-06-19,322,322.4,319.8,320.3
2002-06-20,321.9,325.4,321.7,323.7
2002-06-21,323.8,325.8,322.8,325.1
2002-06-24,326.5,327.6,324.3,324.7
2002-06-25,323.8,323.8,318.3,320.5
2002-06-26,324.5,325,320.1,320.8
2002-06-27,318.3,321.1,316.9,319.6
2002-06-28,321.3,321.3,310.5,313.9
2002-07-01,311.6,315.5,311.6,314.4
2002-07-02,314.5,315.7,313.1,313.2
2002-07-03,312.8,313.1,310.5,311.3
2002-07-05,312.8,314.3,310.5,311.3
2002-07-08,312,313.1,311,312.5
2002-07-09,313.8,316.7,313.7,316.5
2002-07-10,315.5,317,314.2,315.1
2002-07-11,313.9,318.3,313.7,317.6
2002-07-12,315.7,317.3,315.2,315.9
2002-07-15,317.3,320.3,317.2,319.9
2002-07-16,319.8,319.9,316.8,317.5
2002-07-17,316.8,318.1,315.7,317.7
2002-07-18,317,318.1,316.7,317.1
2002-07-19,319,326,318.9,323.9
2002-07-22,322.8,324.4,322.2,323.5
2002-07-23,320,320.7,311.5,312.6
2002-07-24,310.6,312,306.7,311.4
2002-07-25,312.5,313.1,310.9,311.7
2002-07-26,309.8,309.9,302,305.2
2002-07-29,304.8,305.6,303.7,304.5
2002-07-30,306,307.5,305.3,306
2002-07-31,306.8,307.5,303.8,305.2
2002-08-01,302,306.8,300.3,306
2002-08-02,306.8,309.8,306.2,309
2002-08-05,308.8,311.5,308.5,309.6
2002-08-06,307.1,308,306.5,307.3
2002-08-07,310.3,317.2,310.2,316.1
2002-08-08,315,315.1,311.9,312.2
2002-08-09,312.3,316.7,312.2,316
2002-08-12,318.7,319.7,315,315.8
2002-08-13,316.5,316.9,315.1,315.9
2002-08-14,317.8,318.5,312.5,313.5
2002-08-15,313.8,317.8,313,316.1
2002-08-16,315.5,316.9,313.8,315.4
2002-08-19,314,314.1,306,307.7
2002-08-20,309.5,311.2,307.7,310.4
2002-08-21,308,310.2,307.5,309.3
2002-08-22,307.6,309,306.1,308.3
2002-08-23,306.3,308.7,305.6,308.3
2002-08-26,308.3,312,308.2,311
2002-08-27,311.8,314.5,309.6,313.9
2002-08-28,311.8,313.1,309.8,309.8
2002-08-29,312.5,314.8,312,314.4
2002-08-30,314.8,315.6,313.3,313.9
2002-09-03,315,315.9,314.1,315
2002-09-04,314.2,317.1,313.8,316.5
2002-09-05,318.3,320.8,318.1,319.6
2002-09-06,320.5,322.9,319.8,321.5
2002-09-09,323,325.5,322.4,322.8
2002-09-10,319.6,321.5,318.7,319.4
2002-09-11,316.6,318.3,316,318.1
2002-09-12,319.7,321.3,318.6,320.4
2002-09-13,320.4,321.4,317,318.1
2002-09-16,316.8,319.4,316.4,318.5
2002-09-17,316.8,318.5,315.2,318.2
2002-09-18,319.4,322.5,319.1,321.8
2002-09-19,323.5,324.7,322.6,323.9
2002-09-20,322.4,325.3,321.6,323.2
2002-09-23,325.2,326,322.6,324.1
2002-09-24,325.6,329.3,325.5,327.2
2002-09-25,325.8,326.9,323.4,323.6
2002-09-26,323.4,323.4,319.8,321.7
2002-09-27,321,323.1,320.1,321.1
2002-09-30,324.3,326.2,323.8,325.2
2002-10-01,323,323.8,321.6,322.2
2002-10-02,321.6,323.6,321.5,322.8
2002-10-03,324.2,324.6,322,322.4
2002-10-04,322.8,323.4,320,323.3
2002-10-07,323,323.6,322.2,323.1
2002-10-08,321.3,321.3,318.8,319.4
2002-10-09,319.5,321.3,319.3,320.8
2002-10-10,319.8,320.3,316.8,317.4
2002-10-11,317.3,318.2,316.6,317.2
2002-10-14,318.2,319.2,318,318.6
2002-10-15,317.2,317.2,313,313.4
2002-10-16,314.2,315.6,314,314.7
2002-10-17,311.5,312.9,310.1,312.2
2002-10-18,313.3,313.8,312.3,313.3
2002-10-21,313.7,314.1,310.9,311.5
2002-10-22,312,313.9,311.9,313.6
2002-10-23,313.7,313.9,312.2,312.6
2002-10-24,311.2,313,309.1,311.2
2002-10-25,313.2,314.8,312.8,313.9
2002-10-28,314.3,315.9,314.3,315.6
2002-10-29,317.6,318.8,316.8,318.1
2002-10-30,317,317.7,316.4,316.9
2002-10-31,316.9,318.7,316.5,318.4
2002-11-01,320.5,322,318.7,319.2
2002-11-04,317.6,319.3,317.5,318.7
2002-11-05,319.4,320.2,318.3,318.6
2002-11-06,317.2,318.3,317.2,317.9
2002-11-07,319.9,321.5,319.3,320.9
2002-11-08,322.8,323.3,320.6,321.7
2002-11-11,321,322.2,320.3,321.6
2002-11-12,321.7,325,321.5,324.7
2002-11-13,323.7,325.4,317,318.9
2002-11-14,319.5,319.6,317.2,318.1
2002-11-15,318.6,321.3,318.5,320.9
2002-11-18,318.9,320.1,318.1,319.4
2002-11-19,320.4,320.4,318.6,318.8
2002-11-20,319.4,319.7,317.5,317.6
2002-11-21,318.3,318.5,317.2,317.6
2002-11-22,318.1,322,316.5,320.9
2002-11-25,319.1,319.3,316.9,317.9
2002-11-26,319.2,319.8,318.1,318.7
2002-11-27,319.2,319.5,317.7,317.8
2002-12-02,317.6,319,316.6,318.5
2002-12-03,319.3,321.7,319.2,321.2
2002-12-04,322,324.5,321.8,323.1
2002-12-05,322.5,325.8,322,325.6
2002-12-06,326.7,330,325.3,327.1
2002-12-09,325.8,327.2,325.7,326.5
2002-12-10,326.7,327,323.1,324.2
2002-12-11,324.6,326,324.3,325.5
2002-12-12,327.9,333.5,326.6,332.1
2002-12-13,334.8,336.3,330.7,333.8
2002-12-16,333.8,338,333.1,337.6
2002-12-17,339.8,343,336.3,338
2002-12-18,337,342.8,336.5,342.7
2002-12-19,347,349,343.8,346.5
2002-12-20,343,343.4,339,341
2002-12-23,343.3,345.8,342.2,345.6
2002-12-24,345.7,348.1,345.2,347.3
2002-12-26,346.8,350.6,346.3,349.4
2002-12-27,349,351.5,347.3,349.7
2002-12-30,349,349.1,342.5,344.1
2002-12-31,344,348.5,341.7,348.2
2003-01-02,344.1,348.2,343.2,346.5
2003-01-03,345.3,353.5,344.4,351.6
2003-01-06,354.5,355.3,350.5,352.1
2003-01-07,350.3,351.6,345,347.7
2003-01-08,345.8,356,345.3,354.3
2003-01-09,354.5,355,351.5,353.7
2003-01-10,353.9,356.5,350.5,354.9
2003-01-13,352.2,355.4,351.6,355.1
2003-01-14,354,355,351.5,352.4
2003-01-15,351.5,352.2,348.7,351.1
2003-01-16,351,359,350.6,358.1
2003-01-17,358,358.7,355.3,356.8
2003-01-21,355.5,358.1,353.4,357.5
2003-01-22,359.5,360.1,357.9,359.9
2003-01-23,363.5,367.7,362.6,364.7
2003-01-24,364.5,370.2,364,368.4
2003-01-27,370.8,372.9,367.8,369.4
2003-01-28,369.5,371.4,368.5,371.1
2003-01-29,371,372.5,366.5,367.4
2003-01-30,364.8,371.2,364,369.7
2003-01-31,370,370.5,368,369.1
2003-02-03,369.9,372.6,369.6,371.6
2003-02-04,375.5,380,375.2,379.9
2003-02-05,382.5,384.5,373,377.2
2003-02-06,374.5,377.3,370.5,370.7
2003-02-07,372,375.6,368,370.5
2003-02-10,372.1,373,363.5,364.2
2003-02-11,364.4,366.2,361,363
2003-02-12,361.8,363.1,352.5,353
2003-02-13,353.5,359.1,352.2,357.7
2003-02-14,357.4,357.7,349,352.2
2003-02-18,348.5,349,343,344.3
2003-02-19,347,350.3,344.7,350
2003-02-20,350.5,355,349.8,353.1
2003-02-21,353,355,351,351.8
2003-02-24,352.5,358.1,352.2,356.4
2003-02-25,357.5,359.4,351,352.4
2003-02-26,352.4,356.5,351.7,354.1
2003-02-27,355,355.4,345.7,346.2
2003-02-28,346.4,351.5,345.3,350.3
2003-03-03,349.8,349.9,345.2,349.3
2003-03-04,352.8,354.9,352.1,353.2
2003-03-05,354.1,356.7,352.3,353.2
2003-03-06,353.5,357.4,353.2,356.9
2003-03-07,357,358.7,347,350.9
2003-03-10,353.2,355.5,353.2,354.8
2003-03-11,353.1,353.3,348.7,350.6
2003-03-12,349.2,349.4,345.9,346.6
2003-03-13,340.5,341,332,336
2003-03-14,334.8,339.5,334,336.6
2003-03-17,342.2,343.5,334.8,337.2
2003-03-18,336,340.4,335.7,337.7
2003-03-19,335.2,338,334.3,336.2
2003-03-20,334,338,332.6,333
2003-03-21,332.4,334,325.8,326.1
2003-03-24,330.4,330.7,329,329.5
2003-03-25,332.5,333.3,327.3,328.3
2003-03-26,330.2,331.4,329.1,330.1
2003-03-27,333.5,334,329.1,329.3
2003-03-28,331,333.5,330.4,332.4
2003-03-31,331.6,336.4,331.6,335.9
2003-04-01,335.6,336.9,334.6,335.2
2003-04-02,330.7,331.5,328,330.4
2003-04-03,325.5,327.9,324,325.7
2003-04-04,324.2,326.4,323.6,326
2003-04-07,320.6,323.7,320.1,322.2
2003-04-08,321.7,324.9,321,322.9
2003-04-09,323.8,327.7,321.7,326.2
2003-04-10,325.8,327.6,324.9,327.3
2003-04-11,325.4,329,323.5,328.5
2003-04-14,326,327,324.6,324.9
2003-04-15,324.6,326.8,322.6,325.5
2003-04-16,324.6,327,323.2,326.3
2003-04-17,326.8,328.7,326.8,327.6
2003-04-21,329.6,334.5,329.5,333.9
2003-04-22,335,336.8,333.4,334.8
2003-04-23,334.1,335.6,331.5,331.9
2003-04-24,332.5,335.5,331.8,335.1
2003-04-25,333,334.7,332.9,333.7
2003-04-28,335,335.6,329.5,334.8
2003-04-29,333,334.6,331.3,334
2003-04-30,338.5,340.4,337.1,339.4
2003-05-01,338.9,343.8,338.8,342.4
2003-05-02,342,344,339.2,341.3
2003-05-05,342,343.6,341.4,342.6
2003-05-06,344.7,345.4,342.2,342.8
2003-05-07,344,344.9,339.6,342.2
2003-05-08,343.9,350,343.7,348.7
2003-05-09,348,349.5,347.2,348.9
2003-05-12,351.5,352.8,349.7,351.9
2003-05-13,351.6,352.1,349.1,350.2
2003-05-14,350,355.1,349.7,352.5
2003-05-15,354.7,355.6,351.8,352.8
2003-05-16,354.2,354.9,354.1,354.9
2003-05-19,358,365,357.3,364.4
2003-05-20,368,370.5,365.2,366.5
2003-05-21,364.5,373.5,364.5,372.2
2003-05-22,372,372.5,366.7,368.1
2003-05-23,370,371.2,366.8,368.8
2003-05-27,373.5,373.5,365.6,367.8
2003-05-28,363.5,371.4,359.4,366.2
2003-05-29,362.8,371,362,370.7
2003-05-30,367,367,361.5,365.6
2003-06-02,361.5,368.3,361.3,367.1
2003-06-03,366.5,367.6,364.3,366.3
2003-06-04,365.8,366.7,362.7,363.6
2003-06-05,364.8,370.5,364.7,369.5
2003-06-06,367.5,367.8,362.2,364.5
2003-06-09,364.3,366.8,361.8,362.6
2003-06-10,359.9,360,352,352.8
2003-06-11,355,358,354.3,356.2
2003-06-12,353.2,354.2,351.5,353.9
2003-06-13,354.3,357.7,351.9,357.2
2003-06-16,358.6,360.3,356.5,359.7
2003-06-17,359.8,365.7,359.8,363.8
2003-06-18,360,361.5,357,357.8
2003-06-19,357.5,363.6,357.1,361.8
2003-06-20,359.8,359.8,355.8,356.7
2003-06-23,356.7,357.5,351,353.4
2003-06-24,354,354.5,346.3,346.7
2003-06-25,348.3,350.3,347.6,349.6
2003-06-26,345.5,345.5,343.5,344.2
2003-06-27,343.8,347.3,343.3,345.5
2003-06-30,346,348.1,344.5,346.3
2003-07-01,348.6,353.8,348.5,351.7
2003-07-02,350.8,353.3,350.6,351.6
2003-07-03,350,352.4,349.3,351.3
2003-07-07,349.3,349.8,347.8,348.4
2003-07-08,346.6,348.2,342.6,344.4
2003-07-09,346,346.3,343.5,343.9
2003-07-10,343,346,342.4,344.6
2003-07-11,342.5,345.5,342.3,345.1
2003-07-14,346.2,348.2,346,347.8
2003-07-15,348.9,349,341,342.2
2003-07-16,342.1,344.5,341.9,343.2
2003-07-17,344.2,345.5,340.8,344.3
2003-07-18,343.7,347.8,343,347.3
2003-07-21,347.8,352.3,347.4,351
2003-07-22,352.5,352.9,349.6,350.7
2003-07-23,354.2,359.1,354.2,358.7
2003-07-24,358.7,363.9,356,362.3
2003-07-25,360.7,364.5,360.5,362.8
2003-07-28,362.3,367.7,362.3,364.9
2003-07-29,363.5,364.2,360.9,361.7
2003-07-30,358.5,359.1,354.5,356.2
2003-07-31,356.5,357.5,353,354
2003-08-01,353.5,355,346,347
2003-08-04,349,351.2,347.3,350.1
2003-08-05,349,350.8,348.9,350.4
2003-08-06,351.7,353,349.5,351.6
2003-08-07,350.7,354.4,350,353.3
2003-08-08,354.5,358,353,357.1
2003-08-11,358,362.5,358,362.5
2003-08-12,361,361.7,359,359.2
2003-08-13,359,364.8,356.2,362.8
2003-08-14,363,367.7,363,366.6
2003-08-15,364.8,368.3,363.2,363.8
2003-08-18,361,361.5,358.5,359
2003-08-19,356.5,362.8,356,362.1
2003-08-20,362,367,361.8,366.1
2003-08-21,363.7,364.9,358.5,360.9
2003-08-22,359.3,364.5,358.6,363.4
2003-08-25,363.6,364,360.6,361.5
2003-08-26,361.4,366.3,359.8,365.9
2003-08-27,365.8,374.3,365.2,373.1
2003-08-28,372.5,374,370,371.6
2003-08-29,374,379,374,376.8
2003-09-02,375,377.9,373.5,374.3
2003-09-03,371.9,376.7,370.9,375
2003-09-04,371.5,374.9,370.7,374
2003-09-05,373.3,380.9,372.6,378.7
2003-09-08,376.5,377.8,374.7,376.2
2003-09-09,382.4,384.8,381.4,382.8
2003-09-10,380.3,382.8,379.8,381.1
2003-09-11,380.5,382.2,375.7,380.8
2003-09-12,381,383,376.2,376.9
2003-09-15,377,377.4,373.5,375.6
2003-09-16,375.9,377.4,372.5,374.6
2003-09-17,375.2,378,375,377.3
2003-09-18,378.8,381,376.2,377.7
2003-09-19,379.8,384.5,378.8,382.9
2003-09-22,387,389,384.9,388.3
2003-09-23,387.5,388.1,384.3,387
2003-09-24,386.8,388.5,385.7,388.4
2003-09-25,392.5,394.8,385.1,385.9
2003-09-26,386,386.6,380.1,381.8
2003-09-29,381.3,386.1,381.2,383.2
2003-09-30,385.5,389.4,385.1,386.1
2003-10-01,386.2,386.9,383.6,385
2003-10-02,385.2,385.6,382,383.7
2003-10-03,385.5,387,367,370
2003-10-06,372,374.3,370.5,373.3
2003-10-07,375.7,378,375.1,377.8
2003-10-08,377,377.2,375.3,376
2003-10-09,375.5,375.5,368.6,369.8
2003-10-10,372.7,374.5,372,374.1
2003-10-13,371,375.8,370.1,375.7
2003-10-14,373.7,377.4,373,376.2
2003-10-15,375.3,375.3,372,373.1
2003-10-16,372.3,375.7,371.2,373.2
2003-10-17,371.5,372.4,366.5,372.2
2003-10-20,371.5,375.1,371.5,374.4
2003-10-21,377,382.5,376.8,382
2003-10-22,384,388,383.7,386.8
2003-10-23,386.5,386.6,383.3,385
2003-10-24,385.8,393,385.5,389.2
2003-10-27,387.7,389,386.3,388.2
2003-10-28,386.2,386.2,383,383.4
2003-10-29,380.5,388.2,380.3,387
2003-10-30,390.7,391.1,382.5,384.4
2003-10-31,385.2,389.8,382.2,384.6
2003-11-03,384,385.5,376.5,377.1
2003-11-04,379.7,381.4,377.3,380
2003-11-05,382.2,384.9,379.1,382.7
2003-11-06,382.4,383.2,379.7,380.7
2003-11-07,380.7,384,376.5,383.4
2003-11-10,383.5,387.8,383.2,386.7
2003-11-11,387.5,389.3,386.2,388.2
2003-11-12,389.5,397,388.8,395
2003-11-13,395.5,398.4,393.4,394.3
2003-11-14,396,399.4,394.4,398
2003-11-17,397.7,397.9,386,391.5
2003-11-18,393,398.6,392.5,397.6
2003-11-19,396.7,398.2,392.7,394.9
2003-11-20,396.5,397.5,392,393.7
2003-11-21,396.5,398.1,392.7,396
2003-11-24,395.5,395.6,391.6,392.7
2003-11-25,392.2,394.4,390.5,392.4
2003-11-26,393.3,402,392.8,398
2003-12-01,400,404,397.8,403.8
2003-12-02,403.3,407,400.3,404.6
2003-12-03,403.7,405,402.2,404.8
2003-12-04,402,406,400.8,404.2
2003-12-05,402.9,407.5,400.5,407.3
2003-12-08,409.3,409.8,405.7,407.5
2003-12-09,409.5,410.5,406.4,408.9
2003-12-10,409.7,413.3,406.5,407
2003-12-11,405.5,407.4,403.3,405.4
2003-12-12,407.8,410.4,406.5,410.1
2003-12-15,405.3,411.9,405.3,409.9
2003-12-16,410.7,411.2,408.1,408.4
2003-12-17,408.7,412.8,408.3,412.7
2003-12-18,411.4,412.7,408.5,411.1
2003-12-19,411,411.5,408.3,409.9
2003-12-22,411.8,412.3,410.3,411.3
2003-12-23,410,411.9,409.6,411.6
2003-12-24,411.8,413.5,411.3,412.8
2003-12-29,416,416.5,413,415.3
2003-12-30,416.5,417.9,416,417.2
2003-12-31,417.9,418.4,414.9,416.1
2004-01-05,418.7,425.7,418,424.8
2004-01-06,428.3,428.3,421.5,423.2
2004-01-07,423.1,425.4,420.5,422.3
2004-01-08,420.7,426,420.5,424.4
2004-01-09,422.3,428,421.3,426.8
2004-01-12,427.3,427.7,423.6,426.6
2004-01-13,426,426.7,423,424
2004-01-14,421.8,422.8,418,422
2004-01-15,415.7,416.8,408,408.7
2004-01-16,408.9,411.2,405.7,407
2004-01-20,409.8,413.4,408.4,412.9
2004-01-21,411,411.5,407.5,411.2
2004-01-22,412.9,413.3,408.3,410.1
2004-01-23,410.5,411.8,406.5,408
2004-01-26,407,409.3,406.3,406.7
2004-01-27,404.4,412.4,404.1,410.1
2004-01-28,411.3,416,410.3,415.8
2004-01-29,409.5,410.1,397.5,399.4
2004-01-30,400,403.5,399.4,402.9
2004-02-02,402.3,403.3,395,399.3
2004-02-03,402,403.9,399.1,399.9
2004-02-04,400.5,401.8,399.5,401.7
2004-02-05,399.7,401.3,397.8,398.8
2004-02-06,397.2,410.2,396.5,404.2
2004-02-09,407,407.9,405.5,407.4
2004-02-10,410,411.1,406.8,407
2004-02-11,407.2,412.5,405.8,410.7
2004-02-12,411,414.4,410.3,414.2
2004-02-13,412.8,418,407.1,410.8
2004-02-17,414.7,417,413.2,416.5
2004-02-18,415.5,416.6,411.6,412.8
2004-02-19,411.7,412.2,408.6,410.3
2004-02-20,408.3,409,394.5,398
2004-02-23,399.5,400.5,398.1,399.3
2004-02-24,402,405,401.6,404.8
2004-02-25,402.5,403.4,393,396.1
2004-02-26,395,396.8,391,395.5
2004-02-27,393.5,398.4,392.5,396.8
2004-03-01,399.2,403.5,398.6,399.6
2004-03-02,399.3,399.3,391.2,393.8
2004-03-03,391.8,393.5,388.2,392.7
2004-03-04,392.5,395.2,391.7,393.2
2004-03-05,393.5,402,393,401.6
2004-03-08,399.4,401.7,399.2,400.9
2004-03-09,401.2,406.4,400.5,404.5
2004-03-10,403.2,403.3,397.7,400.3
2004-03-11,400.5,401.5,397.2,401
2004-03-12,401,401.3,395.1,395.6
2004-03-15,398.8,401,397.3,399.6
2004-03-16,400.5,404.7,399.9,402.6
2004-03-17,402.5,407.5,402,407.1
2004-03-18,407.3,414.4,407.1,411.3
2004-03-19,411.8,413.6,409.1,412.7
2004-03-22,416,419,415.7,417.6
2004-03-23,416.5,420.8,415.8,420
2004-03-24,416.7,419.4,414.9,417.4
2004-03-25,417.5,418.5,415.5,416.9
2004-03-26,419.5,425,419.5,423.2
2004-03-29,422.8,422.8,417.6,418.2
2004-03-30,422.3,423.4,420.5,422.8
2004-03-31,425.5,428.5,424.4,428.3
2004-04-01,429.8,433,425.9,428.8
2004-04-02,430.5,430.5,418.5,422.5
2004-04-05,421.5,422.2,414.5,416.3
2004-04-06,419.9,420.7,417.8,419.8
2004-04-07,419.5,425.1,418.5,423.7
2004-04-08,420.7,422.3,419.5,420.7
2004-04-12,422.7,423.1,418,420.9
2004-04-13,415.8,416.7,405.5,407.7
2004-04-14,403.5,404.3,397,400.8
2004-04-15,396.2,401,396.2,398.6
2004-04-16,397.5,403.3,397.5,401.6
2004-04-19,404.1,404.8,400.9,401.2
2004-04-20,398.5,399.6,396.3,398.2
2004-04-21,390.5,396.2,390.3,390.7
2004-04-22,392.8,394.5,390.8,393.8
2004-04-23,395.3,395.9,393.2,395.5
2004-04-26,396.5,398.8,396.2,396.2
2004-04-27,397.4,399.8,396.3,399.1
2004-04-28,395,396,384,386.3
2004-04-29,380.6,388.5,380.6,386.7
2004-04-30,386.1,391.3,386,387.8
2004-05-03,387.8,390,386.1,387.1
2004-05-04,391.3,394,391,392.2
2004-05-05,392.3,394,390.5,394
2004-05-06,390.5,391.6,387,388.4
2004-05-07,387.3,391,377.7,379
2004-05-10,374.2,379.8,372,378.7
2004-05-11,377,378.9,374.6,377.5
2004-05-12,380.5,384.5,377.5,378
2004-05-13,374.7,377.8,373,374.9
2004-05-14,374,377.9,373.8,377.2
2004-05-17,380.3,383.7,378.5,379.7
2004-05-18,378.5,379.2,375.5,375.9
2004-05-19,379,383.5,379,383.4
2004-05-20,378.5,381.7,378.2,378.5
2004-05-21,381.8,387.3,381.8,384.9
2004-05-24,383.5,386.8,383.4,384.9
2004-05-25,388.5,390,387.3,388.4
2004-05-26,390.8,392.1,387.6,388.3
2004-05-27,393,396.5,393,396.1
2004-05-28,395,396.3,393.5,394.9
2004-06-01,397,399.8,394.3,395.2
2004-06-02,397.2,398,391,392.5
2004-06-03,392,393.7,388.3,388.9
2004-06-04,387.7,392.5,385.5,391.7
2004-06-07,392.8,395.2,392.6,394.5
2004-06-08,394.3,395.7,391.1,391.8
2004-06-09,388.8,389.4,383.8,385.2
2004-06-10,385.7,388.4,384.3,386.6
2004-06-14,383.5,386.9,383.5,384.2
2004-06-15,383.8,390,383,388.7
2004-06-16,385.7,387.4,383.9,385.2
2004-06-17,387.4,389.7,385.7,389.5
2004-06-18,393.3,396.9,393.3,395.7
2004-06-21,397.2,397.9,393.3,394.5
2004-06-22,395.2,397.4,394.3,395.5
2004-06-23,395.8,396.9,393.5,395.5
2004-06-24,401,404,400.2,403.5
2004-06-25,402.5,403.9,401.5,403.2
2004-06-28,405.3,405.6,400.2,401.3
2004-06-29,398.5,399,391,392.8
2004-06-30,394.5,397.3,392.4,393
2004-07-01,395.4,396.6,393.7,396.4
2004-07-02,392.8,401.5,392.6,398.7
2004-07-06,399.3,399.8,389,393
2004-07-07,397.8,404,397.8,402.7
2004-07-08,404.5,409.6,402.8,408.2
2004-07-09,407.8,408.6,406.7,407.9
2004-07-12,407,408.8,406,408.4
2004-07-13,403.3,404.4,400.8,402.3
2004-07-14,404.3,406.8,403,405.6
2004-07-15,405,406.3,401.8,404.4
2004-07-16,405.2,408.1,404.2,406.8
2004-07-19,405.5,407.2,404.8,405.8
2004-07-20,403.5,404.2,399.7,402.1
2004-07-21,400,401.9,395,397.3
2004-07-22,397.3,398.8,395,395.3
2004-07-23,392.3,392.7,387.4,390.5
2004-07-26,391.8,392.5,389.5,390.3
2004-07-27,394.2,395,388.5,389.8
2004-07-28,389.2,393,388.6,391.8
2004-07-29,387.5,392.9,387.5,389.8
2004-07-30,391.3,394.9,391.3,393.7
2004-08-02,395.5,395.8,393.5,394.4
2004-08-03,391.6,397.2,391.2,396.5
2004-08-04,393.2,395.9,393,394.7
2004-08-05,393.9,395,393.1,394.8
2004-08-06,394.5,404,394.1,402.1
2004-08-09,400.8,403.2,400.3,403
2004-08-10,401.6,403.4,401.2,402.3
2004-08-11,399,400.5,395.3,397.9
2004-08-12,398.8,400.5,396.1,396.6
2004-08-13,396.2,402,395.5,401.2
2004-08-16,400.7,406.3,400.7,405.2
2004-08-17,404.2,407.7,402.6,406.7
2004-08-18,406.5,407.6,403.8,406.6
2004-08-19,409.2,410.4,408.6,409.3
2004-08-20,407.7,416.8,407.6,415.5
2004-08-23,413.5,414.3,411,412.8
2004-08-24,409.4,410.1,404.6,405
2004-08-25,407.5,410.4,407,410
2004-08-26,411.1,411.8,406.6,409.6
2004-08-27,409.8,410.7,403.3,405.4
2004-08-30,407.5,411.4,407.2,410
2004-08-31,409.8,413.3,409,412.4
2004-09-01,411.4,412.2,409.1,410.8
2004-09-02,410,410.7,407.8,408
2004-09-03,408,408.6,401,402.5
2004-09-07,402.4,402.5,398.7,399.4
2004-09-08,397.5,402.3,396.9,401.4
2004-09-09,400.6,401.5,399.2,400.4
2004-09-10,403,404.9,401,403.8
2004-09-13,401.6,406.8,400.9,406
2004-09-14,405.3,409,405.3,407.5
2004-09-15,406,407,404.7,406.8
2004-09-16,407.3,407.8,404.2,406.5
2004-09-17,407,409,405,407.6
2004-09-20,405.3,407.4,405.3,407
2004-09-21,410,412,409.6,410.1
2004-09-22,407.1,409.2,405.8,409
2004-09-23,410.1,414,410.1,412.6
2004-09-24,412.1,413.7,408.5,409.7
2004-09-27,410.2,412,409.9,410.7
2004-09-28,414,414.9,412.6,414.2
2004-09-29,414,416.2,413.3,414.7
2004-09-30,417.3,420.8,416.8,420.4
2004-10-01,420,421.3,418.5,421.2
2004-10-04,417,417.5,413.3,415.6
2004-10-05,417.5,421.5,416.7,419.8
2004-10-06,420,421.7,417.5,420
2004-10-07,421,421.7,418.8,419.5
2004-10-08,419.4,426,419.1,424.5
2004-10-11,423.1,424.5,422.5,423.4
2004-10-12,420.5,421.1,414.2,416.6
2004-10-13,412.5,414.7,410.5,414.6
2004-10-14,417.5,420.5,415.6,419.5
2004-10-15,421.3,423,419,420.1
2004-10-18,419.8,421.7,417.5,417.6
2004-10-19,418.2,422.2,417.8,421.6
2004-10-20,424.2,427.3,424,424.8
2004-10-21,426.4,426.8,423,425.6
2004-10-22,423.2,426.5,423.2,425.6
2004-10-25,431.5,432,428.8,429
2004-10-26,428.9,429.2,425.3,428
2004-10-27,427.1,429.6,423.8,424.7
2004-10-28,424.7,428,421.3,425.1
2004-10-29,426.4,429.8,425.1,429.4
2004-11-01,429,431.5,427,428.2
2004-11-02,426.5,426.8,418,420.8
2004-11-03,425,426.4,422.7,425.4
2004-11-04,429.3,434,428.6,430.8
2004-11-05,430.8,435,425.5,434.3
2004-11-08,432.8,434.6,431.9,433.4
2004-11-09,434.5,437.5,433.3,436.2
2004-11-10,437.8,438.1,432.8,434.5
2004-11-11,434.3,436.2,434.1,435.4
2004-11-12,437.5,439.5,433.8,438.3
2004-11-15,440.7,440.7,436.3,437.3
2004-11-16,438.2,441.4,437.5,440.5
2004-11-17,443.5,445.4,442.3,445.1
2004-11-18,444,444.1,440.2,442.9
2004-11-19,444.2,448.5,444,447
2004-11-22,447,449.1,446.1,449
2004-11-23,449,449.4,447.1,447.9
2004-11-24,448.5,449.6,447.7,449.3
2004-11-29,452.3,457,451.5,455.8
2004-11-30,455.2,456,449.9,453.2
2004-12-01,453.3,457.7,452.3,455.9
2004-12-02,455.6,457.7,448.7,452.3
2004-12-03,452.5,458.2,450,457.8
2004-12-06,455.8,456.7,452.7,455.9
2004-12-07,456.2,456.9,453.2,453.7
2004-12-08,445,445.5,435,438.7
2004-12-09,436.8,439.9,434,437.2
2004-12-10,436.2,437.4,433.5,435.3
2004-12-13,438,441.6,436.5,440.3
2004-12-14,439.7,441,436.5,437.3
2004-12-15,441.1,443.2,440.6,442.2
2004-12-16,443.1,443.8,437,438.2
2004-12-17,440,443.7,438.7,442.9
2004-12-20,443.5,445.6,442.3,443.6
2004-12-21,443.4,443.8,441.7,442.9
2004-12-22,443.3,443.7,440.1,441.4
2004-12-23,443,443.7,441.8,442.9
2004-12-27,444,446.7,443.7,446.2
2004-12-28,446,446.2,444,445.3
2004-12-29,444,444,434.4,437
2004-12-30,436.2,439.8,434.7,438.4
2005-01-03,436,436.3,427.8,429.7
2005-01-04,427.4,429.7,424.9,429.2
2005-01-05,427,429.3,426.1,427.3
2005-01-06,426.3,427.1,421,421.6
2005-01-07,421.8,425.8,417.1,419.5
2005-01-10,420.5,421.3,419.5,419.7
2005-01-11,421.5,423.3,421.1,422.4
2005-01-12,422.2,428.4,421.1,426.6
2005-01-13,424.3,425.5,423.6,425.1
2005-01-14,421.5,423.5,421.2,423
2005-01-18,423,424.2,421.7,423.5
2005-01-19,425.2,427.3,422.7,423.3
2005-01-20,422.4,423.3,420.3,422.6
2005-01-21,423.2,428.5,422.8,426.9
2005-01-24,426.9,428.2,426.7,427.1
2005-01-25,425.5,425.7,421,422.1
2005-01-26,423.6,427.8,423.5,426.9
2005-01-27,425.3,426.5,424,426.3
2005-01-28,428.2,429.7,426.1,428.1
2005-01-31,426.4,426.7,421.5,424.1
2005-02-01,422,423,421.9,422.9
2005-02-02,423.8,424.1,421.9,423
2005-02-03,419,419.2,416.2,418.5
2005-02-04,417.8,419.5,415.5,415.9
2005-02-07,416.4,417.7,414,415.4
2005-02-08,413.7,415.8,412,414.3
2005-02-09,413.3,414.8,411.5,414.5
2005-02-10,414.8,420.2,413.1,418.7
2005-02-11,418.8,423.5,417.7,422
2005-02-14,423.9,427.8,423.9,427.3
2005-02-15,426.8,428.7,425,427.3
2005-02-16,426,427.1,423.4,426.9
2005-02-17,427.3,429.8,425.9,428.6
2005-02-18,428.6,429.4,427,428.4
2005-02-22,434,436.4,432.8,435.8
2005-02-23,435,437,432.9,436.1
2005-02-24,438,438.2,433.5,435.7
2005-02-25,434.5,436.9,433.7,436.1
2005-02-28,437.8,439.4,436.6,437.6
2005-03-01,436.5,436.7,432,433.9
2005-03-02,430.8,435,430.5,433.8
2005-03-03,434.2,434.3,430.1,430.8
2005-03-04,431.2,438.5,430.4,435.1
2005-03-07,434.4,436.3,433.3,435.8
2005-03-08,436.9,441.5,436.7,441.1
2005-03-09,440.9,443.5,439.9,442.9
2005-03-10,441.3,443.7,441.2,443.4
2005-03-11,442.3,448.5,441.6,446.8
2005-03-14,444,445,440.7,441.6
2005-03-15,443.6,444.9,440.3,441.4
2005-03-16,442.8,444.7,442.3,444.2
2005-03-17,443.2,444.1,437.7,439.1
2005-03-18,437.5,440.4,436.1,439.7
2005-03-21,434.5,434.6,429.2,431.4
2005-03-22,431,432.8,430.8,431.6
2005-03-23,425,428.4,424.5,425.4
2005-03-24,425.3,426.5,424.3,424.8
2005-03-28,425,426.2,423.4,426
2005-03-29,428.9,429.2,428.5,428.6
2005-03-30,428.9,430.7,428.5,429.5
2005-03-31,430,431.4,429.7,431.1
2005-04-01,429.7,431.5,427,428.3
2005-04-04,428,428.1,424.7,426
2005-04-05,425.7,427.8,425.5,426.6
2005-04-06,426.6,429.7,426.3,429.2
2005-04-07,429.2,430.5,428.1,428.4
2005-04-08,426.8,429.4,426.4,428.8
2005-04-11,431.2,431.8,429.8,430.4
2005-04-12,431.2,432.5,428.3,429.3
2005-04-13,429.8,431.5,428.8,431
2005-04-14,427.5,427.9,423.5,425.6
2005-04-15,426.2,427.8,425.2,426.5
2005-04-18,427.1,429.9,426.5,429
2005-04-19,428.8,435.3,428.7,434.4
2005-04-20,435,445.1,433,436.7
2005-04-21,435.2,436.8,433.6,434.4
2005-04-22,435.5,437,435.1,435.6
2005-04-25,434.6,436.3,434.1,435.8
2005-04-26,438.7,439.1,437,439
2005-04-27,436.5,438.2,433.2,434.1
2005-04-28,434.1,435.3,432.2,432.4
2005-04-29,434.5,438,433.2,436.1
2005-05-02,434.3,434.5,429.5,430.5
2005-05-03,430.4,430.4,427.3,427.7
2005-05-04,429.6,430.9,429.2,430
2005-05-05,430.8,431.7,428.8,430.7
2005-05-06,430.7,430.8,424.5,426.9
2005-05-09,426.2,427.3,425.4,426.9
2005-05-10,427.8,428.8,427.6,427.9
2005-05-11,428.7,429.3,426,427.9
2005-05-12,426.2,426.4,420.8,422.2
2005-05-13,420.6,422.7,419.2,420.7
2005-05-16,419.7,420.2,418.2,419.3
2005-05-17,420.1,421.5,419.3,419.8
2005-05-18,420.6,422,419.3,421.9
2005-05-19,421.5,422.3,419.5,420.8
2005-05-20,420.1,420.5,416.7,417.7
2005-05-23,417.5,418.5,416.8,416.9
2005-05-24,418.5,419.3,417.4,417.7
2005-05-25,417.3,419,417.1,418.9
2005-05-26,417.8,418.8,416.9,418
2005-05-27,421,422.8,420.3,422.4
2005-05-31,417.5,419.8,415.8,418.9
2005-06-01,418.5,419.5,416.6,417.7
2005-06-02,419,425.8,418.8,424.8
2005-06-03,424.5,426.2,424.4,425.8
2005-06-06,428,429.5,427.3,428.4
2005-06-07,428.5,428.5,426.2,426.7
2005-06-08,427.4,428.7,426.4,426.6
2005-06-09,425.6,427.1,423,426.1
2005-06-10,424.8,430.5,424.1,429.3
2005-06-13,429,432.6,427.6,431.1
2005-06-14,429.2,430.2,428.3,429.3
2005-06-15,429.8,432,429.1,430.9
2005-06-16,434.1,438.7,433.7,437.9
2005-06-17,439.5,441.4,434.2,440
2005-06-20,442.4,442.8,439.3,440
2005-06-21,437.8,440.9,436.5,440.5
2005-06-22,438.6,439.9,437.9,439.7
2005-06-23,439.8,444.2,439.3,443.2
2005-06-24,444,444,440,442
2005-06-27,441.3,441.9,440.1,441.7
2005-06-28,441.5,441.6,437.2,437.7
2005-06-29,436.5,439.6,436.2,438.6
2005-06-30,438.5,440.5,436.6,437.1
2005-07-01,437.5,438.2,428,428.8
2005-07-05,426.5,430.8,422.6,423.9
2005-07-06,424.7,425.8,424.1,424.5
2005-07-07,427.3,427.6,422.2,424.2
2005-07-08,424.5,425.8,422.2,423.8
2005-07-11,425.2,427.4,424.3,426.3
2005-07-12,427.3,427.9,425.5,427.1
2005-07-13,426.3,426.8,424,424.6
2005-07-14,423.3,425,419.2,420.2
2005-07-15,420.1,421.5,418.2,421.3
2005-07-18,421.2,422.8,420.3,421
2005-07-19,419.7,421,418.9,420.2
2005-07-20,420.6,423.3,420.6,422.1
2005-07-21,424.6,426,424.1,425.7
2005-07-22,425.5,425.8,424.5,425
2005-07-25,424.6,426.4,424.5,425.9
2005-07-26,423.5,424.4,422.2,423.5
2005-07-27,428.7,431.8,427.5,430.6
2005-07-28,431.2,434.8,431,433.3
2005-07-29,433.5,436.5,432.9,435.8
2005-08-01,437.5,438.3,436.5,437.7
2005-08-02,437.8,438.9,436.8,437.7
2005-08-03,439.6,443.1,439.6,442.7
2005-08-04,441.5,445,441.4,443.7
2005-08-05,444.5,444.8,442.4,442.8
2005-08-08,443.2,443.2,439.5,440.3
2005-08-09,439.4,440.1,438.4,439.8
2005-08-10,441.8,442.6,440.9,442
2005-08-11,444,452.7,443.8,450.9
2005-08-12,453,453.4,449.1,451.4
2005-08-15,448.9,450.4,446.3,447.6
2005-08-16,446.3,451.8,446.2,451.5
2005-08-17,448.1,450,443.4,445.2
2005-08-18,444.2,447.7,443.2,444.7
2005-08-19,445.4,445.4,440.8,442.2
2005-08-22,444.5,445.7,442.5,443
2005-08-23,444.8,445,443.3,444.3
2005-08-24,443.9,445.7,440.5,442.2
2005-08-25,443.5,444.3,442,443.1
2005-08-26,443.2,444.8,440.5,442.1
2005-08-29,443.2,444.8,441.1,441.4
2005-08-30,437.1,437.5,433.5,435.5
2005-08-31,435.6,438.8,435.3,438.1
2005-09-01,440,449.5,440,446.5
2005-09-02,450.5,451,445.8,448.5
2005-09-06,448.5,450.3,447,448.6
2005-09-07,447.5,450.2,447.3,449
2005-09-08,449.2,453.9,449,450.7
2005-09-09,450.7,453.7,450.7,453
2005-09-12,452.7,454,451.2,453.7
2005-09-13,452.4,453.4,448.3,450
2005-09-14,453.5,454.4,451.4,453.7
2005-09-15,457,459.7,456.3,459.3
2005-09-16,463,463.7,460.4,463.3
2005-09-19,459,468.6,459,464.7
2005-09-20,467.8,471.2,463.8,464.5
2005-09-21,468,472.1,465.7,472.1
2005-09-22,474.4,474.6,462.6,465.1
2005-09-23,464.5,469.8,460.6,463.2
2005-09-26,460,467.3,458.5,466.9
2005-09-27,464.6,466.4,458.1,466.3
2005-09-28,465.1,473.3,464.3,472.1
2005-09-29,473.1,477,471.4,475.8
2005-09-30,476.5,477.4,470.8,471.4
2005-10-03,470,471.2,467,468.6
2005-10-04,469.8,472.3,467.1,468.6
2005-10-05,468.9,469.2,465.6,468.2
2005-10-06,469.4,476.4,468,476.1
2005-10-07,475.1,478.6,472.4,478
2005-10-10,478,481.3,474.9,477.9
2005-10-11,479,481,477.1,478.2
2005-10-12,480.4,484.1,472.4,473.6
2005-10-13,475.8,476.2,470.1,473.7
2005-10-14,473.3,474.3,467.9,471.8
2005-10-17,473.7,477.6,472.6,476
2005-10-18,476.1,476.5,472.6,473.5
2005-10-19,471.2,471.8,463.6,466.4
2005-10-20,465.5,466.9,461.7,463
2005-10-21,463.7,469,462.3,468.4
2005-10-24,465.7,470.3,464.8,466.8
2005-10-25,467.2,475.2,466.9,474.3
2005-10-26,475.2,475.7,472.2,472.6
2005-10-27,474.8,477.3,474.1,474.9
2005-10-28,475.1,476.1,470.9,475
2005-10-31,473.4,474.5,466.1,467.1
2005-11-01,467.3,467.7,459.1,460.6
2005-11-02,462.7,465.1,460.6,464
2005-11-03,464.7,466.2,459.8,461.6
2005-11-04,462,465.2,456,457.4
2005-11-07,457.8,463,456.9,460.2
2005-11-08,458.2,463.3,457.3,462.3
2005-11-09,463.3,468.6,462.2,467.1
2005-11-10,466.7,470.4,465.6,466.9
2005-11-11,466.3,469.8,465.4,469.7
2005-11-14,471.1,471.4,467.1,468
2005-11-15,468.2,470.3,466.9,468.4
2005-11-16,472.6,479,470.6,478.7
2005-11-17,478.8,487.3,478.3,485.7
2005-11-18,487.5,489.1,483.9,486.2
2005-11-21,487.9,493.5,486.7,490.5
2005-11-22,492.3,494.9,490.2,493.9
2005-11-23,490.9,494.1,487.3,493.4
2005-11-28,497.5,502.7,492.9,502.6
2005-11-29,503.1,503.9,498.2,503.7
2005-11-30,497.4,500.1,495.7,497.3
2005-12-01,496.6,507.7,496.5,507.7
2005-12-02,507.1,510.3,503.5,507.4
2005-12-05,510,513.1,507.1,512.4
2005-12-06,511.4,514.3,507.3,513.3
2005-12-07,515.6,519.8,513.6,517.9
2005-12-08,521.2,523.5,515.5,523.3
2005-12-09,524.5,533.9,524.1,529.2
2005-12-12,542.6,543,529.6,531.1
2005-12-13,526.7,532.6,521.5,521.6
2005-12-14,517.5,518.8,507.7,507.8
2005-12-15,507.9,512.1,502.3,506.8
2005-12-16,500.7,510.1,499.8,505.1
2005-12-19,511.2,511.8,505.7,506.1
2005-12-20,508.9,510.1,494.9,495
2005-12-21,495.8,497.3,491.8,497.2
2005-12-22,496.6,506.9,495.6,506.3
2005-12-23,506.2,508.4,501.9,505.4
2005-12-27,508.5,510.3,506.9,509.8
2005-12-28,511.3,519.8,510.3,517.9
2005-12-29,519.4,519.7,512.5,517.9
2005-12-30,515.8,519.7,514.4,519.5
2006-01-03,521.3,534.5,520.5,534.2
2006-01-04,535.2,537.1,527.1,535.5
2006-01-05,532,534.3,524.3,526.2
2006-01-06,528.9,548.7,528.9,540.7
2006-01-09,545,552.6,536.2,548.6
2006-01-10,546.5,548.9,542.6,542.9
2006-01-11,543.6,550.6,540.8,547.6
2006-01-12,547.5,549.3,542.9,547.2
2006-01-13,546.5,558.4,546.3,556.9
2006-01-17,559,561.1,552.3,555
2006-01-18,546.8,549.5,542.9,544.1
2006-01-19,548.8,563.5,546.9,558
2006-01-20,558.1,567.8,552.4,553.6
2006-01-23,554.9,560.5,554.4,558.7
2006-01-24,556.7,558.6,552.7,558.4
2006-01-25,557.7,566.2,557.7,562.2
2006-01-26,561.4,564.9,554.1,564.6
2006-01-27,562.5,570.2,561.1,563.2
2006-01-30,565.2,572.2,564.3,572
2006-01-31,574.1,576.9,569.8,573.2
2006-02-01,571.9,575.9,567.3,574.1
2006-02-02,575.2,579.1,573.1,575.3
2006-02-03,576.8,577.6,568.6,571.5
2006-02-06,575.2,577.6,572.1,573.2
2006-02-07,573,573.4,549.8,551.3
2006-02-08,551.9,556.1,548.2,552.2
2006-02-09,559.9,569.9,558.8,567.8
2006-02-10,560.7,563.3,549.4,553.8
2006-02-13,548.8,554,541.1,542
2006-02-14,541.5,550.4,540.8,550.1
2006-02-15,549.2,549.9,538.4,542.3
2006-02-16,542.8,549.3,538.7,549.1
2006-02-17,547.4,556.7,546.6,553.6
2006-02-21,553.3,566.6,552.9,555.6
2006-02-22,557,557.4,549.2,557.3
2006-02-23,553.7,556.5,549.9,551.5
2006-02-24,554.2,561.5,552.3,561.1
2006-02-27,559.2,559.2,554.4,556
2006-02-28,556.7,564.4,556.3,564
2006-03-01,562.6,568.6,562.5,565.1
2006-03-02,565.6,572.1,563.6,571.1
2006-03-03,570.4,570.8,565.9,566.6
2006-03-06,568,569.7,553.1,556.4
2006-03-07,556.9,557.4,549.3,553.7
2006-03-08,553,553.1,539.2,542.5
2006-03-09,547.9,551.3,545.1,545.9
2006-03-10,546.1,546.9,534.6,541.3
2006-03-13,544.5,547.6,542.4,546.7
2006-03-14,544.1,553.4,543.1,552.8
2006-03-15,551.6,557.8,551.4,554.1
2006-03-16,551.5,557.2,547.7,555.3
2006-03-17,553.9,558.1,552.1,554.6
2006-03-20,556,556.7,550.3,555.8
2006-03-21,553.2,555.2,547.3,552.9
2006-03-22,552.4,553,547.1,551.1
2006-03-23,549,555.2,544.1,550.6
2006-03-24,548.7,561,548.7,560.3
2006-03-27,560.7,568.3,560.5,565.4
2006-03-28,566.5,572.4,563,572.4
2006-03-29,567.1,578.6,565,578.6
2006-03-30,580.7,591.6,580.7,591.3
2006-03-31,590.8,591.5,583.6,586.1
2006-04-03,589.4,596.4,587.9,594
2006-04-04,590.7,594.8,589,592.1
2006-04-05,588.6,594.3,586.8,592.3
2006-04-06,597.6,601.3,595.8,599.2
2006-04-07,600.4,601.3,589.1,592
2006-04-10,598.3,602.4,596.3,600.3
2006-04-11,606.3,607.3,596.6,597.9
2006-04-12,600.5,603.3,597,600
2006-04-13,598,615.5,594,598.3
2006-04-17,608.6,615.9,607.2,615.1
2006-04-18,618.5,622.2,615.5,621
2006-04-19,626.6,632.1,624.3,631.9
2006-04-20,643.6,648.3,611,623.5
2006-04-21,613.7,648.4,613.7,631.2
2006-04-24,637.3,637.3,621.6,629.5
2006-04-25,626.9,637.6,626.9,633.5
2006-04-26,634,642.7,630.9,641.3
2006-04-27,641.4,645.6,629.9,637.1
2006-04-28,638.1,657.6,638.1,654.8
2006-05-01,661.2,663.1,655.1,657.1
2006-05-02,657,667.9,656.5,667.8
2006-05-03,674.3,679.1,659.6,670.9
2006-05-04,666.4,679.2,662.4,672.9
2006-05-05,682.5,686.6,680.1,682.4
2006-05-08,684.2,684.4,672.7,680
2006-05-09,679.3,700.4,679.2,699.9
2006-05-10,705,706.5,695.2,704.1
2006-05-11,711.7,727.7,707,723.2
2006-05-12,720.7,731.7,709.4,713.9
2006-05-15,717.8,718.2,679.2,682.7
2006-05-16,676.4,693.2,675.4,692.2
2006-05-17,706.7,718.2,686.7,695.4
2006-05-18,684.5,694.7,681.7,683.2
2006-05-19,687.7,688.2,651.2,658.5
2006-05-22,636.7,656.7,636.7,655.7
2006-05-23,656,672.6,656,671.2
2006-05-24,668.7,670.4,639.7,642.7
2006-05-25,645.3,650.2,638.7,648.3
2006-05-26,651,655.4,640.7,651.2
2006-05-30,661.4,671.5,657,662
2006-05-31,660.2,665.8,644,646.5
2006-06-01,637.6,642.7,626,634
2006-06-02,631,643.7,630.7,642.6
2006-06-05,648.7,650.4,644.3,648.3
2006-06-06,639.2,643.7,630.2,634.4
2006-06-07,629.8,634,621.2,632.2
2006-06-08,628,628.6,612.7,613.7
2006-06-09,612.8,621.3,608.1,612.3
2006-06-12,608.8,615.7,606.7,611.2
2006-06-13,598.7,599.7,565.7,567.1
2006-06-14,556.7,575.2,556.1,566
2006-06-15,568.9,579.9,568.9,569.7
2006-06-16,584.5,587.2,570.2,582
2006-06-19,573.2,577.8,568.8,571.8
2006-06-20,570.6,580,567.5,580
2006-06-21,580.5,591,573.5,590.5
2006-06-22,595.9,597.8,584,585.3
2006-06-23,586.4,588.5,574.5,587.5
2006-06-26,585.9,589.7,579.5,587.2
2006-06-27,592,598.3,583.5,584
2006-06-28,583.8,588.5,578.6,580.5
2006-06-29,583,594,582.4,589
2006-06-30,604.2,617.5,600.5,615.2
2006-07-05,629.1,631.5,619.5,629.3
2006-07-06,625.6,636.5,623.5,635.7
2006-07-07,631.5,639,629,634.5
2006-07-10,629.3,631.1,621.5,625.5
2006-07-11,629.3,643.3,628.1,642.4
2006-07-12,641.5,656.5,640.9,651
2006-07-13,650.2,655.8,646.3,653.9
2006-07-14,662,668.5,660.4,667.8
2006-07-17,674.2,677,645.5,651.4
2006-07-18,653,654.9,628.5,628.5
2006-07-19,627.7,647,618.4,642.5
2006-07-20,638,643.9,629.3,632
2006-07-21,625.4,637.5,616,619.7
2006-07-24,613.2,617.4,602.1,612.3
2006-07-25,619.5,623.7,609.5,617
2006-07-26,616.5,622,612.5,621.8
2006-07-27,640.3,653.5,640.3,645.5
2006-07-28,643,650,637.5,647.5
2006-07-31,649,650.4,640,646.7
2006-08-01,644.3,658.8,642,658.2
2006-08-02,660.2,667.7,658,663.5
2006-08-03,661.2,662,650.4,656.8
2006-08-04,656.7,665.5,655,656
2006-08-07,661.8,663,656.8,658.9
2006-08-08,657,658.3,652.2,656.8
2006-08-09,648.7,665.8,648.7,661.7
2006-08-10,661.9,664.6,645,645.5
2006-08-11,651.6,655.2,636.5,644.5
2006-08-14,638.2,643,633.6,638.8
2006-08-15,636,636.7,630.5,632
2006-08-16,635.5,642.5,634.6,639
2006-08-17,639.4,641.4,623.3,625
2006-08-18,622.2,628,616.3,621.1
2006-08-21,628.9,635.5,627.5,634.5
2006-08-22,636.4,636.6,629.3,633.8
2006-08-23,630.8,639.3,630.1,632.5
2006-08-24,631.5,635,627.2,627.5
2006-08-25,630.6,632.8,628.2,630.2
2006-08-28,630.9,631.9,620.5,623.5
2006-08-29,625,625.7,615.5,618.6
2006-08-30,622.5,629,620.8,625.8
2006-08-31,628,634.5,627.5,633.5
2006-09-01,634.5,635.1,627.5,632.5
2006-09-05,636.1,648,634.8,646.5
2006-09-06,646.9,647,640.5,641
2006-09-07,640.9,643.5,620.5,624.8
2006-09-08,625.6,625.7,613.4,617
2006-09-11,603.1,605.2,589.5,596.5
2006-09-12,603.4,604.7,593.3,593.8
2006-09-13,589.3,599.7,585.1,595.5
2006-09-14,598.4,601.2,583.7,585.5
2006-09-15,581.6,587.5,576.6,583.5
2006-09-18,588.6,593.7,583.8,592.3
2006-09-19,591.9,592.3,582.7,582.9
2006-09-20,579.2,592,578.5,586
2006-09-21,583.5,590.7,581.8,588.1
2006-09-22,592.6,597.6,589.7,595
2006-09-25,594.5,596.2,587.2,595.7
2006-09-26,595.5,599,591.3,596.4
2006-09-27,597.5,604.2,596.6,603
2006-09-28,606.4,611.8,605.3,610.5
2006-09-29,608.3,608.3,599.2,603.7
2006-10-02,606.9,608.5,601.3,602.8
2006-10-03,601,601.6,580.9,580.9
2006-10-04,581.2,585.1,563.7,566.4
2006-10-05,567.4,578.2,566.2,575.1
2006-10-06,574.3,577.5,564.3,576.4
2006-10-09,582,584.7,575.1,581.9
2006-10-10,581.2,585,572.8,575.7
2006-10-11,575.2,582.7,573.9,576.3
2006-10-12,578,582.1,574.1,579.9
2006-10-13,581.2,593.5,580.3,592.3
2006-10-16,595.1,598.2,593.1,598.1
2006-10-17,599.6,600.1,588.9,592.8
2006-10-18,594.5,598.2,592,592.1
2006-10-19,592,603.4,589,601.8
2006-10-20,603.3,605.1,594.5,596.1
2006-10-23,595.2,595.3,582.1,582.5
2006-10-24,581.3,588.3,575.5,587.1
2006-10-25,585.1,593.7,582.2,590.2
2006-10-26,594.3,600.9,592.2,599.4
2006-10-27,598.2,602.1,594.2,600.7
2006-10-30,604.7,612.9,603.7,606.5
2006-10-31,603.2,608.5,600.1,606.3
2006-11-01,609.4,618.7,609.1,618.6
2006-11-02,617.5,627.5,616,626.9
2006-11-03,624.6,630.7,618.9,629
2006-11-06,628.8,629.3,624,627
2006-11-07,625.6,630.5,625.1,627.5
2006-11-08,626.5,627.3,618.2,618.2
2006-11-09,619.1,636.4,617.5,636.2
2006-11-10,633.7,637.6,626.1,629.4
2006-11-13,632.1,632.1,621.1,625
2006-11-14,623.8,629.9,619.8,624.8
2006-11-15,623.2,625.1,615.7,623
2006-11-16,624.4,628.3,620.9,621.2
2006-11-17,617.6,622.3,614.3,622.2
2006-11-20,623.6,626.8,620,621.8
2006-11-21,622.3,628.4,622.2,628.3
2006-11-22,627,634.1,626.7,628.5
2006-11-24,631.1,639.5,630.7,638.6
2006-11-27,640.1,640.9,636.4,640.1
2006-11-28,644.7,647.1,638.5,643.2
2006-11-29,646,646.2,640.1,641.3
2006-11-30,642.5,654,642.2,651.9
2006-12-01,652.3,654.8,648.7,650.5
2006-12-04,651.9,652.3,645.6,650.6
2006-12-05,649.9,653.5,643.5,647.5
2006-12-06,644.1,644.1,635.2,635.3
2006-12-07,633.9,636.9,629,636.4
2006-12-08,637.2,642.2,629.7,631
2006-12-11,630.6,634.6,627.9,634.3
2006-12-12,634.4,634.7,630.6,631.3
2006-12-13,632.5,633.9,627.2,631.8
2006-12-14,631.7,633.4,628.9,630.2
2006-12-15,630.3,632.6,617.5,618.1
2006-12-18,620.4,621.4,614.9,617.6
2006-12-19,619.8,625.1,617.9,625.1
2006-12-20,625.8,627.3,621.8,623.9
2006-12-21,623.1,624.9,620.2,621.1
2006-12-22,621.3,623,620.6,622.7
2006-12-26,627.4,631.8,626,626.4
2006-12-27,627.2,631.5,627.1,629.8
2006-12-28,629.7,637.4,629.2,636.6
2006-12-29,636.3,638,635.3,638
2007-01-02,640,642.9,639.9,641.8
2007-01-03,642.7,646.7,626.9,629.4
2007-01-04,630.4,631.3,625.7,625.7
2007-01-05,625.1,627.4,603,606.7
2007-01-08,610.3,610.4,605.2,608.9
2007-01-09,613.5,616.5,606.7,614.7
2007-01-10,613,614.2,606.8,613.1
2007-01-11,611.5,616.5,611.1,613.4
2007-01-12,613.5,628.1,612,626.4
2007-01-16,626.3,628.3,622.8,625.6
2007-01-17,624.9,634.1,620.3,633
2007-01-18,632.8,636.7,627,628
2007-01-19,628.7,636.1,627.2,635.8
2007-01-22,635.1,639.6,632.8,633.5
2007-01-23,634.6,646.3,634.4,645.5
2007-01-24,642.4,647.5,638.5,647.4
2007-01-25,646.7,654,646,647.9
2007-01-26,645.6,647.5,640.4,644.7
2007-01-29,650.6,653.3,646.2,648.7
2007-01-30,648.1,651.7,646.3,649.7
2007-01-31,650.4,659.8,647.2,657.6
2007-02-01,658.5,666.3,656.9,662.5
2007-02-02,661,664.6,647.9,650.9
2007-02-05,652.1,656.8,650.7,655.8
2007-02-06,654.9,662.9,654.8,657.8
2007-02-07,659,661.2,656.2,656.7
2007-02-08,657.2,664.8,652.1,662.2
2007-02-09,663.2,672.8,661.2,671.7
2007-02-12,668.6,670.7,663.9,666.6
2007-02-13,666.3,673.2,665.1,668.2
2007-02-14,671.3,675.9,669.2,671.5
2007-02-15,673,674.1,666.2,671
2007-02-16,671.2,672.4,666.3,672.2
2007-02-20,674.8,674.8,659,660.5
2007-02-21,662.3,685.7,660.1,683.5
2007-02-22,679.5,684.1,678.5,682.2
2007-02-23,678.4,691.2,678.3,685.9
2007-02-26,689.2,691.2,685.3,689.2
2007-02-27,688.5,691.9,677.6,686.8
2007-02-28,674.3,680,663.7,671.8
2007-03-01,674.2,677.1,664.2,664.4
2007-03-02,663,666.2,642,644
2007-03-05,639.9,644.6,634.7,638.7
2007-03-06,645.7,648.3,641.8,645.5
2007-03-07,645.8,653,644.1,652.2
2007-03-08,654.1,656.8,651.9,655.1
2007-03-09,653.2,659.1,650.2,651.3
2007-03-12,653.2,654.7,646.4,650
2007-03-13,652.1,652.8,647.8,649
2007-03-14,642,646.5,637.3,642
2007-03-15,645.4,650.6,644.3,646.7
2007-03-16,648,655.8,646.6,653.3
2007-03-19,656.1,656.7,652.2,653.7
2007-03-20,655,661.3,653,658.3
2007-03-21,658.7,662.3,657,659.6
2007-03-22,664,666.8,662.1,663.7
2007-03-23,662.6,664.7,654.8,656.9
2007-03-26,659.1,664.1,657.9,663.4
2007-03-27,663.6,665.4,661.5,662.2
2007-03-28,664.9,669.2,663.1,666.5
2007-03-29,670.5,671.4,660.8,667.2
2007-03-30,668.1,673.3,666.3,668.7
2007-04-02,669,671.1,661.5,671
2007-04-03,670,672.3,667.1,669.4
2007-04-04,669.7,680.4,668.9,677
2007-04-05,677.3,680.2,676.2,678.9
2007-04-09,676,682.5,675.2,676.4
2007-04-10,679.9,686.1,679.7,681.4
2007-04-11,681.2,685.3,678.9,681.2
2007-04-12,682,684,675.1,679.2
2007-04-13,681.6,689.8,680.5,689.1
2007-04-16,691.6,694.4,687.3,694
2007-04-17,691.8,694.9,690,691.9
2007-04-18,693.4,694.7,689.7,693.2
2007-04-19,691,691.2,682.5,687.7
2007-04-20,688.2,697.2,688.2,695
2007-04-23,695.2,696.3,690.3,693.9
2007-04-24,691.7,695.1,684.6,687.1
2007-04-25,687.6,689.5,686,687
2007-04-26,688.7,689.8,674.2,678
2007-04-27,676,681.5,673.6,681.4
2007-04-30,683.2,683.5,678.4,682.8
2007-05-01,680.9,681.4,674.2,676.7
2007-05-02,677,677,669.8,674.8
2007-05-03,675,684.4,675,684
2007-05-04,683.3,692.6,682.1,689.4
2007-05-07,691.1,692.8,688.8,689.9
2007-05-08,690.3,690.3,683.7,686.9
2007-05-09,687.2,688.2,677.2,682.2
2007-05-10,681.5,681.5,665.5,666.7
2007-05-11,669.6,673.7,668,671.9
2007-05-14,674.7,675.9,667.4,669.6
2007-05-15,671.4,674.2,665.6,674
2007-05-16,673.4,673.5,660.3,661.4
2007-05-17,664.1,664.4,654,656.8
2007-05-18,657,663.5,656.1,662
2007-05-21,661.7,663.9,657,663.2
2007-05-22,662,665.3,659.3,659.7
2007-05-23,660.5,664.6,657.2,662.1
2007-05-24,661.5,661.9,651.5,653.1
2007-05-25,653.8,656.3,653,655.1
2007-05-29,654.9,661.4,654.1,656.9
2007-05-30,663,663.9,657.7,658.9
2007-05-31,661.9,666.8,660.4,666.2
2007-06-01,668.2,676.9,666.7,676.2
2007-06-04,674.9,678.9,674.3,675.8
2007-06-05,677,678.3,673.9,674.5
2007-06-06,675.8,676.5,669.9,674.1
2007-06-07,676,677.4,662.4,664.7
2007-06-08,663.7,663.7,648,650
2007-06-11,655.2,659.4,653.3,658.6
2007-06-12,658.1,658.1,649.5,652.6
2007-06-13,651.4,656.3,646.5,652.2
2007-06-14,653.8,657.3,649.2,655.4
2007-06-15,655.1,658.8,653.1,658.2
2007-06-18,661,662.3,657.7,659.6
2007-06-19,659.4,665,656.8,664.2
2007-06-20,662.8,664.5,659,659.5
2007-06-21,657.6,659.1,650.4,654
2007-06-22,653.3,659,653.1,656.7
2007-06-25,656,656.1,651.1,654.2
2007-06-26,652.4,652.8,642.4,644.9
2007-06-27,643,646.8,642.3,644.2
2007-06-28,646.5,651.8,645.8,649.9
2007-06-29,649.8,654.5,649.3,651.1
2007-07-02,650.6,660.5,650.6,659
2007-07-03,659.2,659.8,653.7,655.1
2007-07-05,656,658.1,647.5,649.9
2007-07-06,651,656.3,646.3,654.3
2007-07-09,656.8,663.9,655.5,661.8
2007-07-10,660.1,666.1,659.9,663.8
2007-07-11,666.1,667,660.8,661.6
2007-07-12,662.5,670,662.5,667.8
2007-07-13,667.2,669.1,663.9,666.7
2007-07-16,668,669.3,664.9,666.2
2007-07-17,665.7,667.7,663.1,665.5
2007-07-18,668,674.3,665.8,673.1
2007-07-19,672.1,677.7,671.6,677.4
2007-07-20,676.3,686.4,675.8,684.2
2007-07-23,683.6,685,680,680.9
2007-07-24,681.5,687.3,681.3,684.3
2007-07-25,681,681.7,670.5,673.5
2007-07-26,675.7,676.2,659.9,662.2
2007-07-27,665.1,665.3,656.2,659.4
2007-07-30,660.3,663.7,659,663.4
2007-07-31,676,680.2,674.8,678.6
2007-08-01,673.6,678.2,670.3,675.4
2007-08-02,675.7,678,673.5,676.2
2007-08-03,677.1,684.1,675.8,684
2007-08-06,683.5,686,680,682.8
2007-08-07,681.6,682.5,677,681.7
2007-08-08,681.8,687.5,680.5,685.8
2007-08-09,684.4,685,669.8,672.2
2007-08-10,673.1,686.6,668.5,680.8
2007-08-13,680.7,682.5,678.9,680.3
2007-08-14,679.5,681.5,676.1,679.1
2007-08-15,676.7,681.2,672.3,679.5
2007-08-16,674.7,676.3,651.5,657.8
2007-08-17,657.5,673.4,655.1,666.3
2007-08-20,665.2,670,663.9,665.5
2007-08-21,668.6,668.7,663.7,666.2
2007-08-22,665.2,671.1,665.1,668
2007-08-23,670.2,673.7,667.3,668.4
2007-08-24,667.5,677.7,666.2,677
2007-08-27,676.8,677.1,674.4,675.8
2007-08-28,674.8,676.9,670.7,673.1
2007-08-29,672.7,677.5,671.1,675
2007-08-30,674.4,676,671.7,673.1
2007-08-31,676.3,683.2,675.4,681.5
2007-09-04,682.3,691.2,680.7,690.8
2007-09-05,688.9,691.6,686.9,690.2
2007-09-06,692,706.6,691.3,704.3
2007-09-07,702.9,715.5,701.1,708.9
2007-09-10,708.7,715.7,708.4,711.6
2007-09-11,711.7,722.7,711.4,720.5
2007-09-12,721.7,722.1,714.2,720.3
2007-09-13,718.7,718.9,711.9,717.2
2007-09-14,713.5,726.5,712.2,717.1
2007-09-17,718.8,727.7,717.4,722.9
2007-09-18,724.4,729.9,721.2,723.4
2007-09-19,732.5,733.6,728.4,729.6
2007-09-20,729.8,745.9,729.8,739.7
2007-09-21,743.9,746.5,734.1,738.5
2007-09-24,742.4,743.4,733.1,738.7
2007-09-25,735.2,740.5,729,738.5
2007-09-26,739.9,743.4,733,735
2007-09-27,734.8,742.5,734.8,739.6
2007-09-28,742.8,752.2,742.1,749.4
2007-10-01,751.3,754,747.5,753.6
2007-10-02,745.5,745.5,730.5,735.5
2007-10-03,740.5,741.5,732,735.4
2007-10-04,729.7,743.8,726.1,743.2
2007-10-05,741.7,749.6,732.9,746.9
2007-10-08,746.4,746.4,736.7,738
2007-10-09,735.3,745.8,732.2,742.3
2007-10-10,745.9,751.1,743.8,744.9
2007-10-11,748.6,758.5,748.3,756.5
2007-10-12,751,756.9,750.8,753.2
2007-10-15,758.4,764.7,758.4,761.8
2007-10-16,766.5,771.5,758.3,762
2007-10-17,760.8,768.7,760,762
2007-10-18,763,770.7,760.4,768
2007-10-19,773.6,774.1,762.1,768
2007-10-22,764.4,765.5,748.8,759
2007-10-23,759.9,764.3,758.6,762.5
2007-10-24,761.1,766.1,757.3,765
2007-10-25,766.8,773,765.5,770.8
2007-10-26,778.8,787.3,777.7,787.2
2007-10-29,796.8,797.1,788.3,791.9
2007-10-30,788.5,789.5,782,787.5
2007-10-31,786.7,795.2,782.8,795.2
2007-11-01,799.7,800.6,786.5,793
2007-11-02,792.8,810.1,790.5,808.9
2007-11-05,805,813.4,803.1,809.8
2007-11-06,813.5,826.5,813.4,823.8
2007-11-07,835.9,847.5,830.7,833
2007-11-08,836.5,847.1,828.8,836.6
2007-11-09,835.2,838,828.2,834
2007-11-12,817.7,821.7,798.7,807.4
2007-11-13,808.1,809.7,795,798.4
2007-11-14,806.5,816.8,805.1,813.9
2007-11-15,813.5,814.5,783.5,786.8
2007-11-16,790.5,797.7,786,786.3
2007-11-19,790.5,790.8,775.4,778
2007-11-20,781.3,798.9,780.7,791.1
2007-11-21,802.8,807.4,794.8,798.3
2007-11-23,809.3,825.5,807.1,821.7
2007-11-26,824.6,836.5,821,825.9
2007-11-27,825.5,826.9,807.5,813.8
2007-11-28,806.1,807.2,791,799.7
2007-11-29,805.6,807.8,794.3,795.3
2007-11-30,801.2,803.1,785,789
2007-12-03,795.5,797.5,782.9,793.8
2007-12-04,796.7,811.2,792.3,806.7
2007-12-05,810.8,811.7,797.5,802.5
2007-12-06,798.2,810.9,790.5,806.8
2007-12-07,804.7,810.2,796.4,799.5
2007-12-10,803.4,817.2,802.7,812.5
2007-12-11,812.6,818.3,809.1,817
2007-12-12,810.5,821.9,808.3,818.5
2007-12-13,814.8,816.8,796.9,803.4
2007-12-14,807,807,792.3,797.6
2007-12-17,796.5,799.9,789.3,798.7
2007-12-18,798.3,810.4,796.2,807.1
2007-12-19,803.8,808.7,801.8,805.2
2007-12-20,803.8,805.7,797,802.3
2007-12-21,804.1,815.8,803.2,815.4
2007-12-24,812.4,819,812.1,815.5
2007-12-26,816.5,830,816.5,829.2
2007-12-27,826.4,834.8,825.1,831.4
2007-12-28,830.2,843.1,829.3,842.2
2007-12-31,845.8,845.8,833.2,837.9
2008-01-02,839.7,864.2,839.7,859.5
2008-01-03,860.8,871.7,856.7,868.4
2008-01-04,866.6,870.9,857.1,865.6
2008-01-07,859.8,867.3,858,861.5
2008-01-08,865.4,883.1,865.4,879.6
2008-01-09,891.7,893.4,873.7,881.3
2008-01-10,880.6,896.5,867.5,892.6
2008-01-11,895.3,899.3,889.1,896.5
2008-01-14,902.7,915.4,901.7,902.8
2008-01-15,911.2,914.7,894.9,901.9
2008-01-16,891.2,897.9,875,881.7
2008-01-17,882.4,890.6,876.7,880.3
2008-01-18,877.8,888.8,871.1,881
2008-01-21,879,881.1,861.2,865.3
2008-01-22,856.9,894.5,849.2,890.1
2008-01-23,887.7,895.5,876.3,881
2008-01-24,892.6,909.8,890.5,904.8
2008-01-25,914.9,923.6,908.3,910.1
2008-01-28,916.5,929.1,915,926.4
2008-01-29,927.3,932.8,919.6,924.4
2008-01-30,927.4,931.2,921.1,925.9
2008-01-31,929.8,932.7,923.3,927.8
2008-02-01,930.1,941.2,908.5,912.7
2008-02-04,913.7,914.5,896.1,908.8
2008-02-05,906.2,906.5,888.3,890.5
2008-02-06,893.4,910.9,889.7,904.1
2008-02-07,910.2,914.5,899.7,909.9
2008-02-08,913.6,923.6,911.6,921.6
2008-02-11,926.1,930.5,919.5,926.3
2008-02-12,926.1,928,907,911.4
2008-02-13,905.7,913.3,899.5,909.6
2008-02-14,911.9,916.5,904.5,910
2008-02-15,912.7,918.2,900.4,905.7
2008-02-18,909.8,910.5,903.2,909.4
2008-02-19,912.5,933.1,912.1,929.5
2008-02-20,928.4,938.1,915.7,937.4
2008-02-21,944.8,956.4,942.4,948.5
2008-02-22,946.3,952,938.1,946.9
2008-02-25,951.5,954.3,935.3,939.7
2008-02-26,934.4,950,928.7,948.2
2008-02-27,958.3,967,953.5,960.3
2008-02-28,958.1,969.3,955.1,967.1
2008-02-29,974.3,977.9,966.3,973.9
2008-03-03,985.5,991.2,979.7,983.3
2008-03-04,983.8,989.8,962.7,966
2008-03-05,966.5,994.5,960.9,987.9
2008-03-06,987.8,993.8,966.4,976.7
2008-03-07,986.2,989.9,970.8,973.8
2008-03-10,977.5,981.8,962.2,974.1
2008-03-11,970,986.4,966,972.7
2008-03-12,974.6,982.9,969.1,981.9
2008-03-13,986.7,1000.7,985.7,993.2
2008-03-14,997,1008.1,991.4,999.7
2008-03-17,1025.1,1027.6,994.3,1001.2
2008-03-18,1000.6,1012.7,993.4,1003
2008-03-19,990.2,997,940,940
2008-03-20,937.3,938.4,904.5,920.3
2008-03-24,908,926.5,908,913.4
2008-03-25,925.1,936.8,924.4,936.4
2008-03-26,938.8,951.5,934.3,950
2008-03-27,951.5,952.6,939.9,950.4
2008-03-28,949.2,951.3,928.3,937.1
2008-03-31,936.2,945.2,920.7,920.7
2008-04-01,916,916.1,876.3,887.5
2008-04-02,886.8,899.5,884.8,899.2
2008-04-03,904.5,912.4,892.1,909.1
2008-04-04,905.2,913.5,902.5,913.1
2008-04-07,917.6,932.8,914.3,926.3
2008-04-08,921.2,928.7,911.6,918
2008-04-09,913.3,937.8,906.2,937.8
2008-04-10,932,942.8,924.5,931.1
2008-04-11,924.5,934.9,920.9,927
2008-04-14,920.4,934.1,918.3,928.7
2008-04-15,931.2,939,929.1,931
2008-04-16,930.6,951.9,930.2,948
2008-04-17,947.3,955.6,941.7,942.6
2008-04-18,946.6,949.2,906.9,914.6
2008-04-21,920.9,931.4,913.5,916.8
2008-04-22,916.5,928,914,924.8
2008-04-23,921.4,925,899,908.1
2008-04-24,906.8,908.5,884.9,889
2008-04-25,892,898.1,879.5,889
2008-04-28,894,897.6,889,895
2008-04-29,891.8,892.3,873.5,876.4
2008-04-30,874,877.9,864.1,864.4
2008-05-01,877.7,879.2,848.5,850.1
2008-05-02,850.9,860.2,846.5,857.4
2008-05-05,864.5,874.4,863.4,873.7
2008-05-06,873.3,884,872.6,877.5
2008-05-07,877,878,864.7,871
2008-05-08,868.8,886.4,866,881.4
2008-05-09,884.6,890.2,870.9,885.4
2008-05-12,883.1,888.5,878.1,884.5
2008-05-13,879.3,880.8,861.3,869.6
2008-05-14,868,871,860,866.4
2008-05-15,866.1,887.7,864.1,879.4
2008-05-16,881.3,905,880.5,899.6
2008-05-19,905.4,913.6,900.5,905.3
2008-05-20,906.7,923,903.2,919.7
2008-05-21,920.2,930.3,916.2,927.9
2008-05-22,932,934.8,917,917.7
2008-05-23,918.2,928.9,916.8,925.2
2008-05-27,927,928.2,903.2,907.1
2008-05-28,907.4,908.7,888.3,899.7
2008-05-29,902.7,904.9,876.5,880.8
2008-05-30,880,892.4,874,889.7
2008-06-02,886.2,900.8,884.5,894.6
2008-06-03,898.8,900.3,878.4,883.6
2008-06-04,882.7,889.6,879.1,881.7
2008-06-05,879.5,882.7,867.4,879.4
2008-06-06,883.8,904.6,881,904.2
2008-06-09,903,911.9,893.7,894.9
2008-06-10,892.1,893.4,866.7,869.2
2008-06-11,874.1,885.5,873.1,884.6
2008-06-12,875,876.2,859.4,869.9
2008-06-13,874.6,876.1,861.3,871.8
2008-06-16,872.4,896.9,868.7,885
2008-06-17,885.2,890.6,876,886.7
2008-06-18,883.5,897.8,883.1,896.1
2008-06-19,894.9,910,888.7,899
2008-06-20,901.5,909.7,900.3,903.4
2008-06-23,907.5,909.3,877.7,884.3
2008-06-24,887.2,895.6,884.7,889.2
2008-06-25,891.1,891.4,875,887.6
2008-06-26,888.8,919.9,886.9,919.5
2008-06-27,914.9,932.7,914.2,928.7
2008-06-30,929.7,937,920.4,928
2008-07-01,926.4,947.7,926.2,940.7
2008-07-02,942.5,947.5,933.2,946.5
2008-07-03,944.8,948.2,929.5,935
2008-07-07,926.4,930.9,916.2,926.5
2008-07-08,931.3,934.4,913.8,922.2
2008-07-09,924.1,929.8,918.1,928.4
2008-07-10,929.8,948.7,926.4,948.4
2008-07-11,943.1,968.3,942.5,965
2008-07-14,964.6,975.8,954.2,973.4
2008-07-15,972.4,988.6,968.9,975.7
2008-07-16,971.7,981.6,958.1,958.7
2008-07-17,964.6,979.3,953.1,956.1
2008-07-18,959.7,964.4,950.1,954.9
2008-07-21,960.5,968.2,958,964.7
2008-07-22,968.4,976.3,941.6,944
2008-07-23,946.1,946.1,917.1,918.6
2008-07-24,925.2,930.7,915.9,926.3
2008-07-25,933.1,934.6,918,929.3
2008-07-28,929.1,932.2,921.9,929.6
2008-07-29,930.5,931.6,913.2,918.3
2008-07-30,920.6,921.7,902.7,916.5
2008-07-31,919.6,933.7,916.1,922
2008-08-01,918.6,924.9,910.2,917.4
2008-08-04,922.6,923.5,901.6,902.1
2008-08-05,899.3,899.3,880.2,881.3
2008-08-06,887,893.8,880.2,886.3
2008-08-07,889.2,892.1,874.4,880.4
2008-08-08,875.3,875.3,857.3,863.5
2008-08-11,866.6,872.1,824.5,829.3
2008-08-12,810.8,832.7,808.3,822.5
2008-08-13,822.9,835.6,819.4,833.1
2008-08-14,836.6,842.3,810.1,810.3
2008-08-15,798.9,804.9,781.9,792.6
2008-08-18,803.5,809.2,795,804.8
2008-08-19,795.1,822.1,787.6,821
2008-08-20,821.7,823,805,817.4
2008-08-21,822.2,843.7,821.7,840.5
2008-08-22,842.6,842.9,825.8,827.2
2008-08-25,824.9,830.9,821.3,826
2008-08-26,824.2,835.1,811.5,829.4
2008-08-27,831.5,839.9,827.5,830.8
2008-08-28,838,848.9,830,838.8
2008-08-29,840.1,843.5,834.2,834.8
2008-09-02,818.8,820.3,794.9,808.1
2008-09-03,802.8,812.8,793.3,805
2008-09-04,807.7,818.7,797.7,799.3
2008-09-05,801.7,823,796.3,805.8
2008-09-08,820.3,822.1,800.5,804.5
2008-09-09,799.4,808.7,780.1,780.3
2008-09-10,780,787.2,756.2,756.5
2008-09-11,757.7,760.2,739.4,745.3
2008-09-12,755.6,769.8,749.3,769.8
2008-09-15,784.5,790,767.1,789.9
2008-09-16,778.8,793,775.6,781.5
2008-09-17,784.4,872.1,782.4,870.9
2008-09-18,871.5,921.1,842.5,848.5
2008-09-19,854.9,880.9,828.6,876
2008-09-22,872.1,913.2,869.8,910
2008-09-23,902.4,908.5,885.6,900.8
2008-09-24,888,906.7,885.1,885.4
2008-09-25,894.7,902.5,869.8,882.2
2008-09-26,882,916,871.1,884.2
2008-09-29,880.1,930,871.7,913.8
2008-09-30,907.7,912.2,861.3,868.5
2008-10-01,882.1,898,869.3,876.5
2008-10-02,876.2,877.9,833.7,839.9
2008-10-03,848.6,850.6,822.7,840.1
2008-10-06,833.7,878.2,828.5,857.7
2008-10-07,864.4,892.5,863.9,887.8
2008-10-08,889,923.4,888.4,910
2008-10-09,895.3,920.8,883.7,914.5
2008-10-10,920.5,934.2,829.2,846.7
2008-10-13,866.2,867.9,824.4,835.2
2008-10-14,845.8,856.3,833.4,838.7
2008-10-15,846.4,858,832.8,847.7
2008-10-16,844.2,844.3,787.4,807.5
2008-10-17,809.3,816,773.9,785.5
2008-10-20,806,809,785.7,798.1
2008-10-21,793.5,797.1,766.2,772.2
2008-10-22,763.2,763.6,720,727.6
2008-10-23,726,734.7,698.3,718
2008-10-24,709.6,749.5,681.8,733.5
2008-10-27,726.7,746.8,706.8,732.1
2008-10-28,754.6,755.1,728.3,748.9
2008-10-29,750.9,774.4,738,750.4
2008-10-30,769,777.2,732.7,737.3
2008-10-31,731.4,740.7,716.7,723.9
2008-11-03,734.9,738.7,721.7,722.3
2008-11-04,727.3,768,724.3,766.2
2008-11-05,755.3,763.7,735.7,739.3
2008-11-06,737.9,759.7,729,732.7
2008-11-07,734.8,744.2,731,735.9
2008-11-10,748,767.5,740.4,745.9
2008-11-11,743.9,745.8,725.6,731.1
2008-11-12,736.7,737.7,707.8,710.3
2008-11-13,713.3,732.6,698.5,731.4
2008-11-14,728.8,752.9,725.1,743.7
2008-11-17,741.2,747.9,729.4,737
2008-11-18,735.5,744.5,730.1,735.7
2008-11-19,738.2,762.6,731.3,734.2
2008-11-20,739,751.7,735.4,745.6
2008-11-21,752.9,801.9,752.3,800.3
2008-11-24,790.5,829.6,787.1,821.1
2008-11-25,813.7,830.4,802.5,819.8
2008-11-26,810.8,821.3,806.6,814.5
2008-11-28,814.1,821.4,810.1,818.1
2008-12-01,810.9,810.9,768.8,769.6
2008-12-02,768.5,786.3,762.4,781.7
2008-12-03,779.2,782.6,764.5,773.8
2008-12-04,766.7,785.9,762.6,766.9
2008-12-05,769.3,772.6,740.9,757.1
2008-12-08,767.3,781.9,766.1,773.3
2008-12-09,773.5,780,762.3,775.2
2008-12-10,781,813.4,779,809.6
2008-12-11,812.6,834.6,810.6,819
2008-12-12,810.1,828.7,808,820.9
2008-12-15,830.3,842.6,821.9,838.8
2008-12-16,835.6,860.2,830.5,859.2
2008-12-17,848.8,882.3,846.9,868.2
2008-12-18,864.4,879.1,848.7,852.7
2008-12-19,851.8,854,830.3,838.9
2008-12-22,844.9,851.8,840.2,848.1
2008-12-23,846.4,848.1,829.8,839.8
2008-12-24,840.5,849,834.9,847.8
2008-12-26,849,873,843.9,870.1
2008-12-29,884.9,888.9,874,878.1
2008-12-30,874.7,877.5,864.5,873.3
2008-12-31,868.7,884.7,856.8,880.2
2009-01-02,873.8,880.7,868,876.4
2009-01-05,872.8,874.8,845.4,858.1
2009-01-06,849.9,870.7,839.1,864.7
2009-01-07,859.8,867,836.1,840.5
2009-01-08,848.6,864.1,837.5,858
2009-01-09,856.4,868.6,844.5,852.5
2009-01-12,850.2,852.2,815.3,820
2009-01-13,821.4,830,813.6,821.4
2009-01-14,827.2,828.8,806.8,810.2
2009-01-15,810.5,820.9,802,816.3
2009-01-16,822,843,817.4,840.2
2009-01-20,830,866.1,823.2,858.1
2009-01-21,850.3,864.1,842.7,854.2
2009-01-22,851.1,862.5,843.5,858.7
2009-01-23,854.8,902.6,852,898.6
2009-01-26,894,915.4,893.5,903.4
2009-01-27,905.1,905.8,891.7,897.4
2009-01-28,892.5,900.4,881.7,887.2
2009-01-29,882.2,909.1,873.7,909.1
2009-01-30,907.7,930.7,903.5,928.8
2009-02-02,907,921.8,901.65,903.65
2009-02-03,902.2,913.6,889.9,900.1
2009-02-04,899.3,910,896.4,907.6
2009-02-05,906.5,924.9,902.9,917.2
2009-02-06,914.6,920.4,905,911.5
2009-02-09,907.5,907.9,891.4,898.2
2009-02-10,896.5,919,891.5,917.6
2009-02-11,913.3,947.9,912.9,939.5
2009-02-12,941.9,953,938,947.7
2009-02-13,942.4,944.8,932.9,941.8
2009-02-17,960.7,974.6,958.1,971
2009-02-18,972.6,988.1,961.3,985.2
2009-02-19,978.2,983.8,969.1,973.6
2009-02-20,977.1,1006.6,975.2,994
2009-02-23,989.8,998.6,976.2,993.6
2009-02-24,991.4,996.2,960.1,964.2
2009-02-25,957.3,978.7,944.7,948.3
2009-02-26,949.2,957.1,932.1,946.6
2009-02-27,940,963.3,928.2,941.5
2009-03-02,952.9,958.9,922.5,926.1
2009-03-03,926.2,929.3,905.4,915.5
2009-03-04,914.3,922.8,900,905.6
2009-03-05,913.7,937,907.8,935.7
2009-03-06,939.8,944.9,930.4,939
2009-03-09,935.1,940.2,911.4,921.3
2009-03-10,916.4,916.4,891.3,897
2009-03-11,898.2,913.2,893.7,906.5
2009-03-12,914.6,929.9,907.4,925.7
2009-03-13,922.4,938.9,919.4,928.1
2009-03-16,926,929.9,915.1,924.1
2009-03-17,918.7,923.9,912.2,915.7
2009-03-18,910.3,947.4,883.5,946.6
2009-03-19,933.5,961.4,928.1,958.8
2009-03-20,955.6,967.1,946.5,952
2009-03-23,955,957.4,935.7,936.1
2009-03-24,939.3,940,917.5,925.7
2009-03-25,926,940.7,915.8,934.9
2009-03-26,934.4,945,932.1,934.6
2009-03-27,933.9,936.1,918.8,923.1
2009-03-30,923.9,931.4,908.9,915.3
2009-03-31,920.4,926,913.5,920.6
2009-04-01,920.4,934.6,918.2,927.3
2009-04-02,928.5,929,896.1,904.8
2009-04-03,905.1,910.8,892.1,893.1
2009-04-06,879.3,883.2,866.3,869
2009-04-07,879.1,886,874.1,883.4
2009-04-08,889.3,891.1,879.1,881.7
2009-04-09,884,887.3,875.7,878.6
2009-04-13,887.9,900.6,885.7,894.5
2009-04-14,898.5,899.2,887,890.2
2009-04-15,892.7,899.6,887.7,891.8
2009-04-16,892.1,894.5,872.5,874.5
2009-04-17,875,876.2,865.2,867.3
2009-04-20,869,889.2,867.8,885.2
2009-04-21,888.2,895.8,879.5,884.2
2009-04-22,885.7,894.2,882.5,889.4
2009-04-23,891.8,909.6,891.1,903.7
2009-04-24,911.7,914.5,904.7,913.2
2009-04-27,915.7,917,905.7,906.2
2009-04-28,897.7,900.5,884.7,894
2009-04-29,893.5,903.2,893.2,899.2
2009-04-30,896.1,900.3,880.9,888.7
2009-05-01,885.2,890,880.3,885.4
2009-05-04,892.7,907.5,888.4,902.2
2009-05-05,903.3,916,896.2,898.7
2009-05-06,902.1,912.9,900.9,911.7
2009-05-07,913.4,925.7,909.1,910.1
2009-05-08,914.7,920.1,905.3,915.6
2009-05-11,916.7,917.4,908.8,913.3
2009-05-12,913.5,924.3,912.6,923.1
2009-05-13,927.5,930.8,917.4,926.6
2009-05-14,924.9,928.8,920.3,926.1
2009-05-15,926.5,934,923.7,931.4
2009-05-18,932.5,932.6,917.6,919.3
2009-05-19,921.4,929.4,919.3,925.4
2009-05-20,927.1,940.1,926.7,938.4
2009-05-21,941.8,954.8,935.5,954.4
2009-05-22,951.3,961.8,949.8,957.3
2009-05-26,954,954.4,940.8,953.3
2009-05-27,948.2,958.9,946,950.2
2009-05-28,948.8,966,946.4,960.2
2009-05-29,966.3,981.3,965.6,979.8
2009-06-01,984.2,989.4,974.2,975
2009-06-02,975.9,987.6,970,982.1
2009-06-03,987,990.8,961.1,962.6
2009-06-04,966.9,982.9,961.5,980.5
2009-06-05,980,984.5,953.3,954.6
2009-06-08,956.3,957.2,943.9,953.1
2009-06-09,951.8,963.2,949.3,955.7
2009-06-10,960.2,965.8,947.8,955.9
2009-06-11,957.1,962.5,944,954.4
2009-06-12,953.9,955.5,936,939
2009-06-15,933.6,938.1,926.1,928.2
2009-06-16,933.4,939.2,930.5,935.8
2009-06-17,936.6,940.5,927.9,939.8
2009-06-18,939.1,941.6,930,932.6
2009-06-19,934,939.1,932.6,935.7
2009-06-22,933.6,933.8,918.2,922.1
2009-06-23,914.2,926.8,914.1,925.8
2009-06-24,924.5,941.2,923.4,931.1
2009-06-25,935,939.8,932,939.6
2009-06-26,941.9,948.4,936.2,939.7
2009-06-29,935.9,942.7,934.2,937.6
2009-06-30,942.7,944.9,923.3,927.8
2009-07-01,928.3,946.5,928,940.5
2009-07-02,939.6,940.8,926.3,929.2
2009-07-06,929.6,929.6,919.9,924.3
2009-07-07,923.8,931.4,920.6,923.3
2009-07-08,922.5,925,904.4,908.3
2009-07-09,911.9,918.1,909.5,911.5
2009-07-10,913.6,914,906.4,911.8
2009-07-13,909.2,922.7,907.1,918.3
2009-07-14,920.2,926.8,919.1,924.3
2009-07-15,926.2,941.5,925.6,938.6
2009-07-16,936.2,939.5,932.4,936.1
2009-07-17,937,939.3,931.3,935.4
2009-07-20,944,954.8,943.6,950.1
2009-07-21,948.9,953.2,943.8,948.1
2009-07-22,948.7,954.3,944.2,951
2009-07-23,952.3,956.9,947.8,949.6
2009-07-24,948.7,953.6,946.7,951
2009-07-27,954.2,958.4,950.5,953.8
2009-07-28,954.9,956.2,933.6,937.4
2009-07-29,938.7,940,927.2,930.8
2009-07-30,932.3,938.7,931.1,934.9
2009-07-31,940,959,934,953.1
2009-08-03,954.8,964.3,953.8,957.8
2009-08-04,956.4,972,952.9,966.7
2009-08-05,965.6,970,960.8,967.2
2009-08-06,965.1,973.6,957.9,965.4
2009-08-07,963,967.1,955.1,956.9
2009-08-10,958.5,958.8,944.1,948.3
2009-08-11,948.2,951.4,943.7,947.1
2009-08-12,947.5,953.8,941.6,948.5
2009-08-13,953.5,962.2,953,956
2009-08-14,957.8,960.7,943.8,949.1
2009-08-17,944.6,945.7,931.3,935.1
2009-08-18,940.1,941,935.2,938.7
2009-08-19,938.3,946,933,943.9
2009-08-20,945.1,946.8,938.1,941.4
2009-08-21,940,958.8,939.6,954.8
2009-08-24,954.5,958,937.7,941.7
2009-08-25,944.9,955.3,943.6,946.3
2009-08-26,949.1,951.2,940.9,946.5
2009-08-27,946,951.4,942.1,950
2009-08-28,950.8,961.6,950.1,957
2009-08-31,956.3,956.7,945.5,952.3
2009-09-01,954.8,958,947.1,957.5
2009-09-02,955.1,981.8,954.5,980.8
2009-09-03,978.2,998.3,978,993.6
2009-09-04,991.8,997.9,986.5,995.2
2009-09-08,998.3,1008.9,993.8,994.4
2009-09-09,1003.4,1003.8,988.5,991.1
2009-09-10,996.3,999.3,983.7,996.4
2009-09-11,1003.9,1013,998.2,1007.2
2009-09-14,1000.8,1004.1,994.4,999.4
2009-09-15,1000.4,1010.9,993.2,1008.7
2009-09-16,1017.1,1021.7,1015.2,1019.1
2009-09-17,1022.9,1025.2,1011.3,1013.8
2009-09-18,1014.3,1018.8,1007.1,1007.3
2009-09-21,1002.8,1006.2,996.9,1003.8
2009-09-22,1007.4,1020.9,1006.9,1016.3
2009-09-23,1017.7,1019.1,1007,1008.5
2009-09-24,1012.6,1019.6,991.5,994.9
2009-09-25,997.3,999.9,985.8,989.7
2009-09-28,989.8,997.5,986.5,990
2009-09-29,992.8,996.6,985.8,993.3
2009-09-30,998.1,1010,995,1007.9
2009-10-01,1005.6,1010.2,998.4,998.6
2009-10-02,1000.4,1008,987,1002.9
2009-10-05,1004.1,1018.3,1002.2,1017.7
2009-10-06,1020.7,1044.5,1018.1,1042.9
2009-10-07,1041.3,1049,1038.8,1043.9
2009-10-08,1053.3,1062,1043.4,1056.9
2009-10-09,1048.1,1053,1044.4,1048.6
2009-10-12,1050.3,1059.8,1048.5,1056.1
2009-10-13,1056.3,1069.2,1053.9,1063.1
2009-10-14,1069,1071.4,1056.5,1062.4
2009-10-15,1065.6,1066.1,1046.9,1049.5
2009-10-16,1048.4,1057.2,1043.4,1052.6
2009-10-19,1052.5,1063.2,1048.3,1062.8
2009-10-20,1066,1068.3,1052.2,1054.9
2009-10-21,1055.4,1065.2,1048.2,1058.1
2009-10-22,1057.4,1061.4,1051.6,1059.3
2009-10-23,1063.8,1068,1050.3,1055.2
2009-10-26,1055.9,1060.2,1037.6,1038.8
2009-10-27,1042.8,1043,1032.6,1038.7
2009-10-28,1040.9,1041,1026.5,1027.4
2009-10-29,1031.6,1047.8,1030.6,1047
2009-10-30,1047.4,1047.8,1034.9,1045.3
2009-11-02,1046.6,1062.8,1044.3,1059.5
2009-11-03,1062.6,1088,1055.2,1085.3
2009-11-04,1083.9,1098,1082.4,1091.8
2009-11-05,1085.5,1094.1,1083.9,1090.3
2009-11-06,1091,1101,1086.9,1095.5
2009-11-09,1104.8,1110.9,1100.2,1103.2
2009-11-10,1100.7,1109.1,1096.7,1104.9
2009-11-11,1108,1118.4,1107.8,1117.1
2009-11-12,1122,1122,1102.3,1103.3
2009-11-13,1107.1,1119.1,1102.7,1118.9
2009-11-16,1128.4,1143.2,1124.8,1137.7
2009-11-17,1135.8,1141.5,1127.6,1141.3
2009-11-18,1139.2,1152.8,1139.1,1144.5
2009-11-19,1142.7,1145.6,1129.6,1144.6
2009-11-20,1145.4,1150.9,1132.4,1150.6
2009-11-23,1163.8,1173.4,1162.1,1164.6
2009-11-24,1163.1,1170.9,1161.3,1169.2
2009-11-25,1178.3,1191.1,1174.3,1188.9
2009-11-26,1191.8,1192.9,1180.7,1192.8
2009-11-27,1171.5,1182.2,1138,1179.2
2009-11-30,1175.5,1183.3,1165.8,1179.6
2009-12-01,1181.6,1204,1181,1199
2009-12-02,1197.3,1218.1,1196.5,1216.4
2009-12-03,1216.3,1227.1,1205,1208.5
2009-12-04,1208.2,1213.1,1148.2,1161.9
2009-12-07,1160.5,1165.2,1136.8,1158.5
2009-12-08,1159,1169.4,1125.4,1129
2009-12-09,1129.1,1147.5,1117.4,1128.9
2009-12-10,1130.2,1137.3,1121.7,1130.9
2009-12-11,1132.7,1142.9,1110.2,1115.9
2009-12-14,1114.8,1128.4,1111.4,1127.5
2009-12-15,1127.9,1129.6,1112,1124.3
2009-12-16,1125.3,1141.9,1122.1,1138.4
2009-12-17,1137.8,1142.5,1095.6,1098.2
2009-12-18,1098.7,1117.4,1097.6,1113.6
2009-12-21,1111.8,1120.4,1090.6,1092.5
2009-12-22,1093,1097.8,1075,1084.1
2009-12-23,1085.1,1096.4,1079.8,1088.1
2009-12-24,1088.7,1106.4,1088.1,1106.3
2009-12-28,1108.8,1114.1,1101.9,1108.4
2009-12-29,1107.7,1108.7,1096.8,1097.2
2009-12-30,1097.3,1098.3,1086.4,1092.8
2009-12-31,1094.1,1107.2,1092.9,1097.2
2010-01-04,1100.9,1124.1,1093.8,1121.4
2010-01-05,1121.8,1128.4,1115.3,1117.9
2010-01-06,1117.6,1140.5,1116.6,1138.5
2010-01-07,1138.8,1139.1,1128.6,1131.2
2010-01-08,1131,1139.4,1119.7,1138
2010-01-11,1155.6,1161.7,1148.4,1151.4
2010-01-12,1151.5,1158,1125,1127.9
2010-01-13,1128.6,1138.5,1118.7,1137.2
2010-01-14,1137.3,1146.2,1130.7,1141.7
2010-01-15,1142,1145.5,1126.6,1129.9
2010-01-18,1129.5,1138.3,1129.5,1134.4
2010-01-19,1134.1,1141.6,1129.7,1139
2010-01-20,1139.6,1142.5,1107.6,1112.6
2010-01-21,1113.6,1118.1,1089,1094.8
2010-01-22,1095.6,1099.4,1082.8,1093.6
2010-01-25,1093.7,1104.6,1093.4,1098.8
2010-01-26,1098.9,1104,1086.3,1098.6
2010-01-27,1098,1102.9,1084,1088.9
2010-01-28,1088.6,1096.5,1074.3,1086.5
2010-01-29,1086,1090.8,1075,1081.5
2010-02-01,1081.4,1108,1076.8,1106.9
2010-02-02,1107,1118.6,1099.3,1115
2010-02-03,1115.5,1125.2,1107.2,1110.7
2010-02-04,1110.5,1111.3,1059.8,1065.3
2010-02-05,1065.4,1069,1044.6,1066.3
2010-02-08,1068,1073.8,1061.9,1062.7
2010-02-09,1062.1,1083.3,1062.1,1078.4
2010-02-10,1078.5,1082.5,1063.4,1071.9
2010-02-11,1073.3,1097.8,1072.7,1093
2010-02-12,1094.8,1097.2,1077.8,1093.6
2010-02-15,1094.3,1102.4,1091.9,1100.9
2010-02-16,1100.4,1121.3,1098.5,1119
2010-02-17,1119.5,1127.2,1105.2,1108.7
2010-02-18,1107.9,1124.3,1098.3,1109.6
2010-02-19,1107.3,1126.8,1099.4,1119.2
2010-02-22,1124.1,1131,1109.9,1113.9
2010-02-23,1113.4,1121.2,1099.6,1103.1
2010-02-24,1103.3,1108.4,1089.9,1096.1
2010-02-25,1096.5,1109.4,1088.4,1107.3
2010-02-26,1107.1,1118.8,1104.3,1117.7
2010-03-01,1118.7,1123.5,1112.2,1117.3
2010-03-02,1117.7,1137.7,1114.8,1134.1
2010-03-03,1134,1145.1,1132.5,1140.1
2010-03-04,1139.1,1141.6,1126.2,1132.2
2010-03-05,1132.5,1140.7,1127.9,1134.6
2010-03-08,1136.4,1137.6,1118.5,1124.3
2010-03-09,1123.4,1124.8,1109.7,1121.2
2010-03-10,1121.8,1127.9,1103,1108.2
2010-03-11,1107.7,1111.3,1100.3,1109.3
2010-03-12,1109.5,1119.1,1098.5,1101.4
2010-03-15,1103.9,1109.9,1101,1108.9
2010-03-16,1109.1,1128.5,1108,1127.4
2010-03-17,1127.3,1132.8,1117.9,1119.9
2010-03-18,1122.6,1129,1117.9,1127
2010-03-19,1126,1126.6,1101.1,1107
2010-03-22,1105.2,1109.7,1093.3,1102.7
2010-03-23,1102.7,1108.7,1095,1105.8
2010-03-24,1105.6,1105.8,1085.8,1087.2
2010-03-25,1087.4,1096.4,1087.1,1091.1
2010-03-26,1089.8,1110.5,1089.8,1108.1
2010-03-29,1113.9,1115.2,1104.2,1109.7
2010-03-30,1110.5,1113.8,1102.1,1103.8
2010-03-31,1104.2,1118.7,1102.8,1113.9
2010-04-01,1114.2,1128.6,1112,1126.8
2010-04-05,1121.1,1133.9,1120.5,1131.1
2010-04-06,1131.5,1139.2,1123.3,1134.5
2010-04-07,1135.2,1153.7,1133,1148.4
2010-04-08,1150,1154.1,1144.2,1151.5
2010-04-09,1151.3,1165.2,1150,1162.3
2010-04-12,1168.2,1170.3,1154.6,1156.5
2010-04-13,1156,1157.6,1145.5,1151.5
2010-04-14,1152,1162.1,1150.7,1155
2010-04-15,1155.3,1162,1150.6,1159
2010-04-16,1159.2,1160.9,1130.3,1137.5
2010-04-19,1136.3,1137.9,1124,1134.9
2010-04-20,1134.9,1146.4,1134,1140.2
2010-04-21,1140.3,1150.7,1137.9,1146.3
2010-04-22,1146.4,1149.4,1132.1,1141.4
2010-04-23,1141.8,1158,1135.5,1157.9
2010-04-26,1157.3,1160.3,1150.9,1153.3
2010-04-27,1153.5,1172.7,1146.5,1168.7
2010-04-28,1168.2,1174.7,1160.7,1165.3
2010-04-29,1165.1,1171.4,1162.2,1167.3
2010-04-30,1168.5,1181.9,1167.9,1179.2
2010-05-03,1180.5,1187.9,1176.8,1182.5
2010-05-04,1182.1,1192.3,1166.9,1172.3
2010-05-05,1171.4,1177.2,1157.8,1175.7
2010-05-06,1175.6,1211,1172.7,1209.1
2010-05-07,1207.7,1213.7,1193.1,1208.4
2010-05-10,1203.3,1205.8,1184.3,1202.3
2010-05-11,1202.2,1234.5,1201.2,1230.9
2010-05-12,1231.3,1248.6,1226.8,1237.4
2010-05-13,1237.5,1243.1,1227.2,1232.6
2010-05-14,1232.4,1249.3,1217.8,1232
2010-05-17,1233,1244.2,1220.8,1225.7
2010-05-18,1225.6,1230.5,1208.3,1223.3
2010-05-19,1225.7,1229.5,1188.2,1193.1
2010-05-20,1193.8,1199.5,1176.5,1184.6
2010-05-21,1184.3,1189.1,1168.3,1178.2
2010-05-24,1178.8,1199,1178.2,1193.1
2010-05-25,1193.9,1205.8,1186.7,1202.5
2010-05-26,1204.2,1218.2,1202.5,1212.1
2010-05-27,1213.6,1220.2,1207.4,1213.7
2010-05-28,1212.9,1216.8,1203.6,1215
2010-05-31,1216.3,1219.7,1211.3,1217.9
2010-06-01,1218.3,1230.2,1216.3,1226.7
2010-06-02,1226.9,1228.5,1215.4,1225.2
2010-06-03,1225,1226,1203,1209.3
2010-06-04,1207.9,1221.6,1198.4,1221.4
2010-06-07,1221.5,1246.1,1212,1241.5
2010-06-08,1242.4,1253.2,1234.8,1236.1
2010-06-09,1236.4,1242.2,1223.3,1233.7
2010-06-10,1234.2,1235.5,1216.5,1218.8
2010-06-11,1218.3,1231.9,1217.9,1227.9
2010-06-14,1228.8,1235.8,1217.7,1223
2010-06-15,1222.5,1237.9,1221,1235.7
2010-06-16,1235.8,1238.9,1228.2,1232.5
2010-06-17,1231.7,1252.2,1230.8,1246.3
2010-06-18,1246.2,1263.2,1243,1257.7
2010-06-21,1261,1266.1,1231.4,1232.3
2010-06-22,1233.2,1243.4,1232.7,1239.8
2010-06-23,1239.4,1247,1225.3,1238.4
2010-06-24,1237.5,1249,1228.6,1245.1
2010-06-25,1244.6,1259,1241.5,1256.1
2010-06-28,1254.7,1263.3,1235.9,1238.2
2010-06-29,1239.3,1245.5,1227.5,1241.3
2010-06-30,1241.5,1247.9,1235.1,1242.6
2010-07-01,1242.9,1244.3,1196.5,1199.8
2010-07-02,1199.9,1213.4,1199.6,1207.7
2010-07-05,1212.3,1215.1,1206,1208.9
2010-07-06,1208.6,1213.8,1189.6,1194
2010-07-07,1193.9,1204.1,1185,1202.5
2010-07-08,1202.4,1207.8,1187.3,1198.3
2010-07-09,1198.4,1213.5,1194.4,1211.7
2010-07-12,1212,1213.1,1196.4,1196.6
2010-07-13,1197.2,1217.8,1196.3,1211.2
2010-07-14,1211.6,1217.8,1202.2,1208
2010-07-15,1208.8,1216.8,1203.9,1208.2
2010-07-16,1207.3,1210.5,1186.1,1191.8
2010-07-19,1193.4,1196.3,1179,1185.6
2010-07-20,1185.9,1195.1,1177.2,1193.7
2010-07-21,1193.2,1199.2,1184.8,1187.3
2010-07-22,1186.2,1202.3,1182.4,1195.9
2010-07-23,1196.2,1205.1,1186.1,1190.3
2010-07-26,1188.6,1196.1,1180.7,1183.1
2010-07-27,1182.3,1188,1158.6,1161.7
2010-07-28,1165,1168.3,1159.3,1165.6
2010-07-29,1165.4,1171.6,1161.5,1170
2010-07-30,1169.9,1185.2,1167.7,1182.9
2010-08-02,1183.5,1192.3,1176.5,1183.6
2010-08-03,1183.9,1192.6,1181.3,1187.4
2010-08-04,1187.5,1204.9,1186.8,1197.3
2010-08-05,1197.2,1201.7,1191.9,1196.8
2010-08-06,1196.9,1212.9,1194.3,1206.9
2010-08-09,1206.3,1211.6,1201,1203.2
2010-08-10,1203.3,1209.1,1192.4,1205.3
2010-08-11,1206.3,1209.8,1193.9,1199.5
2010-08-12,1199.6,1217.1,1199.3,1214.1
2010-08-13,1215.6,1219.1,1212.3,1216.9
2010-08-16,1215.9,1229.1,1215.9,1226.4
2010-08-17,1226.7,1230.4,1224,1226.4
2010-08-18,1226.3,1234,1219.3,1230.9
2010-08-19,1230.6,1239,1229.2,1233.5
2010-08-20,1233.7,1235.2,1223.6,1229.5
2010-08-23,1227.9,1233.5,1223.3,1227.2
2010-08-24,1226.6,1236.9,1212,1231.5
2010-08-25,1231.6,1242.9,1230.6,1241.5
2010-08-26,1242.1,1245.5,1235.7,1238
2010-08-27,1238.1,1243.8,1234.1,1239.3
2010-08-30,1239.1,1240,1234.8,1238
2010-08-31,1237.9,1251.4,1233.4,1249.2
2010-09-01,1250.5,1256.2,1244.1,1245.9
2010-09-02,1245.9,1254.5,1245.2,1252.7
2010-09-03,1252.5,1255.3,1239.2,1251.1
2010-09-06,1249.5,1252.6,1248.2,1251.3
2010-09-07,1251.5,1260.8,1246.1,1256.4
2010-09-08,1256.5,1263.6,1254.9,1256.1
2010-09-09,1255.9,1260.1,1243.9,1245.2
2010-09-10,1245.4,1251.8,1237.9,1247.4
2010-09-13,1247.9,1250.1,1242.3,1246.4
2010-09-14,1245.2,1275.9,1245.2,1269.8
2010-09-15,1269.5,1273,1264.4,1269.1
2010-09-16,1269.2,1279.2,1266.1,1276.3
2010-09-17,1276.1,1283.8,1273,1275.3
2010-09-20,1278.2,1284.7,1275.4,1279.4
2010-09-21,1279.8,1292,1272.5,1288
2010-09-22,1288.1,1297.3,1287.2,1292.3
2010-09-23,1292.5,1296.9,1288.4,1293.5
2010-09-24,1293.8,1301,1292.7,1297.6
2010-09-27,1298.7,1300.8,1295,1295.8
2010-09-28,1296.2,1311.1,1283,1310.1
2010-09-29,1310.5,1314.2,1306.5,1310.9
2010-09-30,1310.2,1316.7,1297.1,1309.9
2010-10-01,1307.9,1321.5,1307.6,1319.7
2010-10-04,1318.7,1320.9,1313.2,1315.8
2010-10-05,1316,1342.5,1313.2,1341.4
2010-10-06,1339.8,1350.5,1339.7,1350
2010-10-07,1347.6,1365.1,1326.4,1334.3
2010-10-08,1331.4,1350.2,1325.7,1347.5
2010-10-11,1349.2,1355.9,1340.8,1354.5
2010-10-12,1354.6,1355.9,1341.2,1351
2010-10-13,1348.6,1375.1,1348.6,1372.7
2010-10-14,1373,1387.7,1371.5,1381.5
2010-10-15,1382.6,1385.3,1362.7,1368.7
2010-10-18,1368.5,1375.2,1353,1369.8
2010-10-19,1369.6,1371.3,1328.5,1335.5
2010-10-20,1333.1,1347.4,1330.8,1346.6
2010-10-21,1345.6,1349.2,1317.9,1325.4
2010-10-22,1325.7,1328.4,1315.3,1328.3
2010-10-25,1332.2,1349.1,1331.5,1340.2
2010-10-26,1340.1,1343.4,1327.9,1340.1
2010-10-27,1340.9,1343.3,1318.7,1324.9
2010-10-28,1325.2,1345.1,1322.7,1344
2010-10-29,1343.9,1359.1,1335,1359.1
2010-11-01,1363.3,1365.2,1348.8,1351.8
2010-11-02,1352.5,1359.3,1350.2,1356.6
2010-11-03,1356.3,1364.1,1325.5,1347.9
2010-11-04,1347.6,1394,1346.4,1391.4
2010-11-05,1390.9,1397.7,1373.5,1393.9
2010-11-08,1392.9,1410,1386.6,1409.5
2010-11-09,1408.9,1423.6,1382.7,1392.4
2010-11-10,1392.5,1409.4,1383.3,1402.6
2010-11-11,1402.6,1417,1396.6,1407.9
2010-11-12,1408.5,1409.5,1359.4,1367.8
2010-11-15,1369.3,1376.1,1355,1359.6
2010-11-16,1359,1366,1330.9,1340.7
2010-11-17,1343.4,1346,1332.3,1336.7
2010-11-18,1337.1,1360.7,1337.1,1355
2010-11-19,1355.6,1364.4,1342.9,1354.9
2010-11-22,1359.6,1369,1349.7,1367.7
2010-11-23,1368,1383.7,1357.7,1377.8
2010-11-24,1378.3,1382.4,1370.4,1373.5
2010-11-25,1373.2,1376.4,1369,1375.7
2010-11-26,1375.5,1376.5,1352,1364.4
2010-11-29,1364.8,1370.3,1354.2,1367.9
2010-11-30,1368.5,1390.7,1363.8,1387.6
2010-12-01,1387.5,1397.7,1382.8,1387.3
2010-12-02,1387.6,1399.1,1383.8,1386.3
2010-12-03,1386.4,1416.5,1386.4,1414.7
2010-12-06,1415.9,1428.1,1409.6,1424.2
2010-12-07,1425.2,1431.6,1397.1,1401.6
2010-12-08,1400.9,1405,1372.2,1381.9
2010-12-09,1382.7,1394.9,1380.8,1387.8
2010-12-10,1387.7,1392.8,1372.6,1386.4
2010-12-13,1383.3,1399.7,1380.8,1394.9
2010-12-14,1394.9,1408.5,1392.3,1396.3
2010-12-15,1395.7,1397.6,1378.9,1379.7
2010-12-16,1379,1386.8,1361.9,1370
2010-12-17,1368,1379.3,1365.1,1375.7
2010-12-20,1378.1,1388.5,1376.4,1385.8
2010-12-21,1382.7,1392.5,1381.3,1385.7
2010-12-22,1385.6,1391.2,1383.3,1385.2
2010-12-23,1386.1,1388.6,1372.4,1379.3
2010-12-27,1376.1,1386.6,1372.7,1384.2
2010-12-28,1383.8,1407.4,1382.8,1406.5
2010-12-29,1406.1,1414.3,1401.4,1412
2010-12-30,1412.1,1415,1403.2,1404.2
2010-12-31,1404.5,1422,1404.5,1421.6
2011-01-03,1420,1424.3,1413.2,1414.4
2011-01-04,1414.8,1417.8,1375.3,1381.9
2011-01-05,1381,1385.2,1364.3,1378.6
2011-01-06,1376.7,1380,1365.1,1371.1
2011-01-07,1371.4,1378.8,1352.9,1369.7
2011-01-10,1369.5,1376.1,1365.8,1375.8
2011-01-11,1375.1,1386.4,1373.3,1381.2
2011-01-12,1381,1388.9,1376.6,1388.1
2011-01-13,1387.1,1392.8,1369.2,1372.7
2011-01-14,1373.6,1377.8,1354.8,1361.4
2011-01-17,1361.1,1367.1,1358.9,1362
2011-01-18,1363.3,1377.7,1362.1,1369.6
2011-01-19,1368.7,1380.6,1368.1,1370.8
2011-01-20,1369.7,1372.5,1344.3,1347
2011-01-21,1347.1,1351.1,1338.7,1343.9
2011-01-24,1347.3,1354,1333.4,1334.8
2011-01-25,1335.5,1339.3,1323.8,1333.2
2011-01-26,1334,1347.9,1325.9,1346.8
2011-01-27,1346,1348.9,1311.1,1315.7
2011-01-28,1316,1347.3,1309.1,1337.9
2011-01-31,1339.8,1346.7,1323.8,1333.2
2011-02-01,1333.4,1343.9,1326.2,1342.8
2011-02-02,1343.8,1344.5,1327.3,1335.7
2011-02-03,1336.4,1356.6,1325.8,1355.6
2011-02-04,1354.7,1359,1345.9,1349.4
2011-02-07,1345,1353.8,1344.1,1352.5
2011-02-08,1352.5,1368.5,1348.9,1364.5
2011-02-09,1363.9,1367.5,1358.6,1364
2011-02-10,1364,1366.7,1352.2,1363.7
2011-02-11,1363.8,1368.8,1354.5,1357
2011-02-14,1356,1367.1,1354.4,1361.9
2011-02-15,1362.1,1377.3,1361.3,1374.2
2011-02-16,1373.2,1382.3,1368.7,1375.1
2011-02-17,1376,1385.6,1374.6,1384.5
2011-02-18,1385,1392.5,1382.2,1389.3
2011-02-21,1390.7,1409,1390.3,1407
2011-02-22,1408.1,1411.5,1393.3,1398.9
2011-02-23,1400.1,1417,1396.1,1411.9
2011-02-24,1412.2,1418.7,1393,1402.7
2011-02-25,1402.1,1412,1400.2,1410.5
2011-02-28,1408.9,1416.9,1405.3,1412.3
2011-03-01,1411.9,1435.5,1409.8,1433.9
2011-03-02,1434.2,1440.7,1428.2,1434.9
2011-03-03,1435.5,1436.9,1410.6,1416
2011-03-04,1416.3,1432.7,1413.8,1432.4
2011-03-07,1435.4,1445.1,1428.4,1431.7
2011-03-08,1431.5,1437.2,1423.7,1429.5
2011-03-09,1429.4,1436.7,1423.7,1431.5
2011-03-10,1431.1,1431.7,1403,1412
2011-03-11,1411.6,1424.5,1404.8,1418.2
2011-03-14,1431.5,1431.5,1418.7,1428.8
2011-03-15,1426.8,1427.6,1381,1395.7
2011-03-16,1393.8,1406.3,1392.4,1401.5
2011-03-17,1392,1405.4,1386.9,1404
2011-03-18,1406.3,1423.9,1405.7,1419.3
2011-03-21,1427.3,1436.2,1425.2,1428.2
2011-03-22,1428.4,1433.6,1421,1430.2
2011-03-23,1430,1442.7,1427.3,1439.8
2011-03-24,1439.5,1449.4,1425.4,1431.8
2011-03-25,1433.1,1439.4,1423.8,1431.5
2011-03-28,1428.8,1431.3,1411.5,1421.3
2011-03-29,1422.3,1424.6,1412.4,1419.5
2011-03-30,1420.2,1431.4,1413.3,1424.4
2011-03-31,1424.4,1440.9,1421.7,1432.5
2011-04-01,1434.3,1437.3,1414.3,1429.7
2011-04-04,1429.9,1440,1429.1,1435
2011-04-05,1435.2,1458.5,1431.1,1457.6
2011-04-06,1457.3,1463.7,1452.5,1460.5
2011-04-07,1461.2,1466,1454,1459.3
2011-04-08,1459.9,1476.4,1457.7,1475.8
2011-04-11,1477,1477.6,1460.4,1463.9
2011-04-12,1463.7,1468.2,1445.8,1454.3
2011-04-13,1454.3,1463.1,1452.2,1458.4
2011-04-14,1458.1,1476.6,1453.2,1476.6
2011-04-15,1476.6,1489,1472.3,1487.7
2011-04-18,1488,1498.4,1478.2,1496.7
2011-04-19,1496.2,1499.9,1488.3,1496
2011-04-20,1495.8,1506.4,1493.8,1501.9
2011-04-21,1502.3,1509.5,1501,1504.9
2011-04-25,1512.1,1518.6,1502.3,1507.2
2011-04-26,1507.3,1508.5,1492.9,1506.5
2011-04-27,1506.6,1530.6,1503.5,1527.4
2011-04-28,1527.8,1538.6,1524.6,1536.4
2011-04-29,1536.1,1569.3,1532.1,1563.7
2011-05-02,1569.5,1577.3,1540.5,1545.9
2011-05-03,1539.5,1551.4,1527.4,1537.7
2011-05-04,1536,1543.3,1506.3,1516.4
2011-05-05,1515.7,1522.1,1462.5,1474.8
2011-05-06,1476.4,1498.3,1471.1,1495.8
2011-05-09,1495.6,1513.9,1490.2,1513
2011-05-10,1512.1,1519.4,1505.9,1515.8
2011-05-11,1515.8,1526.4,1495.4,1500.5
2011-05-12,1499.3,1507.8,1478.1,1506.2
2011-05-13,1506.3,1516.2,1482.6,1494.4
2011-05-16,1492.7,1504.3,1486.7,1489.8
2011-05-17,1489.8,1497.4,1471.8,1486.3
2011-05-18,1486.4,1499.6,1484.7,1496.3
2011-05-19,1496.8,1499.4,1486.2,1493.7
2011-05-20,1495.9,1517,1488.4,1513
2011-05-23,1513.2,1520,1504.9,1517.9
2011-05-24,1519.1,1528.8,1514.2,1527.9
2011-05-25,1527.2,1533.7,1522.5,1527.1
2011-05-26,1526.9,1532.1,1515.7,1520.3
2011-05-27,1520,1539.5,1520,1537.5
2011-05-30,1537.6,1540.1,1535.1,1539.8
2011-05-31,1539.2,1541.8,1533.2,1535.7
2011-06-01,1536.1,1551.6,1530.4,1541.7
2011-06-02,1541.7,1545.4,1521.1,1534.6
2011-06-03,1535.3,1546.8,1525.1,1543.5
2011-06-06,1543.3,1554.7,1541.7,1545.4
2011-06-07,1545.8,1551.2,1537.3,1545
2011-06-08,1545.6,1547.4,1531.9,1538.5
2011-06-09,1538.3,1550.5,1534.2,1545.5
2011-06-10,1545.6,1546.4,1526.9,1533
2011-06-13,1531.5,1533.8,1512,1516.4
2011-06-14,1516.1,1527,1513,1524.3
2011-06-15,1525.8,1534.7,1514.8,1531.9
2011-06-16,1531.5,1534,1522.5,1529.9
2011-06-17,1529.8,1543,1523.2,1540.1
2011-06-20,1540.2,1547.8,1533.7,1541.6
2011-06-21,1540.7,1548.9,1539.3,1547.2
2011-06-22,1548.4,1559,1542.2,1548.9
2011-06-23,1548,1549.6,1513.8,1521.4
2011-06-24,1523.2,1526.4,1499,1502.8
2011-06-27,1500.2,1506,1491.9,1498
2011-06-28,1497.7,1506.7,1496.4,1502.5
2011-06-29,1502.8,1513.7,1500.8,1512.2
2011-06-30,1512,1514.5,1499.1,1500.6
2011-07-01,1501.8,1503,1478.6,1487.5
2011-07-04,1487.4,1497.1,1486.2,1496.5
2011-07-05,1496.35,1516.75,1493.65,1516.65
2011-07-06,1515.85,1534.05,1510.45,1529.65
2011-07-07,1529.75,1534.85,1523.65,1532.75
2011-07-08,1532.55,1545.85,1525.25,1544.45
2011-07-11,1544.85,1557.25,1540.85,1554.85
2011-07-12,1554.75,1574.05,1541.15,1567.75
2011-07-13,1568.05,1588.25,1564.95,1583.05
2011-07-14,1586.05,1594.85,1579.55,1587.75
2011-07-15,1588.05,1594.35,1576.65,1594.05
2011-07-18,1594.25,1607.75,1592.15,1605.75
2011-07-19,1605.95,1610.35,1582.85,1589.05
2011-07-20,1587.85,1602.55,1581.35,1602.25
2011-07-21,1601.75,1604.95,1585.25,1590.15
2011-07-22,1589.35,1607.55,1584.45,1601.65
2011-07-25,1602.65,1624.75,1602.65,1616.15
2011-07-26,1615.95,1621.75,1609.45,1620.95
2011-07-27,1621.05,1629.65,1610.05,1614.95
2011-07-28,1615.05,1621.45,1604.55,1618.25
2011-07-29,1617.85,1633.75,1611.85,1628.15
2011-08-01,1613.75,1633.15,1609.15,1621.15
2011-08-02,1620.55,1662.65,1617.55,1661.05
2011-08-03,1661.25,1673.75,1653.15,1662.45
2011-08-04,1662.25,1683.45,1641.45,1649.55
2011-08-05,1648.65,1671.35,1642.85,1664.85
2011-08-08,1679.35,1721.45,1679.35,1718.35
2011-08-09,1718.75,1780.85,1716.45,1744.85
2011-08-10,1744.75,1798.35,1738.95,1795.95
2011-08-11,1797.15,1815.65,1733.65,1768.55
2011-08-12,1765.55,1769.25,1724.45,1747.65
2011-08-15,1743.85,1767.45,1729.55,1766.75
2011-08-16,1766.95,1788.25,1762.15,1787.95
2011-08-17,1787.25,1795.85,1780.25,1789.95
2011-08-18,1790.25,1829.25,1785.35,1825.15
2011-08-19,1825.55,1878.35,1822.35,1852.55
2011-08-22,1859.65,1901.95,1857.95,1898.45
2011-08-23,1900.25,1912.35,1824.65,1831.05
2011-08-24,1832.25,1854.65,1750.45,1751.55
2011-08-25,1750.85,1774.65,1701.85,1771.75
2011-08-26,1772.45,1828.05,1757.65,1827.65
2011-08-29,1837.25,1838.85,1776.35,1788.35
2011-08-30,1788.85,1841.85,1784.05,1835.65
2011-08-31,1835.75,1839.85,1812.05,1824.15
2011-09-01,1824.25,1830.85,1814.35,1825.45
2011-09-02,1825.55,1884.85,1824.75,1883.25
2011-09-05,1879.35,1903.25,1874.75,1900.65
2011-09-06,1903.25,1920.65,1861.95,1873.75
2011-09-07,1872.25,1880.35,1793.35,1817.35
2011-09-08,1817.05,1871.25,1812.65,1869.35
2011-09-09,1870.15,1886.55,1823.85,1856.05
2011-09-12,1858.55,1862.85,1801.85,1814.65
2011-09-13,1814.85,1844.65,1795.35,1834.85
2011-09-14,1834.95,1845.45,1809.45,1821.95
2011-09-15,1821.65,1827.35,1773.85,1790.25
2011-09-16,1788.25,1821.85,1763.35,1811.65
2011-09-19,1818.05,1828.05,1770.55,1779.05
2011-09-20,1778.65,1811.75,1770.25,1804.65
2011-09-21,1803.25,1816.85,1779.05,1780.35
2011-09-22,1780.95,1786.55,1721.05,1736.45
2011-09-23,1738.75,1755.45,1629.65,1656.95
2011-09-26,1655.25,1663.75,1533.35,1627.85
2011-09-27,1626.85,1676.95,1615.05,1649.85
2011-09-28,1649.95,1671.05,1600.65,1610.85
2011-09-29,1608.85,1636.85,1585.35,1616.95
2011-09-30,1618.65,1642.25,1608.75,1625.55
2011-10-03,1620.05,1666.35,1620.05,1662.75
2011-10-04,1662.35,1680.65,1597.65,1626.05
2011-10-05,1627.15,1648.75,1599.55,1644.25
2011-10-06,1643.55,1656.85,1633.35,1652.05
2011-10-07,1653.25,1667.85,1627.65,1639.85
2011-10-10,1641.35,1679.65,1639.85,1677.55
2011-10-11,1678.05,1686.35,1656.05,1664.75
2011-10-12,1665.05,1693.75,1662.25,1676.45
2011-10-13,1676.95,1686.05,1654.95,1668.85
2011-10-14,1668.65,1685.25,1662.65,1682.15
2011-10-17,1684.25,1696.35,1666.85,1671.95
2011-10-18,1672.25,1678.15,1628.35,1656.55
2011-10-19,1658.05,1666.65,1641.15,1644.45
2011-10-20,1645.45,1645.95,1605.05,1620.85
2011-10-21,1621.05,1649.55,1612.95,1642.85
2011-10-24,1640.75,1662.75,1636.65,1654.25
2011-10-25,1654.45,1710.35,1644.85,1706.75
2011-10-26,1706.45,1727.95,1696.55,1726.85
2011-10-27,1726.15,1751.25,1707.35,1746.45
2011-10-28,1745.45,1753.85,1733.65,1744.65
2011-10-31,1744.55,1746.35,1706.55,1711.65
2011-11-01,1712.15,1725.55,1682.75,1716.25
2011-11-02,1716.35,1745.65,1716.05,1740.25
2011-11-03,1740.85,1770.15,1724.05,1761.85
2011-11-04,1762.15,1765.25,1750.85,1755.95
2011-11-07,1754.55,1799.85,1754.05,1796.65
2011-11-08,1795.95,1804.35,1778.35,1786.65
2011-11-09,1787.15,1800.85,1765.25,1769.75
2011-11-10,1770.95,1776.45,1737.25,1759.15
2011-11-11,1759.95,1790.55,1745.95,1789.65
2011-11-14,1789.55,1797.55,1774.95,1781.45
2011-11-15,1781.65,1787.05,1761.15,1782.25
2011-11-16,1782.45,1784.75,1754.65,1763.55
2011-11-17,1764.85,1767.95,1711.65,1720.45
2011-11-18,1723.45,1738.05,1712.25,1724.55
2011-11-21,1724.45,1727.15,1667.35,1677.95
2011-11-22,1679.65,1706.35,1668.45,1699.95
2011-11-23,1700.55,1710.75,1677.95,1693.45
2011-11-24,1692.65,1702.65,1688.65,1695.75
2011-11-25,1693.75,1698.55,1672.65,1681.25
2011-11-28,1689.05,1724.05,1686.35,1714.75
2011-11-29,1714.55,1724.05,1707.35,1719.35
2011-11-30,1719.95,1753.65,1704.95,1753.05
2011-12-01,1752.35,1757.95,1737.35,1749.15
2011-12-02,1748.85,1767.05,1741.85,1750.35
2011-12-05,1751.15,1758.75,1721.75,1727.05
2011-12-06,1726.85,1736.85,1706.15,1733.15
2011-12-07,1732.95,1746.75,1724.25,1746.75
2011-12-08,1746.55,1759.85,1708.05,1709.55
2011-12-09,1709.05,1727.85,1707.65,1715.15
2011-12-12,1717.05,1718.55,1661.15,1668.85
2011-12-13,1668.25,1681.55,1625.55,1634.45
2011-12-14,1629.55,1645.65,1567.05,1579.05
2011-12-15,1582.85,1596.45,1562.95,1573.25
2011-12-16,1573.95,1603.45,1573.55,1601.15
2011-12-19,1603.55,1610.85,1585.85,1595.75
2011-12-20,1595.15,1620.35,1594.15,1617.05
2011-12-21,1617.15,1643.65,1608.25,1616.75
2011-12-22,1616.15,1618.45,1600.35,1607.15
2011-12-23,1607.75,1615.55,1604.35,1608.55
2011-12-27,1608.05,1608.55,1591.15,1593.95
2011-12-28,1594.05,1594.35,1551.05,1557.25
2011-12-29,1556.85,1562.65,1523.95,1546.65
2011-12-30,1547.35,1582.65,1546.95,1566.15
2012-01-03,1570.55,1608.55,1567.65,1604.95
2012-01-04,1605.15,1619.65,1594.15,1613.25
2012-01-05,1613.35,1626.75,1597.85,1622.15
2012-01-06,1621.85,1631.65,1609.45,1618.25
2012-01-09,1617.75,1624.35,1606.05,1611.85
2012-01-10,1612.55,1640.85,1609.35,1632.95
2012-01-11,1632.15,1647.85,1631.25,1643.65
2012-01-12,1643.15,1662.75,1641.15,1649.35
2012-01-13,1649.45,1650.45,1625.85,1639.85
2012-01-16,1635.65,1647.45,1631.95,1643.85
2012-01-17,1642.35,1667.85,1642.25,1652.05
2012-01-18,1652.45,1662.75,1643.15,1659.65
2012-01-19,1660.45,1670.15,1649.45,1656.85
2012-01-20,1657.25,1667.15,1645.15,1666.75
2012-01-23,1666.55,1681.65,1662.95,1676.55
2012-01-24,1676.05,1679.95,1661.75,1666.45
2012-01-25,1666.05,1713.15,1649.25,1710.85
2012-01-26,1710.05,1730.35,1703.65,1719.75
2012-01-27,1720.05,1739.55,1714.45,1738.45
2012-01-30,1739.35,1742.75,1719.65,1733.55
2012-01-31,1733.75,1750.55,1727.55,1739.65
2012-02-01,1740.45,1753.95,1735.45,1745.75
2012-02-02,1747.75,1763.95,1743.75,1761.35
2012-02-03,1762.05,1765.85,1726.35,1728.75
2012-02-06,1729.95,1740.45,1714.55,1722.45
2012-02-07,1722.65,1752.55,1712.65,1747.25
2012-02-08,1747.15,1754.35,1727.85,1734.45
2012-02-09,1734.35,1754.05,1728.15,1731.35
2012-02-10,1732.15,1737.05,1706.85,1723.95
2012-02-13,1728.95,1735.25,1718.15,1724.05
2012-02-14,1722.65,1729.65,1713.95,1722.75
2012-02-15,1723.15,1738.85,1720.45,1729.75
2012-02-16,1730.05,1731.55,1707.15,1730.35
2012-02-17,1729.75,1737.15,1718.65,1724.75
2012-02-20,1727.85,1738.65,1727.85,1735.45
2012-02-21,1735.65,1761.85,1732.55,1761.85
2012-02-22,1761.45,1783.25,1750.95,1777.25
2012-02-23,1777.95,1788.85,1773.75,1781.75
2012-02-24,1781.95,1784.25,1771.85,1773.55
2012-02-27,1774.55,1780.85,1763.25,1769.35
2012-02-28,1769.45,1791.65,1767.25,1784.95
2012-02-29,1785.85,1792.15,1689.95,1698.05
2012-03-01,1696.25,1726.75,1696.25,1718.95
2012-03-02,1719.45,1725.15,1706.25,1713.35
2012-03-05,1712.45,1717.55,1694.75,1707.15
2012-03-06,1707.25,1709.75,1663.75,1675.45
2012-03-07,1675.55,1688.65,1671.95,1685.25
2012-03-08,1686.35,1704.55,1683.75,1700.05
2012-03-09,1700.65,1715.25,1677.55,1714.45
2012-03-12,1714.35,1714.75,1692.95,1700.45
2012-03-13,1699.75,1706.15,1663.15,1676.75
2012-03-14,1676.85,1682.75,1634.75,1643.45
2012-03-15,1643.85,1666.65,1636.75,1656.25
2012-03-16,1655.95,1664.85,1639.75,1659.85
2012-03-19,1658.75,1669.85,1652.25,1662.05
2012-03-20,1662.05,1664.65,1641.35,1648.45
2012-03-21,1648.45,1661.25,1646.45,1649.65
2012-03-22,1649.75,1656.45,1627.85,1644.25
2012-03-23,1643.95,1665.95,1641.95,1661.45
2012-03-26,1665.35,1695.95,1657.65,1692.05
2012-03-27,1692.15,1699.55,1681.85,1682.15
2012-03-28,1682.35,1686.45,1656.85,1663.85
2012-03-29,1664.45,1666.85,1647.15,1663.05
2012-03-30,1662.95,1672.55,1661.65,1669.75
2012-04-02,1671.75,1685.25,1664.45,1677.95
2012-04-03,1678.65,1682.65,1640.45,1647.55
2012-04-04,1646.45,1649.45,1614.05,1621.85
2012-04-05,1622.15,1634.55,1621.25,1632.15
2012-04-09,1644.55,1649.75,1636.85,1642.15
2012-04-10,1641.75,1663.95,1633.05,1661.55
2012-04-11,1660.05,1663.45,1654.55,1660.55
2012-04-12,1660.25,1681.05,1651.65,1676.15
2012-04-13,1676.55,1679.05,1650.45,1659.25
2012-04-16,1659.25,1659.25,1642.35,1653.95
2012-04-17,1653.55,1657.95,1635.85,1650.85
2012-04-18,1650.75,1655.15,1638.85,1643.25
2012-04-19,1642.85,1654.25,1631.45,1644.25
2012-04-20,1643.45,1647.75,1639.25,1643.65
2012-04-23,1641.85,1644.15,1624.15,1639.35
2012-04-24,1638.65,1650.05,1634.75,1641.65
2012-04-25,1641.85,1646.75,1625.65,1645.25
2012-04-26,1644.55,1661.55,1642.45,1657.45
2012-04-27,1655.45,1668.35,1651.15,1663.35
2012-04-30,1663.75,1666.95,1647.95,1664.55
2012-05-01,1665.85,1672.15,1657.85,1662.85
2012-05-02,1663.55,1663.75,1646.75,1654.05
2012-05-03,1653.85,1654.25,1631.75,1636.25
2012-05-04,1636.35,1647.55,1627.25,1642.65
2012-05-07,1640.25,1642.95,1633.25,1638.55
2012-05-08,1638.95,1639.55,1595.85,1605.15
2012-05-09,1605.85,1606.85,1580.05,1589.65
2012-05-10,1590.15,1601.75,1585.85,1593.55
2012-05-11,1593.25,1595.15,1573.85,1579.25
2012-05-14,1583.85,1585.65,1555.95,1556.75
2012-05-15,1556.85,1563.85,1541.35,1544.15
2012-05-16,1543.95,1551.65,1526.95,1540.65
2012-05-17,1539.15,1579.55,1538.45,1574.35
2012-05-18,1573.85,1597.25,1567.85,1592.85
2012-05-21,1591.75,1598.95,1584.95,1592.35
2012-05-22,1592.95,1594.35,1561.15,1567.75
2012-05-23,1567.35,1568.35,1533.45,1561.45
2012-05-24,1561.55,1577.25,1551.15,1557.55
2012-05-25,1557.95,1573.55,1551.05,1572.25
2012-05-28,1574.55,1585.55,1573.35,1575.45
2012-05-29,1575.95,1584.35,1549.85,1556.55
2012-05-30,1556.05,1570.85,1533.95,1563.65
2012-05-31,1564.45,1573.95,1554.05,1561.25
2012-06-01,1561.65,1630.85,1546.45,1625.65
2012-06-04,1627.25,1629.55,1610.35,1619.45
2012-06-05,1619.95,1624.85,1614.05,1618.25
2012-06-06,1618.45,1642.15,1614.85,1621.55
2012-06-07,1621.45,1630.25,1580.95,1590.15
2012-06-08,1591.25,1596.15,1560.85,1594.35
2012-06-11,1603.35,1609.15,1584.05,1597.35
2012-06-12,1596.55,1618.65,1587.55,1610.95
2012-06-13,1610.75,1625.45,1607.05,1619.25
2012-06-14,1619.05,1628.85,1610.55,1624.25
2012-06-15,1623.65,1633.45,1620.95,1628.15
2012-06-18,1628.75,1630.85,1609.25,1629.25
2012-06-19,1627.75,1634.25,1618.35,1618.75
2012-06-20,1618.85,1623.55,1591.35,1606.75
2012-06-21,1607.25,1608.05,1565.05,1565.75
2012-06-22,1565.65,1574.15,1559.15,1573.15
2012-06-25,1572.65,1588.75,1566.95,1585.15
2012-06-26,1587.15,1587.35,1568.55,1572.65
2012-06-27,1572.95,1582.85,1563.65,1574.85
2012-06-28,1574.95,1579.55,1548.45,1552.45
2012-06-29,1552.45,1607.45,1551.45,1597.85
2012-07-02,1598.45,1602.85,1587.65,1596.45
2012-07-03,1596.85,1624.95,1595.35,1616.75
2012-07-04,1617.35,1620.65,1612.05,1615.25
2012-07-05,1616.25,1624.05,1597.65,1604.85
2012-07-06,1604.85,1609.75,1576.75,1583.85
2012-07-09,1582.25,1593.05,1576.85,1587.55
2012-07-10,1589.55,1601.25,1564.55,1566.15
2012-07-11,1566.15,1582.95,1566.15,1576.85
2012-07-12,1576.95,1577.85,1554.55,1571.85
2012-07-13,1571.65,1596.45,1565.65,1589.15
2012-07-16,1590.85,1594.55,1577.95,1587.95
2012-07-17,1588.45,1598.75,1571.15,1582.15
2012-07-18,1583.05,1585.65,1567.35,1572.85
2012-07-19,1572.75,1591.35,1572.15,1581.25
2012-07-20,1581.55,1586.55,1572.95,1583.85
2012-07-23,1580.55,1582.35,1562.65,1575.75
2012-07-24,1576.05,1583.45,1567.95,1579.95
2012-07-25,1579.45,1609.15,1577.95,1603.75
2012-07-26,1603.85,1620.75,1600.25,1615.05
2012-07-27,1614.45,1628.55,1610.85,1622.25
2012-07-30,1625.25,1627.65,1615.55,1622.95
2012-07-31,1623.15,1629.25,1612.05,1615.55
2012-08-01,1615.85,1619.45,1593.65,1601.05
2012-08-02,1601.45,1615.85,1585.65,1589.45
2012-08-03,1589.85,1607.35,1587.05,1604.05
2012-08-06,1605.75,1615.95,1603.35,1612.05
2012-08-07,1612.15,1619.05,1609.65,1612.55
2012-08-08,1612.45,1617.15,1603.95,1612.75
2012-08-09,1613.15,1618.85,1610.25,1617.65
2012-08-10,1618.15,1626.65,1606.35,1620.25
2012-08-13,1621.65,1625.95,1608.25,1610.55
2012-08-14,1610.45,1616.75,1594.85,1599.35
2012-08-15,1599.65,1606.35,1590.95,1603.15
2012-08-16,1603.65,1618.45,1601.05,1614.35
2012-08-17,1614.75,1620.05,1611.85,1615.75
2012-08-20,1615.85,1622.65,1610.35,1620.85
2012-08-21,1620.65,1641.45,1618.75,1638.45
2012-08-22,1637.65,1655.95,1634.55,1654.15
2012-08-23,1653.15,1675.15,1652.55,1671.05
2012-08-24,1670.65,1673.75,1662.95,1670.75
2012-08-27,1672.75,1677.45,1663.35,1663.65
2012-08-28,1664.55,1672.55,1657.65,1667.15
2012-08-29,1667.35,1670.25,1652.95,1656.45
2012-08-30,1657.15,1664.25,1651.45,1655.35
2012-08-31,1656.25,1693.05,1647.05,1691.65
2012-09-03,1691.65,1694.95,1685.45,1692.65
2012-09-04,1692.85,1698.65,1688.25,1696.05
2012-09-05,1695.35,1695.95,1687.35,1693.25
2012-09-06,1693.75,1713.35,1691.35,1700.95
2012-09-07,1700.55,1741.25,1688.85,1735.45
2012-09-10,1735.35,1740.75,1724.55,1724.55
2012-09-11,1725.95,1737.75,1725.45,1732.05
2012-09-12,1731.75,1746.45,1726.45,1731.15
2012-09-13,1730.85,1772.15,1706.35,1766.95
2012-09-14,1768.65,1777.55,1765.35,1770.05
2012-09-17,1772.45,1776.05,1754.25,1761.95
2012-09-18,1761.95,1773.15,1752.45,1771.25
2012-09-19,1771.25,1779.25,1762.95,1769.65
2012-09-20,1770.15,1772.35,1755.95,1767.95
2012-09-21,1768.45,1787.45,1766.75,1772.85
2012-09-24,1775.05,1775.05,1758.25,1766.75
2012-09-25,1767.35,1777.25,1761.35,1763.05
2012-09-26,1763.15,1768.05,1740.25,1755.65
2012-09-27,1755.85,1782.65,1753.75,1779.65
2012-09-28,1779.45,1785.65,1770.05,1774.35
2012-10-01,1773.55,1793.75,1765.75,1777.45
2012-10-02,1779.35,1786.55,1773.75,1776.75
2012-10-03,1776.15,1783.85,1773.15,1780.95
2012-10-04,1780.55,1797.55,1779.95,1792.15
2012-10-05,1792.85,1798.05,1774.95,1782.65
2012-10-08,1781.45,1782.05,1768.65,1777.35
2012-10-09,1777.45,1781.55,1762.45,1765.35
2012-10-10,1766.95,1769.75,1759.05,1763.95
2012-10-11,1763.45,1776.35,1760.25,1769.05
2012-10-12,1769.35,1774.85,1753.85,1755.25
2012-10-15,1754.65,1754.65,1730.45,1738.45
2012-10-16,1737.85,1749.55,1736.15,1749.55
2012-10-17,1749.45,1754.85,1744.15,1751.25
2012-10-18,1751.15,1753.35,1739.55,1742.85
2012-10-19,1742.65,1744.65,1717.35,1722.65
2012-10-22,1719.55,1730.25,1714.95,1730.15
2012-10-23,1730.05,1731.25,1704.85,1708.35
2012-10-24,1708.45,1715.15,1699.65,1702.25
2012-10-25,1702.55,1718.65,1702.35,1711.15
2012-10-26,1711.95,1719.35,1701.45,1711.85
2012-10-29,1712.65,1717.85,1706.35,1707.85
2012-10-30,1707.75,1715.65,1705.45,1711.25
2012-10-31,1711.15,1726.45,1709.95,1720.15
2012-11-01,1720.05,1727.25,1714.05,1716.55
2012-11-02,1716.45,1717.15,1674.95,1677.95
2012-11-05,1676.95,1686.15,1672.65,1685.05
2012-11-06,1685.15,1720.55,1683.55,1716.85
2012-11-07,1715.15,1731.75,1703.25,1716.85
2012-11-08,1718.15,1734.85,1712.75,1731.05
2012-11-09,1731.35,1738.55,1727.05,1730.85
2012-11-12,1732.15,1737.95,1725.85,1728.55
2012-11-13,1728.45,1732.85,1718.05,1724.95
2012-11-14,1725.45,1733.85,1720.55,1727.05
2012-11-15,1726.85,1727.85,1704.65,1716.05
2012-11-16,1716.15,1717.25,1705.55,1713.65
2012-11-19,1714.25,1735.55,1714.05,1731.15
2012-11-20,1730.75,1735.35,1721.85,1727.65
2012-11-21,1727.75,1731.35,1720.55,1728.75
2012-11-22,1728.85,1732.45,1728.45,1729.65
2012-11-23,1730.65,1754.35,1727.95,1752.05
2012-11-26,1753.55,1754.55,1748.35,1751.55
2012-11-27,1751.35,1754.15,1742.95,1744.15
2012-11-28,1744.55,1745.55,1708.45,1721.85
2012-11-29,1721.95,1730.25,1720.15,1727.65
2012-11-30,1727.85,1733.65,1710.45,1716.55
2012-12-03,1718.35,1724.45,1714.75,1717.95
2012-12-04,1718.15,1719.25,1692.75,1698.25
2012-12-05,1697.85,1708.05,1686.35,1695.65
2012-12-06,1695.45,1704.15,1687.35,1701.55
2012-12-07,1700.95,1706.75,1687.05,1705.35
2012-12-10,1705.75,1718.75,1704.05,1714.05
2012-12-11,1714.25,1715.75,1706.25,1711.55
2012-12-12,1711.85,1724.65,1708.65,1712.95
2012-12-13,1712.65,1712.65,1690.85,1698.45
2012-12-14,1698.75,1701.65,1694.75,1697.05
2012-12-17,1699.45,1700.95,1687.75,1699.25
2012-12-18,1698.95,1704.35,1662.35,1671.85
2012-12-19,1672.25,1677.85,1664.45,1666.75
2012-12-20,1666.45,1672.75,1636.75,1648.25
2012-12-21,1648.75,1660.35,1636.45,1657.75
2012-12-24,1658.05,1666.45,1652.75,1659.15
2012-12-26,1656.12,1668.45,1651.5,1660.35
2012-12-27,1659.95,1666.05,1653.55,1663.95
2012-12-28,1663.75,1666.95,1654.15,1656.45
2012-12-31,1656.25,1680.65,1655.95,1675.85
2013-01-02,1674.95,1695.35,1670.95,1686.35
2013-01-03,1686.15,1690.35,1661.35,1663.95
2013-01-04,1663.85,1664.45,1626.05,1655.85
2013-01-07,1657.75,1662.55,1643.25,1647.15
2013-01-08,1647.65,1662.35,1646.85,1660.45
2013-01-09,1659.75,1665.85,1651.45,1657.95
2013-01-10,1657.75,1678.75,1653.95,1674.45
2013-01-11,1674.65,1676.25,1653.55,1662.55
2013-01-14,1661.65,1674.55,1659.85,1667.85
2013-01-15,1667.65,1684.85,1666.25,1679.55
2013-01-16,1679.65,1684.65,1673.45,1679.85
2013-01-17,1680.25,1695.65,1667.15,1686.95
2013-01-18,1687.15,1694.85,1683.45,1683.85
2013-01-21,1685.55,1691.05,1684.75,1689.65
2013-01-22,1689.45,1695.85,1686.85,1691.55
2013-01-23,1691.95,1694.75,1683.65,1684.05
2013-01-24,1683.95,1685.75,1664.55,1666.75
2013-01-25,1667.25,1671.55,1655.15,1657.85
2013-01-28,1660.35,1663.65,1653.35,1655.75
2013-01-29,1655.95,1666.95,1655.85,1664.65
2013-01-30,1664.25,1684.35,1663.85,1677.35
2013-01-31,1676.35,1681.75,1658.75,1664.65
2013-02-01,1664.95,1682.75,1660.85,1668.15
2013-02-04,1669.65,1678.25,1662.55,1675.35
2013-02-05,1675.55,1685.65,1667.25,1673.95
2013-02-06,1673.55,1680.05,1668.85,1678.05
2013-02-07,1677.75,1683.85,1664.05,1671.55
2013-02-08,1672.15,1674.15,1665.95,1667.65
2013-02-11,1668.65,1670.25,1644.15,1648.85
2013-02-12,1648.35,1653.65,1639.65,1651.85
2013-02-13,1652.75,1653.75,1640.55,1642.95
2013-02-14,1642.35,1649.85,1632.85,1634.35
2013-02-15,1633.45,1635.85,1598.55,1609.85
2013-02-18,1609.4,1618.6,1606.9,1609.7
2013-02-19,1609.6,1614.8,1600.4,1604.1
2013-02-20,1604,1608.9,1558.3,1563.8
2013-02-21,1565.2,1584.1,1554.8,1576.2
2013-02-22,1577.1,1586.7,1569.9,1580.7
2013-02-25,1579.6,1596.5,1574.8,1592.9
2013-02-26,1592.3,1618.9,1583.8,1614.2
2013-02-27,1613.3,1614.3,1592,1595.8
2013-02-28,1596.5,1602.2,1574.4,1578.7
2013-03-01,1579.4,1586.6,1564.3,1575.5
2013-03-04,1578.2,1584.2,1568.8,1574
2013-03-05,1574.4,1585.6,1571.3,1574.5
2013-03-06,1574.9,1584.3,1566.8,1583.8
2013-03-07,1584.1,1584.8,1574.3,1577.7
2013-03-08,1576.9,1582.5,1560.9,1577.8
2013-03-11,1577.6,1582.2,1574.7,1581
2013-03-12,1581.1,1597.4,1579.1,1592
2013-03-13,1592.1,1598,1584.5,1588
2013-03-14,1588.1,1592.2,1575.8,1589.5
2013-03-15,1589.4,1597.8,1587.6,1590.9
2013-03-18,1602.7,1610.1,1591.6,1605.2
2013-03-19,1605,1614.6,1599.4,1612.4
2013-03-20,1612.5,1613.9,1602.7,1605.6
2013-03-21,1605.5,1615.8,1603.7,1614.9
2013-03-22,1614.8,1615.3,1602.9,1607.7
2013-03-25,1609.45,1614.45,1590.85,1604.85
2013-03-26,1604.95,1606.85,1595.45,1601.15
2013-03-27,1601.25,1608.75,1591.95,1605.85
2013-03-28,1605.65,1608.25,1594.55,1597.15
2013-04-01,1598.35,1601.55,1595.45,1599.75
2013-04-02,1599.85,1604.25,1574.15,1576.25
2013-04-03,1576.35,1577.25,1549.75,1557.45
2013-04-04,1557.25,1559.35,1539.85,1553.25
2013-04-05,1553.75,1580.85,1549.15,1580.65
2013-04-08,1580.95,1582.85,1567.15,1572.45
2013-04-09,1572.55,1590.05,1570.15,1584.75
2013-04-10,1584.65,1588.45,1555.55,1558.85
2013-04-11,1558.95,1567.75,1553.15,1560.35
2013-04-12,1560.25,1564.15,1481.45,1482.65
2013-04-15,1479.55,1494.85,1337.95,1352.25
2013-04-16,1357.65,1403.35,1322.25,1369.25
2013-04-17,1370.85,1395.05,1365.35,1377.55
2013-04-18,1377.15,1401.65,1337.25,1391.15
2013-04-19,1394.45,1424.55,1385.85,1403.35
2013-04-22,1407.05,1438.35,1403.55,1425.85
2013-04-23,1425.55,1431.95,1404.05,1412.85
2013-04-24,1412.75,1432.55,1411.65,1430.75
2013-04-25,1430.15,1468.35,1426.35,1467.55
2013-04-26,1466.45,1484.75,1448.05,1461.75
2013-04-29,1464.55,1477.25,1461.75,1476.05
2013-04-30,1476.25,1479.15,1460.65,1476.55
2013-05-01,1475.55,1477.35,1439.75,1457.55
2013-05-02,1456.85,1472.55,1448.35,1466.65
2013-05-03,1465.95,1487.15,1457.35,1469.95
2013-05-06,1469.55,1478.15,1464.25,1469.45
2013-05-07,1469.05,1469.95,1440.55,1451.75
2013-05-08,1451.35,1475.55,1446.95,1473.15
2013-05-09,1472.65,1474.85,1452.45,1457.35
2013-05-10,1456.95,1461.15,1419.85,1446.65
2013-05-13,1447.45,1447.45,1424.95,1429.35
2013-05-14,1430.05,1443.95,1420.35,1423.65
2013-05-15,1423.75,1429.35,1388.05,1391.25
2013-05-16,1392.25,1396.65,1368.15,1384.55
2013-05-17,1384.85,1391.25,1354.05,1357.75
2013-05-20,1360.35,1397.25,1337.75,1392.65
2013-05-21,1393.05,1399.55,1358.25,1374.05
2013-05-22,1373.35,1413.05,1353.55,1368.85
2013-05-23,1367.55,1395.95,1355.55,1389.85
2013-05-24,1390.15,1396.75,1381.25,1385.25
2013-05-27,1387.5,1396.15,1384.05,1394.45
2013-05-28,1393.75,1399.85,1373.25,1380.25
2013-05-29,1381.05,1394.95,1379.65,1392.55
2013-05-30,1392.95,1417.65,1388.65,1413.35
2013-05-31,1412.55,1421.25,1384.45,1387.35
2013-06-03,1388.85,1415.95,1388.65,1410.75
2013-06-04,1411.35,1414.35,1388.65,1399.45
2013-06-05,1398.95,1409.85,1395.25,1402.05
2013-06-06,1401.55,1423.15,1391.25,1412.75
2013-06-07,1412.65,1417.45,1377.35,1382.35
2013-06-10,1380.35,1388.15,1375.35,1386.15
2013-06-11,1385.85,1387.05,1366.25,1377.75
2013-06-12,1377.45,1393.35,1373.45,1387.75
2013-06-13,1387.25,1394.15,1373.85,1384.75
2013-06-14,1385.05,1391.25,1377.85,1390.05
2013-06-17,1389.45,1391.35,1380.25,1384.15
2013-06-18,1384.55,1385.35,1360.25,1367.45
2013-06-19,1367.75,1375.45,1348.55,1350.45
2013-06-20,1350.35,1350.55,1275.75,1277.05
2013-06-21,1279.25,1301.75,1268.75,1295.55
2013-06-24,1296.65,1300.55,1275.45,1281.95
2013-06-25,1282.05,1288.65,1270.95,1276.45
2013-06-26,1276.85,1277.25,1221.55,1224.05
2013-06-27,1225.55,1244.15,1196.65,1199.95
2013-06-28,1200.25,1234.75,1180.35,1233.75
2013-07-01,1233.05,1260.55,1224.85,1252.45
2013-07-02,1252.55,1266.55,1238.85,1241.75
2013-07-03,1243.15,1258.75,1236.05,1251.85
2013-07-04,1252.45,1257.15,1244.45,1249.15
2013-07-05,1249.05,1249.75,1207.35,1221.95
2013-07-08,1221.15,1236.95,1214.55,1235.65
2013-07-09,1235.35,1258.65,1232.05,1249.35
2013-07-10,1248.35,1265.25,1242.35,1261.75
2013-07-11,1265.35,1296.85,1263.25,1283.85
2013-07-12,1285.15,1287.05,1266.55,1284.15
2013-07-15,1283.85,1293.55,1273.35,1281.75
2013-07-16,1281.85,1294.15,1275.95,1290.35
2013-07-17,1289.55,1298.35,1269.45,1273.45
2013-07-18,1274.25,1287.55,1273.35,1282.75
2013-07-19,1283.05,1296.65,1281.45,1295.05
2013-07-22,1296.65,1338.35,1295.45,1334.45
2013-07-23,1334.75,1347.85,1326.15,1347.45
2013-07-24,1347.25,1347.25,1312.95,1320.75
2013-07-25,1321.45,1337.45,1308.85,1333.65
2013-07-26,1333.75,1340.15,1312.35,1333.05
2013-07-29,1333.95,1338.25,1323.15,1327.45
2013-07-30,1327.55,1330.35,1318.45,1326.35
2013-07-31,1326.95,1339.15,1306.35,1322.55
2013-08-01,1324.45,1330.35,1306.95,1308.35
2013-08-02,1307.75,1317.65,1282.65,1310.95
2013-08-05,1312.15,1319.85,1297.05,1303.25
2013-08-06,1303.15,1306.25,1278.8,1281.5
2013-08-07,1280.8,1288.4,1272.3,1286.4
2013-08-08,1286,1313.4,1282.2,1311.7
2013-08-09,1311.5,1316,1304.7,1313.5
2013-08-12,1314.9,1342.9,1314.4,1336
2013-08-13,1335.6,1340.5,1318.2,1320.3
2013-08-14,1320.5,1335.8,1315.4,1335.7
2013-08-15,1335.2,1369.2,1318.1,1365.9
2013-08-16,1365.4,1379.1,1357.2,1376.3
2013-08-19,1380.7,1384,1362.3,1364.9
2013-08-20,1364.7,1376.6,1352,1370.6
2013-08-21,1366.8,1378,1359.4,1366.1
2013-08-22,1365.9,1380.9,1354.9,1375.7
2013-08-23,1375.9,1399.8,1368.4,1397.4
2013-08-26,1399.2,1406.5,1389.5,1404.7
2013-08-27,1404.8,1422.8,1395.4,1415.6
2013-08-28,1415.9,1433.4,1413.3,1417.8
2013-08-29,1417.9,1418.2,1402.8,1406.9
2013-08-30,1407.6,1411,1392.1,1395
2013-09-02,1392.6,1398,1374.1,1391.9
2013-09-03,1391.8,1416.3,1384.4,1411.9
2013-09-04,1411.4,1415,1384.8,1391.3
2013-09-05,1391.4,1399.4,1365.4,1367.5
2013-09-06,1366.7,1392.7,1361.8,1391.7
2013-09-09,1390.3,1393.8,1382,1386.4
2013-09-10,1386.8,1391.2,1357.8,1363.1
2013-09-11,1363.7,1368.2,1357,1365.6
2013-09-12,1365.7,1366,1320.5,1320.8
2013-09-13,1322.4,1330.7,1304.8,1326.1
2013-09-16,1332.2,1334.6,1303.2,1313.7
2013-09-17,1312.2,1323.4,1306.1,1309.7
2013-09-18,1309.8,1367.4,1291.7,1364.9
2013-09-19,1364.5,1375.1,1358.7,1365.1
2013-09-20,1365.5,1368.4,1325.1,1326.1
2013-09-23,1327.7,1331.8,1314.3,1322
2013-09-24,1322.9,1329.4,1306.2,1323.2
2013-09-25,1324,1338.3,1316.7,1333.1
2013-09-26,1333.2,1339.6,1319.5,1323.9
2013-09-27,1324.1,1344.4,1320.9,1336.9
2013-09-30,1350.2,1350.3,1323.2,1328.2
2013-10-01,1327.9,1337.8,1283,1287.6
2013-10-02,1287.3,1323.7,1278.2,1316.1
2013-10-03,1316.2,1321.3,1302.3,1316.8
2013-10-04,1317.1,1324.7,1306.4,1310.9
2013-10-07,1312.4,1328.6,1308.8,1322.3
2013-10-08,1323.5,1330.1,1316.2,1318.9
2013-10-09,1319.5,1321.7,1295.4,1307
2013-10-10,1307.4,1311.4,1282.3,1286.2
2013-10-11,1284.6,1294.1,1262.7,1271.9
2013-10-14,1278.1,1289.1,1268.6,1272.7
2013-10-15,1273.2,1287.4,1251.4,1280.1
2013-10-16,1281.4,1286.8,1269.3,1281.8
2013-10-17,1281.2,1324.1,1274,1319.4
2013-10-18,1319.2,1325.4,1311.9,1315.9
2013-10-21,1315.2,1323.9,1313.1,1315.9
2013-10-22,1314.5,1344.7,1310.3,1340.2
2013-10-23,1340.1,1342.2,1329.5,1332.7
2013-10-24,1331.1,1351.7,1330.4,1346.5
2013-10-25,1347.1,1355.3,1336.7,1350.7
2013-10-28,1351.5,1361.5,1346.3,1352.4
2013-10-29,1352.2,1360.2,1340.8,1344
2013-10-30,1344.1,1359.4,1334.7,1340.7
2013-10-31,1340.9,1341.9,1318.9,1322.8
2013-11-01,1322.9,1327.3,1305.9,1315.9
2013-11-04,1314.2,1321.9,1311.3,1314.2
2013-11-05,1313.6,1318.9,1306.1,1311.6
2013-11-06,1311.9,1321.8,1309,1317.3
2013-11-07,1317.4,1325.3,1297.8,1307.2
2013-11-08,1307.5,1313.3,1280.9,1288
2013-11-11,1287.7,1288.3,1278.6,1281.3
2013-11-12,1281.5,1284.4,1260.7,1265.2
2013-11-13,1265.3,1283.5,1265.1,1281.3
2013-11-14,1281.1,1293.6,1277.9,1286.8
2013-11-15,1287.1,1290.5,1279.7,1289.5
2013-11-18,1288.4,1288.8,1269.6,1275.1
2013-11-19,1275.2,1278.1,1268.6,1274.4
2013-11-20,1274.2,1275.7,1240.3,1241.9
2013-11-21,1242.8,1249.5,1236.3,1241.6
2013-11-22,1242.9,1248.2,1240.5,1243
2013-11-25,1244.6,1253.15,1227.55,1251.05
2013-11-26,1250.25,1256.65,1239.45,1241.65
2013-11-27,1241.45,1254,1236,1237.2
2013-11-28,1238.4,1245.2,1234.8,1244.6
2013-11-29,1243.8,1254.5,1240.6,1250.8
2013-12-02,1249.7,1250,1217.2,1218.6
2013-12-03,1219.9,1225.4,1215.7,1223.5
2013-12-04,1223.2,1250.1,1211.1,1242.6
2013-12-05,1243,1243,1216.7,1224.4
2013-12-06,1225.2,1243.3,1213.6,1228.4
2013-12-09,1230.7,1242.6,1224.8,1239.7
2013-12-10,1239.3,1266.8,1237.4,1261.2
2013-12-11,1261.1,1262.7,1250.7,1251.7
2013-12-12,1252.1,1256.5,1223.6,1224.5
2013-12-13,1224.7,1238.2,1220.2,1238.1
2013-12-16,1237.5,1251.3,1227.3,1240.2
2013-12-17,1239.9,1247.5,1227.3,1230.7
2013-12-18,1231.1,1243.4,1215.7,1218
2013-12-19,1217.1,1226,1186.7,1187.3
2013-12-20,1189.2,1206.6,1188.1,1202.4
2013-12-23,1202.3,1204.8,1192.2,1197.7
2013-12-24,1197.8,1204.9,1195.7,1204
2013-12-26,1205.4,1215.2,1204.4,1210.2
2013-12-27,1211.3,1218.1,1208.6,1212.7
2013-12-30,1213.9,1215.7,1194.9,1196.1
2013-12-31,1197.6,1212.9,1182,1203.6
2014-01-02,1203.1,1230,1202.9,1222.2
2014-01-03,1221.6,1239.6,1221.6,1236.2
2014-01-06,1236.3,1247.7,1217.3,1237
2014-01-07,1237.8,1244.6,1224.3,1231.1
2014-01-08,1230.4,1231.7,1217.8,1225.1
2014-01-09,1225.2,1230.5,1223.2,1226.9
2014-01-10,1227.3,1248.1,1227,1247.8
2014-01-13,1247.2,1254.5,1243.3,1252.4
2014-01-14,1252.6,1254.3,1241.4,1244.9
2014-01-15,1244.5,1244.6,1233.9,1241.3
2014-01-16,1241.6,1244.2,1236,1242.1
2014-01-17,1241.9,1254.6,1237.4,1253.6
2014-01-20,1252.7,1261.3,1252.7,1254.6
2014-01-21,1254.7,1255.5,1235.8,1239.9
2014-01-22,1240.9,1243.4,1235.7,1236.4
2014-01-23,1235.8,1265.3,1231.4,1264.3
2014-01-24,1263.7,1272.5,1257.5,1269.8
2014-01-27,1264.5,1279.2,1252.1,1256.4
2014-01-28,1255,1260.7,1249.3,1255.6
2014-01-29,1254.7,1270,1249.6,1267.8
2014-01-30,1266.6,1267.7,1238.3,1243.2
2014-01-31,1244.2,1254.6,1238.5,1244.2
2014-02-03,1242.7,1265.5,1240.6,1256.9
2014-02-04,1257.4,1260.8,1247.5,1254.2
2014-02-05,1254.4,1273.8,1252.5,1257.4
2014-02-06,1257.5,1266.5,1253.2,1257.4
2014-02-07,1257.6,1271.3,1256,1267
2014-02-10,1265.9,1277.1,1265,1274.5
2014-02-11,1274.3,1293.7,1273.7,1290.7
2014-02-12,1290,1296.2,1284.1,1291.7
2014-02-13,1290.8,1303,1286.3,1302.7
2014-02-14,1302,1321.1,1300.1,1318.7
2014-02-17,1319.3,1329.9,1319.3,1328.8
2014-02-18,1330.7,1332.2,1312.9,1322.2
2014-02-19,1322.3,1323,1309,1310.9
2014-02-20,1311.7,1325.1,1307.7,1322.9
2014-02-21,1322.8,1328.3,1316.3,1324.2
2014-02-24,1325.9,1339,1319.2,1336.7
2014-02-25,1336.2,1343.8,1331.7,1341.7
2014-02-26,1340.9,1345.3,1322.8,1329.8
2014-02-27,1330.2,1336.1,1324.3,1331.7
2014-02-28,1331.6,1333.6,1320.1,1326.4
2014-03-03,1333.1,1355,1331.4,1350.4
2014-03-04,1349.9,1352.7,1331.5,1334.4
2014-03-05,1334.6,1341.9,1333,1336.9
2014-03-06,1337.1,1353.6,1331.4,1350.6
2014-03-07,1350.4,1352.6,1329,1340.2
2014-03-10,1339.1,1344.8,1328.5,1340.3
2014-03-11,1340.4,1352.5,1338.1,1349
2014-03-12,1348.9,1371.2,1345.7,1366.8
2014-03-13,1366.7,1375.1,1365,1371.6
2014-03-14,1371.8,1388.4,1368.3,1383.2
2014-03-17,1388.8,1389.3,1362.5,1366.4
2014-03-18,1366.5,1367.9,1351.3,1357.2
2014-03-19,1357.3,1360.1,1326.3,1327.7
2014-03-20,1327.9,1335,1321.1,1330.8
2014-03-21,1331.1,1343,1329.8,1335.3
2014-03-24,1331.5,1334.9,1308.6,1309.8
2014-03-25,1309.9,1317.9,1306.6,1311.2
2014-03-26,1310.9,1316.8,1299.5,1305.7
2014-03-27,1305.4,1307.4,1289.7,1292.7
2014-03-28,1292.6,1299.4,1286.4,1295.7
2014-03-31,1294,1299,1283,1284.4
2014-04-01,1285.4,1288.3,1278.1,1279.1
2014-04-02,1279.6,1294.7,1278.9,1290
2014-04-03,1290.8,1294.2,1282.2,1286.7
2014-04-04,1287.2,1307,1284.6,1303.7
2014-04-07,1302.9,1304.4,1295.9,1296.9
2014-04-08,1297.3,1314.7,1297.2,1308.2
2014-04-09,1308.6,1315.4,1301.3,1312.4
2014-04-10,1312.6,1324.8,1311.1,1318.3
2014-04-11,1318,1324.2,1314.5,1318.6
2014-04-14,1320.6,1331.3,1319.3,1326.9
2014-04-15,1326.7,1328.4,1290.1,1302.5
2014-04-16,1302.9,1307,1293.8,1302.4
2014-04-17,1302.2,1304.3,1293.4,1294.9
2014-04-21,1295,1301.2,1282.2,1290.4
2014-04-22,1290.2,1292.5,1277.7,1283.5
2014-04-23,1283.8,1288.7,1281,1283.9
2014-04-24,1284,1298.1,1268.7,1293.7
2014-04-25,1294,1305.1,1290.5,1303.2
2014-04-28,1302.9,1306.5,1292.2,1296.3
2014-04-29,1296,1301.2,1286.6,1295.8
2014-04-30,1296,1297.7,1285.1,1291.3
2014-05-01,1291.7,1293.1,1277.4,1284.7
2014-05-02,1284.9,1304.4,1275.2,1299.7
2014-05-05,1300.7,1315.6,1299.8,1309.6
2014-05-06,1310,1314.2,1304.9,1307.8
2014-05-07,1308.2,1314.7,1287,1289.8
2014-05-08,1289.7,1294.7,1285.7,1289.8
2014-05-09,1289.6,1294.4,1285.6,1288.8
2014-05-12,1289.3,1303.6,1279.4,1295.6
2014-05-13,1295.3,1298.8,1289.3,1294.3
2014-05-14,1294.2,1309,1291.7,1305.6
2014-05-15,1305.3,1307.3,1291.3,1296.5
2014-05-16,1296.8,1298.4,1287.9,1293.5
2014-05-19,1293,1305.6,1289.8,1292.8
2014-05-20,1292.7,1296.8,1286.1,1294.4
2014-05-21,1294.1,1296.3,1283.5,1292
2014-05-22,1292.2,1303.6,1290.2,1293.9
2014-05-23,1293.7,1295.7,1287.5,1292.6
2014-05-26,1291.9,1294.3,1291.1,1292.9
2014-05-27,1292.8,1293.5,1263.6,1263.7
2014-05-28,1264.8,1267.4,1256.2,1258.9
2014-05-29,1258.8,1260.4,1251.6,1255.5
2014-05-30,1255.9,1260.6,1242.5,1249.7
2014-06-02,1249.8,1250.9,1241.2,1243.5
2014-06-03,1244,1247.8,1241.5,1244.9
2014-06-04,1245.3,1249,1243,1243.7
2014-06-05,1243.9,1257.7,1241.3,1253.4
2014-06-06,1253.6,1257.5,1246.1,1253.3
2014-06-09,1252.8,1257.2,1251.7,1252.2
2014-06-10,1252.3,1263.3,1250.4,1260.1
2014-06-11,1259.9,1265.3,1258,1260.9
2014-06-12,1261.1,1274.9,1260.1,1273.4
2014-06-13,1273.2,1278.1,1271,1277.1
2014-06-16,1277.4,1284.9,1270.8,1271.8
2014-06-17,1271.7,1273.5,1259.5,1271.8
2014-06-18,1271.9,1278.9,1266.6,1277.8
2014-06-19,1278.1,1322,1276.3,1320.7
2014-06-20,1320.2,1322.4,1307.2,1315.4
2014-06-23,1314.4,1319.1,1310.7,1318.5
2014-06-24,1318.4,1326.6,1314.6,1319.2
2014-06-25,1318.9,1325.4,1311.4,1319.4
2014-06-26,1318.6,1320.6,1307,1317.8
2014-06-27,1317.7,1323,1313.6,1316.9
2014-06-30,1317.2,1330.2,1311.2,1327.9
2014-07-01,1327,1333.1,1324.7,1327.2
2014-07-02,1327.1,1332.4,1322.8,1327.9
2014-07-03,1328.1,1328.4,1311.1,1320.5
2014-07-04,1320.7,1324,1319.6,1321.3
2014-07-07,1321.5,1321.7,1312.6,1320.9
2014-07-08,1320.8,1325.7,1314.4,1320.5
2014-07-09,1320,1332.7,1318.9,1327.7
2014-07-10,1325.4,1345.7,1325.4,1336.2
2014-07-11,1336.5,1340.3,1334.9,1339.6
2014-07-14,1340,1340.7,1304.1,1307.9
2014-07-15,1308.7,1314.4,1293.2,1294.7
2014-07-16,1294.5,1304.2,1294.5,1300.2
2014-07-17,1299.4,1324.3,1298.2,1318.8
2014-07-18,1319.4,1325.3,1305.5,1311.4
2014-07-21,1310.9,1318.9,1308,1312.6
2014-07-22,1312.4,1315.8,1302.8,1308.1
2014-07-23,1308.2,1311.6,1303.7,1304.9
2014-07-24,1304.6,1305.6,1288.2,1294
2014-07-25,1294.4,1308.6,1291.3,1307.2
2014-07-28,1309.7,1311.5,1303.6,1306.5
2014-07-29,1306,1314.3,1298.3,1300.7
2014-07-30,1300.8,1304.9,1293.7,1297.3
2014-07-31,1297.1,1298.6,1282.3,1283.3
2014-08-01,1284.3,1298,1281.5,1294.8
2014-08-04,1294.7,1296.4,1287.1,1289.1
2014-08-05,1289,1294.8,1283.6,1289.5
2014-08-06,1289,1310.6,1288.6,1306.9
2014-08-07,1307,1315.5,1303.4,1314.4
2014-08-08,1314.7,1324.1,1307.6,1310.8
2014-08-11,1310.1,1312.8,1306.5,1309.4
2014-08-12,1309.2,1318.8,1306.9,1310
2014-08-13,1309.8,1316.2,1306.1,1313.9
2014-08-14,1313.5,1320.6,1310.2,1313.9
2014-08-15,1313.5,1316.4,1293.9,1305.8
2014-08-18,1303.8,1304.5,1296.8,1298.2
2014-08-19,1299,1303.2,1295.1,1296.2
2014-08-20,1297,1298.8,1289,1292.6
2014-08-21,1291.7,1292,1274.2,1277.3
2014-08-22,1277.9,1283.7,1275.2,1281.7
2014-08-25,1280.2,1281.6,1275.2,1277.2
2014-08-26,1276.4,1291.7,1276.4,1281.5
2014-08-27,1281.8,1288.2,1281.1,1283.6
2014-08-28,1283.4,1297.4,1283.2,1290
2014-08-29,1290.2,1292.2,1284.5,1288.2
2014-09-01,1288.7,1290.9,1285.9,1287.9
2014-09-02,1288.2,1288.6,1263.2,1266.6
2014-09-03,1266.7,1271.9,1262.1,1270.1
2014-09-04,1269.9,1277.2,1261.4,1261.8
2014-09-05,1262.1,1274.3,1258.2,1269.4
2014-09-08,1269.2,1272.5,1252.2,1256.4
2014-09-09,1257.1,1258.9,1248.3,1256.7
2014-09-10,1255.8,1258.4,1244.6,1249.9
2014-09-11,1250,1250.8,1235.9,1241.1
2014-09-12,1241,1242.2,1228.3,1230.3
2014-09-15,1228.2,1238.8,1226.4,1233.3
2014-09-16,1232.9,1242.6,1232.6,1235.5
2014-09-17,1234.6,1239.9,1222.3,1224.2
2014-09-18,1223.2,1228.5,1216.6,1225.8
2014-09-19,1225.9,1229.1,1214.5,1216.2
2014-09-22,1216.3,1221,1208.9,1215.4
2014-09-23,1215.3,1235.6,1214.8,1223.4
2014-09-24,1223.3,1226.7,1216.5,1217.4
2014-09-25,1217.6,1225,1207.5,1222.6
2014-09-26,1221.7,1231.7,1213,1218.8
2014-09-29,1219.3,1223.8,1215.4,1215.5
2014-09-30,1215.6,1220.5,1205,1209.3
2014-10-01,1208.6,1219.9,1205.4,1213.4
2014-10-02,1213.5,1222.8,1209.4,1214.9
2014-10-03,1214.3,1215.8,1190.4,1191.6
2014-10-06,1191.4,1209.3,1183.5,1207.3
2014-10-07,1207.7,1213.3,1203.3,1208.9
2014-10-08,1209,1223.8,1205.4,1222
2014-10-09,1221.7,1233.7,1219.4,1224.2
2014-10-10,1223.8,1225.6,1217.8,1223.3
2014-10-13,1224,1237.7,1223.9,1237.1
2014-10-14,1236.9,1238.5,1231.3,1232.6
2014-10-15,1232.9,1250,1222.2,1241.4
2014-10-16,1241.1,1245.5,1236.1,1239.4
2014-10-17,1239.3,1242,1232.5,1238.6
2014-10-20,1238.9,1248.8,1235,1247.1
2014-10-21,1246.7,1255.6,1245.8,1249.7
2014-10-22,1249.3,1250.2,1240.9,1241.3
2014-10-23,1242.1,1244.9,1226.5,1232.3
2014-10-24,1233.9,1234.4,1229.2,1230.9
2014-10-27,1228.4,1232,1225.2,1225.8
2014-10-28,1225.7,1235.2,1222.4,1228.2
2014-10-29,1228.1,1230.3,1208.3,1211.3
2014-10-30,1211.5,1215.4,1195.7,1199.8
2014-10-31,1199.7,1202.4,1161,1172.2
2014-11-03,1169.4,1173.3,1161.6,1165.6
2014-11-04,1164.5,1173.8,1163.5,1168
2014-11-05,1167.8,1169.3,1137.3,1139.9
2014-11-06,1141,1148.8,1137.7,1141.2
2014-11-07,1140.7,1178.1,1131.5,1177.4
2014-11-10,1175.3,1176.4,1146.8,1151.8
2014-11-11,1151.9,1172.4,1145.6,1163.1
2014-11-12,1164.3,1169.3,1156.7,1161.7
2014-11-13,1161.1,1167.3,1153.4,1161.7
2014-11-14,1162.1,1192.8,1146.1,1188
2014-11-17,1185.6,1193.5,1181.1,1186.6
2014-11-18,1185.5,1204,1182.9,1196.8
2014-11-19,1195.6,1201.7,1175.4,1182.4
2014-11-20,1183.4,1196.6,1176.4,1194.1
2014-11-21,1193.7,1207,1186.3,1200.9
2014-11-24,1198.4,1204.3,1192.9,1198.7
2014-11-25,1199,1203,1190.8,1201
2014-11-26,1201.2,1201.5,1194.7,1198
2014-11-27,1197,1199.3,1185.6,1190.2
2014-11-28,1190,1190.1,1164.2,1165.8
2014-12-01,1154.9,1220.5,1142,1211.5
2014-12-02,1212.3,1212.4,1191.9,1197.6
2014-12-03,1197,1214.7,1194.2,1209.4
2014-12-04,1208.1,1213.2,1201.5,1205.9
2014-12-05,1206.1,1207.5,1187,1192.5
2014-12-08,1192.3,1208.8,1187.4,1203.7
2014-12-09,1203.8,1238.9,1199.6,1231.9
2014-12-10,1231.6,1238.9,1225.4,1225.6
2014-12-11,1226.2,1233.4,1216.8,1227.8
2014-12-12,1228.4,1228.8,1215.8,1223.3
2014-12-15,1223.5,1224.8,1191.4,1193.9
2014-12-16,1195.1,1223.8,1188,1195.4
2014-12-17,1195.7,1203,1184.3,1189.2
2014-12-18,1189.3,1213.8,1188.6,1198.4
2014-12-19,1198.2,1201.4,1193.9,1195.8
2014-12-22,1195.7,1203.4,1170.8,1176.9
2014-12-23,1175.9,1184.8,1172.6,1177.3
2014-12-24,1176.6,1181.1,1172.8,1175
2014-12-26,1176.9,1199.1,1176.3,1196
2014-12-29,1194.3,1197.4,1178.8,1183
2014-12-30,1182.3,1208.7,1180.8,1200.2
2014-12-31,1199.8,1203.8,1179.6,1184.1
2015-01-02,1185.4,1194.6,1167.8,1188.5
2015-01-05,1187.5,1207.4,1178.4,1204.8
2015-01-06,1203.1,1222.8,1201.7,1219.1
2015-01-07,1218.8,1218.8,1209.2,1211.2
2015-01-08,1211.3,1216.4,1204.9,1208.9
2015-01-09,1208.6,1223.7,1207.5,1223.3
2015-01-12,1223.9,1236,1217.9,1233.3
2015-01-13,1233.4,1244.3,1227.5,1231.1
2015-01-14,1231.4,1244.2,1225.4,1229
2015-01-15,1229.3,1266.5,1226.2,1262.9
2015-01-16,1262.8,1282.2,1255.6,1280.7
2015-01-19,1280.9,1281.9,1272.7,1277.1
2015-01-20,1276.5,1297.1,1274.4,1294.4
2015-01-21,1294.7,1305.1,1284.9,1293.1
2015-01-22,1292.4,1307.3,1279.7,1302.3
2015-01-23,1301.3,1302,1284.6,1294.3
2015-01-26,1296.1,1300.2,1276.9,1282.2
2015-01-27,1282.1,1298.5,1273.3,1293.4
2015-01-28,1293.3,1294.5,1281.4,1284.2
2015-01-29,1284.4,1286.5,1252.6,1258.6
2015-01-30,1259.1,1285.3,1257.6,1284.2
2015-02-02,1282.7,1283.9,1267,1274.6
2015-02-03,1275.7,1285.6,1256.1,1260.8
2015-02-04,1261.6,1272.7,1257.2,1269.4
2015-02-05,1270,1274.4,1256.9,1264.9
2015-02-06,1265.5,1269,1228.7,1234
2015-02-09,1236.1,1243.6,1234.5,1238.8
2015-02-10,1238.2,1245.8,1231,1233.6
2015-02-11,1234.1,1238.7,1216.6,1217.9
2015-02-12,1218.6,1232.3,1218.1,1221.8
2015-02-13,1223.1,1234.7,1222.7,1229.5
2015-02-16,1228.4,1236.4,1227.8,1230.7
2015-02-17,1230.8,1233.7,1203.4,1209.2
2015-02-18,1208.9,1213.2,1197.3,1212.9
2015-02-19,1212.6,1222.8,1205.3,1206.8
2015-02-20,1207.6,1215,1198.2,1201.9
2015-02-23,1202.7,1209.9,1191.1,1201.4
2015-02-24,1202.1,1204.4,1190.5,1200.7
2015-02-25,1201.1,1211.7,1201,1203.9
2015-02-26,1204.4,1219.8,1203.4,1209.2
2015-02-27,1208.9,1219.2,1204.2,1212.9
2015-03-02,1213.8,1223,1204.4,1206.2
2015-03-03,1205.9,1214.4,1194.9,1203.5
2015-03-04,1203.7,1208.5,1197.8,1200.2
2015-03-05,1200.1,1208.9,1196,1197.4
2015-03-06,1197.7,1200,1163,1166.3
2015-03-09,1168.5,1174.4,1165,1166.5
2015-03-10,1166.6,1169.5,1154.3,1161.6
2015-03-11,1161.8,1164.2,1146.6,1154
2015-03-12,1154.1,1165.5,1147.8,1152.9
2015-03-13,1152.8,1160.8,1150.6,1157.6
2015-03-16,1155.2,1163.2,1149.6,1153.9
2015-03-17,1153.8,1158.4,1142.2,1148.6
2015-03-18,1148.5,1173.7,1144.9,1167.3
2015-03-19,1166.7,1177,1159,1170.5
2015-03-20,1170.4,1187.2,1168,1181.9
2015-03-23,1185.3,1191,1178.7,1189.2
2015-03-24,1189.3,1194.5,1184.9,1192.1
2015-03-25,1192,1199.3,1186.3,1194.3
2015-03-26,1194.6,1218.9,1193.9,1203.9
2015-03-27,1203.8,1205.4,1192,1197.7
2015-03-30,1198.7,1199.5,1182.4,1185.6
2015-03-31,1184.8,1190.6,1178.6,1183.1
2015-04-01,1183.3,1208.5,1180.6,1204
2015-04-02,1203.9,1207.2,1195,1202.6
2015-04-06,1214.3,1224.3,1214.1,1214.6
2015-04-07,1215,1215.9,1207.7,1208.3
2015-04-08,1208.7,1212.1,1197.5,1202.6
2015-04-09,1202.7,1203.3,1192.7,1194.2
2015-04-10,1194.2,1210.4,1193,1207.4
2015-04-13,1206.7,1209.3,1196.2,1198.6
2015-04-14,1199,1201.3,1183.7,1192.1
2015-04-15,1192.8,1204.3,1188.6,1201.6
2015-04-16,1202.3,1208.8,1194.6,1198
2015-04-17,1198.7,1207.4,1197.1,1203.8
2015-04-20,1204.4,1208.6,1190.9,1195.8
2015-04-21,1196.3,1203.6,1192.7,1202
2015-04-22,1202,1204.3,1185.6,1186.7
2015-04-23,1187,1197.4,1183.7,1193.1
2015-04-24,1193.2,1195.3,1174.4,1178.5
2015-04-27,1178.7,1206.5,1177.8,1201.2
2015-04-28,1201.7,1214.6,1198.7,1211.4
2015-04-29,1211.6,1212.9,1201.1,1204.1
2015-04-30,1204.6,1206.5,1176.1,1183.4
2015-05-01,1183.6,1184.3,1169.1,1177.4
2015-05-04,1177.8,1192.1,1176.9,1187.4
2015-05-05,1187.7,1199,1185.1,1192.5
2015-05-06,1192.3,1196.8,1187.5,1190.8
2015-05-07,1191.1,1192,1178,1183.7
2015-05-08,1183.6,1192.4,1181,1187.6
2015-05-11,1188.2,1190.9,1178.3,1183
2015-05-12,1182.8,1195.9,1180,1192.6
2015-05-13,1192.6,1218.4,1190.6,1214.7
2015-05-14,1215.1,1226.8,1212,1220.9
2015-05-15,1220.9,1225.8,1210.8,1223.6
2015-05-18,1223,1231.9,1221.3,1225.3
2015-05-19,1225.2,1225.3,1205.5,1207.6
2015-05-20,1207.7,1213.1,1202.9,1209.3
2015-05-21,1209.4,1212.3,1201.2,1206.2
2015-05-22,1206,1214.4,1201.2,1205.7
2015-05-25,1205.4,1209,1203.3,1207.4
2015-05-26,1207.3,1207.9,1185.9,1188
2015-05-27,1187,1191,1184.1,1188.2
2015-05-28,1188,1192.4,1181.2,1188.6
2015-05-29,1188.5,1194,1186,1190.7
2015-06-01,1191.1,1204.6,1184.8,1189.5
2015-06-02,1189.5,1196.2,1186.1,1193.3
2015-06-03,1193.6,1195.6,1179.9,1185.4
2015-06-04,1185.7,1186.2,1172.6,1176.4
2015-06-05,1176.4,1178,1162.3,1171.3
2015-06-08,1169.7,1176.7,1168.6,1173.2
2015-06-09,1173.5,1182.3,1171.9,1175.8
2015-06-10,1176.1,1191.8,1174.7,1185.2
2015-06-11,1185.8,1187.4,1175.1,1181.4
2015-06-12,1181.1,1183.5,1176.2,1180.9
2015-06-15,1180.4,1189.7,1172.2,1185.7
2015-06-16,1185.3,1187.3,1175.5,1181.1
2015-06-17,1181.2,1188.6,1174,1184.5
2015-06-18,1183.7,1205.4,1183.2,1201.5
2015-06-19,1201.3,1203.9,1198.1,1199.9
2015-06-22,1199.8,1200.8,1181.9,1185.5
2015-06-23,1185.2,1187.7,1175.7,1177.6
2015-06-24,1177.5,1179.4,1170.6,1174.4
2015-06-25,1174.4,1177.3,1171.1,1172.4
2015-06-26,1172.6,1177.9,1168.2,1174.8
2015-06-29,1184.3,1187.3,1173.3,1179.7
2015-06-30,1179.4,1180,1166.3,1172.2
2015-07-01,1172.6,1174.4,1166.9,1167.8
2015-07-02,1168.1,1168.4,1156.3,1165.3
2015-07-03,1165.6,1169,1163.8,1167.8
2015-07-06,1172.3,1174.1,1162,1169.4
2015-07-07,1169.3,1169.8,1146.9,1154.3
2015-07-08,1153.9,1163.8,1146.2,1157.3
2015-07-09,1158.1,1166.8,1155.2,1158.8
2015-07-10,1158.8,1164.2,1156.8,1162.6
2015-07-13,1161.4,1163.3,1150.1,1156.9
2015-07-14,1156.8,1158.5,1151.9,1154.4
2015-07-15,1154.3,1155.8,1142.2,1148.2
2015-07-16,1147.2,1148.2,1141.3,1143.7
2015-07-17,1144.1,1144.4,1129.8,1133.1
2015-07-20,1131.9,1132.1,1087.4,1096.6
2015-07-21,1097.4,1108.4,1096,1100.1
2015-07-22,1099.7,1102.3,1085.9,1093
2015-07-23,1093.8,1104.5,1086.2,1089.4
2015-07-24,1089.5,1100.9,1076.4,1098.4
2015-07-27,1099.3,1104.9,1088.4,1093.9
2015-07-28,1094.8,1098.3,1091.2,1095.1
2015-07-29,1095,1101.4,1090.1,1096.2
2015-07-30,1095.5,1098.2,1081.9,1087.8
2015-07-31,1088.3,1102.6,1079.3,1094.9
2015-08-03,1095.3,1097.1,1085.2,1085.7
2015-08-04,1084.6,1093.9,1080.3,1087.2
2015-08-05,1087.1,1091.2,1082.1,1084.1
2015-08-06,1083.9,1093.2,1082.8,1088.9
2015-08-07,1089,1098.9,1082.1,1093.3
2015-08-10,1093.4,1108.3,1089.1,1103.8
2015-08-11,1103.7,1118.9,1093.5,1108.2
2015-08-12,1108.1,1124.9,1101.3,1124.9
2015-08-13,1124.8,1126.1,1113.1,1114.3
2015-08-14,1114.5,1120.4,1111.2,1114.2
2015-08-17,1113.9,1122.1,1113.1,1116.8
2015-08-18,1117,1120.4,1108.9,1117.1
2015-08-19,1117.2,1134.1,1115.6,1133.6
2015-08-20,1132.8,1153.6,1132.2,1152.5
2015-08-21,1153.4,1167.6,1148.6,1160.5
2015-08-24,1161.6,1169.5,1145.9,1154.3
2015-08-25,1155.2,1156.2,1134.3,1140.1
2015-08-26,1140.8,1146.1,1117,1124.6
2015-08-27,1124.7,1128.4,1117.5,1124.8
2015-08-28,1125,1140.2,1123.2,1132.9
2015-08-31,1133.2,1136.1,1125.2,1133.9
2015-09-01,1134.7,1147.3,1133.8,1139.3
2015-09-02,1139.2,1141.9,1131.6,1133.2
2015-09-03,1133.4,1133.8,1121.3,1124.5
2015-09-04,1124.4,1132.2,1116.5,1120.9
2015-09-07,1122.9,1124,1116.4,1118.1
2015-09-08,1119.2,1125.9,1117.8,1120.9
2015-09-09,1121.2,1124.7,1100.2,1105.4
2015-09-10,1105.6,1113.6,1102.8,1110.2
2015-09-11,1110.3,1111.9,1097.8,1106.8
2015-09-14,1106.9,1109.6,1102.6,1107.6
2015-09-15,1107.4,1108.5,1101.5,1104.4
2015-09-16,1104.5,1123.7,1103.1,1118.4
2015-09-17,1118.5,1133.4,1114.7,1130.2
2015-09-18,1130.1,1141.2,1126.9,1138.3
2015-09-21,1139.1,1139.4,1129.3,1132.7
2015-09-22,1132.6,1135.7,1120.7,1123.9
2015-09-23,1123.1,1133.4,1121.1,1129.6
2015-09-24,1129.9,1156.3,1129.6,1153.4
2015-09-25,1150.3,1150.7,1140.3,1145.8
2015-09-28,1144.8,1147.7,1127.5,1131.4
2015-09-29,1131.6,1134.3,1123.9,1126.8
2015-09-30,1126.9,1127.5,1111.3,1114.3
2015-10-01,1114.4,1118.4,1110.5,1112.8
2015-10-02,1112.9,1140.9,1103.8,1137.9
2015-10-05,1137.4,1141.4,1129.7,1135.2
2015-10-06,1135,1150.8,1134.6,1146.8
2015-10-07,1146.2,1153.2,1141.4,1144.9
2015-10-08,1145.6,1150.8,1136,1138.4
2015-10-09,1138.6,1159.2,1138.1,1155.4
2015-10-12,1155.1,1168.6,1154.5,1163.4
2015-10-13,1163.2,1168.5,1151.6,1168.5
2015-10-14,1168.4,1189.8,1163.4,1183.9
2015-10-15,1184.5,1191,1174.7,1183
2015-10-16,1182.5,1184.3,1174.3,1176.8
2015-10-19,1175.9,1178,1168.4,1170.4
2015-10-20,1171.1,1180.7,1167.3,1175.9
2015-10-21,1175.7,1179.2,1163.6,1166.9
2015-10-22,1166.7,1171.7,1162.8,1165.9
2015-10-23,1165.6,1179.4,1158.9,1164.1
2015-10-26,1162.8,1169.6,1162.1,1163.6
2015-10-27,1163.7,1168.6,1160.9,1167.2
2015-10-28,1167.2,1183.1,1152.3,1157.2
2015-10-29,1157,1162.5,1144.4,1146.1
2015-10-30,1146.3,1149.8,1138.9,1141.8
2015-11-02,1141.7,1142.6,1132.3,1133.3
2015-11-03,1133,1137.8,1113.9,1117.1
2015-11-04,1117.4,1122.2,1105.8,1107
2015-11-05,1107.2,1110.8,1102.2,1103.1
2015-11-06,1103.7,1109.7,1084.6,1088.9
2015-11-09,1089.1,1094.6,1087.6,1091.3
2015-11-10,1091,1093.7,1084.5,1088.7
2015-11-11,1089.1,1092.7,1083.4,1085.5
2015-11-12,1085.2,1088.8,1073.4,1084.5
2015-11-13,1084.4,1087.7,1079.1,1083.1
2015-11-16,1089.2,1097.3,1080.5,1081.8
2015-11-17,1082.7,1083.9,1064.5,1069.2
2015-11-18,1070.1,1074.3,1064.5,1069.7
2015-11-19,1069.7,1086.3,1068.7,1081.3
2015-11-20,1080.9,1087,1075,1077
2015-11-23,1075.8,1076.2,1065.7,1068.3
2015-11-24,1068.2,1080.5,1068.2,1075.1
2015-11-25,1075.2,1080.4,1067.4,1070.5
2015-11-26,1070.7,1074.2,1069.2,1070.9
2015-11-27,1070.8,1072.6,1051.2,1055.9
2015-11-30,1057.4,1069.1,1052.2,1063.9
2015-12-01,1064.4,1074,1062.6,1068.4
2015-12-02,1068.3,1070.7,1049.8,1052.6
2015-12-03,1053.2,1064.5,1045.4,1061.2
2015-12-04,1062.5,1088.2,1057.3,1085.7
2015-12-07,1085.3,1086,1066.1,1070.5
2015-12-08,1069.8,1078.1,1066.9,1074.2
2015-12-09,1074.5,1084.8,1069.1,1072.1
2015-12-10,1071.5,1075.8,1069.2,1070.9
2015-12-11,1071,1079.2,1061.9,1074
2015-12-14,1073.2,1076.9,1058.2,1059.4
2015-12-15,1060.2,1067.9,1058.5,1060.4
2015-12-16,1060.7,1077.7,1060.2,1071.7
2015-12-17,1072.3,1072.4,1046.9,1050.3
2015-12-18,1051.4,1069.7,1050.1,1065.3
2015-12-21,1065.1,1081.1,1063.1,1077.7
2015-12-22,1077.9,1080.2,1071.4,1071.8
2015-12-23,1072.5,1074.9,1067.8,1069.7
2015-12-24,1069.6,1076.6,1069.5,1075.6
2015-12-28,1075.3,1076.5,1065.8,1068.3
2015-12-29,1068.2,1074.6,1066.8,1068.4
2015-12-30,1068.5,1071.4,1058.6,1060.6
2015-12-31,1060.5,1062.7,1057.7,1060.4
2016-01-04,1062,1082.9,1061,1074
2016-01-05,1073.2,1081.4,1072.2,1076.9
2016-01-06,1076.9,1094.9,1074.7,1093.2
2016-01-07,1093.6,1109.8,1091.1,1108.7
2016-01-08,1108.8,1112,1093.6,1103.9
2016-01-11,1103.5,1108.1,1093.4,1093.8
2016-01-12,1095.1,1098.6,1083.5,1086.9
2016-01-13,1087.2,1095.3,1079.6,1093.4
2016-01-14,1093.5,1095.3,1071.2,1078.2
2016-01-15,1078.8,1097.2,1076.1,1088.6
2016-01-18,1089.5,1093.1,1087.4,1088.9
2016-01-19,1089,1094.1,1082.5,1087.2
2016-01-20,1087.6,1109.5,1087.5,1101
2016-01-21,1101,1104.8,1092.7,1101.4
2016-01-22,1101.8,1102.9,1094.7,1098.1
2016-01-25,1098.2,1109.2,1097.6,1108.1
2016-01-26,1108.4,1123.2,1107.3,1119.9
2016-01-27,1120.2,1128,1115,1124.7
2016-01-28,1125,1125.6,1111.5,1114.3
2016-01-29,1114.6,1118.6,1108.8,1117.6
2016-02-01,1116.1,1130.2,1116,1128.6
2016-02-02,1128.7,1130.9,1122.9,1129.4
2016-02-03,1129.3,1146.1,1124.9,1143.1
2016-02-04,1142.4,1157.9,1140.2,1156
2016-02-05,1155.9,1174.9,1145.6,1174.3
2016-02-08,1171.6,1199.4,1164.7,1189.5
2016-02-09,1191,1199.2,1186.1,1189.4
2016-02-10,1190.6,1198.1,1181.9,1197.5
2016-02-11,1197.1,1262.3,1196.4,1247.1
2016-02-12,1247.4,1248.7,1233,1238.4
2016-02-15,1234.7,1235.1,1202.8,1209.6
2016-02-16,1209.7,1217.5,1191.6,1200.9
2016-02-17,1201.9,1214.2,1196.3,1208.9
2016-02-18,1209.7,1240.4,1201.5,1231.4
2016-02-19,1230.8,1235.1,1220.7,1226.6
2016-02-22,1226.7,1226.7,1202.7,1209
2016-02-23,1209.6,1228.6,1207.7,1226.1
2016-02-24,1225.8,1254.1,1222.8,1229.4
2016-02-25,1228.9,1243.5,1221.9,1233.8
2016-02-26,1233,1240.9,1212.3,1223.3
2016-02-29,1220.9,1241.8,1216.4,1239.3
2016-03-01,1239,1249.3,1228,1232.7
2016-03-02,1231.8,1244.7,1225.4,1240.6
2016-03-03,1240.3,1268.8,1238.2,1265
2016-03-04,1264.3,1280.5,1251.6,1259.9
2016-03-07,1261.2,1274.1,1257.8,1268
2016-03-08,1267.2,1278.9,1261.1,1262.1
2016-03-09,1262.2,1265.6,1243.9,1253.9
2016-03-10,1253.4,1274.3,1238.1,1273.1
2016-03-11,1271.1,1283.6,1249.1,1251.4
2016-03-14,1251.6,1261.8,1230.1,1236
2016-03-15,1236.2,1238.3,1227.2,1233.1
2016-03-16,1233.2,1264.7,1227.5,1260.8
2016-03-17,1260.7,1271.8,1255.3,1259.8
2016-03-18,1259.7,1267.6,1248.6,1256
2016-03-21,1256.4,1256.4,1241.4,1244.1
2016-03-22,1244.1,1260.2,1242.9,1248
2016-03-23,1248.4,1249.8,1215.5,1222.7
2016-03-24,1223.3,1223.8,1212.9,1216.7
2016-03-28,1217.3,1224.6,1210.1,1221.5
2016-03-29,1223.1,1245,1217,1244.2
2016-03-30,1243.2,1245.6,1225.7,1227.4
2016-03-31,1228,1241.8,1225.7,1233.6
2016-04-01,1233.9,1236.8,1210.5,1224.3
2016-04-04,1221.9,1224,1216,1217.5
2016-04-05,1216.6,1238.3,1216.3,1231.7
2016-04-06,1233.3,1233.7,1218.8,1225.1
2016-04-07,1224.6,1245,1224.2,1242.4
2016-04-08,1241.5,1244.5,1231.5,1242
2016-04-11,1242,1260.5,1242,1258
2016-04-12,1261,1264.4,1253.4,1256.9
2016-04-13,1257.5,1258.6,1241.7,1244.4
2016-04-14,1243.7,1245.8,1225.5,1227.7
2016-04-15,1229.1,1237.5,1227,1235.7
2016-04-18,1238.3,1243.2,1231.8,1234
2016-04-19,1233.8,1258.5,1229.1,1252.4
2016-04-20,1251.3,1259.8,1244.1,1246.7
2016-04-21,1245.2,1272.1,1244.9,1250.6
2016-04-22,1248.9,1254,1228.8,1235.1
2016-04-25,1233.75,1243.75,1231.6,1239.35
2016-04-26,1239.6,1246.35,1233,1244.8
2016-04-27,1245.7,1254,1241.5,1247.4
2016-04-28,1247.2,1271.55,1240,1268.45
2016-04-29,1267,1298.75,1267,1295.2
2016-05-02,1295,1305.85,1289.5,1293.35
2016-05-03,1293.45,1303.85,1284,1288.15
2016-05-04,1287,1291.4,1273.75,1281
2016-05-05,1281.5,1288.1,1271,1279.55
2016-05-06,1279,1297.5,1276.35,1290.55
2016-05-09,1287,1289.45,1262.5,1265
2016-05-10,1265.5,1270.85,1258.5,1267.45
2016-05-11,1267.5,1280.5,1266,1278.8
2016-05-12,1279,1282.25,1264.35,1264.75
2016-05-13,1264.5,1277.65,1264,1274.6
2016-05-16,1273.65,1290.05,1272.5,1275
2016-05-17,1275.2,1283.45,1270.5,1280.35
2016-05-18,1280.5,1282.9,1256,1259
2016-05-19,1259.6,1262.15,1244.7,1255.4
2016-05-20,1256,1260.75,1249.5,1252.7
2016-05-23,1251.5,1256.55,1243.5,1249.35
2016-05-24,1249.2,1252.6,1226,1227.2
2016-05-25,1227,1230.2,1217.5,1224.5
2016-05-26,1223,1233.5,1218.5,1219.7
2016-05-27,1220,1223.1,1206,1212.45
2016-05-30,1215.3,1215.9,1202,1207.5
2016-05-31,1208,1220.55,1207.5,1217.65
2016-06-01,1218,1222.85,1208,1215
2016-06-02,1215.5,1219.85,1212,1213
2016-06-03,1213.2,1247.25,1209,1246.85
2016-06-06,1245.4,1251.25,1242.5,1247.65
2016-06-07,1247.5,1248.95,1237,1246.3
2016-06-08,1247.1,1266.95,1245.5,1265
2016-06-09,1264.5,1274.45,1259.5,1272.15
2016-06-10,1271.9,1280.5,1267,1276.6
2016-06-13,1279,1290,1275,1286.5
2016-06-14,1286,1292.95,1279,1288
2016-06-15,1288.2,1299.65,1281.4,1294.5
2016-06-16,1296,1318.75,1280.25,1281
2016-06-17,1281.5,1302.5,1279.5,1301.75
2016-06-20,1288.5,1295.25,1280.5,1292.5
2016-06-21,1291.5,1296.85,1267,1270.5
2016-06-22,1271.5,1273.35,1264.15,1268.5
2016-06-23,1265.5,1273.6,1257,1257
2016-06-24,1255.5,1362.15,1253,1318.5
2016-06-27,1325.5,1339.3,1321.35,1327.5
2016-06-28,1328,1329.5,1308.5,1314.5
2016-06-29,1314,1330.3,1314,1321.5
2016-06-30,1320.5,1326.4,1315.5,1323.5
2016-07-01,1325.35,1346.95,1323,1344.1
2016-07-04,1343,1360,1339.95,1353
2016-07-05,1350.5,1359.8,1340.6,1358.3
2016-07-06,1358.5,1377.35,1358,1365.7
2016-07-07,1365.05,1372,1352,1361.5
2016-07-08,1360.5,1370,1336.75,1367.55
2016-07-11,1370,1376.35,1352.5,1355.5
2016-07-12,1355.9,1358.7,1331,1333.5
2016-07-13,1334.5,1346,1328.25,1343.2
2016-07-14,1344,1347.85,1320.5,1335
2016-07-15,1336.5,1339.35,1322.5,1337.9
2016-07-18,1332.85,1335.75,1324,1329
2016-07-19,1328.85,1335.05,1326,1332.2
2016-07-20,1332,1336.8,1312.5,1315.5
2016-07-21,1316,1334,1310.5,1331
2016-07-22,1331.1,1333.95,1319,1322
2016-07-25,1331.5,1331.5,1320.4,1323.2
2016-07-26,1323.3,1331.95,1321.65,1327.7
2016-07-27,1327.2,1349.7,1323.25,1347.85
2016-07-28,1347,1352.55,1339.45,1342.15
2016-07-29,1342.7,1361.95,1336.9,1358.05
2016-08-01,1357,1361.65,1353.25,1359.8
2016-08-02,1360.25,1374.15,1353.85,1370.3
2016-08-03,1369.95,1373,1360.75,1364.3
2016-08-04,1364.3,1371.35,1355.25,1367.65
2016-08-05,1367.1,1370.95,1340.65,1341.95
2016-08-08,1340.1,1343.85,1335.35,1341.2
2016-08-09,1340.8,1348.35,1336.15,1346.45
2016-08-10,1346.65,1363.05,1346.1,1352.55
2016-08-11,1352.85,1359.25,1341.7,1344.2
2016-08-12,1344.3,1361.65,1339.65,1341.8
2016-08-15,1342.7,1349.05,1341,1344.85
2016-08-16,1345,1363.45,1344.85,1351.7
2016-08-17,1351.25,1356.75,1342.75,1353.85
2016-08-18,1353.95,1361.4,1351.25,1357.9
2016-08-19,1357.75,1357.8,1342.05,1345.3
2016-08-22,1342.75,1343.95,1335.9,1342.95
2016-08-23,1343.05,1348.75,1339.35,1341.85
2016-08-24,1341.7,1343.9,1327.05,1327.45
2016-08-25,1327.9,1330.05,1321.05,1324.75
2016-08-26,1324.95,1344.75,1321.55,1324.35
2016-08-29,1323.55,1328.25,1318.25,1326.45
2016-08-30,1327,1328.55,1312.15,1314.05
2016-08-31,1313.1,1319.15,1307.75,1311.85
2016-09-01,1312.45,1318.35,1305.65,1317.1
2016-09-02,1317.65,1333.85,1313.25,1328.25
2016-09-05,1328.35,1332.15,1325.55,1330.45
2016-09-06,1329.9,1356.45,1328.8,1354.25
2016-09-07,1353.25,1357.45,1347.25,1349.3
2016-09-08,1349.4,1353.45,1339.75,1341.8
2016-09-09,1342.1,1343.55,1331.35,1331.65
2016-09-12,1331.6,1333.65,1324.15,1331.45
2016-09-13,1331.6,1335.85,1318.95,1321.85
2016-09-14,1321.7,1329.35,1319.35,1326.05
2016-09-15,1325.85,1331,1312.45,1317.45
2016-09-16,1317.9,1321.3,1309.7,1313.25
2016-09-19,1313.15,1321.45,1312.65,1316.4
2016-09-20,1316.35,1321.05,1315.25,1318.25
2016-09-21,1318.15,1340.75,1311.4,1339.45
2016-09-22,1338.2,1347.55,1335.25,1340.5
2016-09-23,1341.15,1344.45,1337.5,1341.55
2016-09-26,1340.5,1346.05,1336.5,1341.6
2016-09-27,1342,1343.45,1328.5,1330.5
2016-09-28,1330,1331.05,1321,1325.25
2016-09-29,1325.5,1329.3,1319,1323
2016-09-30,1324.05,1331.45,1316.15,1318.75
2016-10-03,1320.5,1322.5,1311.5,1314
2016-10-04,1314.5,1315.35,1269,1270.5
2016-10-05,1270.5,1279.05,1264.35,1268.85
2016-10-06,1269.65,1271.55,1251.95,1256.55
2016-10-07,1256.75,1267.15,1243.45,1258.95
2016-10-10,1258.85,1266.75,1258.5,1261
2016-10-11,1260.5,1263.85,1254,1254.45
2016-10-12,1254.45,1260.25,1251.5,1256.85
2016-10-13,1257.35,1263.5,1254.5,1259.3
2016-10-14,1259.45,1260.25,1247.5,1251.6
2016-10-17,1252.5,1258,1251,1256
2016-10-18,1256.1,1265.55,1256,1263.55
2016-10-19,1263.35,1274.25,1261,1270
2016-10-20,1270,1275.05,1265.5,1266
2016-10-21,1266.65,1268.6,1261.75,1267.05
2016-10-24,1267,1272.45,1261.25,1264.8
2016-10-25,1265.5,1277.45,1262,1274.35
2016-10-26,1273.5,1277.15,1265,1267.45
2016-10-27,1267,1273.55,1265.5,1269
2016-10-28,1268.5,1285.15,1263,1275.5
2016-10-31,1278.6,1280.45,1272,1277.45
2016-11-01,1277.35,1292.85,1276.45,1289.85
2016-11-02,1289.65,1309.05,1288,1299.05
2016-11-03,1299.15,1307.55,1286.4,1303.85
2016-11-04,1304.85,1307.55,1295.5,1305.8
2016-11-07,1291.5,1296.45,1278.5,1282
2016-11-08,1282.85,1291.15,1273.45,1276.4
2016-11-09,1275.3,1337.45,1269.3,1277.5
2016-11-10,1277,1292,1252.5,1258
2016-11-11,1258.5,1264.85,1219,1227.15
2016-11-14,1226.5,1230.85,1211,1220.5
2016-11-15,1221,1231.15,1219,1228
2016-11-16,1228.5,1232.65,1221,1224
2016-11-17,1225,1230.95,1210.5,1215.85
2016-11-18,1216,1217.45,1203,1207.9
2016-11-21,1207.5,1217.35,1205,1213.9
2016-11-22,1213,1220.85,1205.75,1211.5
2016-11-23,1212.85,1214.65,1181.25,1187.5
2016-11-24,1188,1190.3,1180,1183.5
2016-11-25,1184,1192.5,1170.6,1183
2016-11-28,1183,1197,1182.5,1193
2016-11-29,1193.5,1194.5,1179,1186.5
2016-11-30,1190,1196.75,1172,1174.5
2016-12-01,1175,1178.35,1162,1173
2016-12-02,1173.5,1179.95,1168.55,1179
2016-12-05,1184.5,1189.9,1158.5,1172.15
2016-12-06,1172,1177.05,1168.5,1171.3
2016-12-07,1171.35,1182.05,1167.55,1175.85
2016-12-08,1176,1180.45,1171,1172
2016-12-09,1172,1173.75,1158.25,1161.4
2016-12-12,1160.5,1167.75,1153,1164
2016-12-13,1164.95,1166.85,1156.35,1160
2016-12-14,1160.05,1167.35,1141.5,1144.95
2016-12-15,1144,1145.95,1124.5,1130
2016-12-16,1130.9,1143,1128.55,1136.65
2016-12-19,1135.5,1144,1135.5,1139.5
2016-12-20,1139.5,1141.35,1127.45,1133.5
2016-12-21,1134,1138.65,1131,1132.95
2016-12-22,1133,1135.35,1129,1129.85
2016-12-23,1129.5,1136.95,1129.5,1134.5
2016-12-27,1135.4,1150.5,1132.5,1139.7
2016-12-28,1139,1145.05,1137,1142.35
2016-12-29,1143,1160.45,1142.5,1159
2016-12-30,1158.5,1164.25,1150.5,1152
2017-01-03,1151,1164.15,1146.65,1159
2017-01-04,1159.35,1168.25,1156.5,1164
2017-01-05,1164.5,1185.35,1163.5,1180.95
2017-01-06,1180.5,1181.85,1171,1172.65
2017-01-09,1173,1185.95,1172,1181
2017-01-10,1182,1190.25,1180,1187.75
2017-01-11,1187.8,1198.3,1177,1191.5
2017-01-12,1191.45,1207.05,1191.45,1195
2017-01-13,1194,1200.65,1187.5,1197.3
2017-01-16,1199.5,1208.45,1198.15,1202.5
2017-01-17,1202.5,1218.5,1202,1216.5
2017-01-18,1216.9,1217.15,1201.5,1203
2017-01-19,1203.5,1206.05,1195,1204
2017-01-20,1204.35,1214.45,1198.25,1209.5
2017-01-23,1210.05,1219.05,1209,1217.85
2017-01-24,1219.5,1219.5,1206,1208
2017-01-25,1209,1209.25,1192.65,1200
2017-01-26,1200.55,1202.25,1183.95,1188
2017-01-27,1188.5,1190.95,1180,1190
2017-01-30,1195,1201.25,1190,1197.2
2017-01-31,1197,1217.35,1195.7,1212.35
2017-02-01,1212.5,1214.95,1199.85,1211.5
2017-02-02,1211.25,1227.35,1210,1217.5
2017-02-03,1216.5,1223.05,1212,1221.85
2017-02-06,1222,1237.45,1220.9,1237.25
2017-02-07,1236,1237.35,1229,1235.25
2017-02-08,1235,1246.35,1231.5,1243
2017-02-09,1242.5,1245.95,1228.95,1229
2017-02-10,1229,1238.45,1222.5,1235
2017-02-13,1232.65,1233.5,1220.45,1226.35
2017-02-14,1226.45,1235.85,1222.5,1229
2017-02-15,1229,1234.65,1217.65,1234.55
2017-02-16,1235,1243.55,1233,1239.5
2017-02-17,1240.5,1244.85,1235.5,1235.85
2017-02-20,1236.5,1240,1233.75,1238.5
2017-02-21,1238.6,1239.85,1227,1236.75
2017-02-22,1236.5,1241.35,1232.5,1238.1
2017-02-23,1238.5,1252,1236.5,1250.5
2017-02-24,1250,1261.15,1248.5,1258.05
2017-02-27,1257.5,1264.75,1251.5,1253.45
2017-02-28,1253,1259.05,1248.5,1248.5
2017-03-01,1248.7,1251.25,1237,1250.15
2017-03-02,1250.25,1250.25,1231.35,1234.45
2017-03-03,1234,1236.55,1223.45,1234.5
2017-03-06,1233,1237.15,1225,1225.45
2017-03-07,1225,1227.25,1214,1215.65
2017-03-08,1215.5,1218.45,1206.5,1208.05
2017-03-09,1208.05,1208.85,1199,1200.5
2017-03-10,1200,1206,1194.5,1204.45
2017-03-13,1205.75,1210.75,1201.3,1201.65
2017-03-14,1201.95,1207.25,1196.95,1198.65
2017-03-15,1198.65,1221.8,1197.25,1219.15
2017-03-16,1219.35,1233.15,1218.5,1226.25
2017-03-17,1226.5,1231.45,1224.25,1229
2017-03-20,1230.45,1235.25,1229.15,1234.25
2017-03-21,1234.35,1247.65,1226.5,1245.75
2017-03-22,1246.15,1251.35,1243.5,1247.15
2017-03-23,1247.25,1253.15,1242.5,1244.8
2017-03-24,1244.65,1251.65,1240.75,1243
2017-03-27,1247,1260.85,1247,1254.25
2017-03-28,1253.5,1258.25,1247.5,1251.5
2017-03-29,1250.5,1254.25,1246.95,1253
2017-03-30,1252.5,1253.4,1241,1241
2017-03-31,1242,1248.95,1239,1247.4
2017-04-03,1250.5,1255.75,1246.5,1255
2017-04-04,1256.5,1263.35,1256,1257.5
2017-04-05,1258,1259.35,1245.5,1257.5
2017-04-06,1258.35,1260.85,1251.5,1253.65
2017-04-07,1253.6,1272.25,1252.45,1255.95
2017-04-10,1255.5,1258.55,1248.95,1256.15
2017-04-11,1256.5,1277.25,1254.95,1276
2017-04-12,1276.2,1288.65,1274,1288.5
2017-04-13,1287.5,1290.55,1283.5,1289.45
2017-04-17,1294.5,1297,1283,1286
2017-04-18,1286.5,1294,1281,1291
2017-04-19,1291,1292.5,1275.5,1281.5
2017-04-20,1281,1284.5,1278,1283
2017-04-21,1282.5,1290,1280,1285.5
2017-04-24,1271,1278.63,1266.5,1276.78
2017-04-25,1278.09,1279.44,1263.13,1265.16
2017-04-26,1265.06,1271.9,1261.67,1270.03
2017-04-27,1270.27,1270.81,1262.67,1265.61
2017-04-28,1265.61,1269.84,1264.43,1269.65
2017-05-01,1269.89,1272.42,1255.55,1257.89
2017-05-02,1257.66,1259.07,1253.33,1258.16
2017-05-03,1258,1258.21,1237.59,1239.24
2017-05-04,1239.78,1242.58,1227.03,1229.03
2017-05-05,1229.9,1236.85,1227.6,1229.01
2017-05-08,1225.7,1237.08,1225.69,1226.57
2017-05-09,1226.84,1229.19,1214.97,1221.55
2017-05-10,1222.15,1226.16,1218.24,1219.64
2017-05-11,1219.46,1227.69,1217.73,1225.11
2017-05-12,1225.28,1231.75,1224.59,1228.7
2017-05-15,1229.4,1237.06,1226.91,1230.05
2017-05-16,1231.23,1238.87,1230.32,1236.82
2017-05-17,1236.99,1261.27,1236.4,1261.02
2017-05-18,1261.27,1264.75,1246.15,1247.05
2017-05-19,1246.75,1256.23,1246.29,1255.07
2017-05-22,1255.98,1262.43,1251.7,1260.28
2017-05-23,1260.18,1263.65,1250.65,1251.01
2017-05-24,1251.54,1258.77,1247.8,1258.51
2017-05-25,1258.07,1259.5,1253.8,1255.49
2017-05-26,1255.46,1269.36,1253.43,1266.65
2017-05-29,1266.51,1269.02,1265.26,1266.6
2017-05-30,1267.04,1270.32,1259.55,1262.64
2017-05-31,1262.96,1273.49,1259.49,1268.71
2017-06-01,1268.86,1270.22,1261.58,1265.76
2017-06-02,1265.65,1279.45,1259.56,1278.77
2017-06-05,1281.46,1285.89,1280.56,1282.2
2017-06-06,1282.45,1298.65,1282.38,1296.76
2017-06-07,1297.38,1297.56,1285.49,1289.6
2017-06-08,1289.58,1291.67,1274.19,1280.66
2017-06-09,1282.92,1283.5,1267.36,1269.45
2017-06-12,1269.01,1272.43,1265.85,1268
2017-06-13,1267.68,1271.02,1261.91,1268.66
2017-06-14,1268.9,1282.54,1259.43,1263.26
2017-06-15,1262.59,1268.76,1253.95,1256.12
2017-06-16,1256.36,1259.32,1254.09,1255.79
2017-06-19,1255.45,1257.12,1244.65,1245.22
2017-06-20,1245.31,1249.6,1242.92,1244.72
2017-06-21,1244.65,1249.34,1243.01,1247.99
2017-06-22,1247.71,1256.19,1247.71,1252.34
2017-06-23,1252.17,1260.31,1251.48,1258.31
2017-06-26,1258.51,1258.92,1237.87,1245.61
2017-06-27,1245.65,1253.79,1242.26,1247.95
2017-06-28,1247.55,1255.31,1247.55,1250.53
2017-06-29,1250.44,1254.02,1240.76,1246.03
2017-06-30,1246.2,1249.09,1240.51,1242.48
2017-07-03,1242.59,1243.58,1219.33,1220.95
2017-07-04,1222.52,1227.16,1221.69,1224.23
2017-07-05,1224.78,1229.69,1217.01,1226.11
2017-07-06,1226.35,1228.61,1222.18,1224.55
2017-07-07,1224.23,1227.44,1206.9,1211.98
2017-07-10,1212.68,1214.52,1204.53,1213.49
2017-07-11,1213.91,1216.98,1207.76,1216.94
2017-07-12,1216.5,1225.2,1212.5,1219.1
2017-07-13,1219.2,1223.6,1215.6,1217.3
2017-07-14,1216.4,1232.7,1214,1227.5
2017-07-17,1228.7,1235.4,1227.5,1233.7
2017-07-18,1233.3,1244.1,1232.2,1241.9
2017-07-19,1242,1243.5,1235.1,1242
2017-07-20,1240.6,1247.2,1234.6,1245.5
2017-07-21,1244.1,1255.9,1242.8,1254.9
2017-07-24,1255.5,1259,1252,1254.3
2017-07-25,1255.2,1258,1248.8,1252.1
2017-07-26,1250.3,1263.4,1243.2,1249.4
2017-07-27,1260.5,1265,1253.9,1260
2017-07-28,1258.4,1270,1256.9,1268.4
2017-07-31,1268.9,1270.8,1265.8,1266.6
2017-08-01,1268.4,1273.3,1262,1272.6
2017-08-02,1268.5,1272.3,1262.9,1271.8
2017-08-03,1265.9,1269.8,1256.6,1267.8
2017-08-04,1269,1269.6,1253.9,1258.3
2017-08-07,1264.3,1265.6,1261.3,1264.7
2017-08-08,1262.9,1271,1257.1,1262.6
2017-08-09,1266.1,1284.7,1265.9,1279.3
2017-08-10,1283.2,1293.8,1280.3,1290.1
2017-08-11,1292.5,1298.1,1286.7,1294
2017-08-14,1296.4,1296.4,1284.2,1290.4
2017-08-15,1287,1287.7,1272.7,1279.7
2017-08-16,1276.9,1289.5,1273.2,1282.9
2017-08-17,1290,1296,1286.4,1292.4
2017-08-18,1293.8,1306.9,1289.1,1291.6
2017-08-21,1289.1,1299.7,1286.2,1296.7
2017-08-22,1297.1,1298.1,1287,1291
2017-08-23,1290.4,1297,1287.9,1294.7
2017-08-24,1296,1296.8,1289.3,1292
2017-08-25,1291.3,1301.4,1278.5,1297.9
2017-08-28,1297.6,1317.8,1297,1315.3
2017-08-29,1320.5,1331.9,1310.6,1318.9
2017-08-30,1314.8,1319.3,1310.1,1314.1
2017-08-31,1314.1,1329,1302.3,1322.2
2017-09-01,1326.9,1334.5,1321.4,1330.4
2017-09-05,1339.7,1349.7,1331.1,1344.5
2017-09-06,1345,1347.7,1336.4,1339
2017-09-07,1339,1355.5,1337.2,1350.3
2017-09-08,1354,1362.4,1347.1,1351.2
2017-09-11,1341.5,1344.6,1330.6,1335.7
2017-09-12,1331.7,1336.3,1326.7,1332.7
2017-09-13,1336.2,1340.5,1324.5,1328
2017-09-14,1327.6,1334.9,1319.5,1329.3
2017-09-15,1333.7,1338.2,1323,1325.2
2017-09-18,1324,1324,1308.1,1310.8
2017-09-19,1310.5,1315.3,1308.7,1310.6
2017-09-20,1314.7,1319.8,1299.5,1316.4
2017-09-21,1304.8,1305,1291.2,1294.8
2017-09-22,1294.1,1301.9,1294.1,1297.5
2017-09-25,1301.5,1315.8,1291.7,1311.5
2017-09-26,1314.2,1317.1,1295,1301.7
2017-09-27,1297.3,1299.2,1284.1,1287.8
2017-09-28,1285.1,1291.6,1280.4,1288.7
2017-09-29,1290.1,1293.2,1278.2,1284.8
2017-10-02,1282.2,1282.8,1272,1275.8
2017-10-03,1273.1,1277.4,1271,1274.6
2017-10-04,1274.5,1285,1273.1,1276.8
2017-10-05,1277.5,1281.6,1268.5,1273.2
2017-10-06,1270.6,1279.2,1262.8,1274.9
2017-10-09,1278.6,1288,1277.7,1285
2017-10-10,1286.8,1296.7,1284.6,1293.8
2017-10-11,1290.7,1295.9,1286.8,1288.9
2017-10-12,1294.6,1299.8,1291.8,1296.5
2017-10-13,1296,1306.4,1292.9,1304.6
2017-10-16,1306,1308.4,1292.5,1303
2017-10-17,1297.2,1298.4,1283.2,1286.2
2017-10-18,1286.9,1290.8,1278.6,1283
2017-10-19,1282.8,1292.8,1277.6,1290
2017-10-20,1292,1292.9,1279.3,1280.5
2017-10-23,1281.5,1284.7,1273.6,1280.9
2017-10-24,1283.9,1285.3,1274.8,1278.3
2017-10-25,1278,1281.3,1272,1279
2017-10-26,1278.6,1283.8,1266.4,1269.6
2017-10-27,1268,1275.2,1263.8,1271.8
2017-10-30,1274.3,1279.9,1269.8,1277.7
2017-10-31,1277.6,1279.1,1268.3,1270.5
2017-11-01,1271.8,1281.9,1268.5,1277.3
2017-11-02,1275.2,1285.1,1274,1278.1
2017-11-03,1277.5,1281.2,1265.9,1269.2
2017-11-06,1270.7,1283.9,1266.4,1281.6
2017-11-07,1282.6,1282.8,1272.3,1275.8
2017-11-08,1276.4,1288.1,1276.1,1283.7
2017-11-09,1282.1,1289.5,1280.5,1287.5
2017-11-10,1286,1287.7,1273.6,1274.2
2017-11-13,1275.3,1279.9,1274.4,1278.9
2017-11-14,1278.9,1283.8,1269.7,1282.9
2017-11-15,1280.7,1290,1276.5,1277.7
2017-11-16,1278,1281.8,1274.9,1278.2
2017-11-17,1278.8,1297.5,1278.1,1296.5
2017-11-20,1294.1,1295.1,1274.1,1275.3
2017-11-21,1276.6,1284.5,1275.8,1281.7
2017-11-22,1281.14,1294.82,1279.34,1292.35
2017-11-24,1291.9,1293.3,1285.1,1287.3
2017-11-27,1288,1299,1286.2,1294.4
2017-11-28,1293.9,1297,1290.1,1294.9
2017-11-29,1293.4,1296.2,1281.1,1282.1
2017-11-30,1283.1,1284.5,1269.7,1273.2
2017-12-01,1274.1,1288.6,1271,1278.8
2017-12-04,1277.6,1280.5,1273.5,1277.7
2017-12-05,1279.1,1279.8,1263.2,1264.9
2017-12-06,1268.3,1271.8,1264.8,1266.1
2017-12-07,1265.2,1266.8,1245.8,1253.1
2017-12-08,1249.5,1254.4,1244.4,1248.4
2017-12-11,1249.2,1253.4,1242.4,1246.9
2017-12-12,1243.9,1247.9,1238.3,1241.7
2017-12-13,1246.3,1259.7,1242.3,1248.6
2017-12-14,1258.1,1261.6,1252.8,1257.1
2017-12-15,1255.5,1264.5,1255.2,1257.5
2017-12-18,1257.8,1267,1255.3,1265.5
2017-12-19,1265.4,1268.6,1262.3,1264.2
2017-12-20,1264.8,1271.4,1264.4,1269.6
2017-12-21,1268.8,1272.5,1266,1270.6
2017-12-22,1270.3,1280.4,1268.4,1278.8
2017-12-26,1279,1288.4,1277.7,1287.5
2017-12-27,1287.8,1293.2,1286,1291.4
2017-12-28,1292,1297.3,1290.5,1297.2
2017-12-29,1297.5,1309.8,1296.1,1309.3
2018-01-02,1305.3,1320.4,1304.6,1316.1
2018-01-03,1319,1323,1308.9,1318.5
2018-01-04,1315.5,1327.3,1307.1,1321.6
2018-01-05,1324.4,1324.7,1314.6,1322.3
2018-01-08,1321.8,1323,1315.7,1320.4
2018-01-09,1321.2,1321.4,1309.5,1313.7
2018-01-10,1313.3,1328.6,1308.9,1319.3
2018-01-11,1317.5,1324.7,1316.1,1322.5
2018-01-12,1323.6,1340,1320.8,1334.9
2018-01-16,1337.3,1345,1332.1,1337.1
2018-01-17,1339,1344.5,1326.6,1339.2
2018-01-18,1327.4,1333.3,1324.3,1327.2
2018-01-19,1327,1338.2,1326.6,1333.1
2018-01-22,1334,1335.8,1328,1331.9
2018-01-23,1333,1341.5,1330.7,1336.7
2018-01-24,1341.4,1361.6,1339.1,1356.3
2018-01-25,1357,1365.4,1341,1362.9
2018-01-26,1346.4,1356,1343.7,1352.1
2018-01-29,1349,1351.4,1336.1,1340.3
2018-01-30,1338.7,1347.8,1332.8,1335.4
2018-01-31,1337.5,1346.9,1331.8,1339
2018-02-01,1348.2,1354.3,1340.2,1347.9
2018-02-02,1352.2,1353.3,1330.1,1337.3
2018-02-05,1334.6,1344.8,1331.6,1336.5
2018-02-06,1343.1,1349.3,1322.8,1329.5
2018-02-07,1326.6,1334.8,1313.5,1314.6
2018-02-08,1320.7,1324.5,1309,1319
2018-02-09,1321,1325,1313.2,1315.7
2018-02-12,1317.1,1330,1316.3,1326.4
2018-02-13,1325,1333.5,1323.7,1330.4
2018-02-14,1331.9,1358.6,1319.1,1358
2018-02-15,1353,1359.8,1350.8,1355.3
2018-02-16,1356.6,1364.4,1347.3,1356.2
2018-02-20,1350.2,1354,1330.6,1331.2
2018-02-21,1331.2,1338.5,1324.4,1332.1
2018-02-22,1326.2,1334.4,1322.9,1332.7
2018-02-23,1333.7,1334.2,1327.7,1330.3
2018-02-26,1330.4,1342.9,1328,1332.8
2018-02-27,1334.7,1338.4,1314.4,1318.6
2018-02-28,1318.9,1323.7,1316.7,1317.9
2018-03-01,1319.3,1322.3,1303.6,1305.2
2018-03-02,1318,1326.6,1316.2,1323.4
2018-03-05,1324.9,1328.9,1318.3,1319.9
2018-03-06,1321,1339.9,1320.8,1335.2
2018-03-07,1339.5,1342,1323,1327.6
2018-03-08,1326.2,1329.8,1319.6,1321.7
2018-03-09,1322.7,1325.9,1313.2,1324
2018-03-12,1324.1,1325,1315.3,1320.8
2018-03-13,1323.3,1328.8,1313.8,1327.1
2018-03-14,1326.7,1330.5,1321.7,1325.6
2018-03-15,1324.7,1328.1,1314.9,1317.8
2018-03-16,1316.8,1321.8,1309.5,1312.3
2018-03-19,1312.9,1319.6,1307.4,1317.8
2018-03-20,1316.5,1318.1,1306.6,1311.9
2018-03-21,1310.6,1336.9,1309.5,1321.5
2018-03-22,1332,1335,1324.6,1327.4
2018-03-23,1329,1350.4,1328.9,1349.9
2018-03-26,1347,1356,1343.4,1355
2018-03-27,1353.6,1356.8,1339.6,1342
2018-03-28,1345,1346.4,1322.3,1324.2
2018-03-29,1324,1327.1,1321.7,1322.8
2018-04-02,1330.7,1349.2,1329,1346.9
2018-04-03,1345,1346.6,1332.7,1337.3
2018-04-04,1336.7,1352.5,1335.2,1340.2
2018-04-05,1337.1,1338.7,1326,1328.5
2018-04-06,1329.7,1339.1,1322.6,1336.1
2018-04-09,1338,1341.5,1330.1,1340.1
2018-04-10,1339.8,1346.2,1334.2,1345.9
2018-04-11,1343.1,1369.4,1342.5,1360
2018-04-12,1356.3,1356.7,1336.7,1341.9
2018-04-13,1337.6,1356.7,1335.5,1347.9
2018-04-16,1349.8,1353.5,1342.8,1350.7
2018-04-17,1349.1,1352.2,1340.2,1349.5
2018-04-18,1350.4,1359,1345,1353.5
2018-04-19,1352.4,1357.7,1343.2,1348.8
2018-04-20,1348.5,1348.9,1337,1338.3
2018-04-23,1336.2,1337.6,1323.8,1324
2018-04-24,1326.1,1334.5,1323.6,1333
2018-04-25,1332,1333.8,1320.2,1322.8
2018-04-26,1324.2,1328,1316.2,1317.9
2018-04-27,1318,1326.4,1315.8,1323.4
2018-04-30,1324,1325.9,1310.7,1319.2
2018-05-01,1316,1317.4,1302.3,1306.8
2018-05-02,1304.4,1314.9,1304.3,1305.6
2018-05-03,1305.5,1319,1305.2,1312.7
2018-05-04,1312.8,1316.9,1308.5,1314.7
2018-05-07,1316.3,1320.1,1310.6,1314.1
2018-05-08,1314.1,1318.5,1306.2,1313.7
2018-05-09,1315.3,1317.8,1304.2,1313
2018-05-10,1312.8,1323.4,1310.6,1322.3
2018-05-11,1321.8,1326.3,1317,1320.7
2018-05-14,1318.3,1322.4,1312.8,1318.2
2018-05-15,1313.2,1314.7,1288.2,1290.3
2018-05-16,1290.1,1296.4,1285.7,1291.5
2018-05-17,1290.2,1294,1284,1289.4
2018-05-18,1290,1293.7,1285.1,1291.3
2018-05-21,1290.3,1292.7,1281.2,1290.9
2018-05-22,1292.3,1296,1287.2,1292
2018-05-23,1290.6,1298.4,1286.7,1289.6
2018-05-24,1293.3,1306.4,1292.2,1304.4
2018-05-25,1304,1307.2,1299.4,1303.7
2018-05-29,1299,1306.1,1291.4,1299
2018-05-30,1298,1303.7,1295.2,1301.5
2018-05-31,1301,1306.8,1296.6,1300.1
2018-06-01,1298.6,1299.5,1288.9,1294.8
2018-06-04,1296.7,1302.3,1293.8,1297.3
2018-06-05,1296.4,1304.8,1293.5,1302.2
2018-06-06,1300.6,1306.1,1297.7,1301.4
2018-06-07,1300.9,1307.8,1299,1303
2018-06-08,1301.3,1304.8,1296,1302.7
2018-06-11,1303.5,1307,1297.8,1303.2
2018-06-12,1304.5,1304.8,1296.3,1299.4
2018-06-13,1299.6,1305.2,1294.5,1301.3
2018-06-14,1303.1,1313,1301,1308.3
2018-06-15,1305.9,1306.7,1277.9,1278.5
2018-06-18,1281.1,1284.9,1279.5,1280.1
2018-06-19,1280.7,1286.8,1272.6,1278.6
2018-06-20,1277.3,1278.6,1269.6,1274.5
2018-06-21,1269.7,1272.3,1262.4,1270.5
2018-06-22,1268.6,1273.1,1268.4,1270.7
2018-06-25,1272.2,1274.4,1265.5,1268.9
2018-06-26,1267.3,1269.4,1256.4,1259.9
2018-06-27,1260.5,1261.9,1252.2,1256.1
2018-06-28,1253.6,1255.8,1247.2,1251
2018-06-29,1249.5,1257.1,1246.9,1254.5
2018-07-02,1253.4,1255.6,1240.6,1241.7
2018-07-03,1242.9,1258.5,1238.8,1253.5
2018-07-05,1253.5,1262.4,1252.2,1258.8
2018-07-06,1258.4,1260.2,1253.7,1255.8
2018-07-09,1255.7,1266.9,1255.7,1259.6
2018-07-10,1258.5,1261,1247.7,1255.4
2018-07-11,1256.7,1257.3,1241.7,1244.4
2018-07-12,1242.3,1248.8,1241.4,1246.6
2018-07-13,1247.7,1248.5,1236.2,1241.2
2018-07-16,1241,1245.8,1238.3,1239.7
2018-07-17,1240.8,1245.1,1225.9,1227.3
2018-07-18,1227,1229.1,1220.9,1227.9
2018-07-19,1227.3,1229.6,1210.7,1224
2018-07-20,1222.9,1232.4,1215.3,1231.1
2018-07-23,1231.7,1235.2,1222.2,1225.6
2018-07-24,1224.4,1229.7,1218.1,1225.5
2018-07-25,1224.2,1234.3,1223.2,1231.8
2018-07-26,1231.7,1235.3,1221.7,1225.7
2018-07-27,1222.4,1226.9,1216.7,1223
2018-07-30,1222.5,1223.9,1218.1,1221.3
2018-07-31,1220.4,1228.1,1213,1223.7
2018-08-01,1222.9,1223.7,1214.4,1217.9
2018-08-02,1224.7,1230,1215.3,1220.1
2018-08-03,1216,1228.5,1212.5,1223.2
2018-08-06,1222,1226,1214.4,1217.7
2018-08-07,1215.8,1224.3,1215.6,1218.3
2018-08-08,1218.7,1223.8,1213.6,1221
2018-08-09,1222,1225.6,1218.4,1219.9
2018-08-10,1220,1224.9,1213.1,1219
2018-08-13,1218.4,1221.4,1198.6,1198.9
2018-08-14,1201.1,1205.8,1198.9,1200.7
2018-08-15,1201.5,1202,1180,1185
2018-08-16,1183,1189,1167.1,1184
2018-08-17,1180.7,1192,1178.5,1184.2
2018-08-20,1190.4,1197.7,1189.6,1194.6
2018-08-21,1197.3,1204.3,1194.3,1200
2018-08-22,1203,1208.4,1199.2,1203.3
2018-08-23,1202.8,1203.4,1190.2,1194
2018-08-24,1191.6,1215.4,1189.5,1213.3
2018-08-27,1214.5,1218.8,1209.3,1216
2018-08-28,1217.7,1220.7,1205.8,1214.4
2018-08-29,1206.6,1213.7,1206.6,1211.5
2018-08-30,1212.6,1214,1202.1,1205
2018-08-31,1206.3,1214.9,1204.1,1206.7
2018-09-04,1206.3,1209.7,1195.1,1199.1
2018-09-05,1197.2,1204.2,1196.4,1201.3
2018-09-06,1202.5,1212.7,1200.5,1204.3
2018-09-07,1205.6,1209,1198.7,1200.4
2018-09-10,1200.7,1203.8,1196.2,1199.8
2018-09-11,1200.4,1204.8,1192.7,1202.2
2018-09-12,1203.5,1213.9,1197.6,1210.9
2018-09-13,1212.4,1218,1205,1208.2
2018-09-14,1206.6,1213.8,1197.7,1201.1
2018-09-17,1199.8,1209.7,1197.5,1205.8
2018-09-18,1206.4,1208.2,1200.3,1202.9
2018-09-19,1202.8,1211,1202.2,1208.3
2018-09-20,1208.8,1213.2,1205.1,1211.3
2018-09-21,1212.1,1215.8,1196,1201.3
2018-09-24,1204,1208.8,1198.6,1204.4
2018-09-25,1203.1,1207.9,1201.3,1205.1
2018-09-26,1205.5,1206.9,1194.6,1199.1
2018-09-27,1198.9,1202.6,1185.6,1187.4
2018-09-28,1186.8,1198,1184.3,1196.2
2018-10-01,1196.1,1196.5,1188.1,1191.7
2018-10-02,1192.7,1212.3,1192.2,1207
2018-10-03,1207,1212.3,1200.4,1202.9
2018-10-04,1201.4,1210.7,1199.6,1201.6
2018-10-05,1203.7,1209.8,1200.9,1205.6
2018-10-08,1206.7,1208,1186,1188.6
2018-10-09,1192.2,1195.8,1186.6,1191.5
2018-10-10,1192.7,1198.6,1188.5,1193.4
2018-10-11,1197.9,1230,1194.7,1227.6
2018-10-12,1227.7,1228.1,1219.3,1222
2018-10-15,1221.2,1236.9,1220.4,1230.3
2018-10-16,1230.5,1235.9,1226.3,1231
2018-10-17,1228,1232.9,1223.7,1227.4
2018-10-18,1225.5,1233.6,1221.7,1230.1
2018-10-19,1228.6,1234.1,1226.2,1228.7
2018-10-22,1230.5,1232.6,1222.8,1224.6
2018-10-23,1225.1,1243,1224.5,1236.8
2018-10-24,1233.8,1238,1228.3,1231.1
2018-10-25,1236.6,1242,1230.5,1232.4
2018-10-26,1234.7,1246,1232.5,1235.8
2018-10-29,1236.4,1237.6,1226.1,1227.6
2018-10-30,1231.9,1232.5,1221.4,1225.3
2018-10-31,1224.7,1225,1213.4,1215
2018-11-01,1216.6,1239.3,1216.1,1238.6
2018-11-02,1235.3,1238.4,1231.3,1233.3
2018-11-05,1234.5,1236.8,1228.4,1232.3
2018-11-06,1233.4,1237.8,1224.9,1226.3
2018-11-07,1228.9,1238.4,1224.2,1228.7
2018-11-08,1227.7,1228.5,1220.8,1225.1
2018-11-09,1224.3,1224.6,1207.2,1208.6
2018-11-12,1210.3,1212,1200.6,1203.5
2018-11-13,1201.1,1205.5,1196.6,1201.4
2018-11-14,1202.8,1217.2,1198.1,1210.1
2018-11-15,1211.8,1217,1207.1,1215
2018-11-16,1214.4,1226,1213.7,1223
2018-11-19,1222.6,1226.5,1218.5,1225.3
2018-11-20,1224.6,1229.5,1220.3,1221.2
2018-11-21,1222.4,1230.9,1220.1,1228
2018-11-23,1226.8,1229.7,1220.3,1223.2
2018-11-26,1230.4,1234.5,1228,1228.7
2018-11-27,1228.5,1231.7,1217.8,1219.9
2018-11-28,1220.9,1233.8,1216.8,1229.8
2018-11-29,1227.1,1234.9,1226.7,1230.4
2018-11-30,1229.9,1231.1,1221.8,1226
2018-12-03,1227.8,1240.4,1226.6,1239.6
2018-12-04,1236.3,1247.5,1235.8,1246.6
2018-12-05,1244.6,1244.8,1238.7,1242.6
2018-12-06,1243,1249.9,1240,1243.6
2018-12-07,1243.1,1255.8,1242.6,1252.6
2018-12-10,1255.6,1256.6,1246.9,1249.4
2018-12-11,1249.8,1255.1,1245.8,1247.2
2018-12-12,1248.3,1252.6,1247.1,1250
2018-12-13,1250.7,1251.7,1244.4,1247.4
2018-12-14,1246.2,1247.3,1236.5,1241.4
2018-12-17,1242.8,1252.2,1239.4,1251.8
2018-12-18,1249.7,1254.5,1249,1253.6
2018-12-19,1253.5,1262.2,1245.3,1256.4
2018-12-20,1247,1270.3,1246.2,1267.9
2018-12-21,1263.5,1266.2,1257.1,1258.1
2018-12-24,1260.7,1273.9,1260,1271.8
2018-12-26,1273.5,1282.3,1267.4,1273
2018-12-27,1270.1,1281.6,1269.1,1281.1
2018-12-28,1278,1284.7,1276.5,1283
2018-12-31,1283,1286.5,1279.7,1281.3
2019-01-02,1285,1291,1280.6,1284.1
2019-01-03,1288.5,1296.9,1286.4,1294.8
2019-01-04,1296.5,1300.4,1278.1,1285.8
2019-01-07,1287,1297,1284.1,1289.9
2019-01-08,1289.9,1291.4,1280.2,1285.9
2019-01-09,1286.1,1295,1280.9,1292
2019-01-10,1294.7,1298,1286.7,1287.4
2019-01-11,1287.6,1295.7,1287,1289.5
2019-01-14,1288,1296.6,1287.7,1291.3
2019-01-15,1292.4,1294.8,1286.5,1288.4
2019-01-16,1289.6,1295.4,1287.6,1293.8
2019-01-17,1293.9,1295,1288.3,1292.3
2019-01-18,1291.9,1292.2,1280.1,1282.6
2019-01-22,1280.7,1285,1276,1283.4
2019-01-23,1284.6,1286,1277.7,1284
2019-01-24,1282.3,1283.9,1275.3,1279.8
2019-01-25,1280.1,1303.4,1278.9,1298.1
2019-01-28,1302.3,1303.7,1296.5,1303.1
2019-01-29,1302.5,1310.8,1301.7,1308.9
2019-01-30,1310.4,1323.4,1308.1,1309.9
2019-01-31,1325.4,1331.1,1322.2,1325.2
2019-02-01,1326,1328.2,1320.6,1322.1
2019-02-04,1322.6,1323.6,1312.7,1319.3
2019-02-05,1316.8,1321,1314.8,1319.2
2019-02-06,1319.4,1319.9,1309.6,1314.4
2019-02-07,1310.9,1315.8,1306.4,1314.2
2019-02-08,1314.3,1319.5,1311.5,1318.5
2019-02-11,1318.1,1318.7,1307.1,1311.9
2019-02-12,1311.6,1318.3,1310,1314
2019-02-13,1314.3,1321.7,1308.1,1315.1
2019-02-14,1309.6,1317.4,1304.7,1313.9
2019-02-15,1315.5,1325.8,1314.3,1322.1
2019-02-19,1325,1345,1323.8,1344.8
2019-02-20,1343.9,1349.8,1339.8,1347.9
2019-02-21,1341.7,1344.3,1323.3,1327.8
2019-02-22,1325.8,1335.6,1323.8,1332.8
2019-02-25,1331.9,1334.9,1327.3,1329.5
2019-02-26,1329.9,1332.4,1325.5,1328.5
2019-02-27,1331,1332,1318.4,1321.2
2019-02-28,1321.7,1328.9,1314,1316.1
2019-03-01,1315.5,1316.5,1291.3,1299.2
2019-03-04,1294.4,1298.1,1283.8,1287.5
2019-03-05,1287.8,1290.6,1282,1284.7
2019-03-06,1288.8,1291.8,1284.3,1287.6
2019-03-07,1287.3,1289.6,1280.8,1286.1
2019-03-08,1286.7,1301.3,1285.6,1299.3
2019-03-11,1298.2,1299.2,1290.6,1291.1
2019-03-12,1293.6,1302.6,1292,1298.1
2019-03-13,1301.8,1311.6,1300.6,1309.3
2019-03-14,1309.5,1310.3,1292.5,1295.1
2019-03-15,1295.6,1306.3,1293.7,1302.9
2019-03-18,1302,1306.7,1298,1301.5
2019-03-19,1303.7,1310.8,1302.1,1306.5
2019-03-20,1306,1317.2,1298.1,1301.7
2019-03-21,1312.7,1320.2,1302.8,1307.3
2019-03-22,1309.3,1314.7,1306.5,1312.3
2019-03-25,1319.7,1330.8,1317,1329
2019-03-26,1328.3,1329.3,1318.5,1321.4
2019-03-27,1321.7,1325.2,1313.7,1316.9
2019-03-28,1315,1317.6,1293.3,1295.3
2019-03-29,1295,1304.6,1291.3,1298.5
2019-04-01,1297.2,1301.7,1291,1294.2
2019-04-02,1292.2,1297.1,1289.5,1295.4
2019-04-03,1296.9,1299,1292.7,1295.3
2019-04-04,1294.4,1298.7,1284.9,1294.3
2019-04-05,1296.5,1297.8,1288.3,1295.6
2019-04-08,1295.8,1307.9,1295.5,1301.9
2019-04-09,1301.6,1310.4,1300.6,1308.3
2019-04-10,1308.2,1314.7,1304.7,1313.9
2019-04-11,1312.4,1313.1,1292.9,1293.3
2019-04-12,1295.8,1299.1,1293.2,1295.2
2019-04-15,1294,1295.2,1285.3,1291.3
2019-04-16,1290.8,1291.7,1275.5,1277.2
2019-04-17,1279.5,1282.1,1275.2,1276.8
2019-04-18,1276.2,1279.7,1273,1276
2019-04-22,1278,1281.9,1275.7,1277.6
2019-04-23,1277,1278.5,1267.9,1273.2
2019-04-24,1274.4,1280.7,1270.5,1279.4
2019-04-25,1277.9,1284.8,1275.2,1279.7
2019-04-26,1279.1,1290.9,1276,1288.8
2019-04-29,1289,1289.1,1279.9,1281.5
2019-04-30,1281.9,1288.2,1281.5,1285.7
2019-05-01,1285.2,1289.4,1274.5,1284.2
2019-05-02,1278.5,1279.4,1267.3,1272
2019-05-03,1271.6,1283.9,1269,1281.3
2019-05-06,1281.8,1287.4,1278.1,1283.8
2019-05-07,1282.4,1287.3,1279.1,1285.6
2019-05-08,1285.6,1292.8,1280.2,1281.4
2019-05-09,1281.9,1289.2,1280.4,1285.2
2019-05-10,1285,1290.3,1283.9,1287.4
2019-05-13,1288.3,1302.2,1282.4,1301.8
2019-05-14,1300.8,1304.2,1294.3,1296.3
2019-05-15,1298,1301.7,1293.6,1297.8
2019-05-16,1297.7,1299.3,1284.2,1286.2
2019-05-17,1287.2,1289,1274.6,1275.7
2019-05-20,1277.6,1278.8,1273.3,1277.3
2019-05-21,1277.7,1277.7,1269,1273.2
2019-05-22,1274.4,1277.1,1272,1274.2
2019-05-23,1273.3,1287.1,1272.1,1285.4
2019-05-24,1283.2,1284.7,1280.1,1283.6
2019-05-28,1283.5,1286.9,1275.1,1277.1
2019-05-29,1278.9,1285.2,1278.4,1281
2019-05-30,1279.4,1288.3,1273.9,1287.1
2019-05-31,1287.7,1306.4,1287.5,1305.8
2019-06-03,1312.5,1333,1310.9,1327.9
2019-06-04,1329.7,1334.1,1324.7,1328.7
2019-06-05,1330.2,1348.9,1329.3,1333.6
2019-06-06,1336.1,1344.2,1331.3,1342.7
2019-06-07,1339.7,1352.7,1334.3,1346.1
2019-06-10,1341.2,1341.7,1329,1329.3
2019-06-11,1331.8,1333.8,1323.6,1331.2
2019-06-12,1330.6,1342.3,1329.8,1336.8
2019-06-13,1337.8,1347,1335.9,1343.7
2019-06-14,1346.5,1362.2,1341.4,1344.5
2019-06-17,1345.5,1347.1,1336.6,1342.9
2019-06-18,1343.9,1358.5,1342.1,1350.7
2019-06-19,1350.4,1366.6,1344.8,1348.8
2019-06-20,1364.5,1397.7,1361.3,1396.9
2019-06-21,1391.2,1415.4,1386.1,1400.1
2019-06-24,1403.9,1425.1,1403.6,1418.2
2019-06-25,1423.4,1442.9,1415.1,1418.7
2019-06-26,1427.2,1427.9,1405,1415.4
2019-06-27,1412.7,1415.3,1401.4,1412
2019-06-28,1413.3,1427.8,1408.6,1413.7
2019-07-01,1401.8,1401.9,1384.7,1389.3
2019-07-02,1386.2,1424,1386.2,1408
2019-07-03,1424.7,1441,1414.7,1420.9
2019-07-05,1421.6,1426.8,1388.6,1400.1
2019-07-08,1401,1409.9,1393.8,1400
2019-07-09,1397.9,1402.4,1387.5,1400.5
2019-07-10,1400,1421.1,1391.8,1412.5
2019-07-11,1421.1,1429.4,1402.7,1406.7
2019-07-12,1406.2,1418.9,1404.5,1412.2
2019-07-15,1417.7,1421.6,1409.3,1413.5
2019-07-16,1416.4,1420,1402.1,1411.2
2019-07-17,1407.9,1428.4,1401.3,1423.3
2019-07-18,1428.5,1449.7,1415.6,1428.1
2019-07-19,1448.3,1454.4,1421.1,1426.7
2019-07-22,1428.5,1430.8,1423,1426.9
2019-07-23,1426,1431.4,1414.6,1421.7
2019-07-24,1418.6,1430,1416.7,1423.6
2019-07-25,1426.8,1434.1,1411.1,1414.7
2019-07-26,1414.9,1424.8,1412.9,1419.3
2019-07-29,1419,1428,1414.4,1420.4
2019-07-30,1426.3,1433.9,1422.1,1429.7
2019-07-31,1431.3,1435.8,1411.2,1426.1
2019-08-01,1425.6,1458.2,1412.1,1432.4
2019-08-02,1457.5,1461.9,1442.5,1457.5
2019-08-05,1451.2,1481.8,1448.8,1476.5
2019-08-06,1481.1,1486.8,1468.2,1484.2
2019-08-07,1486.7,1522.7,1484.3,1519.6
2019-08-08,1512.1,1521.3,1501.6,1509.5
2019-08-09,1515.9,1521.1,1506.2,1508.5
2019-08-12,1509.2,1531.5,1498.6,1517.2
2019-08-13,1522.3,1546.1,1488.9,1514.1
2019-08-14,1513,1534.9,1504.5,1527.8
2019-08-15,1526.6,1537.7,1518.3,1531.2
2019-08-16,1533.9,1538.6,1513.9,1523.6
2019-08-19,1523,1523.6,1503.3,1511.6
2019-08-20,1506.3,1518.8,1503,1515.7
2019-08-21,1518.4,1518.4,1506.5,1515.7
2019-08-22,1512.4,1514.6,1502.1,1508.5
2019-08-23,1508.8,1540.3,1503,1537.6
2019-08-26,1545.4,1565,1534.8,1537.2
2019-08-27,1537.3,1554.5,1535.3,1551.8
2019-08-28,1551.8,1556.6,1541.4,1549.1
2019-08-29,1549.4,1559.8,1528.6,1536.9
2019-08-30,1536.9,1541.9,1525.6,1529.4
2019-09-03,1535.2,1558.9,1528,1555.9
2019-09-04,1556,1566.2,1542.6,1560.4
2019-09-05,1561.4,1561.9,1514.3,1525.5
2019-09-06,1525.6,1536.2,1510.7,1515.5
2019-09-09,1516.4,1523.8,1505.5,1511.1
2019-09-10,1507,1509.1,1492.1,1499.2
2019-09-11,1493.9,1506.2,1492.9,1503.2
2019-09-12,1504.9,1532.2,1496.8,1507.4
2019-09-13,1506.5,1516.6,1493.1,1499.5
2019-09-16,1513.1,1519.7,1503.4,1511.5
2019-09-17,1506.5,1515,1500.9,1513.4
2019-09-18,1509.7,1519.5,1490.7,1515.8
2019-09-19,1502,1512.1,1496.3,1506.2
2019-09-20,1506.8,1524.5,1505.3,1515.1
2019-09-23,1521.5,1534.4,1517.9,1531.5
2019-09-24,1529.8,1543.3,1522.8,1540.2
2019-09-25,1539.8,1542.8,1507.4,1512.3
2019-09-26,1510.9,1519.5,1507.1,1515.2
2019-09-27,1511.8,1514.4,1493.3,1506.4
2019-09-30,1501.7,1507.2,1470.5,1472.9
2019-10-01,1478,1493.5,1465,1489
2019-10-02,1485.4,1511.4,1480.5,1507.9
2019-10-03,1505.6,1525.8,1501.7,1513.8
2019-10-04,1511.6,1522.2,1501.4,1512.9
2019-10-07,1518.6,1518.8,1493.3,1504.4
2019-10-08,1498.7,1515.3,1492.1,1503.9
2019-10-09,1510.9,1518,1505.1,1512.8
2019-10-10,1510.8,1522.3,1495.7,1500.9
2019-10-11,1498.3,1508,1478,1488.7
2019-10-14,1492,1501.5,1487.1,1497.6
2019-10-15,1497.7,1503,1480.8,1483.5
2019-10-16,1484.8,1495.5,1480.6,1494
2019-10-17,1494.2,1501.1,1487,1498.3
2019-10-18,1495.6,1497.9,1488.3,1494.1
2019-10-21,1495.6,1498.7,1484.8,1488.1
2019-10-22,1487.5,1492.1,1484,1487.5
2019-10-23,1491.1,1499.4,1490.7,1495.7
2019-10-24,1495.1,1506.9,1490.4,1504.7
2019-10-25,1506.4,1520.9,1503.1,1505.3
2019-10-28,1507.4,1510.8,1492.3,1495.8
2019-10-29,1494.3,1497.1,1485.6,1490.7
2019-10-30,1490.5,1499.3,1483.1,1496.7
2019-10-31,1498.8,1516.7,1496,1514.8
2019-11-01,1515.1,1519,1505.4,1511.4
2019-11-04,1516.4,1517.1,1506.5,1511.1
2019-11-05,1511.6,1511.9,1480.7,1483.7
2019-11-06,1484.3,1495.9,1483.8,1493.1
2019-11-07,1492.1,1493.6,1461.4,1466.4
2019-11-08,1469,1473.9,1457,1462.9
2019-11-11,1460,1467.4,1448.9,1457.1
2019-11-12,1455.9,1461.3,1446.2,1453.7
2019-11-13,1456.5,1467.9,1456.4,1463.3
2019-11-14,1464,1475.5,1461.7,1473.4
2019-11-15,1471.9,1472.1,1462.8,1468.5
2019-11-18,1467.8,1474.4,1456.6,1471.9
2019-11-19,1471.9,1475.8,1465.1,1474.3
2019-11-20,1472.7,1479.2,1466.1,1474.2
2019-11-21,1475.1,1475.9,1462.4,1463.6
2019-11-22,1464.3,1473.4,1461.2,1463.6
2019-11-25,1467.5,1468.9,1460.7,1463.8
2019-11-26,1461.3,1470,1456.6,1467.4
2019-11-27,1468.3,1469.1,1459.1,1460.8
2019-11-29,1461.2,1472.9,1459.1,1472.7
2019-12-02,1470.3,1471.7,1459.8,1469.2
2019-12-03,1468,1487.7,1465.4,1484.4
2019-12-04,1483.2,1489.9,1476.7,1480.2
2019-12-05,1480,1485.7,1478,1483.1
2019-12-06,1481,1485.3,1463.3,1465.1
2019-12-09,1464.1,1469.8,1463,1464.9
2019-12-10,1466.3,1473.7,1464.2,1468.1
2019-12-11,1468.5,1483.5,1466.9,1475
2019-12-12,1479.2,1491.6,1468.2,1472.3
2019-12-13,1470.8,1482.5,1465.5,1481.2
2019-12-16,1480,1484.5,1477.4,1480.5
2019-12-17,1480.6,1484.9,1478.4,1480.6
2019-12-18,1480.4,1483.6,1474.3,1478.7
2019-12-19,1479.4,1485.8,1477.1,1484.4
2019-12-20,1482.7,1484.8,1479.5,1480.9
2019-12-23,1482.4,1490.1,1481.2,1488.7
2019-12-24,1489.8,1505,1488.1,1504.8
2019-12-26,1503.9,1517.4,1502.1,1514.4
2019-12-27,1516.5,1519.9,1512.1,1518.1
2019-12-30,1515.9,1519.1,1513.5,1518.6
2019-12-31,1517.7,1529,1517.5,1523.1
2020-01-02,1521,1534,1519.7,1528.1
2020-01-03,1531.7,1556.6,1530.4,1552.4
2020-01-06,1562.7,1590.9,1562.3,1568.8
2020-01-07,1567.4,1579.2,1557,1574.3
2020-01-08,1578.8,1613.3,1553.4,1560.2
2020-01-09,1557.7,1562.4,1541,1554.3
2020-01-10,1553.4,1564.1,1546.7,1560.1
2020-01-13,1563,1563.1,1547,1550.6
2020-01-14,1548.6,1549.5,1536.4,1544.6
2020-01-15,1546.8,1558.8,1546.5,1554
2020-01-16,1556.6,1558.2,1548,1550.5
2020-01-17,1553,1561.4,1549.3,1560.3
2020-01-21,1557.3,1568.8,1546,1557.9
2020-01-22,1558.9,1559.8,1550,1556.7
2020-01-23,1558.9,1567.5,1551.3,1565.4
2020-01-24,1562.9,1575.5,1555.8,1571.9
2020-01-27,1580.5,1588.4,1575.3,1577.4
2020-01-28,1580.6,1582.2,1564.6,1569.8
2020-01-29,1566.3,1577.7,1562,1570.4
2020-01-30,1576.8,1585,1571.4,1583.5
2020-01-31,1573.4,1589,1570,1582.9
2020-02-03,1597.8,1598.5,1573.2,1582.4
2020-02-04,1581.5,1584.5,1552.8,1555.5
2020-02-05,1556.1,1566.2,1551.1,1562.8
2020-02-06,1560,1571.9,1556,1570
2020-02-07,1570.7,1577.8,1563.5,1573.4
2020-02-10,1575.8,1580.5,1571.5,1579.5
2020-02-11,1575.5,1577.5,1565.2,1570.1
2020-02-12,1571.2,1573.6,1564.4,1571.6
2020-02-13,1569.8,1581.7,1568.5,1578.8
2020-02-14,1579,1588.2,1576,1586.4
2020-02-18,1585.1,1608.2,1581.8,1603.6
2020-02-19,1604.8,1615.9,1602.4,1611.8
2020-02-20,1615,1626.5,1606.6,1620.5
2020-02-21,1623.6,1652.1,1621.6,1648.8
2020-02-24,1656,1691.7,1652.8,1676.6
2020-02-25,1661.8,1666.7,1627,1650
2020-02-26,1637.3,1657.1,1626.6,1643.1
2020-02-27,1643,1662.5,1636.7,1642.5
2020-02-28,1646.1,1651,1564,1566.7
2020-03-02,1592.8,1612.1,1576.3,1594.8
2020-03-03,1586,1650.5,1585.9,1644.4
2020-03-04,1640.1,1654.3,1632.6,1643
2020-03-05,1638.2,1675.5,1635.6,1668
2020-03-06,1673.1,1692.8,1642.4,1672.4
2020-03-09,1692.6,1704.3,1658,1675.7
2020-03-10,1679.6,1681.3,1641.1,1660.3
2020-03-11,1649.3,1671.8,1632.4,1642.3
2020-03-12,1633.1,1651,1560.4,1590.3
2020-03-13,1582.7,1597.9,1504,1516.7
2020-03-16,1563.8,1574.8,1450.9,1486.5
2020-03-17,1512.8,1554.3,1465.6,1525.8
2020-03-18,1527.6,1547,1473.3,1477.9
2020-03-19,1487.2,1502.8,1460.1,1479.3
2020-03-20,1471.6,1519.4,1457.5,1484.6
2020-03-23,1505,1569.3,1484.6,1567.6
2020-03-24,1563.8,1698,1560.5,1660.8
2020-03-25,1666.2,1699.3,1615.2,1633.4
2020-03-26,1642.5,1672.5,1611,1651.2
2020-03-27,1640.4,1647.2,1611.4,1625
2020-03-30,1663.4,1673.6,1632,1643.2
2020-03-31,1643.4,1645.6,1588.2,1596.6
2020-04-01,1589.4,1612.4,1576,1591.4
2020-04-02,1602.4,1645.6,1595.2,1637.7
2020-04-03,1635.3,1652.8,1624.4,1645.7
2020-04-06,1647.7,1715.8,1638.2,1693.9
2020-04-07,1707.1,1742.6,1672,1683.7
2020-04-08,1678.7,1695.8,1670.7,1684.3
2020-04-09,1680.5,1754.5,1676.5,1752.8
2020-04-13,1742.3,1772.8,1724.2,1761.4
2020-04-14,1761.5,1788.8,1747.1,1768.9
2020-04-15,1758.1,1759.8,1731.6,1740.2
2020-04-16,1743.5,1768,1722.6,1731.7
2020-04-17,1738.5,1738.8,1691.2,1698.8
2020-04-20,1693,1718.4,1685,1711.2
2020-04-21,1713.3,1718,1666.2,1687.8
2020-04-22,1703.1,1742.4,1695.4,1738.3
2020-04-23,1736.5,1764.2,1730.6,1745.4
2020-04-24,1753,1760.2,1725.4,1735.6
2020-04-27,1745,1745.8,1720,1723.8
2020-04-28,1724.4,1731.9,1704.1,1722.2
2020-04-29,1724.8,1733.5,1708.2,1713.4
2020-04-30,1729.6,1737,1687.5,1694.2
2020-05-01,1693.5,1714.4,1676,1700.9
2020-05-04,1711.2,1726,1700.3,1713.3
2020-05-05,1711,1717.8,1695.4,1710.6
2020-05-06,1714.1,1716.6,1683,1688.5
2020-05-07,1686,1733.2,1683.9,1725.8
2020-05-08,1727.2,1735.5,1703.1,1713.9
2020-05-11,1706,1713.8,1692.1,1698
2020-05-12,1700,1716.7,1693.5,1706.8
2020-05-13,1705,1726.5,1701.6,1716.4
2020-05-14,1723.1,1746.5,1716,1740.9
2020-05-15,1738.5,1761.2,1736.8,1756.3
2020-05-18,1757.5,1775.8,1729.3,1734.4
2020-05-19,1734.8,1751.6,1727.2,1745.6
2020-05-20,1749.2,1757.6,1744,1752.1
2020-05-21,1751.7,1751.7,1715.3,1721.9
2020-05-22,1726,1742,1722.5,1735.5
2020-05-26,1734.8,1737.2,1700,1705.6
2020-05-27,1703.1,1713.2,1684.2,1710.7
2020-05-28,1709.3,1727.8,1705,1713.3
2020-05-29,1718.8,1738.3,1715.1,1736.9
2020-06-01,1749.8,1761,1737.6,1750.3
2020-06-02,1750.3,1757,1728,1734
2020-06-03,1733.7,1738.9,1690.3,1704.8
2020-06-04,1702.8,1729,1698.9,1727.4
2020-06-05,1720.8,1723.2,1671.7,1683
2020-06-08,1686.7,1707.6,1680.7,1705.1
2020-06-09,1703.9,1729.4,1697.6,1721.9
2020-06-10,1718.9,1749.4,1714.1,1720.7
2020-06-11,1746.6,1754.9,1727.5,1739.8
2020-06-12,1733.6,1753,1728.2,1737.3
2020-06-15,1740.7,1743.8,1706.2,1727.2
2020-06-16,1732.3,1741.3,1721.8,1736.5
2020-06-17,1735.3,1739.3,1717.3,1735.6
2020-06-18,1735.5,1749.2,1722.7,1731.1
2020-06-19,1729.8,1760.9,1728.3,1753
2020-06-22,1765.8,1779,1753.5,1766.4
2020-06-23,1764.9,1786.8,1758.3,1782
2020-06-24,1784.4,1796.1,1770.6,1775.1
2020-06-25,1772.3,1779.6,1764.1,1770.6
2020-06-26,1774.8,1786.2,1754,1780.3
2020-06-29,1789.2,1790.4,1776.5,1781.2
2020-06-30,1784.2,1804,1774.8,1800.5
2020-07-01,1798.9,1807.7,1767.9,1779.9
2020-07-02,1779,1791.7,1766.3,1790
2020-07-06,1787,1799,1779.2,1793.5
2020-07-07,1793.9,1810.8,1781.2,1809.9
2020-07-08,1807.9,1829.8,1803.8,1820.6
2020-07-09,1818.8,1825.5,1799.6,1803.8
2020-07-10,1808.4,1817,1796.5,1801.9
2020-07-13,1803.4,1818.8,1802.1,1814.1
2020-07-14,1805.2,1815,1791.1,1813.4
2020-07-15,1811.1,1819.5,1804,1813.8
2020-07-16,1813.1,1816.2,1794.1,1800.3
2020-07-17,1796.9,1813.9,1795.2,1810
2020-07-20,1812.3,1823.4,1806.6,1817.4
2020-07-21,1819.6,1844.9,1817.2,1843.9
2020-07-22,1842.8,1871.8,1842.1,1865.1
2020-07-23,1871.6,1897.7,1863.1,1890
2020-07-24,1884.9,1904.6,1880.5,1897.5
2020-07-27,1901.2,1941.9,1899,1931
2020-07-28,1937.1,1974.7,1900.2,1944.6
2020-07-29,1950.6,1974.9,1935.2,1953.4
2020-07-30,1963.4,1965.1,1930,1942.3
2020-07-31,1948.6,1981.1,1948,1962.8
2020-08-03,1985.2,1997,1963.5,1974.7
2020-08-04,1981.7,2025,1971,2008.5
2020-08-05,2024.7,2057.5,2015.5,2037.1
2020-08-06,2042.6,2070,2037.2,2058.4
2020-08-07,2065.1,2078,2015,2018
2020-08-10,2034.5,2050.9,2018.9,2030.3
2020-08-11,2038.4,2040.5,1911.3,1946.3
2020-08-12,1921.6,1961,1874.2,1949
2020-08-13,1927.3,1974.8,1923,1970.4
2020-08-14,1963.8,1970,1939.1,1949.8
2020-08-17,1956.4,2000.8,1939.1,1998.7
2020-08-18,1993.6,2024.6,1985.2,2013.1
2020-08-19,2010.5,2015.6,1930.5,1970.3
2020-08-20,1934.4,1963.1,1928.9,1946.5
2020-08-21,1955.6,1963.1,1916.6,1947
2020-08-24,1947.9,1970.3,1930.8,1939.2
2020-08-25,1935.9,1944.1,1919.1,1923.1
2020-08-26,1939,1963.4,1908.4,1952.5
2020-08-27,1963,1987,1914.7,1932.6
2020-08-28,1937.5,1983,1928.2,1974.9
2020-08-31,1973.9,1985.8,1962.3,1978.6
2020-09-01,1973.7,2001.2,1969.2,1978.9
2020-09-02,1976.8,1980.4,1938.9,1944.7
2020-09-03,1948.9,1956.6,1927.2,1937.8
2020-09-04,1938,1956.6,1921.6,1934.3
2020-09-08,1938,1948.3,1911.7,1943.2
2020-09-09,1939.4,1959.7,1926.3,1954.9
2020-09-10,1955.3,1975.2,1948.6,1964.3
2020-09-11,1953.8,1963.4,1944,1947.9
2020-09-14,1948.9,1972.5,1945.2,1963.7
2020-09-15,1966.2,1982.4,1955.6,1966.2
2020-09-16,1961.4,1983.8,1957.2,1970.5
2020-09-17,1967.6,1969.3,1938.2,1949.9
2020-09-18,1951.1,1968.2,1951.1,1962.1
2020-09-21,1957.3,1962.9,1885.4,1910.6
2020-09-22,1918.1,1925.5,1898.9,1907.6
2020-09-23,1905.1,1909.9,1856,1868.4
2020-09-24,1866.9,1880.9,1851,1876.9
2020-09-25,1872.7,1879.3,1854.1,1866.3
2020-09-28,1862.7,1888.2,1851.1,1882.3
2020-09-29,1886.4,1904.8,1880.8,1903.2
2020-09-30,1903.2,1908.2,1885.8,1895.5
2020-10-01,1891.2,1917.9,1890,1916.3
2020-10-02,1911,1923.6,1895.2,1907.6
2020-10-05,1910.9,1924.9,1891.2,1920.1
2020-10-06,1917.8,1927,1878.2,1908.8
2020-10-07,1882.6,1902.4,1877.2,1890.8
2020-10-08,1890.6,1905.3,1885.3,1895.1
2020-10-09,1898.4,1936.8,1898,1926.2
2020-10-12,1935,1939.4,1923.8,1928.9
2020-10-13,1927.3,1930.6,1889.3,1894.6
2020-10-14,1895.4,1917.5,1885,1907.3
2020-10-15,1906,1913.2,1892.7,1908.9
2020-10-16,1912.7,1918.7,1901.1,1906.4
2020-10-19,1903.2,1923.4,1900.2,1911.7
2020-10-20,1906.4,1917.6,1896.6,1915.4
2020-10-21,1911.6,1936,1911.6,1929.5
2020-10-22,1927.4,1929.4,1894.2,1904.6
2020-10-23,1906.5,1917.3,1895.2,1905.2
2020-10-26,1906,1911.1,1892.5,1905.7
2020-10-27,1904.4,1913.8,1898.7,1911.9
2020-10-28,1909.8,1912.6,1869.1,1879.2
2020-10-29,1877.5,1885.1,1859.2,1868
2020-10-30,1867.9,1890.9,1863.3,1879.9
2020-11-02,1877,1897.1,1873.3,1892.5
2020-11-03,1896.4,1912.2,1887.6,1910.4
2020-11-04,1910.3,1917.9,1881.8,1896.2
2020-11-05,1903.4,1954.3,1902.2,1946.8
2020-11-06,1950,1961.8,1937.2,1951.7
2020-11-09,1956,1966.1,1848,1854.4
2020-11-10,1864.1,1888.9,1858.9,1876.4
2020-11-11,1876.1,1882.5,1853.9,1861.6
2020-11-12,1863.9,1883,1860.7,1873.3
2020-11-13,1875.6,1895.8,1872.1,1886.2
2020-11-16,1886.6,1898,1861.5,1887.8
2020-11-17,1888.2,1892.7,1876.3,1885.1
2020-11-18,1879.5,1884.2,1860.3,1873.9
2020-11-19,1872,1872.6,1850,1861.5
2020-11-20,1864.8,1879.2,1859.1,1872.4
2020-11-23,1869.8,1875,1828,1837.8
2020-11-24,1835.7,1836.9,1797.1,1804.6
2020-11-25,1805.2,1816.3,1798.6,1805.5
2020-11-27,1806.1,1817,1770.7,1781.9
2020-11-30,1790.8,1793.3,1767.2,1780.9
2020-12-01,1780.3,1821.1,1778.4,1818.9
2020-12-02,1819.1,1835.7,1810.5,1830.2
2020-12-03,1833.9,1847.4,1826.7,1841.1
2020-12-04,1844.7,1852.7,1832,1840
2020-12-07,1841.1,1873,1824.8,1866
2020-12-08,1866.1,1879.8,1863.9,1874.9
2020-12-09,1875.4,1875.9,1828.2,1838.5
2020-12-10,1843,1854.2,1831.5,1837.4
2020-12-11,1840,1851.8,1826.8,1843.6
2020-12-14,1845,1845.6,1820,1832.1
2020-12-15,1830.5,1859.3,1828.5,1855.3
2020-12-16,1857.7,1870,1848.2,1859.1
2020-12-17,1868.4,1902,1865.9,1890.4
2020-12-18,1891.3,1895.7,1881.9,1888.9
2020-12-21,1892.9,1912,1859,1882.8
2020-12-22,1883,1889.4,1863.7,1870.3
2020-12-23,1865.6,1883.7,1860.9,1878.1
2020-12-24,1877.3,1887.4,1873.1,1883.2
2020-12-28,1887,1904.1,1873,1880.4
2020-12-29,1878,1891.3,1875.6,1882.9
2020-12-30,1881.8,1899,1879.5,1893.4
2020-12-31,1899,1904.9,1889.1,1895.1
2021-01-04,1908.2,1948.7,1906.1,1946.6
2021-01-05,1946,1957,1938.4,1954.4
2021-01-06,1952.8,1962.5,1902.6,1908.6
2021-01-07,1921.5,1929.6,1907.5,1913.6
2021-01-08,1915.2,1918.4,1827.8,1835.4
2021-01-11,1849.4,1856,1817.1,1850.8
2021-01-12,1845.4,1864,1835.8,1844.2
2021-01-13,1855,1863,1841.6,1854.9
2021-01-14,1845.6,1857.6,1826.6,1851.4
2021-01-15,1847.3,1856.6,1822.1,1829.9
2021-01-19,1828.8,1845,1800.8,1840.2
2021-01-20,1839.9,1872,1831.1,1866.5
2021-01-21,1871,1874.6,1857.5,1865.9
2021-01-22,1870.1,1870.8,1836.3,1856.2
2021-01-25,1855.3,1867.4,1846.2,1855.2
2021-01-26,1854.9,1860.8,1847.2,1850.9
2021-01-27,1849.7,1851.5,1828.4,1844.9
2021-01-28,1847.2,1867,1835.6,1841.2
2021-01-29,1845.6,1878.9,1841.2,1850.3
2021-02-01,1865,1876,1851.7,1863.9
2021-02-02,1863.6,1866.3,1830.4,1833.4
2021-02-03,1838.5,1845.9,1830.1,1835.1
2021-02-04,1834.5,1835.7,1784.6,1791.2
2021-02-05,1794.3,1816,1792.2,1813
2021-02-08,1818.1,1840.6,1807.3,1834.2
2021-02-09,1832.4,1849.5,1830.3,1837.5
2021-02-10,1838.3,1856.6,1834,1842.7
2021-02-11,1844.3,1848.6,1821.7,1826.8
2021-02-12,1825.4,1831.5,1810.1,1823.2
2021-02-16,1826,1827.1,1788.1,1799
2021-02-17,1793.1,1794.2,1767.9,1772.8
2021-02-18,1776,1788.8,1766.6,1775
2021-02-19,1774.6,1790.9,1759,1777.4
2021-02-22,1782,1812.4,1778.6,1808.4
2021-02-23,1809.3,1815.2,1794.5,1805.9
2021-02-24,1805,1813,1782.2,1797.9
2021-02-25,1804.9,1805,1763.9,1775.4
2021-02-26,1770.9,1773.8,1714.9,1728.8
2021-03-01,1732.8,1757.4,1717.2,1723
2021-03-02,1722.8,1737.8,1704.6,1733.6
2021-03-03,1736.5,1739.1,1699.4,1715.8
2021-03-04,1708.4,1721.6,1687.6,1700.7
2021-03-05,1695.3,1705.7,1683,1698.5
2021-03-08,1701.6,1712,1673.3,1678
2021-03-09,1679.3,1718.7,1676.7,1716.9
2021-03-10,1714.5,1725.3,1705.6,1721.8
2021-03-11,1725,1738,1716.8,1722.6
2021-03-12,1720.5,1728,1696.6,1719.8
2021-03-15,1726.5,1733.2,1719.2,1729.2
2021-03-16,1730.7,1740.5,1724.4,1730.9
2021-03-17,1730,1750.6,1722,1727.1
2021-03-18,1744,1754.2,1716.6,1732.5
2021-03-19,1733.7,1746.1,1727.1,1741.7
2021-03-22,1745.6,1747,1726.4,1738.1
2021-03-23,1738.5,1742,1722.7,1725.1
2021-03-24,1725.9,1737.7,1722.3,1733.2
2021-03-25,1733.2,1744.8,1720.3,1725.1
2021-03-26,1725.5,1735.5,1718.8,1732.3
2021-03-29,1732.4,1734.8,1705.6,1714.6
2021-03-30,1713,1714.8,1678.3,1686
2021-03-31,1685.9,1716.3,1677.3,1715.6
2021-04-01,1709,1732,1706.4,1728.4
2021-04-05,1730,1734.4,1721.6,1728.8
2021-04-06,1729.2,1746.7,1728.2,1743
2021-04-07,1744.4,1745.4,1731.2,1741.6
2021-04-08,1738.6,1759.4,1733.6,1758.2
2021-04-09,1756.5,1758.2,1730.8,1744.8
2021-04-12,1744.5,1746.2,1727,1732.7
2021-04-13,1732.2,1749.5,1723.2,1747.6
2021-04-14,1746.4,1750.7,1732.3,1736.3
2021-04-15,1736.6,1770.6,1734.4,1766.8
2021-04-16,1764.8,1784.7,1760.3,1780.2
2021-04-19,1778.8,1790.4,1766.6,1770.6
2021-04-20,1770.5,1780.8,1763.5,1778.4
2021-04-21,1779.1,1798.4,1776.6,1793.1
2021-04-22,1794.5,1798.1,1777.1,1782
2021-04-23,1784,1796.3,1769.5,1777.8
2021-04-26,1776.1,1783.1,1768.2,1780.1
2021-04-27,1781.1,1785.9,1773.9,1778.8
2021-04-28,1776.4,1782.7,1761.8,1773.9
2021-04-29,1781.9,1789.9,1754.6,1768.3
2021-04-30,1772.4,1773.3,1763.3,1767.7
2021-05-03,1768.1,1798.9,1765.6,1791.8
2021-05-04,1793.2,1799.5,1769.2,1776
2021-05-05,1778.4,1788.1,1769.3,1784.3
2021-05-06,1787,1818.6,1781.8,1815.7
2021-05-07,1815.4,1844.6,1813.4,1831.3
2021-05-10,1835.4,1846.3,1830.5,1837.6
2021-05-11,1836.2,1842.5,1817.8,1836.1
2021-05-12,1838.2,1844.7,1813,1822.8
2021-05-13,1816.2,1829.1,1808.4,1824
2021-05-14,1826.4,1847.1,1819,1838.1
2021-05-17,1845.9,1869.3,1841.1,1867.6
2021-05-18,1867.3,1875.9,1863.5,1868
2021-05-19,1870.2,1891.3,1852.2,1881.5
2021-05-20,1869.9,1885.3,1864.2,1881.9
2021-05-21,1878.1,1890.3,1870.3,1876.7
2021-05-24,1883.5,1887.9,1875.7,1884.5
2021-05-25,1881.2,1901.2,1873.2,1898
2021-05-26,1900,1913.3,1890.7,1901.2
2021-05-27,1896.8,1903.9,1888.2,1895.7
2021-05-28,1897.5,1905.4,1881.9,1902.5
2021-06-01,1906.8,1919.2,1894.5,1905
2021-06-02,1903,1911.8,1896.4,1909.9
2021-06-03,1910.5,1912.3,1866.7,1873.3
2021-06-04,1872.7,1899,1855.6,1892
2021-06-07,1894.3,1902.9,1883.7,1898.8
2021-06-08,1901.6,1906.9,1885.7,1894.4
2021-06-09,1894.4,1901.7,1889.3,1895.5
2021-06-10,1891.4,1903,1871.8,1896.4
2021-06-11,1901.9,1906.2,1876.1,1879.6
2021-06-14,1879.6,1906.2,1845.7,1865.9
2021-06-15,1867.8,1870.9,1853,1856.4
2021-06-16,1861,1866,1804.4,1861.4
2021-06-17,1812.3,1826.4,1767.9,1774.8
2021-06-18,1773.9,1797.9,1761.2,1769
2021-06-21,1764.3,1786.9,1764.1,1782.9
2021-06-22,1783.2,1790.1,1771.2,1777.4
2021-06-23,1779.1,1795.6,1773.1,1783.4
2021-06-24,1778.2,1788.6,1772.7,1776.7
2021-06-25,1775.7,1791,1773.6,1777.8
2021-06-28,1782,1786.1,1770.4,1780.7
2021-06-29,1778.8,1779.2,1750.1,1763.6
2021-06-30,1761.9,1774.7,1753.2,1771.6
2021-07-01,1770.8,1783.4,1765.9,1776.8
2021-07-02,1777.5,1795.9,1774.4,1783.3
2021-07-06,1787.5,1815.7,1784.7,1794.2
2021-07-07,1797,1810.2,1794.1,1802.1
2021-07-08,1803.8,1819.5,1793.5,1800.2
2021-07-09,1803.2,1813,1796.6,1810.6
2021-07-12,1808.5,1811,1791,1805.9
2021-07-13,1806.7,1818,1798.7,1809.9
2021-07-14,1808.3,1831.1,1804.9,1825
2021-07-15,1828.7,1835,1820.6,1829
2021-07-16,1830.7,1832.7,1809.5,1815
2021-07-19,1811.6,1818,1795,1809.2
2021-07-20,1813.5,1825.9,1805.2,1811.4
2021-07-21,1810.6,1814.4,1794.3,1803.4
2021-07-22,1803.9,1808.4,1791.9,1805.4
2021-07-23,1807.7,1810.7,1789.1,1801.8
2021-07-26,1802.3,1812,1796,1799.2
2021-07-27,1797.1,1805.4,1792.8,1799.8
2021-07-28,1798.6,1809,1790.7,1799.7
2021-07-29,1806.6,1832.6,1806.1,1831.2
2021-07-30,1828,1830.5,1808.9,1812.6
2021-08-02,1817,1823.2,1808.2,1822.2
2021-08-03,1816.8,1818.2,1809.5,1814.1
2021-08-04,1813.7,1835.9,1808.3,1814.5
2021-08-05,1814.9,1817.9,1799.7,1808.9
2021-08-06,1806.7,1807,1759.5,1763.1
2021-08-09,1765,1765.7,1675.9,1726.5
2021-08-10,1732,1739.4,1718.5,1731.7
2021-08-11,1730.4,1756.7,1724.6,1753.3
2021-08-12,1752.9,1759.6,1742.6,1751.8
2021-08-13,1754.4,1781.9,1753,1778.2
2021-08-16,1780.9,1791.3,1772,1789.8
2021-08-17,1789.1,1797.6,1782.1,1787.8
2021-08-18,1787.8,1795.7,1778.8,1784.4
2021-08-19,1789.5,1795,1774.6,1783.1
2021-08-20,1782.8,1791,1780,1784
2021-08-23,1781.2,1809.1,1778,1806.3
2021-08-24,1807.6,1812.2,1802.6,1808.5
2021-08-25,1805.1,1805.3,1784,1791
2021-08-26,1793,1800.4,1781.3,1795.2
2021-08-27,1795.2,1821.9,1785.2,1819.5
2021-08-30,1821.6,1826.5,1810,1812.2
2021-08-31,1812.2,1821.9,1803.4,1818.1
2021-09-01,1816.7,1822.7,1810.6,1816
2021-09-02,1816.2,1819.6,1806.5,1811.5
2021-09-03,1811.5,1836.9,1810.9,1833.7
2021-09-07,1833.5,1833.5,1793.7,1798.5
2021-09-08,1796.1,1804.4,1783.1,1793.5
2021-09-09,1790.9,1803.4,1785.1,1800
2021-09-10,1796.2,1806,1788.2,1792.1
2021-09-13,1789.8,1800.2,1784.4,1794.4
2021-09-14,1794.8,1810.6,1780.6,1807.1
2021-09-15,1806.6,1808.5,1791.7,1794.8
2021-09-16,1795.5,1797.3,1745.5,1756.7
2021-09-17,1754.6,1767.8,1747.1,1751.4
2021-09-20,1754.2,1768.4,1742.3,1763.8
2021-09-21,1765.5,1782.8,1758.3,1778.2
2021-09-22,1775,1788.4,1764.6,1778.8
2021-09-23,1769.2,1777.1,1737.5,1749.8
2021-09-24,1743.7,1758,1740.2,1751.7
2021-09-27,1751.8,1760.9,1744.7,1752
2021-09-28,1750,1754.3,1727.8,1737.5
2021-09-29,1734,1746,1721.1,1722.9
2021-09-30,1726,1765,1721.8,1757
2021-10-01,1757.2,1765.2,1749.9,1758.4
2021-10-04,1762.6,1771.5,1747.7,1767.6
2021-10-05,1770.8,1771.1,1748.6,1760.9
2021-10-06,1760.5,1765.9,1745.4,1761.8
2021-10-07,1763.8,1767.7,1752,1759.2
2021-10-08,1757,1782.4,1753.6,1757.4
2021-10-11,1757.4,1761.1,1749.9,1755.7
2021-10-12,1753.6,1770,1750.5,1759.3
2021-10-13,1760.4,1797.4,1757.9,1794.7
2021-10-14,1793.6,1801.9,1787.6,1797.9
2021-10-15,1797.3,1797.7,1765.1,1768.3
2021-10-18,1767.5,1772.5,1760.3,1765.7
2021-10-19,1764.8,1786,1763.4,1770.5
2021-10-20,1769.4,1789.6,1767.1,1784.9
2021-10-21,1782.5,1790.3,1776.8,1781.9
2021-10-22,1783.7,1815.5,1783.4,1796.3
2021-10-25,1794.2,1811.5,1793,1806.8
2021-10-26,1808.7,1809.8,1783,1793.4
2021-10-27,1795,1801,1784.3,1798.8
2021-10-28,1798.7,1812.7,1793.1,1802.6
2021-10-29,1801.5,1802.9,1772.4,1783.9
2021-11-01,1785.3,1797.5,1780.2,1795.8
2021-11-02,1794.8,1797.8,1787.4,1789.4
2021-11-03,1789.2,1789.3,1758.5,1763.9
2021-11-04,1769.9,1800.3,1769.3,1793.5
2021-11-05,1792.6,1820.1,1785.3,1816.8
2021-11-08,1820.6,1828.3,1813.8,1828
2021-11-09,1826.9,1834.8,1821,1830.8
2021-11-10,1834.5,1870.6,1823,1848.3
2021-11-11,1851.5,1868.7,1845.1,1863.9
2021-11-12,1864.3,1871.4,1847.5,1868.5
2021-11-15,1872.6,1873,1858.5,1866.6
2021-11-16,1864.9,1879.5,1851,1854.1
2021-11-17,1851.6,1870.6,1851.1,1870.2
2021-11-18,1869.5,1873.3,1856.6,1861.4
2021-11-19,1860.8,1868.1,1844.2,1851.6
2021-11-22,1848.3,1850.4,1802.4,1806.3
2021-11-23,1807.1,1812.5,1781.7,1783.8
2021-11-24,1789.8,1796.2,1777.4,1784.3
2021-11-26,1789.6,1816.3,1778.6,1785.5
2021-11-29,1795.2,1801.5,1782,1785.2
2021-11-30,1786.9,1811.4,1771.2,1776.5
2021-12-01,1777.4,1795.7,1773.7,1784.3
2021-12-02,1783.8,1785.2,1762.2,1762.7
2021-12-03,1769.4,1788,1766,1783.9
2021-12-06,1787.7,1789,1776.4,1779.5
2021-12-07,1779.5,1789.3,1772.4,1784.7
2021-12-08,1785.1,1794.3,1780.1,1785.5
2021-12-09,1784.3,1788.4,1773.3,1776.7
2021-12-10,1776.3,1791,1770.4,1784.8
2021-12-13,1784.2,1792.8,1782.2,1788.3
2021-12-14,1787.6,1789.8,1766.1,1772.3
2021-12-15,1771.9,1781.3,1753,1764.5
2021-12-16,1777.9,1800.7,1775.7,1798.2
2021-12-17,1801.5,1815.7,1796.5,1804.9
2021-12-20,1800.2,1804.6,1789,1794.6
2021-12-21,1791.4,1801.7,1785,1788.7
2021-12-22,1789.4,1806.3,1785.8,1802.2
2021-12-23,1805.6,1812,1799,1811.7
2021-12-27,1810.2,1814.6,1803.6,1808.8
2021-12-28,1812.1,1821.6,1805.5,1810.9
2021-12-29,1806.6,1808,1789.1,1805.8
2021-12-30,1805.6,1818.1,1796.2,1814.1
2021-12-31,1817,1831.4,1815.4,1828.6
2022-01-03,1830.1,1833,1798.2,1800.1
2022-01-04,1801.1,1817.2,1798.1,1814.6
2022-01-05,1815.2,1830.7,1808.2,1825.1
2022-01-06,1810.6,1811.6,1785.4,1789.2
2022-01-07,1791,1798.4,1781.3,1797.4
2022-01-10,1796.4,1802,1789.3,1798.8
2022-01-11,1801.3,1823.1,1799.7,1818.5
2022-01-12,1821.3,1828.2,1814.4,1827.3
2022-01-13,1825.7,1828.3,1811.8,1821.4
2022-01-14,1822.1,1829.3,1814.2,1816.5
2022-01-18,1818.7,1822.9,1804.7,1812.4
2022-01-19,1812.9,1843.9,1809,1843.2
2022-01-20,1840.1,1848.5,1836.2,1842.6
2022-01-21,1840.6,1843.7,1828.4,1831.8
2022-01-24,1835.2,1844.9,1829.3,1841.7
2022-01-25,1843.6,1854.2,1834.4,1852.5
2022-01-26,1848,1850.2,1814.1,1829.7
2022-01-27,1819,1821.4,1790.6,1793.1
2022-01-28,1797.5,1798.4,1778.8,1784.9
2022-01-31,1788.5,1798.9,1785.1,1795
2022-02-01,1798.9,1809.7,1796.2,1801.5
2022-02-02,1800.8,1812,1794.6,1810.3
2022-02-03,1807.4,1809.5,1788.5,1804.1
2022-02-04,1805.4,1815.8,1792.1,1807.8
2022-02-07,1808,1824.6,1807.5,1821.8
2022-02-08,1821.5,1829.9,1816,1827.9
2022-02-09,1827,1837.1,1825.5,1836.6
2022-02-10,1834,1843.3,1821.8,1837.4
2022-02-11,1827,1867.4,1821.1,1842.1
2022-02-14,1862.2,1876.5,1851.9,1869.4
2022-02-15,1873.8,1881.6,1845.4,1856.2
2022-02-16,1855.5,1874.6,1851.8,1871.5
2022-02-17,1872,1904,1869.7,1902
2022-02-18,1901.4,1905,1888,1899.8
2022-02-22,1903.5,1918.3,1889.7,1907.4
2022-02-23,1901.2,1912.9,1891.1,1910.4
2022-02-24,1911.9,1976.5,1878.6,1926.3
2022-02-25,1906.5,1925,1884.4,1887.6
2022-02-28,1921,1935.2,1892.2,1900.7
2022-03-01,1908.4,1952.6,1903,1943.8
2022-03-02,1945.3,1951.4,1916,1922.3
2022-03-03,1931.7,1944.6,1923.1,1935.9
2022-03-04,1938.5,1974.9,1931.5,1966.6
2022-03-07,1978.5,2007.5,1964.2,1995.9
2022-03-08,2001,2078.8,1985.8,2043.3
2022-03-09,2060.2,2068.5,1981,1988.2
2022-03-10,1992.8,2015.1,1975,2000.4
2022-03-11,2000.3,2004,1960.6,1985
2022-03-14,1988.7,1994.8,1952,1960.8
2022-03-15,1953.7,1956.9,1908.1,1929.7
2022-03-16,1920.1,1930.1,1895.2,1909.2
2022-03-17,1928.4,1951,1924,1943.2
2022-03-18,1943.9,1946.2,1918,1929.3
2022-03-21,1922.4,1941.8,1917.2,1929.5
2022-03-22,1936.1,1939.5,1909.8,1921.5
2022-03-23,1920.9,1948.8,1915.6,1937.3
2022-03-24,1944.1,1967.2,1937.4,1962.2
2022-03-25,1957.8,1965.1,1942.6,1954.2
2022-03-28,1958.7,1959.8,1915.7,1939.8
2022-03-29,1922.4,1929.4,1888.3,1912.2
2022-03-30,1918.4,1937,1914.5,1933.5
2022-03-31,1933.5,1949.9,1919.1,1949.2
2022-04-01,1935,1938,1917,1919.1
2022-04-04,1927.1,1941.6,1918.2,1934
2022-04-05,1937.3,1948.9,1920.9,1927.5
2022-04-06,1927.6,1937.6,1916.2,1923.1
2022-04-07,1928.1,1941.7,1923.3,1937.8
2022-04-08,1934.3,1952.2,1930.4,1945.6
2022-04-11,1949.6,1974.6,1942.9,1948.2
2022-04-12,1957.4,1982.7,1953,1976.1
2022-04-13,1970.5,1985.8,1966.3,1984.7
2022-04-14,1981.6,1984,1962.7,1974.9
2022-04-18,1978.5,2003,1974.4,1986.4
2022-04-19,1981.2,1985.1,1945.5,1959
2022-04-20,1952.7,1960.9,1941,1955.6
2022-04-21,1960,1960.1,1938,1948.2
2022-04-22,1953.1,1957.8,1928,1934.3
2022-04-25,1931.9,1935.5,1891.8,1896
2022-04-26,1899.8,1912.2,1896.3,1904.1
2022-04-27,1907.4,1908.1,1881.6,1888.7
2022-04-28,1886.8,1897.8,1870.9,1891.3
2022-04-29,1895.8,1921.3,1893.5,1911.7
2022-05-02,1896.2,1900.4,1853.4,1863.6
2022-05-03,1863.6,1878.4,1849.7,1870.6
2022-05-04,1868.3,1892,1861.1,1868.8
2022-05-05,1884.1,1910.7,1872.3,1875.7
2022-05-06,1877.5,1894,1865,1882.8
2022-05-09,1883.7,1885.6,1851,1858.6
2022-05-10,1853.9,1864.7,1834.5,1841
2022-05-11,1836.6,1857.8,1830.6,1853.7
2022-05-12,1852.3,1858.8,1820.1,1824.6
2022-05-13,1821.4,1827.6,1797.2,1808.2
2022-05-16,1809.4,1826,1785,1814
2022-05-17,1823.9,1834.8,1811,1818.9
2022-05-18,1813.2,1822.9,1805,1815.9
2022-05-19,1815.1,1848.2,1808.4,1841.2
2022-05-20,1839.6,1847.8,1830.6,1842.1
2022-05-23,1844.4,1864.3,1843.3,1847.8
2022-05-24,1852.3,1869.1,1847.6,1865.4
2022-05-25,1865.4,1866.7,1838.7,1846.3
2022-05-26,1851.8,1852.8,1836.3,1847.6
2022-05-27,1848.3,1860.7,1845.9,1851.3
2022-05-31,1856.5,1867.9,1837.6,1848.4
2022-06-01,1840,1853,1830.2,1848.7
2022-06-02,1849.9,1874.4,1846.5,1871.4
2022-06-03,1872.6,1878.6,1849.7,1850.2
2022-06-06,1853.7,1861.2,1843,1843.7
2022-06-07,1843.5,1858.2,1838.5,1852.1
2022-06-08,1855,1862.4,1846.6,1856.5
2022-06-09,1855.1,1857.8,1841.9,1852.8
2022-06-10,1850.4,1879.6,1826.5,1875.5
2022-06-13,1879,1882.5,1819,1831.8
2022-06-14,1820.9,1833.3,1806.1,1813.5
2022-06-15,1809.7,1845.4,1808.4,1819.6
2022-06-16,1835.8,1860.2,1816.3,1849.9
2022-06-17,1859.3,1861.5,1836.1,1840.6
2022-06-21,1840.6,1848.4,1830.7,1838.8
2022-06-22,1834.9,1850.3,1824.5,1838.4
2022-06-23,1839.7,1848.9,1823.5,1829.8
2022-06-24,1824.2,1833.7,1817.7,1830.3
2022-06-27,1839.6,1842.8,1821.8,1824.8
2022-06-28,1823.6,1830.9,1819.1,1821.2
2022-06-29,1821.4,1834.9,1810.7,1817.5
2022-06-30,1819.2,1826.8,1802.5,1807.3
2022-07-01,1808.1,1813.6,1783.4,1801.5
2022-07-05,1814.4,1815.2,1763,1763.9
2022-07-06,1764.2,1771.5,1730.7,1736.5
2022-07-07,1737.2,1748.2,1734.7,1739.7
2022-07-08,1738.7,1751.7,1725,1742.3
2022-07-11,1741.5,1743,1729,1731.7
2022-07-12,1731.3,1742.2,1721.6,1724.8
2022-07-13,1723.6,1744.3,1704.5,1735.5
2022-07-14,1733.6,1734.8,1695,1705.8
2022-07-15,1708.2,1714.2,1696.6,1703.6
2022-07-18,1706.4,1722,1704.4,1710.2
2022-07-19,1707.2,1716.5,1702.6,1710.7
2022-07-20,1709.5,1712.7,1690.1,1700.2
2022-07-21,1693.7,1719.5,1678.4,1713.4
2022-07-22,1717.2,1738.3,1711.7,1727.4
2022-07-25,1726.3,1734.6,1712.9,1719.1
2022-07-26,1717.9,1726.4,1711.5,1717.7
2022-07-27,1715.2,1739.6,1709.1,1719.1
2022-07-28,1732.3,1755,1732,1750.3
2022-07-29,1754,1765.7,1750,1762.9
2022-08-01,1782.5,1792.5,1774.3,1787.7
2022-08-02,1789.2,1805,1776,1789.7
2022-08-03,1777.3,1789.4,1770,1776.4
2022-08-04,1782.1,1812,1779.4,1806.9
2022-08-05,1807.7,1811.6,1780.2,1791.2
2022-08-08,1790.3,1806.4,1786.9,1805.2
2022-08-09,1805.5,1817,1799.4,1812.3
2022-08-10,1811.5,1824.6,1803.3,1813.7
2022-08-11,1807.9,1814.9,1798.6,1807.2
2022-08-12,1805.2,1819.1,1799.6,1815.5
2022-08-15,1818.9,1818.9,1787.6,1798.1
2022-08-16,1795.5,1798,1785.4,1789.7
2022-08-17,1790.8,1796.6,1773.9,1776.7
2022-08-18,1777.1,1786.3,1768.8,1771.2
2022-08-19,1773.1,1773.3,1759.1,1762.9
2022-08-22,1760.6,1762.1,1740.2,1748.4
2022-08-23,1750,1767.5,1743.1,1761.2
2022-08-24,1761.3,1769.5,1754.8,1761.5
2022-08-25,1764.4,1778.8,1763,1771.4
2022-08-26,1771.8,1772.3,1746.2,1749.8
2022-08-29,1748.4,1757.9,1731.4,1749.7
2022-08-30,1749.8,1752.8,1732.9,1736.3
2022-08-31,1735.5,1738,1720.6,1726.2
2022-09-01,1723,1723,1699.1,1709.3
2022-09-02,1707.8,1729.5,1705.9,1722.6
2022-09-06,1724.2,1737.4,1710.6,1712.9
2022-09-07,1712.9,1731.2,1701.7,1727.8
2022-09-08,1729.5,1739.4,1713.7,1720.2
2022-09-09,1719.6,1740.5,1719.4,1728.6
2022-09-12,1728.4,1746.4,1722.3,1740.6
2022-09-13,1736,1742.9,1706.7,1717.4
2022-09-14,1711.6,1717.3,1703.3,1709.1
2022-09-15,1707.2,1707.8,1668.9,1677.3
2022-09-16,1673.7,1689.9,1661.9,1683.5
2022-09-19,1685.4,1688.8,1667.6,1678.2
2022-09-20,1684.9,1688.8,1668.1,1671.1
2022-09-21,1673.2,1696.9,1661.3,1675.7
2022-09-22,1682.8,1693.5,1663.3,1681.1
2022-09-23,1680.1,1685,1646.6,1655.6
2022-09-26,1651,1657.2,1627.7,1633.4
2022-09-27,1629.2,1650.1,1628.7,1636.2
2022-09-28,1636.5,1671.6,1622.2,1670
2022-09-29,1669,1673.1,1649.3,1668.6
2022-09-30,1669.5,1684.4,1667.5,1672
2022-10-03,1670.5,1710.4,1666.5,1702
2022-10-04,1708.4,1738.7,1704,1730.5
2022-10-05,1734.4,1736.6,1708.8,1720.8
2022-10-06,1725.5,1734.2,1714.8,1720.8
2022-10-07,1721,1722.8,1698.4,1709.3
2022-10-10,1703.4,1707.4,1672.5,1675.2
2022-10-11,1675.6,1691.3,1667.5,1686
2022-10-12,1673.4,1685.1,1668,1677.5
2022-10-13,1680.2,1688.9,1648.3,1677
2022-10-14,1672.8,1677.8,1645.6,1648.9
2022-10-17,1649.9,1674.3,1649.1,1664
2022-10-18,1655.9,1666,1650.6,1655.8
2022-10-19,1657.2,1659.8,1632.2,1634.2
2022-10-20,1634.6,1650.3,1626.3,1636.8
2022-10-21,1632.4,1663.1,1621.1,1656.3
2022-10-24,1662.9,1675.5,1648,1654.1
2022-10-25,1654.5,1666.8,1641.2,1658
2022-10-26,1657.7,1679.4,1653.8,1669.2
2022-10-27,1668.8,1674.8,1658.5,1665.6
2022-10-28,1667.2,1670.9,1640.7,1644.8
2022-10-31,1647.2,1648.5,1634.5,1640.7
2022-11-01,1636.1,1660.3,1633.6,1649.7
2022-11-02,1651.4,1673.1,1637.4,1650
2022-11-03,1639.1,1643.2,1618.3,1630.9
2022-11-04,1631.7,1686.4,1631.1,1676.6
2022-11-07,1678.6,1685.6,1670,1680.5
2022-11-08,1678,1720.4,1667.1,1716
2022-11-09,1715.2,1725.8,1705.1,1713.7
2022-11-10,1709.7,1760.6,1705.5,1753.7
2022-11-11,1758.3,1775.6,1750.3,1769.4
2022-11-14,1769.4,1778.4,1755.8,1776.9
2022-11-15,1774,1791.8,1770.2,1776.8
2022-11-16,1782,1788.2,1773.4,1775.8
2022-11-17,1777,1777.6,1756.6,1763
2022-11-18,1763.1,1769.9,1749.2,1754.4
2022-11-21,1752,1755,1733.9,1739.6
2022-11-22,1739.7,1751,1737.6,1739.9
2022-11-23,1740.8,1754.9,1719,1745.6
2022-11-25,1751,1761.2,1745.9,1754
2022-11-28,1755,1763.5,1738.2,1740.3
2022-11-29,1739.5,1758.2,1737.9,1748.4
2022-11-30,1763.4,1784.2,1758.2,1759.9
2022-12-01,1783.1,1818.4,1782.9,1815.2
2022-12-02,1817,1818.7,1791.8,1809.6
2022-12-05,1810.5,1822.9,1778.1,1781.3
2022-12-06,1780.8,1793.2,1779.1,1782.4
2022-12-07,1783.3,1803.2,1780.5,1798
2022-12-08,1799.5,1806.9,1793.2,1801.5
2022-12-09,1801.9,1819,1800.1,1810.7
2022-12-12,1808,1809.3,1789,1792.3
2022-12-13,1792.3,1836.9,1791.8,1825.5
2022-12-14,1822.6,1825.4,1806.2,1818.7
2022-12-15,1818.7,1819.7,1782,1787.8
2022-12-16,1786.9,1804.2,1783.9,1800.2
2022-12-19,1801.6,1808.6,1793.2,1797.7
2022-12-20,1796.8,1832.4,1793.7,1825.4
2022-12-21,1827.9,1833.8,1821.3,1825.4
2022-12-22,1823.8,1829.3,1792.7,1795.3
2022-12-23,1801,1812.2,1798.9,1804.2
2022-12-27,1808.2,1841.9,1808,1823.1
2022-12-28,1822.4,1822.8,1804.2,1815.8
2022-12-29,1812.3,1827.3,1811.2,1826
2022-12-30,1821.8,1832.4,1819.8,1826.2
2023-01-03,1831.8,1856.6,1831.3,1846.1
2023-01-04,1845.2,1871.3,1842,1859
2023-01-05,1861.2,1864.3,1829.9,1840.6
2023-01-06,1835.9,1875.2,1835.2,1869.7
2023-01-09,1872.8,1886.4,1869.3,1877.8
2023-01-10,1875.7,1885.2,1872,1876.5
2023-01-11,1881.3,1890.9,1870.9,1878.9
2023-01-12,1879.7,1906.5,1872.4,1898.8
2023-01-13,1898.8,1925.3,1895.1,1921.7
2023-01-17,1923.8,1931.8,1906.2,1909.9
2023-01-18,1911.1,1929.8,1898.6,1907
2023-01-19,1907,1936.9,1902,1923.9
2023-01-20,1933.7,1939,1922,1928.2
2023-01-23,1928.4,1936.7,1912.5,1928.6
2023-01-24,1932,1943.8,1918.2,1935.4
2023-01-25,1938.7,1949.5,1920.6,1942.6
2023-01-26,1948,1949.8,1918.4,1930
2023-01-27,1929.3,1935.4,1916.5,1929.4
2023-01-30,1928.3,1933.6,1920.3,1922.9
2023-01-31,1938.6,1946.9,1915.5,1945.3
2023-02-01,1944,1970.8,1936.1,1942.8
2023-02-02,1967.1,1975.2,1925.6,1930.8
2023-02-03,1926.3,1932.4,1874.5,1876.6
2023-02-06,1878,1894,1873.2,1879.5
2023-02-07,1880.3,1897.2,1877.5,1884.8
2023-02-08,1885.1,1898.9,1881.4,1890.7
2023-02-09,1888.3,1902.3,1870.2,1878.5
2023-02-10,1873.5,1883.5,1863.5,1874.5
2023-02-13,1876.7,1877.2,1860.8,1863.5
2023-02-14,1864.1,1881.6,1852.5,1865.4
2023-02-15,1865.1,1870.9,1839.3,1845.3
2023-02-16,1846.5,1854.9,1836.6,1851.8
2023-02-17,1845.7,1853.1,1827.7,1850.2
2023-02-21,1850.5,1856.4,1839,1842.5
2023-02-22,1843.7,1855,1831.9,1841.5
2023-02-23,1834.7,1841.2,1824.8,1826.8
2023-02-24,1829.7,1835.1,1815.5,1817.1
2023-02-27,1818,1827.3,1812,1824.9
2023-02-28,1823.9,1838.6,1810.8,1836.7
2023-03-01,1834,1852.5,1829.6,1845.4
2023-03-02,1843.8,1845.3,1835.9,1840.5
2023-03-03,1842.1,1864.4,1842,1854.6
2023-03-06,1861,1864.3,1850.6,1854.6
2023-03-07,1852.6,1856.9,1817.1,1820
2023-03-08,1818,1828.7,1813.4,1818.6
2023-03-09,1818,1839.4,1815.4,1834.6
2023-03-10,1835.1,1874.3,1830,1867.2
2023-03-13,1877.1,1919.5,1875.7,1916.5
2023-03-14,1919.4,1919.4,1899.8,1910.9
2023-03-15,1908.2,1942.5,1889.5,1931.3
2023-03-16,1922.8,1938,1911.5,1923
2023-03-17,1925.9,1993.7,1922.3,1973.5
2023-03-20,1989.7,2014.9,1970,1982.8
2023-03-21,1983.1,1988.7,1938.6,1941.1
2023-03-22,1943.5,1982.3,1936.5,1949.6
2023-03-23,1974,2006.1,1967.3,1995.9
2023-03-24,1996.1,2006.5,1977.7,1983.8
2023-03-27,2000.3,2001.5,1962.7,1971.5
2023-03-28,1975.4,1994.2,1967.6,1990.4
2023-03-29,1992.1,1993.2,1976.4,1984.5
2023-03-30,1982.7,2002.4,1971.6,1997.7
2023-03-31,1998,2005.5,1984.2,1986.2
2023-04-03,1990,2008,1965.9,2000.4
2023-04-04,2001.3,2043.4,1994,2038.2
2023-04-05,2038.2,2049.2,2026.1,2035.6
2023-04-06,2037.1,2037.7,2016.5,2026.4
2023-04-10,2008.6,2021.5,1996.5,2003.8
2023-04-11,2007,2022.5,2003.7,2019
2023-04-12,2019.1,2043.9,2015.7,2024.9
2023-04-13,2029.5,2063.4,2028.3,2055.3
2023-04-14,2054.7,2061.6,2006,2015.8
2023-04-17,2014.1,2028,1993.4,2007
2023-04-18,2007.9,2024.6,2003.3,2019.7
2023-04-19,2017.9,2020.3,1980.9,2007.3
2023-04-20,2007.7,2024.2,2002.2,2019.1
2023-04-21,2016.1,2016.8,1982.3,1990.5
2023-04-24,1992,2001.5,1984.4,1999.8
2023-04-25,1999.4,2014.5,1986.2,2004.5
2023-04-26,2007.7,2020.2,1993.7,1996
2023-04-27,1999.8,2013.3,1982,1999
2023-04-28,1997.2,2004.1,1984.4,1999.1
2023-05-01,2000.2,2015.4,1985.7,1992.2
2023-05-02,1990.5,2028.8,1986.9,2023.3
2023-05-03,2026.4,2050,2016,2037
2023-05-04,2054.7,2085.4,2038.5,2055.7
2023-05-05,2058,2061.3,2007,2024.8
2023-05-08,2024.6,2037.1,2022,2033.2
2023-05-09,2028.4,2045.1,2026.4,2042.9
2023-05-10,2041.6,2056,2028.3,2037.1
2023-05-11,2036.8,2047.6,2016.7,2020.5
2023-05-12,2020.5,2027.8,2005.7,2019.8
2023-05-15,2013.4,2027.5,2011.2,2022.7
2023-05-16,2021.3,2022.7,1989.1,1993
2023-05-17,1993,1997,1978.1,1984.9
2023-05-18,1985.6,1988.8,1954.4,1959.8
2023-05-19,1960.5,1987.4,1956.3,1981.6
2023-05-22,1979.4,1984.8,1970.7,1977.2
2023-05-23,1973.9,1980,1955.8,1974.5
2023-05-24,1977.3,1987.9,1958.4,1964.6
2023-05-25,1959.5,1965.4,1939,1943.7
2023-05-26,1941.7,1957.1,1936,1944.3
2023-05-30,1961.3,1981.9,1949.6,1977.1
2023-05-31,1977.5,1993.1,1971.8,1982.1
2023-06-01,1981.3,2000.7,1970.1,1995.5
2023-06-02,1994.6,2000.5,1963.7,1969.6
2023-06-05,1962.3,1980.4,1953.8,1974.3
2023-06-06,1978,1982.9,1970.3,1981.5
2023-06-07,1980,1986.5,1955.4,1958.4
2023-06-08,1956.2,1985.7,1955.2,1978.6
2023-06-09,1980.5,1987.8,1971,1977.2
2023-06-12,1975.6,1981.4,1963.1,1969.7
2023-06-13,1971.4,1985.9,1953,1958.6
2023-06-14,1957.2,1973.9,1952.5,1968.9
2023-06-15,1955.7,1972.8,1936.1,1970.7
2023-06-16,1970.3,1980.4,1965.4,1971.2
2023-06-20,1970.7,1971.8,1940.8,1947.7
2023-06-21,1948,1950.4,1929.3,1944.9
2023-06-22,1943.3,1945.1,1922,1923.7
2023-06-23,1923.5,1949,1919.5,1929.6
2023-06-26,1936.3,1943.4,1931.1,1933.8
2023-06-27,1932.7,1940.3,1919.8,1923.8
2023-06-28,1923.1,1926.1,1911.4,1922.2
2023-06-29,1916.5,1921.3,1900.6,1917.9
2023-06-30,1916.4,1930.8,1908.1,1929.4
2023-07-03,1927.8,1939.9,1917.7,1929.5
2023-07-05,1929.1,1942.9,1922.1,1927.1
2023-07-06,1922.4,1934,1908.5,1915.4
2023-07-07,1916.6,1941.1,1915.4,1932.5
2023-07-10,1930.7,1933.7,1918,1931
2023-07-11,1930.8,1944.5,1929.8,1937.1
2023-07-12,1938,1965.1,1937.5,1961.7
2023-07-13,1962.7,1968.5,1956.6,1963.8
2023-07-14,1965.2,1967.8,1954.7,1964.4
2023-07-17,1958.6,1963.6,1949,1956.4
2023-07-18,1958.3,1988.3,1958.1,1980.8
2023-07-19,1982.5,1984.6,1973.3,1980.8
2023-07-20,1980,1989.8,1967.7,1970.9
2023-07-21,1972.1,1975.9,1958.8,1966.6
2023-07-24,1963.6,1969.8,1955.3,1962.2
2023-07-25,1957,1967.1,1951.6,1963.7
2023-07-26,1966.3,1979.9,1963.2,1970.1
2023-07-27,1973.3,1982.6,1941.7,1945.7
2023-07-28,1945.5,1962.2,1944.2,1960.4
2023-07-31,1997.9,2010.9,1986.7,2009.2
2023-08-01,2004.2,2004.4,1978.3,1978.8
2023-08-02,1988.9,1992.2,1969.1,1975
2023-08-03,1970.8,1974.5,1964.5,1968.8
2023-08-04,1969.6,1984.2,1954.5,1976.1
2023-08-07,1977.6,1981.7,1966.1,1970
2023-08-08,1971.5,1972.8,1956.5,1959.9
2023-08-09,1959.3,1966.1,1947.2,1950.6
2023-08-10,1947.7,1963.5,1944.4,1948.9
2023-08-11,1944.9,1953.6,1942.7,1946.6
2023-08-14,1945.6,1948.2,1934.2,1944
2023-08-15,1939.4,1944.3,1927.5,1935.2
2023-08-16,1933.1,1938.2,1922,1928.3
2023-08-17,1922.4,1933.5,1914.2,1915.2
2023-08-18,1919.2,1926,1915.9,1916.5
2023-08-21,1918.4,1927.9,1913.6,1923
2023-08-22,1924,1933.2,1917.5,1926
2023-08-23,1926.8,1949.7,1926.2,1948.1
2023-08-24,1944.9,1951.3,1939.2,1947.1
2023-08-25,1944.9,1950.4,1931,1939.9
2023-08-28,1944,1954.2,1940.1,1946.8
2023-08-29,1948.1,1966.5,1941.7,1965.1
2023-08-30,1966,1977.1,1962.8,1973
2023-08-31,1970.2,1974.9,1965.5,1965.9
2023-09-01,1966.4,1980.2,1960.7,1967.1
2023-09-05,1966.7,1972.6,1950.6,1952.6
2023-09-06,1951.5,1954.5,1940,1944.20
2023-09-07,1942.2,1947.9,1940.3,1942.5
2023-09-08,1943.8,1954,1940.8,1942.7
2023-09-11,1943.3,1954.6,1939.5,1947.2
2023-09-12,1945.6,1947.5,1929.9,1935.1
2023-09-13,1935.2,1938.4,1927.2,1932.5
2023-09-14,1930.7,1934.5,1921.7,1932.8
2023-09-15,1932.5,1952.4,1931.2,1946.2
2023-09-18,1945.7,1955.7,1943.8,1953.4
2023-09-19,1955.3,1958.9,1950.9,1953.7
2023-09-20,1953,1968.9,1948.6,1967.1
2023-09-21,1952,1952.2,1933.1,1939.6
2023-09-22,1939.6,1949.1,1939.6,1945.6
2023-09-25,1944.7,1946.8,1933.8,1936.6
2023-09-26,1935.1,1935.5,1917.2,1919.8
2023-09-27,1918.8,1921.7,1890.3,1890.9
2023-09-28,1893.3,1896.8,1874.5,1878.6
2023-09-29,1882.3,1896.7,1862.3,1866.1
2023-10-02,1864.4,1864.7,1842.7,1847.2
2023-10-03,1844.9,1849.3,1830.9,1841.5
2023-10-04,1838.7,1846.8,1831.6,1834.8
2023-10-05,1837.6,1843.5,1826.2,1831.8
2023-10-06,1834.3,1849,1823.5,1845.2
2023-10-09,1861,1877.3,1857.5,1864.3
2023-10-10,1875.4,1879.1,1866.1,1875.3
2023-10-11,1873.7,1890.9,1871.7,1887.3
2023-10-12,1888.1,1898.3,1880.6,1883
2023-10-13,1881.7,1946.2,1881.5,1941.5
2023-10-16,1941.3,1943,1921.2,1934.3
2023-10-17,1933.3,1944.5,1924.6,1935.7
2023-10-18,1936.7,1975.8,1935.9,1968.3
2023-10-19,1960.1,1990.2,1957,1980.5
2023-10-20,1988,2009.2,1983.7,1994.4
2023-10-23,1987.7,1994.3,1971,1987.8
2023-10-24,1984.1,1992,1964.6,1986.1
2023-10-25,1982.7,1998.6,1973.6,1994.9
2023-10-26,1991.2,2003.7,1981.6,1997.4
2023-10-27,1995,2019.7,1986.4,1998.5
2023-10-30,2013.5,2016.8,1999.7,2005.6
2023-10-31,2005.6,2017.7,1987.4,1994.3
2023-11-01,1993.3,2005.9,1978.2,1987.5
2023-11-02,1992,1999.2,1986.3,1993.5
2023-11-03,1993.5,2011.9,1989.3,1999.2
2023-11-06,1999.4,2000.1,1984.2,1988.6
2023-11-07,1984.8,1985.2,1962.8,1973.5
2023-11-08,1975.3,1977.5,1953.2,1957.8
2023-11-09,1955.5,1971.5,1948.3,1969.8
2023-11-10,1964.1,1965.6,1936.9,1937.7
2023-11-13,1943.4,1953.5,1935.6,1950.2
2023-11-14,1950.3,1975.3,1938.8,1966.5
2023-11-15,1966.9,1979.2,1958.8,1964.3
2023-11-16,1963,1991.1,1959,1987.3
2023-11-17,1984.2,1996.4,1981.1,1984.7
2023-11-20,1980.9,1987.8,1967.2,1980.3
2023-11-21,1980,2009.8,1979.9,2001.6
2023-11-22,2000.3,2008.3,1988.6,1992.8
2023-11-24,1991.2,2004.5,1990.9,2003
2023-11-27,2002.5,2018.9,2001.4,2012.4
2023-11-28,2014.3,2044.1,2011.5,2040
2023-11-29,2041.7,2052.1,2036,2047.1
2023-11-30,2046.1,2047.1,2033.1,2038.1
2023-12-01,2038.3,2073.2,2036,2071
2023-12-04,2094.4,2152.3,2038.4,2042.2
2023-12-05,2049,2059.6,2027.6,2036.3
2023-12-06,2037.8,2053.4,2035.3,2047.9
2023-12-07,2043.4,2057.2,2036.6,2046.4
2023-12-08,2045.7,2050.4,2010.6,2014.5
2023-12-11,2020,2023.7,1991.2,1993.7
2023-12-12,1997.8,2012.5,1992.3,1993.2
2023-12-13,1995.1,2043.3,1987.9,1997.3
2023-12-14,2043.2,2062.9,2039.1,2044.9
2023-12-15,2051.3,2059.6,2029.2,2035.7
2023-12-18,2033.3,2048,2029.5,2040.5
2023-12-19,2041.1,2061,2034.8,2052.1
2023-12-20,2053.8,2056.9,2040.6,2047.7
2023-12-21,2044.4,2058,2043.3,2051.3
2023-12-22,2061.2,2083,2058.2,2069.1
2023-12-26,2066,2080.5,2065.1,2069.8
2023-12-27,2079.3,2095.8,2072.8,2093.1
2023-12-28,2089.5,2098.2,2074.6,2083.5
2023-12-29,2076.1,2084.1,2067.6,2071.8
2024-01-02,2072.7,2088.1,2064.3,2073.4
2024-01-03,2067.9,2074.3,2038.3,2042.8
2024-01-04,2049.3,2058.1,2043.3,2050
2024-01-05,2051.4,2071.1,2030.8,2049.8
2024-01-08,2052.6,2053.3,2022.7,2033.5
2024-01-09,2034.5,2048.6,2031.9,2033
2024-01-10,2036,2046.2,2025.9,2027.8
2024-01-11,2029.4,2056.1,2017.3,2019.2
2024-01-12,2033.2,2067.3,2033.1,2051.6
2024-01-16,2053.4,2062.8,2027.6,2030.2
2024-01-17,2031.7,2036.1,2004.6,2006.5
2024-01-18,2009.1,2025.6,2007.7,2021.6
2024-01-19,2027.4,2041.9,2022.2,2029.3
2024-01-22,2031.8,2034.1,2017.4,2022.2
2024-01-23,2023.2,2039.3,2020.8,2025.8
2024-01-24,2030.7,2037.9,2011.7,2016
2024-01-25,2014.8,2025.6,2004,2017.8
2024-01-26,2021,2028.1,2015.6,2017.3
2024-01-29,2043,2056.2,2037.7,2044.6
2024-01-30,2051.5,2068,2047.1,2050.9
2024-01-31,2055.3,2074.6,2048.8,2067.4
2024-02-01,2057.9,2083.2,2046.4,2071.1
2024-02-02,2072,2074.7,2044.2,2053.7
2024-02-05,2057.9,2059.1,2030.8,2042.9
2024-02-06,2041.4,2055.3,2038.8,2051.4
2024-02-07,2052.6,2061.3,2046.4,2051.7
2024-02-08,2051,2053.8,2034.6,2047.9
2024-02-09,2049.7,2051.9,2034.3,2038.7
2024-02-12,2038.2,2041.8,2025.4,2033
2024-02-13,2033.7,2047.3,2002.8,2007.2
2024-02-14,2006.3,2008.8,1996.4,2004.3
2024-02-15,2004.8,2020.2,2001.8,2014.9
2024-02-16,2016.1,2027.2,2006.6,2024.1
2024-02-20,2027.7,2042.7,2023.9,2039.8
2024-02-21,2036.2,2043.5,2030.9,2034.3
2024-02-22,2036.5,2045.5,2029.3,2030.7
2024-02-23,2034.1,2053.2,2025.4,2049.4
2024-02-26,2044.2,2046.8,2034.1,2038.9
2024-02-27,2041.2,2049.1,2038.1,2044.1
2024-02-28,2039.7,2047.4,2033.4,2042.7
2024-02-29,2043.8,2059.4,2036,2054.7
2024-03-01,2052.8,2097.1,2047,2095.7
2024-03-04,2091.6,2128.4,2088.1,2126.3
2024-03-05,2123.3,2150.5,2118.5,2141.9
2024-03-06,2136.4,2160.7,2131.9,2158.2
2024-03-07,2156.7,2172.2,2151.7,2165.2
2024-03-08,2166.6,2203,2161.2,2185.5
2024-03-11,2187.6,2195.5,2180.9,2188.6
2024-03-12,2189.1,2190.8,2156.2,2166.1
2024-03-13,2163.6,2185.6,2161.3,2180.8
2024-03-14,2179.5,2181.3,2157,2167.5
2024-03-15,2166.2,2176.9,2158.7,2161.5
2024-03-18,2159.9,2167.2,2149.2,2164.3
2024-03-19,2164,2166.3,2150.2,2159.7
2024-03-20,2161.4,2192.2,2152.3,2161
2024-03-21,2190.2,2225.3,2168.2,2184.7
2024-03-22,2183.4,2188,2158.4,2160
2024-03-25,2166.6,2182.5,2164.4,2176.4
2024-03-26,2173,2200.6,2168.3,2177.2
2024-03-27,2200.5,2218.3,2193.7,2212.7
2024-03-28,2215.7,2256.9,2207.5,2238.4
2024-04-01,2259.2,2286.4,2249.1,2257.1
2024-04-02,2272.7,2301.9,2267.1,2281.8
2024-04-03,2301.7,2321.8,2285.7,2315
2024-04-04,2321,2325.3,2298.7,2308.5
2024-04-05,2309.5,2350,2286.2,2345.4
2024-04-08,2343.6,2372.5,2321.7,2351
2024-04-09,2358.1,2384.5,2355.7,2362.4
2024-04-10,2372.4,2378.1,2337.1,2348.4
2024-04-11,2351.7,2395.6,2343.1,2372.7
2024-04-12,2389.4,2448.8,2350.6,2374.1
2024-04-15,2369.4,2404.3,2340.2,2383
2024-04-16,2399.1,2414.8,2379.2,2407.8
2024-04-17,2398,2412,2370.7,2388.4
2024-04-18,2377.9,2408,2377.2,2398
2024-04-19,2394,2433.3,2386.8,2413.8
2024-04-22,2403.7,2404.3,2338.2,2346.4
2024-04-23,2342.3,2347.9,2304.6,2342.1
2024-04-24,2335.7,2350.9,2324.8,2338.4
2024-04-25,2327.4,2357.6,2316.4,2342.5
2024-04-26,2344.2,2364.4,2338,2347.2
2024-04-29,2347.6,2358.9,2331,2357.7
2024-04-30,2347,2347.6,2296.2,2302.9
2024-05-01,2298.2,2339.5,2291.7,2311
2024-05-02,2329.9,2336.1,2294.3,2309.6
2024-05-03,2313.5,2330.7,2285.2,2308.6
2024-05-06,2312.8,2341.9,2300.6,2331.2
2024-05-07,2334.8,2338.7,2318.2,2324.2
2024-05-08,2322,2329.6,2311.4,2322.3
2024-05-09,2316.5,2354.2,2312.9,2340.3
2024-05-10,2353.5,2385.3,2352,2375
2024-05-13,2369.1,2370.8,2337.6,2343
2024-05-14,2342.3,2365.2,2340.5,2359.9
2024-05-15,2362.9,2396.1,2357.1,2394.9
2024-05-16,2391.5,2402.7,2375.2,2385.5
2024-05-17,2381.4,2427.4,2377.8,2417.4
2024-05-20,2422.2,2454.2,2411.1,2438.5
2024-05-21,2431.5,2438.2,2408.5,2425.9
2024-05-22,2425.4,2430.5,2378,2392.9
2024-05-23,2383,2385.7,2328.1,2337.2
2024-05-24,2330.4,2349,2326.3,2334.5
2024-05-28,2338,2365.5,2333.8,2356.5
2024-05-29,2362.5,2363.7,2334.2,2341.2
2024-05-30,2361,2373.7,2343.3,2366.5
2024-05-31,2364.5,2381.2,2341.1,2345.8
2024-06-03,2348,2375.5,2334.8,2369.3
2024-06-04,2371.3,2373.1,2335.1,2347.4
2024-06-05,2347.1,2377.6,2345.3,2375.5
2024-06-06,2375.3,2397.8,2372.2,2390.9
2024-06-07,2395.7,2406.7,2304.2,2325
2024-06-10,2311,2331.3,2304.5,2327
2024-06-11,2329.5,2337.3,2314.5,2326.6
2024-06-12,2334,2358.8,2327.2,2354.8
2024-06-13,2340.9,2342.4,2310.9,2318
2024-06-14,2319.6,2352.3,2316.7,2349.1
2024-06-17,2348.5,2348.7,2324.3,2329
2024-06-18,2333.7,2348.2,2320.2,2346.9
2024-06-20,2344.2,2379.5,2338.5,2369
2024-06-21,2373.8,2382.6,2329.2,2331.2
2024-06-24,2333.5,2347.5,2329.5,2344.4
2024-06-25,2346.8,2349.7,2327.1,2330.8
2024-06-26,2331.8,2335.8,2304.7,2313.2
2024-06-27,2309.4,2342,2306.8,2336.6
2024-06-28,2338.6,2350.6,2329.7,2339.6
2024-07-01,2336.2,2348.8,2328.2,2338.9
2024-07-02,2341.6,2346.1,2327.4,2333.4
2024-07-03,2338.6,2374.5,2335.7,2369.4
2024-07-05,2365.8,2401.5,2356,2397.7
2024-07-08,2396.2,2399.3,2358.3,2363.5
2024-07-09,2366.5,2378.3,2356,2367.9
2024-07-10,2371,2393.4,2369.7,2379.7
2024-07-11,2377.4,2430.4,2376.8,2421.9
2024-07-12,2421,2423.2,2396.1,2420.7
2024-07-15,2419.3,2445,2406.1,2428.9
2024-07-16,2427.1,2474.5,2424.5,2467.8
2024-07-17,2473.2,2488.4,2455.5,2459.9
2024-07-18,2462.5,2478.5,2442.9,2456.4
2024-07-19,2448,2448.4,2395.7,2399.1
2024-07-22,2403.7,2414.4,2385.2,2394.7
2024-07-23,2398,2413.5,2389.2,2407.3
2024-07-24,2410.7,2433,2397,2415.7
2024-07-25,2398.1,2400.8,2351.9,2353.5
2024-07-26,2363.8,2389.7,2354.6,2381
2024-07-29,2433.6,2449.3,2414.5,2425.5
2024-07-30,2429,2458.3,2421.5,2451.9
2024-07-31,2455.6,2496.6,2449.2,2473
2024-08-01,2493.4,2506.6,2474,2480.8
2024-08-02,2490.8,2522.5,2453.1,2469.8
2024-08-05,2490.3,2500.8,2403.8,2444.4
2024-08-06,2451.7,2459.5,2421.8,2431.6
2024-08-07,2432.6,2447.3,2418.8,2432.4
2024-08-08,2422.8,2467.9,2420.2,2463.3
2024-08-09,2467.3,2476.5,2456.1,2473.4
2024-08-12,2470.1,2513.4,2462.7,2504
2024-08-13,2512.6,2517.3,2498.2,2507.8
2024-08-14,2506.3,2519.7,2476.2,2479.7
2024-08-15,2486.2,2508,2469.2,2492.4
2024-08-16,2494.4,2548.3,2488.2,2537.8
2024-08-19,2549.7,2549.9,2523.7,2541.3
2024-08-20,2542.4,2570.4,2535.1,2550.6
2024-08-21,2552.2,2558,2528.2,2547.5
2024-08-22,2549.9,2551.4,2506.4,2516.7
2024-08-23,2521.1,2554.5,2519.8,2546.3
2024-08-26,2545.1,2563.2,2544,2555.2
2024-08-27,2553.8,2561.4,2538.5,2552.9
2024-08-28,2559.8,2564.3,2527.8,2537.8
2024-08-29,2539.2,2562.2,2536.5,2560.3
2024-08-30,2553.6,2560.1,2526.6,2527.6
2024-09-03,2536,2539.5,2504.4,2523
2024-09-04,2524.6,2531.5,2502.7,2526
2024-09-05,2526.4,2554,2523.7,2543.1
2024-09-06,2547.1,2559.8,2513.9,2524.6
2024-09-09,2526.5,2536.5,2514.2,2532.7
2024-09-10,2536,2547.5,2528.9,2543.1
2024-09-11,2545.7,2558,2529,2542.4
2024-09-12,2540.6,2588.5,2538.7,2580.6
2024-09-13,2587.5,2614.6,2585,2610.7
2024-09-16,2608,2617.4,2602.5,2608.9
2024-09-17,2609.8,2613.7,2587.3,2592.4
2024-09-18,2596,2627.2,2572.5,2598.6
2024-09-19,2585.1,2620.5,2575.3,2614.6
2024-09-20,2611.2,2651,2608.7,2646.2
2024-09-23,2646.2,2659.8,2638.6,2652.5
2024-09-24,2653.3,2689.4,2647.1,2677
2024-09-25,2682.8,2694.9,2673.4,2684.7
2024-09-26,2681.2,2708.7,2677.5,2694.9
2024-09-27,2695.1,2696.9,2665.3,2668.1
2024-09-30,2680.5,2687.7,2646.2,2659.4
2024-10-01,2656.1,2694.7,2653.8,2690.3
2024-10-02,2684.6,2684.8,2662.1,2669.7
2024-10-03,2679.9,2683.4,2657.8,2679.2
2024-10-04,2675.7,2690.6,2651.6,2667.8
2024-10-07,2671.7,2679.2,2657.3,2666
2024-10-08,2662.8,2672.4,2623.4,2635.4
2024-10-09,2640.7,2642.9,2622.8,2626
2024-10-10,2625.8,2648.9,2618.8,2639.3
2024-10-11,2647.4,2679,2645.3,2676.3
2024-10-14,2673.1,2684.2,2660,2665.6
2024-10-15,2663.5,2685.9,2654.4,2678.9
2024-10-16,2679.5,2702.5,2674.9,2691.3
2024-10-17,2690.4,2712.7,2688.2,2707.5
2024-10-18,2707.8,2737.8,2707.3,2730
2024-10-21,2736.3,2755.4,2728.5,2738.9
2024-10-22,2734.7,2763.3,2733.5,2759.8
2024-10-23,2762.6,2772.6,2722.1,2729.4
2024-10-24,2729.2,2756.3,2728.7,2748.9
2024-10-25,2748.6,2760.9,2729.1,2754.6
2024-10-28,2749.2,2758.3,2736.9,2755.9
2024-10-29,2754.3,2787.7,2752,2781.1
2024-10-30,2786.9,2801.8,2782.4,2800.8
2024-10-31,2799.1,2801.2,2741.8,2749.3
2024-11-01,2754,2772.4,2742.6,2749.2
2024-11-04,2743.5,2757.5,2739.4,2746.2
2024-11-05,2746,2759.5,2733.4,2749.7
2024-11-06,2752.6,2758.8,2660.7,2676.3
2024-11-07,2667.7,2718.3,2650.3,2705.8
2024-11-08,2713.6,2717.8,2687.3,2694.8
2024-11-11,2692.1,2693.4,2617.1,2617.7
2024-11-12,2625.7,2633.4,2595.7,2606.3
2024-11-13,2604.7,2625,2578.1,2586.5
2024-11-14,2578.1,2585.8,2541.5,2572.9
2024-11-15,2570.4,2580.8,2558.9,2570.1
2024-11-18,2571.5,2619.5,2568.5,2614.6
2024-11-19,2616.3,2643.4,2614.2,2631
2024-11-20,2635.8,2659,2621.9,2651.7
2024-11-21,2653.5,2676.5,2651.6,2674.9
2024-11-22,2672,2718.5,2670.1,2712.2
2024-11-25,2743,2748,2640.7,2653.1
2024-11-26,2650.9,2667.3,2629.7,2646.3
2024-11-27,2658.3,2683.4,2652.2,2664.8
2024-11-29,2660.6,2690.5,2644.1,2681
2024-12-02,2673.8,2678.5,2644.5,2658.5
2024-12-03,2662,2678.4,2656.6,2667.9
2024-12-04,2665.8,2682,2654.2,2676.2
2024-12-05,2674.2,2680,2646.3,2648.4
2024-12-06,2655,2667.9,2635.6,2659.6
2024-12-09,2665,2700,2649.7,2685.8
2024-12-10,2684.4,2721.7,2680.7,2718.4
2024-12-11,2721.2,2759.7,2719.1,2756.7
2024-12-12,2753.6,2761.3,2696.7,2709.4
2024-12-13,2704.9,2716.4,2663.3,2675.8
2024-12-16,2668,2683.4,2661.4,2670
2024-12-17,2670.2,2675.8,2646.1,2662
2024-12-18,2663.3,2667.6,2598.1,2653.3
2024-12-19,2600.6,2640.9,2596.7,2608.1
2024-12-20,2609.7,2653.8,2603.7,2645.1
2024-12-23,2639.1,2646.8,2623.2,2628.2
2024-12-24,2629.4,2635.8,2624.2,2635.5
2024-12-26,2638,2655.7,2634.1,2653.9
2024-12-27,2653.7,2654.6,2625.2,2631.9
2024-12-30,2636.1,2640.7,2608.4,2618.1
2024-12-31,2620,2642,2614.3,2641
2025-01-02,2641,2674.2,2636.1,2669
2025-01-03,2671.1,2681,2649.7,2654.7
2025-01-06,2652.8,2663.8,2624.6,2647.4
2025-01-07,2647.1,2678.5,2643.5,2665.4
2025-01-08,2662.9,2687,2658.4,2672.4
2025-01-09,2679.9,2696.8,2673.7,2690.8
2025-01-10,2692.9,2735,2686.9,2715
2025-01-13,2716.8,2723.8,2675.2,2678.6
2025-01-14,2682,2693.7,2672,2682.3
2025-01-15,2693.3,2722.7,2685.4,2717.8
2025-01-16,2722.3,2757.9,2720.4,2750.9
2025-01-17,2746.8,2759.2,2729.2,2748.7
2025-01-21,2739.6,2762,2715.6,2759.2
2025-01-22,2758.7,2774.4,2756.2,2770.9
2025-01-23,2765.9,2767.1,2741,2765
2025-01-24,2761.8,2794.8,2761,2778.9
2025-01-27,2805.5,2805.5,2760.2,2766.2
2025-01-28,2770.3,2800.9,2765.8,2794.6
2025-01-29,2799.1,2802.8,2784.7,2793.5
2025-01-30,2796.2,2853.2,2794.9,2845.2
2025-01-31,2851.9,2862.9,2826,2835
2025-02-03,2846.5,2872,2802.2,2857.1
2025-02-04,2850.4,2877.1,2837.4,2875.8
2025-02-05,2873.7,2906,2870.1,2893
2025-02-06,2885,2894.2,2855,2876.7
2025-02-07,2880.2,2910.6,2876.1,2887.6
2025-02-10,2884.8,2938.1,2879.9,2934.4
2025-02-11,2937,2968.5,2907,2932.6
2025-02-12,2927,2936.5,2886.5,2928.7
2025-02-13,2928.8,2958.8,2925.8,2945.4
2025-02-14,2957.3,2964.1,2889.9,2900.7
2025-02-18,2895.1,2956.5,2887.6,2949
2025-02-19,2954.1,2964.4,2933.7,2936.1
2025-02-20,2949.5,2973.4,2939.3,2956.1
2025-02-21,2955.7,2964.7,2930.1,2953.2
2025-02-24,2950.4,2974,2936.8,2963.2
2025-02-25,2968.5,2970.4,2897,2918.8
2025-02-26,2929,2942,2903.3,2930.6
2025-02-27,2931.4,2935.8,2879,2895.9
2025-02-28,2889,2896.1,2844.1,2848.5
2025-03-03,2872,2906.4,2866.3,2901.1
2025-03-04,2904.2,2939.8,2892.5,2920.6
2025-03-05,2929,2941.3,2903.4,2926
2025-03-06,2929.5,2935.9,2897.6,2926.6
2025-03-07,2919.2,2938.8,2905.3,2914.1
2025-03-10,2919.6,2926.4,2885.2,2899.4
2025-03-11,2893.2,2929,2882.5,2920.9
2025-03-12,2922.3,2948.9,2911,2946.8
2025-03-13,2943.3,3001.5,2942.2,2991.3
2025-03-14,3001.4,3017.1,2988.6,3001.1
2025-03-17,2994.8,3010.9,2991.4,3006.1
2025-03-18,3009.4,3047.5,3008.2,3040.8
2025-03-19,3041.4,3061.6,3031.3,3041.2
2025-03-20,3058,3065.2,3032.8,3043.8
2025-03-21,3052.6,3055,3004.1,3021.4
2025-03-24,3054.7,3066.4,3036,3044
2025-03-25,3046,3070.7,3039.2,3054.3
2025-03-26,3054.1,3064.9,3046.5,3052.3
2025-03-27,3055.1,3102.2,3052.1,3090.9
2025-03-28,3099.3,3124.4,3096.3,3114.3
2025-03-31,3118.8,3162,3112.4,3150.3
2025-04-01,3157.3,3177,3130.5,3146
2025-04-02,3147.5,3201.6,3135.7,3166.2
2025-04-03,3196.6,3196.6,3073.5,3121.7
2025-04-04,3138,3160.2,3032.7,3035.4
2025-04-07,3055.1,3084.4,2970.4,2973.6
2025-04-08,2997.5,3037.9,2988.6,2990.2
2025-04-09,2998.3,3118.5,2983.3,3079.4
2025-04-10,3099.1,3195,3086.1,3177.5
2025-04-11,3194.2,3263,3193.4,3244.6
2025-04-14,3246,3261.6,3208.7,3226.3
2025-04-15,3226.1,3250.9,3225.5,3240.4
2025-04-16,3248.4,3358.4,3245.2,3346.4
2025-04-17,3357.5,3371.9,3296.4,3328.4
2025-04-21,3347,3442.3,3344,3425.3
2025-04-22,3435.1,3509.9,3379.1,3419.4
2025-04-23,3367.7,3396,3270.8,3294.1
2025-04-24,3301.8,3377,3301.3,3348.6
2025-04-25,3362,3384.1,3274.8,3298.4
2025-04-28,3336.5,3363.8,3278,3347.7
2025-04-29,3354.9,3359.3,3309.2,3333.6
2025-04-30,3324.5,3337.6,3275.6,3319.1
2025-05-01,3299,3300.6,3209.4,3222.2
2025-05-02,3247.6,3277,3229.5,3243.3
2025-05-05,3247.1,3346.7,3243.1,3322.3
2025-05-06,3345.7,3444.5,3332.1,3422.8
2025-05-07,3448.1,3448.2,3367,3391.9
2025-05-08,3373.1,3422,3293.3,3306
2025-05-09,3310.2,3352.7,3278.9,3344
2025-05-12,3281,3295.5,3211.2,3228
2025-05-13,3240.7,3270.4,3220.1,3247.8
2025-05-14,3254.1,3261.3,3170.7,3188.3
2025-05-15,3180.8,3244.3,3123.3,3226.6
2025-05-16,3243.5,3255.8,3156.4,3187.2
2025-05-19,3220,3252.9,3209.1,3233.5
2025-05-20,3233,3298.5,3207.4,3284.6
2025-05-21,3293,3327.2,3287,3313.5
2025-05-22,3318,3346.8,3277.8,3295
2025-05-23,3295.1,3366.5,3285.5,3365.8
2025-05-27,3385,3385,3311.4,3328.3
2025-05-28,3328.6,3352,3301,3322.4
2025-05-29,3311.8,3356.3,3269.1,3343.9
2025-05-30,3343.2,3347,3294.8,3315.4
2025-06-02,3323,3408.1,3319.4,3397.2
2025-06-03,3406.5,3417.8,3357.2,3377.1
2025-06-04,3377.8,3409.7,3366.9,3399.2
2025-06-05,3398,3427.7,3362.3,3375.1
2025-06-06,3377.4,3398.3,3328.8,3346.6
2025-06-09,3333.4,3359,3313.1,3354.9
2025-06-10,3346.3,3370.4,3321.3,3343.4
2025-06-11,3344.3,3382.3,3335.4,3343.7
2025-06-12,3377.5,3419.8,3358.5,3402.4
2025-06-13,3406.7,3468,3399.6,3452.8
2025-06-16,3473,3476.3,3400.9,3417.3
2025-06-17,3404.2,3422.7,3384.4,3406.9
2025-06-18,3409,3419,3380.1,3408.1
2025-06-20,3387.1,3405.2,3356.2,3385.7
2025-06-23,3400.7,3413.8,3361.4,3395
2025-06-24,3383.8,3385,3308.3,3333.9
2025-06-25,3338.1,3351.3,3325.5,3343.1
2025-06-26,3347.5,3363.9,3322.5,3348
2025-06-27,3341.3,3341.4,3266.5,3287.6
2025-06-30,3284.3,3321.6,3250.5,3307.7
2025-07-01,3315.7,3370.5,3313.7,3349.8
2025-07-02,3350,3371,3337.2,3359.7
2025-07-03,3369,3376.9,3321.4,3342.9
2025-07-07,3344.5,3352.9,3304.4,3342.8
2025-07-08,3348.9,3355.6,3295.4,3316.9
2025-07-09,3310.6,3325.6,3290.2,3321
2025-07-10,3322.2,3339.4,3319.2,3325.7
2025-07-11,3333.1,3381.6,3332.3,3364
2025-07-14,3376.5,3389.3,3348.5,3359.1
2025-07-15,3352,3375.4,3327.3,3336.7
2025-07-16,3330.5,3385.8,3326.1,3359.1
2025-07-17,3354.7,3358.2,3314.3,3345.3
2025-07-18,3347.5,3368,3337.2,3358.3
2025-07-21,3355.6,3416.9,3351,3406.4
2025-07-22,3410.7,3447.5,3394.9,3443.7
2025-07-23,3444.3,3451.7,3390.6,3397.6
2025-07-24,3398.6,3401.1,3355.2,3373.5
2025-07-25,3372.1,3376.6,3325.5,3335.6
2025-07-28,3379.6,3402.4,3357,3366.8
2025-07-29,3370.4,3389.4,3362.6,3381.2
2025-07-30,3383.1,3389.3,3319.2,3352.8
2025-07-31,3327.5,3366.7,3324.4,3348.6
2025-08-01,3342.7,3416.9,3331.4,3399.8
2025-08-04,3416.6,3439.5,3397.9,3426.4
2025-08-05,3428.9,3444.9,3403.3,3434.7
2025-08-06,3434.9,3440.5,3411.7,3433.4
2025-08-07,3431.8,3483.8,3430,3453.7
2025-08-08,3487.9,3534.2,3445,3491.3
2025-08-11,3458.1,3466.3,3393,3404.7
2025-08-12,3393.6,3410.8,3379.1,3399
2025-08-13,3399.6,3422.6,3392.7,3408.3
2025-08-14,3407.2,3423.8,3375.5,3383.2
2025-08-15,3383.2,3394.8,3377.7,3382.6
2025-08-18,3382.4,3403.6,3368,3378
2025-08-19,3378.3,3389.7,3358.1,3358.7
2025-08-20,3359,3394.3,3353.4,3388.5
2025-08-21,3392.2,3394.4,3367.4,3381.6
2025-08-22,3383.3,3423.4,3362.8,3418.5
2025-08-25,3417.6,3421.5,3405.5,3417.5
2025-08-26,3410.8,3443.3,3396.1,3433
2025-08-27,3443,3452.5,3422.2,3448.6
2025-08-28,3452.6,3478.7,3442.5,3474.3
2025-08-29,3477.2,3518.5,3463,3516.1
2025-09-02,3517.9,3602.4,3506,3592.2
2025-09-03,3600,3640.1,3592.4,3635.5
2025-09-04,3619.8,3621.6,3573.7,3606.7
2025-09-05,3602,3655.5,3595.4,3653.3
2025-09-08,3635,3685.7,3621.7,3677.4
2025-09-09,3676.6,3715.2,3663.7,3682.2
2025-09-10,3662,3697.5,3651.4,3682
2025-09-11,3680.6,3687.5,3651,3673.6
2025-09-12,3672.8,3695.5,3667.3,3686.4
2025-09-15,3680.2,3724.9,3662.8,3719
2025-09-16,3720.3,3739.9,3711.8,3725.1
2025-09-17,3727.3,3744,3679.5,3717.8
2025-09-18,3692.5,3707.3,3660.5,3678.3
2025-09-19,3677.7,3719.6,3664.4,3705.8
2025-09-22,3721.3,3783.3,3718.1,3775.1
2025-09-23,3781.2,3824.6,3772.4,3815.7
2025-09-24,3796.9,3812.6,3749.7,3768.1
2025-09-25,3768.3,3792.3,3751.9,3771.1
2025-09-26,3781.5,3814.4,3764,3809
2025-09-29,3788.8,3863.7,3785.5,3855.2
2025-09-30,3863.1,3899.2,3820.6,3873.2
2025-10-01,3887.7,3922.7,3880.3,3897.5
2025-10-02,3892.7,3923.3,3842.8,3868.1
2025-10-03,3880.4,3916.8,3861.1,3908.9
2025-10-06,3913.5,3994.5,3909.2,3976.3
2025-10-07,3983,4014.6,3963.4,4004.4
2025-10-08,4007.1,4081,4005.6,4070.5
2025-10-09,4061.8,4077.9,3957.9,3972.6
2025-10-10,3990.1,4038.6,3961.2,4000.4
2025-10-13,4018.3,4137.2,4011.3,4133
2025-10-14,4130.9,4190.9,4105,4163.4
2025-10-15,4160.1,4235.8,4157.3,4201.6
2025-10-16,4225.1,4346.7,4214.5,4304.6
2025-10-17,4348.1,4392,4196,4213.3
2025-10-20,4269,4398,4229.7,4359.4
2025-10-21,4371,4393.6,4093,4109.1
2025-10-22,4137,4175,4021.2,4065.4
2025-10-23,4114.8,4171.5,4079.6,4145.6
2025-10-24,4144,4159,4055.7,4137.8
2025-10-27,4103.2,4123.8,3985.9,4019.7
2025-10-28,3999.9,4034.2,3901.3,3983.1
2025-10-29,3967.2,4046.2,3928.3,4000.7
2025-10-30,3942.8,4041.5,3925.1,4015.9
2025-10-31,4038.2,4059.9,3982.3,3996.5
2025-11-03,4001,4043.1,3971.3,4014
2025-11-04,4013.7,4018,3937.1,3960.5
2025-11-05,3939.5,4000.7,3935.7,3992.9
2025-11-06,3992.4,4028.7,3973.2,3991
2025-11-07,3986.9,4035.8,3981.6,4009.8
2025-11-10,4007.2,4124,4004.2,4122
2025-11-11,4124,4155,4102.8,4116.3
2025-11-12,4132.2,4218.5,4104.4,4213.6
2025-11-13,4202.4,4250,4148.5,4194.5
2025-11-14,4174.9,4215.1,4032.6,4094.2
2025-11-17,4084.4,4107.6,4006.8,4074.5
2025-11-18,4045.6,4083.7,3997.4,4066.5
2025-11-19,4067.8,4134.3,4055.6,4082.8
2025-11-20,4079.9,4109.6,4031.5,4060
2025-11-21,4074.9,4101,4018.1,4079.5
2025-11-24,4069.2,4138.2,4036.4,4094.2
2025-11-25,4133.5,4156.3,4106.7,4140
2025-11-26,4167,4209,4163.6,4202.3
2025-11-28,4179.5,4263.1,4174.6,4254.9
2025-12-01,4258.5,4299.6,4241.1,4274.8
2025-12-02,4265.3,4269.2,4194,4220.8
2025-12-03,4241.6,4273.3,4225.1,4232.5
2025-12-04,4234.5,4251.1,4203.3,4243
2025-12-05,4239.5,4290.5,4221.4,4243
2025-12-08,4228.1,4247.9,4204,4217.7
2025-12-09,4219.6,4251.7,4197.8,4236.2
2025-12-10,4237.5,4268.8,4207.8,4224.7
2025-12-11,4258.3,4317.3,4231.2,4313
2025-12-12,4309.1,4387.8,4286,4328.3
2025-12-15,4330,4384.3,4315.9,4335.2
2025-12-16,4334.3,4367.9,4297.4,4332.3
2025-12-17,4333.5,4383.6,4330.7,4373.9
2025-12-18,4371.5,4409.5,4338,4364.5
2025-12-19,4363.6,4389,4336.3,4387.3
2025-12-22,4369.9,4484.5,4367.9,4469.4
2025-12-23,4481.8,4530.8,4457.7,4505.7
2025-12-24,4516.7,4555.1,4474.3,4502.8
2025-12-26,4523.5,4584,4518,4552.7
2025-12-29,4568,4581.3,4316,4343.6
2025-12-30,4350.3,4420.5,4338.8,4386.3
2025-12-31,4353,4384.9,4284.3,4341.1
2026-01-02,4340,4414.8,4319.7,4329.6
2026-01-05,4362.9,4466.8,4355.4,4459.4
2026-01-06,4459.8,4508.3,4437.9,4496.1
2026-01-07,4505.4,4512.4,4432.9,4462.5
2026-01-08,4467.1,4489.3,4415,4460.7
2026-01-09,4489.3,4527,4461.8,4500.9
2026-01-12,4529.1,4640.5,4520.8,4614.7
2026-01-13,4610,4644,4576.7,4599.1
2026-01-14,4594.3,4650.5,4594.3,4635.7
2026-01-15,4635.7,4637.2,4584,4623.7
2026-01-16,4623.45,4625,4539.61,4595.4
2026-01-20,4633.7,4771.5,4622.2,4765.8
2026-01-21,4767.5,4891.1,4757.1,4837.5
2026-01-22,4836.2,4944.3,4772.7,4913.4
2026-01-23,4940,4991.4,4901.2,4979.7
2026-01-26,5042.8,5145.2,5022.9,5122.3
2026-01-27,5043.9,5229.8,5043.9,5120.6
2026-01-28,5218.6,5452.8,5193.6,5340.2
2026-01-29,5449.9,5626.8,5126,5354.8
2026-01-30,5410,5480.2,4700.4,4745.1
2026-02-02,4816,4905.6,4423.2,4652.6
2026-02-03,4691,5018.1,4690.2,4935
2026-02-04,4966.1,5113.9,4867.7,4950.8
2026-02-05,4986.6,5045,4779.6,4889.5
2026-02-06,4800,4995.6,4670,4979.8
2026-02-09,5003.6,5111.1,4988.6,5079.4
2026-02-10,5084.3,5102.7,5011,5031
2026-02-11,5048,5144.5,5036.3,5098.5
2026-02-12,5107.3,5122.8,4900,4948.4
2026-02-13,4950,5069.1,4907.1,5046.3
2026-02-16,5054.6,5055.29,4985.44,5015.1
2026-02-17,5050,5074.4,4854.2,4905.9
2026-02-18,4898.5,5031.9,4868.5,5009.5
2026-02-19,4993.7,5042.8,4971.5,4997.4
2026-02-20,5015,5131,4999.3,5080.9
2026-02-23,5128.8,5257.3,5120.4,5225.6
2026-02-24,5247.5,5269.4,5109.5,5176.3
2026-02-25,5160,5237.3,5135.9,5226.2
2026-02-26,5175.3,5221.9,5144.8,5194.2
2026-02-27,5201.9,5299,5182.9,5247.9
2026-03-02,5360,5434.1,5272.9,5311.6
2026-03-03,5335.7,5394.2,5005,5123.7
2026-03-04,5110,5218.3,5092.8,5134.7
2026-03-05,5155.7,5204.3,5058.9,5078.7
2026-03-06,5099.7,5185,5071,5158.7
2026-03-09,5186.7,5210.4,5021.2,5103.7
2026-03-10,5152.4,5248.7,5126.9,5242.1
2026-03-11,5194,5230.9,5155.9,5179.1
2026-03-12,5185.4,5197.8,5058.2,5125.8
2026-03-13,5084,5132.4,5014.1,5061.7
2026-03-16,5010,5044.5,4970.1,5002.2
2026-03-17,5012.2,5049.4,4977,5008.2
2026-03-18,5010.6,5022,4809.3,4896.2
2026-03-19,4828,4868.7,4505,4605.7
2026-03-20,4653.9,4738.2,4478.4,4574.9
2026-03-23,4495,4569.8,4128.5,4439.5
2026-03-24,4449.9,4517.4,4337.7,4434.1
2026-03-25,4506.1,4634,4491.7,4585.5
2026-03-26,4541.5,4574,4380.4,4409
2026-03-27,4403.9,4585.3,4400.6,4524.3
2026-03-30,4520,4611.4,4444.7,4557.5
2026-03-31,4545.8,4717.4,4510.55,4698.4
2026-04-01,4698.4,4821,4690,4813.1
2026-04-02,4783,4825.9,4580.4,4679.7
2026-04-03,4679.7,4679.7,4679.7,4679.7
2026-04-06,4675,4733.1,4626.2,4684.7
2026-04-07,4678.6,4745.7,4631.9,4684.7
2026-04-08,4747.2,4888,4720.6,4777.2
2026-04-09,4744.8,4826,4718.6,4818
2026-04-10,4790.5,4820,4752.7,4787.4
2026-04-13,4710,4774.4,4621,4767.4
2026-04-14,4769.3,4870.3,4767.6,4850.1
2026-04-15,4862.7,4895.4,4807.9,4823.6
2026-04-16,4813.6,4861.3,4792.1,4808.3
2026-04-17,4811.8,4917.7,4785.9,4879.6
2026-04-20,4811.8,4847.9,4748,4828.8
2026-04-21,4842.4,4854.8,4685.8,4719.6
2026-04-22,4738.7,4790.8,4733.1,4753
2026-04-23,4759.2,4771.3,4680.1,4724
2026-04-24,4715.6,4757.1,4672.2,4740.9
2026-04-27,4713.1,4745.8,4681.2,4693.7
2026-04-28,4697.5,4716.5,4567.6,4608.4
2026-04-29,4611.4,4624.3,4522.2,4561.5
2026-04-30,4557,4658.8,4550.8,4629.6
2026-05-01,4636.9,4673,4570,4644.5
2026-05-04,4644,4650.6,4510.1,4533.3
2026-05-05,4534,4597.5,4522.7,4568.5
2026-05-06,4569.3,4734.6,4556.1,4694.3
2026-05-07,4702.2,4775.2,4693.3,4710.9
2026-05-08,4682.5,4760.4,4671,4730.7
2026-05-11,4690,4758.4,4655.1,4728.7
2026-05-12,4745.3,4783.4,4645.2,4686.7
2026-05-13,4722.3,4734.8,4676,4706.7
2026-05-14,4696.8,4725.8,4649.3,4685.3
2026-05-15,4654.5,4670.1,4513.8,4561.9
2026-05-18,4547.6,4588.6,4483.5,4558
2026-05-19,4570.6,4593.2,4467.1,4511.2
2026-05-20,4486.6,4558.4,4455,4535.3
2026-05-21,4548,4572.4,4488.3,4542.5
2026-05-22,4546.2,4546.6,4488,4523.2
2026-05-25,4573.2,4615.5,4543.95,4605
2026-05-26,4566,4615.8,4512.8,4535
2026-05-27,4540.5,4561.2,4431,4481.5
2026-05-28,4488,4547.1,4395.6,4532.4
2026-05-29,4527.6,4627.1,4519.5,4593
2026-06-01,4575.2,4577.3,4476,4506.3
2026-06-02,4515.8,4571.3,4492.3,4519.9
2026-06-03,4520,4525.1,4454,4466.9
2026-06-04,4462.6,4543.2,4450.1,4505
2026-06-05,4503,4508.7,4336.6,4365.3
2026-06-08,4354,4377.5,4293,4363.4
2026-06-09,4354.7,4388.6,4259.9,4286.4
2026-06-10,4276.1,4281.1,4090.1,4133.3
2026-06-11,4094.4,4241.3,4046.2,4114
2026-06-12,4234.9,4267.8,4191.1,4238.8
2026-06-15,4289.4,4391.5,4283.4,4351.6
2026-06-16,4331.3,4376.5,4326.7,4354.4
2026-06-17,4352.6,4403.6,4237.4,4381.4
2026-06-18,4275.1,4350.2,4220.3,4245.9
2026-06-19,4226.7,4229.3,4139.2,4172.9
2026-06-22,4231.2,4238.2,4138.7,4202.7
2026-06-23,4210.8,4216,4108.2,4149.4
2026-06-24,4130,4132.4,3975.7,4008.8
2026-06-25,4019,4060,3976.3,4047.6
2026-06-26,4044.4,4111.5,3998.1,4096.3
2026-06-29,4101.1,4102.9,4012,4038.9
2026-06-30,4032.5,4078.1,3955.4,4038.5
2026-07-01,4025,4131,3973,4082.4
2026-07-02,4049.2,4157.1,4042.8,4125.7
2026-07-03,4138.32,4207.9,4134,4187.3
2026-07-06,4138,4215.5,4133.8,4167.5
2026-07-07,4176.4,4192.4,4102.7,4157.4
2026-07-08,4106.5,4144.7,4032.5,4082.4
2026-07-09,4087.6,4148.4,4063.4,4140.8
2026-07-10,4135.4,4144.6,4081.7,4113.7
2026-07-13,4106.6,4111.6,3992.9,4005.7
2026-07-14,4005.9,4112.5,3990.4,4069.7
2026-07-15,4059.8,4089.1,4023.3,4051.8
2026-07-16,4068.9,4071.9,3973.4,3992.1
2026-07-17,3980.92,4028.7,3963.05,4022.7
2026-07-20,4005.6,4046,3986.5,4015.9
2026-07-21,4013.4,4092.5,4003.3,4076.4
2026-07-22,4084.7,4171.4,4081,4151.9
2026-07-23,4126,4144,4042.5,4050.2
2026-07-24,4053.4,4085.2,4024,4070.8
2026-07-27,4097.5,4119.3,4067.1,4077
2026-07-28,4083,4085.7,4011.1,4038.7
2026-07-29,4020.9,4115.2,3993.8,4036.3
2026-07-30,4060.7,4118.5,4028.5,4100.1
2026-07-31,4103.65,4110.5,4021.95,4098.6
2026-08-03,4135.2,4145.5,4074,4090.5
2026-08-04,4109.6,4163.8,4098.1,4152.6
2026-08-05,4133.8,4328.2,4121.6,4305.2
2026-08-06,4307,4363.7,4281.2,4299.6
2026-08-07,4298.3,4432.3,4288,4399.7
2026-08-10,4400,4453.8,4373.9,4419.7
2026-08-11,4446.9,4495,4415.7,4441.1
2026-08-12,4430,4502.7,4421.4,4467.5
2026-08-13,4468.8,4509.1,4400,4420.4
2026-08-14,4408.2,4454.6,4365.5,4437.3
2026-08-17,4440,4486.5,4422.3,4473.7
2026-08-18,4473.4,4493.1,4383.3,4420.6
2026-08-19,4391.4,4582.8,4378,4545.3
2026-08-20,4580,4597.1,4506,4571.4
2026-08-21,4577,4690.4,4565.5,4680.6
2026-08-24,4673.4,4738.5,4651.8,4697.8
