date,close,adj_close
2000-12-01,132.218750,83.465012
2000-12-04,133.343750,84.175201
2000-12-05,137.718750,86.936966
2000-12-06,135.515625,85.546257
2000-12-07,133.656250,84.372467
2000-12-08,133.968750,84.569748
2000-12-11,138.625000,87.509048
2000-12-12,138.031250,87.134224
2000-12-13,136.140625,85.940765
2000-12-14,134.406250,84.845940
2000-12-15,130.968750,82.929543
2000-12-18,132.718750,84.037613
2000-12-19,130.015625,82.326019
2000-12-20,126.250000,79.941589
2000-12-21,127.125000,80.495651
2000-12-22,130.937500,82.909744
2000-12-26,132.343750,83.800194
2000-12-27,133.312500,84.413612
2000-12-28,133.718750,84.670868
2000-12-29,131.187500,83.068047
2001-01-02,128.812500,81.564209
2001-01-03,135.000000,85.482162
2001-01-04,133.546875,84.562012
2001-01-05,129.187500,81.801659
2001-01-08,130.187500,82.434845
2001-01-09,129.843750,82.217201
2001-01-10,132.125000,83.661667
2001-01-11,132.250000,83.740807
2001-01-12,132.000000,83.582527
2001-01-16,132.843750,84.116791
2001-01-17,133.453125,84.502663
2001-01-18,134.781250,85.343643
2001-01-19,134.015625,84.858795
2001-01-22,134.906250,85.422775
2001-01-23,135.968750,86.095535
2001-01-24,136.375000,86.352776
2001-01-25,136.031250,86.135147
2001-01-26,135.875000,86.036179
2001-01-29,136.600006,86.495247
2001-01-30,137.800003,87.255089
2001-01-31,137.020004,86.761192
2001-02-01,137.929993,87.337410
2001-02-02,134.800003,85.355499
2001-02-05,135.789993,85.982346
2001-02-06,135.389999,85.729103
2001-02-07,134.690002,85.285851
2001-02-08,133.119995,84.291740
2001-02-09,131.839996,83.481194
2001-02-12,133.350006,84.437355
2001-02-13,132.259995,83.747154
2001-02-14,132.059998,83.620506
2001-02-15,133.339996,84.431030
2001-02-16,130.399994,82.569412
2001-02-20,128.389999,81.296677
2001-02-21,125.620003,79.542717
2001-02-22,125.809998,79.663017
2001-02-23,124.959999,79.124763
2001-02-26,127.620003,80.809082
2001-02-27,126.440002,80.061928
2001-02-28,123.949997,78.485229
2001-03-01,124.599998,78.896866
2001-03-02,123.610001,78.269966
2001-03-05,124.739998,78.985497
2001-03-06,126.080002,79.833984
2001-03-07,126.980003,80.403831
2001-03-08,127.120003,80.492516
2001-03-09,123.360001,78.111656
2001-03-12,118.080002,74.768364
2001-03-13,120.019997,75.996788
2001-03-14,117.650002,74.496086
2001-03-15,117.680000,74.515106
2001-03-16,115.010002,73.020523
2001-03-19,117.349998,74.506187
2001-03-20,114.199997,72.506248
2001-03-21,112.260002,71.274529
2001-03-22,111.120003,70.550735
2001-03-23,114.480003,72.684013
2001-03-26,115.940002,73.611008
2001-03-27,118.309998,75.115738
2001-03-28,115.040001,73.039589
2001-03-29,115.480003,73.318909
2001-03-30,116.690002,74.087173
2001-04-02,114.199997,72.506248
2001-04-03,110.389999,70.087273
2001-04-04,110.849998,70.379303
2001-04-05,115.050003,73.045929
2001-04-06,113.300003,71.934853
2001-04-09,114.559998,72.734787
2001-04-10,116.650002,74.061768
2001-04-11,116.730003,74.112534
2001-04-12,118.849998,75.458580
2001-04-16,117.599998,74.664932
2001-04-17,119.260002,75.718857
2001-04-18,124.000000,78.728294
2001-04-19,125.650002,79.775963
2001-04-20,124.500000,79.045769
2001-04-23,122.239998,77.610886
2001-04-24,121.580002,77.191841
2001-04-25,123.169998,78.201347
2001-04-26,123.720001,78.550545
2001-04-27,125.779999,79.858437
2001-04-30,126.660004,80.417168
2001-05-01,127.050003,80.664764
2001-05-02,126.820000,80.518768
2001-05-03,125.209999,79.496536
2001-05-04,127.339996,80.848869
2001-05-07,126.239998,80.150520
2001-05-08,126.180000,80.112450
2001-05-09,125.650002,79.775963
2001-05-10,126.019997,80.010811
2001-05-11,125.150002,79.458450
2001-05-14,125.400002,79.617210
2001-05-15,125.980003,79.985413
2001-05-16,128.949997,81.871101
2001-05-17,129.149994,81.998077
2001-05-18,129.740005,82.372688
2001-05-21,131.649994,83.585342
2001-05-22,131.479996,83.477409
2001-05-23,129.250000,82.061615
2001-05-24,129.630005,82.302834
2001-05-25,128.100006,81.331436
2001-05-29,127.080002,80.683830
2001-05-30,125.300003,79.553719
2001-05-31,125.949997,79.966370
2001-06-01,126.730003,80.461632
2001-06-04,127.339996,80.848869
2001-06-05,128.800003,81.775879
2001-06-06,127.730003,81.096535
2001-06-07,128.190002,81.388611
2001-06-08,127.000000,80.633072
2001-06-11,126.099998,80.061615
2001-06-12,125.879997,79.921906
2001-06-13,124.800003,79.236237
2001-06-14,122.000000,77.458534
2001-06-15,121.849998,77.583328
2001-06-18,121.260002,77.207649
2001-06-19,121.790001,77.545143
2001-06-20,122.430000,77.952614
2001-06-21,123.820000,78.837624
2001-06-22,122.849998,78.220032
2001-06-25,121.720001,77.500519
2001-06-26,121.550003,77.392281
2001-06-27,121.480003,77.347717
2001-06-28,122.150002,77.774345
2001-06-29,122.599998,78.060867
2001-07-02,124.129997,79.035004
2001-07-03,124.099998,79.015900
2001-07-05,121.680000,77.475067
2001-07-06,119.050003,75.800499
2001-07-09,119.699997,76.214386
2001-07-10,118.260002,75.297531
2001-07-11,118.379997,75.373932
2001-07-12,121.190002,77.163071
2001-07-13,122.239998,77.831619
2001-07-16,120.709999,76.857483
2001-07-17,121.839996,77.576912
2001-07-18,121.010002,77.048477
2001-07-19,122.070000,77.723381
2001-07-20,121.339996,77.258575
2001-07-23,118.949997,75.736847
2001-07-24,117.800003,75.004616
2001-07-25,119.099998,75.832397
2001-07-26,120.349998,76.628235
2001-07-27,120.809998,76.921127
2001-07-30,120.849998,76.946564
2001-07-31,121.349998,77.264938
2001-08-01,122.110001,77.748840
2001-08-02,122.610001,78.067207
2001-08-03,121.940002,77.640602
2001-08-06,120.300003,76.596420
2001-08-07,120.769997,76.895615
2001-08-08,118.529999,75.469437
2001-08-09,118.879997,75.692284
2001-08-10,119.290001,75.953323
2001-08-13,119.320000,75.972420
2001-08-14,119.269997,75.940567
2001-08-15,118.239998,75.284813
2001-08-16,118.650002,75.545845
2001-08-17,116.750000,74.336060
2001-08-20,117.830002,75.023727
2001-08-21,115.820000,73.743912
2001-08-22,117.019997,74.507980
2001-08-23,116.599998,74.240578
2001-08-24,119.019997,75.781410
2001-08-27,118.309998,75.329346
2001-08-28,116.580002,74.227829
2001-08-29,115.540001,73.565651
2001-08-30,113.320000,72.152138
2001-08-31,114.150002,72.680603
2001-09-04,113.419998,72.215813
2001-09-05,113.699997,72.394104
2001-09-06,110.769997,70.528549
2001-09-07,108.720001,69.223312
2001-09-10,110.050003,70.070122
2001-09-17,104.300003,66.409012
2001-09-18,104.050003,66.249832
2001-09-19,101.949997,64.912735
2001-09-20,98.709999,62.849796
2001-09-21,97.279999,62.171738
2001-09-24,100.699997,64.357452
2001-09-25,101.750000,65.028496
2001-09-26,101.389999,64.798439
2001-09-27,102.269997,65.360832
2001-09-28,104.440002,66.747658
2001-10-01,104.269997,66.639038
2001-10-02,105.580002,67.476257
2001-10-03,107.349998,68.607468
2001-10-04,107.440002,68.665001
2001-10-05,107.230003,68.530777
2001-10-08,106.529999,68.083366
2001-10-09,105.959999,67.719109
2001-10-10,108.320000,69.227341
2001-10-11,110.000000,70.301056
2001-10-12,109.500000,69.981499
2001-10-15,109.300003,69.853676
2001-10-16,109.989998,70.294685
2001-10-17,107.650002,68.799171
2001-10-18,107.419998,68.652222
2001-10-19,107.349998,68.607468
2001-10-22,109.470001,69.962349
2001-10-23,108.910004,69.604446
2001-10-24,108.620003,69.419113
2001-10-25,110.570000,70.665344
2001-10-26,110.320000,70.505569
2001-10-29,107.449997,68.671349
2001-10-30,106.160004,67.846931
2001-10-31,105.800003,67.616852
2001-11-01,108.510002,69.348816
2001-11-02,109.250000,69.821754
2001-11-05,110.680000,70.735672
2001-11-06,112.400002,71.834900
2001-11-07,112.250000,71.739037
2001-11-08,112.599998,71.962708
2001-11-09,112.720001,72.039429
2001-11-12,112.029999,71.598465
2001-11-13,114.550003,73.208984
2001-11-14,114.660004,73.279289
2001-11-15,114.870003,73.413551
2001-11-16,114.360001,73.087547
2001-11-19,115.769997,73.988678
2001-11-20,114.800003,73.368767
2001-11-21,114.040001,72.883011
2001-11-23,115.680000,73.931137
2001-11-26,115.930000,74.090935
2001-11-27,115.430000,73.771378
2001-11-28,113.339996,72.435638
2001-11-29,114.870003,73.413551
2001-11-30,114.050003,72.889442
2001-12-03,113.370003,72.454826
2001-12-04,115.290001,73.681908
2001-12-05,117.400002,75.030426
2001-12-06,117.339996,74.992081
2001-12-07,116.559998,74.493584
2001-12-10,114.379997,73.100304
2001-12-11,114.150002,72.953362
2001-12-12,114.279999,73.036407
2001-12-13,112.059998,71.617599
2001-12-14,113.129997,72.301476
2001-12-17,114.300003,73.049202
2001-12-18,114.980003,73.483795
2001-12-19,115.790001,74.001480
2001-12-20,114.650002,73.272896
2001-12-21,114.949997,73.717339
2001-12-24,114.730003,73.576225
2001-12-26,115.360001,73.980255
2001-12-27,116.059998,74.429184
2001-12-28,116.000000,74.390663
2001-12-31,114.300003,73.300461
2002-01-02,115.529999,74.089264
2002-01-03,116.839996,74.929367
2002-01-04,117.620003,75.429565
2002-01-07,116.790001,74.897293
2002-01-08,116.519997,74.724144
2002-01-09,115.570000,74.114929
2002-01-10,116.080002,74.442009
2002-01-11,114.940002,73.710899
2002-01-14,114.220001,73.249184
2002-01-15,115.150002,73.845573
2002-01-16,112.820000,72.351326
2002-01-17,113.669998,72.896469
2002-01-18,113.150002,72.562996
2002-01-22,112.370003,72.062759
2002-01-23,113.230003,72.614250
2002-01-24,113.580002,72.838715
2002-01-25,113.550003,72.819458
2002-01-28,113.860001,73.018303
2002-01-29,110.279999,70.722488
2002-01-30,111.870003,71.742111
2002-01-31,113.180000,72.582207
2002-02-01,112.650002,72.242325
2002-02-04,109.849998,70.446648
2002-02-05,109.169998,70.010590
2002-02-06,108.699997,69.709213
2002-02-07,108.019997,69.273117
2002-02-08,110.089996,70.600578
2002-02-11,111.440002,71.466331
2002-02-12,111.089996,71.241844
2002-02-13,112.269997,71.998619
2002-02-14,112.059998,71.863945
2002-02-15,110.889999,71.113678
2002-02-19,108.760002,69.747665
2002-02-20,110.589996,70.921227
2002-02-21,108.300003,69.452682
2002-02-22,109.639999,70.312004
2002-02-25,111.449997,71.472755
2002-02-26,111.220001,71.325241
2002-02-27,111.650002,71.601044
2002-02-28,111.150002,71.280373
2002-03-01,113.739998,72.941330
2002-03-04,115.750000,74.230362
2002-03-05,115.379997,73.993050
2002-03-06,116.750000,74.871658
2002-03-07,116.500000,74.711304
2002-03-08,116.989998,75.025551
2002-03-11,117.239998,75.185890
2002-03-12,117.169998,75.140999
2002-03-13,116.040001,74.416321
2002-03-14,115.879997,74.313690
2002-03-15,116.650002,75.021782
2002-03-18,116.669998,75.034676
2002-03-19,117.449997,75.536316
2002-03-20,115.239998,74.114960
2002-03-21,115.290001,74.147133
2002-03-22,115.040001,73.986336
2002-03-25,113.610001,73.066696
2002-03-26,114.269997,73.491135
2002-03-27,114.570000,73.684090
2002-03-28,114.519997,73.651924
2002-04-01,114.570000,73.684090
2002-04-02,113.940002,73.278915
2002-04-03,113.139999,72.764412
2002-04-04,112.669998,72.462120
2002-04-05,112.690002,72.474968
2002-04-08,112.930000,72.629341
2002-04-09,112.139999,72.121269
2002-04-10,113.410004,72.938026
2002-04-11,110.589996,71.124382
2002-04-12,111.419998,71.658226
2002-04-15,110.570000,71.111519
2002-04-16,113.199997,72.802994
2002-04-17,112.959999,72.648659
2002-04-18,112.470001,72.333496
2002-04-19,112.879997,72.597191
2002-04-22,111.000000,71.388115
2002-04-23,110.519997,71.079399
2002-04-24,109.410004,70.365540
2002-04-25,109.470001,70.404114
2002-04-26,107.389999,69.066391
2002-04-29,106.860001,68.725502
2002-04-30,107.860001,69.368637
2002-05-01,109.180000,70.217583
2002-05-02,108.760002,69.947441
2002-05-03,107.580002,69.188599
2002-05-06,105.470001,67.831535
2002-05-07,105.099998,67.593575
2002-05-08,109.010002,70.108238
2002-05-09,107.750000,69.297882
2002-05-10,105.720001,67.992325
2002-05-13,107.870003,69.375107
2002-05-14,110.220001,70.886444
2002-05-15,109.790001,70.609871
2002-05-16,110.360001,70.976448
2002-05-17,110.900002,71.323761
2002-05-20,109.699997,70.552002
2002-05-21,108.699997,69.908882
2002-05-22,108.940002,70.063240
2002-05-23,110.099998,70.809250
2002-05-24,108.690002,69.902451
2002-05-28,108.099998,69.523010
2002-05-29,107.300003,69.008499
2002-05-30,107.000000,68.815552
2002-05-31,107.220001,68.957069
2002-06-03,104.370003,67.124100
2002-06-04,104.629997,67.291283
2002-06-05,105.610001,67.921577
2002-06-06,103.459999,66.538849
2002-06-07,103.339996,66.461662
2002-06-10,103.739998,66.718933
2002-06-11,101.959999,65.574142
2002-06-12,102.580002,65.972893
2002-06-13,101.550003,65.310455
2002-06-14,101.400002,65.214012
2002-06-17,104.120003,66.963318
2002-06-18,104.970001,67.509972
2002-06-19,102.519997,65.934288
2002-06-20,101.209999,65.091797
2002-06-21,99.279999,64.074013
2002-06-24,99.800003,64.409622
2002-06-25,97.559998,62.963963
2002-06-26,97.720001,63.067234
2002-06-27,99.430000,64.170822
2002-06-28,98.959999,63.867531
2002-07-01,97.029999,62.621895
2002-07-02,94.970001,61.292416
2002-07-03,95.510002,61.640900
2002-07-05,99.309998,64.093399
2002-07-08,98.070000,63.293110
2002-07-09,95.599998,61.698963
2002-07-10,92.120003,59.453049
2002-07-11,92.870003,59.937080
2002-07-12,91.849998,59.278793
2002-07-15,92.339996,59.595039
2002-07-16,90.559998,58.446255
2002-07-17,90.739998,58.562416
2002-07-18,87.800003,56.664970
2002-07-19,84.709999,54.670734
2002-07-22,82.199997,53.050797
2002-07-23,79.949997,51.598682
2002-07-24,84.720001,54.677155
2002-07-25,84.000000,54.212490
2002-07-26,85.599998,55.245113
2002-07-29,89.769997,57.936401
2002-07-30,90.940002,58.691498
2002-07-31,91.160004,58.833477
2002-08-01,88.779999,57.297447
2002-08-02,86.790001,56.013123
2002-08-05,83.769997,54.064049
2002-08-06,86.589996,55.884041
2002-08-07,88.099998,56.858589
2002-08-08,90.949997,58.697922
2002-08-09,91.290001,58.917381
2002-08-12,90.620003,58.484989
2002-08-13,88.970001,57.420097
2002-08-14,92.220001,59.517586
2002-08-15,93.500000,60.343658
2002-08-16,93.220001,60.162968
2002-08-19,95.400002,61.569935
2002-08-20,94.389999,60.918102
2002-08-21,95.750000,61.795815
2002-08-22,96.680000,62.396008
2002-08-23,94.599998,61.053612
2002-08-26,95.260002,61.479568
2002-08-27,94.160004,60.769615
2002-08-28,92.099998,59.440128
2002-08-29,92.139999,59.465935
2002-08-30,91.779999,59.233589
2002-09-03,88.279999,56.974758
2002-09-04,89.540001,57.787960
2002-09-05,88.779999,57.297447
2002-09-06,90.000000,58.084835
2002-09-09,90.660004,58.510769
2002-09-10,91.699997,59.182014
2002-09-11,91.129997,58.814125
2002-09-12,89.449997,57.729855
2002-09-13,89.669998,57.871834
2002-09-16,89.889999,58.013840
2002-09-17,87.830002,56.684338
2002-09-18,86.949997,56.116402
2002-09-19,84.699997,54.664261
2002-09-20,84.349998,54.682392
2002-09-23,83.660004,54.235119
2002-09-24,82.309998,53.359947
2002-09-25,84.349998,54.682392
2002-09-26,85.730003,55.577045
2002-09-27,82.750000,53.645157
2002-09-30,81.790001,53.022835
2002-10-01,85.720001,55.570549
2002-10-02,83.150002,53.904507
2002-10-03,82.309998,53.359947
2002-10-04,80.800003,52.381065
2002-10-07,79.129997,51.298401
2002-10-08,80.370003,52.102283
2002-10-09,78.099998,50.630680
2002-10-10,80.629997,52.270813
2002-10-11,84.160004,54.559254
2002-10-14,84.629997,54.863930
2002-10-15,88.699997,57.502457
2002-10-16,86.550003,56.108639
2002-10-17,88.269997,57.223675
2002-10-18,88.639999,57.463551
2002-10-21,90.169998,58.455444
2002-10-22,89.519997,58.034050
2002-10-23,90.199997,58.474861
2002-10-24,88.360001,57.282024
2002-10-25,90.199997,58.474861
2002-10-28,89.610001,58.092407
2002-10-29,88.570000,57.418167
2002-10-30,89.430000,57.975689
2002-10-31,88.519997,57.385761
2002-11-01,90.269997,58.520252
2002-11-04,91.129997,59.077778
2002-11-05,91.849998,59.544533
2002-11-06,93.040001,60.315990
2002-11-07,90.760002,58.837910
2002-11-08,89.650002,58.118286
2002-11-11,88.260002,57.217209
2002-11-12,88.959999,57.670994
2002-11-13,89.050003,57.729374
2002-11-14,90.730003,58.818462
2002-11-15,91.400002,59.252811
2002-11-18,90.480003,58.656372
2002-11-19,90.360001,58.578579
2002-11-20,92.370003,59.881653
2002-11-21,94.089996,60.996674
2002-11-22,93.419998,60.562305
2002-11-25,93.480003,60.601238
2002-11-26,91.699997,59.447319
2002-11-27,94.279999,61.119854
2002-11-29,93.980003,60.925350
2002-12-02,94.129997,61.022610
2002-12-03,92.870003,60.205742
2002-12-04,92.449997,59.933495
2002-12-05,91.430000,59.272228
2002-12-06,92.029999,59.661243
2002-12-09,89.500000,58.021061
2002-12-10,90.699997,58.799019
2002-12-11,90.779999,58.850857
2002-12-12,90.769997,58.844376
2002-12-13,89.339996,57.917328
2002-12-16,91.650002,59.414871
2002-12-17,90.849998,58.896252
2002-12-18,89.800003,58.215557
2002-12-19,89.160004,57.800652
2002-12-20,89.989998,58.625401
2002-12-23,90.019997,58.644924
2002-12-24,89.349998,58.208458
2002-12-26,89.389999,58.234550
2002-12-27,87.379997,56.925095
2002-12-30,88.110001,57.400654
2002-12-31,88.230003,57.478840
2003-01-02,91.070000,59.329006
2003-01-03,91.349998,59.511410
2003-01-06,92.959999,60.560287
2003-01-07,92.730003,60.410439
2003-01-08,91.389999,59.537468
2003-01-09,92.809998,60.462536
2003-01-10,93.059998,60.625416
2003-01-13,93.029999,60.605881
2003-01-14,93.330002,60.801285
2003-01-15,92.400002,60.195480
2003-01-16,92.019997,59.947891
2003-01-17,90.660004,59.061901
2003-01-21,89.250000,58.143318
2003-01-22,88.169998,57.439747
2003-01-23,88.709999,57.791546
2003-01-24,86.379997,56.273602
2003-01-27,85.199997,55.504883
2003-01-28,85.830002,55.915325
2003-01-29,86.480003,56.338757
2003-01-30,84.430000,55.003307
2003-01-31,86.059998,56.065140
2003-02-03,86.230003,56.175934
2003-02-04,85.379997,55.622147
2003-02-05,84.849998,55.276882
2003-02-06,84.449997,55.016285
2003-02-07,83.419998,54.345284
2003-02-10,84.010002,54.729649
2003-02-11,83.430000,54.351807
2003-02-12,82.099998,53.485367
2003-02-13,82.349998,53.648228
2003-02-14,84.150002,54.820854
2003-02-18,85.629997,55.785000
2003-02-19,85.180000,55.491844
2003-02-20,84.330002,54.938145
2003-02-21,85.180000,55.491844
2003-02-24,83.800003,54.592838
2003-02-25,84.470001,55.029320
2003-02-26,83.239998,54.228016
2003-02-27,84.339996,54.944633
2003-02-28,84.900002,55.309444
2003-03-03,84.089996,54.781750
2003-03-04,82.750000,53.908783
2003-03-05,83.449997,54.364849
2003-03-06,82.750000,53.908783
2003-03-07,83.320000,54.280106
2003-03-10,81.320000,52.977230
2003-03-11,80.519997,52.456020
2003-03-12,81.059998,52.807800
2003-03-13,83.860001,54.631939
2003-03-14,84.129997,54.807816
2003-03-17,86.779999,56.534210
2003-03-18,87.290001,56.866436
2003-03-19,87.959999,57.302929
2003-03-20,88.150002,57.426704
2003-03-21,89.669998,58.652466
2003-03-24,86.690002,56.703274
2003-03-25,87.519997,57.246185
2003-03-26,87.080002,56.958351
2003-03-27,87.150002,57.004185
2003-03-28,86.709999,56.716354
2003-03-31,84.739998,55.427792
2003-04-01,86.040001,56.278118
2003-04-02,88.120003,57.638645
2003-04-03,87.699997,57.363918
2003-04-04,88.220001,57.704037
2003-04-07,88.050003,57.592854
2003-04-08,88.190002,57.684429
2003-04-09,87.029999,56.925671
2003-04-10,87.510002,57.239628
2003-04-11,87.150002,57.004185
2003-04-14,88.949997,58.181530
2003-04-15,89.779999,58.724422
2003-04-16,88.250000,57.723667
2003-04-17,89.559998,58.580528
2003-04-21,89.650002,58.639381
2003-04-22,91.339996,59.744774
2003-04-23,92.180000,60.294285
2003-04-24,91.360001,59.757908
2003-04-25,90.230003,59.018787
2003-04-28,91.790001,60.039131
2003-04-29,92.110001,60.248482
2003-04-30,91.910004,60.117626
2003-05-01,91.900002,60.111118
2003-05-02,93.209999,60.967964
2003-05-05,93.029999,60.850231
2003-05-06,93.910004,61.425850
2003-05-07,93.389999,61.085701
2003-05-08,92.449997,60.470856
2003-05-09,93.730003,61.308086
2003-05-12,94.879997,62.060268
2003-05-13,94.709999,61.949131
2003-05-14,94.510002,61.818302
2003-05-15,95.110001,62.210743
2003-05-16,94.870003,62.053768
2003-05-19,92.650002,60.601685
2003-05-20,92.459999,60.477421
2003-05-21,92.650002,60.601685
2003-05-22,93.570000,61.203442
2003-05-23,93.760002,61.327724
2003-05-27,95.400002,62.400444
2003-05-28,95.669998,62.577042
2003-05-29,95.419998,62.413528
2003-05-30,96.949997,63.414295
2003-06-02,97.349998,63.675884
2003-06-03,97.750000,63.937542
2003-06-04,99.160004,64.859802
2003-06-05,99.650002,65.180359
2003-06-06,99.260002,64.925247
2003-06-09,98.250000,64.264587
2003-06-10,99.250000,64.918663
2003-06-11,100.300003,65.605469
2003-06-12,100.610001,65.808243
2003-06-13,99.559998,65.121475
2003-06-16,101.660004,66.495041
2003-06-17,101.660004,66.495041
2003-06-18,101.570000,66.436218
2003-06-19,100.019997,65.422333
2003-06-20,99.440002,65.277924
2003-06-23,98.419998,64.608337
2003-06-24,98.519997,64.674011
2003-06-25,97.529999,64.024109
2003-06-26,98.800003,64.857803
2003-06-27,97.660004,64.109436
2003-06-30,97.629997,64.089722
2003-07-01,98.529999,64.680542
2003-07-02,99.769997,65.494537
2003-07-03,98.739998,64.818390
2003-07-07,100.699997,66.105034
2003-07-08,101.150002,66.400467
2003-07-09,100.580002,66.026268
2003-07-10,99.300003,65.185974
2003-07-11,100.239998,65.803078
2003-07-14,100.730003,66.124733
2003-07-15,100.510002,65.980354
2003-07-16,99.919998,65.593002
2003-07-17,98.500000,64.660858
2003-07-18,99.510002,65.323883
2003-07-21,98.279999,64.516418
2003-07-22,99.169998,65.100647
2003-07-23,99.239998,65.146660
2003-07-24,98.489998,64.654289
2003-07-25,100.230003,65.796539
2003-07-28,99.860001,65.553665
2003-07-29,99.400002,65.251671
2003-07-30,99.160004,65.094131
2003-07-31,99.389999,65.245071
2003-08-01,98.510002,64.667419
2003-08-04,98.510002,64.667419
2003-08-05,96.419998,63.295410
2003-08-06,96.980003,63.663017
2003-08-07,98.000000,64.332596
2003-08-08,98.279999,64.516418
2003-08-11,98.650002,64.759315
2003-08-12,99.550003,65.350143
2003-08-13,99.040001,65.015320
2003-08-14,99.309998,65.192604
2003-08-15,99.620003,65.396111
2003-08-18,100.480003,65.960609
2003-08-19,100.860001,66.210083
2003-08-20,100.449997,65.940941
2003-08-21,100.769997,66.150993
2003-08-22,99.769997,65.494537
2003-08-25,99.930000,65.599594
2003-08-26,100.110001,65.717720
2003-08-27,100.139999,65.737427
2003-08-28,100.760002,66.144470
2003-08-29,101.440002,66.590843
2003-09-02,102.800003,67.483597
2003-09-03,103.360001,67.851212
2003-09-04,103.410004,67.884071
2003-09-05,102.830002,67.503296
2003-09-08,103.680000,68.061279
2003-09-09,103.000000,67.614914
2003-09-10,101.959999,66.932205
2003-09-11,102.260002,67.129135
2003-09-12,102.449997,67.253838
2003-09-15,102.089996,67.017517
2003-09-16,103.580002,67.995621
2003-09-17,103.379997,67.864342
2003-09-18,104.599998,68.665245
2003-09-19,103.669998,68.315941
2003-09-22,102.550003,67.577934
2003-09-23,102.940002,67.834923
2003-09-24,101.110001,66.629005
2003-09-25,100.279999,66.082085
2003-09-26,99.949997,65.864609
2003-09-29,100.930000,66.510353
2003-09-30,99.949997,65.864609
2003-10-01,102.080002,67.268211
2003-10-02,102.449997,67.512032
2003-10-03,103.389999,68.131447
2003-10-06,103.860001,68.441193
2003-10-07,104.260002,68.704796
2003-10-08,104.000000,68.533432
2003-10-09,104.279999,68.717934
2003-10-10,104.570000,68.909027
2003-10-13,104.900002,69.126511
2003-10-14,105.269997,69.370354
2003-10-15,104.989998,69.185844
2003-10-16,105.410004,69.462578
2003-10-17,104.260002,68.704796
2003-10-20,105.040001,69.218742
2003-10-21,104.860001,69.100136
2003-10-22,103.540001,68.230278
2003-10-23,103.349998,68.105118
2003-10-24,103.580002,68.256668
2003-10-27,103.629997,68.289619
2003-10-28,105.040001,69.218742
2003-10-29,105.180000,69.311043
2003-10-30,105.400002,69.456001
2003-10-31,105.300003,69.390114
2003-11-03,105.989998,69.844765
2003-11-04,105.760002,69.693230
2003-11-05,105.839996,69.745964
2003-11-06,106.400002,70.114975
2003-11-07,105.610001,69.594383
2003-11-10,105.180000,69.311043
2003-11-11,105.150002,69.291275
2003-11-12,106.330002,70.068817
2003-11-13,106.360001,70.088615
2003-11-14,105.459999,69.495537
2003-11-17,104.930000,69.146301
2003-11-18,103.839996,68.427963
2003-11-19,104.720001,69.007912
2003-11-20,103.779999,68.388458
2003-11-21,104.209999,68.671837
2003-11-24,105.589996,69.581215
2003-11-25,105.989998,69.844765
2003-11-26,106.370003,70.095207
2003-11-28,106.449997,70.147911
2003-12-01,107.599998,70.905731
2003-12-02,107.330002,70.727829
2003-12-03,107.160004,70.615814
2003-12-04,107.599998,70.905731
2003-12-05,106.849998,70.411491
2003-12-08,107.570000,70.885986
2003-12-09,106.739998,70.338997
2003-12-10,106.730003,70.332451
2003-12-11,107.930000,71.123184
2003-12-12,108.139999,71.261604
2003-12-15,107.599998,70.905731
2003-12-16,108.160004,71.274773
2003-12-17,108.500000,71.498825
2003-12-18,109.720001,72.302773
2003-12-19,108.900002,72.101532
2003-12-22,109.660004,72.604691
2003-12-23,109.730003,72.651024
2003-12-24,109.620003,72.578186
2003-12-26,109.699997,72.631142
2003-12-29,111.160004,73.597832
2003-12-30,111.180000,73.611061
2003-12-31,111.279999,73.677254
2004-01-02,111.230003,73.644188
2004-01-05,112.440002,74.445305
2004-01-06,112.550003,74.518135
2004-01-07,112.930000,74.769714
2004-01-08,113.379997,75.067711
2004-01-09,112.389999,74.412201
2004-01-12,113.220001,74.961769
2004-01-13,112.559998,74.524750
2004-01-14,113.500000,75.147110
2004-01-15,113.779999,75.332474
2004-01-16,114.230003,75.630432
2004-01-20,114.199997,75.610565
2004-01-21,115.099998,76.206436
2004-01-22,114.800003,76.007851
2004-01-23,114.430000,75.762848
2004-01-26,115.870003,76.716286
2004-01-27,114.680000,75.928375
2004-01-28,113.370003,75.061020
2004-01-29,113.480003,75.133865
2004-01-30,113.480003,75.133865
2004-02-02,113.970001,75.458282
2004-02-03,113.779999,75.332474
2004-02-04,112.849998,74.716774
2004-02-05,113.180000,74.935226
2004-02-06,114.449997,75.776093
2004-02-09,114.480003,75.795967
2004-02-10,114.849998,76.040947
2004-02-11,116.070000,76.848701
2004-02-12,115.650002,76.570618
2004-02-13,115.129997,76.226280
2004-02-17,116.169998,76.914917
2004-02-18,115.660004,76.577217
2004-02-19,115.230003,76.292519
2004-02-20,114.879997,76.060799
2004-02-23,114.589996,75.868805
2004-02-24,114.389999,75.736343
2004-02-25,114.870003,76.054184
2004-02-26,114.940002,76.100525
2004-02-27,115.019997,76.153465
2004-03-01,116.160004,76.908272
2004-03-02,115.480003,76.458046
2004-03-03,115.690002,76.597099
2004-03-04,115.989998,76.795685
2004-03-05,116.379997,77.053925
2004-03-08,114.959999,76.113739
2004-03-09,114.500000,75.809174
2004-03-10,112.580002,74.538002
2004-03-11,111.120003,73.571342
2004-03-12,112.580002,74.538002
2004-03-15,111.199997,73.624321
2004-03-16,111.790001,74.014961
2004-03-17,113.040001,74.842567
2004-03-18,113.070000,74.862396
2004-03-19,111.059998,73.789391
2004-03-22,109.650002,72.852547
2004-03-23,109.459999,72.726334
2004-03-24,109.550003,72.786140
2004-03-25,111.000000,73.749504
2004-03-26,111.029999,73.769447
2004-03-29,112.589996,74.805923
2004-03-30,112.970001,75.058403
2004-03-31,113.099998,75.144791
2004-04-01,113.779999,75.596573
2004-04-02,114.639999,76.167992
2004-04-05,115.269997,76.586563
2004-04-06,114.900002,76.340721
2004-04-07,114.629997,76.161362
2004-04-08,114.370003,75.988594
2004-04-12,114.820000,76.287590
2004-04-13,113.209999,75.217880
2004-04-14,113.389999,75.337448
2004-04-15,112.959999,75.051773
2004-04-16,113.830002,75.629807
2004-04-19,113.830002,75.629807
2004-04-20,111.919998,74.360771
2004-04-21,112.669998,74.859070
2004-04-22,114.250000,75.908859
2004-04-23,114.360001,75.981941
2004-04-26,114.199997,75.875687
2004-04-27,114.300003,75.942093
2004-04-28,112.820000,74.958740
2004-04-29,111.830002,74.300980
2004-04-30,110.959999,73.722954
2004-05-03,112.150002,74.513603
2004-05-04,112.059998,74.453812
2004-05-05,112.779999,74.932175
2004-05-06,111.809998,74.287674
2004-05-07,109.959999,73.058533
2004-05-10,108.830002,72.307739
2004-05-11,109.750000,72.919014
2004-05-12,110.449997,73.384102
2004-05-13,109.989998,73.078484
2004-05-14,110.040001,73.111694
2004-05-17,109.099998,72.487137
2004-05-18,109.650002,72.852547
2004-05-19,109.269997,72.600067
2004-05-20,109.620003,72.832642
2004-05-21,109.809998,72.958855
2004-05-24,110.269997,73.264511
2004-05-25,111.849998,74.314278
2004-05-26,112.239998,74.573387
2004-05-27,112.870003,74.991982
2004-05-28,112.860001,74.985313
2004-06-01,112.709999,74.885666
2004-06-02,113.129997,75.164742
2004-06-03,112.089996,74.473755
2004-06-04,112.980003,75.065056
2004-06-07,114.699997,76.207840
2004-06-08,114.860001,76.314148
2004-06-09,113.790001,75.603218
2004-06-10,114.349998,75.975342
2004-06-14,113.220001,75.224541
2004-06-15,114.019997,75.756050
2004-06-16,114.000000,75.742729
2004-06-17,113.830002,75.629807
2004-06-18,113.629997,75.772499
2004-06-21,113.199997,75.485786
2004-06-22,113.769997,75.865868
2004-06-23,114.750000,76.519371
2004-06-24,114.389999,76.279305
2004-06-25,113.839996,75.912575
2004-06-28,113.449997,75.652481
2004-06-29,113.919998,75.965889
2004-06-30,114.529999,76.372681
2004-07-01,112.940002,75.312386
2004-07-02,112.879997,75.272408
2004-07-06,111.889999,74.612244
2004-07-07,112.220001,74.832275
2004-07-08,111.440002,74.312172
2004-07-09,111.730003,74.505539
2004-07-12,111.779999,74.538872
2004-07-13,111.860001,74.592194
2004-07-14,111.519997,74.365456
2004-07-15,110.800003,73.885376
2004-07-16,110.709999,73.825386
2004-07-19,110.239998,73.511909
2004-07-20,111.639999,74.445511
2004-07-21,109.580002,73.071854
2004-07-22,109.879997,73.271843
2004-07-23,108.959999,72.658394
2004-07-26,108.750000,72.518364
2004-07-27,109.769997,73.198532
2004-07-28,110.099998,73.418579
2004-07-29,110.570000,73.732010
2004-07-30,110.839996,73.912025
2004-08-02,111.070000,74.065407
2004-08-03,110.209999,73.491936
2004-08-04,110.199997,73.485252
2004-08-05,108.400002,72.284973
2004-08-06,106.849998,71.251350
2004-08-09,107.000000,71.351418
2004-08-10,108.379997,72.271622
2004-08-11,108.160004,72.124924
2004-08-12,106.980003,71.338051
2004-08-13,107.190002,71.478088
2004-08-16,108.300003,72.218300
2004-08-17,108.910004,72.625076
2004-08-18,110.029999,73.371895
2004-08-19,109.709999,73.158501
2004-08-20,110.480003,73.672012
2004-08-23,110.199997,73.485252
2004-08-24,110.349998,73.585297
2004-08-25,111.099998,74.085419
2004-08-26,111.099998,74.085419
2004-08-27,111.449997,74.318810
2004-08-30,110.529999,73.705292
2004-08-31,111.110001,74.092094
2004-09-01,111.320000,74.232140
2004-09-02,112.580002,75.072311
2004-09-03,112.120003,74.765587
2004-09-07,112.860001,75.259064
2004-09-08,112.580002,75.072311
2004-09-09,112.480003,75.005630
2004-09-10,113.059998,75.392403
2004-09-13,113.430000,75.639160
2004-09-14,113.660004,75.792480
2004-09-15,112.800003,75.219055
2004-09-16,113.139999,75.445724
2004-09-17,113.150002,75.766495
2004-09-20,112.470001,75.311165
2004-09-21,112.959999,75.639244
2004-09-22,111.550003,74.695129
2004-09-23,110.949997,74.293373
2004-09-24,111.459999,74.634865
2004-09-27,110.750000,74.159439
2004-09-28,111.279999,74.514320
2004-09-29,111.839996,74.889343
2004-09-30,111.760002,74.835739
2004-10-01,113.650002,76.101288
2004-10-04,113.839996,76.228554
2004-10-05,113.900002,76.268738
2004-10-06,114.680000,76.791016
2004-10-07,113.449997,75.967400
2004-10-08,112.510002,75.337929
2004-10-11,112.970001,75.645981
2004-10-12,112.529999,75.351379
2004-10-13,111.540001,74.688431
2004-10-14,110.639999,74.085777
2004-10-15,111.260002,74.500931
2004-10-18,111.680000,74.782173
2004-10-19,110.739998,74.152748
2004-10-20,110.519997,74.005447
2004-10-21,111.239998,74.487526
2004-10-22,109.989998,73.650520
2004-10-25,109.860001,73.563484
2004-10-26,111.540001,74.688431
2004-10-27,112.879997,75.585724
2004-10-28,113.220001,75.813377
2004-10-29,113.199997,75.799980
2004-11-01,113.510002,76.007568
2004-11-02,113.550003,76.034340
2004-11-03,114.980003,76.991905
2004-11-04,116.550003,78.043236
2004-11-05,117.279999,78.531998
2004-11-08,117.110001,78.418182
2004-11-09,116.879997,78.264175
2004-11-10,116.970001,78.324402
2004-11-11,117.860001,78.920372
2004-11-12,118.790001,79.543137
2004-11-15,118.730003,79.738525
2004-11-16,117.879997,79.167664
2004-11-17,118.580002,79.637833
2004-11-18,118.739998,79.745270
2004-11-19,117.419998,78.858765
2004-11-22,117.980003,79.234863
2004-11-23,118.160004,79.355721
2004-11-24,118.440002,79.543770
2004-11-26,118.349998,79.483315
2004-11-29,117.809998,79.120651
2004-11-30,117.889999,79.174400
2004-12-01,119.230003,80.074364
2004-12-02,119.330002,80.141502
2004-12-03,119.250000,80.087769
2004-12-06,119.209999,80.060905
2004-12-07,118.099998,79.315460
2004-12-08,118.790001,79.778862
2004-12-09,119.209999,80.060905
2004-12-10,119.330002,80.141502
2004-12-13,120.370003,80.839935
2004-12-14,120.790001,81.122047
2004-12-15,120.879997,81.182480
2004-12-16,120.809998,81.135468
2004-12-17,119.440002,80.594315
2004-12-20,119.470001,80.614555
2004-12-21,120.389999,81.235313
2004-12-22,120.680000,81.431023
2004-12-23,120.769997,81.491753
2004-12-27,120.519997,81.323082
2004-12-28,121.180000,81.768410
2004-12-29,121.360001,81.889862
2004-12-30,121.129997,81.734657
2004-12-31,120.870003,81.559212
2005-01-03,120.300003,81.174629
2005-01-04,118.830002,80.182686
2005-01-05,118.010002,79.629387
2005-01-06,118.610001,80.034241
2005-01-07,118.440002,79.919533
2005-01-10,119.000000,80.297394
2005-01-11,118.180000,79.744110
2005-01-12,118.570000,80.007256
2005-01-13,117.620003,79.366203
2005-01-14,118.239998,79.784569
2005-01-18,119.470001,80.614555
2005-01-19,118.220001,79.771065
2005-01-20,117.500000,79.285263
2005-01-21,116.779999,78.799416
2005-01-24,116.550003,78.644211
2005-01-25,116.879997,78.866867
2005-01-26,117.230003,79.103065
2005-01-27,117.430000,79.238014
2005-01-28,117.430000,79.238014
2005-01-31,118.160004,79.730583
2005-02-01,118.910004,80.236664
2005-02-02,119.269997,80.479576
2005-02-03,118.959999,80.270409
2005-02-04,120.230003,81.127380
2005-02-07,120.070000,81.019402
2005-02-08,120.209999,81.113884
2005-02-09,119.309998,80.506569
2005-02-10,119.739998,80.796730
2005-02-11,120.769997,81.491753
2005-02-14,120.680000,81.431023
2005-02-15,121.129997,81.734657
2005-02-16,121.209999,81.788628
2005-02-17,120.230003,81.127380
2005-02-18,120.389999,81.235313
2005-02-22,118.599998,80.027496
2005-02-23,119.449997,80.601044
2005-02-24,120.239998,81.134079
2005-02-25,121.430000,81.937088
2005-02-28,120.629997,81.397263
2005-03-01,121.230003,81.802147
2005-03-02,121.169998,81.761658
2005-03-03,121.220001,81.795349
2005-03-04,122.730003,82.814316
2005-03-07,122.790001,82.854774
2005-03-08,122.330002,82.544380
2005-03-09,120.970001,81.626694
2005-03-10,121.239998,81.808868
2005-03-11,120.389999,81.235313
2005-03-14,121.139999,81.741409
2005-03-15,120.139999,81.066643
2005-03-16,119.120003,80.378365
2005-03-17,119.360001,80.540306
2005-03-18,118.540001,80.301186
2005-03-21,118.099998,80.003136
2005-03-22,116.900002,79.190239
2005-03-23,117.000000,79.257996
2005-03-24,117.139999,79.352776
2005-03-28,117.309998,79.467972
2005-03-29,116.529999,78.939598
2005-03-30,118.180000,80.057335
2005-03-31,117.959999,79.908279
2005-04-01,117.430000,79.549248
2005-04-04,117.629997,79.684738
2005-04-05,118.190002,80.064102
2005-04-06,118.599998,80.341835
2005-04-07,119.239998,80.775406
2005-04-08,118.000000,79.935387
2005-04-11,118.089996,79.996361
2005-04-12,118.699997,80.409592
2005-04-13,117.300003,79.461205
2005-04-14,115.769997,78.424759
2005-04-15,114.150002,77.327316
2005-04-18,114.500000,77.564430
2005-04-19,115.410004,78.180862
2005-04-20,113.800003,77.090218
2005-04-21,116.010002,78.587341
2005-04-22,115.570000,78.289253
2005-04-25,116.330002,78.804108
2005-04-26,115.199997,78.038582
2005-04-27,115.650002,78.343437
2005-04-28,114.199997,77.361176
2005-04-29,115.750000,78.411209
2005-05-02,116.400002,78.851517
2005-05-03,116.599998,78.986992
2005-05-04,117.500000,79.596687
2005-05-05,117.459999,79.569588
2005-05-06,117.089996,79.318916
2005-05-09,117.820000,79.813423
2005-05-10,116.599998,78.986992
2005-05-11,117.239998,79.420563
2005-05-12,115.949997,78.546684
2005-05-13,115.720001,78.390862
2005-05-16,116.800003,79.122505
2005-05-17,117.580002,79.650864
2005-05-18,118.790001,80.470535
2005-05-19,119.290001,80.809273
2005-05-20,119.120003,80.694084
2005-05-23,119.779999,81.141197
2005-05-24,119.500000,80.951500
2005-05-25,119.410004,80.890556
2005-05-26,120.050003,81.324089
2005-05-27,120.250000,81.459587
2005-05-31,119.480003,80.937950
2005-06-01,120.500000,81.628914
2005-06-02,120.760002,81.805061
2005-06-03,120.150002,81.391815
2005-06-06,120.040001,81.317352
2005-06-07,120.129997,81.378288
2005-06-08,119.910004,81.229248
2005-06-09,120.480003,81.615433
2005-06-10,120.199997,81.425697
2005-06-13,120.580002,81.683136
2005-06-14,120.860001,81.872787
2005-06-15,121.089996,82.028610
2005-06-16,121.400002,82.238617
2005-06-17,121.360001,82.543327
2005-06-20,121.400002,82.570557
2005-06-21,121.470001,82.618126
2005-06-22,121.570000,82.686165
2005-06-23,119.860001,81.523125
2005-06-24,118.980003,80.924576
2005-06-27,119.150002,81.040176
2005-06-28,120.150002,81.720337
2005-06-29,119.830002,81.502693
2005-06-30,119.180000,81.060600
2005-07-01,119.529999,81.298637
2005-07-05,120.489998,81.951584
2005-07-06,119.480003,81.264641
2005-07-07,119.949997,81.584282
2005-07-08,121.320000,82.516106
2005-07-11,121.940002,82.937828
2005-07-12,122.260002,83.155434
2005-07-13,122.430000,83.271095
2005-07-14,122.910004,83.597565
2005-07-15,122.839996,83.549919
2005-07-18,122.349998,83.216667
2005-07-19,123.019997,83.672409
2005-07-20,123.440002,83.958038
2005-07-21,122.720001,83.468330
2005-07-22,123.540001,84.026024
2005-07-25,123.190002,83.787994
2005-07-26,123.339996,83.890022
2005-07-27,123.790001,84.196121
2005-07-28,124.570000,84.726593
2005-07-29,123.739998,84.162109
2005-08-01,123.650002,84.100868
2005-08-02,124.389999,84.604195
2005-08-03,124.720001,84.828621
2005-08-04,123.720001,84.148476
2005-08-05,122.879997,83.577171
2005-08-08,122.650002,83.420715
2005-08-09,123.389999,83.924049
2005-08-10,123.330002,83.883247
2005-08-11,123.820000,84.216461
2005-08-12,123.059998,83.699570
2005-08-15,123.820000,84.216461
2005-08-16,122.209999,83.121429
2005-08-17,122.199997,83.114677
2005-08-18,122.190002,83.107849
2005-08-19,122.470001,83.298248
2005-08-22,122.470001,83.298248
2005-08-23,122.239998,83.141869
2005-08-24,121.150002,82.400490
2005-08-25,121.589996,82.699760
2005-08-26,120.760002,82.135223
2005-08-29,121.690002,82.767754
2005-08-30,121.050003,82.332474
2005-08-31,122.580002,83.373093
2005-09-01,122.489998,83.311852
2005-09-02,122.269997,83.162277
2005-09-06,123.699997,84.134895
2005-09-07,123.910004,84.277702
2005-09-08,123.500000,83.998833
2005-09-09,124.599998,84.747017
2005-09-12,124.349998,84.576973
2005-09-13,123.660004,84.107658
2005-09-14,123.209999,83.801605
2005-09-15,123.150002,83.760803
2005-09-16,123.500000,84.356400
2005-09-19,123.089996,84.076355
2005-09-20,122.050003,83.365990
2005-09-21,120.910004,82.587311
2005-09-22,121.339996,82.881027
2005-09-23,121.440002,82.949341
2005-09-26,121.580002,83.044922
2005-09-27,121.550003,83.024498
2005-09-28,121.669998,83.106422
2005-09-29,122.660004,83.782631
2005-09-30,123.040001,84.042198
2005-10-03,122.599998,83.741669
2005-10-04,121.220001,82.799049
2005-10-05,119.629997,81.713013
2005-10-06,119.199997,81.419304
2005-10-07,119.610001,81.699364
2005-10-10,118.599998,81.009483
2005-10-11,118.430000,80.893364
2005-10-12,117.500000,80.258141
2005-10-13,117.430000,80.210289
2005-10-14,118.669998,81.057251
2005-10-17,119.110001,81.357819
2005-10-18,117.820000,80.476685
2005-10-19,119.779999,81.815460
2005-10-20,117.669998,80.374245
2005-10-21,118.129997,80.688461
2005-10-24,119.959999,81.938416
2005-10-25,119.720001,81.774490
2005-10-26,119.370003,81.535385
2005-10-27,118.099998,80.667969
2005-10-28,119.800003,81.829140
2005-10-31,120.129997,82.054558
2005-11-01,120.489998,82.300407
2005-11-02,121.750000,83.161095
2005-11-03,122.269997,83.516273
2005-11-04,122.110001,83.406960
2005-11-07,122.230003,83.488930
2005-11-08,122.230003,83.488930
2005-11-09,122.389999,83.598206
2005-11-10,123.339996,84.247139
2005-11-11,123.760002,84.533997
2005-11-14,123.690002,84.486183
2005-11-15,123.239998,84.178818
2005-11-16,123.489998,84.349579
2005-11-17,124.639999,85.135063
2005-11-18,125.129997,85.469765
2005-11-21,125.760002,85.900093
2005-11-22,126.300003,86.268944
2005-11-23,127.029999,86.767555
2005-11-25,127.129997,86.835869
2005-11-28,126.230003,86.221107
2005-11-29,126.089996,86.125511
2005-11-30,125.410004,85.661034
2005-12-01,126.690002,86.535324
2005-12-02,126.849998,86.644585
2005-12-05,126.580002,86.460190
2005-12-06,126.820000,86.624123
2005-12-07,126.080002,86.118675
2005-12-08,126.000000,86.064056
2005-12-09,126.330002,86.289421
2005-12-12,126.449997,86.371414
2005-12-13,127.309998,86.958794
2005-12-14,127.809998,87.300362
2005-12-15,127.440002,87.047615
2005-12-16,126.360001,86.767464
2005-12-19,125.709999,86.321106
2005-12-20,125.830002,86.403511
2005-12-21,126.029999,86.540855
2005-12-22,126.690002,86.994057
2005-12-23,126.760002,87.042122
2005-12-27,125.470001,86.156319
2005-12-28,125.750000,86.348595
2005-12-29,125.190002,85.964027
2005-12-30,124.510002,85.497108
2006-01-03,126.699997,87.000893
2006-01-04,127.300003,87.412949
2006-01-05,127.379997,87.467842
2006-01-06,128.440002,88.195763
2006-01-09,128.770004,88.422310
2006-01-10,128.899994,88.511589
2006-01-11,129.309998,88.793106
2006-01-12,128.800003,88.442940
2006-01-13,128.679993,88.360512
2006-01-17,128.330002,88.120201
2006-01-18,127.820000,87.769989
2006-01-19,128.309998,88.106476
2006-01-20,125.970001,86.499657
2006-01-23,126.419998,86.808632
2006-01-24,126.550003,86.897903
2006-01-25,126.660004,86.973434
2006-01-26,127.360001,87.454117
2006-01-27,128.539993,88.264374
2006-01-30,128.440002,88.195763
2006-01-31,127.500000,87.550262
2006-02-01,128.389999,88.161400
2006-02-02,126.900002,87.138252
2006-02-03,126.269997,86.705643
2006-02-06,126.599998,86.932236
2006-02-07,125.480003,86.163185
2006-02-08,126.620003,86.946014
2006-02-09,126.410004,86.801773
2006-02-10,126.639999,86.959724
2006-02-13,126.410004,86.801773
2006-02-14,127.750000,87.721954
2006-02-15,128.199997,88.030914
2006-02-16,129.160004,88.690140
2006-02-17,128.809998,88.449799
2006-02-21,128.490005,88.230057
2006-02-22,129.270004,88.765648
2006-02-23,129.080002,88.635193
2006-02-24,129.410004,88.861786
2006-02-27,129.460007,88.896156
2006-02-28,128.229996,88.051537
2006-03-01,129.369995,88.834343
2006-03-02,129.360001,88.827477
2006-03-03,128.759995,88.415413
2006-03-06,128.169998,88.010338
2006-03-07,127.970001,87.873009
2006-03-08,128.240005,88.058372
2006-03-09,127.379997,87.467842
2006-03-10,128.589996,88.298752
2006-03-13,128.830002,88.463554
2006-03-14,130.179993,89.390526
2006-03-15,130.759995,89.788811
2006-03-16,131.029999,89.974197
2006-03-17,130.619995,90.049332
2006-03-20,130.410004,89.904572
2006-03-21,129.589996,89.339294
2006-03-22,130.380005,89.883896
2006-03-23,130.110001,89.697746
2006-03-24,130.210007,89.766693
2006-03-27,130.020004,89.635696
2006-03-28,129.220001,89.084175
2006-03-29,130.029999,89.642586
2006-03-30,129.800003,89.484032
2006-03-31,129.830002,89.504707
2006-04-03,129.729996,89.435776
2006-04-04,130.559998,90.008003
2006-04-05,131.009995,90.318192
2006-04-06,130.869995,90.221664
2006-04-07,129.539993,89.304756
2006-04-10,129.740005,89.442703
2006-04-11,128.639999,88.684341
2006-04-12,128.880005,88.849800
2006-04-13,128.710007,88.732574
2006-04-17,128.660004,88.698143
2006-04-18,130.699997,90.104492
2006-04-19,130.949997,90.276863
2006-04-20,131.130005,90.400970
2006-04-21,131.149994,90.414726
2006-04-24,130.910004,90.249260
2006-04-25,130.369995,89.877007
2006-04-26,130.399994,89.897675
2006-04-27,131.029999,90.332008
2006-04-28,131.470001,90.635323
2006-05-01,130.399994,89.897675
2006-05-02,131.380005,90.573296
2006-05-03,130.889999,90.235489
2006-05-04,131.360001,90.559494
2006-05-05,132.520004,91.359192
2006-05-08,132.360001,91.248848
2006-05-09,132.619995,91.428169
2006-05-10,132.550003,91.379890
2006-05-11,130.949997,90.276863
2006-05-12,129.240005,89.097969
2006-05-15,129.500000,89.277184
2006-05-16,129.309998,89.146248
2006-05-17,126.849998,87.450287
2006-05-18,126.209999,87.009079
2006-05-19,127.099998,87.622665
2006-05-22,126.129997,86.953918
2006-05-23,125.169998,86.292107
2006-05-24,126.169998,86.981522
2006-05-25,127.730003,88.056992
2006-05-26,128.380005,88.505081
2006-05-30,126.099998,86.933243
2006-05-31,127.510002,87.905319
2006-06-01,128.729996,88.746376
2006-06-02,129.000000,88.932526
2006-06-05,127.120003,87.636459
2006-06-06,126.809998,87.422722
2006-06-07,125.860001,86.767792
2006-06-08,125.750000,86.691956
2006-06-09,125.349998,86.416214
2006-06-12,123.989998,85.478615
2006-06-13,122.550003,84.485901
2006-06-14,123.500000,85.140839
2006-06-15,126.120003,86.947052
2006-06-16,124.650002,86.313461
2006-06-19,123.669998,85.634895
2006-06-20,124.089996,85.925667
2006-06-21,125.010002,86.562752
2006-06-22,124.459999,86.181870
2006-06-23,124.440002,86.168022
2006-06-26,124.989998,86.548882
2006-06-27,123.910004,85.801033
2006-06-28,124.750000,86.382706
2006-06-29,127.269997,88.127647
2006-06-30,127.279999,88.134583
2006-07-03,127.800003,88.494667
2006-07-05,127.070000,87.989174
2006-07-06,127.440002,88.245377
2006-07-07,126.610001,87.670647
2006-07-10,126.849998,87.836845
2006-07-11,127.410004,88.224632
2006-07-12,126.050003,87.282875
2006-07-13,124.000000,85.863403
2006-07-14,123.519997,85.530960
2006-07-17,123.339996,85.406357
2006-07-18,123.970001,85.842567
2006-07-19,125.690002,87.033607
2006-07-20,124.830002,86.438057
2006-07-21,123.949997,85.828728
2006-07-24,126.209999,87.393661
2006-07-25,126.660004,87.705261
2006-07-26,126.830002,87.822952
2006-07-27,126.709999,87.739868
2006-07-28,127.980003,88.619331
2006-07-31,127.849998,88.529282
2006-08-01,127.220001,88.093033
2006-08-02,128.080002,88.688530
2006-08-03,128.419998,88.923981
2006-08-04,128.199997,88.771629
2006-08-07,127.900002,88.563904
2006-08-08,127.410004,88.224632
2006-08-09,126.980003,87.926865
2006-08-10,127.370003,88.196907
2006-08-11,127.010002,87.947609
2006-08-14,127.110001,88.016884
2006-08-15,128.630005,89.069397
2006-08-16,129.699997,89.810257
2006-08-17,130.029999,90.038826
2006-08-18,130.690002,90.495850
2006-08-21,130.130005,90.108070
2006-08-22,130.119995,90.101151
2006-08-23,129.759995,89.851852
2006-08-24,129.649994,89.775681
2006-08-25,129.809998,89.886475
2006-08-28,130.429993,90.315811
2006-08-29,130.580002,90.419640
2006-08-30,130.660004,90.475067
2006-08-31,130.639999,90.461189
2006-09-01,131.419998,91.001335
2006-09-05,131.669998,91.174416
2006-09-06,130.509995,90.371201
2006-09-07,129.910004,89.955719
2006-09-08,130.279999,90.211945
2006-09-11,130.410004,90.301903
2006-09-12,131.690002,91.188263
2006-09-13,132.220001,91.555244
2006-09-14,132.229996,91.562172
2006-09-15,131.960007,91.777115
2006-09-18,132.139999,91.902298
2006-09-19,131.809998,91.672783
2006-09-20,132.509995,92.159607
2006-09-21,131.869995,91.714523
2006-09-22,131.470001,91.436302
2006-09-25,132.479996,92.138741
2006-09-26,133.580002,92.903793
2006-09-27,133.740005,93.015106
2006-09-28,133.690002,92.980316
2006-09-29,133.580002,92.903793
2006-10-02,133.080002,92.556053
2006-10-03,133.360001,92.750801
2006-10-04,134.919998,93.835777
2006-10-05,135.179993,94.016594
2006-10-06,135.009995,93.898369
2006-10-09,135.089996,93.954010
2006-10-10,135.270004,94.079193
2006-10-11,135.110001,93.967888
2006-10-12,136.279999,94.781624
2006-10-13,136.630005,95.025055
2006-10-16,136.839996,95.171120
2006-10-17,136.410004,94.872055
2006-10-18,136.589996,94.997223
2006-10-19,136.809998,95.150230
2006-10-20,136.839996,95.171120
2006-10-23,137.470001,95.609222
2006-10-24,137.880005,95.894417
2006-10-25,138.350006,96.221275
2006-10-26,138.779999,96.520355
2006-10-27,137.910004,95.915253
2006-10-30,137.809998,95.845764
2006-10-31,137.789993,95.831795
2006-11-01,136.860001,95.185036
2006-11-02,136.779999,95.129341
2006-11-03,136.539993,94.962471
2006-11-06,138.080002,96.033516
2006-11-07,138.610001,96.402145
2006-11-08,138.910004,96.610786
2006-11-09,138.179993,96.103073
2006-11-10,138.240005,96.144814
2006-11-13,138.580002,96.381256
2006-11-14,139.619995,97.104553
2006-11-15,140.020004,97.382767
2006-11-16,140.380005,97.633133
2006-11-17,140.419998,97.661003
2006-11-20,140.500000,97.716576
2006-11-21,140.639999,97.813995
2006-11-22,140.919998,98.008720
2006-11-24,140.350006,97.612267
2006-11-27,138.419998,96.270027
2006-11-28,139.020004,96.687263
2006-11-29,140.470001,97.695770
2006-11-30,140.529999,97.737488
2006-12-01,140.220001,97.521866
2006-12-04,141.289993,98.266029
2006-12-05,141.899994,98.690292
2006-12-06,141.779999,98.606834
2006-12-07,141.160004,98.175674
2006-12-08,141.419998,98.356483
2006-12-11,141.830002,98.641586
2006-12-12,141.720001,98.565109
2006-12-13,141.869995,98.669449
2006-12-14,143.119995,99.538788
2006-12-15,142.339996,99.547874
2006-12-18,141.949997,99.275116
2006-12-19,142.220001,99.463943
2006-12-20,142.139999,99.408005
2006-12-21,141.619995,99.044327
2006-12-22,140.750000,98.435936
2006-12-26,141.580002,99.016380
2006-12-27,142.509995,99.666779
2006-12-28,142.210007,99.456978
2006-12-29,141.619995,99.044327
2007-01-03,141.369995,98.869476
2007-01-04,141.669998,99.079315
2007-01-05,140.539993,98.289040
2007-01-08,141.190002,98.743607
2007-01-09,141.070007,98.659683
2007-01-10,141.539993,98.988411
2007-01-11,142.160004,99.421989
2007-01-12,143.240005,100.177322
2007-01-16,142.960007,99.981506
2007-01-17,143.020004,100.023491
2007-01-18,142.539993,99.687775
2007-01-19,142.820007,99.883560
2007-01-22,142.380005,99.575829
2007-01-23,142.800003,99.869614
2007-01-24,143.949997,100.673866
2007-01-25,142.259995,99.491928
2007-01-26,142.130005,99.400993
2007-01-29,142.050003,99.345070
2007-01-30,142.789993,99.862625
2007-01-31,143.750000,100.534004
2007-02-01,144.610001,101.135460
2007-02-02,144.809998,101.275337
2007-02-05,144.850006,101.303299
2007-02-06,144.889999,101.331276
2007-02-07,145.210007,101.555046
2007-02-08,145.020004,101.422165
2007-02-09,143.940002,100.666855
2007-02-12,143.449997,100.324158
2007-02-13,144.660004,101.170448
2007-02-14,145.610001,101.834778
2007-02-15,145.800003,101.967720
2007-02-16,145.729996,101.918732
2007-02-20,146.039993,102.135490
2007-02-21,145.979996,102.093559
2007-02-22,145.869995,102.016647
2007-02-23,145.300003,101.618011
2007-02-26,145.169998,101.527122
2007-02-27,139.500000,97.561676
2007-02-28,140.929993,98.561745
2007-03-01,140.509995,98.268059
2007-03-02,138.669998,96.981163
2007-03-05,137.350006,96.058044
2007-03-06,139.699997,97.701607
2007-03-07,139.559998,97.603653
2007-03-08,140.740005,98.428894
2007-03-09,140.779999,98.456894
2007-03-12,140.990005,98.603714
2007-03-13,138.250000,96.687462
2007-03-14,139.279999,97.407829
2007-03-15,139.470001,97.540688
2007-03-16,138.529999,97.267548
2007-03-19,140.199997,98.440117
2007-03-20,140.970001,98.980835
2007-03-21,143.289993,100.609756
2007-03-22,143.179993,100.532547
2007-03-23,143.389999,100.679955
2007-03-26,143.199997,100.546539
2007-03-27,142.860001,100.307846
2007-03-28,141.820007,99.577629
2007-03-29,141.970001,99.682968
2007-03-30,142.000000,99.703972
2007-04-02,142.160004,99.816345
2007-04-03,143.690002,100.890625
2007-04-04,143.850006,101.002945
2007-04-05,144.240005,101.276779
2007-04-09,144.440002,101.417282
2007-04-10,144.610001,101.536598
2007-04-11,144.020004,101.122330
2007-04-12,144.660004,101.571716
2007-04-13,145.320007,102.035103
2007-04-16,146.699997,103.004066
2007-04-17,147.089996,103.277870
2007-04-18,147.270004,103.404266
2007-04-19,147.229996,103.376198
2007-04-20,148.619995,104.352150
2007-04-23,148.059998,103.958969
2007-04-24,148.119995,104.001099
2007-04-25,149.479996,104.956001
2007-04-26,149.649994,105.075340
2007-04-27,149.529999,104.991127
2007-04-30,148.289993,104.120445
2007-05-01,148.669998,104.387283
2007-05-02,149.539993,104.998116
2007-05-03,150.350006,105.566925
2007-05-04,150.919998,105.967072
2007-05-07,150.949997,105.988167
2007-05-08,150.750000,105.847755
2007-05-09,151.160004,106.135620
2007-05-10,149.580002,105.026215
2007-05-11,150.860001,105.924973
2007-05-14,150.529999,105.693268
2007-05-15,150.570007,105.721344
2007-05-16,151.600006,106.444580
2007-05-17,151.300003,106.233864
2007-05-18,152.619995,107.160721
2007-05-21,152.539993,107.104568
2007-05-22,152.419998,107.020309
2007-05-23,152.440002,107.034348
2007-05-24,151.059998,106.065369
2007-05-25,151.690002,106.507767
2007-05-29,152.240005,106.893936
2007-05-30,153.479996,107.764580
2007-05-31,153.320007,107.652237
2007-06-01,154.080002,108.185837
2007-06-04,154.100006,108.199905
2007-06-05,153.490005,107.771599
2007-06-06,151.839996,106.613045
2007-06-07,149.100006,104.689201
2007-06-08,151.039993,106.051338
2007-06-11,151.300003,106.233864
2007-06-12,149.649994,105.075340
2007-06-13,151.889999,106.648178
2007-06-14,152.860001,107.329277
2007-06-15,153.070007,107.939934
2007-06-18,152.889999,107.812973
2007-06-19,153.270004,108.080971
2007-06-20,151.139999,106.578949
2007-06-21,151.979996,107.171318
2007-06-22,150.550003,106.162933
2007-06-25,149.830002,105.655182
2007-06-26,148.289993,104.569191
2007-06-27,150.399994,106.057129
2007-06-28,150.380005,106.043007
2007-06-29,150.429993,106.078316
2007-07-02,151.789993,107.037315
2007-07-03,152.339996,107.425179
2007-07-05,152.179993,107.312317
2007-07-06,152.979996,107.876450
2007-07-09,153.100006,107.961113
2007-07-10,150.919998,106.423782
2007-07-11,151.990005,107.178329
2007-07-12,154.389999,108.870758
2007-07-13,154.850006,109.195152
2007-07-16,154.830002,109.181000
2007-07-17,154.750000,109.124565
2007-07-18,154.470001,108.927132
2007-07-19,155.070007,109.350258
2007-07-20,153.500000,108.243149
2007-07-23,153.970001,108.574570
2007-07-24,151.300003,106.691750
2007-07-25,151.610001,106.910431
2007-07-26,148.020004,104.378838
2007-07-27,145.110001,102.326782
2007-07-30,147.380005,103.927498
2007-07-31,145.720001,102.756935
2007-08-01,146.429993,103.257622
2007-08-02,147.600006,104.082626
2007-08-03,143.800003,101.403046
2007-08-06,146.210007,103.102486
2007-08-07,147.770004,104.202545
2007-08-08,149.830002,105.655182
2007-08-09,145.389999,102.524261
2007-08-10,144.710007,102.044716
2007-08-13,145.229996,102.411438
2007-08-14,143.009995,100.845940
2007-08-15,141.039993,99.456741
2007-08-16,142.100006,100.204224
2007-08-17,144.710007,102.044716
2007-08-20,144.639999,101.995369
2007-08-21,144.929993,102.199890
2007-08-22,146.649994,103.412773
2007-08-23,146.520004,103.321075
2007-08-24,148.330002,104.597427
2007-08-27,146.949997,103.624352
2007-08-28,143.720001,101.346611
2007-08-29,146.539993,103.335175
2007-08-30,146.149994,103.060196
2007-08-31,147.589996,104.075584
2007-09-04,149.080002,105.126312
2007-09-05,147.789993,104.216652
2007-09-06,148.130005,104.456390
2007-09-07,146.070007,103.003746
2007-09-10,145.789993,102.806328
2007-09-11,147.490005,104.005066
2007-09-12,147.869995,104.273048
2007-09-13,148.910004,105.006439
2007-09-14,148.899994,104.999382
2007-09-17,148.100006,104.435211
2007-09-18,152.460007,107.509766
2007-09-19,153.360001,108.144417
2007-09-20,152.279999,107.382790
2007-09-21,151.970001,107.672646
2007-09-24,151.690002,107.474236
2007-09-25,151.389999,107.261681
2007-09-26,152.190002,107.828499
2007-09-27,153.089996,108.466164
2007-09-28,152.580002,108.104843
2007-10-01,154.300003,109.323425
2007-10-02,154.089996,109.174629
2007-10-03,153.779999,108.954979
2007-10-04,154.020004,109.125092
2007-10-05,155.850006,110.421631
2007-10-08,155.020004,109.833557
2007-10-09,156.479996,110.868011
2007-10-10,156.220001,110.683807
2007-10-11,155.470001,110.152397
2007-10-12,156.330002,110.761749
2007-10-15,155.009995,109.826469
2007-10-16,153.779999,108.954979
2007-10-17,154.250000,109.288025
2007-10-18,153.690002,108.891273
2007-10-19,149.669998,106.043030
2007-10-22,150.539993,106.659439
2007-10-23,151.759995,107.523827
2007-10-24,151.479996,107.325409
2007-10-25,151.839996,107.580482
2007-10-26,153.619995,108.841637
2007-10-29,154.130005,109.203041
2007-10-30,153.059998,108.444908
2007-10-31,154.649994,109.571388
2007-11-01,151.029999,107.006622
2007-11-02,151.199997,107.127045
2007-11-05,150.050003,106.312256
2007-11-06,152.070007,107.743462
2007-11-07,147.910004,104.796021
2007-11-08,147.160004,104.264671
2007-11-09,145.139999,102.833473
2007-11-12,143.699997,101.813225
2007-11-13,148.080002,104.916527
2007-11-14,147.669998,104.626022
2007-11-15,145.539993,103.116890
2007-11-16,145.789993,103.294037
2007-11-19,143.759995,101.855736
2007-11-20,144.639999,102.479233
2007-11-21,141.679993,100.382011
2007-11-23,144.130005,102.117897
2007-11-26,140.949997,99.864777
2007-11-27,142.570007,101.012642
2007-11-28,147.130005,104.243370
2007-11-29,147.179993,104.278816
2007-11-30,148.660004,105.327477
2007-12-03,147.679993,104.633087
2007-12-04,146.360001,103.697899
2007-12-05,148.809998,105.433746
2007-12-06,150.940002,106.942810
2007-12-07,150.910004,106.921570
2007-12-10,152.080002,107.750572
2007-12-11,147.910004,104.796021
2007-12-12,149.369995,105.830482
2007-12-13,149.059998,105.610847
2007-12-14,147.169998,104.271767
2007-12-17,145.070007,102.783890
2007-12-18,145.880005,103.357773
2007-12-19,145.880005,103.357773
2007-12-20,146.800003,104.009605
2007-12-21,148.130005,105.508949
2007-12-24,149.229996,106.292442
2007-12-26,149.550003,106.520355
2007-12-27,147.669998,105.181320
2007-12-28,147.300003,104.917770
2007-12-31,146.210007,104.141403
2008-01-02,144.929993,103.229660
2008-01-03,144.860001,103.179802
2008-01-04,141.309998,100.651222
2008-01-07,141.190002,100.565765
2008-01-08,138.910004,98.941795
2008-01-09,140.369995,99.981697
2008-01-10,141.289993,100.636993
2008-01-11,140.149994,99.825012
2008-01-14,141.279999,100.629845
2008-01-15,138.169998,98.414719
2008-01-16,136.979996,97.567154
2008-01-17,133.429993,95.038544
2008-01-18,132.059998,94.062721
2008-01-22,130.720001,93.108307
2008-01-23,133.860001,95.344810
2008-01-24,134.990005,96.149635
2008-01-25,133.039993,94.760719
2008-01-28,135.240005,96.327766
2008-01-29,135.910004,96.804985
2008-01-30,134.910004,96.092705
2008-01-31,137.369995,97.844887
2008-02-01,139.580002,99.418999
2008-02-04,137.820007,98.165451
2008-02-05,134.130005,95.537155
2008-02-06,133.050003,94.767868
2008-02-07,133.929993,95.394661
2008-02-08,133.070007,94.782112
2008-02-11,133.750000,95.266449
2008-02-12,134.990005,96.149635
2008-02-13,136.369995,97.132607
2008-02-14,135.169998,96.277893
2008-02-15,135.139999,96.256500
2008-02-19,135.520004,96.527184
2008-02-20,135.919998,96.812119
2008-02-21,134.789993,96.007248
2008-02-22,135.619995,96.598434
2008-02-25,137.330002,97.816429
2008-02-26,138.360001,98.550064
2008-02-27,138.220001,98.450348
2008-02-28,136.869995,97.488770
2008-02-29,133.820007,95.316315
2008-03-03,133.500000,95.088387
2008-03-04,132.990005,94.725151
2008-03-05,133.830002,95.323441
2008-03-06,131.059998,93.350433
2008-03-07,129.710007,92.388908
2008-03-10,128.000000,91.170883
2008-03-11,132.600006,94.447365
2008-03-12,131.360001,93.564125
2008-03-13,131.649994,93.770653
2008-03-14,129.610001,92.317665
2008-03-17,128.300003,91.384590
2008-03-18,133.630005,95.181007
2008-03-19,130.320007,92.823364
2008-03-20,132.080002,94.542702
2008-03-24,134.720001,96.432411
2008-03-25,134.850006,96.525490
2008-03-26,133.199997,95.344406
2008-03-27,132.779999,95.043777
2008-03-28,131.509995,94.134682
2008-03-31,131.970001,94.463989
2008-04-01,136.610001,97.785294
2008-04-02,136.699997,97.849701
2008-04-03,137.039993,98.093094
2008-04-04,136.889999,97.985733
2008-04-07,136.960007,98.035828
2008-04-08,136.820007,97.935608
2008-04-09,135.830002,97.226944
2008-04-10,136.020004,97.362953
2008-04-11,133.380005,95.473267
2008-04-14,132.929993,95.151108
2008-04-15,133.240005,95.373077
2008-04-16,136.850006,97.957092
2008-04-17,137.050003,98.100266
2008-04-18,138.479996,99.123795
2008-04-21,138.550003,99.173958
2008-04-22,137.940002,98.737289
2008-04-23,137.720001,98.579819
2008-04-24,138.320007,99.009315
2008-04-25,139.600006,99.925568
2008-04-28,139.630005,99.946999
2008-04-29,139.080002,99.553299
2008-04-30,138.259995,98.966293
2008-05-01,141.119995,101.013527
2008-05-02,141.509995,101.292702
2008-05-05,140.830002,100.805946
2008-05-06,142.050003,101.679230
2008-05-07,139.520004,99.868263
2008-05-08,139.160004,99.610550
2008-05-09,138.899994,99.424469
2008-05-12,140.460007,100.541100
2008-05-13,140.479996,100.555428
2008-05-14,140.770004,100.762978
2008-05-15,142.529999,102.022797
2008-05-16,142.660004,102.115868
2008-05-19,143.050003,102.394997
2008-05-20,141.889999,101.564674
2008-05-21,139.490005,99.846779
2008-05-22,139.509995,99.861099
2008-05-23,137.639999,98.522575
2008-05-27,138.660004,99.252670
2008-05-28,139.300003,99.710793
2008-05-29,140.000000,100.211868
2008-05-30,140.350006,100.462410
2008-06-02,138.899994,99.424469
2008-06-03,138.089996,98.844643
2008-06-04,138.020004,98.794563
2008-06-05,140.779999,100.770172
2008-06-06,136.289993,97.556206
2008-06-09,136.619995,97.792450
2008-06-10,135.940002,97.305725
2008-06-11,133.940002,95.874100
2008-06-12,134.449997,96.239136
2008-06-13,136.149994,97.456009
2008-06-16,136.229996,97.513268
2008-06-17,135.570007,97.040886
2008-06-18,134.250000,96.096031
2008-06-19,134.419998,96.217697
2008-06-20,131.580002,94.655907
2008-06-23,131.449997,94.562408
2008-06-24,131.190002,94.375336
2008-06-25,131.809998,94.821381
2008-06-26,128.229996,92.245995
2008-06-27,127.529999,91.742447
2008-06-30,127.980003,92.066177
2008-07-01,128.380005,92.353889
2008-07-02,126.180000,90.771263
2008-07-03,126.309998,90.864784
2008-07-07,125.019997,89.936760
2008-07-08,127.239998,91.533798
2008-07-09,124.790001,89.771339
2008-07-10,125.300003,90.138237
2008-07-11,123.839996,89.087936
2008-07-14,122.720001,88.282242
2008-07-15,120.989998,87.037674
2008-07-16,123.959999,89.174248
2008-07-17,125.199997,90.066269
2008-07-18,125.980003,90.627388
2008-07-21,126.050003,90.677773
2008-07-22,127.480003,91.706467
2008-07-23,128.169998,92.202820
2008-07-24,125.510002,90.289284
2008-07-25,125.480003,90.267708
2008-07-28,123.639999,88.944046
2008-07-29,126.279999,90.843208
2008-07-30,128.529999,92.461777
2008-07-31,126.830002,91.238861
2008-08-01,126.160004,90.756897
2008-08-04,124.989998,89.915199
2008-08-05,128.360001,92.339516
2008-08-06,128.929993,92.749565
2008-08-07,127.010002,91.368362
2008-08-08,129.369995,93.066063
2008-08-11,130.710007,94.030067
2008-08-12,129.350006,93.051697
2008-08-13,128.570007,92.490593
2008-08-14,129.539993,93.188377
2008-08-15,130.169998,93.641609
2008-08-18,128.389999,92.361107
2008-08-19,126.989998,91.353966
2008-08-20,127.580002,91.778404
2008-08-21,127.800003,91.936668
2008-08-22,129.649994,93.267517
2008-08-25,127.019997,91.375542
2008-08-26,127.389999,91.641731
2008-08-27,128.630005,92.533752
2008-08-28,130.190002,93.655960
2008-08-29,128.789993,92.648888
2008-09-02,127.989998,92.073326
2008-09-03,127.879997,91.994202
2008-09-04,124.029999,89.224586
2008-09-05,124.419998,89.505150
2008-09-08,126.989998,91.353966
2008-09-09,123.220001,88.641899
2008-09-10,123.720001,89.001595
2008-09-11,125.510002,90.289284
2008-09-12,126.089996,90.706520
2008-09-15,120.089996,86.390236
2008-09-16,122.099998,87.836212
2008-09-17,116.610001,83.886810
2008-09-18,120.070000,86.375847
2008-09-19,124.120003,89.806160
2008-09-22,121.309998,87.773033
2008-09-23,118.550003,85.776070
2008-09-24,118.930000,86.050980
2008-09-25,120.790001,87.396774
2008-09-26,120.849998,87.440193
2008-09-29,111.379997,80.588226
2008-09-30,115.989998,83.923782
2008-10-01,116.059998,83.974388
2008-10-02,111.849998,80.928284
2008-10-03,110.339996,79.835754
2008-10-06,104.720001,75.769447
2008-10-07,100.029999,72.375999
2008-10-08,97.510002,70.552704
2008-10-09,90.699997,65.625343
2008-10-10,88.500000,64.033577
2008-10-13,101.349998,73.331070
2008-10-14,99.849998,72.245773
2008-10-15,90.019997,65.133354
2008-10-16,93.769997,67.846649
2008-10-17,93.209999,67.441467
2008-10-20,98.809998,71.493309
2008-10-21,95.860001,69.358810
2008-10-22,90.639999,65.581963
2008-10-23,91.690002,66.341667
2008-10-24,87.040001,62.977215
2008-10-27,83.949997,60.741451
2008-10-28,93.760002,67.839409
2008-10-29,93.080002,67.347374
2008-10-30,96.300003,69.677216
2008-10-31,96.830002,70.060692
2008-11-03,97.110001,70.263260
2008-11-04,100.410004,72.650970
2008-11-05,96.190002,69.597641
2008-11-06,90.860001,65.741135
2008-11-07,93.860001,67.911751
2008-11-10,92.629997,67.021790
2008-11-11,89.769997,64.952477
2008-11-12,85.820000,62.094486
2008-11-13,91.169998,65.965424
2008-11-14,86.620003,62.673294
2008-11-17,85.470001,61.841232
2008-11-18,87.080002,63.006123
2008-11-19,81.500000,58.968769
2008-11-20,75.449997,54.591305
2008-11-21,79.519997,57.536156
2008-11-24,85.029999,61.522873
2008-11-25,85.660004,61.978706
2008-11-26,88.970001,64.373619
2008-11-28,90.089996,65.183990
2008-12-01,82.110001,59.410118
2008-12-02,85.269997,61.696548
2008-12-03,87.320000,63.179779
2008-12-04,85.300003,61.718246
2008-12-05,87.930000,63.621159
2008-12-08,91.000000,65.842430
2008-12-09,89.500000,64.757050
2008-12-10,90.110001,65.198463
2008-12-11,87.940002,63.628387
2008-12-12,88.989998,64.388115
2008-12-15,87.750000,63.490921
2008-12-16,91.879997,66.479111
2008-12-17,90.989998,65.835190
2008-12-18,89.290001,64.605179
2008-12-19,88.190002,64.327286
2008-12-22,87.059998,63.503029
2008-12-23,86.160004,62.846554
2008-12-24,86.660004,63.211269
2008-12-26,87.160004,63.575985
2008-12-29,86.910004,63.393627
2008-12-30,88.970001,64.896210
2008-12-31,90.239998,65.822571
2009-01-02,92.959999,67.806580
2009-01-05,92.849998,67.726334
2009-01-06,93.470001,68.178581
2009-01-07,90.669998,66.136215
2009-01-08,91.040001,66.406097
2009-01-09,89.089996,64.983704
2009-01-12,86.949997,63.422787
2009-01-13,87.110001,63.539494
2009-01-14,84.370003,61.540897
2009-01-15,84.400002,61.562794
2009-01-16,85.059998,62.044205
2009-01-20,80.570000,58.769100
2009-01-21,84.050003,61.307457
2009-01-22,82.750000,60.359245
2009-01-23,83.110001,60.621826
2009-01-26,83.680000,61.037582
2009-01-27,84.529999,61.657608
2009-01-28,87.389999,63.743729
2009-01-29,84.550003,61.672188
2009-01-30,82.830002,60.417576
2009-02-02,82.580002,60.235229
2009-02-03,83.739998,61.081360
2009-02-04,83.330002,60.782299
2009-02-05,84.570000,61.686760
2009-02-06,86.980003,63.444687
2009-02-09,87.099998,63.532192
2009-02-10,83.110001,60.621826
2009-02-11,83.599998,60.979275
2009-02-12,83.660004,61.023041
2009-02-13,82.760002,60.366524
2009-02-17,79.220001,57.784393
2009-02-18,79.029999,57.645794
2009-02-19,78.180000,57.025810
2009-02-20,77.419998,56.471428
2009-02-23,74.650002,54.450966
2009-02-24,77.480003,56.515198
2009-02-25,76.870003,56.070244
2009-02-26,75.620003,55.158497
2009-02-27,73.930000,53.925781
2009-03-02,70.599998,51.496803
2009-03-03,70.070000,51.110218
2009-03-04,71.730003,52.321060
2009-03-05,68.800003,50.183865
2009-03-06,68.919998,50.271404
2009-03-09,68.110001,49.680565
2009-03-10,72.169998,52.642006
2009-03-11,72.639999,52.984818
2009-03-12,75.500000,55.070957
2009-03-13,76.089996,55.501316
2009-03-16,75.860001,55.333546
2009-03-17,78.180000,57.025810
2009-03-18,79.930000,58.302303
2009-03-19,78.940002,57.580173
2009-03-20,76.709999,56.354042
2009-03-23,82.220001,60.401882
2009-03-24,80.599998,59.211769
2009-03-25,81.449997,59.836254
2009-03-26,83.110001,61.055737
2009-03-27,81.610001,59.953762
2009-03-30,78.790001,57.882103
2009-03-31,79.519997,58.418365
2009-04-01,81.059998,59.549713
2009-04-02,83.430000,61.290806
2009-04-03,84.260002,61.900566
2009-04-06,83.599998,61.415710
2009-04-07,81.650002,59.983177
2009-04-08,82.529999,60.629635
2009-04-09,85.809998,63.039246
2009-04-13,85.830002,63.053955
2009-04-14,84.349998,61.966675
2009-04-15,85.250000,62.627815
2009-04-16,86.500000,63.546135
2009-04-17,87.080002,63.972244
2009-04-20,83.430000,61.290806
2009-04-21,85.059998,62.488262
2009-04-22,84.540001,62.106258
2009-04-23,85.370003,62.715988
2009-04-24,86.660004,63.663685
2009-04-27,85.839996,63.061298
2009-04-28,85.570000,62.862896
2009-04-29,87.389999,64.199974
2009-04-30,87.419998,64.222038
2009-05-01,87.889999,64.567329
2009-05-04,90.879997,66.763847
2009-05-05,90.570000,66.536110
2009-05-06,92.139999,67.689484
2009-05-07,90.860001,66.749161
2009-05-08,92.980003,68.306595
2009-05-11,91.239998,67.028328
2009-05-12,90.970001,66.829948
2009-05-13,88.680000,65.147652
2009-05-14,89.440002,65.705978
2009-05-15,88.709999,65.169701
2009-05-18,91.230003,67.021004
2009-05-19,91.120003,66.940170
2009-05-20,90.510002,66.492050
2009-05-21,89.209999,65.537056
2009-05-22,89.019997,65.397446
2009-05-26,91.300003,67.072395
2009-05-27,89.669998,65.874954
2009-05-28,90.919998,66.793259
2009-05-29,92.529999,67.976021
2009-06-01,94.769997,69.621613
2009-06-02,94.849998,69.680374
2009-06-03,93.650002,68.798836
2009-06-04,94.529999,69.445297
2009-06-05,94.550003,69.459984
2009-06-08,94.160004,69.173470
2009-06-09,94.639999,69.526093
2009-06-10,94.400002,69.349785
2009-06-11,94.820000,69.658325
2009-06-12,95.080002,69.849342
2009-06-15,92.900002,68.247818
2009-06-16,91.639999,67.322166
2009-06-17,91.550003,67.256088
2009-06-18,92.220001,67.748276
2009-06-19,92.040001,67.997978
2009-06-22,89.279999,65.958923
2009-06-23,89.349998,66.010643
2009-06-24,90.120003,66.579521
2009-06-25,92.080002,68.027519
2009-06-26,91.839996,67.850220
2009-06-29,92.699997,68.485611
2009-06-30,91.949997,67.931496
2009-07-01,92.330002,68.212212
2009-07-02,89.809998,66.350510
2009-07-06,89.800003,66.343124
2009-07-07,88.059998,65.057571
2009-07-08,88.000000,65.013290
2009-07-09,88.169998,65.138870
2009-07-10,87.959999,64.983711
2009-07-13,90.099998,66.564758
2009-07-14,90.610001,66.941521
2009-07-15,93.260002,68.899323
2009-07-16,93.110001,68.788513
2009-07-17,94.129997,69.542053
2009-07-20,95.129997,70.280853
2009-07-21,95.570000,70.605904
2009-07-22,95.550003,70.591125
2009-07-23,97.660004,72.149971
2009-07-24,98.059998,72.445480
2009-07-27,98.349998,72.659729
2009-07-28,97.889999,72.319901
2009-07-29,97.650002,72.142586
2009-07-30,98.669998,72.896172
2009-07-31,98.809998,72.999573
2009-08-03,100.440002,74.203812
2009-08-04,100.699997,74.395874
2009-08-05,100.410004,74.181648
2009-08-06,99.889999,73.797470
2009-08-07,101.199997,74.765266
2009-08-10,100.989998,74.610138
2009-08-11,99.730003,73.679253
2009-08-12,100.800003,74.469757
2009-08-13,101.570000,75.038628
2009-08-14,100.790001,74.462364
2009-08-17,98.309998,72.630157
2009-08-18,99.089996,73.206406
2009-08-19,99.959999,73.849167
2009-08-20,100.989998,74.610138
2009-08-21,102.970001,76.072899
2009-08-24,102.959999,76.065544
2009-08-25,103.160004,76.213303
2009-08-26,103.169998,76.220688
2009-08-27,103.400002,76.390625
2009-08-28,103.379997,76.375824
2009-08-31,102.459999,75.696159
2009-09-01,100.199997,74.026474
2009-09-02,99.820000,73.745735
2009-09-03,100.650002,74.358917
2009-09-04,102.059998,75.400635
2009-09-08,102.940002,76.050781
2009-09-09,103.730003,76.634415
2009-09-10,104.790001,77.417549
2009-09-11,104.769997,77.402748
2009-09-14,105.279999,77.779541
2009-09-15,105.720001,78.104584
2009-09-16,107.320000,79.286667
2009-09-17,107.160004,79.168427
2009-09-18,106.720001,79.218933
2009-09-21,106.449997,79.018501
2009-09-22,107.070000,79.478729
2009-09-23,106.180000,78.818077
2009-09-24,105.010002,77.949570
2009-09-25,104.449997,77.533905
2009-09-28,106.320000,78.922028
2009-09-29,106.000000,78.684464
2009-09-30,105.589996,78.380135
2009-10-01,102.970001,76.435242
2009-10-02,102.489998,76.078964
2009-10-05,104.019997,77.214691
2009-10-06,105.510002,78.320740
2009-10-07,105.800003,78.536026
2009-10-08,106.610001,79.137260
2009-10-09,107.260002,79.619797
2009-10-12,107.680000,79.931526
2009-10-13,107.459999,79.768227
2009-10-14,109.309998,81.141502
2009-10-15,109.709999,81.438454
2009-10-16,108.889999,80.829727
2009-10-19,109.790001,81.497810
2009-10-20,109.209999,81.067284
2009-10-21,108.230003,80.339806
2009-10-22,109.330002,81.156342
2009-10-23,108.080002,80.228470
2009-10-26,106.910004,79.359932
2009-10-27,106.419998,78.996239
2009-10-28,104.410004,77.504204
2009-10-29,106.650002,79.166954
2009-10-30,103.559998,76.873276
2009-11-02,104.320000,77.437370
2009-11-03,104.650002,77.682358
2009-11-04,104.919998,77.882767
2009-11-05,106.849998,79.315453
2009-11-06,107.129997,79.523239
2009-11-09,109.570000,81.334503
2009-11-10,109.589996,81.349342
2009-11-11,110.150002,81.765053
2009-11-12,109.029999,80.933685
2009-11-13,109.620003,81.371658
2009-11-16,111.209999,82.551910
2009-11-17,111.339996,82.648399
2009-11-18,111.269997,82.596420
2009-11-19,109.820000,81.520088
2009-11-20,109.430000,81.230598
2009-11-23,110.820000,82.262383
2009-11-24,110.989998,82.388573
2009-11-25,111.379997,82.678078
2009-11-27,109.570000,81.334503
2009-11-30,109.940002,81.609169
2009-12-01,111.300003,82.618660
2009-12-02,111.250000,82.581589
2009-12-03,110.379997,81.935768
2009-12-04,111.010002,82.403419
2009-12-07,110.839996,82.277222
2009-12-08,109.610001,81.364174
2009-12-09,110.019997,81.668533
2009-12-10,110.639999,82.128777
2009-12-11,111.110001,82.477646
2009-12-14,111.870003,83.041824
2009-12-15,111.349998,82.655815
2009-12-16,111.519997,82.781967
2009-12-17,110.180000,81.787308
2009-12-18,110.209999,82.250015
2009-12-21,111.330002,83.085876
2009-12-22,111.730003,83.384407
2009-12-23,111.949997,83.548584
2009-12-24,112.480003,83.944107
2009-12-28,112.720001,84.123238
2009-12-29,112.559998,84.003853
2009-12-30,112.519997,83.973953
2009-12-31,111.440002,83.167984
2010-01-04,113.330002,84.578484
2010-01-05,113.629997,84.802345
2010-01-06,113.709999,84.862068
2010-01-07,114.190002,85.220306
2010-01-08,114.570000,85.503922
2010-01-11,114.730003,85.623283
2010-01-12,113.660004,84.824760
2010-01-13,114.620003,85.541229
2010-01-14,114.930000,85.772568
2010-01-15,113.639999,84.809837
2010-01-19,115.059998,85.869591
2010-01-20,113.889999,84.996422
2010-01-21,111.699997,83.362022
2010-01-22,109.209999,81.503731
2010-01-25,109.769997,81.921669
2010-01-26,109.309998,81.578331
2010-01-27,109.830002,81.966423
2010-01-28,108.570000,81.026085
2010-01-29,107.389999,80.145454
2010-02-01,109.059998,81.391777
2010-02-02,110.379997,82.376884
2010-02-03,109.830002,81.966423
2010-02-04,106.440002,79.436462
2010-02-05,106.660004,79.600647
2010-02-08,105.889999,79.026009
2010-02-09,107.220001,80.018585
2010-02-10,107.010002,79.861847
2010-02-11,108.129997,80.697693
2010-02-12,108.040001,80.630531
2010-02-16,109.739998,81.899277
2010-02-17,110.260002,82.287331
2010-02-18,110.910004,82.772430
2010-02-19,111.139999,82.944061
2010-02-22,111.160004,82.959007
2010-02-23,109.809998,81.951500
2010-02-24,110.820000,82.705261
2010-02-25,110.669998,82.593307
2010-02-26,110.739998,82.645561
2010-03-01,111.889999,83.503792
2010-03-02,112.199997,83.735153
2010-03-03,112.300003,83.809814
2010-03-04,112.639999,84.063545
2010-03-05,114.250000,85.265053
2010-03-08,114.269997,85.279999
2010-03-09,114.459999,85.421822
2010-03-10,114.970001,85.802414
2010-03-11,115.449997,86.160645
2010-03-12,115.459999,86.168121
2010-03-15,115.489998,86.190491
2010-03-16,116.410004,86.877090
2010-03-17,117.099998,87.392044
2010-03-18,117.040001,87.347260
2010-03-19,115.970001,86.905144
2010-03-22,116.589996,87.369743
2010-03-23,117.410004,87.984253
2010-03-24,116.839996,87.557053
2010-03-25,116.650002,87.414726
2010-03-26,116.580002,87.362267
2010-03-29,117.320000,87.916809
2010-03-30,117.400002,87.976738
2010-03-31,117.000000,87.676994
2010-04-01,117.800003,88.276505
2010-04-05,118.760002,88.995895
2010-04-06,119.040001,89.205711
2010-04-07,118.360001,88.696159
2010-04-08,118.769997,89.003387
2010-04-09,119.550003,89.587898
2010-04-12,119.739998,89.730247
2010-04-13,119.830002,89.797714
2010-04-14,121.190002,90.816872
2010-04-15,121.290001,90.891815
2010-04-16,119.360001,89.445534
2010-04-19,119.809998,89.782722
2010-04-20,120.879997,90.584564
2010-04-21,120.660004,90.419716
2010-04-22,121.019997,90.689476
2010-04-23,121.809998,91.281479
2010-04-26,121.349998,90.936798
2010-04-27,118.480003,88.786041
2010-04-28,119.379997,89.460495
2010-04-29,120.860001,90.569572
2010-04-30,118.809998,89.033333
2010-05-03,120.349998,90.187386
2010-05-04,117.519997,88.066666
2010-05-05,116.820000,87.542114
2010-05-06,112.940002,84.634521
2010-05-07,111.260002,83.375557
2010-05-10,116.160004,87.047485
2010-05-11,115.830002,86.800194
2010-05-12,117.449997,88.014198
2010-05-13,115.989998,86.920090
2010-05-14,113.889999,85.346443
2010-05-17,113.949997,85.391380
2010-05-18,112.400002,84.229851
2010-05-19,111.760002,83.750252
2010-05-20,107.540001,80.587898
2010-05-21,109.110001,81.764420
2010-05-24,107.709999,80.715302
2010-05-25,107.820000,80.797714
2010-05-26,107.169998,80.310623
2010-05-27,110.760002,83.000900
2010-05-28,109.370003,81.959221
2010-06-01,107.529999,80.580383
2010-06-02,110.330002,82.678688
2010-06-03,110.709999,82.963448
2010-06-04,106.820000,80.048347
2010-06-07,105.489998,79.051682
2010-06-08,106.620003,79.898460
2010-06-09,106.050003,79.471306
2010-06-10,109.150002,81.794395
2010-06-11,109.680000,82.191551
2010-06-14,109.510002,82.064194
2010-06-15,112.000000,83.930145
2010-06-16,111.959999,83.900116
2010-06-17,112.139999,84.035011
2010-06-18,111.730003,84.126137
2010-06-21,111.410004,83.885185
2010-06-22,109.570000,82.499771
2010-06-23,109.230003,82.243790
2010-06-24,107.419998,80.880943
2010-06-25,107.870003,81.219780
2010-06-28,107.529999,80.963768
2010-06-29,104.209999,78.464012
2010-06-30,103.220001,77.718605
2010-07-01,102.760002,77.372246
2010-07-02,102.199997,76.950600
2010-07-06,102.870003,77.455063
2010-07-07,106.110001,79.894608
2010-07-08,107.160004,80.685196
2010-07-09,107.959999,81.287521
2010-07-12,108.029999,81.340240
2010-07-13,109.660004,82.567558
2010-07-14,109.650002,82.560043
2010-07-15,109.680000,82.582596
2010-07-16,106.660004,80.308723
2010-07-19,107.290001,80.783073
2010-07-20,108.480003,81.679070
2010-07-21,107.070000,80.617424
2010-07-22,109.459999,82.416954
2010-07-23,110.410004,83.132225
2010-07-26,111.559998,83.998116
2010-07-27,111.550003,83.990616
2010-07-28,110.830002,83.448479
2010-07-29,110.290001,83.041893
2010-07-30,110.269997,83.026848
2010-08-02,112.760002,84.901688
2010-08-03,112.220001,84.495087
2010-08-04,112.970001,85.059769
2010-08-05,112.849998,84.969429
2010-08-06,112.389999,84.623077
2010-08-09,112.989998,85.074860
2010-08-10,112.379997,84.615524
2010-08-11,109.300003,82.296478
2010-08-12,108.629997,81.792007
2010-08-13,108.309998,81.551079
2010-08-16,108.260002,81.513443
2010-08-17,109.589996,82.514824
2010-08-18,109.790001,82.665436
2010-08-19,107.879997,81.227303
2010-08-20,107.529999,80.963768
2010-08-23,107.120003,80.655090
2010-08-24,105.529999,79.457886
2010-08-25,105.940002,79.766609
2010-08-26,105.230003,79.231995
2010-08-27,106.860001,80.459312
2010-08-30,105.309998,79.292244
2010-08-31,105.309998,79.292244
2010-09-01,108.459999,81.664017
2010-09-02,109.470001,82.424492
2010-09-03,110.889999,83.493668
2010-09-07,109.639999,82.552467
2010-09-08,110.410004,83.132225
2010-09-09,110.919998,83.516235
2010-09-10,111.480003,83.937889
2010-09-13,112.720001,84.871552
2010-09-14,112.650002,84.818825
2010-09-15,113.080002,85.142601
2010-09-16,113.050003,85.120010
2010-09-17,112.489998,85.151787
2010-09-20,114.209999,86.453789
2010-09-21,113.980003,86.279694
2010-09-22,113.419998,85.855797
2010-09-23,112.500000,85.159370
2010-09-24,114.820000,86.915550
2010-09-27,114.269997,86.499260
2010-09-28,114.669998,86.802002
2010-09-29,114.470001,86.650627
2010-09-30,114.129997,86.393234
2010-10-01,114.610001,86.756607
2010-10-04,113.750000,86.105591
2010-10-05,116.040001,87.839035
2010-10-06,116.029999,87.831474
2010-10-07,115.889999,87.725502
2010-10-08,116.540001,88.217545
2010-10-11,116.650002,88.300804
2010-10-12,117.010002,88.573341
2010-10-13,117.919998,89.262146
2010-10-14,117.459999,88.913948
2010-10-15,117.699997,89.095634
2010-10-18,118.279999,89.534660
2010-10-19,116.730003,88.361359
2010-10-20,117.870003,89.224358
2010-10-21,118.129997,89.421120
2010-10-22,118.349998,89.587646
2010-10-25,118.699997,89.852608
2010-10-26,118.720001,89.867737
2010-10-27,118.379997,89.610367
2010-10-28,118.400002,89.625496
2010-10-29,118.489998,89.693604
2010-11-01,118.529999,89.723930
2010-11-02,119.470001,90.435471
2010-11-03,119.949997,90.798798
2010-11-04,122.260002,92.547424
2010-11-05,122.720001,92.895615
2010-11-08,122.489998,92.721497
2010-11-09,121.610001,92.055389
2010-11-10,122.099998,92.426315
2010-11-11,121.639999,92.078079
2010-11-12,120.199997,90.988014
2010-11-15,120.029999,90.859360
2010-11-16,118.160004,89.443817
2010-11-17,118.220001,89.489250
2010-11-18,119.959999,90.806366
2010-11-19,120.290001,91.056160
2010-11-22,120.190002,90.980492
2010-11-23,118.449997,89.663361
2010-11-24,120.199997,90.988014
2010-11-26,118.800003,89.928307
2010-11-29,119.160004,90.200813
2010-11-30,118.489998,89.693604
2010-12-01,121.010002,91.601196
2010-12-02,122.559998,92.774506
2010-12-03,122.889999,93.024300
2010-12-06,122.760002,92.925880
2010-12-07,122.830002,92.978897
2010-12-08,123.279999,93.319572
2010-12-09,123.760002,93.682884
2010-12-10,124.480003,94.227882
2010-12-13,124.559998,94.288452
2010-12-14,124.669998,94.371742
2010-12-15,124.099998,93.940247
2010-12-16,124.820000,94.485252
2010-12-17,124.300003,94.586510
2010-12-20,124.599998,94.814735
2010-12-21,125.389999,95.415916
2010-12-22,125.779999,95.712677
2010-12-23,125.599998,95.575745
2010-12-27,125.650002,95.613777
2010-12-28,125.830002,95.750732
2010-12-29,125.919998,95.819260
2010-12-30,125.720001,95.667038
2010-12-31,125.750000,95.689857
2011-01-03,127.050003,96.679100
2011-01-04,126.980003,96.625839
2011-01-05,127.639999,97.128044
2011-01-06,127.389999,96.937836
2011-01-07,127.139999,96.747604
2011-01-10,126.980003,96.625839
2011-01-11,127.430000,96.968277
2011-01-12,128.580002,97.843369
2011-01-13,128.369995,97.683556
2011-01-14,129.300003,98.391251
2011-01-18,129.520004,98.558670
2011-01-19,128.250000,97.592247
2011-01-20,128.080002,97.462898
2011-01-21,128.369995,97.683556
2011-01-24,129.100006,98.239037
2011-01-25,129.169998,98.292290
2011-01-26,129.669998,98.672821
2011-01-27,129.990005,98.916306
2011-01-28,127.720001,97.188934
2011-01-31,128.679993,97.919441
2011-02-01,130.740005,99.487015
2011-02-02,130.490005,99.296783
2011-02-03,130.779999,99.517456
2011-02-04,131.149994,99.799019
2011-02-07,131.970001,100.423012
2011-02-08,132.570007,100.879555
2011-02-09,132.270004,100.651276
2011-02-10,132.320007,100.689331
2011-02-11,133.110001,101.290497
2011-02-14,133.429993,101.533951
2011-02-15,133.009995,101.214378
2011-02-16,133.850006,101.853607
2011-02-17,134.250000,102.157967
2011-02-18,134.529999,102.371010
2011-02-22,131.830002,100.316483
2011-02-23,131.020004,99.700104
2011-02-24,130.929993,99.631592
2011-02-25,132.330002,100.696976
2011-02-28,133.149994,101.320953
2011-03-01,130.929993,99.631592
2011-03-02,131.210007,99.844658
2011-03-03,133.470001,101.564468
2011-03-04,132.470001,100.803490
2011-03-07,131.429993,100.012070
2011-03-08,132.580002,100.887199
2011-03-09,132.389999,100.742615
2011-03-10,129.940002,98.878250
2011-03-11,130.839996,99.563103
2011-03-14,130.050003,98.961960
2011-03-15,128.559998,97.828133
2011-03-16,126.180000,96.017067
2011-03-17,127.849998,97.287888
2011-03-18,127.760002,97.641754
2011-03-21,129.740005,99.154953
2011-03-22,129.289993,98.811066
2011-03-23,129.660004,99.093811
2011-03-24,130.899994,100.041481
2011-03-25,131.300003,100.347206
2011-03-28,130.979996,100.102631
2011-03-29,131.860001,100.775177
2011-03-30,132.770004,101.470650
2011-03-31,132.589996,101.333076
2011-04-01,133.149994,101.761078
2011-04-04,133.259995,101.845177
2011-04-05,133.240005,101.829865
2011-04-06,133.660004,102.150826
2011-04-07,133.320007,101.891006
2011-04-08,132.860001,101.539459
2011-04-11,132.460007,101.233742
2011-04-12,131.470001,100.477135
2011-04-13,131.460007,100.469513
2011-04-14,131.559998,100.545906
2011-04-15,132.039993,100.912735
2011-04-18,130.559998,99.781654
2011-04-19,131.309998,100.354828
2011-04-20,133.100006,101.722862
2011-04-21,133.779999,102.242554
2011-04-25,133.639999,102.135567
2011-04-26,134.789993,103.014435
2011-04-27,135.669998,103.687004
2011-04-28,136.110001,104.023270
2011-04-29,136.429993,104.267845
2011-05-02,136.220001,104.107361
2011-05-03,135.729996,103.732857
2011-05-04,134.830002,103.045059
2011-05-05,133.610001,102.112625
2011-05-06,134.199997,102.563576
2011-05-09,134.720001,102.960968
2011-05-10,135.869995,103.839844
2011-05-11,134.440002,102.746979
2011-05-12,135.080002,103.236038
2011-05-13,134.039993,102.441277
2011-05-16,133.190002,101.791672
2011-05-17,133.169998,101.776390
2011-05-18,134.360001,102.685852
2011-05-19,134.679993,102.930374
2011-05-20,133.610001,102.112625
2011-05-23,132.059998,100.927994
2011-05-24,131.949997,100.843971
2011-05-25,132.389999,101.180252
2011-05-26,133.000000,101.646400
2011-05-27,133.509995,102.036224
2011-05-31,134.899994,103.098518
2011-06-01,131.869995,100.782829
2011-06-02,131.729996,100.675842
2011-06-03,130.419998,99.674637
2011-06-06,129.039993,98.619949
2011-06-07,128.960007,98.558846
2011-06-08,128.419998,98.146149
2011-06-09,129.399994,98.895103
2011-06-10,127.599998,97.519440
2011-06-13,127.699997,97.595856
2011-06-14,129.320007,98.833961
2011-06-15,127.019997,97.076111
2011-06-16,127.300003,97.290192
2011-06-17,127.050003,97.580490
2011-06-20,127.699997,98.079712
2011-06-21,129.449997,99.423805
2011-06-22,128.669998,98.824753
2011-06-23,128.300003,98.540520
2011-06-24,126.809998,97.396141
2011-06-27,127.940002,98.264046
2011-06-28,129.610001,99.546669
2011-06-29,130.720001,100.399200
2011-06-30,131.970001,101.359299
2011-07-01,133.919998,102.856964
2011-07-05,133.809998,102.772453
2011-07-06,133.970001,102.895348
2011-07-07,135.360001,103.962944
2011-07-08,134.399994,103.225639
2011-07-11,131.970001,101.359299
2011-07-12,131.399994,100.921478
2011-07-13,131.839996,101.259407
2011-07-14,130.929993,100.560509
2011-07-15,131.690002,101.144241
2011-07-18,130.610001,100.314728
2011-07-19,132.729996,101.942963
2011-07-20,132.649994,101.881531
2011-07-21,134.490005,103.294769
2011-07-22,134.580002,103.363861
2011-07-25,133.830002,102.787857
2011-07-26,133.330002,102.403831
2011-07-27,130.600006,100.307037
2011-07-28,130.220001,100.015182
2011-07-29,129.330002,99.331650
2011-08-01,128.779999,98.909203
2011-08-02,125.489998,96.382301
2011-08-03,126.169998,96.904587
2011-08-04,120.260002,92.365463
2011-08-05,120.080002,92.227226
2011-08-08,112.260002,86.221054
2011-08-09,117.480003,90.230240
2011-08-10,112.290001,86.244087
2011-08-11,117.330002,90.115021
2011-08-12,118.120003,90.721825
2011-08-15,120.620003,92.641937
2011-08-16,119.589996,91.850861
2011-08-17,119.669998,91.912285
2011-08-18,114.510002,87.949173
2011-08-19,112.639999,86.512917
2011-08-22,112.730003,86.582039
2011-08-23,116.440002,89.431511
2011-08-24,118.080002,90.691124
2011-08-25,116.279999,89.308601
2011-08-26,117.970001,90.606606
2011-08-29,121.360001,93.210304
2011-08-30,121.680000,93.456039
2011-08-31,122.220001,93.870811
2011-09-01,120.940002,92.887703
2011-09-02,117.849998,90.514435
2011-09-06,116.989998,89.853912
2011-09-07,120.290001,92.388496
2011-09-08,119.040001,91.428413
2011-09-09,115.919998,89.032120
2011-09-12,116.669998,89.608147
2011-09-13,117.739998,90.429970
2011-09-14,119.370003,91.681892
2011-09-15,121.430000,93.264046
2011-09-16,121.519997,93.816055
2011-09-19,120.309998,92.881866
2011-09-20,120.169998,92.773804
2011-09-21,116.629997,90.040871
2011-09-22,112.860001,87.130333
2011-09-23,113.540001,87.655319
2011-09-26,116.239998,89.739769
2011-09-27,117.540001,90.743393
2011-09-28,115.139999,88.890579
2011-09-29,116.050003,89.593086
2011-09-30,113.150002,87.354240
2011-10-03,109.930000,84.868301
2011-10-04,112.339996,86.728935
2011-10-05,114.419998,88.334694
2011-10-06,116.489998,89.932793
2011-10-07,115.709999,89.330612
2011-10-10,119.580002,92.318321
2011-10-11,119.699997,92.410980
2011-10-12,120.750000,93.221573
2011-10-13,120.510002,93.036301
2011-10-14,122.570000,94.626678
2011-10-17,120.230003,92.820152
2011-10-18,122.580002,94.634384
2011-10-19,121.129997,93.514977
2011-10-20,121.660004,93.924164
2011-10-21,123.970001,95.707520
2011-10-24,125.489998,96.880989
2011-10-25,123.050003,94.997238
2011-10-26,124.300003,95.962265
2011-10-27,128.630005,99.305130
2011-10-28,128.600006,99.281960
2011-10-31,125.500000,96.888672
2011-11-01,122.000000,94.186638
2011-11-02,123.989998,95.722946
2011-11-03,126.250000,97.467728
2011-11-04,125.480003,96.873245
2011-11-07,126.260002,97.475441
2011-11-08,127.879997,98.726067
2011-11-09,123.160004,95.082146
2011-11-10,124.320000,95.977707
2011-11-11,126.660004,97.784241
2011-11-14,125.459999,96.857811
2011-11-15,126.080002,97.336456
2011-11-16,124.080002,95.792450
2011-11-17,122.110001,94.271515
2011-11-18,121.980003,94.171173
2011-11-21,119.660004,92.380066
2011-11-22,119.190002,92.017258
2011-11-23,116.559998,89.986832
2011-11-25,116.339996,89.816994
2011-11-28,119.709999,92.418678
2011-11-29,120.050003,92.681160
2011-11-30,124.989998,96.494942
2011-12-01,124.970001,96.479523
2011-12-02,124.860001,96.394608
2011-12-05,126.220001,97.444550
2011-12-06,126.260002,97.475441
2011-12-07,126.730003,97.838287
2011-12-08,123.949997,95.692024
2011-12-09,126.050003,97.313316
2011-12-12,124.209999,95.892807
2011-12-13,123.050003,94.997238
2011-12-14,121.739998,93.985878
2011-12-15,122.180000,94.325584
2011-12-16,121.589996,94.465439
2011-12-19,120.290001,93.455437
2011-12-20,123.930000,96.283432
2011-12-21,124.169998,96.469872
2011-12-22,125.269997,97.324486
2011-12-23,126.389999,98.194633
2011-12-27,126.489998,98.272316
2011-12-28,124.830002,96.982628
2011-12-29,126.120003,97.984848
2011-12-30,125.500000,97.503159
2012-01-03,127.500000,99.057022
2012-01-04,127.699997,99.212410
2012-01-05,128.039993,99.476532
2012-01-06,127.709999,99.220169
2012-01-09,128.020004,99.460991
2012-01-10,129.130005,100.323372
2012-01-11,129.199997,100.377754
2012-01-12,129.509995,100.618614
2012-01-13,128.839996,100.098068
2012-01-17,129.339996,100.486557
2012-01-18,130.770004,101.597504
2012-01-19,131.460007,102.133636
2012-01-20,131.949997,102.514297
2012-01-23,131.610001,102.250130
2012-01-24,131.460007,102.133636
2012-01-25,132.559998,102.988197
2012-01-26,131.880005,102.459900
2012-01-27,131.820007,102.413322
2012-01-30,131.369995,102.063667
2012-01-31,131.320007,102.024826
2012-02-01,132.470001,102.918335
2012-02-02,132.679993,103.081421
2012-02-03,134.539993,104.526497
2012-02-06,134.449997,104.456558
2012-02-07,134.789993,104.720734
2012-02-08,135.190002,105.031502
2012-02-09,135.360001,105.163574
2012-02-10,134.360001,104.386658
2012-02-13,135.360001,105.163574
2012-02-14,135.190002,105.031502
2012-02-15,134.559998,104.542068
2012-02-16,136.050003,105.699654
2012-02-17,136.410004,105.979340
2012-02-21,136.470001,106.025955
2012-02-22,136.029999,105.684135
2012-02-23,136.630005,106.150284
2012-02-24,136.929993,106.383324
2012-02-27,137.160004,106.562012
2012-02-28,137.559998,106.872787
2012-02-29,137.020004,106.453262
2012-03-01,137.729996,107.004868
2012-03-02,137.309998,106.678551
2012-03-05,136.750000,106.243500
2012-03-06,134.750000,104.689674
2012-03-07,135.690002,105.419975
2012-03-08,137.039993,106.468781
2012-03-09,137.570007,106.880554
2012-03-12,137.580002,106.888367
2012-03-13,140.059998,108.815094
2012-03-14,139.910004,108.698563
2012-03-15,140.720001,109.327866
2012-03-16,140.300003,109.479233
2012-03-19,140.850006,109.908440
2012-03-20,140.440002,109.588516
2012-03-21,140.210007,109.409012
2012-03-22,139.199997,108.620888
2012-03-23,139.649994,108.972046
2012-03-26,141.610001,110.501450
2012-03-27,141.169998,110.158112
2012-03-28,140.470001,109.611916
2012-03-29,140.229996,109.424614
2012-03-30,140.809998,109.877174
2012-04-02,141.839996,110.680939
2012-04-03,141.259995,110.228340
2012-04-04,139.860001,109.135956
2012-04-05,139.789993,109.081253
2012-04-09,138.220001,107.856148
2012-04-10,135.899994,106.045799
2012-04-11,137.000000,106.904137
2012-04-12,138.789993,108.300980
2012-04-13,137.139999,107.013428
2012-04-16,137.050003,106.943214
2012-04-17,139.080002,108.527237
2012-04-18,138.610001,108.160515
2012-04-19,137.720001,107.466026
2012-04-20,137.949997,107.645477
2012-04-23,136.789993,106.740318
2012-04-24,137.309998,107.146072
2012-04-25,139.190002,108.613083
2012-04-26,140.160004,109.370003
2012-04-27,140.389999,109.549469
2012-04-30,139.869995,109.143707
2012-05-01,140.740005,109.822556
2012-05-02,140.320007,109.494827
2012-05-03,139.250000,108.659904
2012-05-04,137.000000,106.904137
2012-05-07,137.100006,106.982208
2012-05-08,136.550003,106.553047
2012-05-09,135.740005,105.920982
2012-05-10,136.020004,106.139450
2012-05-11,135.610001,105.819542
2012-05-14,134.110001,104.649040
2012-05-15,133.339996,104.048218
2012-05-16,132.830002,103.650238
2012-05-17,130.860001,102.113014
2012-05-18,129.740005,101.239059
2012-05-21,131.970001,102.979164
2012-05-22,132.199997,103.158630
2012-05-23,132.270004,103.213242
2012-05-24,132.529999,103.416115
2012-05-25,132.100006,103.080620
2012-05-29,133.699997,104.329109
2012-05-30,131.759995,102.815277
2012-05-31,131.470001,102.588989
2012-06-01,128.160004,100.006111
2012-06-04,128.100006,99.959320
2012-06-05,129.070007,100.716232
2012-06-06,131.970001,102.979164
2012-06-07,132.050003,103.041611
2012-06-08,133.100006,103.860931
2012-06-11,131.410004,102.542206
2012-06-12,132.919998,103.720459
2012-06-13,132.070007,103.057159
2012-06-14,133.470001,104.149689
2012-06-15,134.139999,105.214828
2012-06-18,134.399994,105.418755
2012-06-19,135.699997,106.438400
2012-06-20,135.479996,106.265816
2012-06-21,132.440002,103.881401
2012-06-22,133.460007,104.681458
2012-06-25,131.320007,103.002892
2012-06-26,131.979996,103.520615
2012-06-27,133.169998,104.454002
2012-06-28,132.789993,104.155930
2012-06-29,136.100006,106.752167
2012-07-02,136.509995,107.073761
2012-07-03,137.410004,107.779694
2012-07-05,136.789993,107.293381
2012-07-06,135.490005,106.273720
2012-07-09,135.320007,106.140388
2012-07-10,134.139999,105.214828
2012-07-11,134.160004,105.230484
2012-07-12,133.509995,104.720688
2012-07-13,135.750000,106.477669
2012-07-16,135.429993,106.226639
2012-07-17,136.360001,106.956108
2012-07-18,137.369995,107.748322
2012-07-19,137.729996,108.030685
2012-07-20,136.470001,107.042381
2012-07-23,135.089996,105.959976
2012-07-24,133.929993,105.050072
2012-07-25,133.960007,105.073624
2012-07-26,136.169998,106.807045
2012-07-27,138.679993,108.775841
2012-07-30,138.679993,108.775841
2012-07-31,137.710007,108.015022
2012-08-01,137.589996,107.920837
2012-08-02,136.639999,107.175751
2012-08-03,139.350006,109.301369
2012-08-06,139.619995,109.513115
2012-08-07,140.320007,110.062195
2012-08-08,140.490005,110.195580
2012-08-09,140.610001,110.289627
2012-08-10,140.839996,110.470085
2012-08-13,140.770004,110.415161
2012-08-14,140.789993,110.430847
2012-08-15,140.949997,110.556358
2012-08-16,141.990005,111.372108
2012-08-17,142.179993,111.521095
2012-08-20,142.190002,111.528984
2012-08-21,141.759995,111.191673
2012-08-22,141.820007,111.238739
2012-08-23,140.660004,110.328850
2012-08-24,141.509995,110.995575
2012-08-27,141.539993,111.019096
2012-08-28,141.399994,110.909302
2012-08-29,141.509995,110.995575
2012-08-30,140.490005,110.195580
2012-08-31,141.160004,110.721062
2012-09-04,141.029999,110.619102
2012-09-05,140.910004,110.524948
2012-09-06,143.770004,112.768303
2012-09-07,144.330002,113.207481
2012-09-10,143.509995,112.564293
2012-09-11,143.910004,112.878075
2012-09-12,144.389999,113.254539
2012-09-13,146.589996,114.980156
2012-09-14,147.240005,115.490044
2012-09-17,146.740005,115.097824
2012-09-18,146.619995,115.003685
2012-09-19,146.699997,115.066444
2012-09-20,146.710007,115.074326
2012-09-21,145.869995,115.026176
2012-09-24,145.649994,114.852753
2012-09-25,144.100006,113.630409
2012-09-26,143.289993,112.991722
2012-09-27,144.639999,114.056297
2012-09-28,143.970001,113.527908
2012-10-01,144.350006,113.827614
2012-10-02,144.500000,113.945862
2012-10-03,145.089996,114.411133
2012-10-04,146.130005,115.231255
2012-10-05,146.139999,115.239143
2012-10-08,145.639999,114.844810
2012-10-09,144.199997,113.709343
2012-10-10,143.279999,112.983849
2012-10-11,143.360001,113.046921
2012-10-12,142.889999,112.676346
2012-10-15,144.080002,113.614647
2012-10-16,145.539993,114.765991
2012-10-17,146.199997,115.286423
2012-10-18,145.820007,114.986755
2012-10-19,143.389999,113.070580
2012-10-22,143.410004,113.086357
2012-10-23,141.419998,111.517159
2012-10-24,141.020004,111.201691
2012-10-25,141.429993,111.525032
2012-10-26,141.350006,111.461952
2012-10-31,141.350006,111.461952
2012-11-01,142.830002,112.628952
2012-11-02,141.559998,111.627525
2012-11-05,141.850006,111.856262
2012-11-06,142.960007,112.731514
2012-11-07,139.720001,110.176613
2012-11-08,138.039993,108.851791
2012-11-09,138.160004,108.946426
2012-11-12,138.270004,109.033226
2012-11-13,137.789993,108.654686
2012-11-14,135.929993,107.187965
2012-11-15,135.699997,107.006615
2012-11-16,136.369995,107.534943
2012-11-19,139.130005,109.711365
2012-11-20,139.190002,109.758636
2012-11-21,139.449997,109.963722
2012-11-23,141.350006,111.461952
2012-11-26,141.050003,111.225380
2012-11-27,140.330002,110.657608
2012-11-28,141.460007,111.548637
2012-11-29,142.119995,112.069130
2012-11-30,142.149994,112.092781
2012-12-03,141.449997,111.540764
2012-12-04,141.250000,111.383095
2012-12-05,141.500000,111.580223
2012-12-06,141.979996,111.958740
2012-12-07,142.410004,112.297806
2012-12-10,142.470001,112.345108
2012-12-11,143.440002,113.110016
2012-12-12,143.509995,113.165176
2012-12-13,142.630005,112.471275
2012-12-14,142.100006,112.053314
2012-12-17,143.770004,113.370270
2012-12-18,145.369995,114.631920
2012-12-19,144.289993,113.780327
2012-12-20,145.119995,114.434769
2012-12-21,142.789993,113.396019
2012-12-24,142.350006,113.046616
2012-12-26,141.750000,112.570129
2012-12-27,141.559998,112.419228
2012-12-28,140.029999,111.204231
2012-12-31,142.410004,113.094276
2013-01-02,146.059998,115.992920
2013-01-03,145.729996,115.730850
2013-01-04,146.369995,116.239037
2013-01-07,145.970001,115.921440
2013-01-08,145.550003,115.587875
2013-01-09,145.919998,115.881729
2013-01-10,147.080002,116.802933
2013-01-11,147.070007,116.794937
2013-01-14,146.970001,116.715553
2013-01-15,147.070007,116.794937
2013-01-16,147.050003,116.779083
2013-01-17,148.000000,117.533562
2013-01-18,148.330002,117.795593
2013-01-22,149.130005,118.430923
2013-01-23,149.369995,118.621490
2013-01-24,149.410004,118.653252
2013-01-25,150.250000,119.320358
2013-01-28,150.070007,119.177406
2013-01-29,150.660004,119.645920
2013-01-30,150.070007,119.177406
2013-01-31,149.699997,118.883614
2013-02-01,151.240005,120.106552
2013-02-04,149.539993,118.756500
2013-02-05,151.050003,119.955688
2013-02-06,151.160004,120.043022
2013-02-07,150.960007,119.884193
2013-02-08,151.800003,120.551285
2013-02-11,151.770004,120.527466
2013-02-12,152.020004,120.726006
2013-02-13,152.149994,120.829247
2013-02-14,152.289993,120.940407
2013-02-15,152.110001,120.797539
2013-02-19,153.250000,121.702850
2013-02-20,151.339996,120.185944
2013-02-21,150.419998,119.455345
2013-02-22,151.889999,120.622787
2013-02-25,149.000000,118.327713
2013-02-26,150.020004,119.137711
2013-02-27,151.910004,120.638649
2013-02-28,151.610001,120.400436
2013-03-01,152.110001,120.797539
2013-03-04,152.919998,121.440750
2013-03-05,154.289993,122.528717
2013-03-06,154.500000,122.695480
2013-03-07,154.779999,122.917862
2013-03-08,155.440002,123.441994
2013-03-11,156.029999,123.910538
2013-03-12,155.679993,123.632599
2013-03-13,155.899994,123.807327
2013-03-14,156.729996,124.466423
2013-03-15,155.830002,124.302155
2013-03-18,154.970001,123.616074
2013-03-19,154.610001,123.328949
2013-03-20,155.690002,124.190407
2013-03-21,154.360001,123.129539
2013-03-22,155.600006,124.118675
2013-03-25,154.949997,123.600151
2013-03-26,156.190002,124.589264
2013-03-27,156.190002,124.589264
2013-03-28,156.669998,124.972153
2013-04-01,156.050003,124.477615
2013-04-02,156.820007,125.091812
2013-04-03,155.229996,123.823463
2013-04-04,155.860001,124.326012
2013-04-05,155.160004,123.767647
2013-04-08,156.210007,124.605232
2013-04-09,156.750000,125.035995
2013-04-10,158.669998,126.567467
2013-04-11,159.190002,126.982315
2013-04-12,158.800003,126.671204
2013-04-15,155.119995,123.735725
2013-04-16,157.410004,125.562431
2013-04-17,155.110001,123.727768
2013-04-18,154.139999,122.954018
2013-04-19,155.479996,124.022888
2013-04-22,156.169998,124.573349
2013-04-23,157.779999,125.857574
2013-04-24,157.880005,125.937393
2013-04-25,158.520004,126.447853
2013-04-26,158.240005,126.224487
2013-04-29,159.300003,127.070076
2013-04-30,159.679993,127.373177
2013-05-01,158.279999,126.256401
2013-05-02,159.750000,127.428978
2013-05-03,161.369995,128.721191
2013-05-06,161.779999,129.048233
2013-05-07,162.600006,129.702377
2013-05-08,163.339996,130.292648
2013-05-09,162.880005,129.925751
2013-05-10,163.410004,130.348495
2013-05-13,163.539993,130.452148
2013-05-14,165.229996,131.800232
2013-05-15,166.119995,132.510193
2013-05-16,165.339996,131.888016
2013-05-17,166.940002,133.164261
2013-05-20,166.929993,133.156311
2013-05-21,167.169998,133.347763
2013-05-22,165.929993,132.358597
2013-05-23,165.449997,131.975754
2013-05-24,165.309998,131.864136
2013-05-28,166.300003,132.653809
2013-05-29,165.220001,131.792328
2013-05-30,165.830002,132.278839
2013-05-31,163.449997,130.380371
2013-06-03,164.350006,131.098343
2013-06-04,163.559998,130.468185
2013-06-05,161.270004,128.641479
2013-06-06,162.729996,129.806091
2013-06-07,164.800003,131.457230
2013-06-10,164.800003,131.457230
2013-06-11,163.100006,130.101212
2013-06-12,161.750000,129.024353
2013-06-13,164.210007,130.986664
2013-06-14,163.179993,130.165039
2013-06-17,164.440002,131.170090
2013-06-18,165.740005,132.207108
2013-06-19,163.449997,130.380371
2013-06-20,159.399994,127.149826
2013-06-21,159.070007,127.558014
2013-06-24,157.059998,125.946136
2013-06-25,158.570007,127.157074
2013-06-26,160.139999,128.416016
2013-06-27,161.080002,129.169846
2013-06-28,160.419998,128.640564
2013-07-01,161.360001,129.394318
2013-07-02,161.210007,129.274033
2013-07-03,161.279999,129.330200
2013-07-05,163.020004,130.725479
2013-07-08,163.949997,131.471283
2013-07-09,165.130005,132.417496
2013-07-10,165.190002,132.465591
2013-07-11,167.440002,134.269836
2013-07-12,167.509995,134.326004
2013-07-15,168.149994,134.839203
2013-07-16,167.520004,134.334030
2013-07-17,167.949997,134.678864
2013-07-18,168.869995,135.416565
2013-07-19,169.169998,135.657120
2013-07-22,169.500000,135.921768
2013-07-23,169.139999,135.633133
2013-07-24,168.520004,135.135910
2013-07-25,168.929993,135.464676
2013-07-26,169.110001,135.609055
2013-07-29,168.589996,135.192032
2013-07-30,168.589996,135.192032
2013-07-31,168.710007,135.288254
2013-08-01,170.660004,136.851974
2013-08-02,170.949997,137.084534
2013-08-05,170.699997,136.884033
2013-08-06,169.729996,136.106232
2013-08-07,169.179993,135.665192
2013-08-08,169.800003,136.162308
2013-08-09,169.309998,135.769394
2013-08-12,169.110001,135.609055
2013-08-13,169.610001,136.010025
2013-08-14,168.740005,135.312378
2013-08-15,166.380005,133.419861
2013-08-16,165.830002,132.978790
2013-08-19,164.770004,132.128784
2013-08-20,165.580002,132.778290
2013-08-21,164.559998,131.960403
2013-08-22,166.059998,133.163239
2013-08-23,166.619995,133.612305
2013-08-26,166.000000,133.115067
2013-08-27,163.330002,130.974091
2013-08-28,163.910004,131.439163
2013-08-29,164.169998,131.647675
2013-08-30,163.649994,131.230652
2013-09-03,164.389999,131.824097
2013-09-04,165.750000,132.914703
2013-09-05,165.960007,133.083054
2013-09-06,166.039993,133.147217
2013-09-09,167.630005,134.422195
2013-09-10,168.869995,135.416565
2013-09-11,169.399994,135.841599
2013-09-12,168.949997,135.480728
2013-09-13,169.330002,135.785416
2013-09-16,170.309998,136.571289
2013-09-17,171.070007,137.180740
2013-09-18,173.050003,138.768539
2013-09-19,172.759995,138.535965
2013-09-20,170.720001,137.567398
2013-09-23,169.929993,136.930771
2013-09-24,169.529999,136.608444
2013-09-25,169.039993,136.213669
2013-09-26,169.690002,136.737442
2013-09-27,168.910004,136.108871
2013-09-30,168.009995,135.383621
2013-10-01,169.339996,136.455460
2013-10-02,169.179993,136.326431
2013-10-03,167.619995,135.069382
2013-10-04,168.889999,136.092743
2013-10-07,167.429993,134.916260
2013-10-08,165.479996,133.344940
2013-10-09,165.600006,133.441681
2013-10-10,169.169998,136.318359
2013-10-11,170.259995,137.196716
2013-10-14,170.940002,137.744659
2013-10-15,169.699997,136.745483
2013-10-16,172.070007,138.655273
2013-10-17,173.220001,139.581848
2013-10-18,174.389999,140.524704
2013-10-21,174.399994,140.532761
2013-10-22,175.410004,141.346649
2013-10-23,174.570007,140.669769
2013-10-24,175.149994,141.137070
2013-10-25,175.949997,141.781784
2013-10-28,176.229996,142.007339
2013-10-29,177.169998,142.764862
2013-10-30,176.289993,142.055710
2013-10-31,175.789993,141.652817
2013-11-01,176.210007,141.991257
2013-11-04,176.830002,142.490860
2013-11-05,176.270004,142.039658
2013-11-06,177.169998,142.764862
2013-11-07,174.929993,140.959824
2013-11-08,177.289993,142.861542
2013-11-11,177.320007,142.885712
2013-11-12,176.960007,142.595657
2013-11-13,178.380005,143.739853
2013-11-14,179.270004,144.456985
2013-11-15,180.050003,145.085617
2013-11-18,179.419998,144.577942
2013-11-19,179.029999,144.263687
2013-11-20,178.470001,143.812363
2013-11-21,179.910004,144.972794
2013-11-22,180.809998,145.698029
2013-11-25,180.630005,145.552856
2013-11-26,180.679993,145.593231
2013-11-27,181.119995,145.947784
2013-11-29,181.000000,145.851028
2013-12-02,180.529999,145.472382
2013-12-03,179.750000,144.843781
2013-12-04,179.729996,144.827713
2013-12-05,178.940002,144.191101
2013-12-06,180.940002,145.802734
2013-12-09,181.399994,146.173401
2013-12-10,180.750000,145.649628
2013-12-11,178.720001,144.013824
2013-12-12,178.130005,143.538376
2013-12-13,178.110001,143.522324
2013-12-16,179.220001,144.416748
2013-12-17,178.649994,143.957474
2013-12-18,181.699997,146.415161
2013-12-19,181.490005,146.245987
2013-12-20,181.559998,147.096634
2013-12-23,182.529999,147.882507
2013-12-24,182.929993,148.206604
2013-12-26,183.860001,148.960052
2013-12-27,183.850006,148.951920
2013-12-30,183.820007,148.927658
2013-12-31,184.690002,149.632538
2014-01-02,182.919998,148.198547
2014-01-03,182.889999,148.174149
2014-01-06,182.360001,147.744751
2014-01-07,183.479996,148.652191
2014-01-08,183.520004,148.684540
2014-01-09,183.639999,148.781799
2014-01-10,184.139999,149.186890
2014-01-13,181.690002,147.201965
2014-01-14,183.669998,148.806168
2014-01-15,184.660004,149.608185
2014-01-16,184.419998,149.413742
2014-01-17,183.639999,148.781799
2014-01-21,184.179993,149.219254
2014-01-22,184.300003,149.316513
2014-01-23,182.789993,148.093170
2014-01-24,178.889999,144.933426
2014-01-27,178.009995,144.220474
2014-01-28,179.070007,145.079254
2014-01-29,177.350006,143.685745
2014-01-30,179.229996,145.208878
2014-01-31,178.179993,144.358215
2014-02-03,174.169998,141.109390
2014-02-04,175.389999,142.097748
2014-02-05,175.169998,141.919540
2014-02-06,177.479996,143.791122
2014-02-07,179.679993,145.573471
2014-02-10,180.009995,145.840866
2014-02-11,181.979996,147.436874
2014-02-12,182.070007,147.509857
2014-02-13,183.009995,148.271378
2014-02-14,184.020004,149.089722
2014-02-18,184.240005,149.267929
2014-02-19,183.020004,148.279480
2014-02-20,184.100006,149.154480
2014-02-21,183.889999,148.984406
2014-02-24,184.910004,149.810699
2014-02-25,184.839996,149.754013
2014-02-26,184.850006,149.762070
2014-02-27,185.820007,150.547974
2014-02-28,186.289993,150.928787
2014-03-03,184.979996,149.867416
2014-03-04,187.580002,151.973877
2014-03-05,187.750000,152.111618
2014-03-06,188.179993,152.459946
2014-03-07,188.259995,152.524872
2014-03-10,188.160004,152.443848
2014-03-11,187.229996,151.690369
2014-03-12,187.279999,151.730835
2014-03-13,185.179993,150.029526
2014-03-14,184.660004,149.608185
2014-03-17,186.330002,150.961182
2014-03-18,187.660004,152.038696
2014-03-19,186.660004,151.228561
2014-03-20,187.750000,152.111618
2014-03-21,186.199997,151.521652
2014-03-24,185.429993,150.895065
2014-03-25,186.309998,151.611206
2014-03-26,184.970001,150.520767
2014-03-27,184.580002,150.203384
2014-03-28,185.490005,150.943939
2014-03-31,187.009995,152.180862
2014-04-01,188.250000,153.189850
2014-04-02,188.880005,153.702499
2014-04-03,188.630005,153.499115
2014-04-04,186.399994,151.684387
2014-04-07,184.339996,150.008072
2014-04-08,185.100006,150.626556
2014-04-09,187.089996,152.245895
2014-04-10,183.160004,149.047852
2014-04-11,181.509995,147.705154
2014-04-14,182.940002,148.868790
2014-04-15,184.199997,149.894165
2014-04-16,186.130005,151.464676
2014-04-17,186.389999,151.676300
2014-04-21,187.039993,152.205261
2014-04-22,187.889999,152.896896
2014-04-23,187.449997,152.538818
2014-04-24,187.830002,152.848114
2014-04-25,186.289993,151.594910
2014-04-28,186.880005,152.075043
2014-04-29,187.750000,152.782974
2014-04-30,188.309998,153.238739
2014-05-01,188.330002,153.254974
2014-05-02,188.059998,153.035263
2014-05-05,188.419998,153.328201
2014-05-06,186.779999,151.993698
2014-05-07,187.880005,152.888794
2014-05-08,187.679993,152.726089
2014-05-09,187.960007,152.953888
2014-05-12,189.789993,154.443054
2014-05-13,189.960007,154.581421
2014-05-14,189.059998,153.849030
2014-05-15,187.399994,152.498199
2014-05-16,188.050003,153.027145
2014-05-19,188.740005,153.588608
2014-05-20,187.550003,152.620270
2014-05-21,189.130005,153.906006
2014-05-22,189.589996,154.280289
2014-05-23,190.350006,154.898758
2014-05-27,191.520004,155.850861
2014-05-28,191.380005,155.736938
2014-05-29,192.369995,156.542557
2014-05-30,192.679993,156.794800
2014-06-02,192.899994,156.973846
2014-06-03,192.800003,156.892487
2014-06-04,193.190002,157.209854
2014-06-05,194.449997,158.235199
2014-06-06,195.380005,158.992004
2014-06-09,195.580002,159.154678
2014-06-10,195.600006,159.170990
2014-06-11,194.919998,158.617630
2014-06-12,193.539993,157.494659
2014-06-13,194.130005,157.974762
2014-06-16,194.289993,158.104980
2014-06-17,194.830002,158.544342
2014-06-18,196.259995,159.708099
2014-06-19,196.479996,159.887054
2014-06-20,195.940002,160.211700
2014-06-23,195.880005,160.162613
2014-06-24,194.699997,159.197784
2014-06-25,195.580002,159.917313
2014-06-26,195.440002,159.802902
2014-06-27,195.820007,160.113617
2014-06-30,195.720001,160.031784
2014-07-01,197.029999,161.102966
2014-07-02,197.229996,161.266495
2014-07-03,198.199997,162.059570
2014-07-07,197.509995,161.495407
2014-07-08,196.240005,160.457031
2014-07-09,197.119995,161.176514
2014-07-10,196.339996,160.538757
2014-07-11,196.610001,160.759537
2014-07-14,197.600006,161.569031
2014-07-15,197.229996,161.266495
2014-07-16,197.960007,161.863373
2014-07-17,195.710007,160.023727
2014-07-18,197.710007,161.658981
2014-07-21,197.339996,161.356445
2014-07-22,198.199997,162.059570
2014-07-23,198.639999,162.419403
2014-07-24,198.649994,162.427597
2014-07-25,197.720001,161.667130
2014-07-28,197.800003,161.732574
2014-07-29,196.949997,161.037537
2014-07-30,196.979996,161.062027
2014-07-31,193.089996,157.881393
2014-08-01,192.500000,157.399033
2014-08-04,193.889999,158.535492
2014-08-05,192.009995,156.998337
2014-08-06,192.070007,157.047424
2014-08-07,191.029999,156.197021
2014-08-08,193.240005,158.004013
2014-08-11,193.800003,158.461929
2014-08-12,193.529999,158.241135
2014-08-13,194.839996,159.312256
2014-08-14,195.759995,160.064529
2014-08-15,195.720001,160.031784
2014-08-18,197.360001,161.372818
2014-08-19,198.389999,162.214966
2014-08-20,198.919998,162.648285
2014-08-21,199.500000,163.122589
2014-08-22,199.190002,162.869095
2014-08-25,200.199997,163.694946
2014-08-26,200.330002,163.801193
2014-08-27,200.250000,163.735825
2014-08-28,200.139999,163.645844
2014-08-29,200.710007,164.111969
2014-09-02,200.610001,164.030182
2014-09-03,200.500000,163.940247
2014-09-04,200.210007,163.703094
2014-09-05,201.110001,164.438950
2014-09-08,200.589996,164.013809
2014-09-09,199.320007,162.975403
2014-09-10,200.070007,163.588608
2014-09-11,200.300003,163.776688
2014-09-12,199.130005,162.820129
2014-09-15,198.979996,162.697388
2014-09-16,200.479996,163.923874
2014-09-17,200.750000,164.144669
2014-09-18,201.820007,165.019531
2014-09-19,200.699997,164.870819
2014-09-22,199.149994,163.597565
2014-09-23,198.009995,162.661102
2014-09-24,199.559998,163.934341
2014-09-25,196.339996,161.289169
2014-09-26,197.899994,162.570663
2014-09-29,197.539993,162.274979
2014-09-30,197.020004,161.847763
2014-10-01,194.350006,159.654465
2014-10-02,194.380005,159.679092
2014-10-03,196.520004,161.437088
2014-10-06,196.289993,161.248108
2014-10-07,193.259995,158.759033
2014-10-08,196.639999,161.535629
2014-10-09,192.740005,158.331879
2014-10-10,190.539993,156.524612
2014-10-13,187.410004,153.953400
2014-10-14,187.699997,154.191620
2014-10-15,186.429993,153.148331
2014-10-16,186.270004,153.016891
2014-10-17,188.470001,154.824188
2014-10-20,190.300003,156.327499
2014-10-21,194.070007,159.424469
2014-10-22,192.690002,158.290833
2014-10-23,194.929993,160.130936
2014-10-24,196.429993,161.363144
2014-10-27,196.160004,161.141388
2014-10-28,198.410004,162.989716
2014-10-29,198.110001,162.743210
2014-10-30,199.380005,163.786499
2014-10-31,201.660004,165.659500
2014-11-03,201.770004,165.749832
2014-11-04,201.070007,165.174850
2014-11-05,202.339996,166.218124
2014-11-06,203.149994,166.883499
2014-11-07,203.339996,167.039536
2014-11-10,203.979996,167.565231
2014-11-11,204.179993,167.729584
2014-11-12,203.960007,167.548935
2014-11-13,204.190002,167.737808
2014-11-14,204.240005,167.778885
2014-11-17,204.369995,167.885681
2014-11-18,205.550003,168.855072
2014-11-19,205.220001,168.583908
2014-11-20,205.580002,168.879639
2014-11-21,206.679993,169.783310
2014-11-24,207.259995,170.259766
2014-11-25,207.110001,170.136490
2014-11-26,207.639999,170.571915
2014-11-28,207.199997,170.210464
2014-12-01,205.759995,169.027527
2014-12-02,207.089996,170.120117
2014-12-03,207.889999,170.777298
2014-12-04,207.660004,170.588333
2014-12-05,208.000000,170.867645
2014-12-08,206.610001,169.725784
2014-12-09,206.470001,169.610764
2014-12-10,203.160004,166.891663
2014-12-11,204.190002,167.737808
2014-12-12,200.889999,165.026917
2014-12-15,199.509995,163.893250
2014-12-16,197.910004,162.578934
2014-12-17,201.789993,165.766251
2014-12-18,206.779999,169.865402
2014-12-19,206.520004,170.588135
2014-12-22,207.470001,171.372940
2014-12-23,207.750000,171.604172
2014-12-24,207.770004,171.620728
2014-12-26,208.440002,172.174118
2014-12-29,208.720001,172.405426
2014-12-30,207.600006,171.480270
2014-12-31,205.539993,169.778702
2015-01-02,205.429993,169.687881
2015-01-05,201.720001,166.623306
2015-01-06,199.820007,165.053955
2015-01-07,202.309998,167.110687
2015-01-08,205.899994,170.076065
2015-01-09,204.250000,168.713165
2015-01-12,202.649994,167.391556
2015-01-13,202.080002,166.920715
2015-01-14,200.860001,165.912979
2015-01-15,199.020004,164.393097
2015-01-16,201.630005,166.548996
2015-01-20,202.059998,166.904221
2015-01-21,203.080002,167.746735
2015-01-22,206.100006,170.241302
2015-01-23,204.970001,169.307907
2015-01-26,205.449997,169.704391
2015-01-27,202.740005,167.465851
2015-01-28,200.139999,165.318237
2015-01-29,201.990005,166.846390
2015-01-30,199.449997,164.748306
2015-02-02,201.919998,166.788513
2015-02-03,204.839996,169.200531
2015-02-04,204.059998,168.556183
2015-02-05,206.119995,170.257828
2015-02-06,205.550003,169.786987
2015-02-09,204.630005,169.027008
2015-02-10,206.809998,170.827744
2015-02-11,206.929993,170.926819
2015-02-12,208.919998,172.570663
2015-02-13,209.779999,173.281036
2015-02-17,210.110001,173.553604
2015-02-18,210.130005,173.570145
2015-02-19,209.979996,173.446198
2015-02-20,211.240005,174.487000
2015-02-23,211.210007,174.462204
2015-02-24,211.809998,174.957840
2015-02-25,211.630005,174.809143
2015-02-26,211.380005,174.602615
2015-02-27,210.660004,174.007889
2015-03-02,211.990005,175.106552
2015-03-03,211.119995,174.387817
2015-03-04,210.229996,173.652740
2015-03-05,210.460007,173.842728
2015-03-06,207.500000,171.397644
2015-03-09,208.360001,172.108063
2015-03-10,204.979996,169.316116
2015-03-11,204.500000,168.919662
2015-03-12,207.100006,171.067307
2015-03-13,205.830002,170.018234
2015-03-16,208.580002,172.289780
2015-03-17,207.960007,171.777679
2015-03-18,210.460007,173.842728
2015-03-19,209.500000,173.049728
2015-03-20,210.410004,174.577240
2015-03-23,210.000000,174.237061
2015-03-24,208.820007,173.258041
2015-03-25,205.759995,170.719116
2015-03-26,205.270004,170.312592
2015-03-27,205.740005,170.702545
2015-03-30,208.250000,172.785080
2015-03-31,206.429993,171.274963
2015-04-01,205.699997,170.669342
2015-04-02,206.440002,171.283264
2015-04-06,207.830002,172.436584
2015-04-07,207.279999,171.980255
2015-04-08,207.979996,172.561035
2015-04-09,208.899994,173.324326
2015-04-10,210.039993,174.270248
2015-04-13,209.089996,173.481949
2015-04-14,209.490005,173.813873
2015-04-15,210.429993,174.593811
2015-04-16,210.369995,174.543991
2015-04-17,207.949997,172.536102
2015-04-20,209.850006,174.112595
2015-04-21,209.600006,173.905136
2015-04-22,210.630005,174.759735
2015-04-23,211.160004,175.199509
2015-04-24,211.649994,175.606049
2015-04-27,210.770004,174.875900
2015-04-28,211.440002,175.431808
2015-04-29,210.570007,174.710022
2015-04-30,208.460007,172.959305
2015-05-01,210.720001,174.834412
2015-05-04,211.320007,175.332245
2015-05-05,208.899994,173.324326
2015-05-06,208.039993,172.610809
2015-05-07,208.869995,173.299408
2015-05-08,211.619995,175.581161
2015-05-11,210.610001,174.743118
2015-05-12,209.979996,174.220428
2015-05-13,210.020004,174.253647
2015-05-14,212.210007,176.070694
2015-05-15,212.440002,176.261444
2015-05-18,213.100006,176.809128
2015-05-19,213.029999,176.751022
2015-05-20,212.880005,176.626541
2015-05-21,213.500000,177.141006
2015-05-22,212.990005,176.717850
2015-05-26,210.699997,174.817856
2015-05-27,212.699997,176.477264
2015-05-28,212.460007,176.278046
2015-05-29,211.139999,175.182892
2015-06-01,211.570007,175.539658
2015-06-02,211.360001,175.365448
2015-06-03,211.919998,175.830048
2015-06-04,210.130005,174.344879
2015-06-05,209.770004,174.046173
2015-06-08,208.479996,172.975906
2015-06-09,208.449997,172.951050
2015-06-10,210.949997,175.025223
2015-06-11,211.630005,175.589447
2015-06-12,210.009995,174.245285
2015-06-15,209.110001,173.498596
2015-06-16,210.250000,174.444427
2015-06-17,210.589996,174.726532
2015-06-18,212.779999,176.543564
2015-06-19,210.809998,175.759872
2015-06-22,211.889999,176.660294
2015-06-23,212.039993,176.785400
2015-06-24,210.500000,175.501419
2015-06-25,209.860001,174.967804
2015-06-26,209.820007,174.934494
2015-06-29,205.419998,171.266037
2015-06-30,205.850006,171.624573
2015-07-01,207.500000,173.000198
2015-07-02,207.309998,172.841827
2015-07-06,206.720001,172.349869
2015-07-07,208.020004,173.433777
2015-07-08,204.529999,170.524033
2015-07-09,204.899994,170.832535
2015-07-10,207.479996,172.983551
2015-07-13,209.770004,174.892746
2015-07-14,210.679993,175.651459
2015-07-15,210.610001,175.593094
2015-07-16,212.300003,177.002136
2015-07-17,212.479996,177.152222
2015-07-20,212.589996,177.243881
2015-07-21,211.750000,176.543564
2015-07-22,211.369995,176.226822
2015-07-23,210.179993,175.234604
2015-07-24,208.000000,173.417084
2015-07-27,206.789993,172.408249
2015-07-28,209.330002,174.525940
2015-07-29,210.770004,175.726532
2015-07-30,210.820007,175.768234
2015-07-31,210.500000,175.501419
2015-08-03,209.789993,174.909470
2015-08-04,209.380005,174.567612
2015-08-05,210.070007,175.142960
2015-08-06,208.350006,173.708862
2015-08-07,207.949997,173.375458
2015-08-10,210.570007,175.559830
2015-08-11,208.669998,173.975662
2015-08-12,208.919998,174.184143
2015-08-13,208.660004,173.967331
2015-08-14,209.419998,174.601013
2015-08-17,210.589996,175.576462
2015-08-18,209.979996,175.067856
2015-08-19,208.320007,173.683914
2015-08-20,203.970001,170.057144
2015-08-21,197.830002,164.938004
2015-08-24,189.500000,157.992950
2015-08-25,187.270004,156.133698
2015-08-26,194.460007,162.128296
2015-08-27,199.270004,166.138626
2015-08-28,199.279999,166.146912
2015-08-31,197.669998,164.804581
2015-09-01,191.770004,159.885574
2015-09-02,195.410004,162.920380
2015-09-03,195.550003,163.037094
2015-09-04,192.589996,160.569168
2015-09-08,197.429993,164.604507
2015-09-09,194.789993,162.403412
2015-09-10,195.850006,163.287216
2015-09-11,196.740005,164.029175
2015-09-14,196.009995,163.420609
2015-09-15,198.460007,165.463196
2015-09-16,200.179993,166.897278
2015-09-17,199.729996,166.522110
2015-09-18,195.449997,163.800827
2015-09-21,196.460007,164.647278
2015-09-22,193.910004,162.510208
2015-09-23,193.600006,162.250443
2015-09-24,192.899994,161.663788
2015-09-25,192.850006,161.621902
2015-09-28,188.009995,157.565659
2015-09-29,188.119995,157.657791
2015-09-30,191.630005,160.599442
2015-10-01,192.130005,161.018478
2015-10-02,195.000000,163.423752
2015-10-05,198.470001,166.331802
2015-10-06,197.789993,165.761948
2015-10-07,199.410004,167.119675
2015-10-08,201.210007,168.628128
2015-10-09,201.330002,168.728699
2015-10-12,201.520004,168.887985
2015-10-13,200.250000,167.823608
2015-10-14,199.289993,167.019058
2015-10-15,202.350006,169.583588
2015-10-16,203.270004,170.354584
2015-10-19,203.369995,170.438370
2015-10-20,203.110001,170.220490
2015-10-21,201.850006,169.164505
2015-10-22,205.259995,172.022339
2015-10-23,207.509995,173.907944
2015-10-26,207.000000,173.480606
2015-10-27,206.600006,173.145386
2015-10-28,208.949997,175.114792
2015-10-29,208.830002,175.014236
2015-10-30,207.929993,174.259964
2015-11-02,210.389999,176.321594
2015-11-03,211.000000,176.832870
2015-11-04,210.360001,176.296463
2015-11-05,210.149994,176.120514
2015-11-06,210.039993,176.028320
2015-11-09,208.080002,174.385696
2015-11-10,208.559998,174.787964
2015-11-11,207.740005,174.100739
2015-11-12,204.839996,171.670334
2015-11-13,202.539993,169.742783
2015-11-16,205.619995,172.324051
2015-11-17,205.470001,172.198318
2015-11-18,208.729996,174.930450
2015-11-19,208.550003,174.779572
2015-11-20,209.309998,175.416489
2015-11-23,209.070007,175.215424
2015-11-24,209.350006,175.450043
2015-11-25,209.320007,175.424896
2015-11-27,209.559998,175.626022
2015-11-30,208.690002,174.896973
2015-12-01,210.679993,176.564667
2015-12-02,208.529999,174.762802
2015-12-03,205.610001,172.315613
2015-12-04,209.619995,175.676315
2015-12-07,208.350006,174.612000
2015-12-08,206.949997,173.438690
2015-12-09,205.339996,172.089371
2015-12-10,205.869995,172.533539
2015-12-11,201.880005,169.189667
2015-12-14,202.899994,170.044449
2015-12-15,205.029999,171.829605
2015-12-16,208.029999,174.343765
2015-12-17,204.860001,171.687134
2015-12-18,200.020004,168.628510
2015-12-21,201.669998,170.019531
2015-12-22,203.500000,171.562317
2015-12-23,206.020004,173.686859
2015-12-24,205.679993,173.400223
2015-12-28,205.210007,173.003952
2015-12-29,207.399994,174.850266
2015-12-30,205.929993,173.610977
2015-12-31,203.869995,171.874252
2016-01-04,201.020004,169.471573
2016-01-05,201.360001,169.758209
2016-01-06,198.820007,167.616806
2016-01-07,194.050003,163.595428
2016-01-08,191.919998,161.799698
2016-01-11,192.110001,161.959869
2016-01-12,193.660004,163.266586
2016-01-13,188.830002,159.194672
2016-01-14,191.929993,161.808151
2016-01-15,187.809998,158.334732
2016-01-19,188.059998,158.545502
2016-01-20,185.649994,156.513748
2016-01-21,186.690002,157.390564
2016-01-22,190.520004,160.619415
2016-01-25,187.639999,158.191422
2016-01-26,190.199997,160.349686
2016-01-27,188.130005,158.604507
2016-01-28,189.110001,159.430710
2016-01-29,193.720001,163.317245
2016-02-01,193.649994,163.258240
2016-02-02,190.160004,160.315979
2016-02-03,191.300003,161.277054
2016-02-04,191.600006,161.529984
2016-02-05,187.949997,158.452835
2016-02-08,185.419998,156.319855
2016-02-09,185.429993,156.328278
2016-02-10,185.270004,156.193390
2016-02-11,182.860001,154.161621
2016-02-12,186.630005,157.339935
2016-02-16,189.779999,159.995605
2016-02-17,192.880005,162.609085
2016-02-18,192.089996,161.943069
2016-02-19,192.000000,161.867126
2016-02-22,194.779999,164.210892
2016-02-23,192.320007,162.136963
2016-02-24,193.199997,162.878815
2016-02-25,195.539993,164.851608
2016-02-26,195.089996,164.472214
2016-02-29,193.559998,163.182312
2016-03-01,198.110001,167.018280
2016-03-02,199.000000,167.768585
2016-03-03,199.779999,168.426178
2016-03-04,200.429993,168.974136
2016-03-07,200.589996,169.109024
2016-03-08,198.399994,167.262726
2016-03-09,199.380005,168.088959
2016-03-10,199.539993,168.223785
2016-03-11,202.759995,170.938477
2016-03-14,202.500000,170.719284
2016-03-15,202.169998,170.441086
2016-03-16,203.339996,171.427414
2016-03-17,204.630005,172.514984
2016-03-18,204.380005,173.192978
2016-03-21,204.669998,173.438660
2016-03-22,204.559998,173.345398
2016-03-23,203.210007,172.201477
2016-03-24,203.119995,172.125183
2016-03-28,203.240005,172.226913
2016-03-29,205.119995,173.819977
2016-03-30,206.020004,174.582672
2016-03-31,205.520004,174.158920
2016-04-01,206.919998,175.345337
2016-04-04,206.250000,174.777588
2016-04-05,204.190002,173.031891
2016-04-06,206.419998,174.921631
2016-04-07,203.949997,172.828476
2016-04-08,204.500000,173.294617
2016-04-11,204.020004,172.887863
2016-04-12,205.919998,174.497894
2016-04-13,208.000000,176.260468
2016-04-14,208.009995,176.268936
2016-04-15,207.779999,176.074112
2016-04-18,209.240005,177.311310
2016-04-19,209.899994,177.870605
2016-04-20,210.100006,178.040070
2016-04-21,208.970001,177.082535
2016-04-22,208.970001,177.082535
2016-04-25,208.610001,176.777420
2016-04-26,208.919998,177.040161
2016-04-27,209.350006,177.404480
2016-04-28,207.449997,175.794479
2016-04-29,206.330002,174.845352
2016-05-02,207.970001,176.235107
2016-05-03,206.160004,174.701309
2016-05-04,205.009995,173.726746
2016-05-05,204.970001,173.692871
2016-05-06,205.720001,174.328430
2016-05-09,205.889999,174.472473
2016-05-10,208.449997,176.641830
2016-05-11,206.500000,174.989410
2016-05-12,206.559998,175.040268
2016-05-13,204.759995,173.514908
2016-05-16,206.779999,175.226685
2016-05-17,204.850006,173.591156
2016-05-18,204.910004,173.642075
2016-05-19,204.199997,173.040329
2016-05-20,205.490005,174.133514
2016-05-23,205.210007,173.896255
2016-05-24,207.869995,176.150406
2016-05-25,209.279999,177.345245
2016-05-26,209.339996,177.396057
2016-05-27,210.240005,178.158752
2016-05-31,209.839996,177.819778
2016-06-01,210.270004,178.184128
2016-06-02,210.910004,178.726532
2016-06-03,210.279999,178.192596
2016-06-06,211.350006,179.099350
2016-06-07,211.679993,179.378967
2016-06-08,212.369995,179.963654
2016-06-09,212.080002,179.717957
2016-06-10,210.070007,178.014694
2016-06-13,208.449997,176.641830
2016-06-14,208.039993,176.294403
2016-06-15,207.750000,176.048645
2016-06-16,208.369995,176.574051
2016-06-17,206.520004,175.916489
2016-06-20,207.850006,177.049377
2016-06-21,208.440002,177.551941
2016-06-22,208.100006,177.262314
2016-06-23,210.809998,179.570755
2016-06-24,203.240005,173.122543
2016-06-27,199.600006,170.021927
2016-06-28,203.199997,173.088409
2016-06-29,206.660004,176.035721
2016-06-30,209.479996,178.437790
2016-07-01,209.919998,178.812637
2016-07-05,208.410004,177.526398
2016-07-06,209.660004,178.591187
2016-07-07,209.529999,178.480438
2016-07-08,212.649994,181.138062
2016-07-11,213.399994,181.776932
2016-07-12,214.949997,183.097260
2016-07-13,214.919998,183.071686
2016-07-14,216.119995,184.093903
2016-07-15,215.830002,183.846878
2016-07-18,216.410004,184.340912
2016-07-19,216.190002,184.153519
2016-07-20,217.089996,184.920135
2016-07-21,216.270004,184.221619
2016-07-22,217.240005,185.047882
2016-07-25,216.649994,184.545288
2016-07-26,216.750000,184.630463
2016-07-27,216.520004,184.434616
2016-07-28,216.770004,184.647583
2016-07-29,217.119995,184.945709
2016-08-01,216.940002,184.792374
2016-08-02,215.550003,183.608383
2016-08-03,216.179993,184.144974
2016-08-04,216.410004,184.340912
2016-08-05,218.179993,185.848572
2016-08-08,218.050003,185.737869
2016-08-09,218.179993,185.848572
2016-08-10,217.639999,185.388672
2016-08-11,218.649994,186.248947
2016-08-12,218.460007,186.087112
2016-08-15,219.089996,186.623779
2016-08-16,217.960007,185.661194
2016-08-17,218.369995,186.010468
2016-08-18,218.860001,186.427887
2016-08-19,218.539993,186.155258
2016-08-22,218.529999,186.146729
2016-08-23,218.970001,186.521515
2016-08-24,217.850006,185.567520
2016-08-25,217.699997,185.439728
2016-08-26,217.289993,185.090500
2016-08-29,218.360001,186.001968
2016-08-30,218.000000,185.695282
2016-08-31,217.380005,185.167175
2016-09-01,217.389999,185.175644
2016-09-02,218.369995,186.010468
2016-09-06,219.029999,186.572678
2016-09-07,219.009995,186.555557
2016-09-08,218.509995,186.129700
2016-09-09,213.279999,181.674774
2016-09-12,216.339996,184.281281
2016-09-13,213.229996,181.632126
2016-09-14,213.149994,181.563980
2016-09-15,215.279999,183.378357
2016-09-16,213.369995,182.669495
2016-09-19,213.410004,182.703735
2016-09-20,213.419998,182.712326
2016-09-21,215.820007,184.766953
2016-09-22,217.179993,185.931213
2016-09-23,215.990005,184.912537
2016-09-26,214.240005,183.414276
2016-09-27,215.570007,184.552948
2016-09-28,216.639999,185.468979
2016-09-29,214.679993,183.791016
2016-09-30,216.300003,185.177933
2016-10-03,215.779999,184.732697
2016-10-04,214.679993,183.791016
2016-10-05,215.630005,184.604279
2016-10-06,215.779999,184.732697
2016-10-07,215.039993,184.099197
2016-10-10,216.160004,185.057999
2016-10-11,213.429993,182.720840
2016-10-12,213.710007,182.960571
2016-10-13,213.009995,182.361282
2016-10-14,213.119995,182.455490
2016-10-17,212.380005,181.821945
2016-10-18,213.710007,182.960571
2016-10-19,214.279999,183.448547
2016-10-20,213.880005,183.106140
2016-10-21,213.979996,183.191711
2016-10-24,214.889999,183.970734
2016-10-25,214.169998,183.354355
2016-10-26,213.740005,182.986252
2016-10-27,213.169998,182.498245
2016-10-28,212.539993,181.958878
2016-10-31,212.550003,181.967468
2016-11-01,211.009995,180.649017
2016-11-02,209.740005,179.561752
2016-11-03,208.779999,178.739914
2016-11-04,208.550003,178.542969
2016-11-07,213.149994,182.481155
2016-11-08,214.110001,183.303009
2016-11-09,216.380005,185.246368
2016-11-10,216.919998,185.708664
2016-11-11,216.419998,185.280640
2016-11-14,216.589996,185.426193
2016-11-15,218.279999,186.873032
2016-11-16,217.869995,186.522003
2016-11-17,218.990005,187.480911
2016-11-18,218.500000,187.061371
2016-11-21,220.149994,188.473953
2016-11-22,220.580002,188.842102
2016-11-23,220.699997,188.944763
2016-11-25,221.520004,189.646835
2016-11-28,220.479996,188.756439
2016-11-29,220.910004,189.124588
2016-11-30,220.380005,188.670883
2016-12-01,219.570007,187.977402
2016-12-02,219.679993,188.071579
2016-12-05,221.000000,189.201645
2016-12-06,221.699997,189.800934
2016-12-07,224.600006,192.283661
2016-12-08,225.149994,192.754562
2016-12-09,226.509995,193.918823
2016-12-12,226.250000,193.696274
2016-12-13,227.759995,194.988968
2016-12-14,225.880005,193.379517
2016-12-15,226.809998,194.175674
2016-12-16,225.039993,193.795914
2016-12-19,225.529999,194.217896
2016-12-20,226.399994,194.967148
2016-12-21,225.770004,194.424576
2016-12-22,225.380005,194.088699
2016-12-23,225.710007,194.372910
2016-12-27,226.270004,194.855194
2016-12-28,224.399994,193.244751
2016-12-29,224.350006,193.201675
2016-12-30,223.529999,192.495529
2017-01-03,225.240005,193.968170
2017-01-04,226.580002,195.122086
2017-01-05,226.399994,194.967148
2017-01-06,227.210007,195.664642
2017-01-09,226.460007,195.018738
2017-01-10,226.460007,195.018738
2017-01-11,227.100006,195.569916
2017-01-12,226.529999,195.079056
2017-01-13,227.050003,195.526855
2017-01-17,226.250000,194.837921
2017-01-18,226.750000,195.268539
2017-01-19,225.910004,194.545120
2017-01-20,226.740005,195.259964
2017-01-23,226.149994,194.751785
2017-01-24,227.600006,196.000519
2017-01-25,229.570007,197.697021
2017-01-26,229.330002,197.490219
2017-01-27,228.970001,197.180313
2017-01-30,227.550003,195.957474
2017-01-31,227.529999,195.940216
2017-02-01,227.619995,196.017700
2017-02-02,227.770004,196.146866
2017-02-03,229.339996,197.498917
2017-02-06,228.929993,197.145828
2017-02-07,228.940002,197.154465
2017-02-08,229.240005,197.412811
2017-02-09,230.600006,198.583939
2017-02-10,231.509995,199.367615
2017-02-13,232.770004,200.452698
2017-02-14,233.699997,201.253601
2017-02-15,234.919998,202.304199
2017-02-16,234.720001,202.131958
2017-02-17,235.089996,202.450638
2017-02-21,236.490005,203.656219
2017-02-22,236.279999,203.475388
2017-02-23,236.440002,203.613129
2017-02-24,236.740005,203.871536
2017-02-27,237.110001,204.190140
2017-02-28,236.470001,203.639008
2017-03-01,239.779999,206.489441
2017-03-02,238.270004,205.189056
2017-03-03,238.419998,205.318237
2017-03-06,237.710007,204.706863
2017-03-07,237.000000,204.095444
2017-03-08,236.559998,203.716461
2017-03-09,236.860001,203.974808
2017-03-10,237.690002,204.689606
2017-03-13,237.809998,204.792969
2017-03-14,236.899994,204.009277
2017-03-15,238.949997,205.774689
2017-03-16,238.479996,205.369949
2017-03-17,237.029999,205.009262
2017-03-20,236.770004,204.784348
2017-03-21,233.729996,202.155090
2017-03-22,234.279999,202.630753
2017-03-23,234.029999,202.414520
2017-03-24,233.860001,202.267502
2017-03-27,233.619995,202.059921
2017-03-28,235.320007,203.530289
2017-03-29,235.539993,203.720535
2017-03-30,236.289993,204.369232
2017-03-31,235.740005,203.893539
2017-04-03,235.330002,203.538940
2017-04-04,235.479996,203.668701
2017-04-05,234.779999,203.063187
2017-04-06,235.440002,203.634094
2017-04-07,235.199997,203.426498
2017-04-10,235.339996,203.547562
2017-04-11,235.059998,203.305405
2017-04-12,234.029999,202.414520
2017-04-13,232.509995,201.099854
2017-04-17,234.570007,202.881577
2017-04-18,233.869995,202.276169
2017-04-19,233.440002,201.904251
2017-04-20,235.339996,203.547562
2017-04-21,234.589996,202.898956
2017-04-24,237.169998,205.130341
2017-04-25,238.550003,206.323914
2017-04-26,238.399994,206.194168
2017-04-27,238.600006,206.367218
2017-04-28,238.080002,205.917419
2017-05-01,238.679993,206.436356
2017-05-02,238.770004,206.514206
2017-05-03,238.479996,206.263397
2017-05-04,238.759995,206.505539
2017-05-05,239.699997,207.318558
2017-05-08,239.660004,207.283981
2017-05-09,239.440002,207.093689
2017-05-10,239.869995,207.465607
2017-05-11,239.380005,207.041794
2017-05-12,238.979996,206.695816
2017-05-15,240.300003,207.837479
2017-05-16,240.080002,207.647232
2017-05-17,235.820007,203.962692
2017-05-18,236.770004,204.784348
2017-05-19,238.309998,206.116364
2017-05-22,239.520004,207.162857
2017-05-23,240.050003,207.621246
2017-05-24,240.610001,208.105606
2017-05-25,241.759995,209.100311
2017-05-26,241.710007,209.057053
2017-05-30,241.500000,208.875397
2017-05-31,241.440002,208.823502
2017-06-01,243.360001,210.484116
2017-06-02,244.169998,211.184677
2017-06-05,243.990005,211.029022
2017-06-06,243.210007,210.354401
2017-06-07,243.660004,210.743622
2017-06-08,243.779999,210.847351
2017-06-09,243.410004,210.527405
2017-06-12,243.360001,210.484116
2017-06-13,244.550003,211.513351
2017-06-14,244.240005,211.245239
2017-06-15,243.770004,210.838730
2017-06-16,242.639999,210.884827
2017-06-19,244.660004,212.640427
2017-06-20,243.009995,211.206406
2017-06-21,242.949997,211.154251
2017-06-22,242.839996,211.058624
2017-06-23,243.130005,211.310654
2017-06-26,243.289993,211.449738
2017-06-27,241.330002,209.746246
2017-06-28,243.490005,211.623566
2017-06-29,241.350006,209.763672
2017-06-30,241.800003,210.154739
2017-07-03,242.210007,210.511078
2017-07-05,242.770004,210.997772
2017-07-06,240.550003,209.068314
2017-07-07,242.110001,210.424194
2017-07-10,242.369995,210.650131
2017-07-11,242.190002,210.493713
2017-07-12,244.009995,212.075485
2017-07-13,244.419998,212.431870
2017-07-14,245.559998,213.422623
2017-07-17,245.529999,213.396591
2017-07-18,245.660004,213.509598
2017-07-19,246.990005,214.665527
2017-07-20,247.100006,214.761108
2017-07-21,246.880005,214.569870
2017-07-24,246.820007,214.517776
2017-07-25,247.419998,215.039246
2017-07-26,247.429993,215.047958
2017-07-27,247.199997,214.848022
2017-07-28,246.910004,214.595993
2017-07-31,246.770004,214.474304
2017-08-01,247.320007,214.952316
2017-08-02,247.440002,215.056625
2017-08-03,246.960007,214.639465
2017-08-04,247.410004,215.030518
2017-08-07,247.869995,215.430344
2017-08-08,247.259995,214.900146
2017-08-09,247.250000,214.891479
2017-08-10,243.759995,211.858231
2017-08-11,244.119995,212.171112
2017-08-14,246.539993,214.274399
2017-08-15,246.509995,214.248306
2017-08-16,246.940002,214.622070
2017-08-17,243.089996,211.275955
2017-08-18,242.710007,210.945694
2017-08-21,242.899994,211.110764
2017-08-22,245.440002,213.318329
2017-08-23,244.559998,212.553543
2017-08-24,243.990005,212.058136
2017-08-25,244.559998,212.553543
2017-08-28,244.570007,212.562256
2017-08-29,244.850006,212.805573
2017-08-30,246.009995,213.813751
2017-08-31,247.490005,215.100067
2017-09-01,247.839996,215.404282
2017-09-05,246.059998,213.857239
2017-09-06,246.899994,214.587296
2017-09-07,246.869995,214.561203
2017-09-08,246.580002,214.309174
2017-09-11,249.210007,216.594955
2017-09-12,250.050003,217.325058
2017-09-13,250.169998,217.429367
2017-09-14,250.089996,217.359772
2017-09-15,249.190002,217.652420
2017-09-18,249.720001,218.115356
2017-09-19,249.970001,218.333694
2017-09-20,250.059998,218.412308
2017-09-21,249.389999,217.827057
2017-09-22,249.440002,217.870758
2017-09-25,248.929993,217.425354
2017-09-26,249.080002,217.556274
2017-09-27,250.050003,218.403610
2017-09-28,250.350006,218.665558
2017-09-29,251.229996,219.434219
2017-10-02,252.320007,220.386337
2017-10-03,252.860001,220.857910
2017-10-04,253.160004,221.119980
2017-10-05,254.660004,222.430115
2017-10-06,254.369995,222.176788
2017-10-09,253.949997,221.809967
2017-10-10,254.619995,222.395187
2017-10-11,255.020004,222.744568
2017-10-12,254.639999,222.412628
2017-10-13,254.949997,222.683426
2017-10-16,255.289993,222.980408
2017-10-17,255.470001,223.137619
2017-10-18,255.720001,223.355972
2017-10-19,255.789993,223.417099
2017-10-20,257.109985,224.570038
2017-10-23,256.109985,223.696564
2017-10-24,256.559998,224.089661
2017-10-25,255.289993,222.980408
2017-10-26,255.619995,223.268616
2017-10-27,257.709991,225.094116
2017-10-30,256.750000,224.255600
2017-10-31,257.149994,224.604996
2017-11-01,257.489990,224.901962
2017-11-02,257.589996,224.989319
2017-11-03,258.450012,225.740433
2017-11-06,258.850006,226.089844
2017-11-07,258.670013,225.932632
2017-11-08,259.109985,226.316895
2017-11-09,258.170013,225.495911
2017-11-10,258.089996,225.426025
2017-11-13,258.329987,225.635605
2017-11-14,257.730011,225.111649
2017-11-15,256.440002,223.984879
2017-11-16,258.619995,225.888947
2017-11-17,257.859985,225.225159
2017-11-20,258.299988,225.609421
2017-11-21,259.989990,227.085571
2017-11-22,259.760010,226.884720
2017-11-24,260.359985,227.408722
2017-11-27,260.230011,227.295227
2017-11-28,262.869995,229.601044
2017-11-29,262.709991,229.461334
2017-11-30,265.010010,231.470276
2017-12-01,264.459991,230.989838
2017-12-04,264.140015,230.710327
2017-12-05,263.190002,229.880585
2017-12-06,263.239990,229.924255
2017-12-07,264.070007,230.649231
2017-12-08,265.510010,231.906937
2017-12-11,266.309998,232.605652
2017-12-12,266.779999,233.016144
2017-12-13,266.750000,232.989990
2017-12-14,265.660004,232.037994
2017-12-15,266.510010,233.970245
2017-12-18,268.200012,235.453903
2017-12-19,267.170013,234.549637
2017-12-20,267.029999,234.426788
2017-12-21,267.579987,234.909607
2017-12-22,267.510010,234.848175
2017-12-26,267.190002,234.567215
2017-12-27,267.320007,234.681335
2017-12-28,267.869995,235.164139
2017-12-29,266.859985,234.277466
2018-01-02,268.769989,235.954315
2018-01-03,270.470001,237.446762
2018-01-04,271.609985,238.447510
2018-01-05,273.420013,240.036591
2018-01-08,273.920013,240.475449
2018-01-09,274.540009,241.019806
2018-01-10,274.119995,240.651077
2018-01-11,276.119995,242.406937
2018-01-12,277.920013,243.987106
2018-01-16,276.970001,243.153076
2018-01-17,279.609985,245.470718
2018-01-18,279.140015,245.058167
2018-01-19,280.410004,246.173141
2018-01-22,282.690002,248.174728
2018-01-23,283.290009,248.701431
2018-01-24,283.179993,248.604919
2018-01-25,283.299988,248.710205
2018-01-26,286.579987,251.589752
2018-01-29,284.679993,249.921738
2018-01-30,281.760010,247.358292
2018-01-31,281.899994,247.481247
2018-02-01,281.579987,247.200226
2018-02-02,275.450012,241.818710
2018-02-05,263.929993,231.705292
2018-02-06,269.130005,236.270340
2018-02-07,267.670013,234.988617
2018-02-08,257.630005,226.174469
2018-02-09,261.500000,229.571945
2018-02-12,265.339996,232.943100
2018-02-13,266.000000,233.522476
2018-02-14,269.589996,236.674149
2018-02-15,273.029999,239.694183
2018-02-16,273.109985,239.764359
2018-02-20,271.399994,238.263168
2018-02-21,270.049988,237.077972
2018-02-22,270.399994,237.385269
2018-02-23,274.709991,241.169037
2018-02-26,277.899994,243.969604
2018-02-27,274.429993,240.923218
2018-02-28,271.649994,238.482666
2018-03-01,267.700012,235.014969
2018-03-02,269.079987,236.226501
2018-03-05,272.190002,238.956650
2018-03-06,272.880005,239.562531
2018-03-07,272.779999,239.474701
2018-03-08,274.100006,240.633545
2018-03-09,278.869995,244.821121
2018-03-12,278.519989,244.513794
2018-03-13,276.720001,242.933670
2018-03-14,275.299988,241.687042
2018-03-15,275.000000,241.423660
2018-03-16,274.200012,241.685471
2018-03-19,270.489990,238.415405
2018-03-20,270.950012,238.820847
2018-03-21,270.429993,238.362427
2018-03-22,263.670013,232.404099
2018-03-23,258.049988,227.450455
2018-03-26,265.109985,233.673203
2018-03-27,260.600006,229.698090
2018-03-28,259.829987,229.019348
2018-03-29,263.149994,231.945740
2018-04-02,257.470001,226.939301
2018-04-03,260.769989,229.847946
2018-04-04,263.559998,232.307129
2018-04-05,265.640015,234.140503
2018-04-06,259.720001,228.922440
2018-04-09,261.000000,230.050674
2018-04-10,265.149994,233.708527
2018-04-11,263.760010,232.483414
2018-04-12,265.929993,234.396072
2018-04-13,265.149994,233.708527
2018-04-16,267.329987,235.630096
2018-04-17,270.190002,238.150894
2018-04-18,270.390015,238.327255
2018-04-19,268.890015,237.005035
2018-04-20,266.609985,234.995331
2018-04-23,266.570007,234.960205
2018-04-24,262.980011,231.795853
2018-04-25,263.630005,232.368835
2018-04-26,266.309998,234.730957
2018-04-27,266.559998,234.951385
2018-04-30,264.510010,233.144470
2018-05-01,264.980011,233.558716
2018-05-02,263.200012,231.989822
2018-05-03,262.619995,231.478546
2018-05-04,266.019989,234.475357
2018-05-07,266.920013,235.268677
2018-05-08,266.920013,235.268677
2018-05-09,269.500000,237.542709
2018-05-10,272.019989,239.763855
2018-05-11,272.850006,240.495575
2018-05-14,272.980011,240.610107
2018-05-15,271.100006,238.953049
2018-05-16,272.239990,239.957916
2018-05-17,272.010010,239.755112
2018-05-18,271.329987,239.155731
2018-05-21,273.369995,240.953873
2018-05-22,272.609985,240.283997
2018-05-23,273.359985,240.945114
2018-05-24,272.799988,240.451431
2018-05-25,272.149994,239.878448
2018-05-29,269.019989,237.119659
2018-05-30,272.609985,240.283997
2018-05-31,270.940002,238.811935
2018-06-01,273.600006,241.156570
2018-06-04,274.899994,242.302399
2018-06-05,275.100006,242.478729
2018-06-06,277.399994,244.505997
2018-06-07,277.369995,244.479614
2018-06-08,278.190002,245.202316
2018-06-11,278.559998,245.528442
2018-06-12,278.920013,245.845749
2018-06-13,278.029999,245.061264
2018-06-14,278.730011,245.678207
2018-06-15,277.130005,245.364853
2018-06-18,276.559998,244.860184
2018-06-19,275.500000,243.921646
2018-06-20,275.970001,244.337814
2018-06-21,274.239990,242.806122
2018-06-22,274.739990,243.248795
2018-06-25,271.000000,239.937454
2018-06-26,271.600006,240.468704
2018-06-27,269.350006,238.476639
2018-06-28,270.890015,239.840057
2018-06-29,271.279999,240.185318
2018-07-02,271.859985,240.698898
2018-07-03,270.899994,239.848877
2018-07-05,273.109985,241.805618
2018-07-06,275.420013,243.850784
2018-07-09,277.899994,246.046570
2018-07-10,278.899994,246.931946
2018-07-11,276.859985,245.125839
2018-07-12,279.369995,247.348083
2018-07-13,279.589996,247.542862
2018-07-16,279.339996,247.321442
2018-07-17,280.470001,248.322021
2018-07-18,281.059998,248.844421
2018-07-19,280.000000,247.905914
2018-07-20,279.679993,247.622559
2018-07-23,280.200012,248.082962
2018-07-24,281.609985,249.331390
2018-07-25,284.010010,251.456177
2018-07-26,283.339996,250.863068
2018-07-27,281.420013,249.163162
2018-07-30,279.950012,247.861603
2018-07-31,281.329987,249.083344
2018-08-01,280.859985,248.667313
2018-08-02,282.390015,250.021896
2018-08-03,283.600006,251.093262
2018-08-06,284.640015,252.014023
2018-08-07,285.579987,252.846329
2018-08-08,285.459991,252.740097
2018-08-09,285.070007,252.394730
2018-08-10,283.160004,250.703705
2018-08-13,282.100006,249.765182
2018-08-14,283.899994,251.358810
2018-08-15,281.779999,249.481812
2018-08-16,284.059998,251.500488
2018-08-17,285.059998,252.385849
2018-08-20,285.670013,252.925934
2018-08-21,286.339996,253.519119
2018-08-22,286.170013,253.368759
2018-08-23,285.790009,253.032211
2018-08-24,287.510010,254.555069
2018-08-27,289.779999,256.564819
2018-08-28,289.920013,256.688843
2018-08-29,291.480011,258.069977
2018-08-30,290.299988,257.025238
2018-08-31,290.309998,257.034088
2018-09-04,289.809998,256.591431
2018-09-05,289.029999,255.900909
2018-09-06,288.160004,255.130508
2018-09-07,287.600006,254.634750
2018-09-10,288.100006,255.077438
2018-09-11,289.049988,255.918518
2018-09-12,289.119995,255.980484
2018-09-13,290.829987,257.494385
2018-09-14,290.880005,257.538788
2018-09-17,289.339996,256.175293
2018-09-18,290.910004,257.565399
2018-09-19,291.220001,257.839905
2018-09-20,293.579987,259.929382
2018-09-21,291.989990,259.691772
2018-09-24,291.019989,258.829071
2018-09-25,290.750000,258.588989
2018-09-26,289.880005,257.815277
2018-09-27,290.690002,258.535583
2018-09-28,290.720001,258.562347
2018-10-01,291.730011,259.460693
2018-10-02,291.559998,259.309387
2018-10-03,291.720001,259.451721
2018-10-04,289.440002,257.423981
2018-10-05,287.820007,255.983109
2018-10-08,287.820007,255.983109
2018-10-09,287.399994,255.609528
2018-10-10,278.299988,247.516083
2018-10-11,272.170013,242.064178
2018-10-12,275.950012,245.426117
2018-10-15,274.399994,244.047516
2018-10-16,280.399994,249.383835
2018-10-17,280.450012,249.428345
2018-10-18,276.399994,245.826279
2018-10-19,276.250000,245.692902
2018-10-22,275.010010,244.590057
2018-10-23,273.609985,243.344940
2018-10-24,265.320007,235.971924
2018-10-25,270.079987,240.205383
2018-10-26,265.329987,235.980804
2018-10-29,263.859985,234.673401
2018-10-30,267.769989,238.150909
2018-10-31,270.630005,240.694595
2018-11-01,273.510010,243.255920
2018-11-02,271.890015,241.815170
2018-11-05,273.390015,243.149338
2018-11-06,275.119995,244.687927
2018-11-07,281.010010,249.926315
2018-11-08,280.500000,249.472809
2018-11-09,277.760010,247.035828
2018-11-12,272.570007,242.419968
2018-11-13,272.059998,241.966415
2018-11-14,270.200012,240.312088
2018-11-15,273.019989,242.820160
2018-11-16,273.730011,243.451675
2018-11-19,269.100006,239.333832
2018-11-20,264.119995,234.904617
2018-11-21,265.019989,235.705078
2018-11-23,263.250000,234.130905
2018-11-26,267.500000,237.910751
2018-11-27,268.399994,238.711197
2018-11-28,274.579987,244.207581
2018-11-29,273.980011,243.674042
2018-11-30,275.649994,245.159195
2018-12-03,279.299988,248.405533
2018-12-04,270.250000,240.356552
2018-12-06,269.839996,239.991867
2018-12-07,263.570007,234.415482
2018-12-10,264.070007,234.860199
2018-12-11,264.130005,234.913513
2018-12-12,265.459991,236.096436
2018-12-13,265.369995,236.016403
2018-12-14,260.470001,231.658401
2018-12-17,255.360001,227.113602
2018-12-18,255.080002,226.864594
2018-12-19,251.259995,223.467117
2018-12-20,247.169998,219.829559
2018-12-21,240.699997,215.325363
2018-12-24,234.339996,209.635818
2018-12-26,246.179993,220.227615
2018-12-27,248.070007,221.918411
2018-12-28,247.750000,221.632141
2018-12-31,249.919998,223.573380
2019-01-02,250.179993,223.805969
2019-01-03,244.210007,218.465347
2019-01-04,252.389999,225.782974
2019-01-07,254.380005,227.563171
2019-01-08,256.769989,229.701218
2019-01-09,257.970001,230.774734
2019-01-10,258.880005,231.588776
2019-01-11,258.980011,231.678268
2019-01-14,257.399994,230.264801
2019-01-15,260.350006,232.903824
2019-01-16,260.980011,233.467422
2019-01-17,262.959991,235.238663
2019-01-18,266.459991,238.369690
2019-01-22,262.859985,235.149185
2019-01-23,263.410004,235.641251
2019-01-24,263.549988,235.766495
2019-01-25,265.779999,237.761368
2019-01-28,263.760010,235.954391
2019-01-29,263.410004,235.641251
2019-01-30,267.579987,239.371674
2019-01-31,269.929993,241.473953
2019-02-01,270.059998,241.590134
2019-02-04,271.959991,243.289886
2019-02-05,273.100006,244.309753
2019-02-06,272.739990,243.987656
2019-02-07,270.140015,241.661774
2019-02-08,270.470001,241.957031
2019-02-11,270.619995,242.091187
2019-02-12,274.100006,245.204346
2019-02-13,274.989990,246.000443
2019-02-14,274.380005,245.454712
2019-02-15,277.369995,248.129593
2019-02-19,277.850006,248.559052
2019-02-20,278.410004,249.059982
2019-02-21,277.420013,248.174301
2019-02-22,279.140015,249.713043
2019-02-25,279.519989,250.052917
2019-02-26,279.320007,249.873978
2019-02-27,279.200012,249.766693
2019-02-28,278.679993,249.301407
2019-03-01,280.420013,250.858063
2019-03-04,279.399994,249.945511
2019-03-05,279.019989,249.605530
2019-03-06,277.329987,248.093826
2019-03-07,275.010010,246.018372
2019-03-08,274.459991,245.526352
2019-03-11,278.440002,249.086746
2019-03-12,279.489990,250.026047
2019-03-13,281.339996,251.681015
2019-03-14,281.160004,251.520035
2019-03-15,281.309998,252.762695
2019-03-18,282.329987,253.679214
2019-03-19,282.399994,253.742050
2019-03-20,281.549988,252.978333
2019-03-21,284.730011,255.835632
2019-03-22,279.250000,250.911667
2019-03-25,279.040009,250.723022
2019-03-26,281.119995,252.592010
2019-03-27,279.649994,251.271164
2019-03-28,280.709991,252.223587
2019-03-29,282.480011,253.814011
2019-04-01,285.829987,256.823975
2019-04-02,285.970001,256.949829
2019-04-03,286.420013,257.354095
2019-04-04,287.179993,258.036957
2019-04-05,288.570007,259.285950
2019-04-08,288.790009,259.483551
2019-04-09,287.309998,258.153778
2019-04-10,288.290009,259.034393
2019-04-11,288.209991,258.962463
2019-04-12,290.160004,260.714630
2019-04-15,289.970001,260.543884
2019-04-16,290.160004,260.714630
2019-04-17,289.450012,260.076721
2019-04-18,290.019989,260.588806
2019-04-22,290.269989,260.813416
2019-04-23,292.880005,263.158569
2019-04-24,292.230011,262.574524
2019-04-25,292.049988,262.412720
2019-04-26,293.410004,263.634735
2019-04-29,293.869995,264.048126
2019-04-30,294.019989,264.182861
2019-05-01,291.809998,262.197144
2019-05-02,291.179993,261.631104
2019-05-03,294.029999,264.192017
2019-05-06,292.820007,263.104645
2019-05-07,287.929993,258.710907
2019-05-08,287.529999,258.351471
2019-05-09,286.660004,257.569794
2019-05-10,288.100006,258.863647
2019-05-13,280.859985,252.358307
2019-05-14,283.399994,254.640610
2019-05-15,285.059998,256.132202
2019-05-16,287.700012,258.504272
2019-05-17,285.839996,256.832977
2019-05-20,283.950012,255.134720
2019-05-21,286.510010,257.434967
2019-05-22,285.630005,256.644287
2019-05-23,282.140015,253.508469
2019-05-24,282.779999,254.083466
2019-05-28,280.149994,251.720551
2019-05-29,278.269989,250.031113
2019-05-30,279.029999,250.714020
2019-05-31,275.269989,247.335541
2019-06-03,274.570007,246.706741
2019-06-04,280.529999,252.061859
2019-06-05,282.959991,254.245193
2019-06-06,284.799988,255.898529
2019-06-07,287.649994,258.459259
2019-06-10,288.970001,259.645355
2019-06-11,288.899994,259.582489
2019-06-12,288.390015,259.124237
2019-06-13,289.579987,260.193451
2019-06-14,289.260010,259.905975
2019-06-17,289.369995,260.004730
2019-06-18,292.399994,262.727264
2019-06-19,293.059998,263.320251
2019-06-20,295.859985,265.836182
2019-06-21,294.000000,265.449768
2019-06-24,293.640015,265.124664
2019-06-25,290.760010,262.524384
2019-06-26,290.470001,262.262543
2019-06-27,291.500000,263.192413
2019-06-28,293.000000,264.546844
2019-07-01,295.660004,266.948486
2019-07-02,296.429993,267.643738
2019-07-03,298.799988,269.783569
2019-07-05,298.459991,269.476593
2019-07-08,296.820007,267.995850
2019-07-09,297.190002,268.329956
2019-07-10,298.609985,269.612000
2019-07-11,299.309998,270.244110
2019-07-12,300.649994,271.453888
2019-07-15,300.750000,271.544281
2019-07-16,299.779999,270.668396
2019-07-17,297.739990,268.826569
2019-07-18,298.829987,269.810669
2019-07-19,297.170013,268.311951
2019-07-22,297.899994,268.970978
2019-07-23,300.029999,270.894196
2019-07-24,301.440002,272.167297
2019-07-25,300.000000,270.867126
2019-07-26,302.010010,272.681793
2019-07-29,301.459991,272.185272
2019-07-30,300.720001,271.517212
2019-07-31,297.429993,268.546661
2019-08-01,294.839996,266.208160
2019-08-02,292.619995,264.203705
2019-08-05,283.820007,256.258240
2019-08-06,287.799988,259.851807
2019-08-07,287.970001,260.005310
2019-08-08,293.619995,265.106628
2019-08-09,291.619995,263.300873
2019-08-12,288.070007,260.095551
2019-08-13,292.549988,264.140564
2019-08-14,283.899994,256.330505
2019-08-15,284.649994,257.007751
2019-08-16,288.850006,260.799835
2019-08-19,292.329987,263.941956
2019-08-20,290.089996,261.919434
2019-08-21,292.450012,264.050262
2019-08-22,292.359985,263.968933
2019-08-23,284.850006,257.188354
2019-08-26,288.000000,260.032349
2019-08-27,286.869995,259.012024
2019-08-28,288.890015,260.836029
2019-08-29,292.579987,264.167603
2019-08-30,292.450012,264.050262
2019-09-03,290.739990,262.506287
2019-09-04,294.040009,265.485870
2019-09-05,297.820007,268.898773
2019-09-06,298.049988,269.106415
2019-09-09,298.200012,269.241913
2019-09-10,298.130005,269.178619
2019-09-11,300.250000,271.092804
2019-09-12,301.290009,272.031799
2019-09-13,301.089996,271.851166
2019-09-16,300.160004,271.011566
2019-09-17,300.920013,271.697754
2019-09-18,301.100006,271.860229
2019-09-19,301.079987,271.842194
2019-09-20,298.279999,270.557739
2019-09-23,298.209991,270.494293
2019-09-24,295.869995,268.371826
2019-09-25,297.619995,269.959167
2019-09-26,297.000000,269.396759
2019-09-27,295.399994,267.945465
2019-09-30,296.769989,269.188080
2019-10-01,293.239990,265.986176
2019-10-02,288.059998,261.287659
2019-10-03,290.420013,263.428314
2019-10-04,294.350006,266.993042
2019-10-07,293.079987,265.840973
2019-10-08,288.529999,261.714020
2019-10-09,291.269989,264.199402
2019-10-10,293.239990,265.986176
2019-10-11,296.279999,268.743622
2019-10-14,295.950012,268.444366
2019-10-15,298.880005,271.102112
2019-10-16,298.399994,270.666626
2019-10-17,299.279999,271.464844
2019-10-18,297.970001,270.276642
2019-10-21,299.989990,272.108856
2019-10-22,299.010010,271.220001
2019-10-23,299.880005,272.009094
2019-10-24,300.369995,272.453491
2019-10-25,301.600006,273.569244
2019-10-28,303.299988,275.111298
2019-10-29,303.209991,275.029663
2019-10-30,304.140015,275.873169
2019-10-31,303.329987,275.138397
2019-11-01,306.140015,277.687225
2019-11-04,307.369995,278.802979
2019-11-05,307.029999,278.494598
2019-11-06,307.100006,278.558075
2019-11-07,308.179993,279.537659
2019-11-08,308.940002,280.227051
2019-11-11,308.350006,279.691864
2019-11-12,309.000000,280.281525
2019-11-13,309.100006,280.372131
2019-11-14,309.549988,280.780365
2019-11-15,311.790009,282.812195
2019-11-18,312.019989,283.020813
2019-11-19,311.929993,282.939148
2019-11-20,310.769989,281.886993
2019-11-21,310.269989,281.433441
2019-11-22,310.959991,282.059326
2019-11-25,313.369995,284.245331
2019-11-26,314.079987,284.889252
2019-11-27,315.480011,286.159271
2019-11-29,314.309998,285.097961
2019-12-02,311.640015,282.676117
2019-12-03,309.549988,280.780365
2019-12-04,311.459991,282.512787
2019-12-05,312.019989,283.020813
2019-12-06,314.869995,285.605865
2019-12-09,313.880005,284.707886
2019-12-10,313.529999,284.390472
2019-12-11,314.420013,285.197754
2019-12-12,317.130005,287.655853
2019-12-13,317.320007,287.828186
2019-12-16,319.500000,289.805664
2019-12-17,319.570007,289.869171
2019-12-18,319.589996,289.887238
2019-12-19,320.899994,291.075439
2019-12-20,320.730011,292.351685
2019-12-23,321.220001,292.798218
2019-12-24,321.230011,292.807312
2019-12-26,322.940002,294.366058
2019-12-27,322.859985,294.293091
2019-12-30,321.079987,292.670654
2019-12-31,321.859985,293.381592
2020-01-02,324.869995,296.125336
2020-01-03,322.410004,293.882843
2020-01-06,323.640015,295.004120
2020-01-07,322.730011,294.174622
2020-01-08,324.450012,295.742462
2020-01-09,326.649994,297.747772
2020-01-10,325.709991,296.890900
2020-01-13,327.950012,298.932770
2020-01-14,327.450012,298.476959
2020-01-15,328.190002,299.151550
2020-01-16,330.920013,301.640045
2020-01-17,331.950012,302.578888
2020-01-21,331.299988,301.986389
2020-01-22,331.339996,302.022766
2020-01-23,331.720001,302.369232
2020-01-24,328.769989,299.680176
2020-01-27,323.500000,294.876465
2020-01-28,326.890015,297.966583
2020-01-29,326.619995,297.720520
2020-01-30,327.679993,298.686707
2020-01-31,321.730011,293.263092
2020-02-03,324.119995,295.441681
2020-02-04,329.059998,299.944489
2020-02-05,332.859985,303.408264
2020-02-06,333.980011,304.429199
2020-02-07,332.200012,302.806763
2020-02-10,334.679993,305.067230
2020-02-11,335.260010,305.596039
2020-02-12,337.420013,307.564789
2020-02-13,337.059998,307.236664
2020-02-14,337.600006,307.728973
2020-02-18,336.730011,306.935913
2020-02-19,338.339996,308.403564
2020-02-20,336.950012,307.136444
2020-02-21,333.480011,303.973480
2020-02-24,322.420013,293.892029
2020-02-25,312.649994,284.986511
2020-02-26,311.500000,283.938324
2020-02-27,297.510010,271.186157
2020-02-28,296.260010,270.046753
2020-03-02,309.089996,281.741486
2020-03-03,300.239990,273.674591
2020-03-04,312.859985,285.177979
2020-03-05,302.459991,275.698151
2020-03-06,297.459991,271.140594
2020-03-09,274.230011,249.965973
2020-03-10,288.420013,262.900421
2020-03-11,274.359985,250.084442
2020-03-12,248.110001,226.157074
2020-03-13,269.320007,245.490402
2020-03-16,239.850006,218.627914
2020-03-17,252.800003,230.432129
2020-03-18,240.000000,218.764648
2020-03-19,240.509995,219.229553
2020-03-20,228.800003,209.781982
2020-03-23,222.949997,204.418228
2020-03-24,243.149994,222.939209
2020-03-25,246.789993,226.276627
2020-03-26,261.200012,239.488907
2020-03-27,253.419998,232.355591
2020-03-30,261.649994,239.901505
2020-03-31,257.750000,236.325684
2020-04-01,246.149994,225.689835
2020-04-02,251.830002,230.897705
2020-04-03,248.190002,227.560272
2020-04-06,264.859985,242.844666
2020-04-07,265.130005,243.092194
2020-04-08,274.029999,251.252457
2020-04-09,278.200012,255.075729
2020-04-13,275.660004,252.746933
2020-04-14,283.790009,260.201172
2020-04-15,277.760010,254.672363
2020-04-16,279.100006,255.901062
2020-04-17,286.640015,262.814301
2020-04-20,281.589996,258.184082
2020-04-21,273.040009,250.344757
2020-04-22,279.100006,255.901062
2020-04-23,279.079987,255.882721
2020-04-24,282.970001,259.449371
2020-04-27,287.049988,263.190155
2020-04-28,285.730011,261.979950
2020-04-29,293.209991,268.838196
2020-04-30,290.480011,266.335114
2020-05-01,282.790009,259.284302
2020-05-04,283.570007,259.999481
2020-05-05,286.190002,262.401703
2020-05-06,284.250000,260.622925
2020-05-07,287.679993,263.767914
2020-05-08,292.440002,268.132233
2020-05-11,292.500000,268.187164
2020-05-12,286.670013,262.841858
2020-05-13,281.600006,258.193237
2020-05-14,284.970001,261.283112
2020-05-15,286.279999,262.484283
2020-05-18,295.000000,270.479370
2020-05-19,291.970001,267.701263
2020-05-20,296.929993,272.248993
2020-05-21,294.880005,270.369415
2020-05-22,295.440002,270.882782
2020-05-26,299.079987,274.220245
2020-05-27,303.529999,278.300354
2020-05-28,302.970001,277.786926
2020-05-29,304.320007,279.024811
2020-06-01,305.549988,280.152466
2020-06-02,308.079987,282.472137
2020-06-03,312.179993,286.231323
2020-06-04,311.359985,285.479553
2020-06-05,319.339996,292.796234
2020-06-08,323.200012,296.335388
2020-06-09,320.790009,294.125702
2020-06-10,319.000000,292.484528
2020-06-11,300.609985,275.623077
2020-06-12,304.209991,278.923889
2020-06-15,307.049988,281.527832
2020-06-16,312.959991,286.946594
2020-06-17,311.660004,285.754639
2020-06-18,311.779999,285.864655
2020-06-19,308.640015,284.230988
2020-06-22,310.619995,286.054260
2020-06-23,312.049988,287.371307
2020-06-24,304.089996,280.040771
2020-06-25,307.350006,283.042969
2020-06-26,300.049988,276.320251
2020-06-29,304.459991,280.381500
2020-06-30,308.359985,283.973083
2020-07-01,310.519989,285.962250
2020-07-02,312.230011,287.537018
2020-07-06,317.049988,291.975830
2020-07-07,313.779999,288.964508
2020-07-08,316.179993,291.174591
2020-07-09,314.380005,289.516968
2020-07-10,317.589996,292.473175
2020-07-13,314.839996,289.940643
2020-07-14,318.920013,293.697937
2020-07-15,321.850006,296.396271
2020-07-16,320.790009,295.420013
2020-07-17,321.720001,296.276489
2020-07-20,324.320007,298.670868
2020-07-21,325.010010,299.306274
2020-07-22,326.859985,301.009979
2020-07-23,322.959991,297.418365
2020-07-24,320.880005,295.502960
2020-07-27,323.220001,297.657928
2020-07-28,321.170013,295.769989
2020-07-29,325.119995,299.407623
2020-07-30,323.959991,298.339325
2020-07-31,326.519989,300.696899
2020-08-03,328.790009,302.787323
2020-08-04,330.059998,303.956879
2020-08-05,332.109985,305.844727
2020-08-06,334.329987,307.889252
2020-08-07,334.570007,308.110199
2020-08-10,335.570007,309.031128
2020-08-11,332.799988,306.480255
2020-08-12,337.440002,310.753235
2020-08-13,336.829987,310.191559
2020-08-14,336.839996,310.200714
2020-08-17,337.910004,311.186066
2020-08-18,338.640015,311.858368
2020-08-19,337.230011,310.559967
2020-08-20,338.279999,311.526794
2020-08-21,339.480011,312.632019
2020-08-24,342.920013,315.799866
2020-08-25,344.119995,316.904938
2020-08-26,347.570007,320.082123
2020-08-27,348.329987,320.781982
2020-08-28,350.579987,322.854095
2020-08-31,349.309998,321.684509
2020-09-01,352.600006,324.714294
2020-09-02,357.700012,329.410980
2020-09-03,345.390015,318.074585
2020-09-04,342.570007,315.477539
2020-09-08,333.209991,306.857819
2020-09-09,339.790009,312.917389
2020-09-10,333.890015,307.484039
2020-09-11,334.059998,307.640564
2020-09-14,338.459991,311.692596
2020-09-15,340.170013,313.267365
2020-09-16,338.820007,312.024078
2020-09-17,335.839996,309.279755
2020-09-18,330.649994,305.719147
2020-09-21,326.970001,302.316620
2020-09-22,330.299988,305.395538
2020-09-23,322.640015,298.313080
2020-09-24,323.500000,299.108215
2020-09-25,328.730011,303.943939
2020-09-28,334.190002,308.992279
2020-09-29,332.369995,307.309418
2020-09-30,334.890015,309.639465
2020-10-01,337.040009,311.627380
2020-10-02,333.839996,308.668579
2020-10-05,339.760010,314.142365
2020-10-06,334.929993,309.676453
2020-10-07,340.760010,315.066864
2020-10-08,343.779999,317.859161
2020-10-09,346.850006,320.697754
2020-10-12,352.429993,325.856964
2020-10-13,350.130005,323.730347
2020-10-14,347.929993,321.696259
2020-10-15,347.500000,321.298737
2020-10-16,347.290009,321.104492
2020-10-19,342.010010,316.222656
2020-10-20,343.380005,317.489288
2020-10-21,342.730011,316.888397
2020-10-22,344.609985,318.626556
2020-10-23,345.779999,319.708374
2020-10-26,339.390015,313.800171
2020-10-27,338.220001,312.718384
2020-10-28,326.660004,302.030060
2020-10-29,329.980011,305.099701
2020-10-30,326.540009,301.919037
2020-11-02,330.200012,305.303101
2020-11-03,336.029999,310.693573
2020-11-04,343.540009,317.637299
2020-11-05,350.239990,323.832153
2020-11-06,350.160004,323.758087
2020-11-09,354.559998,327.826355
2020-11-10,354.040009,327.345581
2020-11-11,356.670013,329.777313
2020-11-12,353.209991,326.578125
2020-11-13,358.100006,331.099426
2020-11-16,362.570007,335.232544
2020-11-17,360.619995,333.429443
2020-11-18,356.279999,329.416656
2020-11-19,357.779999,330.803558
2020-11-20,355.329987,328.538239
2020-11-23,357.459991,330.507751
2020-11-24,363.220001,335.833435
2020-11-25,362.660004,335.315582
2020-11-27,363.670013,336.249481
2020-11-30,362.059998,334.760925
2020-12-01,366.019989,338.422333
2020-12-02,366.790009,339.134125
2020-12-03,366.690002,339.041748
2020-12-04,369.850006,341.963501
2020-12-07,369.089996,341.260803
2020-12-08,370.170013,342.259338
2020-12-09,366.850006,339.189758
2020-12-10,366.730011,339.078766
2020-12-11,366.299988,338.681183
2020-12-14,364.660004,337.164795
2020-12-15,369.589996,341.723083
2020-12-16,370.170013,342.259338
2020-12-17,372.239990,344.173218
2020-12-18,369.179993,342.799133
2020-12-21,367.859985,341.573395
2020-12-22,367.239990,340.997650
2020-12-23,367.570007,341.304108
2020-12-24,369.000000,342.631897
2020-12-28,372.170013,345.575378
2020-12-29,371.459991,344.916077
2020-12-30,371.989990,345.408325
2020-12-31,373.880005,347.163208
2021-01-04,368.790009,342.436920
2021-01-05,371.329987,344.795349
2021-01-06,373.549988,346.856781
2021-01-07,379.100006,352.010254
2021-01-08,381.260010,354.015869
2021-01-11,378.690002,351.629517
2021-01-12,378.769989,351.703766
2021-01-13,379.790009,352.650909
2021-01-14,378.459991,351.415955
2021-01-15,375.700012,348.853180
2021-01-19,378.649994,351.592316
2021-01-20,383.890015,356.458008
2021-01-21,384.239990,356.782898
2021-01-22,382.880005,355.520111
2021-01-25,384.390015,356.922150
2021-01-26,383.790009,356.365051
2021-01-27,374.410004,347.655304
2021-01-28,377.630005,350.645233
2021-01-29,370.070007,343.625488
2021-02-01,376.230011,349.345276
2021-02-02,381.549988,354.285095
2021-02-03,381.850006,354.563721
2021-02-04,386.190002,358.593506
2021-02-05,387.709991,360.004974
2021-02-08,390.510010,362.604858
2021-02-09,390.250000,362.363403
2021-02-10,390.079987,362.205627
2021-02-11,390.709991,362.790558
2021-02-12,392.640015,364.582611
2021-02-16,392.299988,364.266937
2021-02-17,392.390015,364.350494
2021-02-18,390.720001,362.799927
2021-02-19,390.029999,362.159088
2021-02-22,387.029999,359.373505
2021-02-23,387.500000,359.809937
2021-02-24,391.769989,363.774841
2021-02-25,382.329987,355.009430
2021-02-26,380.359985,353.180206
2021-03-01,389.579987,361.741272
2021-03-02,386.540009,358.918610
2021-03-03,381.420013,354.164398
2021-03-04,376.700012,349.781769
2021-03-05,383.630005,356.216370
2021-03-08,381.720001,354.442871
2021-03-09,387.170013,359.503632
2021-03-10,389.579987,361.741272
2021-03-11,393.529999,365.409027
2021-03-12,394.059998,365.901093
2021-03-15,396.410004,368.083313
2021-03-16,395.910004,367.618988
2021-03-17,397.260010,368.872528
2021-03-18,391.480011,363.505615
2021-03-19,389.480011,362.832916
2021-03-22,392.589996,365.730164
2021-03-23,389.500000,362.851562
2021-03-24,387.519989,361.007080
2021-03-25,389.700012,363.037933
2021-03-26,395.980011,368.888306
2021-03-29,395.779999,368.701935
2021-03-30,394.730011,367.723724
2021-03-31,396.329987,369.214264
2021-04-01,400.609985,373.201477
2021-04-05,406.359985,378.558014
2021-04-06,406.119995,378.334442
2021-04-07,406.589996,378.772217
2021-04-08,408.519989,380.570221
2021-04-09,411.489990,383.337036
2021-04-12,411.640015,383.476807
2021-04-13,412.859985,384.613312
2021-04-14,411.450012,383.299835
2021-04-15,415.869995,387.417480
2021-04-16,417.260010,388.712280
2021-04-19,415.209991,386.802643
2021-04-20,412.170013,383.970581
2021-04-21,416.070007,387.603729
2021-04-22,412.269989,384.063690
2021-04-23,416.739990,388.227905
2021-04-26,417.609985,389.038452
2021-04-27,417.519989,388.954529
2021-04-28,417.399994,388.842712
2021-04-29,420.059998,391.320770
2021-04-30,417.299988,388.749603
2021-05-03,418.200012,389.587982
2021-05-04,415.619995,387.184509
2021-05-05,415.750000,387.305542
2021-05-06,419.070007,390.398499
2021-05-07,422.119995,393.239716
2021-05-10,417.940002,389.345825
2021-05-11,414.209991,385.870972
2021-05-12,405.410004,377.673065
2021-05-13,410.279999,382.209808
2021-05-14,416.579987,388.078827
2021-05-17,415.519989,387.091339
2021-05-18,411.940002,383.756317
2021-05-19,410.859985,382.750214
2021-05-20,415.279999,386.867767
2021-05-21,414.940002,386.551086
2021-05-24,419.170013,390.491699
2021-05-25,418.239990,389.625305
2021-05-26,419.070007,390.398499
2021-05-27,419.290009,390.603455
2021-05-28,420.040009,391.302063
2021-06-01,419.670013,390.957520
2021-06-02,420.329987,391.572235
2021-06-03,418.769989,390.118927
2021-06-04,422.600006,393.687012
2021-06-07,422.190002,393.304962
2021-06-08,422.279999,393.388855
2021-06-09,421.649994,392.801971
2021-06-10,423.609985,394.627930
2021-06-11,424.309998,395.279938
2021-06-14,425.260010,396.165009
2021-06-15,424.480011,395.438354
2021-06-16,422.109985,393.230377
2021-06-17,421.970001,393.100067
2021-06-18,414.920013,387.797028
2021-06-21,420.859985,393.348694
2021-06-22,423.109985,395.451599
2021-06-23,422.600006,394.975037
2021-06-24,425.100006,397.311554
2021-06-25,426.609985,398.722839
2021-06-28,427.470001,399.526642
2021-06-29,427.700012,399.741577
2021-06-30,428.059998,400.077972
2021-07-01,430.429993,402.293091
2021-07-02,433.720001,405.368134
2021-07-06,432.929993,404.629639
2021-07-07,434.459991,406.059631
2021-07-08,430.920013,402.751068
2021-07-09,435.519989,407.050323
2021-07-12,437.079987,408.508362
2021-07-13,435.589996,407.115784
2021-07-14,436.239990,407.723267
2021-07-15,434.750000,406.330750
2021-07-16,431.339996,403.143677
2021-07-19,424.970001,397.190033
2021-07-20,431.059998,402.881866
2021-07-21,434.549988,406.143768
2021-07-22,435.459991,406.994263
2021-07-23,439.940002,411.181427
2021-07-26,441.019989,412.190796
2021-07-27,439.010010,410.312286
2021-07-28,438.829987,410.143982
2021-07-29,440.649994,411.845062
2021-07-30,438.510010,409.844910
2021-08-02,437.589996,408.985016
2021-08-03,441.149994,412.312347
2021-08-04,438.980011,410.284271
2021-08-05,441.760010,412.882416
2021-08-06,442.489990,413.564697
2021-08-09,442.130005,413.228302
2021-08-10,442.679993,413.742310
2021-08-11,443.779999,414.770416
2021-08-12,445.109985,416.013397
2021-08-13,445.920013,416.770538
2021-08-16,446.970001,417.751892
2021-08-17,444.040009,415.013458
2021-08-18,439.179993,410.471130
2021-08-19,439.859985,411.106659
2021-08-20,443.359985,414.377930
2021-08-23,447.260010,418.022949
2021-08-24,447.970001,418.686462
2021-08-25,448.910004,419.565094
2021-08-26,446.260010,417.088257
2021-08-27,450.250000,420.817505
2021-08-30,452.230011,422.668091
2021-08-31,451.559998,422.041809
2021-09-01,451.799988,422.266144
2021-09-02,453.190002,423.565369
2021-09-03,453.079987,423.462433
2021-09-07,451.459991,421.948425
2021-09-08,450.910004,421.434326
2021-09-09,448.980011,419.630524
2021-09-10,445.440002,416.321869
2021-09-13,446.579987,417.387451
2021-09-14,444.170013,415.134888
2021-09-15,447.880005,418.602417
2021-09-16,447.170013,417.938873
2021-09-17,441.399994,413.867706
2021-09-20,434.040009,406.966736
2021-09-21,433.630005,406.582306
2021-09-22,437.859985,410.548492
2021-09-23,443.179993,415.536621
2021-09-24,443.910004,416.221161
2021-09-27,442.640015,415.030365
2021-09-28,433.720001,406.666687
2021-09-29,434.450012,407.351227
2021-09-30,429.140015,402.372437
2021-10-01,434.239990,407.154297
2021-10-04,428.640015,401.903625
2021-10-05,433.100006,406.085388
2021-10-06,434.899994,407.773071
2021-10-07,438.660004,411.298584
2021-10-08,437.859985,410.548492
2021-10-11,434.690002,407.576233
2021-10-12,433.619995,406.572876
2021-10-13,435.179993,408.035645
2021-10-14,442.500000,414.899048
2021-10-15,445.869995,418.058868
2021-10-18,447.190002,419.296570
2021-10-19,450.640015,422.531372
2021-10-20,452.410004,424.190918
2021-10-21,453.589996,425.297302
2021-10-22,453.119995,424.856628
2021-10-25,455.549988,427.135040
2021-10-26,455.959991,427.519409
2021-10-27,453.940002,425.625488
2021-10-28,458.320007,429.732361
2021-10-29,459.250000,430.604279
2021-11-01,460.040009,431.345001
2021-11-02,461.899994,433.089020
2021-11-03,464.720001,435.733063
2021-11-04,466.910004,437.786499
2021-11-05,468.529999,439.305481
2021-11-08,468.929993,439.680450
2021-11-09,467.380005,438.227234
2021-11-10,463.619995,434.701660
2021-11-11,463.769989,434.842377
2021-11-12,467.269989,438.124084
2021-11-15,467.429993,438.274048
2021-11-16,469.279999,440.008636
2021-11-17,468.140015,438.939758
2021-11-18,469.730011,440.430603
2021-11-19,468.890015,439.642975
2021-11-22,467.570007,438.405304
2021-11-23,468.190002,438.986664
2021-11-24,469.440002,440.158630
2021-11-26,458.970001,430.341675
2021-11-29,464.600006,435.620605
2021-11-30,455.559998,427.144409
2021-12-01,450.500000,422.400055
2021-12-02,457.399994,428.869720
2021-12-03,453.420013,425.137909
2021-12-06,458.790009,430.173004
2021-12-07,468.279999,439.071014
2021-12-08,469.519989,440.233734
2021-12-09,466.350006,437.261414
2021-12-10,470.739990,441.377655
2021-12-13,466.570007,437.467712
2021-12-14,463.359985,434.457916
2021-12-15,470.600006,441.246277
2021-12-16,466.450012,437.355164
2021-12-17,459.869995,432.700439
2021-12-20,454.980011,428.099335
2021-12-21,463.059998,435.701965
2021-12-22,467.690002,440.058441
2021-12-23,470.600006,442.796478
2021-12-27,477.260010,449.063019
2021-12-28,476.869995,448.696106
2021-12-29,477.480011,449.270111
2021-12-30,476.160004,448.028046
2021-12-31,474.959991,446.898956
2022-01-03,477.709991,449.486389
2022-01-04,477.549988,449.335876
2022-01-05,468.380005,440.707642
2022-01-06,467.940002,440.293701
2022-01-07,466.089996,438.552979
2022-01-10,465.510010,438.007324
2022-01-11,469.750000,441.996704
2022-01-12,471.019989,443.191711
2022-01-13,464.529999,437.085205
2022-01-14,464.720001,437.263916
2022-01-18,456.489990,429.520142
2022-01-19,451.750000,425.060181
2022-01-20,446.750000,420.355591
2022-01-21,437.980011,412.103760
2022-01-24,439.839996,413.853821
2022-01-25,434.470001,408.801147
2022-01-26,433.380005,407.775574
2022-01-27,431.239990,405.761993
2022-01-28,441.950012,415.839172
2022-01-31,449.910004,423.328888
2022-02-01,452.950012,426.189301
2022-02-02,457.350006,430.329315
2022-02-03,446.600006,420.214539
2022-02-04,448.700012,422.190399
2022-02-07,447.260010,420.835510
2022-02-08,450.940002,424.298065
2022-02-09,457.540009,430.508118
2022-02-10,449.320007,422.773804
2022-02-11,440.459991,414.437134
2022-02-14,439.019989,413.082214
2022-02-15,446.100006,419.744049
2022-02-16,446.600006,420.214539
2022-02-17,437.059998,411.238068
2022-02-18,434.230011,408.575256
2022-02-22,429.570007,404.190552
2022-02-23,421.950012,397.020813
2022-02-24,428.299988,402.995728
2022-02-25,437.750000,411.887329
2022-02-28,436.630005,410.833496
2022-03-01,429.980011,404.576416
2022-03-02,437.890015,412.019073
2022-03-03,435.709991,409.967834
2022-03-04,432.170013,406.637024
2022-03-07,419.429993,394.649628
2022-03-08,416.250000,391.657562
2022-03-09,427.410004,402.158234
2022-03-10,425.480011,400.342285
2022-03-11,420.070007,395.251953
2022-03-14,417.000000,392.363190
2022-03-15,426.170013,400.991425
2022-03-16,435.619995,409.883148
2022-03-17,441.070007,415.011139
2022-03-18,444.519989,419.556671
2022-03-21,444.390015,419.434021
2022-03-22,449.589996,424.342010
2022-03-23,443.799988,418.877136
2022-03-24,450.489990,425.191406
2022-03-25,452.690002,427.267914
2022-03-28,455.910004,430.307098
2022-03-29,461.549988,435.630341
2022-03-30,458.700012,432.940369
2022-03-31,451.640015,426.276855
2022-04-01,452.920013,427.484955
2022-04-04,456.799988,431.147064
2022-04-05,451.029999,425.701111
2022-04-06,446.519989,421.444427
2022-04-07,448.769989,423.567993
2022-04-08,447.570007,422.435394
2022-04-11,439.920013,415.215057
2022-04-12,438.290009,413.676575
2022-04-13,443.309998,418.414673
2022-04-14,437.790009,413.204620
2022-04-18,437.970001,413.374542
2022-04-19,445.040009,420.047516
2022-04-20,444.709991,419.736023
2022-04-21,438.059998,413.459564
2022-04-22,426.040009,402.114502
2022-04-25,428.510010,404.445862
2022-04-26,416.100006,392.732697
2022-04-27,417.269989,393.836945
2022-04-28,427.809998,403.785095
2022-04-29,412.000000,388.863007
2022-05-02,414.480011,391.203705
2022-05-03,416.380005,392.996979
2022-05-04,429.059998,404.964905
2022-05-05,413.809998,390.571350
2022-05-06,411.339996,388.240082
2022-05-09,398.170013,375.809570
2022-05-10,399.089996,376.677979
2022-05-11,392.750000,370.694000
2022-05-12,392.339996,370.306976
2022-05-13,401.720001,379.160278
2022-05-16,400.089996,377.621765
2022-05-17,408.320007,385.389648
2022-05-18,391.859985,369.854004
2022-05-19,389.459991,367.588776
2022-05-20,389.630005,367.749207
2022-05-23,396.920013,374.629791
2022-05-24,393.890015,371.769989
2022-05-25,397.369995,375.054565
2022-05-26,405.309998,382.548676
2022-05-27,415.260010,391.939911
2022-05-31,412.929993,389.740692
2022-06-01,409.589996,386.588257
2022-06-02,417.390015,393.950287
2022-06-03,410.540009,387.484985
2022-06-06,411.790009,388.664734
2022-06-07,415.739990,392.392914
2022-06-08,411.220001,388.126801
2022-06-09,401.440002,378.896027
2022-06-10,389.799988,367.909637
2022-06-13,375.000000,353.940796
2022-06-14,373.869995,352.874298
2022-06-15,379.200012,357.904999
2022-06-16,366.649994,346.059723
2022-06-17,365.859985,346.805786
2022-06-21,375.070007,355.536072
2022-06-22,374.390015,354.891479
2022-06-23,378.059998,358.370361
2022-06-24,390.079987,369.764374
2022-06-27,388.589996,368.351959
2022-06-28,380.649994,360.825500
2022-06-29,380.339996,360.531586
2022-06-30,377.250000,357.602539
2022-07-01,381.239990,361.384796
2022-07-05,381.959991,362.067230
2022-07-06,383.250000,363.290100
2022-07-07,388.989990,368.731079
2022-07-08,388.670013,368.427856
2022-07-11,384.230011,364.218994
2022-07-12,380.829987,360.996063
2022-07-13,378.829987,359.100159
2022-07-14,377.910004,358.228180
2022-07-15,385.130005,365.072174
2022-07-18,381.950012,362.057831
2022-07-19,392.269989,371.840271
2022-07-20,394.769989,374.210083
2022-07-21,398.790009,378.020752
2022-07-22,395.089996,374.513367
2022-07-25,395.570007,374.968414
2022-07-26,390.890015,370.532196
2022-07-27,401.040009,380.153534
2022-07-28,406.070007,384.921539
2022-07-29,411.989990,390.533295
2022-08-01,410.769989,389.376801
2022-08-02,408.059998,386.807892
2022-08-03,414.450012,392.865204
2022-08-04,414.170013,392.599701
2022-08-05,413.470001,391.936188
2022-08-08,412.989990,391.481140
2022-08-09,411.350006,389.926636
2022-08-10,419.989990,398.116547
2022-08-11,419.989990,398.116547
2022-08-12,427.100006,404.856323
2022-08-15,428.859985,406.524658
2022-08-16,429.700012,407.320953
2022-08-17,426.649994,404.429749
2022-08-18,427.890015,405.605133
2022-08-19,422.140015,400.154633
2022-08-22,413.350006,391.822479
2022-08-23,412.350006,390.874512
2022-08-24,413.670013,392.125763
2022-08-25,419.510010,397.661652
2022-08-26,405.309998,384.201202
2022-08-29,402.630005,381.660767
2022-08-30,398.209991,377.470917
2022-08-31,395.179993,374.598785
2022-09-01,396.420013,375.774200
2022-09-02,392.239990,371.811920
2022-09-06,390.760010,370.408997
2022-09-07,397.779999,377.063385
2022-09-08,400.380005,379.527924
2022-09-09,406.600006,385.424011
2022-09-12,410.970001,389.566376
2022-09-13,393.100006,372.627075
2022-09-14,394.600006,374.048981
2022-09-15,390.119995,369.802246
2022-09-16,385.559998,366.981110
2022-09-19,388.549988,369.826996
2022-09-20,384.089996,365.581879
2022-09-21,377.390015,359.204773
2022-09-22,374.220001,356.187469
2022-09-23,367.950012,350.219666
2022-09-26,364.309998,346.755096
2022-09-27,363.380005,345.869904
2022-09-28,370.529999,352.675323
2022-09-29,362.790009,345.308319
2022-09-30,357.179993,339.968658
2022-10-03,366.609985,348.944214
2022-10-04,377.970001,359.756836
2022-10-05,377.089996,358.919250
2022-10-06,373.200012,355.216675
2022-10-07,362.790009,345.308319
2022-10-10,360.019989,342.671722
2022-10-11,357.739990,340.501709
2022-10-12,356.559998,339.378510
2022-10-13,365.970001,348.334991
2022-10-14,357.630005,340.396942
2022-10-17,366.820007,349.144135
2022-10-18,371.130005,353.246399
2022-10-19,368.500000,350.743134
2022-10-20,365.410004,347.801971
2022-10-21,374.290009,356.254181
2022-10-24,378.869995,360.613434
2022-10-25,384.920013,366.371918
2022-10-26,382.019989,363.611664
2022-10-27,379.980011,361.669952
2022-10-28,389.019989,370.274353
2022-10-31,386.209991,367.599792
2022-11-01,384.519989,365.991180
2022-11-02,374.869995,356.806244
2022-11-03,371.010010,353.132202
2022-11-04,376.350006,358.214874
2022-11-07,379.950012,361.641479
2022-11-08,382.000000,363.592651
2022-11-09,374.130005,356.101807
2022-11-10,394.690002,375.671234
2022-11-11,398.510010,379.307098
2022-11-14,395.119995,376.080444
2022-11-15,398.489990,379.287933
2022-11-16,395.450012,376.394501
2022-11-17,394.239990,375.242798
2022-11-18,396.029999,376.946625
2022-11-21,394.589996,375.576019
2022-11-22,399.899994,380.630066
2022-11-23,402.420013,383.028687
2022-11-25,402.329987,382.942963
2022-11-28,395.910004,376.832336
2022-11-29,395.230011,376.185181
2022-11-30,407.679993,388.035217
2022-12-01,407.380005,387.749695
2022-12-02,406.910004,387.302277
2022-12-05,399.589996,380.335052
2022-12-06,393.829987,374.852539
2022-12-07,393.160004,374.214935
2022-12-08,396.239990,377.146454
2022-12-09,393.279999,374.329132
2022-12-12,398.950012,379.725891
2022-12-13,401.970001,382.600403
2022-12-14,399.399994,380.154175
2022-12-15,389.630005,370.855011
2022-12-16,383.269989,366.476593
2022-12-19,380.019989,363.369019
2022-12-20,380.540009,363.866272
2022-12-21,386.230011,369.306976
2022-12-22,380.720001,364.038330
2022-12-23,382.910004,366.132324
2022-12-27,381.399994,364.688507
2022-12-28,376.660004,360.156189
2022-12-29,383.440002,366.639130
2022-12-30,382.429993,365.673401
2023-01-03,380.820007,364.133942
2023-01-04,383.760010,366.945129
2023-01-05,379.380005,362.757019
2023-01-06,388.079987,371.075806
2023-01-09,387.859985,370.865509
2023-01-10,390.579987,373.466339
2023-01-11,395.519989,378.189850
2023-01-12,396.959991,379.566742
2023-01-13,398.500000,381.039276
2023-01-17,397.769989,380.341278
2023-01-18,391.489990,374.336426
2023-01-19,388.640015,371.611328
2023-01-20,395.880005,378.534149
2023-01-23,400.630005,383.075928
2023-01-24,400.200012,382.664795
2023-01-25,400.350006,382.808228
2023-01-26,404.750000,387.015472
2023-01-27,405.679993,387.904633
2023-01-30,400.589996,383.037659
2023-01-31,406.480011,388.669678
2023-02-01,410.799988,392.800323
2023-02-02,416.779999,398.518311
2023-02-03,412.350006,394.282471
2023-02-06,409.829987,391.872864
2023-02-07,415.190002,396.997955
2023-02-08,410.649994,392.656921
2023-02-09,407.089996,389.252930
2023-02-10,408.040009,390.161285
2023-02-13,412.829987,394.741364
2023-02-14,412.640015,394.559723
2023-02-15,413.980011,395.840973
2023-02-16,408.279999,390.390778
2023-02-17,407.260010,389.415527
2023-02-21,399.089996,381.603455
2023-02-22,398.540009,381.077545
2023-02-23,400.660004,383.104675
2023-02-24,396.380005,379.012146
2023-02-27,397.730011,380.303040
2023-02-28,396.260010,378.897461
2023-03-01,394.739990,377.444000
2023-03-02,397.809998,380.379547
2023-03-03,404.190002,386.479980
2023-03-06,404.470001,386.747772
2023-03-07,398.269989,380.819366
2023-03-08,398.920013,381.440948
2023-03-09,391.559998,374.403412
2023-03-10,385.910004,369.000916
2023-03-13,385.359985,368.474976
2023-03-14,391.730011,374.565918
2023-03-15,389.279999,372.223267
2023-03-16,396.109985,378.753998
2023-03-17,389.989990,374.325348
2023-03-20,393.739990,377.924652
2023-03-21,398.910004,382.887054
2023-03-22,392.109985,376.360199
2023-03-23,393.170013,377.377655
2023-03-24,395.750000,379.853973
2023-03-27,396.489990,380.564240
2023-03-28,395.600006,379.710052
2023-03-29,401.350006,385.229095
2023-03-30,403.700012,387.484711
2023-03-31,409.390015,392.946136
2023-04-03,410.950012,394.443451
2023-04-04,408.670013,392.255066
2023-04-05,407.600006,391.227997
2023-04-06,409.190002,392.754150
2023-04-10,409.609985,393.157288
2023-04-11,409.720001,393.262878
2023-04-12,408.049988,391.659882
2023-04-13,413.470001,396.862213
2023-04-14,412.459991,395.892792
2023-04-17,413.940002,397.313385
2023-04-18,414.209991,397.572449
2023-04-19,414.140015,397.505341
2023-04-20,411.880005,395.336121
2023-04-21,412.200012,395.643219
2023-04-24,412.630005,396.056030
2023-04-25,406.079987,389.769012
2023-04-26,404.359985,388.118103
2023-04-27,412.410004,395.844818
2023-04-28,415.929993,399.223480
2023-05-01,415.510010,398.820312
2023-05-02,410.839996,394.337891
2023-05-03,408.019989,391.631134
2023-05-04,405.130005,388.857239
2023-05-05,412.630005,396.056030
2023-05-08,412.739990,396.161591
2023-05-09,410.929993,394.424286
2023-05-10,412.850006,396.267120
2023-05-11,412.130005,395.576050
2023-05-12,411.589996,395.057770
2023-05-15,413.010010,396.420715
2023-05-16,410.250000,393.771576
2023-05-17,415.230011,398.551514
2023-05-18,419.230011,402.390930
2023-05-19,418.619995,401.805359
2023-05-22,418.790009,401.968536
2023-05-23,414.089996,397.457367
2023-05-24,411.089996,394.577820
2023-05-25,414.649994,397.994873
2023-05-26,420.019989,403.149170
2023-05-30,420.179993,403.302734
2023-05-31,417.850006,401.066315
2023-06-01,421.820007,404.876831
2023-06-02,427.920013,410.731873
2023-06-05,427.100006,409.944794
2023-06-06,428.029999,410.837402
2023-06-07,426.549988,409.416809
2023-06-08,429.130005,411.893250
2023-06-09,429.899994,412.632263
2023-06-12,433.799988,416.375671
2023-06-13,436.660004,419.120728
2023-06-14,437.179993,419.619904
2023-06-15,442.600006,424.822144
2023-06-16,439.459991,423.375183
2023-06-20,437.179993,421.178589
2023-06-21,434.940002,419.020569
2023-06-22,436.510010,420.533112
2023-06-23,433.209991,417.353851
2023-06-26,431.440002,415.648743
2023-06-27,436.170013,420.205566
2023-06-28,436.390015,420.417480
2023-06-29,438.109985,422.074524
2023-06-30,443.279999,427.055328
2023-07-03,443.790009,427.546722
2023-07-05,443.130005,426.910797
2023-07-06,439.660004,423.567841
2023-07-07,438.549988,422.498444
2023-07-10,439.660004,423.567841
2023-07-11,442.459991,426.265320
2023-07-12,446.019989,429.695068
2023-07-13,449.559998,433.105469
2023-07-14,449.279999,432.835754
2023-07-17,450.839996,434.338623
2023-07-18,454.190002,437.565948
2023-07-19,455.200012,438.539001
2023-07-20,452.179993,435.629547
2023-07-21,452.179993,435.629547
2023-07-24,454.200012,437.575592
2023-07-25,455.440002,438.770233
2023-07-26,455.510010,438.837738
2023-07-27,452.489990,435.928223
2023-07-28,456.920013,440.196106
2023-07-31,457.790009,441.034271
2023-08-01,456.480011,439.772186
2023-08-02,450.130005,433.654602
2023-08-03,448.839996,432.411835
2023-08-04,446.809998,430.456177
2023-08-07,450.709991,434.213379
2023-08-08,448.750000,432.325134
2023-08-09,445.750000,429.434937
2023-08-10,445.910004,429.589081
2023-08-11,445.649994,429.338531
2023-08-14,448.109985,431.708557
2023-08-15,442.890015,426.679596
2023-08-16,439.640015,423.548584
2023-08-17,436.290009,420.321228
2023-08-18,436.500000,420.523529
2023-08-21,439.339996,423.259552
2023-08-22,438.149994,422.113037
2023-08-23,443.029999,426.814484
2023-08-24,436.890015,420.899200
2023-08-25,439.970001,423.866547
2023-08-28,442.760010,426.554382
2023-08-29,449.160004,432.720093
2023-08-30,451.010010,434.502411
2023-08-31,450.350006,433.866608
2023-09-01,451.190002,434.675812
2023-09-05,449.239990,432.797211
2023-09-06,446.220001,429.887695
2023-09-07,444.850006,428.567871
2023-09-08,445.519989,429.213348
2023-09-11,448.450012,432.036133
2023-09-12,445.989990,429.666138
2023-09-13,446.510010,430.167114
2023-09-14,450.359985,433.876221
2023-09-15,443.369995,428.648743
2023-09-18,443.630005,428.900055
2023-09-19,442.709991,428.010651
2023-09-20,438.640015,424.075836
2023-09-21,431.390015,417.066559
2023-09-22,430.420013,416.128723
2023-09-25,432.230011,417.878632
2023-09-26,425.880005,411.739441
2023-09-27,426.049988,411.903778
2023-09-28,428.519989,414.291748
2023-09-29,427.480011,413.286316
2023-10-02,427.309998,413.121979
2023-10-03,421.589996,407.591858
2023-10-04,424.660004,410.559906
2023-10-05,424.500000,410.405273
2023-10-06,429.540009,415.277893
2023-10-09,432.290009,417.936584
2023-10-10,434.540009,420.111969
2023-10-11,436.320007,421.832825
2023-10-12,433.660004,419.261139
2023-10-13,431.500000,417.172760
2023-10-16,436.040009,421.562103
2023-10-17,436.019989,421.542755
2023-10-18,430.209991,415.925629
2023-10-19,426.429993,412.271179
2023-10-20,421.190002,407.205139
2023-10-23,420.459991,406.499390
2023-10-24,423.630005,409.564148
2023-10-25,417.549988,403.685974
2023-10-26,412.549988,398.852051
2023-10-27,410.679993,397.044128
2023-10-30,415.589996,401.791077
2023-10-31,418.200012,404.314453
2023-11-01,422.660004,408.626343
2023-11-02,430.760010,416.457397
2023-11-03,434.690002,420.256897
2023-11-06,435.690002,421.223724
2023-11-07,436.929993,422.422516
2023-11-08,437.250000,422.731903
2023-11-09,433.839996,419.435120
2023-11-10,440.609985,425.980347
2023-11-13,440.190002,425.574310
2023-11-14,448.730011,433.830750
2023-11-15,449.679993,434.749176
2023-11-16,450.230011,435.280914
2023-11-17,450.790009,435.822388
2023-11-20,454.260010,439.177124
2023-11-21,453.269989,438.219971
2023-11-22,455.019989,439.911896
2023-11-24,455.299988,440.182648
2023-11-27,454.480011,439.389862
2023-11-28,454.929993,439.824860
2023-11-29,454.609985,439.515533
2023-11-30,456.399994,441.246063
2023-12-01,459.100006,443.856415
2023-12-04,456.690002,441.526459
2023-12-05,456.600006,441.439453
2023-12-06,454.760010,439.660522
2023-12-07,458.230011,443.015350
2023-12-08,460.200012,444.919891
2023-12-11,461.989990,446.650452
2023-12-12,464.100006,448.690430
2023-12-13,470.500000,454.877930
2023-12-14,472.010010,456.337769
2023-12-15,469.329987,455.586456
2023-12-18,471.970001,458.149139
2023-12-19,474.839996,460.935089
2023-12-20,468.260010,454.547760
2023-12-21,472.700012,458.857727
2023-12-22,473.649994,459.779907
2023-12-26,475.649994,461.721313
2023-12-27,476.510010,462.556183
2023-12-28,476.690002,462.730896
2023-12-29,475.309998,461.391296
2024-01-02,472.649994,458.809174
2024-01-03,468.790009,455.062256
2024-01-04,467.279999,453.596405
2024-01-05,467.920013,454.217682
2024-01-08,474.600006,460.702118
2024-01-09,473.880005,460.003235
2024-01-10,476.559998,462.604736
2024-01-11,476.350006,462.400848
2024-01-12,476.679993,462.721191
2024-01-16,474.929993,461.022400
2024-01-17,472.290009,458.459747
2024-01-18,476.489990,462.536774
2024-01-19,482.429993,468.302795
2024-01-22,483.450012,469.292999
2024-01-23,484.859985,470.661652
2024-01-24,485.390015,471.176178
2024-01-25,488.029999,473.738831
2024-01-26,487.410004,473.136963
2024-01-29,491.269989,476.883881
2024-01-30,490.890015,476.515106
2024-01-31,482.880005,468.739685
2024-02-01,489.200012,474.874603
2024-02-02,494.350006,479.873749
2024-02-05,492.549988,478.126465
2024-02-06,493.980011,479.514618
2024-02-07,498.100006,483.513977
2024-02-08,498.320007,483.727478
2024-02-09,501.200012,486.523163
2024-02-12,500.980011,486.309631
2024-02-13,494.079987,479.611664
2024-02-14,498.570007,483.970184
2024-02-15,502.010010,487.309479
2024-02-16,499.510010,484.882751
2024-02-20,496.760010,482.213226
2024-02-21,497.209991,482.650024
2024-02-22,507.500000,492.638702
2024-02-23,507.850006,492.978455
2024-02-26,505.989990,491.172913
2024-02-27,506.929993,492.085358
2024-02-28,506.260010,491.435028
2024-02-29,508.079987,493.201691
2024-03-01,512.849976,497.831970
2024-03-04,512.299988,497.298126
2024-03-05,507.179993,492.328003
2024-03-06,509.750000,494.822784
2024-03-07,514.809998,499.734619
2024-03-08,511.720001,496.735138
2024-03-11,511.279999,496.307983
2024-03-12,516.780029,501.646881
2024-03-13,515.969971,500.860657
2024-03-14,514.950012,499.870514
2024-03-15,509.829987,496.438141
2024-03-18,512.859985,499.388550
2024-03-19,515.710022,502.163696
2024-03-20,520.479980,506.808319
2024-03-21,522.200012,508.483185
2024-03-22,521.210022,507.519165
2024-03-25,519.770020,506.117096
2024-03-26,518.809998,505.182220
2024-03-27,523.169983,509.427673
2024-03-28,523.070007,509.330353
